# ExaEpi hospital-capacity data -- utilities/build_hospital_data.py
# source: HHS COVID-19 Hospital Capacity by Facility (anag-cw7u): staffed inpatient beds (beds) + staffed adult ICU beds (icu_beds)
# state=CA year=2021 level=tract week=2021-12-26
# columns: FIPS TRACT beds icu_beds n_hospitals hosp_FIPS hosp_TRACT
9129
6001 400100 0 0 0 6001 423902
6001 400200 0 0 0 6001 423902
6001 400300 0 0 0 6001 423902
6001 400400 0 0 0 6001 423902
6001 400500 0 0 0 6001 423902
6001 400600 0 0 0 6001 401000
6001 400700 0 0 0 6001 401000
6001 400800 0 0 0 6001 401000
6001 400900 0 0 0 6001 401000
6001 401000 149 0 1 6001 401000
6001 401100 0 0 0 6001 401000
6001 401200 0 0 0 6001 401000
6001 401300 297 36 1 6001 401300
6001 401400 0 0 0 6001 401300
6001 401500 0 0 0 6001 401000
6001 401600 0 0 0 6001 401300
6001 401700 0 0 0 6001 401000
6001 401800 0 0 0 6001 401300
6001 402200 0 0 0 6001 401300
6001 402400 0 0 0 6001 401300
6001 402500 0 0 0 6001 401300
6001 402600 0 0 0 6001 401300
6001 402700 0 0 0 6001 401300
6001 402801 0 0 0 6001 401300
6001 402802 0 0 0 6001 401300
6001 402900 0 0 0 6001 401300
6001 403000 0 0 0 6001 401300
6001 403100 0 0 0 6001 401300
6001 403301 0 0 0 6001 401300
6001 403302 0 0 0 6001 401300
6001 403401 0 0 0 6001 403501
6001 403402 0 0 0 6001 401300
6001 403501 244 16 1 6001 403501
6001 403502 0 0 0 6001 403501
6001 403600 0 0 0 6001 403501
6001 403701 0 0 0 6001 403501
6001 403702 0 0 0 6001 403501
6001 403800 0 0 0 6001 403501
6001 403900 0 0 0 6001 403501
6001 404000 0 0 0 6001 403501
6001 404101 0 0 0 6001 403501
6001 404102 0 0 0 6001 403501
6001 404200 0 0 0 6001 423902
6001 404300 0 0 0 6001 423902
6001 404400 0 0 0 6001 423902
6001 404501 0 0 0 6001 405700
6001 404502 0 0 0 6001 405700
6001 404600 0 0 0 6001 405700
6001 404700 0 0 0 6001 405700
6001 404800 0 0 0 6001 405700
6001 404900 0 0 0 6001 405700
6001 405000 0 0 0 6001 405700
6001 405100 0 0 0 6001 405700
6001 405200 0 0 0 6001 405700
6001 405301 0 0 0 6001 403501
6001 405302 0 0 0 6001 405700
6001 405401 0 0 0 6001 405700
6001 405402 0 0 0 6001 405700
6001 405500 0 0 0 6001 405700
6001 405600 0 0 0 6001 405700
6001 405700 432 33 1 6001 405700
6001 405800 0 0 0 6001 405700
6001 405901 0 0 0 6001 405700
6001 405902 0 0 0 6001 405700
6001 406000 0 0 0 6001 405700
6001 406100 0 0 0 6001 405700
6001 406201 0 0 0 6001 405700
6001 406202 0 0 0 6001 405700
6001 406300 0 0 0 6001 405700
6001 406400 0 0 0 6001 405700
6001 406500 0 0 0 6001 405700
6001 406601 0 0 0 6001 405700
6001 406602 0 0 0 6001 405700
6001 406700 0 0 0 6001 405700
6001 406800 0 0 0 6001 405700
6001 406900 0 0 0 6001 405700
6001 407000 0 0 0 6001 405700
6001 407101 0 0 0 6001 405700
6001 407102 0 0 0 6001 405700
6001 407200 0 0 0 6001 405700
6001 407300 0 0 0 6001 428500
6001 407400 0 0 0 6001 405700
6001 407500 0 0 0 6001 405700
6001 407600 0 0 0 6001 405700
6001 407700 0 0 0 6001 405700
6001 407800 0 0 0 6001 405700
6001 407900 0 0 0 6001 405700
6001 408000 0 0 0 6001 405700
6001 408100 0 0 0 6001 405700
6001 408200 0 0 0 6001 405700
6001 408300 0 0 0 6001 405700
6001 408400 0 0 0 6001 405700
6001 408500 0 0 0 6001 405700
6001 408600 0 0 0 6001 405700
6001 408700 0 0 0 6001 405700
6001 408800 0 0 0 6001 405700
6001 408900 0 0 0 6001 405700
6001 409000 0 0 0 6001 428500
6001 409100 0 0 0 6001 433300
6001 409200 0 0 0 6001 433300
6001 409300 0 0 0 6001 433300
6001 409400 0 0 0 6001 433300
6001 409500 0 0 0 6001 432800
6001 409600 0 0 0 6001 432800
6001 409700 0 0 0 6001 432800
6001 409800 0 0 0 6001 432800
6001 409900 0 0 0 6001 432800
6001 410000 0 0 0 6001 432800
6001 410100 0 0 0 6001 432800
6001 410200 0 0 0 6001 432800
6001 410300 0 0 0 6001 432800
6001 410400 0 0 0 6001 432800
6001 410500 0 0 0 6001 401300
6001 420100 0 0 0 6001 423902
6001 420200 0 0 0 6001 423902
6001 420301 0 0 0 6001 423902
6001 420302 0 0 0 6001 423902
6001 420401 0 0 0 6001 423902
6001 420402 0 0 0 6001 423902
6001 420500 0 0 0 6001 423902
6001 420600 0 0 0 6001 423902
6001 421100 0 0 0 6001 423902
6001 421200 0 0 0 6001 423902
6001 421300 0 0 0 6001 423902
6001 421400 0 0 0 6001 423902
6001 421500 0 0 0 6001 423902
6001 421600 0 0 0 6001 423902
6001 421700 0 0 0 6001 423902
6001 421800 0 0 0 6001 423902
6001 421900 0 0 0 6001 423902
6001 422000 0 0 0 6001 423902
6001 422100 0 0 0 6001 423902
6001 422200 0 0 0 6001 423902
6001 422300 0 0 0 6001 423902
6001 422400 0 0 0 6001 423902
6001 422500 0 0 0 6001 423902
6001 422700 0 0 0 6001 423902
6001 422800 0 0 0 6001 423902
6001 422901 0 0 0 6001 423902
6001 422902 0 0 0 6001 423902
6001 423000 0 0 0 6001 423902
6001 423100 0 0 0 6001 423902
6001 423200 0 0 0 6001 423902
6001 423300 0 0 0 6001 423902
6001 423400 0 0 0 6001 423902
6001 423500 0 0 0 6001 423902
6001 423601 0 0 0 6001 423902
6001 423602 0 0 0 6001 423902
6001 423700 0 0 0 6001 423902
6001 423800 0 0 0 6001 423902
6001 423901 0 0 0 6001 423902
6001 423902 400 30 1 6001 423902
6001 424001 0 0 0 6001 423902
6001 424002 0 0 0 6001 423902
6001 425101 0 0 0 6001 401000
6001 425102 0 0 0 6001 401000
6001 425103 0 0 0 6001 401000
6001 425104 0 0 0 6001 401000
6001 426100 0 0 0 6001 405700
6001 426200 0 0 0 6001 403501
6001 427100 0 0 0 6001 428500
6001 427200 0 0 0 6001 428500
6001 427300 0 0 0 6001 428500
6001 427600 0 0 0 6001 428500
6001 427700 0 0 0 6001 428500
6001 427800 0 0 0 6001 428500
6001 427900 0 0 0 6001 428500
6001 428000 0 0 0 6001 428500
6001 428100 0 0 0 6001 428500
6001 428200 0 0 0 6001 428500
6001 428301 0 0 0 6001 428500
6001 428302 0 0 0 6001 428500
6001 428400 0 0 0 6001 428500
6001 428500 90 8 1 6001 428500
6001 428600 0 0 0 6001 428500
6001 428700 0 0 0 6001 428500
6001 430101 0 0 0 6001 430900
6001 430102 0 0 0 6001 432800
6001 430200 0 0 0 6001 430900
6001 430300 0 0 0 6001 430900
6001 430400 0 0 0 6001 432800
6001 430500 0 0 0 6001 432800
6001 430600 0 0 0 6001 430900
6001 430700 0 0 0 6001 430900
6001 430800 0 0 0 6001 430900
6001 430900 131 24 1 6001 430900
6001 431000 0 0 0 6001 430900
6001 431100 0 0 0 6001 430900
6001 431200 0 0 0 6001 430900
6001 432100 0 0 0 6001 432800
6001 432200 0 0 0 6001 432800
6001 432300 0 0 0 6001 433300
6001 432400 0 0 0 6001 433300
6001 432501 0 0 0 6001 433300
6001 432502 0 0 0 6001 433300
6001 432601 0 0 0 6001 433300
6001 432602 0 0 0 6001 432800
6001 432700 0 0 0 6001 432800
6001 432800 70 10 1 6001 432800
6001 433000 0 0 0 6001 432800
6001 433102 0 0 0 6001 433300
6001 433103 0 0 0 6001 432800
6001 433104 0 0 0 6001 433300
6001 433200 0 0 0 6001 433300
6001 433300 173 15 1 6001 433300
6001 433400 0 0 0 6001 433300
6001 433500 0 0 0 6001 433300
6001 433600 0 0 0 6001 433300
6001 433700 0 0 0 6001 430900
6001 433801 0 0 0 6001 432800
6001 433802 0 0 0 6001 432800
6001 433900 0 0 0 6001 432800
6001 434000 0 0 0 6001 430900
6001 435102 0 0 0 6001 437300
6001 435103 0 0 0 6001 450743
6001 435104 0 0 0 6001 437300
6001 435200 0 0 0 6001 430900
6001 435300 0 0 0 6001 430900
6001 435400 0 0 0 6001 430900
6001 435500 0 0 0 6001 430900
6001 435601 0 0 0 6001 430900
6001 435602 0 0 0 6001 430900
6001 435700 0 0 0 6001 430900
6001 435800 0 0 0 6001 433300
6001 435900 0 0 0 6001 433300
6001 436000 0 0 0 6001 433300
6001 436100 0 0 0 6001 433300
6001 436200 0 0 0 6001 437300
6001 436301 0 0 0 6001 437300
6001 436302 0 0 0 6001 437300
6001 436402 0 0 0 6001 430900
6001 436403 0 0 0 6001 430900
6001 436404 0 0 0 6001 430900
6001 436500 0 0 0 6001 437300
6001 436601 0 0 0 6001 437300
6001 436602 0 0 0 6001 437300
6001 436700 0 0 0 6001 437300
6001 436800 0 0 0 6001 437300
6001 436900 0 0 0 6001 437300
6001 437000 0 0 0 6001 437300
6001 437101 0 0 0 6001 437300
6001 437102 0 0 0 6001 437300
6001 437200 0 0 0 6001 437300
6001 437300 80 12 1 6001 437300
6001 437400 0 0 0 6001 437300
6001 437500 0 0 0 6001 437300
6001 437600 0 0 0 6001 437300
6001 437701 0 0 0 6001 437300
6001 437702 0 0 0 6001 437300
6001 437800 0 0 0 6001 437300
6001 437900 0 0 0 6001 437300
6001 438000 0 0 0 6001 437300
6001 438100 0 0 0 6001 437300
6001 438201 0 0 0 6001 437300
6001 438203 0 0 0 6001 437300
6001 438204 0 0 0 6001 437300
6001 438300 0 0 0 6001 437300
6001 438400 0 0 0 6001 437300
6001 440100 0 0 0 6001 441924
6001 440200 0 0 0 6001 441924
6001 440301 0 0 0 6001 437300
6001 440304 0 0 0 6001 437300
6001 440305 0 0 0 6001 437300
6001 440306 0 0 0 6001 437300
6001 440307 0 0 0 6001 437300
6001 440308 0 0 0 6001 441924
6001 440331 0 0 0 6001 437300
6001 440332 0 0 0 6001 437300
6001 440333 0 0 0 6001 437300
6001 440334 0 0 0 6001 437300
6001 440336 0 0 0 6001 441924
6001 440337 0 0 0 6001 441924
6001 440338 0 0 0 6001 441924
6001 441100 0 0 0 6001 441924
6001 441200 0 0 0 6001 441924
6001 441301 0 0 0 6001 441924
6001 441302 0 0 0 6001 441924
6001 441401 0 0 0 6001 441924
6001 441402 0 0 0 6001 441924
6001 441501 0 0 0 6001 437300
6001 441503 0 0 0 6001 441929
6001 441521 0 0 0 6001 441924
6001 441522 0 0 0 6001 437300
6001 441523 0 0 0 6001 441924
6001 441524 0 0 0 6001 441924
6001 441525 0 0 0 6001 441929
6001 441601 0 0 0 6001 441924
6001 441602 0 0 0 6001 441924
6001 441701 0 0 0 6001 441929
6001 441702 0 0 0 6001 441924
6001 441800 0 0 0 6001 441924
6001 441921 0 0 0 6001 441929
6001 441923 0 0 0 6001 441929
6001 441924 193 28 1 6001 441924
6001 441926 0 0 0 6001 441929
6001 441927 0 0 0 6001 441929
6001 441928 0 0 0 6001 441929
6001 441929 88 8 1 6001 441929
6001 442000 0 0 0 6001 441929
6001 442100 0 0 0 6001 441929
6001 442200 0 0 0 6001 441929
6001 442301 0 0 0 6001 441929
6001 442302 0 0 0 6001 441929
6001 442400 0 0 0 6001 441929
6001 442501 0 0 0 6001 441929
6001 442502 0 0 0 6001 441929
6001 442601 0 0 0 6001 441929
6001 442602 0 0 0 6001 441929
6001 442700 0 0 0 6001 441929
6001 442800 0 0 0 6001 441929
6001 442900 0 0 0 6001 441929
6001 443001 0 0 0 6001 441929
6001 443002 0 0 0 6001 441929
6001 443102 0 0 0 6001 441929
6001 443103 0 0 0 6001 441929
6001 443104 0 0 0 6001 441929
6001 443105 0 0 0 6001 441929
6001 443200 0 0 0 6001 441929
6001 443301 0 0 0 6001 441929
6001 443321 0 0 0 6001 441929
6001 443322 0 0 0 6001 441929
6001 444100 0 0 0 6001 441929
6001 444200 0 0 0 6001 441929
6001 444301 0 0 0 6001 441929
6001 444303 0 0 0 6001 441929
6001 444304 0 0 0 6001 441929
6001 444400 0 0 0 6001 441929
6001 444500 0 0 0 6001 441929
6001 444601 0 0 0 6001 441929
6001 444602 0 0 0 6001 441929
6001 450101 0 0 0 6001 450743
6001 450102 0 0 0 6001 450743
6001 450200 0 0 0 6001 450743
6001 450300 0 0 0 6001 450743
6001 450400 0 0 0 6001 450743
6001 450501 0 0 0 6001 450743
6001 450502 0 0 0 6001 450743
6001 450601 0 0 0 6001 450743
6001 450603 0 0 0 6001 450743
6001 450604 0 0 0 6001 450743
6001 450605 0 0 0 6001 450743
6001 450606 0 0 0 6001 450743
6001 450607 0 0 0 6001 450743
6001 450608 0 0 0 6001 450743
6001 450609 0 0 0 6001 450743
6001 450701 0 0 0 6001 441929
6001 450741 0 0 0 6001 450743
6001 450742 0 0 0 6001 450743
6001 450743 241 22 1 6001 450743
6001 450744 0 0 0 6001 450743
6001 450745 0 0 0 6001 450743
6001 450746 0 0 0 6001 450743
6001 450750 0 0 0 6001 450743
6001 450751 0 0 0 6001 450743
6001 450752 0 0 0 6001 450743
6001 451102 0 0 0 6001 450743
6001 451103 0 0 0 6001 450743
6001 451104 0 0 0 6077 5303
6001 451201 0 0 0 6001 450743
6001 451202 0 0 0 6001 450743
6001 451300 0 0 0 6001 450743
6001 451401 0 0 0 6001 450743
6001 451403 0 0 0 6001 450743
6001 451404 0 0 0 6001 450743
6001 451501 0 0 0 6001 450743
6001 451503 0 0 0 6001 450743
6001 451504 0 0 0 6001 450743
6001 451505 0 0 0 6001 450743
6001 451506 0 0 0 6001 450743
6001 451601 0 0 0 6001 450743
6001 451602 0 0 0 6001 450743
6001 451701 0 0 0 6001 450743
6001 451703 0 0 0 6001 450743
6001 451704 0 0 0 6001 450743
6001 981900 0 0 0 6001 401300
6001 982000 0 0 0 6001 401300
6001 982100 0 0 0 6001 423902
6001 983200 0 0 0 6001 401300
6001 990000 0 0 0 6001 433300
6003 10000 0 0 0 6017 30402
6005 101 0 0 0 6005 500
6005 102 0 0 0 6017 30402
6005 201 0 0 0 6005 500
6005 202 0 0 0 6005 500
6005 301 0 0 0 6005 500
6005 303 0 0 0 6005 500
6005 304 0 0 0 6005 500
6005 401 0 0 0 6005 500
6005 402 0 0 0 6005 500
6005 500 53 6 1 6005 500
6007 102 0 0 0 6007 603
6007 103 0 0 0 6007 603
6007 104 0 0 0 6007 603
6007 201 0 0 0 6007 603
6007 202 0 0 0 6007 603
6007 300 0 0 0 6007 603
6007 401 0 0 0 6007 603
6007 403 0 0 0 6007 603
6007 404 0 0 0 6007 603
6007 501 0 0 0 6007 603
6007 502 0 0 0 6007 603
6007 601 0 0 0 6007 603
6007 603 269 24 1 6007 603
6007 604 0 0 0 6007 603
6007 700 0 0 0 6007 603
6007 800 0 0 0 6007 603
6007 901 0 0 0 6007 603
6007 903 0 0 0 6007 603
6007 904 0 0 0 6007 603
6007 1000 0 0 0 6007 603
6007 1100 0 0 0 6007 603
6007 1200 0 0 0 6007 603
6007 1300 0 0 0 6007 603
6007 1400 0 0 0 6007 603
6007 1500 0 0 0 6007 603
6007 1601 0 0 0 6007 603
6007 1602 0 0 0 6007 603
6007 1702 0 0 0 6007 603
6007 1703 0 0 0 6007 603
6007 1704 0 0 0 6007 603
6007 1800 0 0 0 6007 603
6007 1900 0 0 0 6007 603
6007 2000 0 0 0 6007 603
6007 2100 0 0 0 6007 603
6007 2200 0 0 0 6007 603
6007 2300 0 0 0 6007 2700
6007 2401 0 0 0 6007 2700
6007 2402 0 0 0 6007 2700
6007 2500 0 0 0 6007 2700
6007 2601 0 0 0 6007 2700
6007 2602 0 0 0 6007 2700
6007 2700 152 10 1 6007 2700
6007 2800 0 0 0 6007 2700
6007 2900 0 0 0 6007 2700
6007 3001 0 0 0 6007 2700
6007 3002 0 0 0 6007 2700
6007 3100 0 0 0 6007 2700
6007 3200 0 0 0 6007 2700
6007 3300 0 0 0 6007 2700
6007 3400 0 0 0 6007 3502
6007 3501 0 0 0 6007 3502
6007 3502 24 4 1 6007 3502
6007 3600 0 0 0 6007 3502
6007 3700 0 0 0 6007 2700
6009 121 0 0 0 6109 1200
6009 122 0 0 0 6109 1200
6009 123 0 0 0 6109 1200
6009 124 0 0 0 6109 1200
6009 220 0 0 0 6009 301
6009 221 0 0 0 6005 500
6009 222 0 0 0 6009 301
6009 301 42 8 1 6009 301
6009 302 0 0 0 6009 301
6009 400 0 0 0 6009 301
6009 501 0 0 0 6109 1200
6009 504 0 0 0 6009 301
6009 505 0 0 0 6109 1200
6009 506 0 0 0 6109 1200
6011 100 0 0 0 6011 200
6011 200 30 0 1 6011 200
6011 301 0 0 0 6011 200
6011 302 0 0 0 6033 702
6011 400 0 0 0 6021 10402
6011 500 0 0 0 6011 200
6013 301000 0 0 0 6013 303207
6013 302005 0 0 0 6013 303207
6013 302006 0 0 0 6013 303207
6013 302007 0 0 0 6013 303207
6013 302009 0 0 0 6013 303207
6013 302011 0 0 0 6013 303207
6013 302012 0 0 0 6013 303207
6013 302013 0 0 0 6013 303207
6013 302014 0 0 0 6013 303207
6013 303104 0 0 0 6013 303207
6013 303105 0 0 0 6013 303207
6013 303106 0 0 0 6013 303207
6013 303107 0 0 0 6013 303207
6013 303202 0 0 0 6013 303207
6013 303204 0 0 0 6013 303207
6013 303206 0 0 0 6013 303207
6013 303207 112 7 1 6013 303207
6013 303208 0 0 0 6013 303207
6013 303209 0 0 0 6013 303207
6013 303210 0 0 0 6013 303207
6013 303211 0 0 0 6013 303207
6013 304001 0 0 0 6013 303207
6013 304002 0 0 0 6013 303207
6013 304003 0 0 0 6013 303207
6013 304004 0 0 0 6013 303207
6013 304006 0 0 0 6013 303207
6013 304007 0 0 0 6013 303207
6013 305000 0 0 0 6013 355109
6013 306002 0 0 0 6013 355109
6013 306003 0 0 0 6013 355109
6013 306004 0 0 0 6013 355109
6013 307101 0 0 0 6013 355109
6013 307102 0 0 0 6013 355109
6013 307201 0 0 0 6013 355109
6013 307202 0 0 0 6013 355109
6013 307204 0 0 0 6013 355109
6013 307205 0 0 0 6013 355109
6013 308001 0 0 0 6013 355109
6013 308002 0 0 0 6013 355109
6013 309000 0 0 0 6013 355109
6013 310000 0 0 0 6013 355109
6013 311000 0 0 0 6013 355109
6013 312000 0 0 0 6013 355109
6013 313102 0 0 0 6013 355109
6013 313104 0 0 0 6013 355109
6013 313105 0 0 0 6013 355109
6013 313106 0 0 0 6013 355109
6013 313107 0 0 0 6013 355109
6013 313203 0 0 0 6013 329000
6013 313204 0 0 0 6013 329000
6013 313205 0 0 0 6013 329000
6013 313206 0 0 0 6013 355109
6013 314102 0 0 0 6013 329000
6013 314103 0 0 0 6013 329000
6013 314105 0 0 0 6013 329000
6013 314106 0 0 0 6013 329000
6013 314200 0 0 0 6013 329000
6013 315000 0 0 0 6013 329000
6013 316000 0 0 0 6013 318000
6013 317000 0 0 0 6013 318000
6013 318000 131 18 1 6013 318000
6013 319001 0 0 0 6013 318000
6013 319002 0 0 0 6013 318000
6013 320001 0 0 0 6013 318000
6013 320003 0 0 0 6013 318000
6013 320004 0 0 0 6013 329000
6013 321101 0 0 0 6013 318000
6013 321102 0 0 0 6013 329000
6013 321103 0 0 0 6013 318000
6013 321200 0 0 0 6013 329000
6013 322000 0 0 0 6013 329000
6013 323000 0 0 0 6013 329000
6013 324002 0 0 0 6013 329000
6013 324003 0 0 0 6013 339001
6013 324004 0 0 0 6013 338302
6013 325000 0 0 0 6013 339001
6013 326000 0 0 0 6013 339001
6013 327001 0 0 0 6013 329000
6013 327002 0 0 0 6013 329000
6013 328000 0 0 0 6013 329000
6013 329000 237 38 1 6013 329000
6013 330000 0 0 0 6013 329000
6013 331000 0 0 0 6013 329000
6013 332000 0 0 0 6013 329000
6013 333101 0 0 0 6013 329000
6013 333102 0 0 0 6013 329000
6013 333200 0 0 0 6013 329000
6013 334001 0 0 0 6013 329000
6013 334006 0 0 0 6013 338302
6013 334007 0 0 0 6013 329000
6013 334008 0 0 0 6013 338302
6013 334200 0 0 0 6013 339001
6013 335000 0 0 0 6013 329000
6013 336101 0 0 0 6013 329000
6013 336103 0 0 0 6013 329000
6013 336104 0 0 0 6013 329000
6013 336201 0 0 0 6013 329000
6013 336202 0 0 0 6013 329000
6013 337100 0 0 0 6013 329000
6013 337201 0 0 0 6013 329000
6013 337202 0 0 0 6013 338302
6013 337300 0 0 0 6013 338302
6013 338101 0 0 0 6013 329000
6013 338102 0 0 0 6013 338302
6013 338201 0 0 0 6013 338302
6013 338203 0 0 0 6013 339001
6013 338204 0 0 0 6013 338302
6013 338301 0 0 0 6013 338302
6013 338302 311 48 1 6013 338302
6013 339001 202 14 1 6013 339001
6013 339003 0 0 0 6013 339001
6013 339004 0 0 0 6013 339001
6013 340001 0 0 0 6013 339001
6013 340003 0 0 0 6013 339001
6013 340004 0 0 0 6013 339001
6013 341000 0 0 0 6013 339001
6013 343001 0 0 0 6013 339001
6013 343002 0 0 0 6013 339001
6013 343003 0 0 0 6013 338302
6013 345101 0 0 0 6013 345118
6013 345102 0 0 0 6013 345118
6013 345103 0 0 0 6013 345118
6013 345105 0 0 0 6013 345118
6013 345111 0 0 0 6013 345118
6013 345112 0 0 0 6013 345118
6013 345113 0 0 0 6013 345118
6013 345114 0 0 0 6013 345118
6013 345115 0 0 0 6013 345118
6013 345116 0 0 0 6013 345118
6013 345117 0 0 0 6013 345118
6013 345118 54 12 1 6013 345118
6013 345203 0 0 0 6013 345118
6013 345204 0 0 0 6013 339001
6013 345205 0 0 0 6013 345118
6013 345206 0 0 0 6013 345118
6013 346101 0 0 0 6013 338302
6013 346102 0 0 0 6013 338302
6013 346203 0 0 0 6013 345118
6013 346204 0 0 0 6013 345118
6013 346205 0 0 0 6013 338302
6013 346206 0 0 0 6013 338302
6013 347000 0 0 0 6013 339001
6013 348000 0 0 0 6013 339001
6013 349000 0 0 0 6013 339001
6013 350000 0 0 0 6013 339001
6013 351101 0 0 0 6013 339001
6013 351103 0 0 0 6013 339001
6013 351104 0 0 0 6013 339001
6013 351105 0 0 0 6013 339001
6013 351200 0 0 0 6013 339001
6013 352101 0 0 0 6013 339001
6013 352102 0 0 0 6013 339001
6013 352201 0 0 0 6013 339001
6013 352202 0 0 0 6001 405700
6013 353001 0 0 0 6001 423902
6013 353002 0 0 0 6001 423902
6013 354001 0 0 0 6001 423902
6013 354002 0 0 0 6001 423902
6013 355107 0 0 0 6013 355109
6013 355109 136 12 1 6013 355109
6013 355110 0 0 0 6013 303207
6013 355111 0 0 0 6013 355109
6013 355112 0 0 0 6013 303207
6013 355113 0 0 0 6013 345118
6013 355115 0 0 0 6013 345118
6013 355118 0 0 0 6013 355109
6013 355119 0 0 0 6013 303207
6013 355120 0 0 0 6013 355109
6013 355121 0 0 0 6013 345118
6013 355122 0 0 0 6013 345118
6013 355123 0 0 0 6001 450743
6013 355124 0 0 0 6013 345118
6013 355125 0 0 0 6013 345118
6013 355126 0 0 0 6013 345118
6013 355201 0 0 0 6013 329000
6013 355202 0 0 0 6013 329000
6013 355302 0 0 0 6013 338302
6013 355306 0 0 0 6013 338302
6013 355307 0 0 0 6013 338302
6013 355308 0 0 0 6013 338302
6013 355309 0 0 0 6013 338302
6013 355310 0 0 0 6013 338302
6013 356001 0 0 0 6013 318000
6013 356002 0 0 0 6013 318000
6013 357000 0 0 0 6013 318000
6013 358000 0 0 0 6095 251400
6013 359102 0 0 0 6013 318000
6013 359103 0 0 0 6013 318000
6013 359104 0 0 0 6013 318000
6013 359105 0 0 0 6013 318000
6013 359202 0 0 0 6013 318000
6013 359203 0 0 0 6013 318000
6013 359204 0 0 0 6013 318000
6013 360101 0 0 0 6013 318000
6013 360102 0 0 0 6013 318000
6013 360200 0 0 0 6013 318000
6013 361000 0 0 0 6001 423902
6013 362000 0 0 0 6001 423902
6013 363000 0 0 0 6013 318000
6013 364002 0 0 0 6013 318000
6013 365002 0 0 0 6041 119201
6013 365003 0 0 0 6013 318000
6013 366001 0 0 0 6001 423902
6013 366002 0 0 0 6001 423902
6013 367100 0 0 0 6001 423902
6013 367200 0 0 0 6001 423902
6013 368001 0 0 0 6001 423902
6013 368002 0 0 0 6001 423902
6013 369001 0 0 0 6001 423902
6013 369002 0 0 0 6001 423902
6013 370000 0 0 0 6001 423902
6013 371000 0 0 0 6001 423902
6013 372000 0 0 0 6001 423902
6013 373000 0 0 0 6001 423902
6013 374000 0 0 0 6001 423902
6013 375000 0 0 0 6001 423902
6013 376000 0 0 0 6001 423902
6013 377000 0 0 0 6001 423902
6013 378000 0 0 0 6041 119201
6013 379000 0 0 0 6001 423902
6013 380001 0 0 0 6001 423902
6013 380002 0 0 0 6001 423902
6013 381000 0 0 0 6001 423902
6013 382000 0 0 0 6001 423902
6013 383000 0 0 0 6001 423902
6013 384000 0 0 0 6001 423902
6013 385100 0 0 0 6001 423902
6013 385200 0 0 0 6001 423902
6013 386000 0 0 0 6001 423902
6013 387000 0 0 0 6001 423902
6013 388000 0 0 0 6001 423902
6013 389100 0 0 0 6001 423902
6013 389200 0 0 0 6001 423902
6013 390100 0 0 0 6001 423902
6013 390200 0 0 0 6001 423902
6013 391000 0 0 0 6001 423902
6013 392000 0 0 0 6001 423902
6013 392201 0 0 0 6041 119201
6013 392202 0 0 0 6013 318000
6013 392300 0 0 0 6013 318000
6013 980000 0 0 0 6041 119201
6013 990000 0 0 0 6095 251400
6015 101 0 0 0 6015 104
6015 102 0 0 0 6015 104
6015 104 53 6 1 6015 104
6015 106 0 0 0 6015 104
6015 107 0 0 0 6015 104
6015 201 0 0 0 6015 104
6015 202 0 0 0 6015 104
6015 203 0 0 0 6015 104
6015 990000 0 0 0 6015 104
6017 30201 0 0 0 6017 30402
6017 30202 0 0 0 6017 30402
6017 30301 0 0 0 6017 30402
6017 30302 0 0 0 6017 30402
6017 30402 28 0 1 6017 30402
6017 30403 0 0 0 6017 30402
6017 30404 0 0 0 6017 30402
6017 30502 0 0 0 6017 30402
6017 30504 0 0 0 6017 30402
6017 30506 0 0 0 6017 30402
6017 30507 0 0 0 6017 30402
6017 30601 0 0 0 6061 21603
6017 30603 0 0 0 6017 31200
6017 30604 0 0 0 6017 31200
6017 30605 0 0 0 6017 31200
6017 30606 0 0 0 6061 21603
6017 30701 0 0 0 6067 8402
6017 30706 0 0 0 6067 8506
6017 30709 0 0 0 6067 8506
6017 30710 0 0 0 6067 8506
6017 30711 0 0 0 6067 8506
6017 30712 0 0 0 6067 8506
6017 30801 0 0 0 6067 8506
6017 30804 0 0 0 6017 31200
6017 30807 0 0 0 6067 8506
6017 30808 0 0 0 6067 8506
6017 30809 0 0 0 6067 8506
6017 30810 0 0 0 6067 8506
6017 30811 0 0 0 6067 8506
6017 30812 0 0 0 6017 31200
6017 30901 0 0 0 6017 31200
6017 30902 0 0 0 6017 31200
6017 31000 0 0 0 6017 31200
6017 31100 0 0 0 6017 31200
6017 31200 83 10 1 6017 31200
6017 31301 0 0 0 6017 31200
6017 31302 0 0 0 6017 31200
6017 31404 0 0 0 6017 31200
6017 31405 0 0 0 6017 31200
6017 31406 0 0 0 6017 31200
6017 31407 0 0 0 6017 31200
6017 31408 0 0 0 6017 31200
6017 31409 0 0 0 6017 31200
6017 31503 0 0 0 6017 31200
6017 31504 0 0 0 6017 31200
6017 31505 0 0 0 6017 31200
6017 31506 0 0 0 6017 31200
6017 31601 0 0 0 6017 30402
6017 31602 0 0 0 6017 30402
6017 31700 0 0 0 6067 8506
6017 31800 0 0 0 6067 8506
6017 31900 0 0 0 6017 30402
6017 32001 0 0 0 6017 30402
6017 32002 0 0 0 6017 30402
6017 990000 0 0 0 6017 30402
6019 100 0 0 0 6019 502
6019 200 0 0 0 6019 502
6019 300 0 0 0 6019 502
6019 400 0 0 0 6019 502
6019 501 0 0 0 6019 502
6019 502 683 84 1 6019 502
6019 601 0 0 0 6019 502
6019 602 0 0 0 6019 502
6019 701 0 0 0 6019 502
6019 702 0 0 0 6019 502
6019 901 0 0 0 6019 502
6019 902 0 0 0 6019 502
6019 1000 0 0 0 6019 502
6019 1100 0 0 0 6019 502
6019 1201 0 0 0 6019 502
6019 1202 0 0 0 6019 502
6019 1301 0 0 0 6019 502
6019 1303 0 0 0 6019 502
6019 1304 0 0 0 6019 502
6019 1407 0 0 0 6019 502
6019 1408 0 0 0 6019 502
6019 1409 0 0 0 6019 502
6019 1411 0 0 0 6019 502
6019 1412 0 0 0 6019 5907
6019 1413 0 0 0 6019 502
6019 1415 0 0 0 6019 502
6019 1416 0 0 0 6019 502
6019 1417 0 0 0 6019 502
6019 1418 0 0 0 6019 502
6019 1500 0 0 0 6019 502
6019 1600 0 0 0 6019 502
6019 1700 0 0 0 6019 502
6019 1800 0 0 0 6019 502
6019 2000 0 0 0 6019 502
6019 2100 0 0 0 6019 502
6019 2200 0 0 0 6019 502
6019 2300 0 0 0 6019 502
6019 2400 0 0 0 6019 502
6019 2501 0 0 0 6019 502
6019 2502 0 0 0 6019 502
6019 2601 0 0 0 6019 502
6019 2602 0 0 0 6019 502
6019 2701 0 0 0 6019 502
6019 2702 0 0 0 6019 502
6019 2800 0 0 0 6019 502
6019 2903 0 0 0 6019 502
6019 2904 0 0 0 6019 502
6019 2905 0 0 0 6019 502
6019 2906 0 0 0 6019 502
6019 3001 0 0 0 6019 502
6019 3003 0 0 0 6019 502
6019 3004 0 0 0 6019 502
6019 3102 0 0 0 6019 5406
6019 3103 0 0 0 6019 5406
6019 3104 0 0 0 6019 502
6019 3201 0 0 0 6019 502
6019 3202 0 0 0 6019 502
6019 3301 0 0 0 6019 502
6019 3302 0 0 0 6019 502
6019 3401 0 0 0 6019 502
6019 3402 0 0 0 6019 502
6019 3500 0 0 0 6019 502
6019 3600 0 0 0 6019 502
6019 3701 0 0 0 6019 502
6019 3702 0 0 0 6019 502
6019 3804 0 0 0 6019 502
6019 3805 0 0 0 6019 502
6019 3807 0 0 0 6019 502
6019 3808 0 0 0 6019 502
6019 3809 0 0 0 6019 502
6019 3810 0 0 0 6019 502
6019 3811 0 0 0 6019 502
6019 3812 0 0 0 6019 502
6019 3900 0 0 0 6039 1100
6019 4003 0 0 0 6039 510
6019 4004 0 0 0 6039 510
6019 4005 0 0 0 6019 502
6019 4006 0 0 0 6039 510
6019 4100 0 0 0 6039 510
6019 4205 0 0 0 6019 5406
6019 4208 0 0 0 6019 4411
6019 4210 0 0 0 6019 4411
6019 4211 0 0 0 6019 4411
6019 4212 0 0 0 6019 4411
6019 4213 0 0 0 6019 4411
6019 4214 0 0 0 6019 4411
6019 4215 0 0 0 6019 4411
6019 4216 0 0 0 6019 4411
6019 4217 0 0 0 6019 4411
6019 4218 0 0 0 6019 4411
6019 4301 0 0 0 6019 4411
6019 4302 0 0 0 6019 4411
6019 4303 0 0 0 6019 5406
6019 4404 0 0 0 6019 4406
6019 4405 0 0 0 6019 4406
6019 4406 118 12 1 6019 4406
6019 4409 0 0 0 6019 4411
6019 4410 0 0 0 6019 4411
6019 4411 57 9 1 6019 4411
6019 4503 0 0 0 6019 4406
6019 4504 0 0 0 6019 5406
6019 4505 0 0 0 6019 5406
6019 4506 0 0 0 6019 5406
6019 4601 0 0 0 6019 5406
6019 4602 0 0 0 6019 5406
6019 4703 0 0 0 6019 502
6019 4704 0 0 0 6019 502
6019 4705 0 0 0 6019 5406
6019 4706 0 0 0 6019 5406
6019 4801 0 0 0 6019 502
6019 4802 0 0 0 6019 502
6019 4901 0 0 0 6019 502
6019 4902 0 0 0 6019 502
6019 5000 0 0 0 6019 5406
6019 5100 0 0 0 6019 502
6019 5202 0 0 0 6019 5406
6019 5203 0 0 0 6019 502
6019 5204 0 0 0 6019 5406
6019 5301 0 0 0 6019 5406
6019 5302 0 0 0 6019 5406
6019 5304 0 0 0 6019 5406
6019 5305 0 0 0 6019 5406
6019 5403 0 0 0 6019 5406
6019 5405 0 0 0 6019 5406
6019 5406 320 41 1 6019 5406
6019 5407 0 0 0 6019 5406
6019 5408 0 0 0 6019 5406
6019 5409 0 0 0 6019 5406
6019 5410 0 0 0 6019 5406
6019 5503 0 0 0 6019 4411
6019 5504 0 0 0 6019 4411
6019 5505 0 0 0 6019 4406
6019 5507 0 0 0 6019 4406
6019 5508 0 0 0 6019 4406
6019 5509 0 0 0 6019 5406
6019 5512 0 0 0 6019 5907
6019 5513 0 0 0 6019 5907
6019 5514 0 0 0 6019 5406
6019 5515 0 0 0 6019 5907
6019 5516 0 0 0 6019 4411
6019 5518 0 0 0 6019 5907
6019 5520 0 0 0 6019 5907
6019 5522 0 0 0 6019 5907
6019 5524 0 0 0 6019 4406
6019 5525 0 0 0 6019 5907
6019 5526 0 0 0 6019 5406
6019 5527 0 0 0 6019 4406
6019 5528 0 0 0 6019 4411
6019 5529 0 0 0 6019 4411
6019 5602 0 0 0 6019 5907
6019 5605 0 0 0 6019 5406
6019 5606 0 0 0 6019 5406
6019 5607 0 0 0 6019 5406
6019 5608 0 0 0 6019 5406
6019 5701 0 0 0 6019 5907
6019 5702 0 0 0 6019 5907
6019 5703 0 0 0 6019 5907
6019 5704 0 0 0 6019 5907
6019 5801 0 0 0 6019 5907
6019 5802 0 0 0 6019 5907
6019 5804 0 0 0 6019 5907
6019 5805 0 0 0 6019 5907
6019 5904 0 0 0 6019 5907
6019 5906 0 0 0 6019 5907
6019 5907 231 24 1 6019 5907
6019 5911 0 0 0 6019 5907
6019 5912 0 0 0 6019 5907
6019 5913 0 0 0 6019 5907
6019 5914 0 0 0 6019 5907
6019 5915 0 0 0 6019 5907
6019 5916 0 0 0 6019 5907
6019 6001 0 0 0 6019 5907
6019 6002 0 0 0 6019 6603
6019 6101 0 0 0 6019 6603
6019 6102 0 0 0 6019 6603
6019 6201 0 0 0 6019 6603
6019 6202 0 0 0 6019 6603
6019 6301 0 0 0 6019 6603
6019 6302 0 0 0 6019 6603
6019 6405 0 0 0 6019 5907
6019 6406 0 0 0 6019 5907
6019 6407 0 0 0 6019 5907
6019 6408 0 0 0 6051 201
6019 6409 0 0 0 6051 201
6019 6410 0 0 0 6019 6603
6019 6411 0 0 0 6019 6603
6019 6501 0 0 0 6019 6603
6019 6502 0 0 0 6019 6603
6019 6602 0 0 0 6019 6603
6019 6603 26 0 1 6019 6603
6019 6605 0 0 0 6019 6603
6019 6606 0 0 0 6019 6603
6019 6700 0 0 0 6019 6603
6019 6802 0 0 0 6019 6603
6019 6900 0 0 0 6019 6603
6019 7002 0 0 0 6019 6603
6019 7003 0 0 0 6019 6603
6019 7004 0 0 0 6019 6603
6019 7101 0 0 0 6019 6603
6019 7102 0 0 0 6019 6603
6019 7202 0 0 0 6019 6603
6019 7203 0 0 0 6019 6603
6019 7204 0 0 0 6019 6603
6019 7300 0 0 0 6019 6603
6019 7400 0 0 0 6031 1002
6019 7500 0 0 0 6019 502
6019 7600 0 0 0 6019 502
6019 7700 0 0 0 6031 1002
6019 7801 0 0 0 6031 1002
6019 7802 0 0 0 6031 1002
6019 7903 0 0 0 6053 11306
6019 8000 0 0 0 6031 1002
6019 8100 0 0 0 6031 1002
6019 8200 0 0 0 6039 1100
6019 8301 0 0 0 6039 1100
6019 8303 0 0 0 6039 1100
6019 8304 0 0 0 6039 1100
6019 8402 0 0 0 6047 2201
6019 8403 0 0 0 6039 1100
6019 8404 0 0 0 6039 1100
6019 8405 0 0 0 6039 1100
6019 8501 0 0 0 6019 6603
6019 8503 0 0 0 6019 6603
6019 8504 0 0 0 6019 6603
6019 8600 0 0 0 6019 502
6021 10101 0 0 0 6021 10402
6021 10102 0 0 0 6021 10402
6021 10200 0 0 0 6021 10402
6021 10300 0 0 0 6021 10402
6021 10401 0 0 0 6021 10402
6021 10402 47 0 1 6021 10402
6021 10501 0 0 0 6007 603
6021 10502 0 0 0 6021 10402
6023 100 0 0 0 6023 600
6023 200 0 0 0 6023 600
6023 300 0 0 0 6023 600
6023 400 0 0 0 6023 600
6023 500 0 0 0 6023 600
6023 600 145 12 1 6023 600
6023 700 0 0 0 6023 600
6023 800 0 0 0 6023 600
6023 900 0 0 0 6023 600
6023 1001 0 0 0 6023 1102
6023 1002 0 0 0 6023 1102
6023 1102 21 5 1 6023 1102
6023 1103 0 0 0 6023 1102
6023 1200 0 0 0 6023 10901
6023 1300 0 0 0 6023 1102
6023 10102 0 0 0 6023 1102
6023 10200 0 0 0 6023 1102
6023 10300 0 0 0 6023 1102
6023 10400 0 0 0 6023 1102
6023 10502 0 0 0 6023 1102
6023 10503 0 0 0 6023 1102
6023 10504 0 0 0 6023 1102
6023 10600 0 0 0 6023 600
6023 10701 0 0 0 6023 600
6023 10702 0 0 0 6023 10901
6023 10800 0 0 0 6023 10901
6023 10901 30 4 1 6023 10901
6023 10902 0 0 0 6023 10901
6023 11000 0 0 0 6023 10901
6023 11100 0 0 0 6023 10901
6023 11200 0 0 0 6023 10901
6023 11501 0 0 0 6023 11600
6023 11502 0 0 0 6023 11600
6023 11600 8 0 1 6023 11600
6023 940000 0 0 0 6023 1102
6023 990100 0 0 0 6023 600
6025 10101 0 0 0 6025 10600
6025 10102 0 0 0 6025 10600
6025 10200 0 0 0 6025 10600
6025 10300 0 0 0 6025 10600
6025 10401 0 0 0 6025 10600
6025 10402 0 0 0 6025 10600
6025 10500 0 0 0 6025 10600
6025 10600 104 12 1 6025 10600
6025 10700 0 0 0 6025 10600
6025 10800 0 0 0 6025 11700
6025 10900 0 0 0 6025 11700
6025 11001 0 0 0 6025 11700
6025 11002 0 0 0 6025 11700
6025 11100 0 0 0 6025 11700
6025 11201 0 0 0 6025 11700
6025 11202 0 0 0 6025 11700
6025 11301 0 0 0 6025 11700
6025 11302 0 0 0 6025 11700
6025 11303 0 0 0 6025 11700
6025 11400 0 0 0 6025 11700
6025 11500 0 0 0 6025 11700
6025 11600 0 0 0 6025 11700
6025 11700 113 20 1 6025 11700
6025 11801 0 0 0 6025 11700
6025 11802 0 0 0 6025 11700
6025 11803 0 0 0 6025 11700
6025 11901 0 0 0 6025 11700
6025 11902 0 0 0 6025 11700
6025 11903 0 0 0 6025 11700
6025 12001 0 0 0 6025 11700
6025 12003 0 0 0 6025 11700
6025 12004 0 0 0 6025 11700
6025 12101 0 0 0 6025 11700
6025 12102 0 0 0 6025 11700
6025 12201 0 0 0 6025 11700
6025 12202 0 0 0 6025 11700
6025 12301 0 0 0 6025 10600
6025 12302 0 0 0 6025 10600
6025 12400 0 0 0 6025 10600
6025 940000 0 0 0 6025 11700
6027 100 0 0 0 6027 400
6027 200 0 0 0 6027 400
6027 300 0 0 0 6027 400
6027 400 25 0 1 6027 400
6027 500 0 0 0 6027 400
6027 800 4 0 1 6027 800
6029 102 0 0 0 6029 202
6029 103 0 0 0 6029 202
6029 104 0 0 0 6029 202
6029 105 0 0 0 6029 202
6029 106 0 0 0 6029 202
6029 201 0 0 0 6029 202
6029 202 39 4 1 6029 202
6029 300 0 0 0 6029 202
6029 400 0 0 0 6029 202
6029 504 0 0 0 6029 202
6029 505 0 0 0 6029 507
6029 506 0 0 0 6029 507
6029 507 38 7 1 6029 507
6029 508 0 0 0 6029 202
6029 509 0 0 0 6029 202
6029 510 0 0 0 6029 202
6029 601 240 26 1 6029 601
6029 602 0 0 0 6029 601
6029 603 0 0 0 6029 601
6029 701 0 0 0 6029 601
6029 702 0 0 0 6029 601
6029 800 0 0 0 6029 1201
6029 902 0 0 0 6029 1201
6029 903 0 0 0 6029 1201
6029 904 0 0 0 6029 1201
6029 905 0 0 0 6029 1201
6029 906 0 0 0 6029 1201
6029 907 0 0 0 6029 1201
6029 908 0 0 0 6029 1201
6029 909 0 0 0 6029 1201
6029 911 0 0 0 6029 1201
6029 912 0 0 0 6029 1201
6029 913 0 0 0 6029 1201
6029 914 0 0 0 6029 1201
6029 1001 0 0 0 6029 1201
6029 1002 0 0 0 6029 1201
6029 1003 0 0 0 6029 1201
6029 1101 0 0 0 6029 1201
6029 1104 0 0 0 6029 1201
6029 1105 0 0 0 6029 1201
6029 1106 0 0 0 6029 1201
6029 1107 0 0 0 6029 1201
6029 1201 154 18 1 6029 1201
6029 1202 0 0 0 6029 1201
6029 1301 0 0 0 6029 1201
6029 1302 0 0 0 6029 1600
6029 1401 0 0 0 6029 1201
6029 1402 0 0 0 6029 1201
6029 1500 0 0 0 6029 1201
6029 1600 225 26 1 6029 1600
6029 1700 184 28 1 6029 1700
6029 1801 0 0 0 6029 1700
6029 1803 0 0 0 6029 507
6029 1804 0 0 0 6029 507
6029 1901 0 0 0 6029 1700
6029 1902 0 0 0 6029 1600
6029 2001 0 0 0 6029 1600
6029 2002 0 0 0 6029 1600
6029 2100 0 0 0 6029 1600
6029 2201 0 0 0 6029 1600
6029 2202 0 0 0 6029 1600
6029 2302 0 0 0 6029 1201
6029 2303 0 0 0 6029 1201
6029 2304 0 0 0 6029 1201
6029 2305 0 0 0 6029 1201
6029 2401 0 0 0 6029 1201
6029 2402 0 0 0 6029 1201
6029 2403 0 0 0 6029 1201
6029 2501 0 0 0 6029 1600
6029 2502 0 0 0 6029 1600
6029 2503 0 0 0 6029 1600
6029 2600 0 0 0 6029 1600
6029 2701 0 0 0 6029 1700
6029 2702 0 0 0 6029 1700
6029 2804 0 0 0 6029 507
6029 2806 0 0 0 6029 507
6029 2807 0 0 0 6029 507
6029 2811 0 0 0 6029 507
6029 2813 0 0 0 6029 1700
6029 2814 0 0 0 6029 1700
6029 2815 0 0 0 6029 1700
6029 2816 0 0 0 6029 1700
6029 2817 0 0 0 6029 1700
6029 2818 0 0 0 6029 507
6029 2819 0 0 0 6029 507
6029 2820 0 0 0 6029 507
6029 2821 0 0 0 6029 507
6029 2822 0 0 0 6029 507
6029 2823 0 0 0 6029 507
6029 2824 0 0 0 6029 1700
6029 2825 0 0 0 6029 1700
6029 2901 0 0 0 6029 1600
6029 2902 0 0 0 6029 1600
6029 3001 0 0 0 6029 1600
6029 3002 0 0 0 6029 1600
6029 3103 0 0 0 6029 1600
6029 3112 0 0 0 6029 1700
6029 3113 0 0 0 6029 1600
6029 3124 0 0 0 6029 1700
6029 3125 0 0 0 6029 1600
6029 3126 0 0 0 6029 1600
6029 3127 0 0 0 6029 1600
6029 3128 0 0 0 6029 1600
6029 3129 0 0 0 6029 507
6029 3130 0 0 0 6029 1700
6029 3131 0 0 0 6029 507
6029 3132 0 0 0 6029 1700
6029 3133 0 0 0 6029 1700
6029 3134 0 0 0 6029 507
6029 3135 0 0 0 6029 507
6029 3136 0 0 0 6029 1600
6029 3137 0 0 0 6029 1600
6029 3203 0 0 0 6029 507
6029 3207 0 0 0 6029 1600
6029 3208 0 0 0 6029 1600
6029 3209 0 0 0 6029 1700
6029 3210 0 0 0 6029 1700
6029 3211 0 0 0 6029 1600
6029 3212 0 0 0 6029 507
6029 3213 0 0 0 6029 507
6029 3214 0 0 0 6029 1600
6029 3215 0 0 0 6029 1600
6029 3216 0 0 0 6029 1600
6029 3217 0 0 0 6029 1700
6029 3218 0 0 0 6029 1700
6029 3219 0 0 0 6029 1700
6029 3220 0 0 0 6029 1700
6029 3221 0 0 0 6029 507
6029 3222 0 0 0 6029 1700
6029 3303 0 0 0 6029 507
6029 3304 0 0 0 6029 507
6029 3305 0 0 0 6111 901
6029 3307 0 0 0 6029 1700
6029 3308 0 0 0 6111 901
6029 3400 0 0 0 6029 507
6029 3500 0 0 0 6029 507
6029 3600 0 0 0 6029 507
6029 3806 0 0 0 6029 507
6029 3807 0 0 0 6029 507
6029 3808 0 0 0 6029 507
6029 3810 0 0 0 6029 507
6029 3811 0 0 0 6029 507
6029 3812 0 0 0 6029 507
6029 3814 0 0 0 6029 507
6029 3815 0 0 0 6029 507
6029 3816 0 0 0 6029 507
6029 3817 0 0 0 6029 507
6029 3818 0 0 0 6029 507
6029 3819 0 0 0 6029 507
6029 3820 0 0 0 6029 507
6029 3821 0 0 0 6029 507
6029 3822 0 0 0 6029 507
6029 3823 0 0 0 6029 507
6029 3824 0 0 0 6029 507
6029 3825 0 0 0 6029 507
6029 3826 0 0 0 6029 507
6029 3827 0 0 0 6029 507
6029 3900 0 0 0 6029 202
6029 4001 0 0 0 6029 202
6029 4002 0 0 0 6029 202
6029 4101 0 0 0 6029 202
6029 4102 0 0 0 6029 202
6029 4302 0 0 0 6029 5003
6029 4303 0 0 0 6029 5003
6029 4304 0 0 0 6029 5003
6029 4305 0 0 0 6029 5003
6029 4402 0 0 0 6029 5003
6029 4403 0 0 0 6029 5003
6029 4404 0 0 0 6029 5003
6029 4500 0 0 0 6029 5003
6029 4601 0 0 0 6029 5003
6029 4603 0 0 0 6029 5003
6029 4605 0 0 0 6029 5003
6029 4606 0 0 0 6029 5003
6029 4607 0 0 0 6029 5003
6029 4702 0 0 0 6029 5003
6029 4703 0 0 0 6029 5003
6029 4704 0 0 0 6029 5003
6029 4801 0 0 0 6029 5003
6029 4802 0 0 0 6029 5003
6029 4901 0 0 0 6029 5003
6029 4903 0 0 0 6029 5003
6029 4904 0 0 0 6029 5003
6029 5003 33 9 1 6029 5003
6029 5005 0 0 0 6029 5003
6029 5006 0 0 0 6029 5003
6029 5103 0 0 0 6029 202
6029 5104 0 0 0 6029 1201
6029 5203 10 0 1 6029 5203
6029 5205 0 0 0 6029 5203
6029 5206 0 0 0 6029 6004
6029 5207 0 0 0 6029 5203
6029 5208 0 0 0 6029 1201
6029 5300 0 0 0 6029 5406
6029 5402 0 0 0 6029 5406
6029 5405 0 0 0 6029 5406
6029 5406 25 4 1 6029 5406
6029 5407 0 0 0 6029 5406
6029 5408 0 0 0 6029 5406
6029 5409 0 0 0 6029 5406
6029 5410 0 0 0 6029 5406
6029 5508 0 0 0 6029 6004
6029 5509 0 0 0 6029 5406
6029 5510 0 0 0 6029 5406
6029 5511 0 0 0 6029 6004
6029 5512 0 0 0 6029 6004
6029 5513 0 0 0 6037 900703
6029 5514 0 0 0 6037 900703
6029 5600 0 0 0 6037 900703
6029 5700 0 0 0 6037 900703
6029 5803 0 0 0 6037 900703
6029 5804 0 0 0 6037 900703
6029 5805 0 0 0 6037 900703
6029 5806 0 0 0 6037 900703
6029 5900 0 0 0 6029 6004
6029 6002 0 0 0 6029 6004
6029 6003 0 0 0 6029 6004
6029 6004 19 0 1 6029 6004
6029 6006 0 0 0 6029 6004
6029 6009 0 0 0 6029 6004
6029 6010 0 0 0 6029 6004
6029 6011 0 0 0 6029 6004
6029 6012 0 0 0 6029 6004
6029 6101 0 0 0 6029 6004
6029 6102 0 0 0 6029 6004
6029 6201 0 0 0 6029 1201
6029 6202 0 0 0 6029 1201
6029 6301 0 0 0 6029 1201
6029 6303 0 0 0 6029 1201
6029 6304 0 0 0 6029 1201
6029 6403 0 0 0 6029 1201
6029 6404 0 0 0 6029 1201
6029 6405 0 0 0 6029 1201
6029 6406 0 0 0 6029 1201
6029 6500 0 0 0 6029 6004
6029 6600 0 0 0 6029 507
6031 100 0 0 0 6031 1002
6031 200 0 0 0 6031 1002
6031 402 0 0 0 6031 1002
6031 403 0 0 0 6031 1002
6031 405 0 0 0 6031 1002
6031 406 0 0 0 6031 1002
6031 407 0 0 0 6031 1002
6031 500 0 0 0 6031 1002
6031 602 0 0 0 6031 1002
6031 603 0 0 0 6031 1002
6031 604 0 0 0 6031 1002
6031 701 0 0 0 6031 1002
6031 702 0 0 0 6031 1002
6031 800 0 0 0 6031 1002
6031 901 0 0 0 6031 1002
6031 902 0 0 0 6031 1002
6031 1001 0 0 0 6031 1002
6031 1002 147 13 1 6031 1002
6031 1003 0 0 0 6031 1002
6031 1100 0 0 0 6031 1002
6031 1200 0 0 0 6031 1002
6031 1300 0 0 0 6107 2303
6031 1401 0 0 0 6107 2303
6031 1402 0 0 0 6107 2303
6031 1500 0 0 0 6107 2303
6031 1601 0 0 0 6031 1002
6031 1702 0 0 0 6031 1002
6031 1703 0 0 0 6031 1002
6031 980000 0 0 0 6031 1002
6031 980100 0 0 0 6107 2303
6031 981800 0 0 0 6031 1002
6033 100 0 0 0 6045 11502
6033 300 27 4 1 6033 300
6033 401 0 0 0 6033 300
6033 402 0 0 0 6033 300
6033 501 0 0 0 6033 300
6033 502 0 0 0 6033 300
6033 601 0 0 0 6033 702
6033 602 0 0 0 6033 702
6033 702 25 4 1 6033 702
6033 703 0 0 0 6033 702
6033 704 0 0 0 6033 702
6033 801 0 0 0 6033 702
6033 802 0 0 0 6033 702
6033 901 0 0 0 6033 702
6033 902 0 0 0 6033 300
6033 1000 0 0 0 6033 300
6033 1101 0 0 0 6033 300
6033 1102 0 0 0 6033 702
6033 1200 0 0 0 6033 702
6033 1301 0 0 0 6033 702
6033 1302 0 0 0 6033 702
6035 40100 0 0 0 6035 40303
6035 40200 0 0 0 6035 40303
6035 40302 0 0 0 6035 40303
6035 40303 25 0 1 6035 40303
6035 40304 0 0 0 6035 40303
6035 40305 0 0 0 6035 40303
6035 40400 0 0 0 6035 40303
6035 40500 0 0 0 6035 40303
6035 40600 0 0 0 6063 300
6037 101110 0 0 0 6037 121210
6037 101122 0 0 0 6037 121210
6037 101220 0 0 0 6037 300800
6037 101221 0 0 0 6037 300800
6037 101222 0 0 0 6037 300800
6037 101300 0 0 0 6037 300800
6037 101400 0 0 0 6037 300800
6037 102103 0 0 0 6037 121210
6037 102104 0 0 0 6037 121210
6037 102105 0 0 0 6037 121210
6037 102107 0 0 0 6037 121210
6037 103101 0 0 0 6037 121210
6037 103102 0 0 0 6037 121210
6037 103201 0 0 0 6037 121210
6037 103202 0 0 0 6037 121210
6037 103300 0 0 0 6037 121210
6037 103401 0 0 0 6037 121210
6037 103402 0 0 0 6037 121210
6037 104103 0 0 0 6037 121210
6037 104105 0 0 0 6037 121210
6037 104108 0 0 0 6037 121210
6037 104124 0 0 0 6037 121210
6037 104201 0 0 0 6037 109100
6037 104203 0 0 0 6037 121210
6037 104204 0 0 0 6037 121210
6037 104310 0 0 0 6037 109100
6037 104321 0 0 0 6037 121210
6037 104322 0 0 0 6037 109100
6037 104401 0 0 0 6037 109100
6037 104403 0 0 0 6037 109100
6037 104404 0 0 0 6037 109100
6037 104500 0 0 0 6037 121210
6037 104610 0 0 0 6037 121210
6037 104620 0 0 0 6037 121210
6037 104701 0 0 0 6037 121210
6037 104703 0 0 0 6037 121210
6037 104704 0 0 0 6037 121210
6037 104821 0 0 0 6037 121210
6037 104822 0 0 0 6037 121210
6037 104823 0 0 0 6037 121210
6037 104824 0 0 0 6037 121210
6037 106010 233 11 1 6037 106010
6037 106020 0 0 0 6037 106010
6037 106111 0 0 0 6037 106010
6037 106112 0 0 0 6037 106010
6037 106113 0 0 0 6037 106010
6037 106114 0 0 0 6037 106010
6037 106403 0 0 0 6037 106010
6037 106405 0 0 0 6037 106010
6037 106406 0 0 0 6037 106010
6037 106407 0 0 0 6037 106010
6037 106408 0 0 0 6037 106010
6037 106510 0 0 0 6037 106010
6037 106520 0 0 0 6037 106010
6037 106603 0 0 0 6037 109100
6037 106604 0 0 0 6037 109100
6037 106641 0 0 0 6037 109100
6037 106642 0 0 0 6037 109100
6037 106643 0 0 0 6037 109100
6037 106645 0 0 0 6037 109100
6037 106646 0 0 0 6037 109100
6037 106648 0 0 0 6037 109100
6037 106649 0 0 0 6037 109100
6037 107010 0 0 0 6037 106010
6037 107020 0 0 0 6037 109100
6037 108101 0 0 0 6037 109100
6037 108102 0 0 0 6037 131400
6037 108103 0 0 0 6037 109100
6037 108104 0 0 0 6037 109100
6037 108202 0 0 0 6037 131400
6037 108203 0 0 0 6037 109100
6037 108204 0 0 0 6037 131400
6037 109100 272 34 1 6037 109100
6037 109200 0 0 0 6037 109100
6037 109300 0 0 0 6037 109100
6037 109400 0 0 0 6037 109100
6037 109500 0 0 0 6037 109100
6037 109601 0 0 0 6037 109100
6037 109603 0 0 0 6037 109100
6037 109604 0 0 0 6037 109100
6037 109700 0 0 0 6037 109100
6037 109800 0 0 0 6037 109100
6037 111100 0 0 0 6037 109100
6037 111201 0 0 0 6037 109100
6037 111202 0 0 0 6037 109100
6037 111204 0 0 0 6037 131400
6037 111205 0 0 0 6037 131400
6037 111206 0 0 0 6037 131400
6037 111302 0 0 0 6037 131400
6037 111303 0 0 0 6037 109100
6037 111304 0 0 0 6037 131400
6037 111401 0 0 0 6037 109100
6037 111402 0 0 0 6037 109100
6037 113101 0 0 0 6037 131400
6037 113102 0 0 0 6037 131400
6037 113211 0 0 0 6037 134422
6037 113212 0 0 0 6037 134422
6037 113213 0 0 0 6037 134422
6037 113231 0 0 0 6037 134422
6037 113232 0 0 0 6037 134422
6037 113234 0 0 0 6037 134422
6037 113235 0 0 0 6037 134422
6037 113237 0 0 0 6037 134422
6037 113238 0 0 0 6037 134422
6037 113239 0 0 0 6037 134422
6037 113301 0 0 0 6037 131400
6037 113303 0 0 0 6037 131400
6037 113322 0 0 0 6037 131400
6037 113323 0 0 0 6037 134422
6037 113324 0 0 0 6037 131400
6037 113423 0 0 0 6037 131400
6037 113424 0 0 0 6037 131400
6037 113425 0 0 0 6037 134422
6037 113426 0 0 0 6037 131400
6037 113427 0 0 0 6037 134422
6037 113428 0 0 0 6037 131400
6037 115101 0 0 0 6037 131400
6037 115103 0 0 0 6037 131400
6037 115104 0 0 0 6037 131400
6037 115202 0 0 0 6037 131400
6037 115203 0 0 0 6037 131400
6037 115204 0 0 0 6037 131400
6037 115301 0 0 0 6037 131400
6037 115302 0 0 0 6037 131400
6037 115401 0 0 0 6037 131400
6037 115403 0 0 0 6037 131400
6037 115404 0 0 0 6037 131400
6037 117101 0 0 0 6037 120020
6037 117102 0 0 0 6037 120020
6037 117201 0 0 0 6037 120020
6037 117202 0 0 0 6037 120020
6037 117301 0 0 0 6037 120020
6037 117302 0 0 0 6037 131400
6037 117303 0 0 0 6037 120020
6037 117404 0 0 0 6037 120020
6037 117405 0 0 0 6037 120020
6037 117407 0 0 0 6037 120020
6037 117408 0 0 0 6037 120020
6037 117510 0 0 0 6037 120020
6037 117520 0 0 0 6037 120020
6037 117530 0 0 0 6037 120020
6037 119001 0 0 0 6037 121210
6037 119003 0 0 0 6037 121210
6037 119004 0 0 0 6037 121210
6037 119201 0 0 0 6037 120400
6037 119202 0 0 0 6037 109100
6037 119310 0 0 0 6037 120020
6037 119320 0 0 0 6037 120020
6037 119340 0 0 0 6037 120020
6037 119341 0 0 0 6037 120020
6037 119342 0 0 0 6037 120020
6037 119400 0 0 0 6037 120400
6037 119700 0 0 0 6037 120400
6037 119801 0 0 0 6037 120400
6037 119802 0 0 0 6037 120400
6037 119900 0 0 0 6037 120400
6037 120010 0 0 0 6037 120020
6037 120020 179 14 1 6037 120020
6037 120030 0 0 0 6037 120020
6037 120103 0 0 0 6037 120020
6037 120104 0 0 0 6037 120020
6037 120105 0 0 0 6037 120020
6037 120106 0 0 0 6037 120020
6037 120107 0 0 0 6037 120020
6037 120108 0 0 0 6037 120020
6037 120300 0 0 0 6037 120400
6037 120400 177 22 1 6037 120400
6037 121010 0 0 0 6037 121210
6037 121020 0 0 0 6037 120400
6037 121101 0 0 0 6037 121210
6037 121102 0 0 0 6037 121210
6037 121210 67 7 1 6037 121210
6037 121221 0 0 0 6037 121210
6037 121222 0 0 0 6037 121210
6037 121600 0 0 0 6037 120400
6037 121801 0 0 0 6037 121210
6037 121802 0 0 0 6037 121210
6037 121900 0 0 0 6037 121210
6037 122000 0 0 0 6037 120400
6037 122120 0 0 0 6037 121210
6037 122121 0 0 0 6037 121210
6037 122122 0 0 0 6037 121210
6037 122200 0 0 0 6037 121210
6037 122410 0 0 0 6037 120400
6037 122420 0 0 0 6037 121210
6037 123010 0 0 0 6037 121210
6037 123020 0 0 0 6037 121210
6037 123103 0 0 0 6037 311601
6037 123104 0 0 0 6037 311601
6037 123203 0 0 0 6037 120400
6037 123204 0 0 0 6037 120400
6037 123205 0 0 0 6037 120400
6037 123206 0 0 0 6037 121210
6037 123301 0 0 0 6037 120400
6037 123303 0 0 0 6037 120400
6037 123304 0 0 0 6037 120400
6037 123410 0 0 0 6037 120400
6037 123420 0 0 0 6037 120400
6037 123510 0 0 0 6037 120400
6037 123520 0 0 0 6037 120400
6037 123601 0 0 0 6037 128910
6037 123602 0 0 0 6037 128910
6037 123700 0 0 0 6037 120400
6037 123800 0 0 0 6037 120400
6037 123901 0 0 0 6037 120400
6037 123902 0 0 0 6037 311601
6037 124000 0 0 0 6037 128910
6037 124102 0 0 0 6037 311601
6037 124103 0 0 0 6037 120400
6037 124104 0 0 0 6037 311601
6037 124105 0 0 0 6037 311601
6037 124201 0 0 0 6037 311601
6037 124203 0 0 0 6037 311601
6037 124204 0 0 0 6037 311601
6037 124300 0 0 0 6037 311601
6037 124400 0 0 0 6037 128910
6037 124500 0 0 0 6037 128910
6037 124600 0 0 0 6037 128910
6037 124700 0 0 0 6037 128910
6037 124902 0 0 0 6037 128910
6037 124903 0 0 0 6037 128910
6037 125101 0 0 0 6037 311601
6037 125102 0 0 0 6037 311601
6037 125200 0 0 0 6037 311601
6037 125310 0 0 0 6037 311601
6037 125321 0 0 0 6037 311601
6037 125322 0 0 0 6037 311601
6037 125402 0 0 0 6037 311601
6037 125403 0 0 0 6037 311601
6037 125404 0 0 0 6037 311601
6037 125501 0 0 0 6037 311601
6037 125502 0 0 0 6037 311601
6037 125600 0 0 0 6037 311601
6037 127102 0 0 0 6037 120020
6037 127103 0 0 0 6037 120400
6037 127104 0 0 0 6037 120400
6037 127210 0 0 0 6037 127804
6037 127220 0 0 0 6037 127804
6037 127300 0 0 0 6037 127804
6037 127400 0 0 0 6037 127804
6037 127520 0 0 0 6037 120020
6037 127603 0 0 0 6037 127804
6037 127604 0 0 0 6037 127804
6037 127605 0 0 0 6037 127804
6037 127606 0 0 0 6037 127804
6037 127711 0 0 0 6037 127804
6037 127712 0 0 0 6037 127804
6037 127803 0 0 0 6037 127804
6037 127804 324 20 1 6037 127804
6037 127805 0 0 0 6037 127804
6037 127806 0 0 0 6037 127804
6037 127910 0 0 0 6037 127804
6037 127920 0 0 0 6037 127804
6037 128101 0 0 0 6037 127804
6037 128102 0 0 0 6037 127804
6037 128210 0 0 0 6037 127804
6037 128220 0 0 0 6037 127804
6037 128302 0 0 0 6037 127804
6037 128303 0 0 0 6037 127804
6037 128400 0 0 0 6037 128910
6037 128500 0 0 0 6037 128910
6037 128601 0 0 0 6037 128910
6037 128602 0 0 0 6037 128910
6037 128703 0 0 0 6037 128910
6037 128704 0 0 0 6037 128910
6037 128801 0 0 0 6037 128910
6037 128802 0 0 0 6037 128910
6037 128910 95 9 1 6037 128910
6037 131021 0 0 0 6037 131400
6037 131022 0 0 0 6037 131400
6037 131023 0 0 0 6037 131400
6037 131024 0 0 0 6037 131400
6037 131100 0 0 0 6037 131400
6037 131200 0 0 0 6037 131400
6037 131300 0 0 0 6037 131400
6037 131400 230 35 1 6037 131400
6037 131600 0 0 0 6037 131400
6037 131701 0 0 0 6037 131400
6037 131702 0 0 0 6037 131400
6037 131801 0 0 0 6037 131400
6037 131802 0 0 0 6037 131400
6037 131900 0 0 0 6037 131400
6037 132001 0 0 0 6037 131400
6037 132002 0 0 0 6037 131400
6037 132101 0 0 0 6037 127804
6037 132102 0 0 0 6037 127804
6037 132301 0 0 0 6037 131400
6037 132302 0 0 0 6037 131400
6037 132501 0 0 0 6037 131400
6037 132502 0 0 0 6037 139401
6037 132700 0 0 0 6037 139401
6037 132900 0 0 0 6037 139401
6037 133000 0 0 0 6037 131400
6037 133101 0 0 0 6037 139401
6037 133102 0 0 0 6037 139401
6037 134001 0 0 0 6037 137104
6037 134002 0 0 0 6037 137104
6037 134101 0 0 0 6037 131400
6037 134103 0 0 0 6037 131400
6037 134104 0 0 0 6037 131400
6037 134201 0 0 0 6037 134422
6037 134302 0 0 0 6037 134422
6037 134303 0 0 0 6037 134422
6037 134304 0 0 0 6037 134422
6037 134305 0 0 0 6037 134422
6037 134306 0 0 0 6037 134422
6037 134421 0 0 0 6037 134422
6037 134422 225 33 1 6037 134422
6037 134423 0 0 0 6037 134422
6037 134424 0 0 0 6037 134422
6037 134520 0 0 0 6037 137104
6037 134521 0 0 0 6037 134422
6037 134522 0 0 0 6037 134422
6037 134710 0 0 0 6037 137104
6037 134720 0 0 0 6037 131400
6037 134801 0 0 0 6037 137104
6037 134802 0 0 0 6037 137104
6037 134901 0 0 0 6037 137104
6037 134904 0 0 0 6037 137104
6037 134905 0 0 0 6037 137104
6037 134906 0 0 0 6037 137104
6037 134907 0 0 0 6037 137104
6037 135102 0 0 0 6037 134422
6037 135111 0 0 0 6037 134422
6037 135113 0 0 0 6037 137104
6037 135115 0 0 0 6037 137104
6037 135116 0 0 0 6037 137104
6037 135201 0 0 0 6037 134422
6037 135202 0 0 0 6037 134422
6037 135204 0 0 0 6037 134422
6037 135205 0 0 0 6037 134422
6037 137000 0 0 0 6037 134422
6037 137103 0 0 0 6037 137104
6037 137104 196 17 1 6037 137104
6037 137202 0 0 0 6037 137104
6037 137203 0 0 0 6037 137104
6037 137301 0 0 0 6037 134422
6037 137302 0 0 0 6037 134422
6037 137401 0 0 0 6037 137104
6037 137402 0 0 0 6037 137104
6037 137501 0 0 0 6037 137104
6037 137502 0 0 0 6037 137104
6037 137504 0 0 0 6037 137104
6037 138000 0 0 0 6037 137104
6037 139001 0 0 0 6037 139401
6037 139200 0 0 0 6037 139401
6037 139301 0 0 0 6037 139401
6037 139302 0 0 0 6037 139401
6037 139303 0 0 0 6037 139401
6037 139401 158 12 1 6037 139401
6037 139402 0 0 0 6037 139401
6037 139502 0 0 0 6037 139401
6037 139504 0 0 0 6037 139401
6037 139505 0 0 0 6037 139401
6037 139506 0 0 0 6037 139401
6037 139600 0 0 0 6037 139701
6037 139701 70 4 1 6037 139701
6037 139703 0 0 0 6037 139401
6037 139704 0 0 0 6037 139701
6037 139705 0 0 0 6037 139701
6037 139801 0 0 0 6037 139401
6037 139802 0 0 0 6037 139401
6037 141101 0 0 0 6037 128910
6037 141102 0 0 0 6037 128910
6037 141201 0 0 0 6037 128910
6037 141202 0 0 0 6037 128910
6037 141303 0 0 0 6037 128910
6037 141304 0 0 0 6037 128910
6037 141305 0 0 0 6037 128910
6037 141306 0 0 0 6037 128910
6037 141400 0 0 0 6037 128910
6037 141500 0 0 0 6037 139701
6037 141600 0 0 0 6037 128910
6037 141700 0 0 0 6037 128910
6037 143101 0 0 0 6037 311601
6037 143102 0 0 0 6037 311601
6037 143200 0 0 0 6037 311601
6037 143301 0 0 0 6037 311601
6037 143302 0 0 0 6037 311601
6037 143401 0 0 0 6037 128910
6037 143402 0 0 0 6037 128910
6037 143500 0 0 0 6037 128910
6037 143602 0 0 0 6037 311601
6037 143603 0 0 0 6037 311601
6037 143605 0 0 0 6037 311601
6037 143606 0 0 0 6037 311601
6037 143700 0 0 0 6037 311601
6037 143801 0 0 0 6037 311601
6037 143802 0 0 0 6037 311601
6037 143901 0 0 0 6037 700400
6037 143902 0 0 0 6037 128910
6037 181000 0 0 0 6037 301000
6037 181300 0 0 0 6037 301000
6037 181400 0 0 0 6037 301000
6037 181500 0 0 0 6037 463900
6037 181600 0 0 0 6037 301000
6037 183101 0 0 0 6037 463900
6037 183103 0 0 0 6037 463900
6037 183104 0 0 0 6037 463900
6037 183220 0 0 0 6037 463900
6037 183221 0 0 0 6037 463900
6037 183222 0 0 0 6037 463900
6037 183300 0 0 0 6037 463900
6037 183401 0 0 0 6037 301000
6037 183402 0 0 0 6037 301000
6037 183510 0 0 0 6037 463900
6037 183520 0 0 0 6037 463900
6037 183610 0 0 0 6037 463900
6037 183620 0 0 0 6037 463900
6037 183701 0 0 0 6037 463900
6037 183702 0 0 0 6037 463900
6037 183810 0 0 0 6037 463900
6037 183820 0 0 0 6037 463900
6037 185101 0 0 0 6037 980010
6037 185102 0 0 0 6037 980010
6037 185202 0 0 0 6037 980010
6037 185203 0 0 0 6037 980010
6037 185204 0 0 0 6037 980010
6037 185310 0 0 0 6037 980010
6037 185320 0 0 0 6037 980010
6037 186100 0 0 0 6037 302401
6037 186201 0 0 0 6037 302401
6037 186202 0 0 0 6037 302401
6037 186203 0 0 0 6037 302401
6037 186301 0 0 0 6037 302401
6037 186302 0 0 0 6037 302401
6037 186401 0 0 0 6037 302401
6037 186403 0 0 0 6037 302401
6037 186404 0 0 0 6037 980010
6037 187101 0 0 0 6037 302401
6037 187102 0 0 0 6037 980010
6037 187200 0 0 0 6037 980010
6037 187300 0 0 0 6037 980010
6037 188100 0 0 0 6037 302401
6037 188201 0 0 0 6037 191302
6037 188202 0 0 0 6037 191302
6037 188300 0 0 0 6037 302401
6037 189101 0 0 0 6037 191302
6037 189102 0 0 0 6037 191201
6037 189201 0 0 0 6037 191201
6037 189202 0 0 0 6037 191201
6037 189300 0 0 0 6037 191201
6037 189400 0 0 0 6037 190801
6037 189501 0 0 0 6037 190801
6037 189502 0 0 0 6037 190801
6037 189600 0 0 0 6037 190801
6037 189702 0 0 0 6037 190801
6037 189703 0 0 0 6037 311601
6037 189704 0 0 0 6037 311601
6037 189801 0 0 0 6037 700400
6037 189802 0 0 0 6037 190801
6037 189903 0 0 0 6037 190801
6037 189904 0 0 0 6037 190801
6037 189905 0 0 0 6037 190801
6037 189906 0 0 0 6037 190801
6037 189907 0 0 0 6037 190801
6037 190101 0 0 0 6037 190801
6037 190102 0 0 0 6037 190801
6037 190201 0 0 0 6037 190801
6037 190202 0 0 0 6037 190801
6037 190302 0 0 0 6037 190801
6037 190303 0 0 0 6037 191201
6037 190401 0 0 0 6037 191201
6037 190402 0 0 0 6037 191201
6037 190510 0 0 0 6037 190801
6037 190520 0 0 0 6037 191201
6037 190701 0 0 0 6037 190801
6037 190702 0 0 0 6037 190801
6037 190801 388 34 1 6037 190801
6037 190802 0 0 0 6037 190801
6037 190901 0 0 0 6037 190801
6037 190902 0 0 0 6037 190801
6037 191000 0 0 0 6037 190801
6037 191110 0 0 0 6037 191201
6037 191120 0 0 0 6037 191201
6037 191201 404 89 1 6037 191201
6037 191203 0 0 0 6037 191302
6037 191204 0 0 0 6037 191201
6037 191301 0 0 0 6037 191302
6037 191302 587 24 2 6037 191302
6037 191410 0 0 0 6037 191302
6037 191420 0 0 0 6037 191302
6037 191500 0 0 0 6037 191302
6037 191610 0 0 0 6037 191201
6037 191620 0 0 0 6037 191201
6037 191710 0 0 0 6037 190801
6037 191720 0 0 0 6037 190801
6037 191810 0 0 0 6037 190801
6037 191820 0 0 0 6037 190801
6037 191901 0 0 0 6037 190801
6037 191902 0 0 0 6037 190801
6037 192001 0 0 0 6037 190801
6037 192002 0 0 0 6037 700400
6037 192300 0 0 0 6037 190801
6037 192410 0 0 0 6037 190801
6037 192420 0 0 0 6037 190801
6037 192510 0 0 0 6037 190801
6037 192520 0 0 0 6037 191201
6037 192610 0 0 0 6037 191302
6037 192620 0 0 0 6037 191302
6037 192700 0 0 0 6037 191302
6037 194101 0 0 0 6037 190801
6037 194102 0 0 0 6037 700400
6037 194200 0 0 0 6037 700400
6037 194300 0 0 0 6037 700400
6037 194401 0 0 0 6037 700400
6037 194402 0 0 0 6037 700400
6037 194500 0 0 0 6037 700400
6037 195100 0 0 0 6037 191302
6037 195201 0 0 0 6037 191302
6037 195202 0 0 0 6037 191302
6037 195300 0 0 0 6037 191302
6037 195400 0 0 0 6037 191302
6037 195500 0 0 0 6037 208402
6037 195600 0 0 0 6037 208402
6037 195710 0 0 0 6037 208402
6037 195720 0 0 0 6037 208402
6037 195802 0 0 0 6037 208402
6037 195803 0 0 0 6037 208402
6037 195804 0 0 0 6037 208402
6037 195901 0 0 0 6037 191302
6037 195902 0 0 0 6037 191302
6037 195903 0 0 0 6037 191302
6037 197200 0 0 0 6037 980010
6037 197300 0 0 0 6037 980010
6037 197410 0 0 0 6037 980010
6037 197420 0 0 0 6037 980010
6037 197500 0 0 0 6037 208402
6037 197600 0 0 0 6037 208402
6037 197700 0 0 0 6037 980010
6037 199001 0 0 0 6037 980010
6037 199002 0 0 0 6037 980010
6037 199110 0 0 0 6037 203300
6037 199120 0 0 0 6037 203300
6037 199201 0 0 0 6037 203300
6037 199202 0 0 0 6037 203300
6037 199300 0 0 0 6037 203300
6037 199400 0 0 0 6037 980010
6037 199700 0 0 0 6037 203500
6037 199801 0 0 0 6037 203300
6037 199802 0 0 0 6037 203300
6037 199900 0 0 0 6037 203300
6037 201110 0 0 0 6037 480901
6037 201120 0 0 0 6037 480901
6037 201200 0 0 0 6037 480901
6037 201301 0 0 0 6037 203300
6037 201302 0 0 0 6037 480901
6037 201401 0 0 0 6037 203300
6037 201402 0 0 0 6037 203300
6037 201501 0 0 0 6037 480901
6037 201503 0 0 0 6037 480901
6037 201504 0 0 0 6037 480901
6037 201601 0 0 0 6037 203300
6037 201602 0 0 0 6037 480901
6037 201700 0 0 0 6037 203300
6037 203100 0 0 0 6037 203300
6037 203200 0 0 0 6037 203300
6037 203300 752 130 3 6037 203300
6037 203500 241 13 1 6037 203500
6037 203601 0 0 0 6037 203300
6037 203602 0 0 0 6037 203500
6037 203710 0 0 0 6037 203300
6037 203720 0 0 0 6037 203300
6037 203800 0 0 0 6037 203300
6037 203900 0 0 0 6037 531301
6037 204110 0 0 0 6037 531301
6037 204120 0 0 0 6037 531301
6037 204200 0 0 0 6037 203300
6037 204300 0 0 0 6037 203500
6037 204410 0 0 0 6037 203500
6037 204420 0 0 0 6037 203500
6037 204600 0 0 0 6037 203500
6037 204700 0 0 0 6037 203500
6037 204810 0 0 0 6037 531301
6037 204820 0 0 0 6037 531301
6037 204910 0 0 0 6037 531301
6037 204920 0 0 0 6037 531302
6037 205110 0 0 0 6037 531301
6037 205120 0 0 0 6037 531302
6037 206010 0 0 0 6037 980010
6037 206020 0 0 0 6037 203500
6037 206050 0 0 0 6037 203500
6037 206051 0 0 0 6037 224010
6037 206052 0 0 0 6037 203500
6037 206053 0 0 0 6037 203500
6037 206054 0 0 0 6037 203500
6037 206201 0 0 0 6037 209106
6037 206202 0 0 0 6037 203500
6037 206301 0 0 0 6037 224010
6037 206302 0 0 0 6037 224010
6037 206303 0 0 0 6037 224010
6037 207101 0 0 0 6037 208402
6037 207102 0 0 0 6037 203500
6037 207103 0 0 0 6037 980010
6037 207303 0 0 0 6037 224010
6037 207304 0 0 0 6037 224010
6037 207305 0 0 0 6037 209106
6037 207306 0 0 0 6037 209106
6037 207307 0 0 0 6037 224010
6037 207308 0 0 0 6037 224010
6037 207400 0 0 0 6037 209106
6037 207501 0 0 0 6037 209106
6037 207502 0 0 0 6037 209106
6037 207711 0 0 0 6037 209106
6037 207712 0 0 0 6037 209106
6037 207901 0 0 0 6037 224010
6037 207902 0 0 0 6037 224010
6037 208001 0 0 0 6037 208402
6037 208002 0 0 0 6037 208402
6037 208301 0 0 0 6037 208402
6037 208302 0 0 0 6037 208402
6037 208401 0 0 0 6037 208402
6037 208402 113 11 1 6037 208402
6037 208501 0 0 0 6037 208402
6037 208502 0 0 0 6037 208402
6037 208610 0 0 0 6037 208402
6037 208620 0 0 0 6037 208402
6037 208710 0 0 0 6037 208402
6037 208720 0 0 0 6037 208402
6037 208801 0 0 0 6037 209106
6037 208802 0 0 0 6037 208402
6037 208902 0 0 0 6037 209106
6037 208903 0 0 0 6037 209106
6037 208904 0 0 0 6037 209106
6037 209103 0 0 0 6037 209106
6037 209104 0 0 0 6037 209106
6037 209105 0 0 0 6037 209106
6037 209106 246 59 1 6037 209106
6037 209201 0 0 0 6037 209106
6037 209202 0 0 0 6037 209106
6037 209300 0 0 0 6037 209106
6037 209401 0 0 0 6037 209106
6037 209402 0 0 0 6037 209106
6037 209403 0 0 0 6037 209106
6037 209510 0 0 0 6037 209106
6037 209520 0 0 0 6037 209106
6037 209810 0 0 0 6037 209106
6037 209820 0 0 0 6037 209106
6037 210010 0 0 0 6037 209106
6037 211000 0 0 0 6037 190801
6037 211121 0 0 0 6037 208402
6037 211122 0 0 0 6037 208402
6037 211123 0 0 0 6037 208402
6037 211124 0 0 0 6037 208402
6037 211201 0 0 0 6037 191302
6037 211202 0 0 0 6037 191302
6037 211310 0 0 0 6037 191302
6037 211320 0 0 0 6037 208402
6037 211410 0 0 0 6037 190801
6037 211420 0 0 0 6037 191302
6037 211500 0 0 0 6037 190801
6037 211701 0 0 0 6037 190801
6037 211703 0 0 0 6037 190801
6037 211704 0 0 0 6037 190801
6037 211802 0 0 0 6037 209106
6037 211803 0 0 0 6037 208402
6037 211804 0 0 0 6037 190801
6037 211910 0 0 0 6037 208402
6037 211921 0 0 0 6037 208402
6037 211922 0 0 0 6037 208402
6037 212101 0 0 0 6037 208402
6037 212102 0 0 0 6037 208402
6037 212202 0 0 0 6037 209106
6037 212203 0 0 0 6037 209106
6037 212204 0 0 0 6037 209106
6037 212303 0 0 0 6037 209106
6037 212304 0 0 0 6037 209106
6037 212305 0 0 0 6037 209106
6037 212306 0 0 0 6037 209106
6037 212410 0 0 0 6037 209106
6037 212420 0 0 0 6037 209106
6037 212501 0 0 0 6037 209106
6037 212502 0 0 0 6037 209106
6037 212610 0 0 0 6037 190801
6037 212620 0 0 0 6037 209106
6037 212701 0 0 0 6037 216902
6037 212702 0 0 0 6037 216902
6037 212800 0 0 0 6037 216902
6037 212900 0 0 0 6037 216902
6037 213100 0 0 0 6037 209106
6037 213201 0 0 0 6037 209106
6037 213202 0 0 0 6037 209106
6037 213310 0 0 0 6037 209106
6037 213320 0 0 0 6037 209106
6037 213401 0 0 0 6037 209106
6037 213402 0 0 0 6037 209106
6037 214000 0 0 0 6037 216902
6037 214100 0 0 0 6037 190801
6037 214400 0 0 0 6037 700400
6037 214501 0 0 0 6037 216902
6037 214503 0 0 0 6037 216902
6037 214504 0 0 0 6037 216902
6037 214505 0 0 0 6037 216902
6037 214600 0 0 0 6037 700400
6037 214700 0 0 0 6037 216902
6037 214800 0 0 0 6037 700400
6037 214902 0 0 0 6037 700400
6037 214903 0 0 0 6037 700400
6037 214904 0 0 0 6037 700400
6037 215101 0 0 0 6037 216902
6037 215102 0 0 0 6037 216902
6037 216100 0 0 0 6037 216902
6037 216201 0 0 0 6037 216902
6037 216202 0 0 0 6037 216902
6037 216301 0 0 0 6037 216902
6037 216302 0 0 0 6037 216902
6037 216401 0 0 0 6037 216902
6037 216402 0 0 0 6037 216902
6037 216700 0 0 0 6037 270300
6037 216800 0 0 0 6037 216902
6037 216901 0 0 0 6037 216902
6037 216902 7 0 1 6037 216902
6037 217001 0 0 0 6037 270300
6037 217002 0 0 0 6037 270300
6037 217101 0 0 0 6037 216902
6037 217102 0 0 0 6037 216902
6037 217200 0 0 0 6037 216902
6037 218110 0 0 0 6037 216902
6037 218120 0 0 0 6037 216902
6037 218210 0 0 0 6037 216902
6037 218220 0 0 0 6037 216902
6037 218300 0 0 0 6037 270300
6037 218400 0 0 0 6037 270300
6037 218500 0 0 0 6037 270300
6037 218600 0 0 0 6037 270300
6037 218701 0 0 0 6037 216902
6037 218702 0 0 0 6037 270300
6037 218800 0 0 0 6037 216902
6037 218900 0 0 0 6037 216902
6037 219010 0 0 0 6037 270300
6037 219020 0 0 0 6037 270300
6037 219300 0 0 0 6037 270300
6037 219500 0 0 0 6037 270300
6037 219700 0 0 0 6037 270300
6037 219800 0 0 0 6037 270300
6037 219901 0 0 0 6037 270300
6037 219902 0 0 0 6037 270300
6037 220000 0 0 0 6037 270300
6037 220100 0 0 0 6037 270300
6037 221110 0 0 0 6037 209106
6037 221120 0 0 0 6037 224010
6037 221210 0 0 0 6037 209106
6037 221220 0 0 0 6037 224010
6037 221302 0 0 0 6037 224010
6037 221303 0 0 0 6037 209106
6037 221304 0 0 0 6037 209106
6037 221401 0 0 0 6037 224010
6037 221402 0 0 0 6037 224010
6037 221500 0 0 0 6037 224010
6037 221601 0 0 0 6037 224010
6037 221602 0 0 0 6037 224010
6037 221710 0 0 0 6037 224010
6037 221810 0 0 0 6037 224010
6037 221820 0 0 0 6037 224010
6037 221900 0 0 0 6037 224010
6037 222001 0 0 0 6037 224010
6037 222002 0 0 0 6037 224010
6037 222100 0 0 0 6037 224010
6037 222200 0 0 0 6037 224010
6037 222500 0 0 0 6037 224010
6037 222600 0 0 0 6037 224010
6037 222700 0 0 0 6037 224010
6037 224010 309 30 1 6037 224010
6037 224020 0 0 0 6037 224010
6037 224200 0 0 0 6037 224010
6037 224310 0 0 0 6037 224010
6037 224320 0 0 0 6037 224010
6037 224410 0 0 0 6037 224010
6037 224420 0 0 0 6037 224010
6037 224600 0 0 0 6037 224010
6037 224701 0 0 0 6037 224010
6037 224702 0 0 0 6037 224010
6037 226001 0 0 0 6037 224010
6037 226002 0 0 0 6037 224010
6037 226410 0 0 0 6037 224010
6037 226420 0 0 0 6037 224010
6037 226701 0 0 0 6037 224010
6037 226702 0 0 0 6037 224010
6037 227010 0 0 0 6037 224010
6037 227020 0 0 0 6037 224010
6037 228100 0 0 0 6037 532500
6037 228210 0 0 0 6037 224010
6037 228220 0 0 0 6037 532500
6037 228310 0 0 0 6037 224010
6037 228320 0 0 0 6037 224010
6037 228410 0 0 0 6037 224010
6037 228420 0 0 0 6037 224010
6037 228500 0 0 0 6037 224010
6037 228600 0 0 0 6037 224010
6037 228710 0 0 0 6037 532500
6037 228720 0 0 0 6037 532500
6037 228800 0 0 0 6037 532500
6037 228900 0 0 0 6037 532500
6037 229100 0 0 0 6037 532500
6037 229200 0 0 0 6037 532500
6037 229300 0 0 0 6037 224010
6037 229410 0 0 0 6037 532500
6037 229420 0 0 0 6037 532500
6037 231100 0 0 0 6037 224010
6037 231210 0 0 0 6037 224010
6037 231220 0 0 0 6037 224010
6037 231301 0 0 0 6037 224010
6037 231302 0 0 0 6037 224010
6037 231400 0 0 0 6037 224010
6037 231500 0 0 0 6037 224010
6037 231601 0 0 0 6037 224010
6037 231602 0 0 0 6037 224010
6037 231603 0 0 0 6037 224010
6037 231710 0 0 0 6037 224010
6037 231720 0 0 0 6037 224010
6037 231800 0 0 0 6037 224010
6037 231901 0 0 0 6037 224010
6037 231902 0 0 0 6037 224010
6037 232110 0 0 0 6037 224010
6037 232120 0 0 0 6037 224010
6037 232200 0 0 0 6037 224010
6037 232300 0 0 0 6037 224010
6037 232401 0 0 0 6037 224010
6037 232402 0 0 0 6037 703002
6037 232500 0 0 0 6037 703002
6037 232601 0 0 0 6037 224010
6037 232602 0 0 0 6037 224010
6037 232701 0 0 0 6037 224010
6037 232702 0 0 0 6037 224010
6037 232800 0 0 0 6037 224010
6037 234001 0 0 0 6037 270300
6037 234002 0 0 0 6037 224010
6037 234200 0 0 0 6037 270300
6037 234301 0 0 0 6037 703002
6037 234302 0 0 0 6037 703002
6037 234501 0 0 0 6037 703002
6037 234502 0 0 0 6037 703002
6037 234600 0 0 0 6037 703002
6037 234700 0 0 0 6037 703002
6037 234800 0 0 0 6037 601100
6037 234901 0 0 0 6037 601100
6037 234902 0 0 0 6037 703002
6037 235100 0 0 0 6037 703002
6037 235201 0 0 0 6037 601100
6037 235202 0 0 0 6037 601100
6037 236001 0 0 0 6037 270300
6037 236101 0 0 0 6037 270300
6037 236102 0 0 0 6037 703002
6037 236203 0 0 0 6037 270300
6037 236204 0 0 0 6037 270300
6037 236205 0 0 0 6037 270300
6037 236206 0 0 0 6037 270300
6037 236400 0 0 0 6037 703002
6037 237101 0 0 0 6037 224010
6037 237102 0 0 0 6037 532500
6037 237201 0 0 0 6037 601100
6037 237202 0 0 0 6037 601100
6037 237300 0 0 0 6037 601100
6037 237401 0 0 0 6037 601100
6037 237402 0 0 0 6037 601100
6037 237500 0 0 0 6037 601100
6037 237600 0 0 0 6037 532500
6037 237710 0 0 0 6037 532500
6037 237720 0 0 0 6037 601100
6037 237800 0 0 0 6037 601100
6037 237900 0 0 0 6037 601100
6037 238000 0 0 0 6037 601100
6037 238100 0 0 0 6037 601100
6037 238200 0 0 0 6037 601100
6037 238310 0 0 0 6037 540700
6037 238320 0 0 0 6037 540700
6037 238400 0 0 0 6037 601100
6037 239201 0 0 0 6037 532500
6037 239202 0 0 0 6037 532500
6037 239310 0 0 0 6037 532500
6037 239320 0 0 0 6037 532500
6037 239330 0 0 0 6037 532500
6037 239501 0 0 0 6037 532500
6037 239502 0 0 0 6037 532500
6037 239601 0 0 0 6037 532500
6037 239602 0 0 0 6037 532500
6037 239701 0 0 0 6037 540700
6037 239702 0 0 0 6037 540700
6037 239801 0 0 0 6037 532500
6037 239802 0 0 0 6037 540700
6037 240010 0 0 0 6037 540700
6037 240020 0 0 0 6037 540700
6037 240200 0 0 0 6037 540700
6037 240301 0 0 0 6037 540700
6037 240302 0 0 0 6037 540700
6037 240401 0 0 0 6037 540700
6037 240402 0 0 0 6037 540700
6037 240500 0 0 0 6037 540700
6037 240600 0 0 0 6037 540700
6037 240700 0 0 0 6037 540700
6037 240800 0 0 0 6037 540700
6037 240901 0 0 0 6037 540700
6037 240902 0 0 0 6037 540700
6037 241001 0 0 0 6037 540700
6037 241002 0 0 0 6037 540700
6037 241110 0 0 0 6037 540700
6037 241120 0 0 0 6037 540700
6037 241201 0 0 0 6037 540700
6037 241202 0 0 0 6037 540700
6037 241300 0 0 0 6037 540700
6037 241400 0 0 0 6037 540700
6037 242000 0 0 0 6037 540700
6037 242100 0 0 0 6037 540700
6037 242201 0 0 0 6037 540700
6037 242202 0 0 0 6037 540700
6037 242300 0 0 0 6037 540700
6037 242600 0 0 0 6037 540700
6037 242700 0 0 0 6037 540700
6037 243001 0 0 0 6037 540700
6037 243002 0 0 0 6037 540700
6037 243100 0 0 0 6037 540700
6037 261102 0 0 0 6037 265301
6037 261103 0 0 0 6037 700400
6037 261104 0 0 0 6037 700400
6037 261200 0 0 0 6037 265301
6037 262100 0 0 0 6037 265301
6037 262200 0 0 0 6037 265301
6037 262301 0 0 0 6037 265301
6037 262302 0 0 0 6037 265301
6037 262303 0 0 0 6037 701602
6037 262400 0 0 0 6037 265301
6037 262501 0 0 0 6037 701502
6037 262601 0 0 0 6037 701502
6037 262604 0 0 0 6037 701502
6037 262704 0 0 0 6037 701502
6037 262706 0 0 0 6037 701502
6037 262802 0 0 0 6037 701502
6037 264000 0 0 0 6037 701602
6037 264102 0 0 0 6037 265301
6037 264103 0 0 0 6037 701602
6037 264303 0 0 0 6037 701602
6037 264304 0 0 0 6037 701602
6037 264305 0 0 0 6037 701602
6037 264306 0 0 0 6037 701602
6037 265100 0 0 0 6037 265301
6037 265201 0 0 0 6037 265301
6037 265203 0 0 0 6037 265301
6037 265204 0 0 0 6037 265301
6037 265301 424 109 1 6037 265301
6037 265303 0 0 0 6037 265301
6037 265304 0 0 0 6037 265301
6037 265306 0 0 0 6037 265301
6037 265307 0 0 0 6037 265301
6037 265410 0 0 0 6037 265301
6037 265420 0 0 0 6037 265301
6037 265521 0 0 0 6037 265301
6037 265522 0 0 0 6037 265301
6037 265523 0 0 0 6037 265301
6037 265524 0 0 0 6037 265301
6037 265601 0 0 0 6037 265301
6037 265602 0 0 0 6037 265301
6037 265701 0 0 0 6037 265301
6037 265702 0 0 0 6037 265301
6037 267101 0 0 0 6037 265301
6037 267102 0 0 0 6037 265301
6037 267201 0 0 0 6037 265301
6037 267202 0 0 0 6037 265301
6037 267300 0 0 0 6037 701602
6037 267403 0 0 0 6037 701602
6037 267404 0 0 0 6037 701602
6037 267405 0 0 0 6037 701602
6037 267406 0 0 0 6037 701602
6037 267502 0 0 0 6037 701602
6037 267503 0 0 0 6037 701602
6037 267504 0 0 0 6037 701602
6037 267600 0 0 0 6037 701602
6037 267700 0 0 0 6037 701602
6037 267800 0 0 0 6037 265301
6037 267901 0 0 0 6037 265301
6037 267902 0 0 0 6037 265301
6037 269000 0 0 0 6037 270300
6037 269100 0 0 0 6037 270300
6037 269300 0 0 0 6037 270300
6037 269500 0 0 0 6037 270300
6037 269601 0 0 0 6037 270300
6037 269602 0 0 0 6037 270300
6037 269700 0 0 0 6037 270300
6037 269800 0 0 0 6037 270300
6037 269903 0 0 0 6037 270300
6037 269905 0 0 0 6037 270300
6037 269906 0 0 0 6037 270300
6037 269907 0 0 0 6037 270300
6037 269908 0 0 0 6037 270300
6037 269909 0 0 0 6037 270300
6037 270101 0 0 0 6037 270300
6037 270102 0 0 0 6037 270300
6037 270200 0 0 0 6037 270300
6037 270300 175 30 1 6037 270300
6037 271100 0 0 0 6037 701602
6037 271200 0 0 0 6037 701602
6037 271300 0 0 0 6037 701602
6037 271400 0 0 0 6037 275312
6037 271500 0 0 0 6037 701602
6037 271600 0 0 0 6037 701602
6037 271702 0 0 0 6037 701602
6037 271703 0 0 0 6037 270300
6037 271704 0 0 0 6037 270300
6037 271801 0 0 0 6037 275312
6037 271803 0 0 0 6037 270300
6037 271804 0 0 0 6037 270300
6037 271901 0 0 0 6037 275312
6037 271902 0 0 0 6037 275312
6037 272100 0 0 0 6037 275312
6037 272201 0 0 0 6037 275312
6037 272202 0 0 0 6037 275312
6037 272301 0 0 0 6037 275312
6037 272302 0 0 0 6037 275312
6037 273100 0 0 0 6037 701502
6037 273200 0 0 0 6037 701502
6037 273300 0 0 0 6037 701502
6037 273403 0 0 0 6037 701502
6037 273404 0 0 0 6037 701502
6037 273502 0 0 0 6037 275312
6037 273600 0 0 0 6037 275312
6037 273700 0 0 0 6037 275312
6037 273800 0 0 0 6037 275312
6037 273902 0 0 0 6037 275312
6037 274100 0 0 0 6037 275312
6037 274202 0 0 0 6037 275312
6037 275101 0 0 0 6037 703002
6037 275102 0 0 0 6037 275312
6037 275200 0 0 0 6037 275312
6037 275311 0 0 0 6037 275312
6037 275312 91 12 1 6037 275312
6037 275313 0 0 0 6037 275312
6037 275400 0 0 0 6037 275312
6037 275500 0 0 0 6037 275312
6037 275603 0 0 0 6037 275312
6037 275604 0 0 0 6037 275312
6037 275605 0 0 0 6037 275312
6037 276000 0 0 0 6037 703002
6037 276101 0 0 0 6037 703002
6037 276102 0 0 0 6037 703002
6037 276400 0 0 0 6037 275312
6037 276500 0 0 0 6037 275312
6037 276601 0 0 0 6037 275312
6037 276605 0 0 0 6037 275312
6037 276606 0 0 0 6037 275312
6037 276607 0 0 0 6037 275312
6037 276608 0 0 0 6037 275312
6037 277000 0 0 0 6037 703002
6037 277100 0 0 0 6037 703002
6037 277200 0 0 0 6037 601100
6037 277400 0 0 0 6037 601100
6037 278001 0 0 0 6037 275312
6037 278102 0 0 0 6037 275312
6037 291110 0 0 0 6037 603004
6037 291120 0 0 0 6037 603004
6037 291130 0 0 0 6037 603004
6037 291210 0 0 0 6037 603101
6037 291220 0 0 0 6037 603101
6037 291300 0 0 0 6037 603101
6037 292001 0 0 0 6037 543503
6037 292002 0 0 0 6037 543503
6037 293203 0 0 0 6037 543503
6037 293204 0 0 0 6037 543503
6037 293205 0 0 0 6037 543503
6037 293206 0 0 0 6037 543503
6037 293301 0 0 0 6037 294421
6037 293302 0 0 0 6037 294421
6037 293304 0 0 0 6037 294421
6037 293306 0 0 0 6037 294421
6037 293307 0 0 0 6037 294421
6037 294110 0 0 0 6037 294421
6037 294120 0 0 0 6037 294421
6037 294200 0 0 0 6037 294421
6037 294301 0 0 0 6037 294421
6037 294302 0 0 0 6037 294421
6037 294410 0 0 0 6037 294421
6037 294421 202 20 1 6037 294421
6037 294510 0 0 0 6037 294421
6037 294520 0 0 0 6037 294421
6037 294610 0 0 0 6037 294421
6037 294620 0 0 0 6037 294421
6037 294701 0 0 0 6037 294421
6037 294810 0 0 0 6037 294421
6037 294820 0 0 0 6037 294421
6037 294830 0 0 0 6037 294421
6037 294900 0 0 0 6037 294421
6037 295103 0 0 0 6037 609900
6037 296210 0 0 0 6037 609900
6037 296220 0 0 0 6037 609900
6037 296300 0 0 0 6037 609900
6037 296401 0 0 0 6037 609900
6037 296402 0 0 0 6037 609900
6037 296500 0 0 0 6037 609900
6037 296600 0 0 0 6037 609900
6037 296901 0 0 0 6037 609900
6037 296902 0 0 0 6037 609900
6037 297001 0 0 0 6037 609900
6037 297002 0 0 0 6037 609900
6037 297110 0 0 0 6037 609900
6037 297120 0 0 0 6037 609900
6037 297201 0 0 0 6037 609900
6037 297202 0 0 0 6037 609900
6037 297300 0 0 0 6037 609900
6037 297400 0 0 0 6037 609900
6037 297501 0 0 0 6037 609900
6037 297502 0 0 0 6037 609900
6037 297601 0 0 0 6037 609900
6037 297602 0 0 0 6037 609900
6037 300100 0 0 0 6037 300800
6037 300200 0 0 0 6037 300800
6037 300301 0 0 0 6037 300800
6037 300400 0 0 0 6037 300800
6037 300501 0 0 0 6037 300800
6037 300503 0 0 0 6037 300800
6037 300601 0 0 0 6037 300800
6037 300602 0 0 0 6037 300800
6037 300701 0 0 0 6037 300800
6037 300702 0 0 0 6037 300800
6037 300800 116 14 1 6037 300800
6037 300901 0 0 0 6037 300800
6037 300902 0 0 0 6037 301000
6037 301000 244 21 1 6037 301000
6037 301100 0 0 0 6037 301000
6037 301203 0 0 0 6037 301000
6037 301204 0 0 0 6037 301000
6037 301205 0 0 0 6037 301000
6037 301206 0 0 0 6037 302401
6037 301300 0 0 0 6037 301000
6037 301400 0 0 0 6037 301000
6037 301501 0 0 0 6037 311601
6037 301502 0 0 0 6037 311601
6037 301601 0 0 0 6037 311601
6037 301602 0 0 0 6037 311601
6037 301701 0 0 0 6037 302401
6037 301702 0 0 0 6037 302401
6037 301801 0 0 0 6037 301000
6037 301802 0 0 0 6037 302401
6037 301901 0 0 0 6037 301000
6037 301902 0 0 0 6037 301000
6037 302002 0 0 0 6037 301000
6037 302003 0 0 0 6037 301000
6037 302004 0 0 0 6037 301000
6037 302102 0 0 0 6037 302401
6037 302103 0 0 0 6037 301000
6037 302104 0 0 0 6037 301000
6037 302201 0 0 0 6037 302401
6037 302202 0 0 0 6037 302401
6037 302301 0 0 0 6037 302401
6037 302302 0 0 0 6037 302401
6037 302401 122 10 1 6037 302401
6037 302503 0 0 0 6037 302401
6037 302504 0 0 0 6037 302401
6037 302505 0 0 0 6037 302401
6037 302506 0 0 0 6037 302401
6037 310100 0 0 0 6037 311601
6037 310201 0 0 0 6037 311601
6037 310202 0 0 0 6037 311601
6037 310300 0 0 0 6037 311601
6037 310400 0 0 0 6037 311601
6037 310501 0 0 0 6037 311601
6037 310601 0 0 0 6037 311601
6037 310602 0 0 0 6037 311601
6037 310701 0 0 0 6037 311601
6037 310703 0 0 0 6037 311601
6037 310704 0 0 0 6037 311601
6037 310705 0 0 0 6037 311601
6037 310800 0 0 0 6037 311601
6037 310900 0 0 0 6037 311601
6037 311000 0 0 0 6037 311601
6037 311100 0 0 0 6037 311601
6037 311200 0 0 0 6037 311601
6037 311300 0 0 0 6037 311601
6037 311400 0 0 0 6037 311601
6037 311500 0 0 0 6037 311601
6037 311601 276 42 1 6037 311601
6037 311602 0 0 0 6037 311601
6037 311700 0 0 0 6037 311601
6037 311801 0 0 0 6037 311601
6037 311802 0 0 0 6037 311601
6037 320101 0 0 0 6037 106010
6037 320102 0 0 0 6037 109100
6037 320201 0 0 0 6037 109100
6037 320202 0 0 0 6037 109100
6037 320300 0 0 0 6037 109100
6037 400205 0 0 0 6037 401707
6037 400206 0 0 0 6037 401707
6037 400207 0 0 0 6037 401707
6037 400208 0 0 0 6037 401707
6037 400209 0 0 0 6037 401707
6037 400304 0 0 0 6037 401312
6037 400402 0 0 0 6037 401102
6037 400403 0 0 0 6037 401312
6037 400404 0 0 0 6037 401102
6037 400501 0 0 0 6037 401102
6037 400602 0 0 0 6037 401102
6037 400603 0 0 0 6037 401102
6037 400605 0 0 0 6037 401102
6037 400801 0 0 0 6037 401102
6037 401001 0 0 0 6037 401102
6037 401002 0 0 0 6037 401102
6037 401101 0 0 0 6037 401102
6037 401102 106 18 1 6037 401102
6037 401201 0 0 0 6037 401312
6037 401202 0 0 0 6037 401312
6037 401203 0 0 0 6037 401102
6037 401303 0 0 0 6037 401312
6037 401304 0 0 0 6037 401312
6037 401311 0 0 0 6037 401312
6037 401312 143 8 1 6037 401312
6037 401500 0 0 0 6037 402102
6037 401601 0 0 0 6037 401707
6037 401602 0 0 0 6037 401707
6037 401705 0 0 0 6037 401707
6037 401706 0 0 0 6037 401707
6037 401707 99 6 1 6037 401707
6037 401801 0 0 0 6037 401707
6037 401802 0 0 0 6037 401707
6037 401901 0 0 0 6071 203
6037 401902 0 0 0 6037 401707
6037 402001 0 0 0 6037 402102
6037 402002 0 0 0 6071 203
6037 402101 0 0 0 6037 402102
6037 402102 393 50 1 6037 402102
6037 402200 0 0 0 6037 402102
6037 402301 0 0 0 6037 402102
6037 402303 0 0 0 6037 402102
6037 402304 0 0 0 6037 402102
6037 402403 0 0 0 6037 401312
6037 402404 0 0 0 6037 401312
6037 402405 0 0 0 6037 401312
6037 402406 0 0 0 6037 402102
6037 402501 0 0 0 6037 402102
6037 402503 0 0 0 6037 402102
6037 402504 0 0 0 6037 402102
6037 402601 0 0 0 6037 402102
6037 402602 0 0 0 6037 402102
6037 402702 0 0 0 6071 203
6037 402703 0 0 0 6037 402102
6037 402705 0 0 0 6037 402102
6037 402706 0 0 0 6071 203
6037 402801 0 0 0 6037 402102
6037 402803 0 0 0 6037 402102
6037 402804 0 0 0 6037 402102
6037 402902 0 0 0 6037 402102
6037 402903 0 0 0 6071 604
6037 402904 0 0 0 6071 604
6037 403000 0 0 0 6037 402102
6037 403305 0 0 0 6059 1506
6037 403316 0 0 0 6037 402102
6037 403317 0 0 0 6037 402102
6037 403318 0 0 0 6037 402102
6037 403319 0 0 0 6037 401312
6037 403320 0 0 0 6037 402102
6037 403321 0 0 0 6037 402102
6037 403323 0 0 0 6059 1506
6037 403324 0 0 0 6059 1506
6037 403325 0 0 0 6059 1506
6037 403326 0 0 0 6059 1506
6037 403327 0 0 0 6037 401312
6037 403328 0 0 0 6059 1506
6037 403401 0 0 0 6059 1506
6037 403402 0 0 0 6037 406101
6037 403403 0 0 0 6037 401312
6037 403404 0 0 0 6037 406101
6037 403407 0 0 0 6037 406101
6037 403408 0 0 0 6037 406101
6037 403409 0 0 0 6037 401312
6037 403500 0 0 0 6037 401312
6037 403601 0 0 0 6037 406101
6037 403702 0 0 0 6037 401312
6037 403703 0 0 0 6037 401312
6037 403721 0 0 0 6037 406101
6037 403722 0 0 0 6037 406101
6037 403801 0 0 0 6037 406101
6037 403802 0 0 0 6037 401312
6037 403901 0 0 0 6037 401102
6037 403902 0 0 0 6037 401102
6037 404000 0 0 0 6037 401102
6037 404100 0 0 0 6037 406101
6037 404201 0 0 0 6037 401102
6037 404203 0 0 0 6037 401102
6037 404301 0 0 0 6037 401102
6037 404302 0 0 0 6037 406101
6037 404401 0 0 0 6037 401102
6037 404402 0 0 0 6037 406101
6037 404501 0 0 0 6037 406101
6037 404503 0 0 0 6037 406101
6037 404504 0 0 0 6037 406101
6037 404600 0 0 0 6037 430102
6037 404701 0 0 0 6037 404703
6037 404702 0 0 0 6037 404703
6037 404703 175 12 1 6037 404703
6037 404804 0 0 0 6037 404703
6037 404805 0 0 0 6037 404703
6037 404806 0 0 0 6037 406903
6037 404901 0 0 0 6037 404703
6037 404902 0 0 0 6037 404703
6037 404903 0 0 0 6037 404703
6037 405001 0 0 0 6037 430102
6037 405002 0 0 0 6037 430102
6037 405101 0 0 0 6037 406801
6037 405102 0 0 0 6037 406801
6037 405201 0 0 0 6037 406801
6037 405202 0 0 0 6037 406801
6037 405203 0 0 0 6037 406801
6037 405301 0 0 0 6037 406801
6037 405302 0 0 0 6037 406801
6037 405400 0 0 0 6037 406801
6037 405500 0 0 0 6037 406801
6037 405600 0 0 0 6037 406101
6037 405701 0 0 0 6037 406101
6037 405702 0 0 0 6037 406101
6037 405800 0 0 0 6037 406101
6037 405900 0 0 0 6037 406101
6037 406000 0 0 0 6037 406101
6037 406101 486 40 1 6037 406101
6037 406103 0 0 0 6037 406101
6037 406201 0 0 0 6037 406101
6037 406300 0 0 0 6037 406101
6037 406413 0 0 0 6037 406101
6037 406500 0 0 0 6037 406801
6037 406601 0 0 0 6037 406801
6037 406602 0 0 0 6037 406801
6037 406701 0 0 0 6037 406801
6037 406702 0 0 0 6037 406801
6037 406801 13 0 1 6037 406801
6037 406903 76 8 1 6037 406903
6037 407001 0 0 0 6037 406903
6037 407002 0 0 0 6037 404703
6037 407101 0 0 0 6037 406903
6037 407102 0 0 0 6037 406903
6037 407201 0 0 0 6037 406903
6037 407202 0 0 0 6037 406903
6037 407301 0 0 0 6037 406903
6037 407302 0 0 0 6037 406903
6037 407400 0 0 0 6037 406903
6037 407501 0 0 0 6037 406801
6037 407502 0 0 0 6037 406801
6037 407601 0 0 0 6037 406903
6037 407602 0 0 0 6037 406903
6037 407701 0 0 0 6037 406903
6037 407702 0 0 0 6037 406903
6037 407801 0 0 0 6037 406801
6037 407802 0 0 0 6037 406801
6037 407901 0 0 0 6037 406801
6037 407902 0 0 0 6037 406801
6037 408003 0 0 0 6037 406801
6037 408004 0 0 0 6037 406801
6037 408005 0 0 0 6037 406101
6037 408006 0 0 0 6037 406801
6037 408133 0 0 0 6037 406801
6037 408134 0 0 0 6037 406801
6037 408135 0 0 0 6037 406801
6037 408136 0 0 0 6059 1506
6037 408137 0 0 0 6059 1506
6037 408138 0 0 0 6037 406801
6037 408139 0 0 0 6037 406801
6037 408140 0 0 0 6037 406801
6037 408141 0 0 0 6059 1506
6037 408212 0 0 0 6059 1506
6037 408213 0 0 0 6059 1506
6037 408301 0 0 0 6037 404703
6037 408302 0 0 0 6037 434100
6037 408303 0 0 0 6037 404703
6037 408401 0 0 0 6037 406903
6037 408402 0 0 0 6037 404703
6037 408503 0 0 0 6037 500202
6037 408504 0 0 0 6037 500202
6037 408505 0 0 0 6037 500202
6037 408623 0 0 0 6037 500202
6037 408624 0 0 0 6037 500202
6037 408625 0 0 0 6037 500202
6037 408626 0 0 0 6059 1506
6037 408627 0 0 0 6059 1506
6037 408628 0 0 0 6037 500202
6037 408629 0 0 0 6037 500202
6037 408631 0 0 0 6037 500202
6037 408703 0 0 0 6059 1506
6037 408705 0 0 0 6059 1506
6037 408707 0 0 0 6059 1506
6037 408722 0 0 0 6059 1506
6037 408724 0 0 0 6059 1506
6037 408725 0 0 0 6059 1506
6037 408800 0 0 0 6037 402102
6037 408900 0 0 0 6037 401707
6037 409000 0 0 0 6037 402102
6037 409100 0 0 0 6037 406903
6037 430003 0 0 0 6037 431004
6037 430004 0 0 0 6037 430102
6037 430005 0 0 0 6037 430102
6037 430101 0 0 0 6037 430102
6037 430102 196 18 1 6037 430102
6037 430200 0 0 0 6037 431004
6037 430301 0 0 0 6037 431004
6037 430302 0 0 0 6037 431004
6037 430400 0 0 0 6037 431004
6037 430501 0 0 0 6037 430721
6037 430502 0 0 0 6037 430721
6037 430600 0 0 0 6037 430721
6037 430701 0 0 0 6037 430721
6037 430721 184 17 1 6037 430721
6037 430723 0 0 0 6037 430721
6037 430724 0 0 0 6037 430721
6037 430801 0 0 0 6037 430721
6037 430802 0 0 0 6037 430721
6037 430803 0 0 0 6037 430721
6037 430901 0 0 0 6037 431004
6037 430902 0 0 0 6037 431004
6037 431002 0 0 0 6037 431004
6037 431003 0 0 0 6037 431004
6037 431004 49 4 1 6037 431004
6037 431100 0 0 0 6037 431004
6037 431200 0 0 0 6037 430102
6037 431300 0 0 0 6037 430102
6037 431400 0 0 0 6037 430102
6037 431501 0 0 0 6037 430721
6037 431502 0 0 0 6037 430721
6037 431600 0 0 0 6037 430721
6037 431701 0 0 0 6037 430721
6037 431800 0 0 0 6037 430721
6037 431900 0 0 0 6037 430721
6037 432001 0 0 0 6037 430721
6037 432002 0 0 0 6037 430721
6037 432101 0 0 0 6037 430721
6037 432102 0 0 0 6037 481101
6037 432201 0 0 0 6037 481101
6037 432202 0 0 0 6037 481101
6037 432300 0 0 0 6037 434100
6037 432401 0 0 0 6037 404703
6037 432402 0 0 0 6037 404703
6037 432501 0 0 0 6037 404703
6037 432502 0 0 0 6037 404703
6037 432601 0 0 0 6037 404703
6037 432602 0 0 0 6037 404703
6037 432700 0 0 0 6037 434100
6037 432801 0 0 0 6037 434100
6037 432802 0 0 0 6037 434100
6037 432901 0 0 0 6037 434100
6037 432902 0 0 0 6037 434100
6037 433103 0 0 0 6037 434100
6037 433200 0 0 0 6037 434100
6037 433302 0 0 0 6037 404703
6037 433304 0 0 0 6037 404703
6037 433305 0 0 0 6037 404703
6037 433306 0 0 0 6037 404703
6037 433307 0 0 0 6037 404703
6037 433402 0 0 0 6037 434100
6037 433403 0 0 0 6037 434100
6037 433505 0 0 0 6037 434100
6037 433506 0 0 0 6037 434100
6037 433601 0 0 0 6037 434100
6037 433602 0 0 0 6037 434100
6037 433803 0 0 0 6037 434100
6037 433804 0 0 0 6037 434100
6037 433901 0 0 0 6037 404703
6037 433903 0 0 0 6037 434100
6037 434001 0 0 0 6037 404703
6037 434003 0 0 0 6037 434100
6037 434004 0 0 0 6037 434100
6037 434100 50 10 1 6037 434100
6037 460001 0 0 0 6037 430721
6037 460002 0 0 0 6037 430721
6037 460101 0 0 0 6037 463900
6037 460200 0 0 0 6037 300800
6037 460301 0 0 0 6037 300800
6037 460302 0 0 0 6037 300800
6037 460401 0 0 0 6037 300800
6037 460501 0 0 0 6037 300800
6037 460502 0 0 0 6037 300800
6037 460601 0 0 0 6037 300800
6037 460700 0 0 0 6037 300800
6037 460800 0 0 0 6037 463900
6037 460900 0 0 0 6037 463900
6037 461000 0 0 0 6037 300800
6037 461100 0 0 0 6037 463900
6037 461200 0 0 0 6037 463900
6037 461300 0 0 0 6037 463900
6037 461400 0 0 0 6037 463900
6037 461501 0 0 0 6037 463900
6037 461502 0 0 0 6037 463900
6037 461600 0 0 0 6037 463900
6037 461700 0 0 0 6037 463900
6037 461901 0 0 0 6037 463900
6037 461902 0 0 0 6037 463900
6037 462001 0 0 0 6037 463900
6037 462002 0 0 0 6037 463900
6037 462100 0 0 0 6037 463900
6037 462201 0 0 0 6037 463900
6037 462202 0 0 0 6037 463900
6037 462301 0 0 0 6037 463900
6037 462302 0 0 0 6037 463900
6037 462400 0 0 0 6037 463900
6037 462500 0 0 0 6037 430721
6037 462600 0 0 0 6037 463900
6037 462700 0 0 0 6037 463900
6037 462800 0 0 0 6037 463900
6037 462900 0 0 0 6037 430721
6037 463000 0 0 0 6037 430721
6037 463103 0 0 0 6037 430721
6037 463200 0 0 0 6037 430721
6037 463300 0 0 0 6037 481101
6037 463400 0 0 0 6037 463900
6037 463500 0 0 0 6037 463900
6037 463601 0 0 0 6037 463900
6037 463602 0 0 0 6037 463900
6037 463700 0 0 0 6037 463900
6037 463800 0 0 0 6037 463900
6037 463900 505 37 1 6037 463900
6037 464000 0 0 0 6037 463900
6037 464101 0 0 0 6037 481101
6037 464102 0 0 0 6037 481101
6037 464200 0 0 0 6037 481101
6037 480002 0 0 0 6037 481101
6037 480011 0 0 0 6037 430721
6037 480012 0 0 0 6037 481101
6037 480101 0 0 0 6037 481101
6037 480102 0 0 0 6037 481101
6037 480201 0 0 0 6037 481101
6037 480202 0 0 0 6037 481101
6037 480302 0 0 0 6037 481101
6037 480303 0 0 0 6037 480901
6037 480304 0 0 0 6037 480901
6037 480400 0 0 0 6037 480901
6037 480500 0 0 0 6037 480901
6037 480601 0 0 0 6037 463900
6037 480602 0 0 0 6037 463900
6037 480702 0 0 0 6037 463900
6037 480703 0 0 0 6037 463900
6037 480704 0 0 0 6037 480901
6037 480802 0 0 0 6037 480901
6037 480803 0 0 0 6037 480901
6037 480804 0 0 0 6037 480901
6037 480901 55 8 1 6037 480901
6037 480902 0 0 0 6037 480901
6037 480903 0 0 0 6037 481713
6037 481001 0 0 0 6037 480901
6037 481002 0 0 0 6037 481101
6037 481101 142 16 1 6037 481101
6037 481102 0 0 0 6037 481101
6037 481103 0 0 0 6037 481101
6037 481201 0 0 0 6037 481101
6037 481203 0 0 0 6037 481101
6037 481300 0 0 0 6037 481101
6037 481401 0 0 0 6037 481101
6037 481403 0 0 0 6037 481101
6037 481404 0 0 0 6037 481101
6037 481500 0 0 0 6037 481101
6037 481603 0 0 0 6037 480901
6037 481604 0 0 0 6037 480901
6037 481605 0 0 0 6037 481713
6037 481606 0 0 0 6037 481713
6037 481711 0 0 0 6037 481713
6037 481712 0 0 0 6037 481713
6037 481713 210 21 1 6037 481713
6037 481714 0 0 0 6037 481713
6037 481800 0 0 0 6037 481713
6037 481901 0 0 0 6037 480901
6037 481902 0 0 0 6037 481713
6037 482001 0 0 0 6037 482102
6037 482002 0 0 0 6037 482102
6037 482101 0 0 0 6037 482102
6037 482102 70 5 1 6037 482102
6037 482201 0 0 0 6037 481713
6037 482202 0 0 0 6037 481713
6037 482301 0 0 0 6037 481713
6037 482303 0 0 0 6037 481713
6037 482304 0 0 0 6037 481713
6037 482401 0 0 0 6037 434100
6037 482403 0 0 0 6037 434100
6037 482404 0 0 0 6037 434100
6037 482502 0 0 0 6037 481713
6037 482503 0 0 0 6037 481713
6037 482521 0 0 0 6037 482102
6037 482522 0 0 0 6037 530101
6037 482600 0 0 0 6037 482102
6037 482701 0 0 0 6037 482102
6037 482702 0 0 0 6037 482102
6037 482801 0 0 0 6037 482102
6037 500100 0 0 0 6037 500202
6037 500202 156 16 1 6037 500202
6037 500203 0 0 0 6037 500202
6037 500204 0 0 0 6037 500202
6037 500300 0 0 0 6037 434100
6037 500402 0 0 0 6037 530101
6037 500403 0 0 0 6037 530101
6037 500404 0 0 0 6037 530101
6037 500500 0 0 0 6037 530101
6037 500600 0 0 0 6037 530101
6037 500700 0 0 0 6037 530101
6037 500800 0 0 0 6037 502100
6037 500900 0 0 0 6037 530101
6037 501001 0 0 0 6037 502100
6037 501002 0 0 0 6037 502100
6037 501200 0 0 0 6037 502100
6037 501301 0 0 0 6037 502100
6037 501302 0 0 0 6037 502100
6037 501400 0 0 0 6037 502100
6037 501501 0 0 0 6037 502100
6037 501503 0 0 0 6037 502100
6037 501504 0 0 0 6037 502100
6037 501600 0 0 0 6037 500202
6037 501700 0 0 0 6037 500202
6037 501802 0 0 0 6037 502100
6037 501803 0 0 0 6037 502100
6037 501804 0 0 0 6037 502100
6037 501900 0 0 0 6037 502100
6037 502003 0 0 0 6037 502100
6037 502004 0 0 0 6037 502100
6037 502005 0 0 0 6037 502100
6037 502100 398 48 1 6037 502100
6037 502200 0 0 0 6037 502100
6037 502303 0 0 0 6037 502100
6037 502401 0 0 0 6037 530101
6037 502402 0 0 0 6037 502100
6037 502500 0 0 0 6037 530101
6037 502602 0 0 0 6037 551300
6037 502603 0 0 0 6037 502100
6037 502604 0 0 0 6037 551300
6037 502700 0 0 0 6037 502100
6037 502801 0 0 0 6037 552001
6037 502901 0 0 0 6037 502100
6037 503000 0 0 0 6037 504001
6037 503103 0 0 0 6037 504001
6037 503104 0 0 0 6037 504001
6037 503105 0 0 0 6037 504001
6037 503106 0 0 0 6037 504001
6037 503201 0 0 0 6037 504001
6037 503202 0 0 0 6037 504001
6037 503301 0 0 0 6037 500202
6037 503302 0 0 0 6037 500202
6037 503401 0 0 0 6037 500202
6037 503402 0 0 0 6037 500202
6037 503501 0 0 0 6037 504001
6037 503502 0 0 0 6037 504001
6037 503601 0 0 0 6037 504001
6037 503602 0 0 0 6037 504001
6037 503701 0 0 0 6037 504001
6037 503702 0 0 0 6037 504001
6037 503704 0 0 0 6037 504001
6037 503705 0 0 0 6037 504001
6037 503801 0 0 0 6037 504001
6037 503802 0 0 0 6037 504001
6037 503901 0 0 0 6037 504001
6037 503902 0 0 0 6037 504001
6037 504001 142 19 1 6037 504001
6037 504002 0 0 0 6037 504001
6037 504101 0 0 0 6037 504001
6037 504200 0 0 0 6037 502100
6037 530005 0 0 0 6037 530101
6037 530006 0 0 0 6037 530101
6037 530007 0 0 0 6037 530101
6037 530101 167 25 1 6037 530101
6037 530102 0 0 0 6037 530101
6037 530202 0 0 0 6037 482102
6037 530203 0 0 0 6037 482102
6037 530204 0 0 0 6037 530101
6037 530301 0 0 0 6037 531301
6037 530302 0 0 0 6037 482102
6037 530400 0 0 0 6037 482102
6037 530500 0 0 0 6037 531301
6037 530603 0 0 0 6037 203300
6037 530700 0 0 0 6037 203300
6037 530801 0 0 0 6037 203300
6037 530802 0 0 0 6037 203300
6037 530901 0 0 0 6037 203300
6037 530902 0 0 0 6037 531301
6037 531000 0 0 0 6037 531301
6037 531101 0 0 0 6037 531301
6037 531102 0 0 0 6037 531301
6037 531201 0 0 0 6037 531301
6037 531202 0 0 0 6037 531301
6037 531301 40 4 1 6037 531301
6037 531302 152 20 1 6037 531302
6037 531502 0 0 0 6037 531301
6037 531503 0 0 0 6037 531301
6037 531504 0 0 0 6037 531301
6037 531602 0 0 0 6037 531301
6037 531603 0 0 0 6037 531301
6037 531604 0 0 0 6037 531301
6037 531701 0 0 0 6037 531301
6037 531702 0 0 0 6037 531302
6037 531800 0 0 0 6037 482102
6037 531901 0 0 0 6037 531302
6037 531902 0 0 0 6037 530101
6037 532001 0 0 0 6037 530101
6037 532002 0 0 0 6037 530101
6037 532101 0 0 0 6037 530101
6037 532102 0 0 0 6037 530101
6037 532200 0 0 0 6037 530101
6037 532302 0 0 0 6037 531302
6037 532303 0 0 0 6037 531302
6037 532304 0 0 0 6037 531302
6037 532500 65 8 1 6037 532500
6037 532605 0 0 0 6037 532500
6037 532606 0 0 0 6037 532500
6037 532607 0 0 0 6037 532500
6037 532700 0 0 0 6037 532500
6037 532800 0 0 0 6037 532500
6037 532900 0 0 0 6037 532500
6037 533001 0 0 0 6037 532500
6037 533002 0 0 0 6037 532500
6037 533103 0 0 0 6037 532500
6037 533104 0 0 0 6037 532500
6037 533105 0 0 0 6037 532500
6037 533108 0 0 0 6037 532500
6037 533201 0 0 0 6037 532500
6037 533204 0 0 0 6037 532500
6037 533300 0 0 0 6037 532500
6037 533401 0 0 0 6037 532500
6037 533402 0 0 0 6037 532500
6037 533403 0 0 0 6037 532500
6037 533501 0 0 0 6037 532500
6037 533504 0 0 0 6037 532500
6037 533601 0 0 0 6037 532500
6037 533602 0 0 0 6037 532500
6037 533603 0 0 0 6037 532500
6037 533701 0 0 0 6037 531302
6037 533702 0 0 0 6037 532500
6037 533703 0 0 0 6037 531302
6037 533803 0 0 0 6037 532500
6037 533804 0 0 0 6037 532500
6037 533805 0 0 0 6037 532500
6037 533806 0 0 0 6037 532500
6037 533901 0 0 0 6037 551300
6037 533902 0 0 0 6037 551300
6037 534001 0 0 0 6037 551300
6037 534002 0 0 0 6037 551300
6037 534101 0 0 0 6037 551300
6037 534102 0 0 0 6037 551300
6037 534201 0 0 0 6037 980012
6037 534202 0 0 0 6037 551300
6037 534203 0 0 0 6037 551300
6037 534301 0 0 0 6037 540203
6037 534302 0 0 0 6037 980012
6037 534403 0 0 0 6037 532500
6037 534404 0 0 0 6037 532500
6037 534405 0 0 0 6037 532500
6037 534406 0 0 0 6037 980012
6037 534501 0 0 0 6037 532500
6037 534502 0 0 0 6037 532500
6037 534700 0 0 0 6037 532500
6037 534802 0 0 0 6037 532500
6037 534803 0 0 0 6037 532500
6037 534804 0 0 0 6037 532500
6037 534900 0 0 0 6037 532500
6037 535001 0 0 0 6037 532500
6037 535002 0 0 0 6037 532500
6037 535101 0 0 0 6037 532500
6037 535102 0 0 0 6037 540700
6037 535200 0 0 0 6037 540700
6037 535300 0 0 0 6037 532500
6037 535400 0 0 0 6037 540700
6037 535501 0 0 0 6037 532500
6037 535502 0 0 0 6037 532500
6037 535503 0 0 0 6037 540203
6037 535603 0 0 0 6037 540203
6037 535604 0 0 0 6037 540203
6037 535605 0 0 0 6037 540203
6037 535606 0 0 0 6037 540203
6037 535607 0 0 0 6037 540203
6037 535701 0 0 0 6037 540203
6037 535702 0 0 0 6037 540203
6037 535802 0 0 0 6037 540203
6037 535803 0 0 0 6037 540203
6037 535804 0 0 0 6037 540203
6037 535901 0 0 0 6037 540203
6037 535902 0 0 0 6037 540203
6037 536000 0 0 0 6037 540203
6037 536102 0 0 0 6037 980012
6037 536103 0 0 0 6037 540203
6037 536104 0 0 0 6037 980012
6037 536201 0 0 0 6037 980012
6037 536202 0 0 0 6037 980012
6037 540000 0 0 0 6037 980012
6037 540101 0 0 0 6037 540203
6037 540102 0 0 0 6037 540203
6037 540201 0 0 0 6037 540203
6037 540202 0 0 0 6037 540203
6037 540203 280 35 1 6037 540203
6037 540300 0 0 0 6037 540203
6037 540400 0 0 0 6037 540700
6037 540501 0 0 0 6037 540203
6037 540502 0 0 0 6037 540203
6037 540600 0 0 0 6037 540700
6037 540700 200 20 1 6037 540700
6037 540800 0 0 0 6037 540700
6037 540901 0 0 0 6037 540700
6037 540902 0 0 0 6037 603004
6037 541003 0 0 0 6037 603101
6037 541100 0 0 0 6037 540700
6037 541200 0 0 0 6037 540700
6037 541300 0 0 0 6037 540700
6037 541401 0 0 0 6037 540700
6037 541402 0 0 0 6037 540700
6037 541500 0 0 0 6037 540700
6037 541603 0 0 0 6037 540203
6037 541604 0 0 0 6037 540203
6037 541605 0 0 0 6037 540203
6037 541606 0 0 0 6037 540203
6037 541700 0 0 0 6037 540203
6037 541801 0 0 0 6037 540203
6037 541802 0 0 0 6037 540203
6037 542000 0 0 0 6037 540203
6037 542103 0 0 0 6037 553802
6037 542104 0 0 0 6037 553802
6037 542105 0 0 0 6037 553802
6037 542106 0 0 0 6037 553802
6037 542200 0 0 0 6037 553802
6037 542401 0 0 0 6037 553802
6037 542402 0 0 0 6037 553802
6037 542501 0 0 0 6037 540700
6037 542502 0 0 0 6037 540700
6037 542601 0 0 0 6037 540700
6037 542602 0 0 0 6037 540700
6037 542700 0 0 0 6037 540700
6037 542800 0 0 0 6037 540700
6037 542900 0 0 0 6037 540700
6037 543000 0 0 0 6037 603101
6037 543100 0 0 0 6037 603101
6037 543201 0 0 0 6037 540700
6037 543203 0 0 0 6037 540700
6037 543304 0 0 0 6037 543503
6037 543305 0 0 0 6037 553802
6037 543306 0 0 0 6037 572202
6037 543321 0 0 0 6037 603101
6037 543322 0 0 0 6037 543503
6037 543400 0 0 0 6037 543503
6037 543501 0 0 0 6037 543503
6037 543502 0 0 0 6037 543503
6037 543503 319 38 1 6037 543503
6037 543601 0 0 0 6037 543503
6037 543603 0 0 0 6037 294421
6037 543605 0 0 0 6037 543503
6037 543606 0 0 0 6037 543503
6037 543607 0 0 0 6037 543503
6037 543701 0 0 0 6037 543503
6037 543703 0 0 0 6037 294421
6037 543704 0 0 0 6037 543503
6037 543705 0 0 0 6037 543503
6037 543801 0 0 0 6037 543503
6037 543803 0 0 0 6037 543503
6037 543804 0 0 0 6037 543503
6037 543903 0 0 0 6037 543503
6037 543905 0 0 0 6037 543503
6037 544001 0 0 0 6037 572202
6037 544002 0 0 0 6037 572202
6037 550101 0 0 0 6037 552001
6037 550201 0 0 0 6037 552001
6037 550202 0 0 0 6037 552001
6037 550301 0 0 0 6037 552001
6037 550501 0 0 0 6037 551300
6037 550502 0 0 0 6037 551300
6037 550601 0 0 0 6037 551300
6037 550602 0 0 0 6037 551300
6037 550700 0 0 0 6037 551300
6037 550801 0 0 0 6037 551300
6037 550802 0 0 0 6037 551300
6037 550901 0 0 0 6037 551300
6037 550902 0 0 0 6037 551300
6037 551001 0 0 0 6037 551101
6037 551002 0 0 0 6037 551300
6037 551101 290 28 1 6037 551101
6037 551102 0 0 0 6037 551101
6037 551201 0 0 0 6037 551300
6037 551203 0 0 0 6037 551101
6037 551204 0 0 0 6037 551300
6037 551300 134 18 1 6037 551300
6037 551401 0 0 0 6037 980012
6037 551402 0 0 0 6037 551300
6037 551501 0 0 0 6037 980012
6037 551502 0 0 0 6037 980012
6037 551700 0 0 0 6037 980012
6037 551801 0 0 0 6037 551101
6037 551802 0 0 0 6037 551101
6037 551900 0 0 0 6037 552001
6037 552001 68 7 1 6037 552001
6037 552002 0 0 0 6037 552001
6037 552100 0 0 0 6037 552001
6037 552200 0 0 0 6037 552001
6037 552301 0 0 0 6037 552001
6037 552302 0 0 0 6037 552001
6037 552400 0 0 0 6037 504001
6037 552601 0 0 0 6037 552001
6037 552602 0 0 0 6037 552001
6037 552700 0 0 0 6037 552001
6037 552800 0 0 0 6037 552001
6037 552900 0 0 0 6037 552001
6037 553000 0 0 0 6037 552001
6037 553100 0 0 0 6037 552001
6037 553201 0 0 0 6037 551101
6037 553202 0 0 0 6037 552001
6037 553300 0 0 0 6037 551101
6037 553400 0 0 0 6037 980012
6037 553502 0 0 0 6037 553802
6037 553503 0 0 0 6037 980012
6037 553504 0 0 0 6037 980012
6037 553601 0 0 0 6037 553802
6037 553602 0 0 0 6037 980012
6037 553701 0 0 0 6037 553802
6037 553702 0 0 0 6037 553802
6037 553801 0 0 0 6037 553802
6037 553802 89 12 1 6037 553802
6037 553901 0 0 0 6037 553802
6037 553902 0 0 0 6037 553802
6037 554001 0 0 0 6037 551101
6037 554002 0 0 0 6037 551101
6037 554101 0 0 0 6037 551101
6037 554105 0 0 0 6037 552001
6037 554106 0 0 0 6037 552001
6037 554201 0 0 0 6037 553802
6037 554203 0 0 0 6037 570701
6037 554204 0 0 0 6037 570701
6037 554301 0 0 0 6037 553802
6037 554302 0 0 0 6037 570701
6037 554403 0 0 0 6037 570701
6037 554404 0 0 0 6037 570701
6037 554405 0 0 0 6037 570701
6037 554406 0 0 0 6037 570701
6037 554511 0 0 0 6059 110116
6037 554512 0 0 0 6059 110116
6037 554513 0 0 0 6037 552001
6037 554514 0 0 0 6059 110116
6037 554515 0 0 0 6059 110116
6037 554516 0 0 0 6059 110116
6037 554517 0 0 0 6059 110116
6037 554518 0 0 0 6059 110116
6037 554519 0 0 0 6059 110116
6037 554521 0 0 0 6037 552001
6037 554522 0 0 0 6059 110116
6037 554600 0 0 0 6037 552001
6037 554700 0 0 0 6037 552001
6037 554801 0 0 0 6037 552001
6037 554802 0 0 0 6059 110116
6037 554900 0 0 0 6059 110116
6037 555001 0 0 0 6059 110108
6037 555002 0 0 0 6059 110108
6037 555105 0 0 0 6059 110116
6037 555106 0 0 0 6059 110108
6037 555107 0 0 0 6059 110116
6037 555202 0 0 0 6059 110108
6037 555211 0 0 0 6059 110108
6037 555212 0 0 0 6059 110108
6037 555300 0 0 0 6037 552001
6037 570001 0 0 0 6037 570701
6037 570002 0 0 0 6037 570701
6037 570003 0 0 0 6037 570701
6037 570100 0 0 0 6037 570701
6037 570202 0 0 0 6037 553802
6037 570203 0 0 0 6037 553802
6037 570204 0 0 0 6037 570701
6037 570303 0 0 0 6037 553802
6037 570304 0 0 0 6037 553802
6037 570305 0 0 0 6037 553802
6037 570306 0 0 0 6037 553802
6037 570402 0 0 0 6037 553802
6037 570403 0 0 0 6037 553802
6037 570404 0 0 0 6037 553802
6037 570502 0 0 0 6037 553802
6037 570503 0 0 0 6037 553802
6037 570504 0 0 0 6037 553802
6037 570601 0 0 0 6037 570701
6037 570602 0 0 0 6037 570701
6037 570603 0 0 0 6037 570701
6037 570701 138 31 1 6037 570701
6037 570703 0 0 0 6037 570701
6037 570800 0 0 0 6037 570701
6037 570901 0 0 0 6037 570701
6037 570902 0 0 0 6037 570701
6037 571000 0 0 0 6059 110108
6037 571101 0 0 0 6037 570701
6037 571102 0 0 0 6037 570701
6037 571201 0 0 0 6037 570701
6037 571202 0 0 0 6037 570701
6037 571300 0 0 0 6037 570701
6037 571400 0 0 0 6037 570701
6037 571502 0 0 0 6037 570701
6037 571504 0 0 0 6037 570701
6037 571505 0 0 0 6037 570701
6037 571600 0 0 0 6037 570701
6037 571701 0 0 0 6037 572202
6037 571703 0 0 0 6037 570701
6037 571704 0 0 0 6037 570701
6037 571800 0 0 0 6037 572202
6037 571900 0 0 0 6037 572202
6037 572001 0 0 0 6037 572202
6037 572201 0 0 0 6037 572202
6037 572202 951 71 3 6037 572202
6037 572301 0 0 0 6037 572202
6037 572500 0 0 0 6037 572202
6037 572600 0 0 0 6037 572202
6037 572700 0 0 0 6037 572202
6037 573002 0 0 0 6037 576301
6037 573003 0 0 0 6037 572202
6037 573004 0 0 0 6037 572202
6037 573101 0 0 0 6037 572202
6037 573102 0 0 0 6037 572202
6037 573201 0 0 0 6037 572202
6037 573202 0 0 0 6037 576301
6037 573300 0 0 0 6037 576301
6037 573401 0 0 0 6037 572202
6037 573402 0 0 0 6037 572202
6037 573403 0 0 0 6037 572202
6037 573601 0 0 0 6037 570701
6037 573700 0 0 0 6059 110108
6037 573800 0 0 0 6059 110108
6037 573902 0 0 0 6059 110108
6037 574000 0 0 0 6059 110108
6037 574100 0 0 0 6059 110108
6037 574201 0 0 0 6059 110108
6037 574202 0 0 0 6037 572202
6037 574300 0 0 0 6059 110108
6037 574400 0 0 0 6059 110108
6037 574500 0 0 0 6059 110108
6037 574602 0 0 0 6059 110108
6037 574800 0 0 0 6037 576301
6037 574901 0 0 0 6059 110108
6037 574902 0 0 0 6037 576301
6037 575001 0 0 0 6037 576301
6037 575002 0 0 0 6037 576301
6037 575101 0 0 0 6037 576301
6037 575102 0 0 0 6037 576301
6037 575103 0 0 0 6037 576301
6037 575201 0 0 0 6037 576301
6037 575202 0 0 0 6037 576301
6037 575300 0 0 0 6037 576301
6037 575401 0 0 0 6037 576301
6037 575402 0 0 0 6037 576301
6037 575801 0 0 0 6037 576301
6037 575802 0 0 0 6037 576301
6037 575803 0 0 0 6037 576301
6037 575901 0 0 0 6037 576301
6037 575902 0 0 0 6037 576301
6037 576001 0 0 0 6037 576301
6037 576200 0 0 0 6037 576301
6037 576301 381 60 1 6037 576301
6037 576302 0 0 0 6037 576301
6037 576401 0 0 0 6037 576301
6037 576402 0 0 0 6037 576301
6037 576403 0 0 0 6037 576301
6037 576501 0 0 0 6037 576301
6037 576502 0 0 0 6037 576301
6037 576503 0 0 0 6037 576301
6037 576601 0 0 0 6037 576301
6037 576602 0 0 0 6037 576301
6037 576700 0 0 0 6037 576301
6037 576801 0 0 0 6037 576301
6037 576802 0 0 0 6037 576301
6037 576901 0 0 0 6037 576301
6037 576903 0 0 0 6037 576301
6037 576904 0 0 0 6037 576301
6037 577000 0 0 0 6037 576301
6037 577100 0 0 0 6037 576301
6037 577200 0 0 0 6037 576301
6037 577300 0 0 0 6037 576301
6037 577400 0 0 0 6037 576301
6037 577501 0 0 0 6037 576301
6037 577504 0 0 0 6037 576301
6037 577602 0 0 0 6059 110108
6037 577604 0 0 0 6059 110108
6037 577605 0 0 0 6037 576301
6037 577606 0 0 0 6037 576301
6037 577700 0 0 0 6037 572202
6037 577800 0 0 0 6037 552001
6037 577900 0 0 0 6037 572202
6037 578000 0 0 0 6037 572202
6037 578100 0 0 0 6059 110108
6037 599000 12 0 1 6037 599000
6037 599100 0 0 0 6037 599000
6037 600100 0 0 0 6037 601100
6037 600201 0 0 0 6037 601100
6037 600202 0 0 0 6037 601100
6037 600302 0 0 0 6037 601100
6037 600303 0 0 0 6037 603004
6037 600304 0 0 0 6037 540700
6037 600400 0 0 0 6037 601100
6037 600501 0 0 0 6037 601100
6037 600601 0 0 0 6037 601100
6037 600602 0 0 0 6037 601100
6037 600702 0 0 0 6037 601100
6037 600703 0 0 0 6037 601100
6037 600704 0 0 0 6037 601100
6037 600801 0 0 0 6037 601100
6037 600802 0 0 0 6037 601100
6037 600902 0 0 0 6037 703002
6037 600911 0 0 0 6037 703002
6037 600912 0 0 0 6037 703002
6037 601001 0 0 0 6037 601100
6037 601002 0 0 0 6037 601100
6037 601100 256 31 1 6037 601100
6037 601202 0 0 0 6037 601100
6037 601211 0 0 0 6037 601100
6037 601212 0 0 0 6037 601100
6037 601301 0 0 0 6037 703002
6037 601302 0 0 0 6037 703002
6037 601303 0 0 0 6037 703002
6037 601401 0 0 0 6037 601100
6037 601402 0 0 0 6037 601100
6037 601501 0 0 0 6037 601100
6037 601502 0 0 0 6037 601100
6037 601600 0 0 0 6037 601100
6037 601700 0 0 0 6037 601100
6037 601801 0 0 0 6037 601100
6037 601802 0 0 0 6037 601100
6037 601900 0 0 0 6037 601100
6037 602002 0 0 0 6037 601100
6037 602003 0 0 0 6037 601100
6037 602103 0 0 0 6037 601100
6037 602104 0 0 0 6037 601100
6037 602105 0 0 0 6037 601100
6037 602106 0 0 0 6037 601100
6037 602201 0 0 0 6037 601100
6037 602202 0 0 0 6037 601100
6037 602301 0 0 0 6037 601100
6037 602302 0 0 0 6037 601100
6037 602402 0 0 0 6037 601100
6037 602403 0 0 0 6037 601100
6037 602404 0 0 0 6037 601100
6037 602504 0 0 0 6037 603004
6037 602505 0 0 0 6037 603004
6037 602506 0 0 0 6037 603004
6037 602507 0 0 0 6037 603004
6037 602510 0 0 0 6037 601100
6037 602511 0 0 0 6037 601100
6037 602512 0 0 0 6037 603004
6037 602513 0 0 0 6037 601100
6037 602601 0 0 0 6037 603004
6037 602602 0 0 0 6037 603004
6037 602700 0 0 0 6037 603004
6037 602801 0 0 0 6037 603004
6037 602802 0 0 0 6037 603004
6037 602900 0 0 0 6037 603004
6037 603004 172 10 1 6037 603004
6037 603005 0 0 0 6037 603004
6037 603006 0 0 0 6037 603004
6037 603007 0 0 0 6037 603004
6037 603008 0 0 0 6037 603004
6037 603101 45 9 1 6037 603101
6037 603102 0 0 0 6037 603101
6037 603200 0 0 0 6037 603101
6037 603301 0 0 0 6037 603101
6037 603302 0 0 0 6037 603101
6037 603400 0 0 0 6037 603004
6037 603500 0 0 0 6037 603004
6037 603600 0 0 0 6037 603004
6037 603702 0 0 0 6037 603004
6037 603703 0 0 0 6037 603004
6037 603705 0 0 0 6037 603004
6037 603706 0 0 0 6037 603004
6037 603801 0 0 0 6037 603004
6037 603802 0 0 0 6037 603004
6037 603901 0 0 0 6037 603004
6037 603902 0 0 0 6037 603004
6037 604001 0 0 0 6037 650606
6037 604002 0 0 0 6037 650606
6037 604101 0 0 0 6037 603004
6037 604102 0 0 0 6037 650606
6037 604200 0 0 0 6037 601100
6037 609900 82 9 1 6037 609900
6037 620001 0 0 0 6037 601100
6037 620002 0 0 0 6037 601100
6037 620101 0 0 0 6037 275312
6037 620102 0 0 0 6037 275312
6037 620201 0 0 0 6037 601100
6037 620301 0 0 0 6037 601100
6037 620303 0 0 0 6037 650606
6037 620305 0 0 0 6037 650606
6037 620400 0 0 0 6037 650606
6037 620501 0 0 0 6037 650606
6037 620521 0 0 0 6037 650606
6037 620522 0 0 0 6037 650606
6037 620601 0 0 0 6037 650606
6037 620602 0 0 0 6037 650606
6037 620701 0 0 0 6037 650606
6037 620703 0 0 0 6037 650606
6037 620704 0 0 0 6037 650606
6037 620801 0 0 0 6037 650606
6037 620802 0 0 0 6037 650606
6037 620901 0 0 0 6037 650606
6037 620904 0 0 0 6037 650606
6037 621001 0 0 0 6037 650606
6037 621005 0 0 0 6037 650606
6037 621102 0 0 0 6037 650606
6037 621104 0 0 0 6037 650606
6037 621201 0 0 0 6037 650606
6037 621204 0 0 0 6037 650606
6037 621301 0 0 0 6037 650606
6037 621324 0 0 0 6037 650606
6037 621326 0 0 0 6037 650606
6037 621400 0 0 0 6037 650606
6037 650001 0 0 0 6037 603101
6037 650003 0 0 0 6037 603101
6037 650004 0 0 0 6037 603101
6037 650101 0 0 0 6037 603101
6037 650102 0 0 0 6037 603101
6037 650200 0 0 0 6037 650606
6037 650300 0 0 0 6037 650606
6037 650401 0 0 0 6037 650606
6037 650501 0 0 0 6037 650606
6037 650502 0 0 0 6037 650606
6037 650603 0 0 0 6037 650606
6037 650604 0 0 0 6037 650606
6037 650605 0 0 0 6037 650606
6037 650606 247 21 1 6037 650606
6037 650607 0 0 0 6037 650606
6037 650701 0 0 0 6037 650606
6037 650702 0 0 0 6037 650606
6037 650801 0 0 0 6037 651101
6037 650802 0 0 0 6037 651101
6037 650901 0 0 0 6037 543503
6037 650903 0 0 0 6037 543503
6037 650904 0 0 0 6037 651101
6037 651001 0 0 0 6037 651101
6037 651002 0 0 0 6037 651101
6037 651101 338 48 1 6037 651101
6037 651102 0 0 0 6037 651101
6037 651201 0 0 0 6037 650606
6037 651221 0 0 0 6037 650606
6037 651222 0 0 0 6037 651101
6037 651302 0 0 0 6037 651101
6037 651304 0 0 0 6037 650606
6037 651401 0 0 0 6037 651101
6037 651402 0 0 0 6037 651101
6037 670001 0 0 0 6037 651101
6037 670002 0 0 0 6037 294421
6037 670003 0 0 0 6037 651101
6037 670101 0 0 0 6037 294421
6037 670102 0 0 0 6037 294421
6037 670201 0 0 0 6037 651101
6037 670202 0 0 0 6037 651101
6037 670324 0 0 0 6037 651101
6037 670326 0 0 0 6037 651101
6037 670328 0 0 0 6037 651101
6037 670405 0 0 0 6037 651101
6037 670406 0 0 0 6037 651101
6037 670407 0 0 0 6037 651101
6037 670413 0 0 0 6037 651101
6037 670416 0 0 0 6037 651101
6037 670417 0 0 0 6037 651101
6037 670418 0 0 0 6037 651101
6037 670500 0 0 0 6037 609900
6037 670603 0 0 0 6037 609900
6037 670604 0 0 0 6037 609900
6037 670701 0 0 0 6037 609900
6037 670702 0 0 0 6037 609900
6037 700101 0 0 0 6037 190801
6037 700102 0 0 0 6037 700400
6037 700200 0 0 0 6037 700400
6037 700300 0 0 0 6037 700400
6037 700400 793 108 1 6037 700400
6037 700501 0 0 0 6037 700400
6037 700502 0 0 0 6037 700400
6037 700600 0 0 0 6037 700400
6037 700700 0 0 0 6037 265301
6037 700801 0 0 0 6037 700400
6037 700802 0 0 0 6037 700400
6037 700901 0 0 0 6037 700400
6037 700902 0 0 0 6037 700400
6037 701000 0 0 0 6037 700400
6037 701201 0 0 0 6037 701602
6037 701202 0 0 0 6037 701502
6037 701302 0 0 0 6037 701502
6037 701304 0 0 0 6037 701502
6037 701402 0 0 0 6037 701502
6037 701501 0 0 0 6037 701502
6037 701502 268 22 1 6037 701502
6037 701601 0 0 0 6037 701602
6037 701602 149 14 1 6037 701602
6037 701701 0 0 0 6037 701602
6037 701702 0 0 0 6037 701502
6037 701801 0 0 0 6037 701602
6037 701802 0 0 0 6037 701502
6037 701902 0 0 0 6037 701502
6037 702002 0 0 0 6037 701502
6037 702102 0 0 0 6037 701502
6037 702201 0 0 0 6037 701502
6037 702202 0 0 0 6037 701502
6037 702300 0 0 0 6037 701602
6037 702400 0 0 0 6037 270300
6037 702501 0 0 0 6037 270300
6037 702502 0 0 0 6037 703002
6037 702600 0 0 0 6037 703002
6037 702700 0 0 0 6037 703002
6037 702801 0 0 0 6037 275312
6037 702802 0 0 0 6037 275312
6037 702803 0 0 0 6037 275312
6037 702900 0 0 0 6037 275312
6037 703002 72 5 1 6037 703002
6037 703003 0 0 0 6037 703002
6037 703100 0 0 0 6037 703002
6037 703200 0 0 0 6037 703002
6037 800101 0 0 0 6037 137104
6037 800103 0 0 0 6037 137104
6037 800104 0 0 0 6037 137104
6037 800202 0 0 0 6037 134422
6037 800204 0 0 0 6037 134422
6037 800205 0 0 0 6037 134422
6037 800206 0 0 0 6037 134422
6037 800324 0 0 0 6111 6600
6037 800325 0 0 0 6111 6600
6037 800328 0 0 0 6037 134422
6037 800333 0 0 0 6037 134422
6037 800334 0 0 0 6037 134422
6037 800335 0 0 0 6111 6600
6037 800336 0 0 0 6037 134422
6037 800337 0 0 0 6037 134422
6037 800338 0 0 0 6111 6600
6037 800406 0 0 0 6111 6600
6037 800410 0 0 0 6037 134422
6037 800411 0 0 0 6111 6600
6037 800412 0 0 0 6111 6600
6037 800504 0 0 0 6037 137104
6037 800506 0 0 0 6037 701502
6037 900102 0 0 0 6037 900703
6037 900103 0 0 0 6037 910401
6037 900104 0 0 0 6037 910401
6037 900301 0 0 0 6037 900703
6037 900501 0 0 0 6037 900703
6037 900504 0 0 0 6037 900703
6037 900505 0 0 0 6037 900703
6037 900506 0 0 0 6037 900703
6037 900508 0 0 0 6037 900703
6037 900509 0 0 0 6037 900703
6037 900510 0 0 0 6037 900703
6037 900602 0 0 0 6037 900703
6037 900606 0 0 0 6037 900703
6037 900607 0 0 0 6037 900703
6037 900608 0 0 0 6037 900703
6037 900609 0 0 0 6037 900703
6037 900610 0 0 0 6037 900703
6037 900611 0 0 0 6037 900703
6037 900701 0 0 0 6037 900703
6037 900703 183 26 1 6037 900703
6037 900704 0 0 0 6037 900703
6037 900705 0 0 0 6037 900703
6037 900804 0 0 0 6037 900703
6037 900805 0 0 0 6037 900703
6037 900806 0 0 0 6037 900703
6037 900807 0 0 0 6037 900703
6037 900808 0 0 0 6037 900703
6037 900901 0 0 0 6037 900703
6037 900902 0 0 0 6037 900703
6037 901003 0 0 0 6037 900703
6037 901007 0 0 0 6037 900703
6037 901008 0 0 0 6037 900703
6037 901009 0 0 0 6037 900703
6037 901010 0 0 0 6037 900703
6037 901011 0 0 0 6037 900703
6037 901012 0 0 0 6037 900703
6037 901013 0 0 0 6037 900703
6037 901014 0 0 0 6037 900703
6037 901101 0 0 0 6037 900703
6037 901102 0 0 0 6037 900703
6037 901209 0 0 0 6037 900703
6037 901210 0 0 0 6037 900703
6037 901214 0 0 0 6037 900703
6037 901215 0 0 0 6037 900703
6037 901216 0 0 0 6037 900703
6037 901217 0 0 0 6037 900703
6037 901218 0 0 0 6037 900703
6037 901300 0 0 0 6037 900703
6037 910002 0 0 0 6037 910401
6037 910210 0 0 0 6037 910401
6037 910211 0 0 0 6037 900703
6037 910212 0 0 0 6037 910401
6037 910213 0 0 0 6037 910401
6037 910214 0 0 0 6037 910401
6037 910215 0 0 0 6037 910401
6037 910216 0 0 0 6037 910401
6037 910217 0 0 0 6037 910401
6037 910218 0 0 0 6037 910401
6037 910301 0 0 0 6037 900703
6037 910302 0 0 0 6037 910401
6037 910401 184 24 1 6037 910401
6037 910404 0 0 0 6037 910401
6037 910405 0 0 0 6037 910401
6037 910501 0 0 0 6037 910401
6037 910502 0 0 0 6037 910401
6037 910504 0 0 0 6037 910401
6037 910505 0 0 0 6037 910401
6037 910601 0 0 0 6037 910401
6037 910602 0 0 0 6037 910401
6037 910605 0 0 0 6037 910401
6037 910606 0 0 0 6037 910401
6037 910607 0 0 0 6037 910401
6037 910608 0 0 0 6037 910401
6037 910706 0 0 0 6037 910401
6037 910707 0 0 0 6037 910401
6037 910709 0 0 0 6037 910401
6037 910712 0 0 0 6037 910401
6037 910713 0 0 0 6037 910401
6037 910714 0 0 0 6037 910401
6037 910715 0 0 0 6037 910401
6037 910716 0 0 0 6037 910401
6037 910717 0 0 0 6037 910401
6037 910718 0 0 0 6037 910401
6037 910719 0 0 0 6037 910401
6037 910720 0 0 0 6037 910401
6037 910721 0 0 0 6037 910401
6037 910804 0 0 0 6037 910401
6037 910807 0 0 0 6037 106010
6037 910808 0 0 0 6037 106010
6037 910809 0 0 0 6037 106010
6037 910810 0 0 0 6037 106010
6037 910814 0 0 0 6037 910401
6037 910815 0 0 0 6037 910401
6037 911001 0 0 0 6037 910401
6037 911100 0 0 0 6037 910401
6037 920013 0 0 0 6037 920330
6037 920015 0 0 0 6037 920330
6037 920016 0 0 0 6037 920330
6037 920017 0 0 0 6037 920330
6037 920018 0 0 0 6037 920330
6037 920020 0 0 0 6037 920330
6037 920028 0 0 0 6037 920330
6037 920029 0 0 0 6037 920330
6037 920030 0 0 0 6037 920330
6037 920031 0 0 0 6037 920330
6037 920034 0 0 0 6037 920330
6037 920035 0 0 0 6037 920330
6037 920038 0 0 0 6037 920330
6037 920039 0 0 0 6037 106010
6037 920040 0 0 0 6037 106010
6037 920041 0 0 0 6037 106010
6037 920042 0 0 0 6037 920330
6037 920043 0 0 0 6037 106010
6037 920044 0 0 0 6037 920330
6037 920045 0 0 0 6037 920330
6037 920046 0 0 0 6037 106010
6037 920047 0 0 0 6037 106010
6037 920048 0 0 0 6037 920330
6037 920049 0 0 0 6037 920330
6037 920050 0 0 0 6037 920330
6037 920102 0 0 0 6037 920330
6037 920104 0 0 0 6037 920330
6037 920106 0 0 0 6037 920330
6037 920109 0 0 0 6037 920330
6037 920110 0 0 0 6037 920330
6037 920111 0 0 0 6037 920330
6037 920112 0 0 0 6037 920330
6037 920114 0 0 0 6037 920330
6037 920115 0 0 0 6037 920330
6037 920116 0 0 0 6037 920330
6037 920118 0 0 0 6037 920330
6037 920119 0 0 0 6037 920330
6037 920120 0 0 0 6037 920330
6037 920121 0 0 0 6037 920330
6037 920200 0 0 0 6037 920330
6037 920303 0 0 0 6037 920330
6037 920312 0 0 0 6037 920330
6037 920313 0 0 0 6037 920330
6037 920314 0 0 0 6037 920330
6037 920322 0 0 0 6037 920330
6037 920326 0 0 0 6037 920330
6037 920328 0 0 0 6037 920330
6037 920329 0 0 0 6037 920330
6037 920330 314 21 1 6037 920330
6037 920331 0 0 0 6037 920330
6037 920332 0 0 0 6037 920330
6037 920334 0 0 0 6037 920330
6037 920338 0 0 0 6037 920330
6037 920339 0 0 0 6037 920330
6037 920340 0 0 0 6037 920330
6037 920341 0 0 0 6037 920330
6037 920342 0 0 0 6037 920330
6037 920343 0 0 0 6037 920330
6037 930400 0 0 0 6037 431004
6037 980001 0 0 0 6037 311601
6037 980002 0 0 0 6037 572202
6037 980003 0 0 0 6037 900703
6037 980004 0 0 0 6037 900703
6037 980005 0 0 0 6037 650606
6037 980006 0 0 0 6059 110108
6037 980007 0 0 0 6059 110108
6037 980008 0 0 0 6037 127804
6037 980009 0 0 0 6037 311601
6037 980010 80 6 1 6037 980010
6037 980011 0 0 0 6037 576301
6037 980012 121 4 1 6037 980012
6037 980013 0 0 0 6037 601100
6037 980014 0 0 0 6037 576301
6037 980015 0 0 0 6037 294421
6037 980016 0 0 0 6037 532500
6037 980017 0 0 0 6037 265301
6037 980018 0 0 0 6037 572202
6037 980019 0 0 0 6037 139701
6037 980020 0 0 0 6037 311601
6037 980021 0 0 0 6037 121210
6037 980022 0 0 0 6037 109100
6037 980023 0 0 0 6037 134422
6037 980024 0 0 0 6037 139701
6037 980025 0 0 0 6037 543503
6037 980026 0 0 0 6037 300800
6037 980028 0 0 0 6037 275312
6037 980030 0 0 0 6037 601100
6037 980031 0 0 0 6037 609900
6037 980033 0 0 0 6037 576301
6037 980034 0 0 0 6037 504001
6037 980035 0 0 0 6037 406903
6037 980036 0 0 0 6037 434100
6037 980037 0 0 0 6037 294421
6037 980038 0 0 0 6037 703002
6037 980039 0 0 0 6037 311601
6037 990100 0 0 0 6111 6600
6037 990200 0 0 0 6037 275312
6037 990300 0 0 0 6037 609900
6039 102 0 0 0 6051 201
6039 103 0 0 0 6051 201
6039 104 0 0 0 6043 101
6039 106 0 0 0 6019 4411
6039 109 0 0 0 6039 510
6039 110 0 0 0 6019 4411
6039 111 0 0 0 6019 4411
6039 201 0 0 0 6039 510
6039 203 0 0 0 6039 1100
6039 204 0 0 0 6039 1100
6039 301 0 0 0 6039 1100
6039 302 0 0 0 6039 1100
6039 506 0 0 0 6039 510
6039 509 0 0 0 6019 4411
6039 510 80 10 1 6039 510
6039 511 0 0 0 6039 510
6039 512 0 0 0 6039 510
6039 513 0 0 0 6039 1100
6039 514 0 0 0 6039 510
6039 515 0 0 0 6039 510
6039 516 0 0 0 6039 510
6039 517 0 0 0 6039 510
6039 518 0 0 0 6039 510
6039 602 0 0 0 6039 510
6039 603 0 0 0 6039 510
6039 604 0 0 0 6039 510
6039 701 0 0 0 6039 510
6039 702 0 0 0 6039 510
6039 801 0 0 0 6039 510
6039 802 0 0 0 6039 510
6039 901 0 0 0 6039 510
6039 902 0 0 0 6039 510
6039 903 0 0 0 6039 510
6039 1100 198 0 1 6039 1100
6041 101100 0 0 0 6041 101200
6041 101200 38 6 1 6041 101200
6041 102100 0 0 0 6041 101200
6041 102202 0 0 0 6041 101200
6041 102203 0 0 0 6041 101200
6041 103100 0 0 0 6041 101200
6041 103200 0 0 0 6041 101200
6041 104102 0 0 0 6041 101200
6041 104103 0 0 0 6041 101200
6041 104104 0 0 0 6041 101200
6041 104200 0 0 0 6041 101200
6041 104300 0 0 0 6041 101200
6041 105001 0 0 0 6041 101200
6041 105002 0 0 0 6041 101200
6041 106001 0 0 0 6041 108202
6041 106002 0 0 0 6041 108202
6041 107000 0 0 0 6041 108202
6041 108100 0 0 0 6041 108202
6041 108201 0 0 0 6041 108202
6041 108202 62 5 1 6041 108202
6041 109001 0 0 0 6041 108202
6041 109002 0 0 0 6041 108202
6041 110100 0 0 0 6041 108202
6041 110200 0 0 0 6041 119201
6041 111001 0 0 0 6041 119201
6041 111002 0 0 0 6041 119100
6041 112100 0 0 0 6041 119201
6041 112202 0 0 0 6041 119201
6041 112203 0 0 0 6041 119201
6041 112204 0 0 0 6041 119201
6041 113000 0 0 0 6041 108202
6041 114100 0 0 0 6041 108202
6041 114200 0 0 0 6041 108202
6041 115000 0 0 0 6041 108202
6041 116000 0 0 0 6041 108202
6041 117000 0 0 0 6041 108202
6041 118100 0 0 0 6041 119100
6041 119100 47 0 1 6041 119100
6041 119201 126 19 1 6041 119201
6041 119202 0 0 0 6041 119201
6041 120001 0 0 0 6041 119100
6041 120002 0 0 0 6041 119201
6041 121100 0 0 0 6041 119201
6041 121200 0 0 0 6041 119201
6041 122000 0 0 0 6041 119201
6041 123000 0 0 0 6041 119201
6041 124100 0 0 0 6041 119201
6041 124200 0 0 0 6075 11300
6041 125000 0 0 0 6041 119201
6041 126100 0 0 0 6041 119201
6041 126200 0 0 0 6041 119201
6041 127000 0 0 0 6041 119100
6041 128100 0 0 0 6041 119201
6041 128200 0 0 0 6041 119201
6041 129000 0 0 0 6041 119201
6041 130201 0 0 0 6075 15702
6041 130203 0 0 0 6041 119201
6041 130204 0 0 0 6041 119201
6041 131100 0 0 0 6041 119100
6041 132100 0 0 0 6041 119100
6041 132200 0 0 0 6041 108202
6041 133000 0 0 0 6097 150609
6041 990100 0 0 0 6041 108202
6043 101 8 0 1 6043 101
6043 102 0 0 0 6043 101
6043 200 0 0 0 6043 101
6043 301 0 0 0 6043 101
6043 302 0 0 0 6043 101
6043 400 0 0 0 6043 101
6045 10100 0 0 0 6045 10700
6045 10200 0 0 0 6045 10500
6045 10300 0 0 0 6045 10500
6045 10400 0 0 0 6045 10500
6045 10500 18 0 1 6045 10500
6045 10601 0 0 0 6045 10700
6045 10602 0 0 0 6045 10700
6045 10700 25 4 1 6045 10700
6045 10801 0 0 0 6045 10700
6045 10802 0 0 0 6045 10700
6045 10900 0 0 0 6045 11502
6045 11001 0 0 0 6045 10500
6045 11003 0 0 0 6045 10500
6045 11004 0 0 0 6045 10500
6045 11102 0 0 0 6045 11502
6045 11200 0 0 0 6045 11502
6045 11300 0 0 0 6045 11502
6045 11400 0 0 0 6045 11502
6045 11501 0 0 0 6045 11502
6045 11502 48 7 1 6045 11502
6045 11600 0 0 0 6045 11502
6045 11700 0 0 0 6045 11502
6045 11800 0 0 0 6033 300
6045 990100 0 0 0 6045 10500
6047 201 0 0 0 6099 3907
6047 202 0 0 0 6099 3907
6047 204 0 0 0 6099 3907
6047 205 0 0 0 6099 3907
6047 301 0 0 0 6099 3907
6047 303 0 0 0 6099 3907
6047 305 0 0 0 6099 3907
6047 306 0 0 0 6099 3907
6047 401 0 0 0 6099 3907
6047 403 0 0 0 6099 3907
6047 404 0 0 0 6099 3907
6047 503 0 0 0 6047 1801
6047 504 0 0 0 6047 1801
6047 505 0 0 0 6047 1801
6047 601 0 0 0 6047 1801
6047 602 0 0 0 6047 1801
6047 603 0 0 0 6047 1801
6047 701 0 0 0 6047 1801
6047 702 0 0 0 6047 1801
6047 801 0 0 0 6047 1801
6047 802 0 0 0 6047 1801
6047 901 0 0 0 6047 1801
6047 903 0 0 0 6047 1801
6047 904 0 0 0 6047 1801
6047 1003 0 0 0 6047 1801
6047 1004 0 0 0 6047 1801
6047 1005 0 0 0 6047 1801
6047 1006 0 0 0 6047 1801
6047 1007 0 0 0 6047 1801
6047 1008 0 0 0 6047 1801
6047 1101 0 0 0 6047 1801
6047 1200 0 0 0 6047 1801
6047 1301 0 0 0 6047 1801
6047 1302 0 0 0 6047 1801
6047 1401 0 0 0 6047 1801
6047 1402 0 0 0 6047 1801
6047 1501 0 0 0 6047 1801
6047 1502 0 0 0 6047 1801
6047 1503 0 0 0 6047 1801
6047 1601 0 0 0 6047 1801
6047 1603 0 0 0 6047 1801
6047 1604 0 0 0 6047 1801
6047 1700 0 0 0 6047 1801
6047 1801 186 20 1 6047 1801
6047 1901 0 0 0 6047 1801
6047 1902 0 0 0 6047 1801
6047 2001 0 0 0 6047 2201
6047 2002 0 0 0 6047 2201
6047 2100 0 0 0 6047 2201
6047 2201 41 4 1 6047 2201
6047 2203 0 0 0 6047 2201
6047 2204 0 0 0 6047 2201
6047 2301 0 0 0 6047 2201
6047 2303 0 0 0 6047 2201
6047 2304 0 0 0 6047 2201
6047 2305 0 0 0 6047 2201
6047 2306 0 0 0 6047 2201
6047 2401 0 0 0 6047 2201
6047 2403 0 0 0 6047 2201
6047 2404 0 0 0 6047 2201
6047 2500 0 0 0 6047 1801
6047 2601 0 0 0 6047 1801
6047 2602 0 0 0 6047 1801
6049 100 8 0 1 6049 100
6049 200 0 0 0 6049 100
6049 300 0 0 0 6049 100
6049 400 4 0 1 6049 400
6051 101 0 0 0 6051 201
6051 102 0 0 0 6051 201
6051 201 17 0 1 6051 201
6051 202 0 0 0 6051 201
6053 101 0 0 0 6053 10608
6053 103 0 0 0 6053 10608
6053 104 0 0 0 6053 10608
6053 105 0 0 0 6053 10608
6053 106 0 0 0 6053 10608
6053 200 0 0 0 6053 10608
6053 300 0 0 0 6053 10608
6053 400 0 0 0 6053 10608
6053 501 0 0 0 6053 10608
6053 502 0 0 0 6053 10608
6053 600 0 0 0 6053 10608
6053 701 0 0 0 6053 10608
6053 702 0 0 0 6053 10608
6053 800 0 0 0 6053 10608
6053 900 0 0 0 6053 14500
6053 1200 0 0 0 6053 14500
6053 1300 0 0 0 6053 14500
6053 1400 0 0 0 6053 14500
6053 1500 0 0 0 6053 14500
6053 1600 0 0 0 6053 14500
6053 1700 0 0 0 6053 10608
6053 1801 0 0 0 6053 10608
6053 1802 0 0 0 6053 10608
6053 10101 0 0 0 6087 110601
6053 10102 0 0 0 6087 110601
6053 10202 0 0 0 6087 110601
6053 10305 0 0 0 6053 10608
6053 10306 0 0 0 6053 10608
6053 10400 0 0 0 6053 10608
6053 10501 0 0 0 6053 10608
6053 10504 0 0 0 6053 10608
6053 10505 0 0 0 6053 10608
6053 10506 0 0 0 6053 10608
6053 10603 0 0 0 6053 10608
6053 10604 0 0 0 6053 10608
6053 10605 0 0 0 6053 10608
6053 10606 0 0 0 6053 10608
6053 10607 0 0 0 6053 10608
6053 10608 168 9 1 6053 10608
6053 10702 0 0 0 6053 14500
6053 10804 0 0 0 6053 14500
6053 10900 0 0 0 6053 14500
6053 11001 0 0 0 6053 14500
6053 11002 0 0 0 6053 14500
6053 11101 0 0 0 6053 11306
6053 11103 0 0 0 6053 11306
6053 11104 0 0 0 6053 11306
6053 11105 0 0 0 6053 11306
6053 11106 0 0 0 6053 11306
6053 11202 0 0 0 6053 11306
6053 11203 0 0 0 6053 11306
6053 11204 0 0 0 6053 11306
6053 11302 0 0 0 6053 11306
6053 11303 0 0 0 6053 11306
6053 11305 0 0 0 6053 11306
6053 11306 9 0 1 6053 11306
6053 11400 0 0 0 6053 11306
6053 11502 0 0 0 6053 12800
6053 11604 0 0 0 6053 12800
6053 11605 0 0 0 6053 12800
6053 11606 0 0 0 6053 12800
6053 11700 0 0 0 6053 12800
6053 11801 0 0 0 6053 12800
6053 11802 0 0 0 6053 12800
6053 11901 0 0 0 6053 12800
6053 11902 0 0 0 6053 12800
6053 12000 0 0 0 6053 12800
6053 12100 0 0 0 6053 12800
6053 12200 0 0 0 6053 12800
6053 12302 0 0 0 6053 12800
6053 12401 0 0 0 6053 12800
6053 12402 0 0 0 6053 12800
6053 12503 0 0 0 6053 12800
6053 12504 0 0 0 6053 12800
6053 12601 0 0 0 6053 12800
6053 12700 0 0 0 6053 12800
6053 12800 238 26 1 6053 12800
6053 13000 0 0 0 6053 12800
6053 13100 0 0 0 6053 12800
6053 13200 0 0 0 6053 12800
6053 13300 0 0 0 6053 12800
6053 13400 0 0 0 6053 12800
6053 13500 0 0 0 6053 12800
6053 13600 0 0 0 6053 12800
6053 13700 0 0 0 6053 12800
6053 13800 0 0 0 6053 12800
6053 13900 0 0 0 6053 12800
6053 14000 0 0 0 6053 12800
6053 14102 0 0 0 6053 14500
6053 14104 0 0 0 6053 12800
6053 14105 0 0 0 6053 14500
6053 14108 0 0 0 6053 12800
6053 14109 0 0 0 6053 14500
6053 14110 0 0 0 6053 14500
6053 14201 0 0 0 6053 12800
6053 14202 0 0 0 6053 14500
6053 14301 0 0 0 6053 10608
6053 14302 0 0 0 6053 10608
6053 14500 215 13 1 6053 14500
6053 14601 0 0 0 6087 110601
6053 14700 0 0 0 6053 10608
6053 14800 0 0 0 6053 14500
6053 980000 0 0 0 6053 14500
6053 990000 0 0 0 6053 12800
6055 200201 0 0 0 6055 200602
6055 200202 0 0 0 6055 200602
6055 200203 0 0 0 6055 200602
6055 200301 0 0 0 6055 200602
6055 200302 0 0 0 6055 200602
6055 200400 0 0 0 6055 200602
6055 200501 0 0 0 6055 200602
6055 200503 0 0 0 6055 200602
6055 200504 0 0 0 6055 200602
6055 200505 0 0 0 6055 200602
6055 200601 0 0 0 6055 200602
6055 200602 79 12 1 6055 200602
6055 200703 0 0 0 6055 200602
6055 200704 0 0 0 6055 200602
6055 200705 0 0 0 6055 200602
6055 200706 0 0 0 6055 200602
6055 200707 0 0 0 6055 200602
6055 200802 0 0 0 6055 200602
6055 200803 0 0 0 6055 200602
6055 200804 0 0 0 6055 200602
6055 200900 0 0 0 6055 200602
6055 201003 0 0 0 6095 251901
6055 201004 0 0 0 6095 251901
6055 201005 0 0 0 6095 251901
6055 201006 0 0 0 6095 251901
6055 201007 0 0 0 6095 251901
6055 201101 0 0 0 6055 200602
6055 201102 0 0 0 6097 150204
6055 201200 0 0 0 6055 200602
6055 201300 0 0 0 6055 200602
6055 201401 0 0 0 6055 200602
6055 201402 0 0 0 6055 200602
6055 201403 0 0 0 6055 200602
6055 201500 0 0 0 6055 201700
6055 201601 0 0 0 6055 201700
6055 201602 0 0 0 6055 201700
6055 201700 45 7 1 6055 201700
6055 201800 0 0 0 6055 201700
6055 201900 0 0 0 6055 201700
6055 202000 0 0 0 6055 201700
6057 102 0 0 0 6057 504
6057 104 0 0 0 6057 504
6057 105 0 0 0 6061 21603
6057 106 0 0 0 6061 21603
6057 107 0 0 0 6061 21603
6057 200 0 0 0 6061 21603
6057 300 0 0 0 6057 504
6057 401 0 0 0 6057 504
6057 403 0 0 0 6057 504
6057 404 0 0 0 6057 504
6057 502 0 0 0 6057 504
6057 503 0 0 0 6057 504
6057 504 70 4 1 6057 504
6057 601 0 0 0 6057 504
6057 602 0 0 0 6057 504
6057 701 0 0 0 6057 504
6057 702 0 0 0 6057 504
6057 801 0 0 0 6057 504
6057 802 0 0 0 6057 504
6057 900 0 0 0 6057 1209
6057 1205 0 0 0 6057 1209
6057 1207 0 0 0 6057 1209
6057 1208 0 0 0 6057 1209
6057 1209 25 6 1 6057 1209
6057 1210 0 0 0 6057 1209
6057 1211 0 0 0 6057 1209
6059 1101 0 0 0 6037 500202
6059 1102 0 0 0 6037 500202
6059 1103 0 0 0 6037 500202
6059 1201 0 0 0 6037 500202
6059 1202 0 0 0 6059 1603
6059 1301 0 0 0 6037 504001
6059 1303 0 0 0 6059 1603
6059 1304 0 0 0 6059 1603
6059 1401 0 0 0 6059 1506
6059 1402 0 0 0 6059 1506
6059 1403 0 0 0 6059 1506
6059 1404 0 0 0 6059 1603
6059 1501 0 0 0 6059 1506
6059 1503 0 0 0 6059 1603
6059 1504 0 0 0 6059 1506
6059 1505 0 0 0 6059 1603
6059 1506 47 4 1 6059 1506
6059 1507 0 0 0 6059 1506
6059 1602 0 0 0 6059 1603
6059 1603 263 41 1 6059 1603
6059 1604 0 0 0 6059 1603
6059 1704 0 0 0 6059 1603
6059 1705 0 0 0 6059 1603
6059 1706 0 0 0 6059 1603
6059 1708 0 0 0 6059 1603
6059 1709 0 0 0 6037 504001
6059 1710 0 0 0 6059 1603
6059 1801 0 0 0 6059 86601
6059 1802 0 0 0 6059 86601
6059 1901 0 0 0 6059 86601
6059 1902 0 0 0 6059 86601
6059 1903 0 0 0 6059 86601
6059 11000 0 0 0 6059 86601
6059 11101 0 0 0 6059 86601
6059 11102 0 0 0 6059 86601
6059 11200 0 0 0 6059 86601
6059 11300 0 0 0 6059 1603
6059 11401 0 0 0 6059 1603
6059 11402 0 0 0 6059 1603
6059 11403 0 0 0 6059 1603
6059 11502 0 0 0 6059 11714
6059 11503 0 0 0 6059 1603
6059 11504 0 0 0 6059 11715
6059 11601 0 0 0 6059 86601
6059 11602 0 0 0 6059 86601
6059 11707 0 0 0 6059 11715
6059 11708 0 0 0 6059 11715
6059 11709 0 0 0 6059 11715
6059 11710 0 0 0 6059 11715
6059 11711 0 0 0 6059 11715
6059 11712 0 0 0 6059 11715
6059 11714 390 40 1 6059 11714
6059 11715 49 12 1 6059 11715
6059 11716 0 0 0 6059 11715
6059 11717 0 0 0 6059 11715
6059 11718 0 0 0 6059 11715
6059 11720 0 0 0 6059 11714
6059 11721 0 0 0 6059 11714
6059 11722 0 0 0 6059 11714
6059 21802 0 0 0 6059 11715
6059 21807 0 0 0 6059 11715
6059 21809 0 0 0 6059 11715
6059 21810 0 0 0 6059 11715
6059 21812 0 0 0 6059 11715
6059 21813 0 0 0 6059 11714
6059 21814 0 0 0 6059 1506
6059 21816 0 0 0 6059 11715
6059 21817 0 0 0 6059 11715
6059 21820 0 0 0 6059 11715
6059 21821 0 0 0 6059 11714
6059 21822 0 0 0 6059 11715
6059 21823 0 0 0 6059 11715
6059 21824 0 0 0 6059 11715
6059 21825 0 0 0 6059 11715
6059 21826 0 0 0 6065 41601
6059 21827 0 0 0 6059 11715
6059 21828 0 0 0 6065 41601
6059 21829 0 0 0 6059 11715
6059 21830 0 0 0 6059 11715
6059 21831 0 0 0 6059 11715
6059 21832 0 0 0 6059 11715
6059 21903 0 0 0 6059 11714
6059 21905 0 0 0 6059 11714
6059 21912 0 0 0 6059 75816
6059 21913 0 0 0 6059 75816
6059 21914 0 0 0 6059 75816
6059 21915 0 0 0 6059 11714
6059 21916 0 0 0 6059 75816
6059 21917 0 0 0 6059 75816
6059 21918 0 0 0 6059 75816
6059 21919 0 0 0 6059 75816
6059 21920 0 0 0 6059 75816
6059 21921 0 0 0 6059 75816
6059 21922 0 0 0 6059 11714
6059 21923 0 0 0 6059 75816
6059 21924 0 0 0 6059 75816
6059 32002 0 0 0 6059 62647
6059 32003 0 0 0 6059 62647
6059 32011 0 0 0 6065 41601
6059 32012 0 0 0 6059 62647
6059 32013 0 0 0 6059 32022
6059 32014 0 0 0 6059 62647
6059 32015 0 0 0 6059 62647
6059 32020 0 0 0 6059 62647
6059 32022 309 49 2 6059 32022
6059 32027 0 0 0 6059 62647
6059 32028 0 0 0 6059 62647
6059 32029 0 0 0 6059 62647
6059 32030 0 0 0 6059 62647
6059 32031 0 0 0 6059 62647
6059 32032 0 0 0 6059 62647
6059 32033 0 0 0 6059 62647
6059 32034 0 0 0 6059 62647
6059 32035 0 0 0 6059 62647
6059 32036 0 0 0 6059 62647
6059 32037 0 0 0 6059 62647
6059 32038 0 0 0 6059 32022
6059 32039 0 0 0 6059 32022
6059 32040 0 0 0 6059 32022
6059 32041 0 0 0 6059 32022
6059 32042 0 0 0 6059 62647
6059 32043 0 0 0 6059 32022
6059 32044 0 0 0 6059 32022
6059 32045 0 0 0 6059 32022
6059 32046 0 0 0 6059 32022
6059 32047 0 0 0 6059 62647
6059 32048 0 0 0 6059 62647
6059 32049 0 0 0 6059 62647
6059 32050 0 0 0 6059 62647
6059 32051 0 0 0 6059 62647
6059 32053 0 0 0 6059 62647
6059 32054 0 0 0 6059 62647
6059 32055 0 0 0 6059 62647
6059 32057 0 0 0 6059 32022
6059 32058 0 0 0 6059 32022
6059 32059 0 0 0 6059 32022
6059 32061 0 0 0 6059 32022
6059 32062 0 0 0 6059 32022
6059 32063 0 0 0 6059 32022
6059 32064 0 0 0 6059 32022
6059 32065 0 0 0 6059 32022
6059 32066 0 0 0 6059 32022
6059 42106 0 0 0 6059 32022
6059 42107 0 0 0 6059 32022
6059 42108 0 0 0 6059 32022
6059 42109 0 0 0 6059 32022
6059 42111 0 0 0 6059 32022
6059 42112 0 0 0 6059 32022
6059 42113 0 0 0 6059 32022
6059 42114 0 0 0 6059 32022
6059 42115 0 0 0 6059 32022
6059 42116 0 0 0 6059 32022
6059 42201 0 0 0 6059 32022
6059 42203 0 0 0 6059 32022
6059 42205 0 0 0 6059 32022
6059 42206 0 0 0 6059 32022
6059 42305 0 0 0 6059 32022
6059 42307 0 0 0 6059 62647
6059 42311 0 0 0 6059 32022
6059 42312 0 0 0 6059 32022
6059 42313 0 0 0 6059 32022
6059 42315 0 0 0 6059 32022
6059 42317 0 0 0 6059 32022
6059 42319 0 0 0 6059 32022
6059 42320 0 0 0 6059 62647
6059 42323 0 0 0 6059 32022
6059 42324 0 0 0 6059 32022
6059 42325 0 0 0 6059 32022
6059 42326 0 0 0 6059 32022
6059 42327 0 0 0 6059 62647
6059 42328 0 0 0 6059 62647
6059 42329 0 0 0 6059 32022
6059 42330 0 0 0 6059 32022
6059 42331 0 0 0 6059 32022
6059 42332 0 0 0 6059 32022
6059 42333 0 0 0 6059 32022
6059 42334 0 0 0 6059 32022
6059 42335 0 0 0 6059 32022
6059 42336 0 0 0 6059 32022
6059 42337 0 0 0 6059 32022
6059 42338 0 0 0 6059 32022
6059 42339 0 0 0 6059 32022
6059 42340 0 0 0 6059 32022
6059 42341 0 0 0 6059 32022
6059 52408 0 0 0 6059 62647
6059 52410 0 0 0 6059 62647
6059 52411 0 0 0 6059 62647
6059 52415 0 0 0 6059 62647
6059 52416 0 0 0 6059 62647
6059 52417 0 0 0 6059 52518
6059 52419 0 0 0 6059 75504
6059 52421 0 0 0 6059 52518
6059 52422 0 0 0 6059 52518
6059 52423 0 0 0 6059 62647
6059 52424 0 0 0 6059 62647
6059 52425 0 0 0 6059 62647
6059 52427 0 0 0 6059 62647
6059 52428 0 0 0 6059 62647
6059 52429 0 0 0 6059 52518
6059 52430 0 0 0 6059 52518
6059 52431 0 0 0 6059 52518
6059 52432 0 0 0 6059 52518
6059 52433 0 0 0 6059 52518
6059 52434 0 0 0 6059 75504
6059 52435 0 0 0 6059 75504
6059 52436 0 0 0 6059 75504
6059 52437 0 0 0 6059 75504
6059 52438 0 0 0 6059 52518
6059 52439 0 0 0 6059 52518
6059 52502 0 0 0 6059 75517
6059 52505 0 0 0 6059 52518
6059 52506 0 0 0 6059 52518
6059 52511 0 0 0 6059 52518
6059 52513 0 0 0 6059 52518
6059 52514 0 0 0 6059 52518
6059 52518 10 0 1 6059 52518
6059 52519 0 0 0 6059 52518
6059 52520 0 0 0 6059 52518
6059 52521 0 0 0 6059 75517
6059 52522 0 0 0 6059 75517
6059 52523 0 0 0 6059 75517
6059 52524 0 0 0 6059 75517
6059 52526 0 0 0 6059 75517
6059 52527 0 0 0 6059 75517
6059 52528 0 0 0 6059 52518
6059 52529 0 0 0 6059 75517
6059 52530 0 0 0 6059 75517
6059 52531 0 0 0 6059 52518
6059 52532 0 0 0 6059 52518
6059 52533 0 0 0 6059 75517
6059 52534 0 0 0 6059 75517
6059 52535 0 0 0 6059 75517
6059 62605 0 0 0 6059 62647
6059 62610 0 0 0 6059 74005
6059 62611 0 0 0 6059 75517
6059 62614 0 0 0 6059 63702
6059 62619 0 0 0 6059 62647
6059 62620 0 0 0 6059 32022
6059 62622 0 0 0 6059 62647
6059 62625 0 0 0 6059 62647
6059 62626 0 0 0 6059 63702
6059 62627 0 0 0 6059 52518
6059 62628 0 0 0 6059 52518
6059 62629 0 0 0 6059 52518
6059 62630 0 0 0 6059 52518
6059 62631 0 0 0 6059 52518
6059 62632 0 0 0 6059 62647
6059 62633 0 0 0 6059 62647
6059 62634 0 0 0 6059 62647
6059 62635 0 0 0 6059 62647
6059 62636 0 0 0 6059 62647
6059 62637 0 0 0 6059 62647
6059 62638 0 0 0 6059 62647
6059 62639 0 0 0 6059 62647
6059 62640 0 0 0 6059 62647
6059 62641 0 0 0 6059 62647
6059 62642 0 0 0 6059 63702
6059 62643 0 0 0 6059 63702
6059 62645 0 0 0 6059 63702
6059 62646 0 0 0 6059 62647
6059 62647 248 23 1 6059 62647
6059 62648 0 0 0 6059 62647
6059 62649 0 0 0 6059 62647
6059 62650 0 0 0 6059 52518
6059 62651 0 0 0 6059 52518
6059 62652 0 0 0 6059 62647
6059 62653 0 0 0 6059 52518
6059 62654 0 0 0 6059 52518
6059 62655 0 0 0 6059 52518
6059 62656 0 0 0 6059 62647
6059 62657 0 0 0 6059 63702
6059 62658 0 0 0 6059 63702
6059 62701 0 0 0 6059 63702
6059 62702 0 0 0 6059 63702
6059 62800 0 0 0 6059 63603
6059 62900 0 0 0 6059 63603
6059 63004 0 0 0 6059 63702
6059 63005 0 0 0 6059 63702
6059 63006 0 0 0 6059 63702
6059 63007 0 0 0 6059 63702
6059 63008 0 0 0 6059 63702
6059 63009 0 0 0 6059 63702
6059 63010 0 0 0 6059 63702
6059 63101 0 0 0 6059 63702
6059 63102 0 0 0 6059 63702
6059 63103 0 0 0 6059 63702
6059 63201 0 0 0 6059 63702
6059 63202 0 0 0 6059 63702
6059 63301 0 0 0 6059 63702
6059 63302 0 0 0 6059 63702
6059 63400 0 0 0 6059 63603
6059 63500 0 0 0 6059 63603
6059 63601 0 0 0 6059 63603
6059 63603 377 54 1 6059 63603
6059 63604 0 0 0 6059 63603
6059 63605 0 0 0 6059 63702
6059 63701 0 0 0 6059 63702
6059 63702 140 0 1 6059 63702
6059 63802 0 0 0 6059 99229
6059 63803 0 0 0 6059 63702
6059 63805 0 0 0 6059 99229
6059 63806 0 0 0 6059 99229
6059 63807 0 0 0 6059 63702
6059 63808 0 0 0 6059 63702
6059 63902 0 0 0 6059 63702
6059 63903 0 0 0 6059 74005
6059 63904 0 0 0 6059 63702
6059 63905 0 0 0 6059 63702
6059 63906 0 0 0 6059 63702
6059 63908 0 0 0 6059 74005
6059 63909 0 0 0 6059 74005
6059 63910 0 0 0 6059 99229
6059 74003 0 0 0 6059 74005
6059 74004 0 0 0 6059 74005
6059 74005 178 9 1 6059 74005
6059 74006 0 0 0 6059 74005
6059 74102 0 0 0 6059 74005
6059 74103 0 0 0 6059 74005
6059 74106 0 0 0 6059 99229
6059 74107 0 0 0 6059 74005
6059 74108 0 0 0 6059 99229
6059 74109 0 0 0 6059 74005
6059 74110 0 0 0 6059 74005
6059 74111 0 0 0 6059 74005
6059 74200 0 0 0 6059 74005
6059 74300 0 0 0 6059 74005
6059 74403 0 0 0 6059 75517
6059 74405 0 0 0 6059 75504
6059 74406 0 0 0 6059 75504
6059 74407 0 0 0 6059 75517
6059 74408 0 0 0 6059 75517
6059 74501 0 0 0 6059 75517
6059 74502 0 0 0 6059 75517
6059 74601 0 0 0 6059 74005
6059 74602 0 0 0 6059 75517
6059 74701 0 0 0 6059 74005
6059 74702 0 0 0 6059 74005
6059 74801 0 0 0 6059 74005
6059 74802 0 0 0 6059 88502
6059 74803 0 0 0 6059 74005
6059 74805 0 0 0 6059 74005
6059 74806 0 0 0 6059 74005
6059 74901 0 0 0 6059 74005
6059 74902 0 0 0 6059 74005
6059 75002 0 0 0 6059 76001
6059 75003 0 0 0 6059 76001
6059 75004 0 0 0 6059 76001
6059 75100 0 0 0 6059 76001
6059 75201 0 0 0 6059 88502
6059 75202 0 0 0 6059 76102
6059 75301 0 0 0 6059 76102
6059 75302 0 0 0 6059 76102
6059 75303 0 0 0 6059 76001
6059 75401 0 0 0 6059 76001
6059 75403 0 0 0 6059 75504
6059 75404 0 0 0 6059 75806
6059 75405 0 0 0 6059 75504
6059 75504 174 34 1 6059 75504
6059 75505 0 0 0 6059 75504
6059 75506 0 0 0 6059 75504
6059 75507 0 0 0 6059 75504
6059 75512 0 0 0 6059 75517
6059 75513 0 0 0 6059 75517
6059 75514 0 0 0 6059 75517
6059 75516 0 0 0 6059 75517
6059 75517 88 13 1 6059 75517
6059 75518 0 0 0 6059 75517
6059 75603 0 0 0 6059 75504
6059 75604 0 0 0 6059 75816
6059 75605 0 0 0 6059 75816
6059 75606 0 0 0 6059 75504
6059 75607 0 0 0 6059 75504
6059 75701 0 0 0 6059 75504
6059 75702 0 0 0 6059 75504
6059 75703 0 0 0 6059 75504
6059 75805 0 0 0 6059 75806
6059 75806 27 0 1 6059 75806
6059 75807 0 0 0 6059 75816
6059 75808 0 0 0 6059 75806
6059 75809 0 0 0 6059 75816
6059 75810 0 0 0 6059 75816
6059 75811 0 0 0 6059 75816
6059 75812 0 0 0 6059 75816
6059 75813 0 0 0 6059 11714
6059 75814 0 0 0 6059 75816
6059 75815 0 0 0 6059 75816
6059 75816 114 12 1 6059 75816
6059 75901 0 0 0 6059 76001
6059 75902 0 0 0 6059 75806
6059 76001 605 28 2 6059 76001
6059 76002 0 0 0 6059 76001
6059 76102 409 68 1 6059 76102
6059 76103 0 0 0 6059 76102
6059 76104 0 0 0 6059 76102
6059 76105 0 0 0 6059 76001
6059 76201 0 0 0 6059 11714
6059 76202 0 0 0 6059 11714
6059 76204 0 0 0 6059 76001
6059 76205 0 0 0 6059 75806
6059 76206 0 0 0 6059 75816
6059 76208 0 0 0 6059 11714
6059 86301 0 0 0 6059 87405
6059 86303 0 0 0 6059 87405
6059 86304 0 0 0 6059 11714
6059 86305 0 0 0 6059 87405
6059 86306 0 0 0 6059 87405
6059 86402 0 0 0 6059 11714
6059 86404 0 0 0 6059 86601
6059 86405 0 0 0 6059 87405
6059 86406 0 0 0 6059 11714
6059 86407 0 0 0 6059 11714
6059 86501 0 0 0 6059 86601
6059 86502 0 0 0 6059 86601
6059 86601 243 11 1 6059 86601
6059 86602 0 0 0 6059 86601
6059 86701 0 0 0 6059 86601
6059 86702 0 0 0 6059 86601
6059 86801 0 0 0 6059 86902
6059 86802 0 0 0 6059 86601
6059 86803 0 0 0 6059 86902
6059 86901 0 0 0 6059 86902
6059 86902 112 15 1 6059 86902
6059 86903 0 0 0 6059 86902
6059 87001 0 0 0 6059 86902
6059 87002 0 0 0 6059 86902
6059 87101 0 0 0 6059 86902
6059 87102 0 0 0 6059 86601
6059 87103 0 0 0 6059 86601
6059 87105 0 0 0 6059 87405
6059 87106 0 0 0 6059 87405
6059 87200 0 0 0 6059 86601
6059 87301 0 0 0 6059 87405
6059 87302 0 0 0 6059 87405
6059 87401 0 0 0 6059 87405
6059 87403 0 0 0 6059 87405
6059 87404 0 0 0 6059 87405
6059 87405 189 22 1 6059 87405
6059 87503 0 0 0 6059 88502
6059 87504 0 0 0 6059 76102
6059 87505 0 0 0 6059 87405
6059 87601 0 0 0 6059 87405
6059 87602 0 0 0 6059 87405
6059 87701 0 0 0 6059 86902
6059 87703 0 0 0 6059 86902
6059 87704 0 0 0 6059 87405
6059 87801 0 0 0 6059 86902
6059 87802 0 0 0 6059 86902
6059 87803 0 0 0 6059 86902
6059 87805 0 0 0 6059 86902
6059 87806 0 0 0 6059 86902
6059 87901 0 0 0 6059 86902
6059 87902 0 0 0 6059 99801
6059 88001 0 0 0 6059 99801
6059 88002 0 0 0 6059 99801
6059 88101 0 0 0 6059 99801
6059 88104 0 0 0 6059 99801
6059 88105 0 0 0 6059 99801
6059 88106 0 0 0 6059 99801
6059 88107 0 0 0 6059 99801
6059 88201 0 0 0 6059 99801
6059 88202 0 0 0 6059 88502
6059 88203 0 0 0 6059 99801
6059 88301 0 0 0 6059 88502
6059 88302 0 0 0 6059 88502
6059 88401 0 0 0 6059 88502
6059 88402 0 0 0 6059 88502
6059 88403 0 0 0 6059 88502
6059 88501 0 0 0 6059 88502
6059 88502 46 7 1 6059 88502
6059 88601 0 0 0 6059 88502
6059 88602 0 0 0 6059 88502
6059 88701 0 0 0 6059 99801
6059 88702 0 0 0 6059 99801
6059 88801 0 0 0 6059 99801
6059 88802 0 0 0 6059 99801
6059 88901 0 0 0 6059 99801
6059 88902 0 0 0 6059 88502
6059 88903 0 0 0 6059 88502
6059 88904 0 0 0 6059 99801
6059 88905 0 0 0 6059 99801
6059 89001 0 0 0 6059 88502
6059 89003 0 0 0 6059 88502
6059 89004 0 0 0 6059 88502
6059 89102 0 0 0 6059 88502
6059 89104 0 0 0 6059 88502
6059 89105 0 0 0 6059 88502
6059 89106 0 0 0 6059 88502
6059 89107 0 0 0 6059 88502
6059 99202 0 0 0 6059 99229
6059 99203 0 0 0 6059 99229
6059 99204 0 0 0 6059 99229
6059 99212 66 9 1 6059 99212
6059 99214 0 0 0 6059 99232
6059 99215 0 0 0 6059 99232
6059 99216 0 0 0 6059 99232
6059 99217 0 0 0 6059 63702
6059 99220 0 0 0 6059 63603
6059 99222 0 0 0 6059 99212
6059 99223 0 0 0 6059 99212
6059 99224 0 0 0 6059 99212
6059 99225 0 0 0 6059 99229
6059 99226 0 0 0 6059 99229
6059 99227 0 0 0 6059 99229
6059 99229 228 25 1 6059 99229
6059 99230 0 0 0 6059 99232
6059 99231 0 0 0 6059 99232
6059 99232 241 28 1 6059 99232
6059 99233 0 0 0 6059 99212
6059 99234 0 0 0 6059 99212
6059 99235 0 0 0 6059 99212
6059 99237 0 0 0 6059 99232
6059 99238 0 0 0 6059 99232
6059 99239 0 0 0 6059 63603
6059 99240 0 0 0 6059 63603
6059 99241 0 0 0 6059 99212
6059 99242 0 0 0 6059 99212
6059 99243 0 0 0 6059 99232
6059 99244 0 0 0 6059 99232
6059 99245 0 0 0 6059 99232
6059 99246 0 0 0 6059 99232
6059 99247 0 0 0 6059 99229
6059 99248 0 0 0 6059 88502
6059 99249 0 0 0 6059 88502
6059 99250 0 0 0 6059 99232
6059 99251 0 0 0 6059 99229
6059 99305 0 0 0 6059 99212
6059 99306 0 0 0 6059 99232
6059 99307 0 0 0 6059 63603
6059 99308 0 0 0 6059 99212
6059 99309 0 0 0 6059 99212
6059 99310 0 0 0 6059 99212
6059 99311 0 0 0 6059 99232
6059 99402 0 0 0 6059 99212
6059 99404 0 0 0 6059 99212
6059 99405 0 0 0 6059 99212
6059 99406 0 0 0 6059 99212
6059 99407 0 0 0 6059 99212
6059 99408 0 0 0 6059 99212
6059 99410 0 0 0 6059 99212
6059 99411 0 0 0 6059 99212
6059 99412 0 0 0 6059 99212
6059 99415 0 0 0 6059 99212
6059 99416 0 0 0 6059 99212
6059 99417 0 0 0 6059 99212
6059 99418 0 0 0 6059 99212
6059 99419 0 0 0 6059 99212
6059 99502 0 0 0 6059 110108
6059 99504 0 0 0 6059 110108
6059 99506 0 0 0 6059 99212
6059 99508 0 0 0 6059 99212
6059 99509 0 0 0 6059 110108
6059 99510 0 0 0 6059 110108
6059 99511 0 0 0 6059 110108
6059 99512 0 0 0 6059 110108
6059 99513 0 0 0 6059 99212
6059 99514 0 0 0 6059 99212
6059 99601 0 0 0 6059 99801
6059 99602 0 0 0 6059 99801
6059 99603 0 0 0 6059 99801
6059 99604 0 0 0 6059 99801
6059 99605 0 0 0 6059 99801
6059 99701 0 0 0 6059 99801
6059 99702 0 0 0 6059 99801
6059 99703 0 0 0 6059 99212
6059 99801 85 16 1 6059 99801
6059 99802 0 0 0 6059 99801
6059 99803 0 0 0 6059 99801
6059 99902 0 0 0 6059 99801
6059 99903 0 0 0 6059 99801
6059 99904 0 0 0 6059 99801
6059 99905 0 0 0 6059 99801
6059 99906 0 0 0 6059 99801
6059 110001 0 0 0 6059 110108
6059 110003 0 0 0 6059 99801
6059 110004 0 0 0 6059 99801
6059 110005 0 0 0 6059 110108
6059 110006 0 0 0 6059 110108
6059 110007 0 0 0 6059 110108
6059 110008 0 0 0 6059 110108
6059 110010 0 0 0 6059 99801
6059 110011 0 0 0 6059 86902
6059 110012 0 0 0 6059 110108
6059 110014 0 0 0 6059 110108
6059 110015 0 0 0 6059 110108
6059 110102 0 0 0 6059 110116
6059 110104 0 0 0 6059 110116
6059 110106 0 0 0 6059 110108
6059 110108 152 17 1 6059 110108
6059 110109 0 0 0 6059 86902
6059 110110 0 0 0 6059 110116
6059 110111 0 0 0 6059 110116
6059 110113 0 0 0 6059 110108
6059 110114 0 0 0 6059 110108
6059 110115 0 0 0 6059 110116
6059 110116 46 6 1 6059 110116
6059 110117 0 0 0 6059 110108
6059 110118 0 0 0 6059 110108
6059 110201 0 0 0 6059 86902
6059 110202 0 0 0 6059 86902
6059 110203 0 0 0 6059 86902
6059 110301 0 0 0 6059 110116
6059 110302 0 0 0 6059 110116
6059 110303 0 0 0 6059 86902
6059 110304 0 0 0 6059 110116
6059 110401 0 0 0 6059 86902
6059 110402 0 0 0 6059 86902
6059 110500 0 0 0 6059 110116
6059 110603 0 0 0 6037 504001
6059 110604 0 0 0 6037 504001
6059 110605 0 0 0 6059 1603
6059 110606 0 0 0 6037 504001
6059 110607 0 0 0 6037 504001
6059 980000 0 0 0 6059 87405
6059 990100 0 0 0 6059 63603
6061 20104 0 0 0 6057 1209
6061 20105 0 0 0 6057 1209
6061 20106 0 0 0 6057 1209
6061 20107 0 0 0 6057 1209
6061 20200 0 0 0 6057 1209
6061 20300 0 0 0 6061 21603
6061 20401 0 0 0 6061 21603
6061 20402 0 0 0 6061 21603
6061 20501 0 0 0 6061 21603
6061 20502 0 0 0 6061 21603
6061 20601 0 0 0 6061 22400
6061 20604 0 0 0 6061 22400
6061 20605 0 0 0 6061 20717
6061 20606 0 0 0 6061 20717
6061 20607 0 0 0 6061 22400
6061 20608 0 0 0 6061 22400
6061 20710 0 0 0 6061 20717
6061 20711 0 0 0 6061 20717
6061 20712 0 0 0 6061 20717
6061 20713 0 0 0 6061 20717
6061 20714 0 0 0 6061 20717
6061 20715 0 0 0 6061 20717
6061 20717 360 28 1 6061 20717
6061 20805 0 0 0 6061 20717
6061 20806 0 0 0 6061 20717
6061 20901 0 0 0 6061 20717
6061 20908 0 0 0 6061 20717
6061 21003 0 0 0 6061 20717
6061 21034 0 0 0 6061 22400
6061 21037 0 0 0 6061 20717
6061 21038 0 0 0 6061 20717
6061 21039 0 0 0 6061 20717
6061 21040 0 0 0 6061 20717
6061 21043 0 0 0 6061 20717
6061 21044 0 0 0 6061 20717
6061 21045 0 0 0 6061 20717
6061 21046 0 0 0 6061 20717
6061 21047 0 0 0 6061 20717
6061 21048 0 0 0 6061 20717
6061 21103 0 0 0 6061 22400
6061 21106 0 0 0 6061 22400
6061 21108 0 0 0 6061 22400
6061 21109 0 0 0 6061 22400
6061 21122 0 0 0 6061 22400
6061 21123 0 0 0 6061 22400
6061 21128 0 0 0 6061 22400
6061 21129 0 0 0 6061 22400
6061 21130 0 0 0 6061 22400
6061 21131 0 0 0 6061 22400
6061 21203 0 0 0 6061 22400
6061 21204 0 0 0 6061 21603
6061 21304 0 0 0 6061 21603
6061 21323 0 0 0 6061 22400
6061 21324 0 0 0 6061 22400
6061 21325 0 0 0 6061 20717
6061 21326 0 0 0 6061 20717
6061 21327 0 0 0 6067 8134
6061 21328 0 0 0 6061 22400
6061 21401 0 0 0 6061 22400
6061 21403 0 0 0 6061 22400
6061 21501 0 0 0 6061 21603
6061 21502 0 0 0 6061 21603
6061 21603 64 8 1 6061 21603
6061 21604 0 0 0 6061 21603
6061 21801 0 0 0 6061 21603
6061 21802 0 0 0 6061 21603
6061 21901 0 0 0 6061 21603
6061 21902 0 0 0 6061 21603
6061 22002 0 0 0 6061 21603
6061 22011 0 0 0 6057 1209
6061 22013 0 0 0 6057 504
6061 22014 0 0 0 6057 1209
6061 22100 0 0 0 6057 1209
6061 22200 0 0 0 6057 1209
6061 22300 0 0 0 6017 30402
6061 22400 391 64 1 6061 22400
6061 22500 0 0 0 6067 8134
6061 22600 0 0 0 6061 22400
6061 22800 0 0 0 6061 22400
6061 22900 0 0 0 6061 22400
6061 23000 0 0 0 6061 22400
6061 23100 0 0 0 6061 22400
6061 23200 0 0 0 6061 22400
6061 23300 0 0 0 6061 22400
6061 23400 0 0 0 6061 22400
6061 23501 0 0 0 6061 22400
6061 23502 0 0 0 6061 22400
6061 23600 0 0 0 6061 22400
6061 23700 0 0 0 6061 22400
6061 23800 0 0 0 6061 22400
6061 23900 0 0 0 6061 22400
6061 990000 0 0 0 6057 1209
6063 100 16 0 1 6063 100
6063 201 0 0 0 6063 100
6063 202 0 0 0 6063 100
6063 300 9 0 1 6063 300
6063 400 0 0 0 6063 100
6063 501 10 0 1 6063 501
6063 502 0 0 0 6063 501
6065 30101 0 0 0 6065 30300
6065 30103 0 0 0 6065 30300
6065 30104 0 0 0 6065 30300
6065 30200 0 0 0 6065 30300
6065 30300 535 75 1 6065 30300
6065 30400 0 0 0 6065 30300
6065 30501 0 0 0 6065 30300
6065 30502 0 0 0 6065 30300
6065 30503 0 0 0 6065 30300
6065 30602 0 0 0 6065 30300
6065 30603 0 0 0 6065 30300
6065 30604 0 0 0 6065 31501
6065 30605 0 0 0 6065 30300
6065 30700 0 0 0 6065 30300
6065 30800 0 0 0 6065 30300
6065 30900 0 0 0 6065 31501
6065 31001 0 0 0 6065 31501
6065 31002 0 0 0 6065 31501
6065 31100 0 0 0 6065 30300
6065 31200 0 0 0 6065 30300
6065 31300 0 0 0 6065 31501
6065 31401 0 0 0 6065 31501
6065 31402 0 0 0 6065 31501
6065 31501 194 12 1 6065 31501
6065 31503 0 0 0 6065 31501
6065 31504 0 0 0 6065 31501
6065 31601 0 0 0 6065 31501
6065 31602 0 0 0 6065 31501
6065 31701 0 0 0 6065 31501
6065 31702 0 0 0 6065 41408
6065 31703 0 0 0 6065 31501
6065 31704 0 0 0 6065 31501
6065 40101 0 0 0 6065 30300
6065 40102 0 0 0 6071 3302
6065 40201 0 0 0 6065 30300
6065 40202 0 0 0 6065 30300
6065 40203 0 0 0 6065 30300
6065 40204 0 0 0 6065 30300
6065 40302 0 0 0 6065 30300
6065 40303 0 0 0 6065 30300
6065 40304 0 0 0 6065 30300
6065 40305 0 0 0 6065 30300
6065 40402 0 0 0 6065 31501
6065 40403 0 0 0 6065 31501
6065 40404 0 0 0 6065 31501
6065 40405 0 0 0 6065 31501
6065 40501 0 0 0 6071 3302
6065 40502 0 0 0 6071 3302
6065 40503 0 0 0 6071 2112
6065 40603 0 0 0 6065 41408
6065 40604 0 0 0 6065 41408
6065 40605 0 0 0 6065 31501
6065 40606 0 0 0 6065 31501
6065 40609 0 0 0 6065 41601
6065 40611 0 0 0 6065 41601
6065 40616 0 0 0 6065 41601
6065 40617 0 0 0 6071 604
6065 40618 0 0 0 6071 2112
6065 40619 0 0 0 6065 41601
6065 40620 0 0 0 6065 41601
6065 40621 0 0 0 6065 41601
6065 40622 0 0 0 6065 41408
6065 40701 0 0 0 6065 41601
6065 40702 0 0 0 6065 41601
6065 40703 0 0 0 6065 41408
6065 40806 0 0 0 6065 41601
6065 40807 0 0 0 6065 41601
6065 40808 0 0 0 6065 41601
6065 40809 0 0 0 6065 41601
6065 40812 0 0 0 6065 41601
6065 40813 0 0 0 6065 41601
6065 40814 0 0 0 6065 41408
6065 40815 0 0 0 6065 41408
6065 40816 0 0 0 6065 41601
6065 40821 0 0 0 6065 41601
6065 40901 0 0 0 6065 41408
6065 40902 0 0 0 6065 41408
6065 40903 0 0 0 6065 41408
6065 40904 0 0 0 6065 41408
6065 41001 0 0 0 6065 31501
6065 41002 0 0 0 6065 31501
6065 41003 0 0 0 6065 41408
6065 41004 0 0 0 6065 41408
6065 41101 0 0 0 6065 31501
6065 41102 0 0 0 6065 41408
6065 41201 0 0 0 6065 41408
6065 41202 0 0 0 6065 41408
6065 41203 0 0 0 6065 31501
6065 41301 0 0 0 6065 41408
6065 41302 0 0 0 6065 41408
6065 41403 0 0 0 6065 41408
6065 41404 0 0 0 6065 41408
6065 41405 0 0 0 6065 41408
6065 41406 0 0 0 6065 41408
6065 41407 0 0 0 6065 41408
6065 41408 193 23 1 6065 41408
6065 41410 0 0 0 6065 41601
6065 41411 0 0 0 6065 41601
6065 41412 0 0 0 6065 41408
6065 41413 0 0 0 6065 41408
6065 41414 0 0 0 6065 41408
6065 41415 0 0 0 6065 41408
6065 41500 0 0 0 6065 41601
6065 41601 155 22 1 6065 41601
6065 41602 0 0 0 6065 41601
6065 41702 0 0 0 6065 41601
6065 41703 0 0 0 6065 41601
6065 41704 0 0 0 6065 41601
6065 41803 0 0 0 6065 41601
6065 41804 0 0 0 6065 41601
6065 41805 0 0 0 6065 41601
6065 41806 0 0 0 6065 41601
6065 41807 0 0 0 6065 41601
6065 41808 0 0 0 6065 41601
6065 41809 0 0 0 6065 41601
6065 41810 0 0 0 6065 41601
6065 41812 0 0 0 6065 41601
6065 41813 0 0 0 6065 41601
6065 41904 0 0 0 6065 41601
6065 41905 0 0 0 6065 41601
6065 41906 0 0 0 6065 41601
6065 41909 0 0 0 6065 41601
6065 41910 0 0 0 6065 41601
6065 41912 0 0 0 6065 41601
6065 41913 0 0 0 6065 41601
6065 41914 0 0 0 6065 41601
6065 41915 0 0 0 6065 41601
6065 42003 0 0 0 6065 31501
6065 42004 0 0 0 6065 31501
6065 42005 0 0 0 6065 31501
6065 42007 0 0 0 6065 41408
6065 42008 0 0 0 6065 41408
6065 42009 0 0 0 6065 42631
6065 42010 0 0 0 6065 42631
6065 42012 0 0 0 6065 30300
6065 42015 0 0 0 6065 48700
6065 42016 0 0 0 6065 48700
6065 42017 0 0 0 6065 31501
6065 42018 0 0 0 6065 30300
6065 42206 0 0 0 6065 30300
6065 42207 0 0 0 6065 30300
6065 42208 0 0 0 6065 30300
6065 42209 0 0 0 6065 30300
6065 42210 0 0 0 6065 30300
6065 42212 0 0 0 6065 30300
6065 42213 0 0 0 6065 30300
6065 42214 0 0 0 6065 30300
6065 42217 0 0 0 6065 30300
6065 42300 0 0 0 6065 30300
6065 42401 0 0 0 6065 48700
6065 42402 0 0 0 6065 48700
6065 42403 0 0 0 6065 48700
6065 42404 0 0 0 6065 48700
6065 42405 0 0 0 6065 48700
6065 42406 0 0 0 6065 48700
6065 42407 0 0 0 6065 48700
6065 42408 0 0 0 6065 48700
6065 42409 0 0 0 6065 48700
6065 42410 0 0 0 6065 48700
6065 42411 0 0 0 6065 48700
6065 42412 0 0 0 6071 8301
6065 42505 0 0 0 6065 48700
6065 42507 0 0 0 6065 48700
6065 42508 0 0 0 6065 48700
6065 42509 0 0 0 6065 48700
6065 42510 0 0 0 6065 48700
6065 42511 0 0 0 6065 48700
6065 42512 0 0 0 6065 48700
6065 42513 0 0 0 6065 48700
6065 42514 0 0 0 6065 48700
6065 42515 0 0 0 6065 48700
6065 42516 0 0 0 6065 48700
6065 42517 0 0 0 6065 48700
6065 42518 0 0 0 6065 48700
6065 42519 0 0 0 6065 48700
6065 42520 0 0 0 6065 48700
6065 42521 0 0 0 6065 48700
6065 42522 0 0 0 6065 48700
6065 42523 0 0 0 6065 48700
6065 42621 0 0 0 6065 48700
6065 42622 0 0 0 6065 48700
6065 42623 0 0 0 6065 48700
6065 42624 0 0 0 6065 48700
6065 42625 0 0 0 6065 42631
6065 42626 0 0 0 6065 42631
6065 42627 0 0 0 6065 42631
6065 42628 0 0 0 6065 42631
6065 42629 0 0 0 6065 42631
6065 42630 0 0 0 6065 42631
6065 42631 40 8 1 6065 42631
6065 42632 0 0 0 6065 42631
6065 42708 0 0 0 6065 42728
6065 42709 0 0 0 6065 42728
6065 42711 0 0 0 6065 42728
6065 42714 0 0 0 6065 42728
6065 42716 0 0 0 6065 42728
6065 42717 0 0 0 6065 42728
6065 42719 0 0 0 6065 42631
6065 42720 0 0 0 6065 42728
6065 42723 0 0 0 6065 42728
6065 42724 0 0 0 6065 42728
6065 42726 0 0 0 6065 42728
6065 42728 84 10 1 6065 42728
6065 42730 0 0 0 6065 42728
6065 42731 0 0 0 6065 42728
6065 42732 0 0 0 6065 42728
6065 42733 0 0 0 6065 42728
6065 42737 0 0 0 6065 50701
6065 42738 0 0 0 6065 42728
6065 42739 0 0 0 6065 50701
6065 42740 0 0 0 6065 42728
6065 42741 0 0 0 6065 42728
6065 42742 0 0 0 6065 42728
6065 42743 0 0 0 6065 50701
6065 42744 0 0 0 6065 42631
6065 42745 0 0 0 6065 43401
6065 42746 0 0 0 6065 42631
6065 42747 0 0 0 6065 42631
6065 42748 0 0 0 6065 42728
6065 42749 0 0 0 6065 42728
6065 42750 0 0 0 6065 42728
6065 42751 0 0 0 6065 42728
6065 42752 0 0 0 6065 42728
6065 42801 0 0 0 6065 42631
6065 42802 0 0 0 6065 42631
6065 42902 0 0 0 6065 42631
6065 42903 0 0 0 6065 42631
6065 42905 0 0 0 6065 42631
6065 42906 0 0 0 6065 42631
6065 42907 0 0 0 6065 42728
6065 42908 0 0 0 6065 42631
6065 43001 0 0 0 6065 43206
6065 43003 0 0 0 6065 42728
6065 43005 0 0 0 6065 42728
6065 43006 0 0 0 6065 42728
6065 43007 0 0 0 6065 42631
6065 43008 0 0 0 6065 42728
6065 43009 0 0 0 6065 42631
6065 43010 0 0 0 6065 42728
6065 43201 0 0 0 6065 43222
6065 43202 0 0 0 6065 43222
6065 43203 0 0 0 6065 43222
6065 43204 0 0 0 6065 50701
6065 43205 0 0 0 6065 50701
6065 43206 236 31 1 6065 43206
6065 43207 0 0 0 6065 43222
6065 43208 0 0 0 6065 43222
6065 43209 0 0 0 6065 43206
6065 43210 0 0 0 6065 43206
6065 43211 0 0 0 6065 43206
6065 43216 0 0 0 6065 43222
6065 43217 0 0 0 6065 43222
6065 43218 0 0 0 6065 43222
6065 43220 0 0 0 6065 43222
6065 43222 152 16 1 6065 43222
6065 43227 0 0 0 6065 43206
6065 43228 0 0 0 6065 43206
6065 43229 0 0 0 6065 43206
6065 43235 0 0 0 6065 50701
6065 43246 0 0 0 6065 43222
6065 43248 0 0 0 6065 43222
6065 43252 0 0 0 6065 43222
6065 43254 0 0 0 6065 43222
6065 43256 0 0 0 6065 43222
6065 43262 0 0 0 6065 43222
6065 43264 0 0 0 6065 43222
6065 43265 0 0 0 6065 43222
6065 43266 0 0 0 6065 43222
6065 43267 0 0 0 6065 43222
6065 43270 0 0 0 6065 43206
6065 43271 0 0 0 6065 43206
6065 43272 0 0 0 6065 43206
6065 43274 0 0 0 6065 50701
6065 43276 0 0 0 6065 43206
6065 43278 0 0 0 6065 50701
6065 43279 0 0 0 6065 50701
6065 43292 0 0 0 6065 50701
6065 43293 0 0 0 6065 43222
6065 43294 0 0 0 6065 50701
6065 43295 0 0 0 6065 50701
6065 43296 0 0 0 6065 50701
6065 43297 0 0 0 6065 43222
6065 43298 0 0 0 6065 43206
6065 43304 0 0 0 6065 43401
6065 43306 0 0 0 6065 43401
6065 43307 0 0 0 6065 43401
6065 43308 0 0 0 6065 43401
6065 43309 0 0 0 6065 43401
6065 43310 0 0 0 6065 43401
6065 43311 0 0 0 6065 43401
6065 43312 0 0 0 6065 43401
6065 43313 0 0 0 6065 43401
6065 43314 0 0 0 6065 43401
6065 43315 0 0 0 6065 43401
6065 43316 0 0 0 6065 43401
6065 43318 0 0 0 6065 43401
6065 43319 0 0 0 6065 43401
6065 43401 218 26 1 6065 43401
6065 43403 0 0 0 6065 43401
6065 43404 0 0 0 6065 43401
6065 43405 0 0 0 6065 43401
6065 43503 0 0 0 6065 43401
6065 43505 0 0 0 6065 43401
6065 43506 0 0 0 6065 43401
6065 43509 0 0 0 6065 43401
6065 43512 0 0 0 6065 43401
6065 43513 0 0 0 6065 43401
6065 43517 0 0 0 6065 43401
6065 43518 0 0 0 6065 43401
6065 43519 0 0 0 6065 43401
6065 43520 0 0 0 6065 43401
6065 43521 0 0 0 6065 43401
6065 43522 0 0 0 6065 43401
6065 43523 0 0 0 6065 43401
6065 43524 0 0 0 6065 43401
6065 43601 0 0 0 6065 43401
6065 43602 0 0 0 6065 43401
6065 43701 0 0 0 6065 43401
6065 43702 0 0 0 6065 43401
6065 43703 0 0 0 6065 43401
6065 43802 0 0 0 6065 44103
6065 43807 0 0 0 6065 44103
6065 43809 0 0 0 6065 44103
6065 43810 0 0 0 6065 44103
6065 43812 0 0 0 6065 44103
6065 43813 0 0 0 6065 44103
6065 43818 0 0 0 6065 44103
6065 43820 0 0 0 6065 44103
6065 43821 0 0 0 6065 44103
6065 43822 0 0 0 6065 48700
6065 43823 0 0 0 6065 48700
6065 43824 0 0 0 6065 44103
6065 43900 0 0 0 6065 44103
6065 44000 0 0 0 6065 44103
6065 44101 0 0 0 6065 44103
6065 44102 0 0 0 6065 44103
6065 44103 79 16 1 6065 44103
6065 44104 0 0 0 6065 44103
6065 44200 0 0 0 6065 44103
6065 44300 0 0 0 6065 44103
6065 44403 0 0 0 6065 44918
6065 44404 0 0 0 6065 43401
6065 44405 0 0 0 6065 44602
6065 44406 0 0 0 6065 43401
6065 44407 0 0 0 6065 44602
6065 44505 0 0 0 6065 44918
6065 44507 0 0 0 6065 44602
6065 44509 0 0 0 6065 44602
6065 44510 0 0 0 6065 44602
6065 44515 0 0 0 6065 44602
6065 44516 0 0 0 6065 44602
6065 44517 0 0 0 6065 44602
6065 44518 0 0 0 6065 44602
6065 44520 0 0 0 6065 44918
6065 44521 0 0 0 6065 44602
6065 44523 0 0 0 6065 44602
6065 44524 0 0 0 6065 44602
6065 44602 299 37 1 6065 44602
6065 44604 0 0 0 6065 44602
6065 44605 0 0 0 6065 44602
6065 44606 0 0 0 6065 44602
6065 44701 0 0 0 6065 44602
6065 44702 0 0 0 6065 44602
6065 44804 0 0 0 6065 44602
6065 44805 0 0 0 6065 44602
6065 44806 0 0 0 6065 44602
6065 44807 0 0 0 6065 44918
6065 44904 0 0 0 6065 44602
6065 44907 0 0 0 6065 44602
6065 44911 0 0 0 6065 45207
6065 44916 0 0 0 6065 44918
6065 44917 0 0 0 6065 44918
6065 44918 274 32 1 6065 44918
6065 44919 0 0 0 6065 44918
6065 44921 0 0 0 6065 44918
6065 44922 0 0 0 6065 44918
6065 44923 0 0 0 6065 44602
6065 44924 0 0 0 6065 44602
6065 44925 0 0 0 6065 44602
6065 44926 0 0 0 6065 44602
6065 44927 0 0 0 6065 44918
6065 44928 0 0 0 6065 44918
6065 44929 0 0 0 6065 44918
6065 44930 0 0 0 6065 44918
6065 44931 0 0 0 6065 44918
6065 44932 0 0 0 6065 44602
6065 44933 0 0 0 6065 44602
6065 44934 0 0 0 6065 44918
6065 45000 0 0 0 6065 44918
6065 45103 0 0 0 6065 44918
6065 45109 0 0 0 6065 45207
6065 45110 0 0 0 6065 45207
6065 45114 0 0 0 6065 44918
6065 45115 0 0 0 6065 44918
6065 45116 0 0 0 6065 44918
6065 45117 0 0 0 6065 44918
6065 45118 0 0 0 6065 44918
6065 45119 0 0 0 6065 44918
6065 45120 0 0 0 6065 45207
6065 45122 0 0 0 6065 45207
6065 45123 0 0 0 6065 44918
6065 45124 0 0 0 6065 44918
6065 45125 0 0 0 6065 45207
6065 45126 0 0 0 6065 44918
6065 45127 0 0 0 6065 44918
6065 45128 0 0 0 6065 45207
6065 45129 0 0 0 6065 45207
6065 45207 68 24 1 6065 45207
6065 45209 0 0 0 6065 45207
6065 45212 0 0 0 6065 45207
6065 45213 0 0 0 6065 45207
6065 45214 0 0 0 6065 45207
6065 45216 0 0 0 6065 45207
6065 45217 0 0 0 6065 45207
6065 45222 0 0 0 6065 45207
6065 45224 0 0 0 6065 45207
6065 45226 0 0 0 6065 45207
6065 45228 0 0 0 6065 45207
6065 45233 0 0 0 6065 45207
6065 45234 0 0 0 6065 45207
6065 45235 0 0 0 6065 45207
6065 45302 0 0 0 6065 45207
6065 45303 0 0 0 6065 45207
6065 45305 0 0 0 6065 45207
6065 45306 0 0 0 6065 45207
6065 45501 0 0 0 6065 45207
6065 45502 0 0 0 6065 45207
6065 45606 0 0 0 6065 45207
6065 45610 0 0 0 6065 45207
6065 45611 0 0 0 6065 45207
6065 45612 0 0 0 6065 45207
6065 45613 0 0 0 6065 45207
6065 45614 0 0 0 6065 45207
6065 45615 0 0 0 6065 45207
6065 45616 0 0 0 6065 45207
6065 45617 0 0 0 6065 45207
6065 45618 0 0 0 6065 45207
6065 45619 0 0 0 6065 45207
6065 45703 0 0 0 6065 45207
6065 45704 0 0 0 6065 45207
6065 45706 0 0 0 6065 45207
6065 45707 0 0 0 6065 45207
6065 45708 0 0 0 6065 45207
6065 45709 0 0 0 6065 45207
6065 45900 0 0 0 6025 10600
6065 46101 0 0 0 6025 10600
6065 46102 0 0 0 6025 10600
6065 46103 0 0 0 6025 10600
6065 46200 0 0 0 6025 10600
6065 46401 0 0 0 6065 43206
6065 46402 0 0 0 6065 43206
6065 46403 0 0 0 6065 43206
6065 46404 0 0 0 6065 43206
6065 46405 0 0 0 6065 43206
6065 46501 0 0 0 6065 30300
6065 46502 0 0 0 6065 30300
6065 46601 0 0 0 6065 41601
6065 46602 0 0 0 6065 41601
6065 46700 0 0 0 6065 48700
6065 46800 0 0 0 6065 48700
6065 46900 0 0 0 6065 45207
6065 47000 0 0 0 6025 10600
6065 47201 0 0 0 6065 44602
6065 47202 0 0 0 6065 44918
6065 47901 0 0 0 6065 41601
6065 47902 0 0 0 6065 41601
6065 48100 0 0 0 6065 41601
6065 48200 0 0 0 6065 41601
6065 48300 0 0 0 6065 48700
6065 48700 523 62 2 6065 48700
6065 48800 0 0 0 6065 48700
6065 48901 0 0 0 6065 48700
6065 48902 0 0 0 6065 48700
6065 49001 0 0 0 6065 48700
6065 49002 0 0 0 6065 48700
6065 49101 0 0 0 6065 45207
6065 49102 0 0 0 6065 45207
6065 49400 0 0 0 6065 45207
6065 49501 0 0 0 6065 45207
6065 49502 0 0 0 6065 45207
6065 49600 0 0 0 6065 43206
6065 49701 0 0 0 6065 43206
6065 49702 0 0 0 6065 43206
6065 49800 0 0 0 6065 43206
6065 50301 0 0 0 6065 50701
6065 50302 0 0 0 6065 50701
6065 50401 0 0 0 6065 43206
6065 50402 0 0 0 6065 43206
6065 50501 0 0 0 6065 43206
6065 50502 0 0 0 6065 43206
6065 50503 0 0 0 6065 43206
6065 50600 0 0 0 6065 43206
6065 50701 174 13 1 6065 50701
6065 50702 0 0 0 6065 50701
6065 50901 0 0 0 6065 30300
6065 50902 0 0 0 6065 30300
6065 51100 0 0 0 6065 48700
6065 51200 0 0 0 6065 43222
6065 51301 0 0 0 6065 43401
6065 51302 0 0 0 6065 43401
6065 51401 0 0 0 6065 45207
6065 51402 0 0 0 6065 45207
6065 940100 0 0 0 6025 10600
6065 940400 0 0 0 6065 45207
6065 940500 0 0 0 6065 44602
6065 940600 0 0 0 6065 44918
6065 940700 0 0 0 6065 44602
6065 940800 0 0 0 6065 44602
6065 940900 0 0 0 6065 44918
6065 941001 0 0 0 6065 44602
6065 941002 0 0 0 6065 44602
6065 941100 0 0 0 6065 44918
6065 941200 0 0 0 6065 44602
6065 941300 0 0 0 6065 44602
6065 941400 0 0 0 6065 44602
6065 941500 0 0 0 6065 43401
6065 980004 0 0 0 6065 30300
6065 981000 0 0 0 6025 10600
6067 100 0 0 0 6067 1500
6067 200 0 0 0 6067 1500
6067 300 0 0 0 6067 1500
6067 400 0 0 0 6067 1400
6067 501 0 0 0 6067 1400
6067 502 0 0 0 6067 1400
6067 600 0 0 0 6067 1400
6067 700 0 0 0 6067 1400
6067 800 0 0 0 6067 1400
6067 1102 0 0 0 6067 1400
6067 1103 0 0 0 6067 1400
6067 1201 0 0 0 6067 1400
6067 1202 0 0 0 6067 1400
6067 1300 0 0 0 6067 1400
6067 1400 541 60 1 6067 1400
6067 1500 204 25 1 6067 1500
6067 1601 0 0 0 6067 1702
6067 1602 0 0 0 6067 1500
6067 1701 0 0 0 6067 1702
6067 1702 636 84 2 6067 1702
6067 1800 0 0 0 6067 1702
6067 1900 0 0 0 6067 1400
6067 2000 0 0 0 6067 1400
6067 2100 0 0 0 6067 1400
6067 2200 0 0 0 6067 1400
6067 2300 0 0 0 6067 1400
6067 2400 0 0 0 6067 1400
6067 2500 0 0 0 6067 1702
6067 2600 0 0 0 6067 1400
6067 2700 0 0 0 6067 1702
6067 2800 0 0 0 6067 1702
6067 2900 0 0 0 6067 1702
6067 3001 0 0 0 6067 1702
6067 3002 0 0 0 6067 1702
6067 3101 0 0 0 6067 1702
6067 3102 0 0 0 6067 1702
6067 3202 0 0 0 6067 1702
6067 3203 0 0 0 6067 1702
6067 3204 0 0 0 6067 1702
6067 3300 0 0 0 6067 1702
6067 3400 0 0 0 6067 1702
6067 3501 0 0 0 6067 1702
6067 3502 0 0 0 6067 1702
6067 3600 0 0 0 6067 1702
6067 3700 0 0 0 6067 1702
6067 3800 0 0 0 6067 1702
6067 3900 0 0 0 6067 1400
6067 4005 0 0 0 6067 1702
6067 4006 0 0 0 6067 1702
6067 4008 0 0 0 6067 1702
6067 4011 0 0 0 6067 9641
6067 4012 0 0 0 6067 9641
6067 4013 0 0 0 6067 9641
6067 4014 0 0 0 6067 1702
6067 4015 0 0 0 6067 1702
6067 4016 0 0 0 6067 1400
6067 4017 0 0 0 6067 9641
6067 4018 0 0 0 6067 1702
6067 4019 0 0 0 6067 9641
6067 4020 0 0 0 6067 9641
6067 4100 0 0 0 6067 1702
6067 4201 0 0 0 6067 9641
6067 4202 0 0 0 6067 9641
6067 4203 0 0 0 6067 9641
6067 4301 0 0 0 6067 9641
6067 4302 0 0 0 6067 9641
6067 4401 0 0 0 6067 1702
6067 4402 0 0 0 6067 1702
6067 4501 0 0 0 6067 1702
6067 4502 0 0 0 6067 9641
6067 4602 0 0 0 6067 1702
6067 4603 0 0 0 6067 1702
6067 4604 0 0 0 6067 1702
6067 4701 0 0 0 6067 9641
6067 4702 0 0 0 6067 9641
6067 4801 0 0 0 6067 9641
6067 4802 0 0 0 6067 9641
6067 4904 0 0 0 6067 9641
6067 4906 0 0 0 6067 9641
6067 4907 0 0 0 6067 9641
6067 4908 0 0 0 6067 9641
6067 4909 0 0 0 6067 9641
6067 4910 0 0 0 6067 9641
6067 5002 0 0 0 6067 9641
6067 5003 0 0 0 6067 9641
6067 5004 0 0 0 6067 9641
6067 5101 0 0 0 6067 9641
6067 5102 0 0 0 6067 9641
6067 5201 0 0 0 6067 1702
6067 5202 0 0 0 6067 1702
6067 5204 0 0 0 6067 1702
6067 5205 0 0 0 6067 1702
6067 5301 0 0 0 6067 1400
6067 5402 0 0 0 6067 1500
6067 5403 0 0 0 6067 1702
6067 5404 0 0 0 6067 5601
6067 5502 0 0 0 6067 5601
6067 5505 0 0 0 6067 5601
6067 5506 0 0 0 6067 5601
6067 5508 0 0 0 6067 5601
6067 5509 0 0 0 6067 5601
6067 5510 0 0 0 6067 5601
6067 5601 223 24 1 6067 5601
6067 5605 0 0 0 6067 5601
6067 5606 0 0 0 6067 5601
6067 5701 0 0 0 6067 5601
6067 5702 0 0 0 6067 5601
6067 5801 0 0 0 6067 5601
6067 5803 0 0 0 6067 5601
6067 5804 0 0 0 6067 5601
6067 5901 0 0 0 6067 5601
6067 5903 0 0 0 6067 5601
6067 5904 0 0 0 6067 5601
6067 6002 0 0 0 6067 5601
6067 6003 0 0 0 6067 5601
6067 6004 0 0 0 6067 5601
6067 6101 0 0 0 6067 5601
6067 6102 0 0 0 6067 5601
6067 6202 0 0 0 6067 5601
6067 6203 0 0 0 6067 5601
6067 6204 0 0 0 6067 5601
6067 6300 0 0 0 6067 5601
6067 6400 0 0 0 6067 5601
6067 6501 0 0 0 6067 5601
6067 6502 0 0 0 6067 5601
6067 6600 0 0 0 6067 5601
6067 6703 0 0 0 6067 5601
6067 6704 0 0 0 6067 5601
6067 6705 0 0 0 6067 1400
6067 6706 0 0 0 6067 5601
6067 6801 0 0 0 6067 1400
6067 6802 0 0 0 6067 1400
6067 6803 0 0 0 6067 1400
6067 6901 0 0 0 6067 1400
6067 6902 0 0 0 6067 1400
6067 7001 0 0 0 6067 1400
6067 7007 0 0 0 6067 1400
6067 7010 0 0 0 6067 1400
6067 7011 0 0 0 6067 1400
6067 7012 0 0 0 6067 1400
6067 7013 0 0 0 6067 1400
6067 7016 0 0 0 6067 1400
6067 7017 0 0 0 6067 1400
6067 7019 0 0 0 6067 1400
6067 7020 0 0 0 6067 1400
6067 7021 0 0 0 6067 1400
6067 7022 0 0 0 6067 1400
6067 7023 0 0 0 6067 1400
6067 7024 0 0 0 6067 1400
6067 7025 0 0 0 6067 1400
6067 7026 0 0 0 6067 1400
6067 7027 0 0 0 6067 1400
6067 7028 0 0 0 6067 1400
6067 7101 0 0 0 6067 1400
6067 7103 0 0 0 6067 1400
6067 7105 0 0 0 6067 1400
6067 7106 0 0 0 6067 1400
6067 7107 0 0 0 6067 1400
6067 7108 0 0 0 6067 1400
6067 7109 0 0 0 6067 1400
6067 7110 0 0 0 6067 1400
6067 7111 0 0 0 6067 1400
6067 7202 0 0 0 6067 8134
6067 7204 0 0 0 6067 5601
6067 7206 0 0 0 6067 8134
6067 7207 0 0 0 6067 8134
6067 7208 0 0 0 6067 5601
6067 7209 0 0 0 6067 5601
6067 7301 0 0 0 6067 5601
6067 7402 0 0 0 6067 8134
6067 7403 0 0 0 6067 8134
6067 7413 0 0 0 6067 5601
6067 7414 0 0 0 6067 8134
6067 7415 0 0 0 6067 8134
6067 7416 0 0 0 6067 8134
6067 7417 0 0 0 6067 8134
6067 7422 0 0 0 6067 8134
6067 7423 0 0 0 6067 8134
6067 7424 0 0 0 6067 8134
6067 7426 0 0 0 6067 8134
6067 7427 0 0 0 6067 8134
6067 7428 0 0 0 6067 8134
6067 7429 0 0 0 6067 8134
6067 7430 0 0 0 6067 8134
6067 7431 0 0 0 6067 8134
6067 7432 0 0 0 6067 8134
6067 7434 0 0 0 6067 8134
6067 7435 0 0 0 6067 8134
6067 7436 0 0 0 6067 8134
6067 7437 0 0 0 6067 8134
6067 7438 0 0 0 6067 8134
6067 7439 0 0 0 6067 8134
6067 7501 0 0 0 6067 8134
6067 7503 0 0 0 6067 8134
6067 7504 0 0 0 6067 8134
6067 7602 0 0 0 6067 8134
6067 7603 0 0 0 6067 8134
6067 7604 0 0 0 6067 8134
6067 7701 0 0 0 6067 5601
6067 7702 0 0 0 6067 5601
6067 7801 0 0 0 6067 8134
6067 7802 0 0 0 6067 8134
6067 7903 0 0 0 6067 8134
6067 7904 0 0 0 6067 8134
6067 7905 0 0 0 6067 8134
6067 7906 0 0 0 6067 8134
6067 8005 0 0 0 6067 8402
6067 8006 0 0 0 6067 8134
6067 8007 0 0 0 6067 8134
6067 8008 0 0 0 6067 8134
6067 8009 0 0 0 6067 8134
6067 8010 0 0 0 6067 8134
6067 8111 0 0 0 6067 8134
6067 8113 0 0 0 6067 8134
6067 8117 0 0 0 6067 8134
6067 8119 0 0 0 6067 8134
6067 8120 0 0 0 6067 8134
6067 8122 0 0 0 6067 8134
6067 8124 0 0 0 6061 20717
6067 8125 0 0 0 6061 20717
6067 8127 0 0 0 6067 8134
6067 8128 0 0 0 6067 8134
6067 8129 0 0 0 6067 8134
6067 8130 0 0 0 6067 8134
6067 8131 0 0 0 6067 8134
6067 8132 0 0 0 6067 8134
6067 8133 0 0 0 6067 8134
6067 8134 276 53 1 6067 8134
6067 8135 0 0 0 6067 8134
6067 8136 0 0 0 6067 8134
6067 8137 0 0 0 6067 8134
6067 8138 0 0 0 6067 8134
6067 8139 0 0 0 6067 8134
6067 8140 0 0 0 6067 8134
6067 8141 0 0 0 6067 8134
6067 8142 0 0 0 6067 8134
6067 8143 0 0 0 6061 20717
6067 8144 0 0 0 6067 8134
6067 8145 0 0 0 6067 8134
6067 8203 0 0 0 6061 20717
6067 8204 0 0 0 6067 8134
6067 8206 0 0 0 6067 8402
6067 8207 0 0 0 6067 8402
6067 8208 0 0 0 6067 8402
6067 8209 0 0 0 6067 8402
6067 8210 0 0 0 6067 8402
6067 8211 0 0 0 6067 8402
6067 8402 58 6 1 6067 8402
6067 8403 0 0 0 6067 8402
6067 8404 0 0 0 6067 8402
6067 8501 0 0 0 6067 8402
6067 8504 0 0 0 6067 8506
6067 8505 0 0 0 6067 8506
6067 8506 86 8 1 6067 8506
6067 8507 0 0 0 6067 8506
6067 8508 0 0 0 6067 8506
6067 8509 0 0 0 6067 8506
6067 8510 0 0 0 6067 8506
6067 8512 0 0 0 6067 8506
6067 8513 0 0 0 6067 8506
6067 8601 0 0 0 6067 8506
6067 8602 0 0 0 6067 8506
6067 8702 0 0 0 6067 8134
6067 8703 0 0 0 6067 8134
6067 8704 0 0 0 6067 5601
6067 8706 0 0 0 6067 8506
6067 8707 0 0 0 6067 5601
6067 8708 0 0 0 6067 8506
6067 8802 0 0 0 6067 5601
6067 8803 0 0 0 6067 5601
6067 8905 0 0 0 6067 5601
6067 8907 0 0 0 6067 8134
6067 8908 0 0 0 6067 8134
6067 8909 0 0 0 6067 5601
6067 8910 0 0 0 6067 5601
6067 8911 0 0 0 6067 5601
6067 8912 0 0 0 6067 8134
6067 8913 0 0 0 6067 8134
6067 9004 0 0 0 6067 5601
6067 9005 0 0 0 6067 5601
6067 9006 0 0 0 6067 5601
6067 9007 0 0 0 6067 5601
6067 9008 0 0 0 6067 5601
6067 9010 0 0 0 6067 5601
6067 9011 0 0 0 6067 5601
6067 9103 0 0 0 6067 5601
6067 9105 0 0 0 6067 5601
6067 9106 0 0 0 6067 5601
6067 9107 0 0 0 6067 5601
6067 9108 0 0 0 6067 5601
6067 9109 0 0 0 6067 5601
6067 9110 0 0 0 6067 5601
6067 9111 0 0 0 6067 5601
6067 9112 0 0 0 6067 5601
6067 9201 0 0 0 6067 9641
6067 9307 0 0 0 6067 9641
6067 9308 0 0 0 6067 9641
6067 9309 0 0 0 6067 9641
6067 9310 0 0 0 6067 9641
6067 9311 0 0 0 6067 9641
6067 9312 0 0 0 6067 9641
6067 9314 0 0 0 6067 9641
6067 9316 0 0 0 6067 9641
6067 9317 0 0 0 6067 9641
6067 9318 0 0 0 6067 9641
6067 9319 0 0 0 6067 9641
6067 9320 0 0 0 6067 9641
6067 9321 0 0 0 6067 9641
6067 9323 0 0 0 6067 9641
6067 9326 0 0 0 6067 9641
6067 9328 0 0 0 6067 9641
6067 9329 0 0 0 6067 9641
6067 9330 0 0 0 6067 9641
6067 9331 0 0 0 6067 9641
6067 9332 0 0 0 6067 9641
6067 9333 0 0 0 6067 9641
6067 9334 0 0 0 6067 9641
6067 9335 0 0 0 6067 9641
6067 9336 0 0 0 6067 9641
6067 9403 0 0 0 6067 9641
6067 9404 0 0 0 6067 9641
6067 9406 0 0 0 6077 4302
6067 9408 0 0 0 6077 4302
6067 9409 0 0 0 6077 4302
6067 9410 0 0 0 6077 4302
6067 9501 0 0 0 6077 4302
6067 9502 0 0 0 6077 4302
6067 9503 0 0 0 6077 4302
6067 9504 0 0 0 6077 4302
6067 9601 0 0 0 6067 9641
6067 9608 0 0 0 6067 9641
6067 9609 0 0 0 6067 9641
6067 9610 0 0 0 6067 9641
6067 9611 0 0 0 6067 9641
6067 9612 0 0 0 6067 9641
6067 9614 0 0 0 6067 9641
6067 9616 0 0 0 6067 9641
6067 9617 0 0 0 6067 9641
6067 9618 0 0 0 6067 9641
6067 9622 0 0 0 6067 9641
6067 9632 0 0 0 6067 9641
6067 9633 0 0 0 6067 9641
6067 9634 0 0 0 6067 9641
6067 9635 0 0 0 6067 9641
6067 9637 0 0 0 6067 9641
6067 9639 0 0 0 6067 9641
6067 9640 0 0 0 6067 9641
6067 9641 350 41 2 6067 9641
6067 9642 0 0 0 6067 9641
6067 9643 0 0 0 6067 9641
6067 9644 0 0 0 6067 9641
6067 9645 0 0 0 6067 9641
6067 9646 0 0 0 6067 9641
6067 9647 0 0 0 6067 9641
6067 9648 0 0 0 6067 9641
6067 9649 0 0 0 6067 9641
6067 9650 0 0 0 6067 9641
6067 9651 0 0 0 6067 9641
6067 9652 0 0 0 6067 9641
6067 9653 0 0 0 6067 9641
6067 9800 0 0 0 6013 355109
6067 9900 0 0 0 6067 9641
6067 988300 0 0 0 6067 8402
6069 100 0 0 0 6069 602
6069 200 0 0 0 6069 602
6069 300 0 0 0 6069 602
6069 400 0 0 0 6069 602
6069 501 0 0 0 6069 602
6069 502 0 0 0 6069 602
6069 601 0 0 0 6069 602
6069 602 25 4 1 6069 602
6069 701 0 0 0 6069 602
6069 702 0 0 0 6069 602
6069 801 0 0 0 6069 602
6069 802 0 0 0 6053 11306
6071 103 0 0 0 6071 604
6071 104 0 0 0 6071 604
6071 105 0 0 0 6071 604
6071 107 0 0 0 6071 604
6071 108 0 0 0 6071 604
6071 109 0 0 0 6071 604
6071 111 0 0 0 6071 604
6071 115 0 0 0 6071 604
6071 117 0 0 0 6071 604
6071 118 0 0 0 6071 604
6071 119 0 0 0 6071 604
6071 120 0 0 0 6071 604
6071 121 0 0 0 6065 41601
6071 122 0 0 0 6071 604
6071 201 0 0 0 6071 203
6071 203 39 7 1 6071 203
6071 205 0 0 0 6071 203
6071 207 0 0 0 6071 203
6071 208 0 0 0 6071 203
6071 304 0 0 0 6071 203
6071 305 0 0 0 6071 203
6071 306 0 0 0 6071 203
6071 307 0 0 0 6071 203
6071 308 0 0 0 6071 203
6071 401 0 0 0 6071 604
6071 403 0 0 0 6071 604
6071 404 0 0 0 6071 604
6071 501 0 0 0 6071 604
6071 503 0 0 0 6071 604
6071 504 0 0 0 6071 604
6071 603 0 0 0 6071 604
6071 604 55 9 1 6071 604
6071 605 0 0 0 6071 604
6071 606 0 0 0 6071 604
6071 804 0 0 0 6071 901
6071 808 0 0 0 6071 901
6071 812 0 0 0 6071 901
6071 813 0 0 0 6071 901
6071 814 0 0 0 6071 901
6071 815 0 0 0 6071 901
6071 816 0 0 0 6071 901
6071 817 0 0 0 6071 901
6071 818 0 0 0 6071 901
6071 819 0 0 0 6071 901
6071 820 0 0 0 6071 901
6071 821 0 0 0 6071 203
6071 823 0 0 0 6071 901
6071 824 0 0 0 6071 901
6071 825 0 0 0 6071 203
6071 826 0 0 0 6071 901
6071 901 215 35 1 6071 901
6071 903 0 0 0 6071 901
6071 904 0 0 0 6071 901
6071 1001 0 0 0 6071 203
6071 1002 0 0 0 6071 203
6071 1101 0 0 0 6071 1501
6071 1103 0 0 0 6071 1501
6071 1104 0 0 0 6071 1501
6071 1200 0 0 0 6071 1501
6071 1305 0 0 0 6071 1501
6071 1307 0 0 0 6071 901
6071 1308 0 0 0 6071 1501
6071 1309 0 0 0 6071 1501
6071 1310 0 0 0 6071 1501
6071 1311 0 0 0 6071 2112
6071 1312 0 0 0 6071 1501
6071 1400 0 0 0 6071 1501
6071 1501 75 11 1 6071 1501
6071 1503 0 0 0 6071 1501
6071 1504 0 0 0 6071 1501
6071 1600 0 0 0 6071 1501
6071 1702 0 0 0 6071 604
6071 1703 0 0 0 6071 604
6071 1704 0 0 0 6071 604
6071 1706 0 0 0 6071 1501
6071 1707 0 0 0 6071 1501
6071 1803 0 0 0 6071 1501
6071 1804 0 0 0 6071 604
6071 1806 0 0 0 6071 604
6071 1808 0 0 0 6071 1501
6071 1809 0 0 0 6071 1501
6071 1810 0 0 0 6071 1501
6071 1812 0 0 0 6071 1501
6071 1813 0 0 0 6071 1501
6071 1901 0 0 0 6071 604
6071 1906 0 0 0 6071 1501
6071 1907 0 0 0 6071 604
6071 1908 0 0 0 6071 604
6071 1909 0 0 0 6071 604
6071 1910 0 0 0 6071 604
6071 1911 0 0 0 6071 604
6071 2011 0 0 0 6071 901
6071 2013 0 0 0 6071 901
6071 2014 0 0 0 6071 901
6071 2015 0 0 0 6071 901
6071 2016 0 0 0 6071 901
6071 2017 0 0 0 6071 901
6071 2018 0 0 0 6071 2112
6071 2019 0 0 0 6071 2112
6071 2021 0 0 0 6071 2112
6071 2023 0 0 0 6071 2112
6071 2025 0 0 0 6071 2112
6071 2027 0 0 0 6071 2112
6071 2028 0 0 0 6071 2112
6071 2029 0 0 0 6071 2112
6071 2031 0 0 0 6071 2112
6071 2035 0 0 0 6071 2112
6071 2037 0 0 0 6071 2112
6071 2038 0 0 0 6071 2112
6071 2039 0 0 0 6071 3302
6071 2040 0 0 0 6071 3302
6071 2041 0 0 0 6071 2112
6071 2042 0 0 0 6071 2112
6071 2043 0 0 0 6071 2112
6071 2044 0 0 0 6071 2112
6071 2045 0 0 0 6071 2112
6071 2046 0 0 0 6071 2112
6071 2047 0 0 0 6071 2112
6071 2048 0 0 0 6071 2112
6071 2049 0 0 0 6071 2112
6071 2050 0 0 0 6071 2112
6071 2051 0 0 0 6071 2112
6071 2101 0 0 0 6071 901
6071 2103 0 0 0 6071 901
6071 2105 0 0 0 6071 901
6071 2107 0 0 0 6071 2112
6071 2109 0 0 0 6071 2112
6071 2111 0 0 0 6071 2112
6071 2112 50 8 1 6071 2112
6071 2204 0 0 0 6071 2112
6071 2206 0 0 0 6071 1501
6071 2207 0 0 0 6071 2112
6071 2306 0 0 0 6071 3302
6071 2307 0 0 0 6071 3302
6071 2308 0 0 0 6071 3302
6071 2309 0 0 0 6071 3302
6071 2310 0 0 0 6071 3302
6071 2311 0 0 0 6071 3302
6071 2312 0 0 0 6071 3302
6071 2313 0 0 0 6071 3302
6071 2314 0 0 0 6071 3302
6071 2315 0 0 0 6071 3302
6071 2403 0 0 0 6071 3302
6071 2404 0 0 0 6071 3302
6071 2405 0 0 0 6071 3302
6071 2406 0 0 0 6071 3302
6071 2501 0 0 0 6071 3302
6071 2503 0 0 0 6071 3302
6071 2504 0 0 0 6071 3302
6071 2602 0 0 0 6071 3302
6071 2604 0 0 0 6071 3302
6071 2606 0 0 0 6071 3302
6071 2608 0 0 0 6071 3302
6071 2609 0 0 0 6071 3302
6071 2610 0 0 0 6071 3302
6071 2611 0 0 0 6071 3302
6071 2703 0 0 0 6071 3302
6071 2705 0 0 0 6071 4202
6071 2706 0 0 0 6071 4202
6071 2707 0 0 0 6071 4202
6071 2708 0 0 0 6071 3302
6071 2709 0 0 0 6071 3302
6071 2801 0 0 0 6071 3302
6071 2803 0 0 0 6071 3302
6071 2804 0 0 0 6071 3302
6071 2901 0 0 0 6071 3302
6071 2902 0 0 0 6071 3302
6071 3000 0 0 0 6071 3302
6071 3101 0 0 0 6071 3302
6071 3102 0 0 0 6071 3302
6071 3201 0 0 0 6071 3302
6071 3202 0 0 0 6071 3302
6071 3301 0 0 0 6071 3302
6071 3302 472 84 1 6071 3302
6071 3401 0 0 0 6071 3302
6071 3403 0 0 0 6071 3302
6071 3404 0 0 0 6071 3302
6071 3405 0 0 0 6071 3302
6071 3503 0 0 0 6071 3612
6071 3505 0 0 0 6071 3612
6071 3506 0 0 0 6071 4202
6071 3507 0 0 0 6071 3612
6071 3509 0 0 0 6071 3612
6071 3510 0 0 0 6071 3612
6071 3603 0 0 0 6071 3302
6071 3605 0 0 0 6071 3302
6071 3606 0 0 0 6071 3302
6071 3607 0 0 0 6071 3612
6071 3609 0 0 0 6071 3612
6071 3611 0 0 0 6071 3612
6071 3612 285 48 1 6071 3612
6071 3700 0 0 0 6071 3612
6071 3801 0 0 0 6071 4202
6071 3803 0 0 0 6071 3612
6071 3804 0 0 0 6071 4202
6071 3900 0 0 0 6071 3612
6071 4001 0 0 0 6071 3302
6071 4003 0 0 0 6071 3612
6071 4004 0 0 0 6071 3612
6071 4101 0 0 0 6071 4202
6071 4103 0 0 0 6071 4202
6071 4104 0 0 0 6071 4202
6071 4201 0 0 0 6071 4202
6071 4202 249 25 1 6071 4202
6071 4301 0 0 0 6071 4202
6071 4302 0 0 0 6071 4202
6071 4401 0 0 0 6071 3612
6071 4403 0 0 0 6071 3612
6071 4404 0 0 0 6071 3612
6071 4503 0 0 0 6071 4202
6071 4505 0 0 0 6071 6301
6071 4507 0 0 0 6071 4202
6071 4509 0 0 0 6071 4202
6071 4510 0 0 0 6071 4202
6071 4511 0 0 0 6071 4202
6071 4512 0 0 0 6071 4202
6071 4601 0 0 0 6071 4202
6071 4603 0 0 0 6071 4202
6071 4604 0 0 0 6071 4202
6071 4700 0 0 0 6071 4202
6071 4800 0 0 0 6071 4202
6071 4901 0 0 0 6071 4202
6071 4902 0 0 0 6071 4202
6071 5101 0 0 0 6071 6301
6071 5102 0 0 0 6071 6301
6071 5200 0 0 0 6071 6301
6071 5300 0 0 0 6071 6301
6071 5400 0 0 0 6071 6301
6071 5501 0 0 0 6071 4202
6071 5502 0 0 0 6071 6301
6071 5601 0 0 0 6071 4202
6071 5602 0 0 0 6071 6301
6071 5701 0 0 0 6071 4202
6071 5800 0 0 0 6071 6301
6071 6101 0 0 0 6071 6301
6071 6102 0 0 0 6071 6301
6071 6201 0 0 0 6071 6301
6071 6203 0 0 0 6071 6301
6071 6204 0 0 0 6071 6301
6071 6301 305 68 1 6071 6301
6071 6303 0 0 0 6071 6301
6071 6304 0 0 0 6071 6301
6071 6401 0 0 0 6071 6301
6071 6402 0 0 0 6071 6301
6071 6501 0 0 0 6071 6301
6071 6502 0 0 0 6071 6301
6071 6601 0 0 0 6071 3612
6071 6603 0 0 0 6071 3612
6071 6604 0 0 0 6071 3612
6071 6700 0 0 0 6071 3612
6071 7001 0 0 0 6071 3612
6071 7002 0 0 0 6071 3612
6071 7104 0 0 0 6071 7303
6071 7105 0 0 0 6071 7303
6071 7106 0 0 0 6071 7303
6071 7107 0 0 0 6071 3612
6071 7108 0 0 0 6071 7303
6071 7110 0 0 0 6071 7303
6071 7111 0 0 0 6071 7303
6071 7112 0 0 0 6071 7303
6071 7201 0 0 0 6071 7303
6071 7202 0 0 0 6071 7303
6071 7303 681 94 2 6071 7303
6071 7305 0 0 0 6071 7303
6071 7306 0 0 0 6071 7303
6071 7307 0 0 0 6071 8301
6071 7308 0 0 0 6071 7303
6071 7404 0 0 0 6071 6301
6071 7407 0 0 0 6071 6301
6071 7408 0 0 0 6071 6301
6071 7409 0 0 0 6071 6301
6071 7410 0 0 0 6071 6301
6071 7411 0 0 0 6071 6301
6071 7412 0 0 0 6071 6301
6071 7603 0 0 0 6071 6301
6071 7604 0 0 0 6071 6301
6071 7605 0 0 0 6071 6301
6071 7606 0 0 0 6071 6301
6071 7800 0 0 0 6071 8301
6071 7903 0 0 0 6071 6301
6071 7904 0 0 0 6071 8301
6071 7905 0 0 0 6071 6301
6071 7906 0 0 0 6071 6301
6071 8001 0 0 0 6071 8301
6071 8003 0 0 0 6071 8301
6071 8004 0 0 0 6071 8301
6071 8100 0 0 0 6071 8301
6071 8201 0 0 0 6071 8301
6071 8202 0 0 0 6071 8301
6071 8301 146 15 1 6071 8301
6071 8302 0 0 0 6071 8301
6071 8402 0 0 0 6071 8301
6071 8403 0 0 0 6071 8301
6071 8404 0 0 0 6071 8301
6071 8405 0 0 0 6071 8301
6071 8406 0 0 0 6071 8301
6071 8501 0 0 0 6071 8301
6071 8502 0 0 0 6071 8301
6071 8601 0 0 0 6071 8301
6071 8602 0 0 0 6071 8301
6071 8705 0 0 0 6071 8301
6071 8708 0 0 0 6065 44103
6071 8709 0 0 0 6065 44103
6071 8710 0 0 0 6071 8301
6071 8711 0 0 0 6065 44103
6071 8712 0 0 0 6065 44103
6071 8713 0 0 0 6071 8301
6071 8714 0 0 0 6071 8301
6071 8715 0 0 0 6071 8301
6071 8716 0 0 0 6071 8301
6071 8800 0 0 0 6065 44103
6071 8901 0 0 0 6029 5406
6071 9109 0 0 0 6071 10038
6071 9119 0 0 0 6071 10038
6071 9120 0 0 0 6071 10038
6071 9121 0 0 0 6071 10038
6071 9122 0 0 0 6071 10038
6071 9123 0 0 0 6071 10038
6071 9124 0 0 0 6071 9800
6071 9125 0 0 0 6071 9800
6071 9126 0 0 0 6071 9800
6071 9127 0 0 0 6071 9800
6071 9128 0 0 0 6071 9800
6071 9129 0 0 0 6071 9800
6071 9130 0 0 0 6071 9800
6071 9131 0 0 0 6071 9800
6071 9132 0 0 0 6071 9800
6071 9133 0 0 0 6071 9800
6071 9134 0 0 0 6071 9800
6071 9135 0 0 0 6071 10038
6071 9136 0 0 0 6071 10038
6071 9137 0 0 0 6071 10038
6071 9138 0 0 0 6071 10038
6071 9139 0 0 0 6071 10038
6071 9201 0 0 0 6071 901
6071 9202 0 0 0 6071 2112
6071 9300 0 0 0 6071 12101
6071 9400 0 0 0 6071 12101
6071 9501 0 0 0 6071 12101
6071 9502 0 0 0 6071 12101
6071 9708 0 0 0 6071 10906
6071 9709 0 0 0 6071 10038
6071 9712 0 0 0 6071 10038
6071 9713 0 0 0 6071 12101
6071 9714 0 0 0 6071 12101
6071 9717 0 0 0 6071 9800
6071 9718 0 0 0 6071 10038
6071 9719 0 0 0 6071 10038
6071 9720 0 0 0 6071 10038
6071 9721 0 0 0 6071 10038
6071 9722 0 0 0 6071 9800
6071 9723 0 0 0 6071 9800
6071 9724 0 0 0 6071 10038
6071 9725 0 0 0 6071 10038
6071 9726 0 0 0 6071 12101
6071 9727 0 0 0 6071 12101
6071 9800 101 10 1 6071 9800
6071 9906 0 0 0 6071 10038
6071 9908 0 0 0 6071 10038
6071 9910 0 0 0 6071 10038
6071 9911 0 0 0 6071 10038
6071 9912 0 0 0 6071 10038
6071 9913 0 0 0 6071 9800
6071 9914 0 0 0 6071 10038
6071 9915 0 0 0 6071 9800
6071 9916 0 0 0 6071 9800
6071 9917 0 0 0 6071 9800
6071 9918 0 0 0 6071 9800
6071 10009 0 0 0 6071 10038
6071 10010 0 0 0 6071 10038
6071 10011 0 0 0 6071 10038
6071 10012 0 0 0 6071 10038
6071 10014 0 0 0 6071 10038
6071 10015 0 0 0 6071 10038
6071 10016 0 0 0 6071 10038
6071 10019 0 0 0 6071 10038
6071 10021 0 0 0 6071 10038
6071 10022 0 0 0 6071 10038
6071 10023 0 0 0 6071 10038
6071 10024 0 0 0 6071 10038
6071 10027 0 0 0 6071 10038
6071 10028 0 0 0 6071 10038
6071 10029 0 0 0 6071 10038
6071 10030 0 0 0 6071 10038
6071 10031 0 0 0 6071 10038
6071 10032 0 0 0 6071 10038
6071 10033 0 0 0 6071 10038
6071 10034 0 0 0 6071 10038
6071 10035 0 0 0 6071 10038
6071 10036 0 0 0 6071 10038
6071 10037 0 0 0 6071 10038
6071 10038 122 22 1 6071 10038
6071 10039 0 0 0 6071 10038
6071 10040 0 0 0 6071 10038
6071 10041 0 0 0 6071 10038
6071 10042 0 0 0 6071 10038
6071 10300 0 0 0 6071 10419
6071 10402 0 0 0 6071 10419
6071 10410 0 0 0 6071 10419
6071 10413 0 0 0 6071 10419
6071 10415 0 0 0 6071 10419
6071 10417 0 0 0 6071 10419
6071 10419 128 4 1 6071 10419
6071 10420 0 0 0 6071 10419
6071 10422 0 0 0 6071 10419
6071 10424 0 0 0 6071 11203
6071 10425 0 0 0 6071 10419
6071 10426 0 0 0 6071 10419
6071 10427 0 0 0 6071 10419
6071 10428 0 0 0 6071 10419
6071 10429 0 0 0 6071 10419
6071 10430 0 0 0 6071 10419
6071 10431 0 0 0 6071 10419
6071 10432 0 0 0 6071 10419
6071 10433 0 0 0 6071 10419
6071 10434 0 0 0 6071 10419
6071 10435 0 0 0 6071 10419
6071 10436 0 0 0 6071 10419
6071 10700 0 0 0 6071 10419
6071 10803 0 0 0 6071 10906
6071 10804 0 0 0 6071 10906
6071 10805 0 0 0 6071 4202
6071 10806 0 0 0 6071 10906
6071 10903 0 0 0 6071 10906
6071 10904 0 0 0 6071 10906
6071 10905 0 0 0 6071 10906
6071 10906 15 0 1 6071 10906
6071 11002 0 0 0 6071 10906
6071 11003 0 0 0 6071 10906
6071 11004 0 0 0 6071 10906
6071 11101 0 0 0 6071 10906
6071 11102 0 0 0 6071 10906
6071 11203 9 0 1 6071 11203
6071 11204 0 0 0 6071 11203
6071 11205 0 0 0 6071 11203
6071 11206 0 0 0 6071 11203
6071 11300 0 0 0 6071 11203
6071 11404 0 0 0 6071 11203
6071 11405 0 0 0 6071 11203
6071 11406 0 0 0 6071 11203
6071 11407 0 0 0 6071 11203
6071 11408 0 0 0 6071 11203
6071 11500 0 0 0 6071 11203
6071 11601 0 0 0 6071 12101
6071 11602 0 0 0 6071 12101
6071 11700 0 0 0 6071 12101
6071 11801 0 0 0 6071 12101
6071 11802 0 0 0 6071 12101
6071 11900 0 0 0 6071 12101
6071 12001 0 0 0 6071 12101
6071 12002 0 0 0 6071 12101
6071 12101 223 30 1 6071 12101
6071 12103 0 0 0 6071 11203
6071 12105 0 0 0 6071 12101
6071 12106 0 0 0 6071 12101
6071 12201 0 0 0 6071 604
6071 12202 0 0 0 6071 604
6071 12300 0 0 0 6071 6301
6071 12400 0 0 0 6071 7303
6071 12500 0 0 0 6071 3612
6071 12700 0 0 0 6071 2112
6071 25000 0 0 0 6029 5406
6071 25100 0 0 0 6071 10419
6071 940100 0 0 0 6025 10600
6071 980100 0 0 0 6071 6301
6071 980200 0 0 0 6071 9800
6073 100 0 0 0 6073 400
6073 201 0 0 0 6073 400
6073 202 0 0 0 6073 400
6073 301 0 0 0 6073 400
6073 302 0 0 0 6073 400
6073 400 1438 168 3 6073 400
6073 500 0 0 0 6073 1000
6073 600 0 0 0 6073 400
6073 700 0 0 0 6073 400
6073 800 0 0 0 6073 1000
6073 901 0 0 0 6073 1000
6073 902 0 0 0 6073 1000
6073 1000 51 8 1 6073 1000
6073 1100 0 0 0 6073 1000
6073 1201 0 0 0 6073 1000
6073 1202 0 0 0 6073 1000
6073 1301 0 0 0 6073 1000
6073 1302 0 0 0 6073 1000
6073 1400 0 0 0 6073 1000
6073 1500 0 0 0 6073 1000
6073 1600 0 0 0 6073 1000
6073 1700 0 0 0 6073 1000
6073 1801 0 0 0 6073 1000
6073 1802 0 0 0 6073 1000
6073 1900 0 0 0 6073 1000
6073 2001 0 0 0 6073 9604
6073 2002 0 0 0 6073 9604
6073 2100 0 0 0 6073 1000
6073 2201 0 0 0 6073 1000
6073 2202 0 0 0 6073 1000
6073 2301 0 0 0 6073 9604
6073 2302 0 0 0 6073 2904
6073 2401 0 0 0 6073 1000
6073 2402 0 0 0 6073 1000
6073 2501 0 0 0 6073 1000
6073 2502 0 0 0 6073 1000
6073 2601 0 0 0 6073 2904
6073 2602 0 0 0 6073 1000
6073 2702 0 0 0 6073 2904
6073 2703 0 0 0 6073 2904
6073 2705 0 0 0 6073 2904
6073 2707 0 0 0 6073 2904
6073 2708 0 0 0 6073 2904
6073 2709 0 0 0 6073 2904
6073 2710 0 0 0 6073 2904
6073 2711 0 0 0 6073 2904
6073 2712 0 0 0 6073 11902
6073 2801 0 0 0 6073 9604
6073 2803 0 0 0 6073 2904
6073 2804 0 0 0 6073 2904
6073 2902 0 0 0 6073 2904
6073 2903 0 0 0 6073 2904
6073 2904 108 12 1 6073 2904
6073 2905 0 0 0 6073 2904
6073 3001 0 0 0 6073 11902
6073 3003 0 0 0 6073 11902
6073 3004 0 0 0 6073 11902
6073 3101 0 0 0 6073 11902
6073 3103 0 0 0 6073 11902
6073 3105 0 0 0 6073 11902
6073 3107 0 0 0 6073 11902
6073 3108 0 0 0 6073 11902
6073 3109 0 0 0 6073 11902
6073 3111 0 0 0 6073 11902
6073 3112 0 0 0 6073 11902
6073 3113 0 0 0 6073 11902
6073 3114 0 0 0 6073 11902
6073 3115 0 0 0 6073 11902
6073 3201 0 0 0 6073 11902
6073 3202 0 0 0 6073 11902
6073 3204 0 0 0 6073 11902
6073 3207 0 0 0 6073 11902
6073 3208 0 0 0 6073 11902
6073 3209 0 0 0 6073 11902
6073 3211 0 0 0 6073 11902
6073 3212 0 0 0 6073 11902
6073 3213 0 0 0 6073 11902
6073 3214 0 0 0 6073 11902
6073 3301 0 0 0 6073 11902
6073 3303 0 0 0 6073 11902
6073 3304 0 0 0 6073 11902
6073 3305 0 0 0 6073 11902
6073 3401 0 0 0 6073 11902
6073 3403 0 0 0 6073 11902
6073 3404 0 0 0 6073 11902
6073 3501 0 0 0 6073 11902
6073 3502 0 0 0 6073 11902
6073 3601 0 0 0 6073 11902
6073 3602 0 0 0 6073 11902
6073 3603 0 0 0 6073 11902
6073 3800 0 0 0 6073 11000
6073 3901 0 0 0 6073 11000
6073 3902 0 0 0 6073 11000
6073 4000 0 0 0 6073 11000
6073 4101 0 0 0 6073 11000
6073 4102 0 0 0 6073 11000
6073 4200 0 0 0 6073 1000
6073 4300 0 0 0 6073 1000
6073 4400 0 0 0 6073 1000
6073 4501 0 0 0 6073 11000
6073 4600 0 0 0 6073 11000
6073 4700 0 0 0 6073 11000
6073 4800 0 0 0 6073 11000
6073 4900 0 0 0 6073 11000
6073 5000 0 0 0 6073 11000
6073 5101 0 0 0 6073 11000
6073 5102 0 0 0 6073 11000
6073 5103 0 0 0 6073 11000
6073 5201 0 0 0 6073 11000
6073 5202 0 0 0 6073 11000
6073 5301 0 0 0 6073 11000
6073 5302 0 0 0 6073 11000
6073 5401 0 0 0 6073 11000
6073 5402 0 0 0 6073 11000
6073 5403 0 0 0 6073 11000
6073 5500 0 0 0 6073 400
6073 5601 0 0 0 6073 11000
6073 5602 0 0 0 6073 400
6073 5700 0 0 0 6073 400
6073 5801 0 0 0 6073 400
6073 5802 0 0 0 6073 11000
6073 5900 0 0 0 6073 400
6073 6000 0 0 0 6073 400
6073 6100 0 0 0 6073 400
6073 6200 0 0 0 6073 400
6073 6300 0 0 0 6073 400
6073 6500 0 0 0 6073 400
6073 6600 0 0 0 6073 400
6073 6801 0 0 0 6073 400
6073 6802 0 0 0 6073 400
6073 6900 0 0 0 6073 400
6073 7002 0 0 0 6073 400
6073 7100 0 0 0 6073 11000
6073 7200 0 0 0 6073 11000
6073 7302 0 0 0 6073 400
6073 7303 0 0 0 6073 400
6073 7304 0 0 0 6073 400
6073 7401 0 0 0 6073 400
6073 7402 0 0 0 6073 400
6073 7501 0 0 0 6073 400
6073 7502 0 0 0 6073 400
6073 7601 0 0 0 6073 400
6073 7602 0 0 0 6073 400
6073 7701 0 0 0 6073 8702
6073 7702 0 0 0 6073 8702
6073 7800 0 0 0 6073 8702
6073 7905 0 0 0 6073 8702
6073 7907 0 0 0 6073 8702
6073 7908 0 0 0 6073 8702
6073 7910 0 0 0 6073 8702
6073 7911 0 0 0 6073 8702
6073 7912 0 0 0 6073 8702
6073 8002 0 0 0 6073 8305
6073 8003 0 0 0 6073 8305
6073 8006 0 0 0 6073 8305
6073 8101 0 0 0 6073 8312
6073 8102 0 0 0 6073 8305
6073 8201 0 0 0 6073 8312
6073 8202 0 0 0 6073 8312
6073 8301 0 0 0 6073 8305
6073 8303 0 0 0 6073 8305
6073 8305 437 59 1 6073 8305
6073 8306 0 0 0 6073 8305
6073 8307 0 0 0 6073 8305
6073 8310 0 0 0 6073 8305
6073 8311 0 0 0 6073 8305
6073 8312 173 24 1 6073 8312
6073 8313 0 0 0 6073 8305
6073 8324 0 0 0 6073 8312
6073 8327 0 0 0 6073 8312
6073 8328 0 0 0 6073 8312
6073 8330 0 0 0 6073 8312
6073 8331 0 0 0 6073 8312
6073 8336 0 0 0 6073 17054
6073 8337 0 0 0 6073 17054
6073 8339 0 0 0 6073 8305
6073 8343 0 0 0 6073 8305
6073 8344 0 0 0 6073 8305
6073 8345 0 0 0 6073 8305
6073 8346 0 0 0 6073 8305
6073 8347 0 0 0 6073 8305
6073 8348 0 0 0 6073 8305
6073 8349 0 0 0 6073 8305
6073 8350 0 0 0 6073 8305
6073 8351 0 0 0 6073 8305
6073 8352 0 0 0 6073 8305
6073 8353 0 0 0 6073 17054
6073 8355 0 0 0 6073 17054
6073 8356 0 0 0 6073 8305
6073 8357 0 0 0 6073 8305
6073 8358 0 0 0 6073 8511
6073 8359 0 0 0 6073 8511
6073 8360 0 0 0 6073 8511
6073 8361 0 0 0 6073 8305
6073 8362 0 0 0 6073 8305
6073 8363 0 0 0 6073 8305
6073 8364 0 0 0 6073 8305
6073 8365 0 0 0 6073 17054
6073 8366 0 0 0 6073 8305
6073 8367 0 0 0 6073 17054
6073 8368 0 0 0 6073 17054
6073 8369 0 0 0 6073 8312
6073 8370 0 0 0 6073 8312
6073 8371 0 0 0 6073 8305
6073 8372 0 0 0 6073 8305
6073 8373 0 0 0 6073 8312
6073 8374 0 0 0 6073 8312
6073 8375 0 0 0 6073 8305
6073 8376 0 0 0 6073 8305
6073 8377 0 0 0 6073 8305
6073 8378 0 0 0 6073 8305
6073 8379 0 0 0 6073 8305
6073 8380 0 0 0 6073 17054
6073 8381 0 0 0 6073 17054
6073 8501 0 0 0 6073 8305
6073 8502 0 0 0 6073 8305
6073 8503 0 0 0 6073 8702
6073 8504 0 0 0 6073 8511
6073 8505 0 0 0 6073 8511
6073 8506 0 0 0 6073 8511
6073 8507 0 0 0 6073 8511
6073 8509 0 0 0 6073 8511
6073 8510 0 0 0 6073 8702
6073 8511 196 20 1 6073 8511
6073 8512 0 0 0 6073 8702
6073 8513 0 0 0 6073 8702
6073 8600 0 0 0 6073 8702
6073 8701 0 0 0 6073 8702
6073 8702 1069 58 2 6073 8702
6073 8800 0 0 0 6073 8702
6073 8901 0 0 0 6073 400
6073 8902 0 0 0 6073 400
6073 9000 0 0 0 6073 8702
6073 9101 0 0 0 6073 8702
6073 9102 0 0 0 6073 8702
6073 9103 0 0 0 6073 8702
6073 9104 0 0 0 6073 8702
6073 9107 0 0 0 6073 400
6073 9108 0 0 0 6073 400
6073 9109 0 0 0 6073 400
6073 9201 0 0 0 6073 8702
6073 9203 0 0 0 6073 8702
6073 9204 0 0 0 6073 8702
6073 9301 0 0 0 6073 8702
6073 9305 0 0 0 6073 8702
6073 9306 0 0 0 6073 9604
6073 9307 0 0 0 6073 1000
6073 9308 0 0 0 6073 1000
6073 9400 0 0 0 6073 8511
6073 9502 0 0 0 6073 8511
6073 9504 0 0 0 6073 17054
6073 9505 0 0 0 6073 9604
6073 9506 0 0 0 6073 9604
6073 9507 0 0 0 6073 9604
6073 9509 0 0 0 6073 9604
6073 9510 0 0 0 6073 8511
6073 9511 0 0 0 6073 9604
6073 9602 0 0 0 6073 9604
6073 9603 0 0 0 6073 9604
6073 9604 227 22 1 6073 9604
6073 9703 0 0 0 6073 9604
6073 9704 0 0 0 6073 9604
6073 9705 0 0 0 6073 9604
6073 9706 0 0 0 6073 2904
6073 9801 0 0 0 6073 15002
6073 9802 0 0 0 6073 15002
6073 9804 0 0 0 6073 15002
6073 9805 0 0 0 6073 15002
6073 9901 0 0 0 6073 11000
6073 9902 0 0 0 6073 11000
6073 10001 0 0 0 6073 13327
6073 10003 0 0 0 6073 13327
6073 10004 0 0 0 6073 13327
6073 10005 0 0 0 6073 13327
6073 10009 0 0 0 6073 13327
6073 10010 0 0 0 6073 13327
6073 10011 0 0 0 6073 13327
6073 10012 0 0 0 6073 13327
6073 10013 0 0 0 6073 13327
6073 10015 0 0 0 6073 13327
6073 10016 0 0 0 6073 13327
6073 10017 0 0 0 6073 13327
6073 10018 0 0 0 6073 13327
6073 10019 0 0 0 6073 13327
6073 10103 0 0 0 6073 13327
6073 10104 0 0 0 6073 13327
6073 10106 0 0 0 6073 13327
6073 10107 0 0 0 6073 13327
6073 10109 0 0 0 6073 13327
6073 10110 0 0 0 6073 13327
6073 10111 0 0 0 6073 13327
6073 10112 0 0 0 6073 13327
6073 10201 0 0 0 6073 13327
6073 10202 0 0 0 6073 13327
6073 10300 0 0 0 6073 13327
6073 10401 0 0 0 6073 13327
6073 10402 0 0 0 6073 13327
6073 10501 0 0 0 6073 13327
6073 10502 0 0 0 6073 13327
6073 10601 0 0 0 6073 11902
6073 10800 0 0 0 6073 11000
6073 10900 0 0 0 6073 11000
6073 11000 51 8 1 6073 11000
6073 11100 0 0 0 6073 11000
6073 11300 0 0 0 6073 11000
6073 11601 0 0 0 6073 11902
6073 11602 0 0 0 6073 11902
6073 11700 0 0 0 6073 11902
6073 11801 0 0 0 6073 11902
6073 11802 0 0 0 6073 11902
6073 11902 291 15 1 6073 11902
6073 12002 0 0 0 6073 11902
6073 12003 0 0 0 6073 11902
6073 12101 0 0 0 6073 11902
6073 12102 0 0 0 6073 11902
6073 12200 0 0 0 6073 11902
6073 12302 0 0 0 6073 11902
6073 12303 0 0 0 6073 11902
6073 12304 0 0 0 6073 11902
6073 12401 0 0 0 6073 11902
6073 12402 0 0 0 6073 11902
6073 12501 0 0 0 6073 11902
6073 12502 0 0 0 6073 11902
6073 12600 0 0 0 6073 11902
6073 12700 0 0 0 6073 11902
6073 12800 0 0 0 6073 13327
6073 12900 0 0 0 6073 13327
6073 13000 0 0 0 6073 13327
6073 13102 0 0 0 6073 13327
6073 13103 0 0 0 6073 13327
6073 13104 0 0 0 6073 13327
6073 13203 0 0 0 6073 13327
6073 13204 0 0 0 6073 13327
6073 13205 0 0 0 6073 13327
6073 13206 0 0 0 6073 13327
6073 13301 0 0 0 6073 13327
6073 13302 0 0 0 6073 13327
6073 13303 0 0 0 6073 13327
6073 13306 0 0 0 6073 13327
6073 13307 0 0 0 6073 13327
6073 13308 0 0 0 6073 13327
6073 13309 0 0 0 6073 13327
6073 13312 0 0 0 6073 13327
6073 13315 0 0 0 6073 13327
6073 13316 0 0 0 6073 13327
6073 13317 0 0 0 6073 13327
6073 13318 0 0 0 6073 13327
6073 13319 0 0 0 6073 13327
6073 13320 0 0 0 6073 13327
6073 13321 0 0 0 6073 13327
6073 13322 0 0 0 6073 13327
6073 13323 0 0 0 6073 13327
6073 13324 0 0 0 6073 13327
6073 13325 0 0 0 6073 13327
6073 13326 0 0 0 6073 13327
6073 13327 284 31 1 6073 13327
6073 13401 0 0 0 6073 13327
6073 13409 0 0 0 6073 13327
6073 13411 0 0 0 6073 13327
6073 13412 0 0 0 6073 13327
6073 13414 0 0 0 6073 13327
6073 13415 0 0 0 6073 13327
6073 13416 0 0 0 6073 13327
6073 13417 0 0 0 6073 13327
6073 13418 0 0 0 6073 13327
6073 13420 0 0 0 6073 13327
6073 13421 0 0 0 6073 13327
6073 13422 0 0 0 6073 13327
6073 13423 0 0 0 6073 13327
6073 13424 0 0 0 6073 13327
6073 13425 0 0 0 6073 13327
6073 13503 0 0 0 6073 15002
6073 13504 0 0 0 6073 15002
6073 13505 0 0 0 6073 15002
6073 13506 0 0 0 6073 15002
6073 13601 0 0 0 6073 15002
6073 13604 0 0 0 6073 15002
6073 13605 0 0 0 6073 15002
6073 13607 0 0 0 6073 15002
6073 13608 0 0 0 6073 15002
6073 13701 0 0 0 6073 15002
6073 13702 0 0 0 6073 15002
6073 13801 0 0 0 6073 15002
6073 13802 0 0 0 6073 15002
6073 13903 0 0 0 6073 11902
6073 13905 0 0 0 6073 15002
6073 13906 0 0 0 6073 15002
6073 13907 0 0 0 6073 15002
6073 13908 0 0 0 6073 11902
6073 13909 0 0 0 6073 15002
6073 14001 0 0 0 6073 15002
6073 14002 0 0 0 6073 15002
6073 14101 0 0 0 6073 2904
6073 14102 0 0 0 6073 11902
6073 14200 0 0 0 6073 2904
6073 14300 0 0 0 6073 2904
6073 14400 0 0 0 6073 2904
6073 14500 0 0 0 6073 2904
6073 14601 0 0 0 6073 15002
6073 14602 0 0 0 6073 15002
6073 14701 0 0 0 6073 2904
6073 14702 0 0 0 6073 2904
6073 14803 0 0 0 6073 15002
6073 14804 0 0 0 6073 15002
6073 14805 0 0 0 6073 2904
6073 14806 0 0 0 6073 2904
6073 14901 0 0 0 6073 15002
6073 14902 0 0 0 6073 15002
6073 15001 0 0 0 6073 15002
6073 15002 516 75 1 6073 15002
6073 15100 0 0 0 6073 15002
6073 15200 0 0 0 6073 15002
6073 15301 0 0 0 6073 15002
6073 15302 0 0 0 6073 15002
6073 15403 0 0 0 6073 15002
6073 15405 0 0 0 6073 15002
6073 15406 0 0 0 6073 15002
6073 15407 0 0 0 6073 15002
6073 15408 0 0 0 6073 15002
6073 15501 0 0 0 6073 15002
6073 15502 0 0 0 6073 15002
6073 15601 0 0 0 6073 15002
6073 15602 0 0 0 6073 15002
6073 15701 0 0 0 6073 15002
6073 15704 0 0 0 6073 15002
6073 15705 0 0 0 6073 15002
6073 15706 0 0 0 6073 15002
6073 15801 0 0 0 6073 15002
6073 15802 0 0 0 6073 15002
6073 15901 0 0 0 6073 15002
6073 15902 0 0 0 6073 15002
6073 16000 0 0 0 6073 15002
6073 16100 0 0 0 6073 15002
6073 16201 0 0 0 6073 15002
6073 16202 0 0 0 6073 15002
6073 16301 0 0 0 6073 15002
6073 16302 0 0 0 6073 15002
6073 16401 0 0 0 6073 15002
6073 16403 0 0 0 6073 15002
6073 16404 0 0 0 6073 15002
6073 16502 0 0 0 6073 15002
6073 16503 0 0 0 6073 15002
6073 16504 0 0 0 6073 15002
6073 16606 0 0 0 6073 15002
6073 16607 0 0 0 6073 15002
6073 16608 0 0 0 6073 15002
6073 16609 0 0 0 6073 15002
6073 16610 0 0 0 6073 15002
6073 16613 0 0 0 6073 15002
6073 16614 0 0 0 6073 15002
6073 16615 0 0 0 6073 15002
6073 16616 0 0 0 6073 15002
6073 16617 0 0 0 6073 15002
6073 16618 0 0 0 6073 15002
6073 16619 0 0 0 6073 15002
6073 16620 0 0 0 6073 15002
6073 16621 0 0 0 6073 15002
6073 16703 0 0 0 6073 15002
6073 16704 0 0 0 6073 15002
6073 16705 0 0 0 6073 15002
6073 16706 0 0 0 6073 15002
6073 16804 0 0 0 6073 15002
6073 16806 0 0 0 6073 15002
6073 16807 0 0 0 6073 15002
6073 16809 0 0 0 6073 15002
6073 16810 0 0 0 6073 15002
6073 16811 0 0 0 6073 15002
6073 16812 0 0 0 6073 15002
6073 16813 0 0 0 6073 15002
6073 16901 0 0 0 6073 17054
6073 16902 0 0 0 6073 17054
6073 17006 0 0 0 6073 17054
6073 17009 0 0 0 6073 17054
6073 17010 0 0 0 6073 17054
6073 17014 0 0 0 6073 17054
6073 17018 0 0 0 6073 17054
6073 17020 0 0 0 6073 17054
6073 17021 0 0 0 6073 17054
6073 17022 0 0 0 6073 8511
6073 17031 0 0 0 6073 17054
6073 17033 0 0 0 6073 17054
6073 17034 0 0 0 6073 17054
6073 17035 0 0 0 6073 17054
6073 17036 0 0 0 6073 17054
6073 17037 0 0 0 6073 17054
6073 17039 0 0 0 6073 17054
6073 17040 0 0 0 6073 17054
6073 17041 0 0 0 6073 17054
6073 17043 0 0 0 6073 17054
6073 17044 0 0 0 6073 17054
6073 17045 0 0 0 6073 17054
6073 17046 0 0 0 6073 17054
6073 17047 0 0 0 6073 17054
6073 17048 0 0 0 6073 17054
6073 17049 0 0 0 6073 17054
6073 17050 0 0 0 6073 17054
6073 17051 0 0 0 6073 17054
6073 17052 0 0 0 6073 17054
6073 17053 0 0 0 6073 17054
6073 17054 61 12 1 6073 17054
6073 17055 0 0 0 6073 17054
6073 17056 0 0 0 6073 17054
6073 17057 0 0 0 6073 17054
6073 17058 0 0 0 6073 17054
6073 17059 0 0 0 6073 17054
6073 17060 0 0 0 6073 17054
6073 17061 0 0 0 6073 17054
6073 17062 0 0 0 6073 17054
6073 17063 0 0 0 6073 17054
6073 17064 0 0 0 6073 17054
6073 17065 0 0 0 6073 17054
6073 17066 0 0 0 6073 17054
6073 17067 0 0 0 6073 17054
6073 17068 0 0 0 6073 17054
6073 17069 0 0 0 6073 17054
6073 17070 0 0 0 6073 17054
6073 17071 0 0 0 6073 17054
6073 17104 0 0 0 6073 17501
6073 17106 0 0 0 6073 17501
6073 17107 0 0 0 6073 17501
6073 17108 0 0 0 6073 17501
6073 17109 0 0 0 6073 17501
6073 17111 0 0 0 6073 17501
6073 17112 0 0 0 6073 17501
6073 17113 0 0 0 6073 17501
6073 17201 0 0 0 6073 8312
6073 17202 0 0 0 6073 17501
6073 17303 0 0 0 6073 17501
6073 17305 0 0 0 6073 17501
6073 17306 0 0 0 6073 17501
6073 17307 0 0 0 6073 17501
6073 17308 0 0 0 6073 17501
6073 17403 0 0 0 6073 17501
6073 17405 0 0 0 6073 17501
6073 17406 0 0 0 6073 17501
6073 17407 0 0 0 6073 17501
6073 17408 0 0 0 6073 17501
6073 17501 187 23 1 6073 17501
6073 17502 0 0 0 6073 17501
6073 17601 0 0 0 6073 17501
6073 17603 0 0 0 6073 17501
6073 17605 0 0 0 6073 17501
6073 17606 0 0 0 6073 17501
6073 17701 0 0 0 6073 17501
6073 17702 0 0 0 6073 17501
6073 17801 0 0 0 6073 18518
6073 17808 0 0 0 6073 17501
6073 17809 0 0 0 6073 18518
6073 17810 0 0 0 6073 18518
6073 17811 0 0 0 6073 17501
6073 17813 0 0 0 6073 17501
6073 17901 0 0 0 6073 18518
6073 17902 0 0 0 6073 18518
6073 18000 0 0 0 6073 18518
6073 18101 0 0 0 6073 18518
6073 18102 0 0 0 6073 18518
6073 18201 0 0 0 6073 18518
6073 18202 0 0 0 6073 18518
6073 18301 0 0 0 6073 18518
6073 18302 0 0 0 6073 18518
6073 18400 0 0 0 6073 18518
6073 18504 0 0 0 6073 18518
6073 18509 0 0 0 6073 18518
6073 18510 0 0 0 6073 18518
6073 18511 0 0 0 6073 18518
6073 18512 0 0 0 6073 18518
6073 18515 0 0 0 6073 18518
6073 18516 0 0 0 6073 18518
6073 18517 0 0 0 6073 18518
6073 18518 252 25 1 6073 18518
6073 18519 0 0 0 6073 18518
6073 18520 0 0 0 6073 18518
6073 18521 0 0 0 6073 18518
6073 18522 0 0 0 6073 18518
6073 18523 0 0 0 6073 18518
6073 18524 0 0 0 6073 18518
6073 18525 0 0 0 6073 18518
6073 18601 0 0 0 6073 18518
6073 18608 0 0 0 6073 18518
6073 18609 0 0 0 6073 18518
6073 18612 0 0 0 6073 18518
6073 18613 0 0 0 6073 18518
6073 18615 0 0 0 6073 18518
6073 18616 0 0 0 6073 18518
6073 18617 0 0 0 6073 18518
6073 18618 0 0 0 6073 18518
6073 18619 0 0 0 6073 18518
6073 18620 0 0 0 6073 18518
6073 18621 0 0 0 6073 18518
6073 18622 0 0 0 6073 18518
6073 18700 0 0 0 6073 18518
6073 18801 0 0 0 6073 18518
6073 18803 0 0 0 6073 18518
6073 18804 0 0 0 6073 18518
6073 18805 0 0 0 6065 43222
6073 18903 0 0 0 6065 43222
6073 18904 0 0 0 6065 43222
6073 18905 0 0 0 6065 43222
6073 18906 0 0 0 6065 43222
6073 19001 0 0 0 6065 43206
6073 19002 0 0 0 6065 43222
6073 19103 0 0 0 6073 20202
6073 19105 0 0 0 6073 20202
6073 19107 0 0 0 6073 20202
6073 19108 0 0 0 6065 43222
6073 19109 0 0 0 6065 43222
6073 19110 0 0 0 6073 20202
6073 19111 0 0 0 6073 20202
6073 19203 0 0 0 6073 18518
6073 19205 0 0 0 6073 18518
6073 19206 0 0 0 6073 18518
6073 19208 0 0 0 6073 18518
6073 19209 0 0 0 6073 18518
6073 19210 0 0 0 6073 18518
6073 19301 0 0 0 6073 18518
6073 19303 0 0 0 6073 18518
6073 19304 0 0 0 6073 18518
6073 19305 0 0 0 6073 18518
6073 19403 0 0 0 6073 18518
6073 19404 0 0 0 6073 18518
6073 19405 0 0 0 6073 18518
6073 19406 0 0 0 6073 18518
6073 19501 0 0 0 6073 18518
6073 19502 0 0 0 6073 18518
6073 19503 0 0 0 6073 18518
6073 19601 0 0 0 6073 18518
6073 19602 0 0 0 6073 18518
6073 19701 0 0 0 6073 18518
6073 19702 0 0 0 6073 18518
6073 19803 0 0 0 6073 18518
6073 19804 0 0 0 6073 18518
6073 19805 0 0 0 6073 18518
6073 19808 0 0 0 6073 18518
6073 19809 0 0 0 6073 18518
6073 19810 0 0 0 6073 18518
6073 19811 0 0 0 6073 18518
6073 19902 0 0 0 6073 18518
6073 19903 0 0 0 6073 18518
6073 19904 0 0 0 6073 18518
6073 19905 0 0 0 6073 18518
6073 20015 0 0 0 6073 17501
6073 20017 0 0 0 6073 18518
6073 20019 0 0 0 6073 18518
6073 20021 0 0 0 6073 20202
6073 20023 0 0 0 6073 20202
6073 20024 0 0 0 6073 20202
6073 20025 0 0 0 6073 20202
6073 20026 0 0 0 6073 20202
6073 20028 0 0 0 6073 20202
6073 20029 0 0 0 6073 20202
6073 20030 0 0 0 6073 17501
6073 20031 0 0 0 6073 18518
6073 20032 0 0 0 6073 17501
6073 20033 0 0 0 6073 17501
6073 20034 0 0 0 6073 17501
6073 20035 0 0 0 6073 17501
6073 20036 0 0 0 6073 18518
6073 20037 0 0 0 6073 18518
6073 20038 0 0 0 6073 20202
6073 20039 0 0 0 6073 18518
6073 20040 0 0 0 6073 20202
6073 20041 0 0 0 6073 20202
6073 20042 0 0 0 6073 17501
6073 20043 0 0 0 6073 20202
6073 20044 0 0 0 6073 20202
6073 20105 0 0 0 6073 20202
6073 20106 0 0 0 6073 20202
6073 20107 0 0 0 6073 20202
6073 20108 0 0 0 6073 20202
6073 20109 0 0 0 6073 20202
6073 20110 0 0 0 6073 20202
6073 20111 0 0 0 6073 20202
6073 20202 288 36 1 6073 20202
6073 20206 0 0 0 6073 20202
6073 20207 0 0 0 6073 20202
6073 20208 0 0 0 6073 20202
6073 20209 0 0 0 6073 20202
6073 20210 0 0 0 6073 20202
6073 20211 0 0 0 6073 20202
6073 20213 0 0 0 6073 20202
6073 20214 0 0 0 6073 20202
6073 20304 0 0 0 6073 20202
6073 20305 0 0 0 6073 20202
6073 20308 0 0 0 6073 20202
6073 20309 0 0 0 6073 20202
6073 20310 0 0 0 6073 20202
6073 20311 0 0 0 6073 20202
6073 20312 0 0 0 6073 20202
6073 20313 0 0 0 6073 20202
6073 20401 0 0 0 6073 20202
6073 20403 0 0 0 6073 20202
6073 20404 0 0 0 6073 20202
6073 20405 0 0 0 6073 20202
6073 20500 0 0 0 6073 20202
6073 20601 0 0 0 6073 20202
6073 20602 0 0 0 6073 20202
6073 20705 0 0 0 6073 20202
6073 20706 0 0 0 6073 20202
6073 20707 0 0 0 6073 20202
6073 20708 0 0 0 6073 20202
6073 20710 0 0 0 6073 20202
6073 20711 0 0 0 6073 20202
6073 20712 0 0 0 6073 20202
6073 20801 0 0 0 6073 17054
6073 20805 0 0 0 6073 17054
6073 20806 0 0 0 6073 17054
6073 20807 0 0 0 6073 17054
6073 20810 0 0 0 6073 17054
6073 20811 0 0 0 6073 17054
6073 20812 0 0 0 6073 17054
6073 20813 0 0 0 6073 17054
6073 20902 0 0 0 6073 15002
6073 20903 0 0 0 6073 20202
6073 20904 0 0 0 6073 17054
6073 21001 0 0 0 6025 10600
6073 21002 0 0 0 6065 45207
6073 21101 0 0 0 6073 13327
6073 21102 0 0 0 6073 15002
6073 21202 0 0 0 6073 15002
6073 21204 0 0 0 6073 15002
6073 21205 0 0 0 6073 15002
6073 21206 0 0 0 6073 15002
6073 21302 0 0 0 6073 13327
6073 21304 0 0 0 6073 13327
6073 21305 0 0 0 6073 15002
6073 21306 0 0 0 6073 15002
6073 21401 0 0 0 6073 400
6073 21402 0 0 0 6073 11000
6073 21501 0 0 0 6073 8312
6073 21502 0 0 0 6073 8305
6073 21600 0 0 0 6073 11000
6073 21800 0 0 0 6073 11000
6073 21900 0 0 0 6073 11902
6073 22000 0 0 0 6073 11902
6073 22101 0 0 0 6073 18518
6073 22102 0 0 0 6073 17501
6073 990100 0 0 0 6073 8312
6075 10101 0 0 0 6075 11300
6075 10102 0 0 0 6075 11300
6075 10201 0 0 0 6075 11300
6075 10202 0 0 0 6075 11300
6075 10300 0 0 0 6075 11300
6075 10401 0 0 0 6075 11300
6075 10402 0 0 0 6075 11300
6075 10500 0 0 0 6075 11300
6075 10600 0 0 0 6075 11300
6075 10701 0 0 0 6075 11300
6075 10702 0 0 0 6075 11300
6075 10800 0 0 0 6075 11300
6075 10901 0 0 0 6075 11300
6075 10902 0 0 0 6075 11102
6075 11001 0 0 0 6075 11102
6075 11002 0 0 0 6075 11102
6075 11101 0 0 0 6075 11102
6075 11102 120 20 1 6075 11102
6075 11200 0 0 0 6075 11300
6075 11300 88 6 1 6075 11300
6075 11700 0 0 0 6075 11300
6075 11800 0 0 0 6075 11300
6075 11901 0 0 0 6075 11102
6075 11902 0 0 0 6075 11300
6075 12001 0 0 0 6075 11102
6075 12002 0 0 0 6075 11102
6075 12100 0 0 0 6075 11102
6075 12202 0 0 0 6075 15100
6075 12203 0 0 0 6075 11102
6075 12204 0 0 0 6075 11102
6075 12301 0 0 0 6075 11102
6075 12302 0 0 0 6075 11102
6075 12403 0 0 0 6075 15100
6075 12404 0 0 0 6075 11102
6075 12405 0 0 0 6075 15100
6075 12406 0 0 0 6075 15100
6075 12502 0 0 0 6075 11102
6075 12503 0 0 0 6075 11102
6075 12504 0 0 0 6075 11102
6075 12601 0 0 0 6075 15100
6075 12602 0 0 0 6075 11102
6075 12700 0 0 0 6075 15100
6075 12801 0 0 0 6075 15702
6075 12802 0 0 0 6075 15100
6075 12901 0 0 0 6075 11102
6075 12902 0 0 0 6075 15100
6075 13001 0 0 0 6075 11102
6075 13002 0 0 0 6075 15100
6075 13101 0 0 0 6075 11102
6075 13102 0 0 0 6075 15100
6075 13200 0 0 0 6075 15100
6075 13300 0 0 0 6075 15702
6075 13401 0 0 0 6075 15702
6075 13402 0 0 0 6075 15702
6075 13500 0 0 0 6075 15100
6075 15100 298 36 1 6075 15100
6075 15201 0 0 0 6075 15100
6075 15202 0 0 0 6075 15100
6075 15300 0 0 0 6075 15702
6075 15401 0 0 0 6075 15702
6075 15402 0 0 0 6075 15702
6075 15500 0 0 0 6075 15100
6075 15600 0 0 0 6075 16500
6075 15701 0 0 0 6075 16500
6075 15702 191 16 1 6075 15702
6075 15801 0 0 0 6075 15702
6075 15802 0 0 0 6075 15702
6075 15900 0 0 0 6075 15100
6075 16000 0 0 0 6075 15100
6075 16101 0 0 0 6075 15702
6075 16102 0 0 0 6075 15100
6075 16200 0 0 0 6075 15100
6075 16300 0 0 0 6075 16900
6075 16400 0 0 0 6075 15702
6075 16500 143 16 1 6075 16500
6075 16601 0 0 0 6075 16500
6075 16602 0 0 0 6075 16500
6075 16700 0 0 0 6075 16900
6075 16801 0 0 0 6075 16900
6075 16802 0 0 0 6075 16900
6075 16900 95 8 1 6075 16900
6075 17000 0 0 0 6075 16900
6075 17101 0 0 0 6075 16500
6075 17102 0 0 0 6075 30102
6075 17602 0 0 0 6075 11102
6075 17603 0 0 0 6075 15100
6075 17604 0 0 0 6075 11102
6075 17700 0 0 0 6075 22802
6075 17801 0 0 0 6075 11300
6075 17803 0 0 0 6075 22802
6075 17804 0 0 0 6075 11102
6075 17903 0 0 0 6075 11300
6075 18000 0 0 0 6075 22802
6075 20101 0 0 0 6075 16900
6075 20102 0 0 0 6075 16900
6075 20201 0 0 0 6075 16900
6075 20202 0 0 0 6075 16900
6075 20300 0 0 0 6075 16900
6075 20401 0 0 0 6075 30102
6075 20402 0 0 0 6075 30500
6075 20500 0 0 0 6075 16900
6075 20601 0 0 0 6075 16900
6075 20602 0 0 0 6075 16900
6075 20701 0 0 0 6075 16900
6075 20702 0 0 0 6075 16900
6075 20801 0 0 0 6075 22802
6075 20802 0 0 0 6075 22802
6075 20900 0 0 0 6075 25300
6075 21000 0 0 0 6075 25300
6075 21100 0 0 0 6075 25300
6075 21200 0 0 0 6075 30500
6075 21300 0 0 0 6075 30500
6075 21400 0 0 0 6075 25300
6075 21500 0 0 0 6075 25300
6075 21600 0 0 0 6075 30500
6075 21700 0 0 0 6075 25300
6075 21800 0 0 0 6075 25300
6075 22600 0 0 0 6075 22802
6075 22702 0 0 0 6075 22802
6075 22704 0 0 0 6075 22802
6075 22801 0 0 0 6075 22802
6075 22802 214 38 1 6075 22802
6075 22803 0 0 0 6075 22802
6075 22901 0 0 0 6075 25300
6075 22902 0 0 0 6075 22802
6075 22903 0 0 0 6075 22802
6075 23001 0 0 0 6075 25300
6075 23003 0 0 0 6075 25300
6075 23102 0 0 0 6075 25300
6075 23103 0 0 0 6075 22802
6075 23200 0 0 0 6075 25300
6075 23300 0 0 0 6075 25300
6075 23400 0 0 0 6075 25300
6075 25100 0 0 0 6075 25300
6075 25200 0 0 0 6075 25300
6075 25300 98 10 1 6075 25300
6075 25401 0 0 0 6075 25300
6075 25402 0 0 0 6075 25300
6075 25403 0 0 0 6075 25300
6075 25501 0 0 0 6075 25300
6075 25502 0 0 0 6075 25300
6075 25600 0 0 0 6075 25300
6075 25701 0 0 0 6075 25300
6075 25702 0 0 0 6075 25300
6075 25800 0 0 0 6075 25300
6075 25900 0 0 0 6075 25300
6075 26001 0 0 0 6075 25300
6075 26002 0 0 0 6075 25300
6075 26003 0 0 0 6075 25300
6075 26004 0 0 0 6075 25300
6075 26100 0 0 0 6075 25300
6075 26201 0 0 0 6081 601400
6075 26202 0 0 0 6075 25300
6075 26301 0 0 0 6075 25300
6075 26302 0 0 0 6075 25300
6075 26303 0 0 0 6075 25300
6075 26401 0 0 0 6075 25300
6075 26402 0 0 0 6075 25300
6075 26403 0 0 0 6075 25300
6075 26404 0 0 0 6075 25300
6075 30101 0 0 0 6075 30102
6075 30102 849 102 1 6075 30102
6075 30201 0 0 0 6075 30102
6075 30202 0 0 0 6075 30102
6075 30301 0 0 0 6075 30102
6075 30302 0 0 0 6075 30102
6075 30400 0 0 0 6075 30500
6075 30500 11 0 1 6075 30500
6075 30600 0 0 0 6075 30500
6075 30700 0 0 0 6075 30500
6075 30800 0 0 0 6075 30500
6075 30900 0 0 0 6075 30500
6075 31000 0 0 0 6075 30500
6075 31100 0 0 0 6075 30500
6075 31201 0 0 0 6075 30500
6075 31202 0 0 0 6075 30500
6075 31301 0 0 0 6075 30500
6075 31302 0 0 0 6081 601400
6075 31401 0 0 0 6081 601400
6075 31402 0 0 0 6075 30500
6075 32601 0 0 0 6075 30102
6075 32602 0 0 0 6075 30102
6075 32700 0 0 0 6075 30102
6075 32801 0 0 0 6075 30102
6075 32802 0 0 0 6075 30102
6075 32901 0 0 0 6075 30102
6075 32902 0 0 0 6075 30102
6075 33001 0 0 0 6075 30500
6075 33002 0 0 0 6075 30500
6075 33100 0 0 0 6075 30500
6075 33201 0 0 0 6075 30500
6075 33203 0 0 0 6081 601400
6075 33204 0 0 0 6081 601400
6075 35101 0 0 0 6075 30102
6075 35102 0 0 0 6075 30102
6075 35201 0 0 0 6075 30102
6075 35202 0 0 0 6075 30102
6075 35300 0 0 0 6075 30102
6075 35400 0 0 0 6075 30102
6075 40100 0 0 0 6075 15702
6075 40200 0 0 0 6075 16500
6075 42601 0 0 0 6075 16500
6075 42602 0 0 0 6075 16500
6075 42700 0 0 0 6075 16500
6075 42800 0 0 0 6075 16500
6075 45100 0 0 0 6075 16500
6075 45201 0 0 0 6075 16500
6075 45202 0 0 0 6075 16500
6075 47600 0 0 0 6075 16500
6075 47701 0 0 0 6075 16500
6075 47702 0 0 0 6075 30102
6075 47801 0 0 0 6075 30102
6075 47802 0 0 0 6075 30102
6075 47902 0 0 0 6075 30102
6075 47903 0 0 0 6075 30102
6075 47904 0 0 0 6075 16500
6075 60100 0 0 0 6075 15702
6075 60400 0 0 0 6081 601400
6075 60502 0 0 0 6075 25300
6075 60701 0 0 0 6075 22802
6075 60702 0 0 0 6075 22802
6075 60703 0 0 0 6075 22802
6075 61000 0 0 0 6075 25300
6075 61101 0 0 0 6075 11300
6075 61102 0 0 0 6075 11300
6075 61200 0 0 0 6075 25300
6075 61401 0 0 0 6075 22802
6075 61402 0 0 0 6075 22802
6075 61501 0 0 0 6075 11300
6075 61502 0 0 0 6075 11300
6075 61503 0 0 0 6075 11300
6075 61504 0 0 0 6075 11300
6075 61505 0 0 0 6075 11300
6075 61506 0 0 0 6075 11300
6075 61507 0 0 0 6075 11300
6075 61508 0 0 0 6075 11300
6075 980200 0 0 0 6075 16500
6075 980300 0 0 0 6075 30102
6075 980401 0 0 0 6041 119100
6075 980501 0 0 0 6075 25300
6075 980600 0 0 0 6075 25300
6075 980900 0 0 0 6075 22802
6075 990100 0 0 0 6075 30102
6075 990200 0 0 0 6075 11300
6077 101 0 0 0 6077 401
6077 102 0 0 0 6077 401
6077 300 0 0 0 6077 401
6077 401 80 12 1 6077 401
6077 402 0 0 0 6077 1300
6077 500 0 0 0 6077 1300
6077 600 0 0 0 6077 401
6077 700 0 0 0 6077 401
6077 802 0 0 0 6077 401
6077 803 0 0 0 6077 401
6077 900 0 0 0 6077 401
6077 1000 0 0 0 6077 401
6077 1101 0 0 0 6077 401
6077 1102 0 0 0 6077 401
6077 1200 0 0 0 6077 401
6077 1300 368 39 1 6077 1300
6077 1400 0 0 0 6077 1300
6077 1501 0 0 0 6077 1300
6077 1502 0 0 0 6077 1300
6077 1600 0 0 0 6077 1300
6077 1700 0 0 0 6077 1300
6077 1800 0 0 0 6077 1300
6077 1900 0 0 0 6077 1300
6077 2000 0 0 0 6077 1300
6077 2100 0 0 0 6077 1300
6077 2201 0 0 0 6077 401
6077 2202 0 0 0 6077 401
6077 2300 0 0 0 6077 401
6077 2401 0 0 0 6077 401
6077 2402 0 0 0 6077 3803
6077 2503 0 0 0 6077 401
6077 2504 0 0 0 6077 401
6077 2701 0 0 0 6077 1300
6077 2702 0 0 0 6077 1300
6077 2800 0 0 0 6077 3803
6077 3106 0 0 0 6077 401
6077 3108 0 0 0 6077 1300
6077 3109 0 0 0 6077 1300
6077 3110 0 0 0 6077 1300
6077 3111 0 0 0 6077 1300
6077 3112 0 0 0 6077 1300
6077 3115 0 0 0 6077 401
6077 3116 0 0 0 6077 1300
6077 3117 0 0 0 6077 401
6077 3118 0 0 0 6077 401
6077 3119 0 0 0 6077 401
6077 3203 0 0 0 6077 1300
6077 3205 0 0 0 6077 1300
6077 3209 0 0 0 6077 1300
6077 3210 0 0 0 6077 1300
6077 3213 0 0 0 6077 1300
6077 3214 0 0 0 6077 1300
6077 3215 0 0 0 6077 1300
6077 3216 0 0 0 6077 1300
6077 3217 0 0 0 6077 1300
6077 3218 0 0 0 6077 1300
6077 3219 0 0 0 6077 1300
6077 3305 0 0 0 6077 1300
6077 3306 0 0 0 6077 1300
6077 3307 0 0 0 6077 1300
6077 3308 0 0 0 6077 1300
6077 3310 0 0 0 6077 1300
6077 3311 0 0 0 6077 1300
6077 3312 0 0 0 6077 1300
6077 3313 0 0 0 6077 1300
6077 3403 0 0 0 6077 1300
6077 3404 0 0 0 6077 1300
6077 3405 0 0 0 6077 1300
6077 3406 0 0 0 6077 1300
6077 3407 0 0 0 6077 1300
6077 3409 0 0 0 6077 1300
6077 3410 0 0 0 6077 1300
6077 3501 0 0 0 6077 1300
6077 3502 0 0 0 6077 1300
6077 3503 0 0 0 6077 1300
6077 3504 0 0 0 6077 1300
6077 3601 0 0 0 6077 1300
6077 3602 0 0 0 6077 1300
6077 3700 0 0 0 6077 3803
6077 3803 195 19 1 6077 3803
6077 3804 0 0 0 6077 3803
6077 3805 0 0 0 6077 3803
6077 3806 0 0 0 6077 3803
6077 3807 0 0 0 6077 3803
6077 3808 0 0 0 6077 3803
6077 3900 0 0 0 6077 401
6077 4001 0 0 0 6077 4302
6077 4003 0 0 0 6077 1300
6077 4004 0 0 0 6077 1300
6077 4104 0 0 0 6077 4302
6077 4105 0 0 0 6077 4302
6077 4106 0 0 0 6077 4302
6077 4107 0 0 0 6077 4302
6077 4108 0 0 0 6077 4302
6077 4202 0 0 0 6077 4302
6077 4203 0 0 0 6077 4302
6077 4204 0 0 0 6077 4302
6077 4205 0 0 0 6077 4302
6077 4206 0 0 0 6077 4302
6077 4302 130 11 1 6077 4302
6077 4305 0 0 0 6077 4302
6077 4307 0 0 0 6077 4302
6077 4308 0 0 0 6077 4302
6077 4309 0 0 0 6077 4302
6077 4310 0 0 0 6077 4302
6077 4402 0 0 0 6077 4302
6077 4403 0 0 0 6077 4302
6077 4404 0 0 0 6077 4302
6077 4501 0 0 0 6077 4302
6077 4502 0 0 0 6077 4302
6077 4600 0 0 0 6077 4302
6077 4701 0 0 0 6077 4302
6077 4703 0 0 0 6077 4302
6077 4704 0 0 0 6077 4302
6077 4800 0 0 0 6077 1300
6077 4903 0 0 0 6099 202
6077 4904 0 0 0 6099 202
6077 4905 0 0 0 6099 202
6077 4906 0 0 0 6077 5140
6077 5001 0 0 0 6077 5140
6077 5003 0 0 0 6077 5140
6077 5004 0 0 0 6077 5140
6077 5106 0 0 0 6077 5140
6077 5108 0 0 0 6077 5123
6077 5109 0 0 0 6077 5140
6077 5119 0 0 0 6077 5123
6077 5122 0 0 0 6077 5123
6077 5123 185 18 1 6077 5123
6077 5124 0 0 0 6077 5123
6077 5125 0 0 0 6077 5123
6077 5126 0 0 0 6077 5123
6077 5127 0 0 0 6077 5123
6077 5129 0 0 0 6077 5123
6077 5130 0 0 0 6077 5123
6077 5131 0 0 0 6077 5140
6077 5132 0 0 0 6077 5123
6077 5133 0 0 0 6077 5140
6077 5134 0 0 0 6077 5123
6077 5135 0 0 0 6077 5123
6077 5136 0 0 0 6077 5123
6077 5137 0 0 0 6077 5140
6077 5138 0 0 0 6077 5140
6077 5139 0 0 0 6077 5140
6077 5140 37 8 1 6077 5140
6077 5141 0 0 0 6077 5140
6077 5208 0 0 0 6077 5303
6077 5211 0 0 0 6077 5303
6077 5212 0 0 0 6077 5303
6077 5213 0 0 0 6077 5303
6077 5214 0 0 0 6077 5303
6077 5215 0 0 0 6077 5303
6077 5216 0 0 0 6077 5303
6077 5217 0 0 0 6077 5303
6077 5218 0 0 0 6077 5303
6077 5219 0 0 0 6077 5303
6077 5220 0 0 0 6077 5303
6077 5221 0 0 0 6077 5303
6077 5222 0 0 0 6077 5303
6077 5223 0 0 0 6077 5303
6077 5224 0 0 0 6077 5303
6077 5225 0 0 0 6077 5303
6077 5303 80 8 1 6077 5303
6077 5307 0 0 0 6077 5303
6077 5308 0 0 0 6077 5303
6077 5309 0 0 0 6077 5303
6077 5310 0 0 0 6077 5303
6077 5311 0 0 0 6077 5303
6077 5312 0 0 0 6077 5303
6077 5403 0 0 0 6077 5303
6077 5405 0 0 0 6077 5303
6077 5406 0 0 0 6077 5303
6077 5502 0 0 0 6077 5303
6077 5503 0 0 0 6077 5303
6077 980000 0 0 0 6077 5303
6079 10016 0 0 0 6079 12707
6079 10017 0 0 0 6079 12707
6079 10101 0 0 0 6079 12707
6079 10103 0 0 0 6079 12707
6079 10104 0 0 0 6079 12707
6079 10202 0 0 0 6079 12707
6079 10204 0 0 0 6079 12707
6079 10205 0 0 0 6079 12707
6079 10206 0 0 0 6079 12707
6079 10207 0 0 0 6079 12707
6079 10301 0 0 0 6079 12707
6079 10302 0 0 0 6079 12707
6079 10303 0 0 0 6079 12707
6079 10403 0 0 0 6079 12707
6079 10404 0 0 0 6079 12707
6079 10504 0 0 0 6079 12707
6079 10505 0 0 0 6079 10902
6079 10506 0 0 0 6079 12707
6079 10602 0 0 0 6079 10902
6079 10603 0 0 0 6079 10902
6079 10701 0 0 0 6079 10902
6079 10703 0 0 0 6079 10902
6079 10707 0 0 0 6079 10902
6079 10902 79 17 1 6079 10902
6079 10903 0 0 0 6079 10902
6079 10904 0 0 0 6079 10902
6079 11001 0 0 0 6079 11002
6079 11002 64 9 1 6079 11002
6079 11101 0 0 0 6079 10902
6079 11103 0 0 0 6079 11002
6079 11104 0 0 0 6079 11002
6079 11105 0 0 0 6079 11002
6079 11201 0 0 0 6079 10902
6079 11202 0 0 0 6079 10902
6079 11300 0 0 0 6079 10902
6079 11400 0 0 0 6079 10902
6079 11501 0 0 0 6079 11002
6079 11505 0 0 0 6079 11002
6079 11600 0 0 0 6079 10902
6079 11704 0 0 0 6079 11901
6079 11705 0 0 0 6079 11901
6079 11706 0 0 0 6079 11901
6079 11800 0 0 0 6079 11901
6079 11901 84 0 1 6079 11901
6079 11903 0 0 0 6079 11901
6079 11904 0 0 0 6079 11901
6079 12001 0 0 0 6079 11901
6079 12002 0 0 0 6079 11901
6079 12102 0 0 0 6079 11901
6079 12201 0 0 0 6079 11901
6079 12202 0 0 0 6079 11901
6079 12302 0 0 0 6083 2211
6079 12305 0 0 0 6079 11901
6079 12306 0 0 0 6079 11901
6079 12403 0 0 0 6079 11901
6079 12404 0 0 0 6079 11901
6079 12405 0 0 0 6083 2211
6079 12406 0 0 0 6079 11901
6079 12502 0 0 0 6079 12707
6079 12503 0 0 0 6079 12707
6079 12505 0 0 0 6079 12707
6079 12601 0 0 0 6079 12707
6079 12602 0 0 0 6079 12707
6079 12705 0 0 0 6079 10902
6079 12706 0 0 0 6079 12707
6079 12707 53 10 1 6079 12707
6079 12708 0 0 0 6083 2211
6079 13000 0 0 0 6079 12707
6079 13100 0 0 0 6079 12707
6079 990000 0 0 0 6079 12707
6081 600100 0 0 0 6081 601902
6081 600200 0 0 0 6075 25300
6081 600300 0 0 0 6081 601902
6081 600401 0 0 0 6081 601400
6081 600402 0 0 0 6081 601400
6081 600501 0 0 0 6081 601400
6081 600502 0 0 0 6081 601400
6081 600600 0 0 0 6081 601400
6081 600701 0 0 0 6081 601400
6081 600702 0 0 0 6081 601400
6081 600800 0 0 0 6081 601400
6081 600900 0 0 0 6081 601400
6081 601000 0 0 0 6081 601400
6081 601100 0 0 0 6081 601400
6081 601200 0 0 0 6081 601400
6081 601301 0 0 0 6081 601400
6081 601302 0 0 0 6081 601400
6081 601400 55 11 1 6081 601400
6081 601501 0 0 0 6081 601400
6081 601502 0 0 0 6081 601400
6081 601601 0 0 0 6081 601902
6081 601603 0 0 0 6081 601902
6081 601604 0 0 0 6081 601400
6081 601605 0 0 0 6081 601400
6081 601700 0 0 0 6081 601902
6081 601800 0 0 0 6081 601902
6081 601901 0 0 0 6081 601902
6081 601902 85 6 1 6081 601902
6081 602001 0 0 0 6081 601902
6081 602002 0 0 0 6081 601902
6081 602100 0 0 0 6081 601902
6081 602201 0 0 0 6081 601902
6081 602202 0 0 0 6081 601902
6081 602300 0 0 0 6081 601902
6081 602400 0 0 0 6081 601902
6081 602500 0 0 0 6081 601902
6081 602601 0 0 0 6081 601902
6081 602602 0 0 0 6081 601902
6081 602700 0 0 0 6081 601902
6081 602800 0 0 0 6081 601400
6081 602900 0 0 0 6081 601400
6081 603000 0 0 0 6081 601902
6081 603100 0 0 0 6081 601902
6081 603200 0 0 0 6081 601902
6081 603300 0 0 0 6081 605000
6081 603400 0 0 0 6081 605000
6081 603700 0 0 0 6081 601902
6081 603801 0 0 0 6081 601902
6081 603802 0 0 0 6081 601902
6081 603900 0 0 0 6081 605000
6081 604000 0 0 0 6081 601902
6081 604102 0 0 0 6081 601902
6081 604103 0 0 0 6081 605000
6081 604104 0 0 0 6081 601902
6081 604200 0 0 0 6081 601902
6081 604400 0 0 0 6081 605000
6081 604500 0 0 0 6081 605000
6081 604600 0 0 0 6081 605000
6081 604700 0 0 0 6081 605000
6081 604800 0 0 0 6081 605000
6081 604900 0 0 0 6081 605000
6081 605000 259 24 1 6081 605000
6081 605100 0 0 0 6081 605000
6081 605200 0 0 0 6081 605000
6081 605300 0 0 0 6081 605000
6081 605400 0 0 0 6081 605000
6081 605501 0 0 0 6081 605000
6081 605502 0 0 0 6081 605000
6081 605600 0 0 0 6081 605000
6081 605700 0 0 0 6081 607200
6081 605800 0 0 0 6081 605000
6081 605901 0 0 0 6081 605000
6081 605902 0 0 0 6081 607200
6081 606000 0 0 0 6081 605000
6081 606100 0 0 0 6081 607200
6081 606201 0 0 0 6081 607200
6081 606202 0 0 0 6081 607200
6081 606300 0 0 0 6081 607200
6081 606400 0 0 0 6081 607200
6081 606500 0 0 0 6081 607200
6081 606600 0 0 0 6081 607200
6081 606700 0 0 0 6081 607200
6081 606800 0 0 0 6081 607200
6081 606900 0 0 0 6081 607200
6081 607000 0 0 0 6081 607200
6081 607100 0 0 0 6081 607200
6081 607200 34 5 1 6081 607200
6081 607300 0 0 0 6081 607200
6081 607400 0 0 0 6081 607200
6081 607500 0 0 0 6081 607200
6081 607600 0 0 0 6081 607200
6081 607701 0 0 0 6081 607200
6081 607702 0 0 0 6081 607200
6081 607800 0 0 0 6081 607200
6081 607900 0 0 0 6081 607200
6081 608001 0 0 0 6081 607200
6081 608002 0 0 0 6081 607200
6081 608013 0 0 0 6081 607200
6081 608023 0 0 0 6081 607200
6081 608024 0 0 0 6081 607200
6081 608025 0 0 0 6081 607200
6081 608100 0 0 0 6081 607200
6081 608200 0 0 0 6081 607200
6081 608300 0 0 0 6081 607200
6081 608400 0 0 0 6081 607200
6081 608501 0 0 0 6081 607200
6081 608502 0 0 0 6081 607200
6081 608600 0 0 0 6081 607200
6081 608700 0 0 0 6081 607200
6081 608800 0 0 0 6081 607200
6081 608900 0 0 0 6081 607200
6081 609000 0 0 0 6081 607200
6081 609100 0 0 0 6081 610202
6081 609201 0 0 0 6081 610202
6081 609202 0 0 0 6081 610202
6081 609300 0 0 0 6081 610202
6081 609400 0 0 0 6081 609800
6081 609500 0 0 0 6081 607200
6081 609601 0 0 0 6081 609800
6081 609602 0 0 0 6081 609800
6081 609603 0 0 0 6081 609800
6081 609700 0 0 0 6081 609800
6081 609800 101 13 1 6081 609800
6081 609900 0 0 0 6081 609800
6081 610000 0 0 0 6081 610202
6081 610100 0 0 0 6081 610202
6081 610201 0 0 0 6081 610202
6081 610202 92 14 1 6081 610202
6081 610203 0 0 0 6081 610202
6081 610302 0 0 0 6081 610202
6081 610303 0 0 0 6081 607200
6081 610304 0 0 0 6081 607200
6081 610400 0 0 0 6081 610202
6081 610500 0 0 0 6081 610202
6081 610601 0 0 0 6081 610202
6081 610602 0 0 0 6081 610202
6081 610700 0 0 0 6081 610202
6081 610800 0 0 0 6081 610202
6081 610901 0 0 0 6081 610202
6081 610902 0 0 0 6081 610202
6081 611000 0 0 0 6081 609800
6081 611100 0 0 0 6081 609800
6081 611200 0 0 0 6081 609800
6081 611300 0 0 0 6081 609800
6081 611400 0 0 0 6085 511609
6081 611500 0 0 0 6085 511609
6081 611600 0 0 0 6085 511609
6081 611700 0 0 0 6085 511609
6081 611800 0 0 0 6085 511609
6081 611901 0 0 0 6085 511609
6081 611902 0 0 0 6085 511609
6081 612001 0 0 0 6085 511609
6081 612002 0 0 0 6085 511609
6081 612101 0 0 0 6085 511609
6081 612102 0 0 0 6085 511609
6081 612500 0 0 0 6085 511609
6081 612600 0 0 0 6085 511609
6081 612700 0 0 0 6085 511609
6081 612800 0 0 0 6085 511609
6081 612900 0 0 0 6085 511609
6081 613000 0 0 0 6085 511609
6081 613200 0 0 0 6085 511609
6081 613300 0 0 0 6081 609800
6081 613400 0 0 0 6081 609800
6081 613501 0 0 0 6081 605000
6081 613502 0 0 0 6081 605000
6081 613600 0 0 0 6081 605000
6081 613701 0 0 0 6081 605000
6081 613702 0 0 0 6081 609800
6081 613800 0 0 0 6085 511609
6081 613900 0 0 0 6085 511609
6081 614000 0 0 0 6081 601902
6081 984300 0 0 0 6081 605000
6081 990100 0 0 0 6081 607200
6083 101 0 0 0 6083 3001
6083 102 0 0 0 6083 302
6083 103 0 0 0 6083 302
6083 201 0 0 0 6083 302
6083 202 0 0 0 6083 302
6083 301 0 0 0 6083 302
6083 302 309 50 1 6083 302
6083 400 0 0 0 6083 302
6083 501 0 0 0 6083 302
6083 502 0 0 0 6083 302
6083 600 0 0 0 6083 302
6083 700 0 0 0 6083 302
6083 801 0 0 0 6083 302
6083 805 0 0 0 6083 302
6083 806 0 0 0 6083 302
6083 900 0 0 0 6083 302
6083 1001 0 0 0 6083 302
6083 1002 0 0 0 6083 302
6083 1101 0 0 0 6083 302
6083 1102 0 0 0 6083 302
6083 1203 0 0 0 6083 302
6083 1206 0 0 0 6083 302
6083 1208 0 0 0 6083 302
6083 1306 0 0 0 6083 302
6083 1307 0 0 0 6083 302
6083 1308 0 0 0 6083 302
6083 1403 0 0 0 6083 302
6083 1404 0 0 0 6083 302
6083 1500 0 0 0 6083 302
6083 1601 0 0 0 6083 302
6083 1604 0 0 0 6083 302
6083 1704 0 0 0 6083 302
6083 1706 0 0 0 6083 302
6083 1800 0 0 0 6083 1910
6083 1905 0 0 0 6083 1910
6083 1907 0 0 0 6083 1910
6083 1908 0 0 0 6083 1910
6083 1909 0 0 0 6083 1910
6083 1910 11 0 1 6083 1910
6083 1911 0 0 0 6083 1910
6083 1912 0 0 0 6083 1910
6083 2005 0 0 0 6083 2211
6083 2006 0 0 0 6083 2211
6083 2008 0 0 0 6083 2211
6083 2009 0 0 0 6083 2211
6083 2010 0 0 0 6083 2211
6083 2011 0 0 0 6083 2211
6083 2012 0 0 0 6083 2211
6083 2013 0 0 0 6083 2211
6083 2014 0 0 0 6083 2211
6083 2015 0 0 0 6083 2211
6083 2101 0 0 0 6083 2211
6083 2102 0 0 0 6083 2211
6083 2103 0 0 0 6083 2211
6083 2205 0 0 0 6083 2211
6083 2206 0 0 0 6083 2211
6083 2209 0 0 0 6083 2211
6083 2210 0 0 0 6083 2211
6083 2211 283 20 1 6083 2211
6083 2303 0 0 0 6083 2211
6083 2304 0 0 0 6083 2211
6083 2307 0 0 0 6083 2211
6083 2308 0 0 0 6083 2211
6083 2309 0 0 0 6083 2211
6083 2310 0 0 0 6083 2211
6083 2405 0 0 0 6083 2211
6083 2406 0 0 0 6083 2211
6083 2407 0 0 0 6083 2211
6083 2408 0 0 0 6083 2211
6083 2409 0 0 0 6083 2211
6083 2410 0 0 0 6083 2211
6083 2503 0 0 0 6083 2211
6083 2504 0 0 0 6079 11901
6083 2703 60 6 1 6083 2703
6083 2705 0 0 0 6083 2703
6083 2706 0 0 0 6083 2703
6083 2707 0 0 0 6083 2703
6083 2708 0 0 0 6083 2703
6083 2709 0 0 0 6083 2703
6083 2710 0 0 0 6083 2703
6083 2802 0 0 0 6083 2703
6083 2806 0 0 0 6083 2703
6083 2808 0 0 0 6083 2703
6083 2809 0 0 0 6083 2703
6083 2906 0 0 0 6083 3001
6083 2907 0 0 0 6083 3001
6083 2909 0 0 0 6083 3001
6083 2913 0 0 0 6083 3001
6083 2914 0 0 0 6083 3001
6083 2924 0 0 0 6083 3001
6083 2926 0 0 0 6083 3001
6083 2932 0 0 0 6083 1910
6083 2933 0 0 0 6083 3001
6083 2934 0 0 0 6083 3001
6083 2935 0 0 0 6083 3001
6083 2936 0 0 0 6083 3001
6083 2937 0 0 0 6083 3001
6083 3001 20 0 1 6083 3001
6083 3004 0 0 0 6083 3001
6083 3005 0 0 0 6083 3001
6083 3007 0 0 0 6083 3001
6083 3102 0 0 0 6083 2703
6083 980000 0 0 0 6083 3001
6083 980100 0 0 0 6083 3001
6083 980200 0 0 0 6083 2703
6083 980300 0 0 0 6083 3001
6083 980400 0 0 0 6083 2703
6083 980500 0 0 0 6083 2703
6083 990000 0 0 0 6083 3001
6085 500100 0 0 0 6085 503712
6085 500200 0 0 0 6085 503712
6085 500300 0 0 0 6085 502101
6085 500400 0 0 0 6085 502101
6085 500500 0 0 0 6085 502101
6085 500600 0 0 0 6085 502101
6085 500800 0 0 0 6085 502101
6085 500901 0 0 0 6085 503712
6085 500902 0 0 0 6085 503712
6085 501000 0 0 0 6085 503712
6085 501101 0 0 0 6085 503712
6085 501102 0 0 0 6085 503712
6085 501200 0 0 0 6085 503712
6085 501300 0 0 0 6085 503712
6085 501401 0 0 0 6085 503712
6085 501402 0 0 0 6085 503712
6085 501501 0 0 0 6085 503712
6085 501502 0 0 0 6085 503712
6085 501601 0 0 0 6085 503712
6085 501602 0 0 0 6085 503712
6085 501700 0 0 0 6085 502101
6085 501800 0 0 0 6085 502101
6085 501901 0 0 0 6085 502101
6085 501902 0 0 0 6085 502101
6085 502001 0 0 0 6085 502101
6085 502002 0 0 0 6085 502101
6085 502101 636 88 1 6085 502101
6085 502103 0 0 0 6085 502101
6085 502104 0 0 0 6085 502101
6085 502202 0 0 0 6085 502101
6085 502203 0 0 0 6085 502101
6085 502204 0 0 0 6085 502101
6085 502301 0 0 0 6085 502101
6085 502302 0 0 0 6085 502101
6085 502400 0 0 0 6085 502101
6085 502500 0 0 0 6085 502101
6085 502601 0 0 0 6085 502101
6085 502603 0 0 0 6085 502101
6085 502604 0 0 0 6085 502101
6085 502701 0 0 0 6085 502704
6085 502703 0 0 0 6085 502704
6085 502704 405 37 1 6085 502704
6085 502800 0 0 0 6085 502704
6085 502901 0 0 0 6085 502704
6085 502902 0 0 0 6085 502704
6085 502903 0 0 0 6085 502704
6085 502906 0 0 0 6085 502704
6085 502907 0 0 0 6085 502704
6085 502908 0 0 0 6085 502704
6085 502909 0 0 0 6085 502704
6085 502910 0 0 0 6085 502704
6085 503001 0 0 0 6085 502101
6085 503002 0 0 0 6085 502704
6085 503003 0 0 0 6085 502704
6085 503105 0 0 0 6085 503712
6085 503110 0 0 0 6085 503712
6085 503111 0 0 0 6085 503712
6085 503112 0 0 0 6085 503712
6085 503113 0 0 0 6085 502101
6085 503116 0 0 0 6085 512059
6085 503117 0 0 0 6085 503712
6085 503118 0 0 0 6085 503712
6085 503121 0 0 0 6085 502101
6085 503122 0 0 0 6085 503712
6085 503123 0 0 0 6085 502101
6085 503124 0 0 0 6085 502101
6085 503125 0 0 0 6085 502101
6085 503126 0 0 0 6085 502101
6085 503127 0 0 0 6085 502101
6085 503207 0 0 0 6085 512059
6085 503208 0 0 0 6085 512059
6085 503210 0 0 0 6085 512059
6085 503211 0 0 0 6085 503712
6085 503212 0 0 0 6085 503712
6085 503213 0 0 0 6085 503712
6085 503217 0 0 0 6085 512059
6085 503218 0 0 0 6085 512059
6085 503219 0 0 0 6085 512059
6085 503220 0 0 0 6085 512059
6085 503221 0 0 0 6085 503712
6085 503222 0 0 0 6085 503712
6085 503304 0 0 0 6085 503712
6085 503305 0 0 0 6085 503712
6085 503306 0 0 0 6085 503712
6085 503312 0 0 0 6085 503712
6085 503313 0 0 0 6085 503712
6085 503315 0 0 0 6085 503712
6085 503321 0 0 0 6085 503712
6085 503322 0 0 0 6085 503712
6085 503323 0 0 0 6085 503712
6085 503324 0 0 0 6085 503712
6085 503325 0 0 0 6085 503712
6085 503326 0 0 0 6085 503712
6085 503327 0 0 0 6085 503712
6085 503329 0 0 0 6085 503712
6085 503330 0 0 0 6085 512059
6085 503331 0 0 0 6085 512059
6085 503332 0 0 0 6085 512059
6085 503333 0 0 0 6085 512059
6085 503336 0 0 0 6085 503712
6085 503337 0 0 0 6085 503712
6085 503338 0 0 0 6085 512059
6085 503339 0 0 0 6085 512059
6085 503401 0 0 0 6085 503712
6085 503402 0 0 0 6085 503712
6085 503504 0 0 0 6085 503712
6085 503506 0 0 0 6085 503712
6085 503507 0 0 0 6085 503712
6085 503508 0 0 0 6085 503712
6085 503509 0 0 0 6085 503712
6085 503510 0 0 0 6085 503712
6085 503511 0 0 0 6085 503712
6085 503601 0 0 0 6085 503712
6085 503602 0 0 0 6085 503712
6085 503703 0 0 0 6085 503712
6085 503707 0 0 0 6085 503712
6085 503708 0 0 0 6085 503712
6085 503709 0 0 0 6085 503712
6085 503710 0 0 0 6085 503712
6085 503711 0 0 0 6085 503712
6085 503712 198 32 1 6085 503712
6085 503713 0 0 0 6085 503712
6085 503802 0 0 0 6085 503712
6085 503803 0 0 0 6085 503712
6085 503804 0 0 0 6085 503712
6085 503902 0 0 0 6085 503712
6085 503903 0 0 0 6085 503712
6085 504001 0 0 0 6085 503712
6085 504002 0 0 0 6085 503712
6085 504101 0 0 0 6085 503712
6085 504102 0 0 0 6085 503712
6085 504201 0 0 0 6085 503712
6085 504202 0 0 0 6085 503712
6085 504307 0 0 0 6085 503712
6085 504308 0 0 0 6085 503712
6085 504311 0 0 0 6085 503712
6085 504314 0 0 0 6085 503712
6085 504315 0 0 0 6085 503712
6085 504316 0 0 0 6085 503712
6085 504317 0 0 0 6085 503712
6085 504318 0 0 0 6085 503712
6085 504319 0 0 0 6085 503712
6085 504320 0 0 0 6085 503712
6085 504321 0 0 0 6085 503712
6085 504322 0 0 0 6085 503712
6085 504323 0 0 0 6085 503712
6085 504410 0 0 0 6085 503712
6085 504411 0 0 0 6085 503712
6085 504412 0 0 0 6085 503712
6085 504413 0 0 0 6085 503712
6085 504414 0 0 0 6085 503712
6085 504415 0 0 0 6085 503712
6085 504416 0 0 0 6085 503712
6085 504418 0 0 0 6085 503712
6085 504421 0 0 0 6085 503712
6085 504422 0 0 0 6085 503712
6085 504423 0 0 0 6085 503712
6085 504424 0 0 0 6085 503712
6085 504505 0 0 0 6085 503712
6085 504506 0 0 0 6085 503712
6085 504507 0 0 0 6085 503712
6085 504508 0 0 0 6085 503712
6085 504509 0 0 0 6085 503712
6085 504510 0 0 0 6085 503712
6085 504601 0 0 0 6085 511609
6085 504602 0 0 0 6085 509901
6085 504700 0 0 0 6085 509901
6085 504802 0 0 0 6085 508102
6085 504805 0 0 0 6085 508102
6085 504806 0 0 0 6085 508102
6085 504807 0 0 0 6085 509901
6085 504808 0 0 0 6085 509901
6085 504902 0 0 0 6085 508102
6085 504903 0 0 0 6085 508102
6085 505006 0 0 0 6085 503712
6085 505007 0 0 0 6085 508102
6085 505010 0 0 0 6085 508102
6085 505011 0 0 0 6085 508102
6085 505012 0 0 0 6085 508102
6085 505013 0 0 0 6085 503712
6085 505014 0 0 0 6085 508102
6085 505015 0 0 0 6085 503712
6085 505100 0 0 0 6085 502101
6085 505202 0 0 0 6085 508102
6085 505203 0 0 0 6085 502101
6085 505301 0 0 0 6085 508102
6085 505302 0 0 0 6085 508102
6085 505303 0 0 0 6085 508102
6085 505304 0 0 0 6085 508102
6085 505305 0 0 0 6085 508102
6085 505401 0 0 0 6085 508102
6085 505402 0 0 0 6085 508102
6085 505403 0 0 0 6085 508102
6085 505500 0 0 0 6085 508102
6085 505600 0 0 0 6085 502101
6085 505700 0 0 0 6085 502101
6085 505800 0 0 0 6085 502101
6085 505901 0 0 0 6085 502101
6085 505902 0 0 0 6085 502101
6085 506000 0 0 0 6085 508102
6085 506101 0 0 0 6085 508102
6085 506102 0 0 0 6085 508102
6085 506103 0 0 0 6085 508102
6085 506202 0 0 0 6085 508102
6085 506203 0 0 0 6085 508102
6085 506204 0 0 0 6085 508102
6085 506301 0 0 0 6085 502101
6085 506302 0 0 0 6085 502101
6085 506304 0 0 0 6085 502101
6085 506305 0 0 0 6085 502101
6085 506401 0 0 0 6085 502101
6085 506402 0 0 0 6085 502101
6085 506502 0 0 0 6085 502704
6085 506503 0 0 0 6085 502101
6085 506504 0 0 0 6085 502101
6085 506505 0 0 0 6085 502101
6085 506601 0 0 0 6085 502101
6085 506603 0 0 0 6085 502101
6085 506604 0 0 0 6085 502704
6085 506605 0 0 0 6085 502101
6085 506606 0 0 0 6085 502101
6085 506701 0 0 0 6085 502704
6085 506702 0 0 0 6085 502704
6085 506703 0 0 0 6085 502704
6085 506801 0 0 0 6085 502704
6085 506802 0 0 0 6085 502704
6085 506803 0 0 0 6085 502704
6085 506804 0 0 0 6085 502704
6085 506900 0 0 0 6085 502704
6085 507002 0 0 0 6085 502704
6085 507003 0 0 0 6085 502704
6085 507004 0 0 0 6085 502704
6085 507100 0 0 0 6085 502704
6085 507203 0 0 0 6085 502704
6085 507205 0 0 0 6085 502704
6085 507206 0 0 0 6085 502704
6085 507301 0 0 0 6085 502704
6085 507302 0 0 0 6085 502704
6085 507401 0 0 0 6085 508102
6085 507402 0 0 0 6085 508102
6085 507500 0 0 0 6085 508102
6085 507600 0 0 0 6085 508102
6085 507701 0 0 0 6085 508102
6085 507702 0 0 0 6085 508102
6085 507704 0 0 0 6085 509901
6085 507705 0 0 0 6085 509901
6085 507805 0 0 0 6085 508102
6085 507806 0 0 0 6085 508102
6085 507807 0 0 0 6085 508102
6085 507808 0 0 0 6085 508102
6085 507903 0 0 0 6085 508102
6085 507904 0 0 0 6085 508102
6085 507905 0 0 0 6085 508102
6085 507906 0 0 0 6085 508102
6085 508003 0 0 0 6085 508102
6085 508004 0 0 0 6085 508102
6085 508005 0 0 0 6085 508102
6085 508006 0 0 0 6085 508102
6085 508101 0 0 0 6085 508102
6085 508102 296 31 1 6085 508102
6085 508203 0 0 0 6085 508102
6085 508204 0 0 0 6085 508102
6085 508205 0 0 0 6085 508102
6085 508206 0 0 0 6085 508102
6085 508301 0 0 0 6085 509901
6085 508303 0 0 0 6085 508102
6085 508305 0 0 0 6085 508102
6085 508306 0 0 0 6085 508102
6085 508401 0 0 0 6085 509901
6085 508403 0 0 0 6085 509901
6085 508404 0 0 0 6085 509901
6085 508503 0 0 0 6085 508102
6085 508505 0 0 0 6085 508102
6085 508507 0 0 0 6085 508102
6085 508508 0 0 0 6085 508102
6085 508509 0 0 0 6085 508102
6085 508510 0 0 0 6085 508102
6085 508601 0 0 0 6085 509901
6085 508602 0 0 0 6085 509901
6085 508705 0 0 0 6085 508102
6085 508706 0 0 0 6085 508102
6085 508707 0 0 0 6085 509901
6085 508708 0 0 0 6085 508102
6085 508800 0 0 0 6085 509901
6085 508900 0 0 0 6085 508102
6085 509001 0 0 0 6085 509901
6085 509002 0 0 0 6085 509901
6085 509102 0 0 0 6085 509901
6085 509106 0 0 0 6085 509901
6085 509107 0 0 0 6085 509901
6085 509108 0 0 0 6085 509901
6085 509109 0 0 0 6085 509901
6085 509110 0 0 0 6085 509901
6085 509111 0 0 0 6085 509901
6085 509201 0 0 0 6085 509901
6085 509202 0 0 0 6085 509901
6085 509302 0 0 0 6085 509901
6085 509303 0 0 0 6085 509901
6085 509304 0 0 0 6085 509901
6085 509401 0 0 0 6085 509901
6085 509403 0 0 0 6085 509901
6085 509404 0 0 0 6085 509901
6085 509500 0 0 0 6085 509901
6085 509600 0 0 0 6085 509901
6085 509700 0 0 0 6085 509901
6085 509801 0 0 0 6085 509901
6085 509802 0 0 0 6085 509901
6085 509901 410 32 1 6085 509901
6085 509902 0 0 0 6085 509901
6085 510001 0 0 0 6085 509901
6085 510002 0 0 0 6085 509901
6085 510100 0 0 0 6085 509901
6085 510200 0 0 0 6085 509901
6085 510300 0 0 0 6085 509901
6085 510400 0 0 0 6085 509901
6085 510500 0 0 0 6085 509901
6085 510600 0 0 0 6085 511609
6085 510700 0 0 0 6085 511609
6085 510801 0 0 0 6085 511609
6085 510802 0 0 0 6085 509901
6085 510803 0 0 0 6085 511609
6085 510900 0 0 0 6085 511609
6085 511000 0 0 0 6085 511609
6085 511100 0 0 0 6085 511609
6085 511200 0 0 0 6085 511609
6085 511301 0 0 0 6085 511609
6085 511302 0 0 0 6085 511609
6085 511400 0 0 0 6085 511609
6085 511501 0 0 0 6085 511609
6085 511502 0 0 0 6085 511609
6085 511608 0 0 0 6085 511609
6085 511609 991 104 2 6085 511609
6085 511701 0 0 0 6085 509901
6085 511702 0 0 0 6085 509901
6085 511704 0 0 0 6085 509901
6085 511705 0 0 0 6085 511609
6085 511707 0 0 0 6085 509901
6085 511800 0 0 0 6085 502704
6085 511905 0 0 0 6085 512059
6085 511907 0 0 0 6085 512059
6085 511910 0 0 0 6085 512059
6085 511911 0 0 0 6085 512059
6085 511912 0 0 0 6085 512059
6085 511913 0 0 0 6085 502704
6085 511914 0 0 0 6085 502704
6085 511915 0 0 0 6085 502704
6085 511916 0 0 0 6085 502704
6085 511917 0 0 0 6085 512059
6085 511918 0 0 0 6085 512059
6085 512001 0 0 0 6085 512059
6085 512005 0 0 0 6085 502704
6085 512019 0 0 0 6085 512059
6085 512021 0 0 0 6085 512059
6085 512022 0 0 0 6085 512059
6085 512023 0 0 0 6085 512059
6085 512024 0 0 0 6085 502704
6085 512025 0 0 0 6085 512059
6085 512026 0 0 0 6085 512059
6085 512027 0 0 0 6085 512059
6085 512029 0 0 0 6085 512059
6085 512030 0 0 0 6085 512059
6085 512031 0 0 0 6085 512059
6085 512032 0 0 0 6085 512059
6085 512034 0 0 0 6085 512059
6085 512035 0 0 0 6085 512059
6085 512036 0 0 0 6085 512059
6085 512037 0 0 0 6085 512059
6085 512038 0 0 0 6085 512059
6085 512039 0 0 0 6085 512059
6085 512042 0 0 0 6085 512059
6085 512043 0 0 0 6085 512059
6085 512045 0 0 0 6085 512059
6085 512047 0 0 0 6085 512059
6085 512052 0 0 0 6085 512059
6085 512053 0 0 0 6085 512059
6085 512054 0 0 0 6085 512059
6085 512055 0 0 0 6085 512059
6085 512056 0 0 0 6085 512059
6085 512057 0 0 0 6085 512059
6085 512058 0 0 0 6085 512059
6085 512059 160 16 1 6085 512059
6085 512100 0 0 0 6085 512059
6085 512200 0 0 0 6087 110601
6085 512305 0 0 0 6085 512059
6085 512307 0 0 0 6085 512059
6085 512308 0 0 0 6085 512059
6085 512309 0 0 0 6085 512059
6085 512310 0 0 0 6085 512059
6085 512311 0 0 0 6085 512059
6085 512312 0 0 0 6085 512059
6085 512313 0 0 0 6085 512059
6085 512314 0 0 0 6085 512059
6085 512401 0 0 0 6087 110601
6085 512402 0 0 0 6085 512059
6085 512505 0 0 0 6087 110601
6085 512509 0 0 0 6087 110601
6085 512510 0 0 0 6087 110601
6085 512511 0 0 0 6087 110601
6085 512512 0 0 0 6087 110601
6085 512513 0 0 0 6087 110601
6085 512514 0 0 0 6087 110601
6085 512515 0 0 0 6087 110601
6085 512516 0 0 0 6087 110601
6085 512602 0 0 0 6069 602
6085 512603 0 0 0 6087 110601
6085 512604 0 0 0 6087 110601
6085 513000 0 0 0 6085 511609
6085 513500 0 0 0 6085 512059
6087 100100 0 0 0 6087 121300
6087 100200 0 0 0 6087 121300
6087 100300 0 0 0 6087 121300
6087 100400 0 0 0 6087 121300
6087 100500 0 0 0 6087 121300
6087 100600 0 0 0 6087 121300
6087 100700 0 0 0 6087 121300
6087 100801 0 0 0 6087 121300
6087 100802 0 0 0 6087 121300
6087 100900 0 0 0 6087 121300
6087 101001 0 0 0 6087 121300
6087 101002 0 0 0 6087 121300
6087 101100 0 0 0 6087 121300
6087 101200 0 0 0 6087 121300
6087 110101 0 0 0 6087 110601
6087 110102 0 0 0 6087 110601
6087 110201 0 0 0 6087 110601
6087 110202 0 0 0 6087 110601
6087 110301 0 0 0 6087 110601
6087 110302 0 0 0 6087 110601
6087 110401 0 0 0 6087 110601
6087 110402 0 0 0 6087 110601
6087 110503 0 0 0 6087 110601
6087 110504 0 0 0 6087 110601
6087 110505 0 0 0 6087 110601
6087 110506 0 0 0 6087 110601
6087 110601 96 6 1 6087 110601
6087 110602 0 0 0 6087 110601
6087 110700 0 0 0 6087 110601
6087 120200 0 0 0 6087 121300
6087 120301 0 0 0 6087 121300
6087 120302 0 0 0 6087 121300
6087 120400 0 0 0 6087 121300
6087 120500 0 0 0 6085 502704
6087 120600 0 0 0 6087 121300
6087 120700 0 0 0 6087 121300
6087 120800 0 0 0 6087 121300
6087 120901 0 0 0 6087 121300
6087 120902 0 0 0 6087 121300
6087 121000 0 0 0 6087 121300
6087 121100 0 0 0 6087 121300
6087 121200 0 0 0 6087 121300
6087 121300 183 12 2 6087 121300
6087 121401 0 0 0 6087 121300
6087 121402 0 0 0 6087 121300
6087 121403 0 0 0 6087 121300
6087 121501 0 0 0 6087 121300
6087 121502 0 0 0 6087 121300
6087 121601 0 0 0 6087 121300
6087 121602 0 0 0 6087 121300
6087 121701 0 0 0 6087 121300
6087 121702 0 0 0 6087 121300
6087 121801 0 0 0 6087 121300
6087 121802 0 0 0 6087 121300
6087 122001 0 0 0 6087 121300
6087 122002 0 0 0 6087 121300
6087 122004 0 0 0 6087 121300
6087 122005 0 0 0 6087 121300
6087 122100 0 0 0 6087 121300
6087 122202 0 0 0 6087 110601
6087 122203 0 0 0 6087 110601
6087 122204 0 0 0 6087 110601
6087 122205 0 0 0 6087 121300
6087 122300 0 0 0 6087 110601
6087 122401 0 0 0 6087 110601
6087 122402 0 0 0 6087 110601
6087 122500 0 0 0 6087 110601
6087 123100 0 0 0 6087 110601
6087 123300 0 0 0 6087 110601
6087 990100 0 0 0 6087 121300
6089 10100 122 22 1 6089 10100
6089 10200 0 0 0 6089 10100
6089 10300 0 0 0 6089 10100
6089 10400 0 0 0 6089 10500
6089 10500 256 33 1 6089 10500
6089 10601 0 0 0 6089 10500
6089 10602 46 0 2 6089 10602
6089 10603 0 0 0 6089 10602
6089 10702 0 0 0 6089 10602
6089 10703 0 0 0 6089 10100
6089 10704 0 0 0 6089 10100
6089 10803 0 0 0 6089 10100
6089 10804 0 0 0 6089 10100
6089 10805 0 0 0 6089 10100
6089 10806 0 0 0 6089 10100
6089 10807 0 0 0 6089 10100
6089 10900 0 0 0 6089 10100
6089 11001 0 0 0 6089 10500
6089 11002 0 0 0 6089 10500
6089 11100 0 0 0 6089 10500
6089 11209 0 0 0 6089 10100
6089 11300 0 0 0 6089 10100
6089 11401 0 0 0 6089 10100
6089 11402 0 0 0 6089 10100
6089 11403 0 0 0 6089 10100
6089 11501 0 0 0 6089 10500
6089 11502 0 0 0 6089 10100
6089 11600 0 0 0 6089 10602
6089 11701 0 0 0 6089 10100
6089 11702 0 0 0 6089 10100
6089 11703 0 0 0 6089 10100
6089 11801 0 0 0 6089 10100
6089 11802 0 0 0 6089 10100
6089 11803 0 0 0 6089 10100
6089 11900 0 0 0 6089 10100
6089 12000 0 0 0 6089 10500
6089 12101 0 0 0 6089 10500
6089 12102 0 0 0 6089 10500
6089 12200 0 0 0 6089 10500
6089 12301 0 0 0 6089 10500
6089 12302 0 0 0 6089 10500
6089 12303 0 0 0 6089 10500
6089 12400 0 0 0 6089 10602
6089 12500 0 0 0 6105 102
6089 12603 0 0 0 6063 501
6089 12604 0 0 0 6089 10100
6089 12605 0 0 0 6089 10100
6089 12606 0 0 0 6089 12702
6089 12701 0 0 0 6089 12702
6089 12702 16 0 1 6089 12702
6091 10000 0 0 0 6057 1209
6093 100 0 0 0 6093 1003
6093 200 0 0 0 6093 702
6093 300 0 0 0 6093 702
6093 600 0 0 0 6093 702
6093 701 0 0 0 6093 702
6093 702 25 4 1 6093 702
6093 703 0 0 0 6093 702
6093 800 0 0 0 6105 102
6093 901 0 0 0 6093 1003
6093 902 0 0 0 6093 1003
6093 1001 0 0 0 6093 1003
6093 1002 0 0 0 6093 1003
6093 1003 31 4 1 6093 1003
6093 1100 0 0 0 6093 1003
6093 1200 0 0 0 6093 1003
6093 1300 0 0 0 6093 702
6095 250103 0 0 0 6095 251400
6095 250104 0 0 0 6095 251400
6095 250105 0 0 0 6095 251901
6095 250106 0 0 0 6095 251901
6095 250200 0 0 0 6095 251400
6095 250300 0 0 0 6095 251400
6095 250400 0 0 0 6095 251400
6095 250501 0 0 0 6095 251400
6095 250502 0 0 0 6095 251400
6095 250601 0 0 0 6095 251400
6095 250604 0 0 0 6095 251400
6095 250605 0 0 0 6095 251400
6095 250701 0 0 0 6095 251400
6095 250801 0 0 0 6095 251400
6095 250900 0 0 0 6095 251400
6095 251000 0 0 0 6095 251400
6095 251100 0 0 0 6095 251400
6095 251200 0 0 0 6095 251400
6095 251300 0 0 0 6095 251400
6095 251400 187 17 1 6095 251400
6095 251500 0 0 0 6095 251400
6095 251600 0 0 0 6095 251400
6095 251701 0 0 0 6095 251400
6095 251702 0 0 0 6095 251400
6095 251802 0 0 0 6095 251400
6095 251803 0 0 0 6095 251901
6095 251804 0 0 0 6095 251901
6095 251901 75 12 1 6095 251901
6095 251902 0 0 0 6095 251901
6095 251903 0 0 0 6095 251901
6095 252000 0 0 0 6013 318000
6095 252102 0 0 0 6013 318000
6095 252103 0 0 0 6095 251400
6095 252104 0 0 0 6095 251400
6095 252105 0 0 0 6095 251400
6095 252106 0 0 0 6013 318000
6095 252107 0 0 0 6013 318000
6095 252108 0 0 0 6013 318000
6095 252203 0 0 0 6095 252604
6095 252204 0 0 0 6095 252604
6095 252205 0 0 0 6095 251901
6095 252206 0 0 0 6095 251901
6095 252305 0 0 0 6095 252604
6095 252306 0 0 0 6095 252604
6095 252310 0 0 0 6095 252604
6095 252311 0 0 0 6095 252604
6095 252312 0 0 0 6095 252604
6095 252313 0 0 0 6095 252604
6095 252314 0 0 0 6095 252604
6095 252315 0 0 0 6095 252604
6095 252316 0 0 0 6095 252604
6095 252317 0 0 0 6095 252604
6095 252401 0 0 0 6095 252604
6095 252402 0 0 0 6095 252604
6095 252501 0 0 0 6095 252604
6095 252502 0 0 0 6095 252604
6095 252604 209 30 1 6095 252604
6095 252605 0 0 0 6095 252604
6095 252606 0 0 0 6095 252604
6095 252607 0 0 0 6095 252604
6095 252608 0 0 0 6095 252604
6095 252610 0 0 0 6095 252604
6095 252611 0 0 0 6095 252604
6095 252702 0 0 0 6095 252604
6095 252703 0 0 0 6095 252604
6095 252704 0 0 0 6095 252604
6095 252705 0 0 0 6095 252604
6095 252706 0 0 0 6095 252604
6095 252707 0 0 0 6095 252604
6095 252801 0 0 0 6095 252604
6095 252802 0 0 0 6095 252604
6095 252903 0 0 0 6095 252904
6095 252904 112 13 1 6095 252904
6095 252908 0 0 0 6095 252904
6095 252909 0 0 0 6095 252904
6095 252910 0 0 0 6095 252904
6095 252911 0 0 0 6095 252904
6095 252912 0 0 0 6095 252904
6095 252913 0 0 0 6095 252904
6095 252914 0 0 0 6095 252904
6095 252915 0 0 0 6095 252904
6095 253000 0 0 0 6095 252604
6095 253101 0 0 0 6095 252904
6095 253105 0 0 0 6095 252904
6095 253106 0 0 0 6095 252904
6095 253107 0 0 0 6095 252904
6095 253108 0 0 0 6095 252604
6095 253201 0 0 0 6095 252904
6095 253203 0 0 0 6095 252904
6095 253205 0 0 0 6095 252904
6095 253206 0 0 0 6095 252904
6095 253207 0 0 0 6095 252904
6095 253208 0 0 0 6095 252904
6095 253300 0 0 0 6095 252904
6095 253402 0 0 0 6095 252904
6095 253403 0 0 0 6095 252904
6095 253404 0 0 0 6095 252904
6095 253501 0 0 0 6095 252904
6095 253502 0 0 0 6013 355109
6095 980000 0 0 0 6095 252604
6097 150100 0 0 0 6097 150204
6097 150203 0 0 0 6097 150204
6097 150204 24 6 1 6097 150204
6097 150205 0 0 0 6097 150204
6097 150206 0 0 0 6097 150204
6097 150303 0 0 0 6097 150204
6097 150304 0 0 0 6097 150204
6097 150305 0 0 0 6097 150204
6097 150306 0 0 0 6097 150204
6097 150501 0 0 0 6097 151800
6097 150502 0 0 0 6097 150204
6097 150601 0 0 0 6097 150609
6097 150602 0 0 0 6097 150609
6097 150603 0 0 0 6097 150609
6097 150607 0 0 0 6097 150609
6097 150609 46 5 1 6097 150609
6097 150610 0 0 0 6097 150609
6097 150611 0 0 0 6097 150609
6097 150612 0 0 0 6097 150609
6097 150701 0 0 0 6097 150609
6097 150702 0 0 0 6097 150609
6097 150800 0 0 0 6097 150609
6097 150901 0 0 0 6097 150609
6097 150902 0 0 0 6097 150609
6097 151000 0 0 0 6097 150609
6097 151100 0 0 0 6097 150609
6097 151203 0 0 0 6097 150609
6097 151204 0 0 0 6097 150609
6097 151205 0 0 0 6097 150609
6097 151206 0 0 0 6097 150609
6097 151301 0 0 0 6097 150609
6097 151305 0 0 0 6097 150609
6097 151306 0 0 0 6097 150609
6097 151307 0 0 0 6097 151800
6097 151308 0 0 0 6097 151800
6097 151309 0 0 0 6097 150609
6097 151310 0 0 0 6097 150609
6097 151311 0 0 0 6097 150609
6097 151403 0 0 0 6097 151800
6097 151404 0 0 0 6097 151800
6097 151405 0 0 0 6097 151800
6097 151406 0 0 0 6097 151800
6097 151503 0 0 0 6097 151800
6097 151504 0 0 0 6097 151800
6097 151505 0 0 0 6097 151800
6097 151506 0 0 0 6097 151800
6097 151601 0 0 0 6097 151800
6097 151602 0 0 0 6097 151800
6097 151701 0 0 0 6097 151800
6097 151702 0 0 0 6097 151800
6097 151800 232 24 1 6097 151800
6097 151900 0 0 0 6097 151800
6097 152000 0 0 0 6097 151800
6097 152100 138 7 1 6097 152100
6097 152201 0 0 0 6097 152100
6097 152203 0 0 0 6097 151800
6097 152204 0 0 0 6097 151800
6097 152205 0 0 0 6097 151800
6097 152300 0 0 0 6097 152100
6097 152401 0 0 0 6097 152100
6097 152402 0 0 0 6097 152100
6097 152501 0 0 0 6097 151800
6097 152502 0 0 0 6097 151800
6097 152601 0 0 0 6097 152100
6097 152602 0 0 0 6097 151800
6097 152701 0 0 0 6097 152702
6097 152702 96 12 1 6097 152702
6097 152801 0 0 0 6097 152100
6097 152803 0 0 0 6097 152100
6097 152804 0 0 0 6097 152100
6097 152903 0 0 0 6097 152100
6097 152904 0 0 0 6097 152100
6097 152905 0 0 0 6097 152100
6097 152906 0 0 0 6097 152702
6097 153001 0 0 0 6097 152100
6097 153002 0 0 0 6097 152100
6097 153003 0 0 0 6097 152100
6097 153005 0 0 0 6097 152100
6097 153006 0 0 0 6097 152100
6097 153102 0 0 0 6097 151800
6097 153103 0 0 0 6097 151800
6097 153104 0 0 0 6097 152100
6097 153201 0 0 0 6097 151800
6097 153202 0 0 0 6097 151800
6097 153301 0 0 0 6097 152100
6097 153302 0 0 0 6097 152100
6097 153403 0 0 0 6097 152100
6097 153404 0 0 0 6097 152100
6097 153405 0 0 0 6097 152702
6097 153406 0 0 0 6097 152100
6097 153501 0 0 0 6097 151800
6097 153502 0 0 0 6097 152100
6097 153601 0 0 0 6097 152702
6097 153602 0 0 0 6097 152702
6097 153705 0 0 0 6097 152702
6097 153707 0 0 0 6097 153902
6097 153708 0 0 0 6097 152702
6097 153709 0 0 0 6097 153902
6097 153710 0 0 0 6097 153902
6097 153711 0 0 0 6097 152702
6097 153712 0 0 0 6097 152702
6097 153804 0 0 0 6097 152702
6097 153806 0 0 0 6097 152702
6097 153807 0 0 0 6097 152702
6097 153808 0 0 0 6097 152702
6097 153809 0 0 0 6097 152702
6097 153810 0 0 0 6097 152702
6097 153811 0 0 0 6097 152702
6097 153902 17 5 1 6097 153902
6097 153903 0 0 0 6097 153902
6097 153904 0 0 0 6097 153902
6097 153905 0 0 0 6097 153902
6097 154000 0 0 0 6097 153902
6097 154100 0 0 0 6097 153902
6097 154201 0 0 0 6097 153902
6097 154202 0 0 0 6097 153902
6097 154304 0 0 0 6097 153902
6097 154305 0 0 0 6097 152702
6097 154306 0 0 0 6097 152702
6097 154307 0 0 0 6097 153902
6097 154308 0 0 0 6045 11502
6097 990100 0 0 0 6097 153902
6099 101 0 0 0 6099 202
6099 102 0 0 0 6099 202
6099 201 0 0 0 6099 202
6099 202 21 5 1 6099 202
6099 204 0 0 0 6099 202
6099 205 0 0 0 6099 202
6099 301 0 0 0 6099 202
6099 302 0 0 0 6099 910
6099 303 0 0 0 6099 910
6099 304 0 0 0 6099 910
6099 403 0 0 0 6099 910
6099 404 0 0 0 6099 910
6099 405 0 0 0 6099 910
6099 406 0 0 0 6099 910
6099 407 0 0 0 6099 910
6099 501 0 0 0 6099 1300
6099 503 0 0 0 6099 1300
6099 505 0 0 0 6099 1300
6099 506 0 0 0 6099 910
6099 511 0 0 0 6099 1300
6099 512 0 0 0 6099 1300
6099 513 0 0 0 6099 1300
6099 514 0 0 0 6099 1300
6099 601 0 0 0 6099 1300
6099 602 0 0 0 6099 1300
6099 801 0 0 0 6099 1300
6099 803 0 0 0 6099 1300
6099 805 0 0 0 6099 1300
6099 806 0 0 0 6099 1300
6099 807 0 0 0 6099 1300
6099 905 0 0 0 6099 1001
6099 906 0 0 0 6099 1001
6099 907 0 0 0 6099 910
6099 908 0 0 0 6099 910
6099 909 0 0 0 6099 910
6099 910 401 41 1 6099 910
6099 911 0 0 0 6099 910
6099 913 0 0 0 6099 910
6099 914 0 0 0 6099 910
6099 915 0 0 0 6099 910
6099 1001 23 0 1 6099 1001
6099 1002 0 0 0 6099 1001
6099 1100 0 0 0 6099 1300
6099 1200 0 0 0 6099 1800
6099 1300 358 44 1 6099 1300
6099 1400 0 0 0 6099 1300
6099 1500 0 0 0 6099 1800
6099 1601 0 0 0 6099 1800
6099 1603 0 0 0 6099 1800
6099 1604 0 0 0 6099 1800
6099 1700 0 0 0 6099 1800
6099 1800 96 0 1 6099 1800
6099 1900 0 0 0 6099 1001
6099 2002 0 0 0 6099 1001
6099 2004 0 0 0 6099 1001
6099 2005 0 0 0 6099 1001
6099 2006 0 0 0 6099 1001
6099 2100 0 0 0 6099 1800
6099 2200 0 0 0 6099 1800
6099 2302 0 0 0 6099 1800
6099 2303 0 0 0 6099 1800
6099 2304 0 0 0 6099 1800
6099 2401 0 0 0 6099 1800
6099 2402 0 0 0 6099 1800
6099 2503 0 0 0 6099 1800
6099 2504 0 0 0 6099 1800
6099 2505 0 0 0 6099 1800
6099 2506 0 0 0 6099 1800
6099 2602 0 0 0 6099 1800
6099 2603 0 0 0 6099 1800
6099 2604 0 0 0 6099 1800
6099 2605 0 0 0 6099 1800
6099 2701 0 0 0 6099 1800
6099 2702 0 0 0 6099 1800
6099 2801 0 0 0 6099 202
6099 2802 0 0 0 6099 202
6099 2803 0 0 0 6099 910
6099 2901 0 0 0 6099 3907
6099 2903 0 0 0 6099 3907
6099 2904 0 0 0 6099 1001
6099 3002 0 0 0 6099 1800
6099 3003 0 0 0 6099 1001
6099 3004 0 0 0 6099 1800
6099 3100 0 0 0 6099 1800
6099 3201 0 0 0 6099 1800
6099 3203 0 0 0 6099 1800
6099 3204 0 0 0 6099 1800
6099 3205 0 0 0 6099 1800
6099 3206 0 0 0 6099 1800
6099 3300 0 0 0 6099 1800
6099 3400 0 0 0 6099 3907
6099 3501 0 0 0 6099 3907
6099 3502 0 0 0 6099 3907
6099 3603 0 0 0 6099 3907
6099 3607 0 0 0 6099 3907
6099 3608 0 0 0 6099 3907
6099 3609 0 0 0 6099 3907
6099 3610 0 0 0 6099 3907
6099 3611 0 0 0 6099 3907
6099 3612 0 0 0 6099 3907
6099 3700 0 0 0 6099 3907
6099 3802 0 0 0 6099 3907
6099 3803 0 0 0 6099 3907
6099 3804 0 0 0 6099 3907
6099 3805 0 0 0 6099 3907
6099 3904 0 0 0 6099 3907
6099 3905 0 0 0 6099 3907
6099 3906 0 0 0 6099 3907
6099 3907 111 12 1 6099 3907
6099 3908 0 0 0 6099 3907
6099 3909 0 0 0 6099 3907
6099 4000 0 0 0 6099 1300
6101 50101 0 0 0 6115 40100
6101 50102 0 0 0 6115 40100
6101 50201 0 0 0 6115 40100
6101 50202 0 0 0 6115 40100
6101 50301 0 0 0 6115 40100
6101 50302 0 0 0 6115 40100
6101 50401 0 0 0 6115 40100
6101 50402 0 0 0 6115 40100
6101 50403 0 0 0 6115 40100
6101 50501 0 0 0 6115 40100
6101 50503 0 0 0 6115 40100
6101 50504 0 0 0 6115 40100
6101 50601 0 0 0 6115 40100
6101 50603 0 0 0 6115 40100
6101 50604 0 0 0 6115 40100
6101 50701 0 0 0 6007 3502
6101 50702 0 0 0 6007 3502
6101 50800 0 0 0 6007 3502
6101 50900 0 0 0 6115 40100
6101 51000 0 0 0 6115 40100
6101 51100 0 0 0 6061 22400
6103 100 0 0 0 6103 702
6103 201 0 0 0 6103 702
6103 202 0 0 0 6103 702
6103 300 0 0 0 6103 702
6103 400 0 0 0 6103 702
6103 500 0 0 0 6103 702
6103 600 0 0 0 6103 702
6103 701 0 0 0 6103 702
6103 702 52 8 1 6103 702
6103 800 0 0 0 6103 702
6103 900 0 0 0 6103 702
6103 1000 0 0 0 6007 603
6103 1101 0 0 0 6103 702
6103 1102 0 0 0 6103 702
6105 101 0 0 0 6105 102
6105 102 25 0 1 6105 102
6105 200 0 0 0 6105 102
6105 500 0 0 0 6023 11600
6107 101 0 0 0 6107 3801
6107 102 0 0 0 6107 1200
6107 202 0 0 0 6019 6603
6107 203 0 0 0 6019 6603
6107 204 0 0 0 6019 6603
6107 302 0 0 0 6019 6603
6107 303 0 0 0 6019 6603
6107 304 0 0 0 6019 6603
6107 401 0 0 0 6019 6603
6107 402 0 0 0 6019 6603
6107 501 0 0 0 6019 6603
6107 502 0 0 0 6019 6603
6107 600 0 0 0 6107 1200
6107 701 0 0 0 6107 1200
6107 702 0 0 0 6107 1200
6107 801 0 0 0 6107 1200
6107 802 0 0 0 6107 1200
6107 901 0 0 0 6107 1200
6107 902 0 0 0 6107 1200
6107 1005 0 0 0 6107 1200
6107 1006 0 0 0 6107 1200
6107 1007 0 0 0 6107 1200
6107 1008 0 0 0 6107 1200
6107 1009 0 0 0 6107 1200
6107 1010 0 0 0 6107 1200
6107 1011 0 0 0 6107 1200
6107 1012 0 0 0 6107 1200
6107 1101 0 0 0 6107 1200
6107 1102 0 0 0 6107 1200
6107 1200 346 41 1 6107 1200
6107 1303 0 0 0 6107 1200
6107 1304 0 0 0 6107 1200
6107 1305 0 0 0 6107 1200
6107 1306 0 0 0 6107 1200
6107 1400 0 0 0 6107 1200
6107 1501 0 0 0 6107 1200
6107 1502 0 0 0 6107 1200
6107 1601 0 0 0 6107 1200
6107 1602 0 0 0 6107 1200
6107 1701 0 0 0 6107 1200
6107 1703 0 0 0 6107 1200
6107 1705 0 0 0 6107 1200
6107 1706 0 0 0 6107 1200
6107 1800 0 0 0 6107 1200
6107 1901 0 0 0 6107 1200
6107 1902 0 0 0 6107 1200
6107 2002 0 0 0 6107 1200
6107 2003 0 0 0 6107 1200
6107 2004 0 0 0 6107 1200
6107 2006 0 0 0 6107 1200
6107 2008 0 0 0 6107 1200
6107 2009 0 0 0 6107 1200
6107 2010 0 0 0 6107 1200
6107 2011 0 0 0 6107 1200
6107 2100 0 0 0 6107 2303
6107 2202 0 0 0 6107 2303
6107 2203 0 0 0 6107 2303
6107 2204 0 0 0 6107 2303
6107 2302 0 0 0 6107 2303
6107 2303 33 8 1 6107 2303
6107 2304 0 0 0 6107 2303
6107 2401 0 0 0 6107 2303
6107 2402 0 0 0 6107 2303
6107 2403 0 0 0 6107 2303
6107 2500 0 0 0 6107 3801
6107 2601 0 0 0 6107 3801
6107 2602 0 0 0 6107 3801
6107 2701 0 0 0 6107 4000
6107 2702 0 0 0 6107 4000
6107 2800 0 0 0 6107 3801
6107 2901 0 0 0 6107 2303
6107 2903 0 0 0 6107 2303
6107 2904 0 0 0 6107 2303
6107 3001 0 0 0 6107 2303
6107 3002 0 0 0 6107 2303
6107 3100 0 0 0 6107 2303
6107 3201 0 0 0 6107 2303
6107 3202 0 0 0 6107 3801
6107 3301 0 0 0 6107 3801
6107 3302 0 0 0 6107 3801
6107 3401 0 0 0 6107 3801
6107 3402 0 0 0 6107 4000
6107 3501 0 0 0 6107 3801
6107 3503 0 0 0 6107 3801
6107 3504 0 0 0 6107 3801
6107 3601 0 0 0 6107 3801
6107 3602 0 0 0 6107 3801
6107 3700 0 0 0 6107 3801
6107 3801 79 10 1 6107 3801
6107 3802 0 0 0 6107 3801
6107 3902 0 0 0 6107 4000
6107 3903 0 0 0 6107 3801
6107 3904 0 0 0 6107 4000
6107 4000 14 0 1 6107 4000
6107 4102 0 0 0 6107 3801
6107 4103 0 0 0 6107 3801
6107 4104 0 0 0 6107 3801
6107 4200 0 0 0 6029 5003
6107 4301 0 0 0 6029 5003
6107 4302 0 0 0 6029 5003
6107 4401 0 0 0 6029 5003
6107 4402 0 0 0 6029 5003
6107 4500 0 0 0 6107 4000
6109 1100 0 0 0 6109 1200
6109 1200 72 6 1 6109 1200
6109 2101 0 0 0 6109 1200
6109 2102 0 0 0 6109 1200
6109 2201 0 0 0 6109 1200
6109 2202 0 0 0 6109 1200
6109 3101 0 0 0 6109 1200
6109 3102 0 0 0 6109 1200
6109 3103 0 0 0 6109 1200
6109 3200 0 0 0 6109 1200
6109 4101 0 0 0 6109 1200
6109 4102 0 0 0 6109 1200
6109 4201 0 0 0 6043 101
6109 4202 0 0 0 6109 1200
6109 5101 0 0 0 6109 1200
6109 5102 0 0 0 6109 1200
6109 5201 0 0 0 6109 1200
6109 985202 0 0 0 6109 1200
6111 302 0 0 0 6111 7903
6111 303 0 0 0 6111 5202
6111 304 0 0 0 6111 800
6111 400 0 0 0 6111 800
6111 500 0 0 0 6111 800
6111 600 0 0 0 6111 800
6111 701 0 0 0 6111 800
6111 702 0 0 0 6111 800
6111 800 45 6 1 6111 800
6111 901 19 0 1 6111 901
6111 902 0 0 0 6111 901
6111 903 0 0 0 6111 901
6111 1002 0 0 0 6111 901
6111 1101 0 0 0 6111 901
6111 1102 0 0 0 6111 901
6111 1201 0 0 0 6111 1901
6111 1202 0 0 0 6111 1901
6111 1204 0 0 0 6111 1901
6111 1302 0 0 0 6111 4901
6111 1303 0 0 0 6111 4901
6111 1304 0 0 0 6111 4901
6111 1401 0 0 0 6111 1901
6111 1402 0 0 0 6111 4901
6111 1506 0 0 0 6111 1901
6111 1507 0 0 0 6111 1901
6111 1508 0 0 0 6111 1901
6111 1509 0 0 0 6111 1901
6111 1510 0 0 0 6111 1901
6111 1511 0 0 0 6111 1901
6111 1602 0 0 0 6111 1901
6111 1801 0 0 0 6111 1901
6111 1901 335 35 2 6111 1901
6111 2000 0 0 0 6111 1901
6111 2102 0 0 0 6111 1901
6111 2200 0 0 0 6111 1901
6111 2301 0 0 0 6111 1901
6111 2302 0 0 0 6111 1901
6111 2400 0 0 0 6111 1901
6111 2500 0 0 0 6111 1901
6111 2600 0 0 0 6111 1901
6111 2700 0 0 0 6111 1901
6111 2800 0 0 0 6111 1901
6111 2901 0 0 0 6111 4901
6111 2905 0 0 0 6111 1901
6111 3010 0 0 0 6111 4901
6111 3011 0 0 0 6111 4901
6111 3013 0 0 0 6111 4901
6111 3101 0 0 0 6111 4901
6111 3102 0 0 0 6111 4901
6111 3201 0 0 0 6111 4901
6111 3301 0 0 0 6111 4901
6111 3302 0 0 0 6111 4901
6111 3608 0 0 0 6111 4901
6111 3613 0 0 0 6111 4901
6111 3614 0 0 0 6111 4901
6111 3615 0 0 0 6111 4901
6111 3616 0 0 0 6111 4901
6111 3617 0 0 0 6111 4901
6111 3618 0 0 0 6111 4901
6111 3700 0 0 0 6111 4901
6111 3801 0 0 0 6111 4901
6111 3802 0 0 0 6111 4901
6111 3901 0 0 0 6111 4901
6111 3902 0 0 0 6111 4901
6111 4000 0 0 0 6111 4901
6111 4101 0 0 0 6111 4901
6111 4200 0 0 0 6111 4901
6111 4304 0 0 0 6111 4901
6111 4305 0 0 0 6111 4901
6111 4400 0 0 0 6111 4901
6111 4503 0 0 0 6111 4901
6111 4504 0 0 0 6111 4901
6111 4505 0 0 0 6111 4901
6111 4507 0 0 0 6111 4901
6111 4508 0 0 0 6111 4901
6111 4600 0 0 0 6111 4901
6111 4704 0 0 0 6111 4901
6111 4710 0 0 0 6111 4901
6111 4711 0 0 0 6111 4901
6111 4715 0 0 0 6111 4901
6111 4716 0 0 0 6111 4901
6111 4717 0 0 0 6111 4901
6111 4901 146 23 1 6111 4901
6111 4902 0 0 0 6111 4901
6111 5002 0 0 0 6111 4901
6111 5004 0 0 0 6111 4901
6111 5005 0 0 0 6111 4901
6111 5006 0 0 0 6111 4901
6111 5202 50 5 1 6111 5202
6111 5203 0 0 0 6111 5202
6111 5204 0 0 0 6111 5202
6111 5205 0 0 0 6111 5202
6111 5304 0 0 0 6111 5202
6111 5305 0 0 0 6111 6600
6111 5306 0 0 0 6111 5202
6111 5307 0 0 0 6111 5202
6111 5308 0 0 0 6111 5202
6111 5401 0 0 0 6111 5202
6111 5403 0 0 0 6111 5202
6111 5404 0 0 0 6111 5202
6111 5502 0 0 0 6111 5202
6111 5503 0 0 0 6111 5202
6111 5504 0 0 0 6111 5202
6111 5601 0 0 0 6111 5202
6111 5602 0 0 0 6111 5202
6111 5700 0 0 0 6111 5202
6111 5801 0 0 0 6111 6600
6111 5803 0 0 0 6111 6600
6111 5804 0 0 0 6111 5202
6111 5901 0 0 0 6111 6600
6111 5906 0 0 0 6111 6600
6111 5907 0 0 0 6111 6600
6111 5908 0 0 0 6111 6600
6111 5909 0 0 0 6111 6600
6111 5910 0 0 0 6111 6600
6111 5911 0 0 0 6111 6600
6111 6000 0 0 0 6111 6600
6111 6101 0 0 0 6111 6600
6111 6102 0 0 0 6111 6600
6111 6200 0 0 0 6111 6600
6111 6301 0 0 0 6111 6600
6111 6302 0 0 0 6111 6600
6111 6400 0 0 0 6111 6600
6111 6500 0 0 0 6111 6600
6111 6600 345 30 1 6111 6600
6111 6700 0 0 0 6111 6600
6111 6800 0 0 0 6111 6600
6111 6900 0 0 0 6111 6600
6111 7000 0 0 0 6111 6600
6111 7100 0 0 0 6111 6600
6111 7201 0 0 0 6111 6600
6111 7202 0 0 0 6111 6600
6111 7300 0 0 0 6111 6600
6111 7402 0 0 0 6111 6600
6111 7403 0 0 0 6111 6600
6111 7405 0 0 0 6037 134422
6111 7406 0 0 0 6111 6600
6111 7505 0 0 0 6111 7903
6111 7506 0 0 0 6111 7903
6111 7507 0 0 0 6111 6600
6111 7508 0 0 0 6111 6600
6111 7509 0 0 0 6111 6600
6111 7510 0 0 0 6111 6600
6111 7511 0 0 0 6037 134422
6111 7512 0 0 0 6111 7903
6111 7513 0 0 0 6111 7903
6111 7515 0 0 0 6111 7903
6111 7516 0 0 0 6111 6600
6111 7607 0 0 0 6111 6600
6111 7609 0 0 0 6111 6600
6111 7610 0 0 0 6111 6600
6111 7611 0 0 0 6111 6600
6111 7612 0 0 0 6111 6600
6111 7613 0 0 0 6111 6600
6111 7614 0 0 0 6111 7903
6111 7700 0 0 0 6111 7903
6111 7800 0 0 0 6111 7903
6111 7901 0 0 0 6111 7903
6111 7903 139 10 1 6111 7903
6111 7904 0 0 0 6111 7903
6111 8001 0 0 0 6111 7903
6111 8002 0 0 0 6111 7903
6111 8004 0 0 0 6111 7903
6111 8005 0 0 0 6111 7903
6111 8101 0 0 0 6111 7903
6111 8201 0 0 0 6111 7903
6111 8202 0 0 0 6111 7903
6111 8302 0 0 0 6111 7903
6111 8303 0 0 0 6111 7903
6111 8304 0 0 0 6037 134422
6111 8307 0 0 0 6111 7903
6111 8308 0 0 0 6111 7903
6111 8401 0 0 0 6111 7903
6111 8402 0 0 0 6111 7903
6111 8501 0 0 0 6111 7903
6111 8502 0 0 0 6111 7903
6111 8601 0 0 0 6111 4901
6111 8602 0 0 0 6111 4901
6111 8700 0 0 0 6111 4901
6111 8800 0 0 0 6111 4901
6111 8900 0 0 0 6111 4901
6111 9100 0 0 0 6111 4901
6111 9200 0 0 0 6111 4901
6111 9300 0 0 0 6111 5202
6111 9400 0 0 0 6111 1901
6111 9500 0 0 0 6111 901
6111 9600 0 0 0 6111 1901
6111 9700 0 0 0 6111 901
6111 980000 0 0 0 6037 599000
6111 990100 0 0 0 6111 4901
6113 10102 0 0 0 6113 10505
6113 10103 0 0 0 6067 1400
6113 10104 0 0 0 6067 1400
6113 10105 0 0 0 6067 1400
6113 10201 0 0 0 6067 1400
6113 10203 0 0 0 6067 1400
6113 10204 0 0 0 6067 1400
6113 10310 0 0 0 6067 1400
6113 10312 0 0 0 6067 1400
6113 10313 0 0 0 6067 1400
6113 10314 0 0 0 6067 1400
6113 10315 0 0 0 6067 1400
6113 10401 0 0 0 6067 9641
6113 10402 0 0 0 6067 1400
6113 10501 0 0 0 6113 10505
6113 10505 58 6 1 6113 10505
6113 10508 0 0 0 6113 10505
6113 10509 0 0 0 6113 10505
6113 10510 0 0 0 6113 10505
6113 10511 0 0 0 6113 10505
6113 10512 0 0 0 6113 10505
6113 10513 0 0 0 6113 10505
6113 10602 0 0 0 6113 10505
6113 10605 0 0 0 6113 10505
6113 10607 0 0 0 6113 10505
6113 10608 0 0 0 6113 10505
6113 10609 0 0 0 6113 10505
6113 10610 0 0 0 6113 10505
6113 10611 0 0 0 6113 10505
6113 10701 0 0 0 6113 10505
6113 10703 0 0 0 6113 10505
6113 10704 0 0 0 6113 10505
6113 10800 0 0 0 6113 11002
6113 10901 0 0 0 6113 11002
6113 10902 0 0 0 6113 11002
6113 11001 0 0 0 6113 11002
6113 11002 76 7 1 6113 11002
6113 11101 0 0 0 6113 11002
6113 11102 0 0 0 6113 11002
6113 11103 0 0 0 6113 11002
6113 11203 0 0 0 6113 11002
6113 11204 0 0 0 6113 11002
6113 11207 0 0 0 6113 11002
6113 11208 0 0 0 6113 11002
6113 11209 0 0 0 6113 11002
6113 11210 0 0 0 6113 11002
6113 11211 0 0 0 6113 11002
6113 11301 0 0 0 6095 252904
6113 11302 0 0 0 6095 252904
6113 11303 0 0 0 6095 252904
6113 11304 0 0 0 6095 252904
6113 11400 0 0 0 6113 11002
6113 11500 0 0 0 6113 11002
6115 40100 239 24 1 6115 40100
6115 40201 0 0 0 6115 40100
6115 40202 0 0 0 6115 40100
6115 40301 0 0 0 6115 40100
6115 40302 0 0 0 6115 40100
6115 40304 0 0 0 6115 40100
6115 40305 0 0 0 6115 40100
6115 40400 0 0 0 6115 40100
6115 40500 0 0 0 6115 40100
6115 40600 0 0 0 6115 40100
6115 40701 0 0 0 6115 40100
6115 40702 0 0 0 6115 40100
6115 40800 0 0 0 6115 40100
6115 40901 0 0 0 6115 40100
6115 40902 0 0 0 6115 40100
6115 41001 0 0 0 6115 40100
6115 41002 0 0 0 6057 504
6115 41101 0 0 0 6057 504
6115 41102 0 0 0 6057 504
