# Generated by utilities/UrbanPop-scripts/compute_workgroup_sizes.py
# source: 2019 CBP state file (cbp19st.txt), establishment-employment-size bands
# Per (state, NAICS): for each size band, the number of establishments (n) and the
# employment they hold (e), so a band's own mean establishment size is e/n. Read by
# upop_to_exaepi.py's alloc_workers to size each workplace by drawing from this
# distribution rather than assuming every workplace is the industry average.
# Rows with no usable CBP band data anywhere up the NAICS hierarchy are omitted.
# columns: state_fips  naics_code  n<5 e<5 n5_9 e5_9 n10_19 e10_19 n20_49 e20_49 n50_99 e50_99 n100_249 e100_249 n250_499 e250_499 n500_999 e500_999 n1000 e1000
# generation-stamp: 996f80203acafa0f
11908
1 111 429 789 200 1356 110 1403 43 1274 8 520 5 810 0 0 0 0 0 0
1 112 429 789 200 1356 110 1403 43 1274 8 520 5 810 0 0 0 0 0 0
1 113 283 581 162 1097 91 1138 30 887 6 371 0 0 0 0 0 0 0 0
1 1133 240 506 149 1002 83 1038 29 835 6 371 0 0 0 0 0 0 0 0
1 114 21 27 0 0 0 0 0 0 0 0 0 0 0 0 0 0 0 0
1 115 125 181 37 251 18 253 11 312 0 0 5 810 0 0 0 0 0 0
1 211 10 20 4 26 4 40 0 0 0 0 0 0 0 0 0 0 0 0
1 2121 3 7 0 0 0 0 7 238 0 0 0 0 3 1243 0 0 0 0
1 2122 25 43 21 170 31 436 23 746 7 491 0 0 4 1531 0 0 0 0
1 2123 21 34 19 155 29 409 16 508 5 366 0 0 0 0 0 0 0 0
1 213 39 58 5 27 9 128 6 182 4 255 4 571 0 0 0 0 0 0
1 22 94 218 82 578 59 813 57 1808 39 2788 12 2162 8 3156 0 0 3 3893
1 221 94 218 82 578 59 813 57 1808 39 2788 12 2162 8 3156 0 0 3 3893
1 2211 60 139 45 316 48 661 50 1593 33 2370 8 1333 8 3156 0 0 3 3893
1 2212 3 7 6 48 4 61 6 192 4 292 3 598 0 0 0 0 0 0
1 2213 31 72 31 214 7 91 0 0 0 0 0 0 0 0 0 0 0 0
1 22132 8 19 0 0 0 0 0 0 0 0 0 0 0 0 0 0 0 0
1 23 4411 7674 1438 9552 970 13189 680 20161 176 12037 91 13363 15 5362 7 4358 4 5761
1 3 1301 2547 643 4381 616 8496 628 19947 344 24279 361 56488 151 52028 66 48077 28 47818
1 31 1301 2547 643 4381 616 8496 628 19947 344 24279 361 56488 151 52028 66 48077 28 47818
1 311 99 208 45 308 29 400 33 1053 14 1010 30 4700 13 4322 18 13966 7 9243
1 3113 3 7 4 28 3 47 0 0 0 0 0 0 0 0 0 0 0 0
1 3114 5 11 0 0 0 0 0 0 0 0 0 0 0 0 0 0 0 0
1 3116 22 41 8 51 3 34 8 252 3 226 10 1487 6 2215 17 13178 7 9243
1 3118 42 86 23 154 7 95 5 126 0 0 4 550 0 0 0 0 0 0
1 311811 33 69 21 141 7 95 3 78 0 0 0 0 0 0 0 0 0 0
1 3121 26 51 11 82 13 181 6 151 0 0 0 0 0 0 0 0 0 0
1 3122 26 51 11 82 13 181 6 151 0 0 3 434 0 0 0 0 0 0
1 3131 0 0 0 0 0 0 0 0 0 0 4 714 0 0 0 0 0 0
1 3132 3 7 0 0 0 0 3 97 0 0 0 0 0 0 0 0 0 0
1 314 30 52 12 80 9 137 8 264 5 366 9 1485 0 0 0 0 0 0
1 31411 0 0 0 0 0 0 0 0 0 0 4 538 0 0 0 0 0 0
1 315 8 16 7 47 5 64 9 309 6 393 0 0 0 0 0 0 0 0
1 316 7 18 0 0 0 0 0 0 0 0 0 0 0 0 0 0 0 0
1 3162 7 18 0 0 0 0 0 0 0 0 0 0 0 0 0 0 0 0
1 3211 22 47 8 48 12 156 18 537 17 1193 22 3121 0 0 0 0 0 0
1 3212 5 12 5 35 14 206 7 212 6 423 7 1106 0 0 0 0 0 0
1 3219 55 111 31 217 25 364 35 1088 16 1081 23 4161 0 0 0 0 0 0
1 32199 16 21 9 63 4 54 14 418 3 234 12 2647 0 0 0 0 0 0
1 3221 0 0 0 0 0 0 0 0 0 0 0 0 7 3066 6 4603 0 0
1 3222 3 1 0 0 5 69 10 334 13 923 10 1387 0 0 0 0 0 0
1 32221 0 0 0 0 0 0 8 262 10 694 8 1086 0 0 0 0 0 0
1 3231 196 387 60 395 45 615 27 854 5 322 0 0 0 0 0 0 0 0
1 3241 5 9 0 0 4 60 9 290 4 268 4 662 0 0 0 0 0 0
1 325 43 88 34 231 19 267 43 1350 18 1295 27 4016 10 3441 0 0 0 0
1 3252 0 0 0 0 0 0 6 201 4 295 13 1964 4 1349 0 0 0 0
1 3253 5 12 4 29 0 0 6 226 3 245 0 0 0 0 0 0 0 0
1 3254 0 0 4 23 0 0 3 112 0 0 0 0 0 0 0 0 0 0
1 3255 8 16 4 30 3 42 3 88 0 0 4 618 0 0 0 0 0 0
1 3256 8 20 4 31 4 51 0 0 0 0 0 0 0 0 0 0 0 0
1 3261 26 42 10 75 13 188 17 568 22 1625 29 4624 11 4103 0 0 0 0
1 3262 5 10 11 83 5 67 10 326 6 433 3 408 0 0 0 0 0 0
1 32621 0 0 5 38 3 40 0 0 0 0 0 0 0 0 0 0 0 0
1 327 85 179 61 429 68 886 38 1110 22 1618 14 2244 0 0 0 0 0 0
1 32711 3 4 0 0 0 0 0 0 0 0 0 0 0 0 0 0 0 0
1 327120 3 3 0 0 3 32 4 125 5 408 3 449 0 0 0 0 0 0
1 3272 10 17 0 0 0 0 0 0 0 0 0 0 0 0 0 0 0 0
1 3279 31 76 12 88 8 100 5 139 5 284 4 636 0 0 0 0 0 0
1 331 10 17 8 60 14 205 20 754 20 1457 21 3209 14 4783 5 3380 4 5312
1 3313 3 7 0 0 0 0 5 203 4 283 3 506 0 0 0 0 0 0
1 3314 0 0 0 0 0 0 3 120 0 0 7 984 4 1552 0 0 0 0
1 3315 3 4 0 0 9 126 6 215 7 446 6 876 3 991 0 0 0 0
1 332 273 515 160 1055 158 2138 178 5575 75 5253 41 6738 9 3410 0 0 0 0
1 3321 3 9 5 32 5 68 8 244 5 339 3 552 0 0 0 0 0 0
1 3322 3 3 3 29 4 55 0 0 0 0 0 0 0 0 0 0 0 0
1 3327 134 253 66 434 60 851 46 1305 17 1087 6 913 0 0 0 0 0 0
1 3328 17 29 9 57 15 192 9 337 11 808 0 0 0 0 0 0 0 0
1 33299 20 36 8 50 14 182 14 511 5 313 5 946 0 0 0 0 0 0
1 333 56 101 38 264 47 687 51 1654 23 1594 14 1856 9 3123 0 0 0 0
1 3331 5 9 5 33 5 68 6 186 0 0 0 0 0 0 0 0 0 0
1 33311 5 9 3 21 0 0 3 83 0 0 0 0 0 0 0 0 0 0
1 3333 4 9 0 0 3 47 3 116 0 0 0 0 0 0 0 0 0 0
1 3335 19 32 15 100 9 128 7 215 3 233 4 443 0 0 0 0 0 0
1 3336 0 0 0 0 3 43 3 106 0 0 3 475 0 0 0 0 0 0
1 334 19 45 9 61 18 262 13 395 8 538 6 843 5 1735 3 2014 0 0
1 3345 10 23 0 0 5 68 3 101 0 0 0 0 3 1124 0 0 0 0
1 335 18 41 7 48 10 116 6 185 8 554 5 733 6 1983 0 0 0 0
1 336 48 77 25 167 32 470 39 1292 29 1996 59 9367 37 12213 20 14501 10 23542
1 33641 10 12 4 27 5 66 8 259 5 351 6 1016 4 1448 4 2413 0 0
1 3366 11 21 4 25 5 66 6 196 4 253 5 750 0 0 0 0 0 0
1 3369 0 0 0 0 4 60 0 0 3 168 0 0 0 0 0 0 0 0
1 337 124 230 51 334 35 473 23 736 10 695 9 1511 8 2565 3 2080 0 0
1 3391 55 124 19 139 9 114 7 204 3 235 7 1124 0 0 0 0 0 0
1 3399 76 153 25 177 24 331 15 495 9 667 7 875 0 0 0 0 0 0
1 4 7467 15123 4996 33457 2900 38361 1583 45624 401 27584 302 45021 75 22360 0 0 0 0
1 42 2278 4358 1103 7438 865 11707 577 17355 160 11091 84 12265 27 9762 0 0 0 0
1 4231 145 303 74 502 88 1180 61 1842 20 1452 5 753 0 0 0 0 0 0
1 4232 45 75 29 214 15 202 13 416 0 0 0 0 0 0 0 0 0 0
1 4233 99 219 93 655 74 976 47 1394 12 791 0 0 0 0 0 0 0 0
1 4234 170 305 72 478 51 713 34 1156 10 699 0 0 3 1226 0 0 0 0
1 4235 60 128 38 252 43 585 36 1108 7 558 6 774 0 0 0 0 0 0
1 4236 131 264 95 664 65 857 24 701 13 848 0 0 0 0 0 0 0 0
1 4237 97 211 97 615 60 764 27 783 11 821 0 0 3 974 0 0 0 0
1 4238 341 746 197 1323 195 2707 124 3662 21 1402 8 1068 0 0 0 0 0 0
1 4239 184 376 82 527 74 1064 41 1215 10 704 5 694 0 0 0 0 0 0
1 42393 73 144 37 240 37 545 27 789 5 351 3 448 0 0 0 0 0 0
1 424 541 1049 269 1829 174 2294 143 4347 55 3761 49 7219 17 6181 0 0 0 0
1 4241 52 88 17 111 18 229 8 214 7 507 3 491 0 0 0 0 0 0
1 4243 28 60 14 97 7 87 9 305 4 262 0 0 0 0 0 0 0 0
1 4244 158 246 48 330 29 395 38 1240 18 1259 21 2791 12 4247 0 0 0 0
1 4245 24 44 13 96 7 82 4 105 0 0 0 0 0 0 0 0 0 0
1 4247 54 125 28 189 25 349 10 275 5 394 0 0 0 0 0 0 0 0
1 4248 7 15 0 0 0 0 10 344 8 585 11 1691 0 0 0 0 0 0
1 4249 131 262 81 546 53 699 35 972 9 555 3 495 3 1115 0 0 0 0
1 42491 36 87 50 337 32 434 18 454 4 223 0 0 0 0 0 0 0 0
1 4251 465 682 57 379 26 365 27 731 0 0 6 910 0 0 0 0 0 0
1 4411 412 745 116 784 91 1228 141 4638 88 5953 39 5472 0 0 0 0 0 0
1 4412 88 177 48 317 44 594 40 1211 6 367 0 0 0 0 0 0 0 0
1 4413 380 843 415 3026 362 4604 55 1611 0 0 0 0 0 0 0 0 0 0
1 442 385 837 286 1919 148 1983 61 1609 4 264 0 0 0 0 0 0 0 0
1 443141 77 192 43 322 30 414 18 574 7 537 0 0 0 0 0 0 0 0
1 443142 98 214 69 418 13 148 0 0 15 1028 0 0 0 0 0 0 0 0
1 4441 347 754 241 1556 198 2797 85 2271 8 537 68 11111 0 0 0 0 0 0
1 44413 126 268 67 425 45 642 17 435 0 0 0 0 0 0 0 0 0 0
1 4442 138 285 79 551 103 1282 13 355 0 0 0 0 0 0 0 0 0 0
1 44511 140 253 64 439 101 1512 206 6616 127 8822 98 12663 0 0 0 0 0 0
1 44512 214 310 21 137 6 76 0 0 0 0 0 0 0 0 0 0 0 0
1 4452 122 283 46 304 21 275 10 279 0 0 0 0 0 0 0 0 0 0
1 4453 284 591 80 491 14 187 0 0 0 0 0 0 0 0 0 0 0 0
1 446 537 1143 495 3345 339 4755 339 8453 4 238 0 0 0 0 0 0 0 0
1 44611 167 399 258 1817 273 3883 304 7298 0 0 0 0 0 0 0 0 0 0
1 447 1861 3894 890 5835 374 4797 76 2232 14 922 0 0 0 0 0 0 0 0
1 4481 484 1072 450 3082 342 4488 174 5353 33 2085 5 572 0 0 0 0 0 0
1 44821 56 145 159 1101 115 1412 28 693 0 0 0 0 0 0 0 0 0 0
1 4483 123 273 81 556 33 419 5 130 0 0 0 0 0 0 0 0 0 0
1 4511 200 336 87 570 44 574 72 2347 20 1481 4 613 0 0 0 0 0 0
1 45113 24 49 9 62 4 41 4 119 0 0 0 0 0 0 0 0 0 0
1 45114 27 39 13 87 6 74 7 162 0 0 0 0 0 0 0 0 0 0
1 45121 44 75 29 186 25 319 8 226 0 0 0 0 0 0 0 0 0 0
1 45221 0 0 0 0 0 0 0 0 40 2829 15 2204 0 0 0 0 0 0
1 4523 123 204 839 5421 263 3393 138 3928 8 749 62 10793 71 21187 0 0 0 0
1 4531 141 254 35 229 17 226 3 62 0 0 0 0 0 0 0 0 0 0
1 45321 31 69 17 113 34 496 8 192 0 0 0 0 0 0 0 0 0 0
1 45322 120 235 80 524 28 350 11 310 0 0 0 0 0 0 0 0 0 0
1 4533 176 356 59 430 42 570 29 846 7 376 0 0 0 0 0 0 0 0
1 4539 394 733 125 834 57 694 27 660 0 0 0 0 0 0 0 0 0 0
1 454110 199 319 48 329 22 315 15 395 8 583 0 0 0 0 0 0 0 0
1 4542 46 73 6 42 0 0 6 183 0 0 0 0 0 0 0 0 0 0
1 454310 70 170 60 410 20 254 0 0 0 0 0 0 0 0 0 0 0 0
1 45439 177 288 28 186 12 162 7 199 0 0 0 0 0 0 0 0 0 0
1 481 17 22 0 0 3 38 6 171 3 209 0 0 0 0 0 0 0 0
1 482 1696 2835 419 2792 422 5893 369 11303 149 10465 76 11809 22 7659 16 10740 4 6003
1 483 11 14 0 0 0 0 0 0 0 0 0 0 0 0 0 0 0 0
1 484 1096 1774 242 1607 230 3244 193 5818 73 4920 37 6133 6 2050 6 3494 0 0
1 485 45 93 15 101 19 262 23 760 5 382 4 472 0 0 0 0 0 0
1 4853 15 36 4 25 5 61 0 0 0 0 0 0 0 0 0 0 0 0
1 486 14 26 7 38 15 191 4 114 0 0 0 0 0 0 0 0 0 0
1 487 41 49 0 0 0 0 0 0 0 0 0 0 0 0 0 0 0 0
1 488 330 596 87 589 91 1261 67 2010 19 1418 15 1994 0 0 0 0 0 0
1 492 60 93 23 156 28 393 27 873 26 1881 9 1148 4 1343 0 0 0 0
1 493 82 168 39 265 36 504 47 1509 23 1655 8 1516 10 3493 8 5642 0 0
1 5111 95 194 42 277 26 376 28 879 8 525 4 579 0 0 0 0 0 0
1 51111 34 83 23 153 12 173 21 659 6 416 0 0 0 0 0 0 0 0
1 5112 52 86 8 52 13 178 9 307 10 725 0 0 0 0 0 0 0 0
1 5121 50 95 12 85 10 149 26 864 10 673 0 0 0 0 0 0 0 0
1 5122 10 20 3 17 0 0 0 0 0 0 0 0 0 0 0 0 0 0
1 515 64 140 38 252 20 283 22 694 8 632 5 524 0 0 0 0 0 0
1 517 553 1131 231 1522 149 2146 91 2616 23 1755 10 1676 7 2828 0 0 0 0
1 517311 339 651 79 568 69 1033 63 1860 17 1280 9 1529 4 1593 0 0 0 0
1 5182 65 98 18 120 16 212 17 562 9 665 0 0 5 1739 0 0 0 0
1 5191 50 69 9 67 8 110 4 122 0 0 0 0 0 0 0 0 0 0
1 51912 7 9 5 36 0 0 0 0 0 0 0 0 0 0 0 0 0 0
1 51913 38 53 3 24 6 81 3 96 0 0 0 0 0 0 0 0 0 0
1 52 4529 9395 1785 11220 642 8187 267 7877 96 6173 37 5487 10 3200 7 4182 10 14555
1 522 2123 4933 1183 7608 452 5691 158 4680 58 3734 23 3423 0 0 0 0 7 8008
1 5221 541 1458 909 5919 403 5046 136 3956 49 3097 20 3041 0 0 0 0 7 8008
1 5241 456 924 137 764 41 555 39 1250 15 913 6 906 3 973 3 1965 0 0
1 5242 1337 2472 359 2200 108 1389 47 1312 14 914 6 912 5 1549 0 0 0 0
1 53 3377 5448 723 4608 282 3695 118 3309 35 2274 14 2186 3 1152 0 0 0 0
1 531 3026 4720 445 2853 153 2058 66 1795 25 1654 11 1788 3 1152 0 0 0 0
1 5313 609 1029 141 881 52 701 27 731 18 1113 9 1475 0 0 0 0 0 0
1 532 329 691 277 1747 126 1595 50 1436 9 542 3 398 0 0 0 0 0 0
1 5321 103 203 74 465 50 608 18 512 4 255 0 0 0 0 0 0 0 0
1 5411 1857 3303 345 2238 173 2252 73 2263 16 1039 8 1224 4 1162 0 0 0 0
1 5412 1075 1969 299 1951 150 1992 73 2235 18 1217 11 1467 0 0 0 0 0 0
1 5413 783 1307 243 1623 187 2570 148 4346 48 3433 36 5618 16 5870 5 3419 0 0
1 5414 179 274 24 154 7 75 0 0 0 0 0 0 0 0 0 0 0 0
1 5415 721 1114 144 976 110 1499 93 2827 36 2644 27 3862 12 4324 0 0 4 5219
1 5416 945 1235 123 800 87 1219 59 1713 19 1354 9 1297 3 913 0 0 0 0
1 5417 83 144 35 219 20 281 19 599 12 930 15 2251 5 1589 0 0 0 0
1 5418 185 303 35 206 23 297 18 555 8 548 4 652 0 0 0 0 0 0
1 5419 301 507 220 1540 190 2651 68 1941 7 436 3 368 0 0 0 0 0 0
1 54194 117 248 181 1292 172 2382 59 1674 5 312 0 0 0 0 0 0 0 0
1 55 223 408 106 702 88 1285 94 2961 35 2350 23 3230 12 4025 6 3583 0 0
1 561 2226 3733 642 4258 475 6422 365 11265 225 15668 146 21556 67 22854 32 22286 20 46148
1 5613 200 281 45 296 62 856 85 2817 97 6929 85 12938 45 15124 24 16986 13 35271
1 5614 177 314 61 423 22 296 21 682 11 802 6 900 6 2148 5 3155 0 0
1 5615 43 81 23 153 7 82 9 263 4 221 0 0 0 0 0 0 0 0
1 5616 161 297 52 349 49 656 35 1078 18 1260 17 2166 6 2024 0 0 0 0
1 5617 1404 2370 390 2563 275 3729 160 4705 63 4210 20 3087 6 2125 0 0 0 0
1 56173 792 1355 190 1260 124 1656 55 1620 12 752 0 0 3 1155 0 0 0 0
1 562 148 290 73 498 58 756 55 1776 15 1076 8 1190 0 0 0 0 0 0
1 611 419 730 147 1016 117 1601 125 3925 41 2827 29 4546 6 2154 6 4739 0 0
1 6111 30 51 21 153 39 533 63 2051 33 2224 26 3952 0 0 0 0 0 0
1 621 3046 6007 1980 13123 1369 18155 799 23722 198 13194 75 10789 18 6480 3 2048 0 0
1 6211 1160 2218 726 4885 536 7141 358 10766 76 5291 29 4238 7 2428 0 0 0 0
1 6212 435 1042 635 4225 327 4149 64 1616 6 407 0 0 0 0 0 0 0 0
1 6213 1066 2031 409 2624 220 2879 53 1401 6 340 3 415 0 0 0 0 0 0
1 62131 309 639 91 563 21 262 0 0 0 0 0 0 0 0 0 0 0 0
1 62132 176 363 106 679 52 643 10 262 0 0 0 0 0 0 0 0 0 0
1 6214 171 349 126 815 150 2014 87 2592 30 2000 12 1707 0 0 0 0 0 0
1 6216 49 77 22 153 80 1192 162 5006 43 2717 18 2513 4 1445 0 0 0 0
1 622 0 0 0 0 0 0 0 0 12 864 33 5560 26 8749 15 11567 29 64554
1 6222 0 0 0 0 0 0 0 0 0 0 3 468 3 917 0 0 0 0
1 623 155 293 193 1321 170 2214 180 5530 114 8638 151 22841 19 5917 0 0 0 0
1 6231 10 6 3 20 4 54 10 371 62 5147 126 18588 12 3675 0 0 0 0
1 6241 386 678 151 1002 123 1690 115 3527 56 3888 20 2705 4 1274 0 0 0 0
1 6242 76 156 35 239 30 435 15 486 0 0 0 0 0 0 0 0 0 0
1 6243 22 47 11 71 14 181 11 314 4 292 0 0 0 0 0 0 0 0
1 6244 271 533 214 1486 263 3642 149 4360 10 594 0 0 0 0 0 0 0 0
1 711 172 256 32 209 13 151 15 458 8 602 3 502 0 0 0 0 0 0
1 7111 46 81 11 66 0 0 5 149 0 0 0 0 0 0 0 0 0 0
1 7112 21 23 0 0 0 0 5 145 3 182 0 0 0 0 0 0 0 0
1 7115 62 87 5 36 4 47 0 0 0 0 0 0 0 0 0 0 0 0
1 712 43 80 18 113 8 111 14 482 0 0 0 0 0 0 0 0 0 0
1 713 414 633 159 1036 125 1762 115 3561 54 3879 23 3126 0 0 0 0 0 0
1 71395 0 0 6 46 7 97 11 330 3 186 0 0 0 0 0 0 0 0
1 721 349 624 176 1184 253 3425 214 6118 23 1637 19 2692 4 1200 3 2156 0 0
1 7211 263 472 149 1021 240 3232 211 6036 23 1637 18 2579 4 1200 3 2156 0 0
1 722 1947 3343 1282 8808 1765 25269 2510 78027 676 44386 106 13194 3 899 0 0 0 0
1 7224 126 232 64 415 36 455 21 579 0 0 0 0 0 0 0 0 0 0
1 8111 1214 2368 539 3555 242 3108 40 1231 6 444 0 0 0 0 0 0 0 0
1 811192 113 194 33 224 38 484 8 295 3 216 0 0 0 0 0 0 0 0
1 8112 131 230 34 222 13 185 7 208 3 174 0 0 3 1002 0 0 0 0
1 8113 196 343 75 506 46 625 36 1105 10 658 0 0 0 0 0 0 0 0
1 8114 192 334 29 174 10 125 0 0 0 0 0 0 0 0 0 0 0 0
1 8121 768 1278 257 1697 111 1456 33 917 4 282 0 0 0 0 0 0 0 0
1 812111 31 40 7 52 8 120 3 105 0 0 0 0 0 0 0 0 0 0
1 812112 435 740 188 1237 63 821 22 607 0 0 0 0 0 0 0 0 0 0
1 8122 166 343 110 754 59 812 15 451 0 0 0 0 0 0 0 0 0 0
1 8123 159 343 81 524 59 740 32 947 16 1077 8 964 0 0 0 0 0 0
1 8129 256 425 60 394 36 460 13 365 3 239 0 0 0 0 0 0 0 0
1 813 3534 7210 1253 8060 571 7626 365 11234 93 6053 35 4987 0 0 0 0 0 0
1 8131 2660 5548 1005 6462 462 6185 323 9977 87 5638 32 4549 0 0 0 0 0 0
1 8139 431 814 112 707 57 740 19 530 3 203 0 0 0 0 0 0 0 0
1 81393 113 266 62 391 33 428 5 151 0 0 0 0 0 0 0 0 0 0
1 814 6616 12874 2438 15886 1147 15137 543 16535 136 8983 48 6711 5 1733 3 2347 0 0
2 111 456 231 13 79 4 59 5 147 0 0 0 0 0 0 0 0 0 0
2 112 456 231 13 79 4 59 5 147 0 0 0 0 0 0 0 0 0 0
2 113 19 22 6 39 0 0 4 107 0 0 0 0 0 0 0 0 0 0
2 1133 19 22 5 34 0 0 4 107 0 0 0 0 0 0 0 0 0 0
2 114 424 197 5 26 0 0 0 0 0 0 0 0 0 0 0 0 0 0
2 115 13 12 0 0 0 0 0 0 0 0 0 0 0 0 0 0 0 0
2 211 5 5 4 25 0 0 5 130 3 208 0 0 0 0 0 0 0 0
2 2121 40 40 7 48 7 102 0 0 0 0 0 0 3 1204 0 0 0 0
2 2122 27 23 3 15 5 74 0 0 0 0 0 0 3 1204 0 0 0 0
2 2123 13 17 4 33 0 0 0 0 0 0 0 0 0 0 0 0 0 0
2 213 22 40 13 90 8 106 9 262 3 260 8 1349 4 1309 0 0 0 0
2 22 42 93 17 116 21 286 15 378 8 541 3 400 0 0 0 0 0 0
2 221 42 93 17 116 21 286 15 378 8 541 3 400 0 0 0 0 0 0
2 2211 34 74 13 86 14 182 10 254 7 481 0 0 0 0 0 0 0 0
2 2212 0 0 3 23 0 0 0 0 0 0 0 0 0 0 0 0 0 0
2 2213 8 19 0 0 5 73 4 102 0 0 0 0 0 0 0 0 0 0
2 22132 8 19 0 0 5 73 4 102 0 0 0 0 0 0 0 0 0 0
2 23 1758 2438 412 2684 188 2624 122 3673 36 2580 8 1145 3 972 0 0 0 0
2 3 289 451 113 737 73 960 46 1409 12 887 9 1465 8 2518 4 2758 0 0
2 31 289 451 113 737 73 960 46 1409 12 887 9 1465 8 2518 4 2758 0 0
2 311 65 81 29 187 24 311 19 632 5 426 6 1027 5 1593 4 2758 0 0
2 3113 7 13 0 0 0 0 0 0 0 0 0 0 0 0 0 0 0 0
2 3114 65 81 29 187 24 311 19 632 5 426 6 1027 5 1593 4 2758 0 0
2 3116 4 1 0 0 0 0 0 0 0 0 0 0 0 0 0 0 0 0
2 3118 12 21 3 17 4 51 3 86 0 0 0 0 0 0 0 0 0 0
2 311811 7 14 0 0 3 36 0 0 0 0 0 0 0 0 0 0 0 0
2 3121 27 34 14 93 4 43 3 99 0 0 0 0 0 0 0 0 0 0
2 3122 27 34 14 93 4 43 3 99 0 0 0 0 0 0 0 0 0 0
2 3131 289 451 113 737 73 960 46 1409 12 887 9 1465 8 2518 4 2758 0 0
2 3132 289 451 113 737 73 960 46 1409 12 887 9 1465 8 2518 4 2758 0 0
2 3133 289 451 113 737 73 960 46 1409 12 887 9 1465 8 2518 4 2758 0 0
2 314 6 12 0 0 0 0 0 0 0 0 0 0 0 0 0 0 0 0
2 31411 6 12 0 0 0 0 0 0 0 0 0 0 0 0 0 0 0 0
2 315 8 12 0 0 0 0 0 0 0 0 0 0 0 0 0 0 0 0
2 3211 11 18 0 0 0 0 0 0 0 0 0 0 0 0 0 0 0 0
2 3212 3 7 0 0 0 0 0 0 0 0 0 0 0 0 0 0 0 0
2 3219 9 9 6 34 3 42 0 0 0 0 0 0 0 0 0 0 0 0
2 32199 6 5 0 0 0 0 0 0 0 0 0 0 0 0 0 0 0 0
2 3231 24 37 11 73 8 99 3 79 0 0 0 0 0 0 0 0 0 0
2 3241 12 16 5 29 0 0 0 0 0 0 0 0 0 0 0 0 0 0
2 325 7 16 4 27 0 0 0 0 0 0 0 0 0 0 0 0 0 0
2 3252 7 16 4 27 0 0 0 0 0 0 0 0 0 0 0 0 0 0
2 3253 7 16 4 27 0 0 0 0 0 0 0 0 0 0 0 0 0 0
2 3254 7 16 4 27 0 0 0 0 0 0 0 0 0 0 0 0 0 0
2 3255 7 16 4 27 0 0 0 0 0 0 0 0 0 0 0 0 0 0
2 3256 3 7 0 0 0 0 0 0 0 0 0 0 0 0 0 0 0 0
2 3261 4 5 0 0 0 0 3 72 0 0 0 0 0 0 0 0 0 0
2 3262 3 3 0 0 0 0 0 0 0 0 0 0 0 0 0 0 0 0
2 32621 3 3 0 0 0 0 0 0 0 0 0 0 0 0 0 0 0 0
2 327 19 30 6 42 4 72 0 0 0 0 0 0 0 0 0 0 0 0
2 32711 19 30 6 42 4 72 0 0 0 0 0 0 0 0 0 0 0 0
2 327120 19 30 6 42 4 72 0 0 0 0 0 0 0 0 0 0 0 0
2 3272 3 2 0 0 0 0 0 0 0 0 0 0 0 0 0 0 0 0
2 3279 19 30 6 42 4 72 0 0 0 0 0 0 0 0 0 0 0 0
2 332 34 55 14 92 10 128 6 177 0 0 0 0 0 0 0 0 0 0
2 3321 34 55 14 92 10 128 6 177 0 0 0 0 0 0 0 0 0 0
2 3322 34 55 14 92 10 128 6 177 0 0 0 0 0 0 0 0 0 0
2 3327 12 19 3 19 4 45 0 0 0 0 0 0 0 0 0 0 0 0
2 3328 5 11 0 0 0 0 0 0 0 0 0 0 0 0 0 0 0 0
2 33299 3 1 0 0 0 0 0 0 0 0 0 0 0 0 0 0 0 0
2 334 0 0 3 17 0 0 0 0 0 0 0 0 0 0 0 0 0 0
2 3341 0 0 3 17 0 0 0 0 0 0 0 0 0 0 0 0 0 0
2 3345 0 0 3 17 0 0 0 0 0 0 0 0 0 0 0 0 0 0
2 336 16 25 5 32 5 53 0 0 0 0 0 0 0 0 0 0 0 0
2 3365 16 25 5 32 5 53 0 0 0 0 0 0 0 0 0 0 0 0
2 3366 9 13 0 0 0 0 0 0 0 0 0 0 0 0 0 0 0 0
2 3369 16 25 5 32 5 53 0 0 0 0 0 0 0 0 0 0 0 0
2 337 11 21 0 0 0 0 0 0 0 0 0 0 0 0 0 0 0 0
2 3391 15 35 0 0 0 0 0 0 0 0 0 0 0 0 0 0 0 0
2 3399 9 18 5 32 3 40 0 0 0 0 0 0 0 0 0 0 0 0
2 4 1126 1928 571 3883 429 5681 207 6179 63 4386 44 6411 16 4993 0 0 0 0
2 42 352 680 152 1016 127 1772 80 2416 15 1003 11 1697 0 0 0 0 0 0
2 4231 17 38 10 66 6 96 5 152 0 0 0 0 0 0 0 0 0 0
2 4232 14 30 4 24 3 40 0 0 0 0 0 0 0 0 0 0 0 0
2 4233 11 21 10 65 8 127 4 124 0 0 0 0 0 0 0 0 0 0
2 4234 26 46 16 107 9 115 6 140 0 0 0 0 0 0 0 0 0 0
2 4235 8 15 6 45 0 0 0 0 0 0 0 0 0 0 0 0 0 0
2 4236 25 58 10 70 7 99 7 222 0 0 0 0 0 0 0 0 0 0
2 4237 9 21 11 78 13 170 5 178 0 0 0 0 0 0 0 0 0 0
2 4238 50 107 28 172 24 313 17 502 0 0 0 0 0 0 0 0 0 0
2 4239 31 55 6 40 6 69 0 0 0 0 0 0 0 0 0 0 0 0
2 42393 6 10 0 0 0 0 0 0 0 0 0 0 0 0 0 0 0 0
2 424 128 224 47 320 47 682 31 939 9 608 10 1590 0 0 0 0 0 0
2 4241 7 17 0 0 3 44 0 0 0 0 0 0 0 0 0 0 0 0
2 4244 46 70 18 124 18 251 14 421 6 429 6 888 0 0 0 0 0 0
2 4245 128 224 47 320 47 682 31 939 9 608 10 1590 0 0 0 0 0 0
2 4247 28 48 12 85 13 192 10 261 0 0 0 0 0 0 0 0 0 0
2 4248 4 7 0 0 0 0 3 104 0 0 0 0 0 0 0 0 0 0
2 4249 13 12 4 27 5 76 0 0 0 0 0 0 0 0 0 0 0 0
2 42491 13 12 4 27 5 76 0 0 0 0 0 0 0 0 0 0 0 0
2 4251 33 65 4 29 4 61 0 0 0 0 0 0 0 0 0 0 0 0
2 4411 19 38 9 62 8 102 10 306 16 1119 4 518 0 0 0 0 0 0
2 4412 40 74 21 156 22 293 3 87 0 0 0 0 0 0 0 0 0 0
2 4413 33 75 42 309 39 514 11 284 0 0 0 0 0 0 0 0 0 0
2 442 62 127 19 123 21 287 4 116 0 0 0 0 0 0 0 0 0 0
2 443141 6 13 3 20 0 0 0 0 0 0 0 0 0 0 0 0 0 0
2 443142 23 41 13 92 3 36 0 0 0 0 0 0 0 0 0 0 0 0
2 4441 63 125 44 297 30 409 24 691 0 0 13 2004 0 0 0 0 0 0
2 44413 22 38 13 90 12 169 8 202 0 0 0 0 0 0 0 0 0 0
2 4442 15 30 4 21 5 63 0 0 0 0 0 0 0 0 0 0 0 0
2 44511 42 77 34 248 57 754 43 1396 31 2232 12 1408 0 0 0 0 0 0
2 44512 19 32 8 48 6 81 0 0 0 0 0 0 0 0 0 0 0 0
2 4452 27 28 9 63 9 122 0 0 0 0 0 0 0 0 0 0 0 0
2 4453 35 79 41 279 20 232 0 0 0 0 0 0 0 0 0 0 0 0
2 446 53 116 36 241 16 257 16 481 0 0 0 0 0 0 0 0 0 0
2 44611 9 16 9 60 11 185 11 308 0 0 0 0 0 0 0 0 0 0
2 447 57 103 59 429 57 714 13 394 0 0 0 0 0 0 0 0 0 0
2 4481 67 104 36 248 23 321 20 616 0 0 0 0 0 0 0 0 0 0
2 44821 11 26 17 115 7 91 0 0 0 0 0 0 0 0 0 0 0 0
2 4483 56 50 22 144 3 30 0 0 0 0 0 0 0 0 0 0 0 0
2 4511 65 131 33 224 22 275 18 578 0 0 0 0 0 0 0 0 0 0
2 45113 13 19 4 20 5 69 5 159 0 0 0 0 0 0 0 0 0 0
2 45114 5 18 3 24 0 0 0 0 0 0 0 0 0 0 0 0 0 0
2 45121 15 32 4 18 0 0 0 0 0 0 0 0 0 0 0 0 0 0
2 4523 29 41 8 52 20 289 8 211 0 0 10 1671 16 4993 0 0 0 0
2 4531 17 36 8 47 0 0 0 0 0 0 0 0 0 0 0 0 0 0
2 45321 6 7 0 0 0 0 3 66 0 0 0 0 0 0 0 0 0 0
2 45322 132 181 24 156 14 192 0 0 0 0 0 0 0 0 0 0 0 0
2 4533 25 56 18 128 9 138 5 182 0 0 0 0 0 0 0 0 0 0
2 4539 115 160 37 236 22 285 13 336 0 0 0 0 0 0 0 0 0 0
2 454110 21 34 0 0 0 0 0 0 0 0 0 0 0 0 0 0 0 0
2 454310 36 64 14 80 9 108 5 139 0 0 0 0 0 0 0 0 0 0
2 45439 35 46 5 30 0 0 0 0 0 0 0 0 0 0 0 0 0 0
2 481 104 149 26 179 39 534 26 781 14 1000 6 960 4 1281 0 0 0 0
2 482 697 895 165 1070 139 1911 113 3497 36 2621 18 2690 9 2900 4 2827 0 0
2 483 93 99 12 78 8 114 7 205 0 0 0 0 0 0 0 0 0 0
2 484 134 193 35 207 29 409 30 991 8 638 0 0 0 0 0 0 0 0
2 485 26 31 15 108 13 177 4 128 0 0 0 0 3 885 0 0 0 0
2 4853 10 12 4 27 3 36 0 0 0 0 0 0 0 0 0 0 0 0
2 486 0 0 0 0 0 0 4 138 0 0 0 0 0 0 0 0 0 0
2 487 145 121 17 105 13 176 16 422 0 0 0 0 0 0 0 0 0 0
2 488 156 237 36 239 24 320 15 467 5 347 6 930 0 0 0 0 0 0
2 492 24 46 17 106 9 122 7 234 0 0 0 0 0 0 3 1905 0 0
2 493 14 16 5 35 4 59 4 131 0 0 0 0 0 0 0 0 0 0
2 5111 19 35 7 44 4 52 0 0 0 0 0 0 0 0 0 0 0 0
2 51111 8 15 0 0 3 39 0 0 0 0 0 0 0 0 0 0 0 0
2 5112 4 3 0 0 0 0 0 0 0 0 0 0 0 0 0 0 0 0
2 5121 15 21 5 35 8 106 4 115 0 0 0 0 0 0 0 0 0 0
2 5122 17 23 5 35 8 106 4 115 0 0 0 0 0 0 0 0 0 0
2 515 20 47 17 108 9 114 8 272 0 0 0 0 0 0 0 0 0 0
2 517 115 268 41 264 47 671 26 846 4 276 7 1120 0 0 0 0 0 0
2 517311 73 175 26 165 26 387 24 798 3 228 7 1120 0 0 0 0 0 0
2 5182 11 27 0 0 5 61 0 0 0 0 0 0 0 0 0 0 0 0
2 5191 16 17 0 0 0 0 0 0 0 0 0 0 0 0 0 0 0 0
2 51912 5 6 0 0 0 0 0 0 0 0 0 0 0 0 0 0 0 0
2 51913 6 4 0 0 0 0 0 0 0 0 0 0 0 0 0 0 0 0
2 52 409 799 228 1499 92 1194 36 1036 12 776 10 1498 0 0 0 0 0 0
2 522 104 249 129 866 61 789 17 494 7 477 8 1221 0 0 0 0 0 0
2 5221 45 143 106 715 56 730 14 419 7 477 7 1129 0 0 0 0 0 0
2 5241 45 76 12 83 3 43 8 216 0 0 0 0 0 0 0 0 0 0
2 5242 125 244 62 383 18 224 6 161 0 0 0 0 0 0 0 0 0 0
2 53 744 1049 143 891 56 778 31 956 6 425 0 0 0 0 0 0 0 0
2 531 626 863 93 571 32 441 13 394 3 213 0 0 0 0 0 0 0 0
2 5313 129 187 22 133 13 177 4 117 0 0 0 0 0 0 0 0 0 0
2 532 116 183 49 312 24 337 18 562 3 212 0 0 0 0 0 0 0 0
2 5321 35 56 25 156 14 209 12 375 0 0 0 0 0 0 0 0 0 0
2 5411 247 417 44 285 40 529 7 183 0 0 0 0 0 0 0 0 0 0
2 5412 261 429 63 427 24 309 9 224 0 0 0 0 0 0 0 0 0 0
2 5413 234 367 78 507 44 569 37 1215 15 973 5 807 4 1434 0 0 0 0
2 5414 23 29 5 37 0 0 0 0 0 0 0 0 0 0 0 0 0 0
2 5415 146 233 33 215 16 211 12 352 6 392 3 343 0 0 0 0 0 0
2 5416 241 299 45 298 18 233 13 366 7 488 5 736 0 0 0 0 0 0
2 5417 23 30 4 28 5 68 3 61 0 0 0 0 0 0 0 0 0 0
2 5418 46 66 9 58 3 42 4 119 0 0 0 0 0 0 0 0 0 0
2 5419 102 145 20 141 22 316 18 561 3 216 0 0 0 0 0 0 0 0
2 54194 18 26 8 53 16 228 17 522 3 216 0 0 0 0 0 0 0 0
2 55 48 87 40 280 31 421 27 910 15 982 5 739 3 1070 0 0 0 0
2 561 611 902 157 1019 111 1498 69 2175 27 2033 19 3105 6 2130 5 3738 0 0
2 5613 36 54 7 53 5 60 10 349 7 533 3 398 0 0 0 0 0 0
2 5614 42 82 15 87 8 105 0 0 0 0 0 0 0 0 0 0 0 0
2 5615 86 134 16 94 9 119 6 171 3 211 0 0 0 0 0 0 0 0
2 5616 30 46 6 43 10 132 11 373 0 0 5 985 0 0 0 0 0 0
2 5617 284 351 76 506 54 734 24 690 0 0 4 651 0 0 0 0 0 0
2 56173 123 110 18 132 15 204 5 129 0 0 0 0 0 0 0 0 0 0
2 562 99 125 26 185 23 272 11 292 3 235 3 393 0 0 0 0 0 0
2 611 139 221 72 513 40 516 19 532 9 629 4 617 0 0 0 0 0 0
2 6111 8 20 19 145 16 208 5 158 0 0 0 0 0 0 0 0 0 0
2 621 841 1472 453 3085 271 3538 117 3493 37 2491 15 2179 3 1080 0 0 0 0
2 6211 288 472 109 724 65 850 43 1309 13 899 5 688 0 0 0 0 0 0
2 6212 109 203 149 1048 74 916 12 313 0 0 0 0 0 0 0 0 0 0
2 6213 311 571 135 938 70 903 20 560 0 0 0 0 0 0 0 0 0 0
2 62131 85 178 52 356 21 279 6 154 0 0 0 0 0 0 0 0 0 0
2 62132 21 41 23 173 10 116 0 0 0 0 0 0 0 0 0 0 0 0
2 6214 72 121 35 219 45 656 29 917 16 1052 6 731 0 0 0 0 0 0
2 6216 14 18 7 40 6 73 4 128 3 192 3 614 0 0 0 0 0 0
2 622 0 0 0 0 0 0 0 0 4 253 3 442 11 3916 6 3772 4 7709
2 6222 0 0 0 0 0 0 0 0 4 253 3 442 11 3916 6 3772 4 7709
2 623 197 465 121 765 42 591 24 772 9 583 11 1530 0 0 0 0 0 0
2 6231 4 12 0 0 0 0 0 0 0 0 5 723 0 0 0 0 0 0
2 6241 122 183 41 266 40 544 32 1099 18 1206 19 2750 0 0 0 0 0 0
2 6242 30 67 19 120 19 281 12 380 0 0 0 0 0 0 0 0 0 0
2 6243 12 20 0 0 5 71 0 0 0 0 0 0 0 0 0 0 0 0
2 6244 65 113 38 270 38 524 26 719 4 229 0 0 0 0 0 0 0 0
2 711 75 115 6 38 5 60 3 77 0 0 0 0 0 0 0 0 0 0
2 7111 25 55 0 0 0 0 0 0 0 0 0 0 0 0 0 0 0 0
2 7112 10 18 4 26 0 0 0 0 0 0 0 0 0 0 0 0 0 0
2 7115 30 29 0 0 0 0 0 0 0 0 0 0 0 0 0 0 0 0
2 712 30 49 7 50 5 70 3 88 0 0 0 0 0 0 0 0 0 0
2 713 315 332 52 360 36 497 37 1057 5 361 9 1309 0 0 0 0 0 0
2 71395 0 0 0 0 0 0 3 87 0 0 0 0 0 0 0 0 0 0
2 721 364 395 63 423 56 773 52 1625 16 1126 6 759 0 0 0 0 0 0
2 7211 210 262 51 344 48 667 52 1625 16 1126 5 631 0 0 0 0 0 0
2 722 626 905 414 2882 303 4091 242 6988 52 3587 10 1366 0 0 0 0 0 0
2 7224 49 111 56 382 29 367 11 295 0 0 0 0 0 0 0 0 0 0
2 8111 192 434 90 598 40 539 11 268 0 0 0 0 0 0 0 0 0 0
2 811192 22 41 4 29 0 0 3 66 0 0 0 0 0 0 0 0 0 0
2 8112 19 26 0 0 0 0 0 0 0 0 0 0 0 0 0 0 0 0
2 8113 60 124 18 131 6 68 0 0 0 0 0 0 0 0 0 0 0 0
2 8114 63 105 8 57 3 32 0 0 0 0 0 0 0 0 0 0 0 0
2 8121 149 216 50 341 38 511 6 177 0 0 0 0 0 0 0 0 0 0
2 812111 5 11 3 27 0 0 0 0 0 0 0 0 0 0 0 0 0 0
2 812112 79 102 21 143 25 337 5 155 0 0 0 0 0 0 0 0 0 0
2 8122 13 30 6 32 0 0 0 0 0 0 0 0 0 0 0 0 0 0
2 8123 24 60 9 53 6 74 0 0 0 0 0 0 0 0 0 0 0 0
2 8129 60 96 19 116 12 162 4 107 0 0 0 0 0 0 0 0 0 0
2 813 605 1124 214 1374 79 1011 42 1202 4 263 0 0 0 0 0 0 0 0
2 8131 268 507 85 558 38 496 22 643 3 202 0 0 0 0 0 0 0 0
2 8139 133 235 30 193 17 231 5 132 0 0 0 0 0 0 0 0 0 0
2 81393 34 72 9 64 7 86 4 101 0 0 0 0 0 0 0 0 0 0
2 814 1185 2215 416 2714 187 2435 69 1947 6 466 0 0 0 0 0 0 0 0
4 111 146 191 26 154 16 212 18 588 9 669 4 477 0 0 0 0 0 0
4 112 146 191 26 154 16 212 18 588 9 669 4 477 0 0 0 0 0 0
4 113 11 14 0 0 0 0 0 0 0 0 0 0 0 0 0 0 0 0
4 1133 9 13 0 0 0 0 0 0 0 0 0 0 0 0 0 0 0 0
4 114 5 3 0 0 0 0 0 0 0 0 0 0 0 0 0 0 0 0
4 115 130 174 26 154 13 171 17 541 8 588 4 477 0 0 0 0 0 0
4 211 5 2 0 0 0 0 0 0 0 0 0 0 0 0 0 0 0 0
4 2121 51 106 27 197 23 353 21 587 4 333 0 0 0 0 5 3247 0 0
4 2122 5 11 3 20 0 0 0 0 0 0 0 0 0 0 5 3247 0 0
4 2123 46 95 24 177 20 299 19 518 0 0 0 0 0 0 0 0 0 0
4 213 31 49 11 72 0 0 4 131 6 378 3 432 0 0 0 0 0 0
4 22 146 275 46 299 39 525 42 1364 19 1389 9 1318 3 1032 0 0 4 6310
4 221 146 275 46 299 39 525 42 1364 19 1389 9 1318 3 1032 0 0 4 6310
4 2211 49 85 9 52 18 260 21 729 12 891 6 846 0 0 0 0 4 6310
4 2212 7 16 4 27 6 87 6 188 3 244 0 0 0 0 0 0 0 0
4 2213 90 174 33 220 15 178 15 447 4 254 0 0 0 0 0 0 0 0
4 22132 12 26 0 0 3 33 0 0 0 0 0 0 0 0 0 0 0 0
4 23 7658 12181 2215 14604 1509 20146 1028 31767 397 26842 205 30581 54 18127 17 10682 6 8687
4 3 1690 3016 752 5048 659 9027 617 18955 290 20036 210 31241 59 20023 21 13429 14 34171
4 31 1690 3016 752 5048 659 9027 617 18955 290 20036 210 31241 59 20023 21 13429 14 34171
4 311 89 120 44 289 56 773 31 957 20 1417 17 2480 8 2754 4 2959 0 0
4 3113 4 2 4 26 6 77 0 0 0 0 0 0 0 0 0 0 0 0
4 3114 3 4 0 0 0 0 5 153 0 0 0 0 0 0 0 0 0 0
4 3115 4 5 0 0 0 0 3 90 3 236 3 350 0 0 0 0 0 0
4 3116 7 9 5 31 6 83 0 0 0 0 0 0 0 0 0 0 0 0
4 3118 48 74 17 107 30 421 14 407 12 875 8 1158 3 966 0 0 0 0
4 311811 30 47 13 81 19 267 10 250 0 0 0 0 0 0 0 0 0 0
4 3121 38 85 19 120 23 296 12 344 6 402 5 900 0 0 0 0 0 0
4 3122 38 85 20 127 23 296 12 344 7 464 5 900 0 0 0 0 0 0
4 3131 7 14 3 17 5 73 0 0 0 0 0 0 0 0 0 0 0 0
4 3133 4 11 0 0 4 55 0 0 0 0 0 0 0 0 0 0 0 0
4 314 37 64 16 105 13 176 10 315 3 196 0 0 0 0 0 0 0 0
4 31411 11 24 4 24 4 56 3 105 0 0 0 0 0 0 0 0 0 0
4 315 23 40 9 56 4 59 0 0 0 0 0 0 0 0 0 0 0 0
4 316 8 12 3 25 0 0 0 0 0 0 0 0 0 0 0 0 0 0
4 3162 3 4 0 0 0 0 0 0 0 0 0 0 0 0 0 0 0 0
4 3211 4 5 0 0 4 54 3 84 0 0 0 0 0 0 0 0 0 0
4 3212 0 0 3 19 3 52 5 134 6 423 6 733 0 0 0 0 0 0
4 3219 51 105 34 243 22 282 25 791 6 394 6 911 3 1157 0 0 0 0
4 32199 20 40 11 85 7 90 7 191 0 0 4 657 3 1157 0 0 0 0
4 3222 4 6 3 20 5 91 4 128 5 316 11 1478 0 0 0 0 0 0
4 32221 0 0 0 0 0 0 0 0 0 0 7 874 0 0 0 0 0 0
4 3231 209 386 84 566 53 721 46 1367 12 890 7 1193 0 0 0 0 0 0
4 3241 8 22 8 51 14 191 9 299 0 0 0 0 0 0 0 0 0 0
4 32411 8 22 8 51 14 191 9 299 0 0 0 0 0 0 0 0 0 0
4 325 61 102 35 240 32 424 31 997 14 988 8 890 7 2246 0 0 0 0
4 3252 3 5 0 0 3 35 5 190 0 0 0 0 0 0 0 0 0 0
4 3253 0 0 3 23 0 0 0 0 0 0 0 0 0 0 0 0 0 0
4 3254 12 13 12 91 8 113 6 212 7 476 0 0 4 1420 0 0 0 0
4 3255 8 18 4 26 3 39 3 75 0 0 0 0 0 0 0 0 0 0
4 3256 15 23 8 50 5 60 7 213 0 0 0 0 0 0 0 0 0 0
4 3261 32 52 25 174 23 324 31 955 24 1558 13 1934 5 1558 0 0 0 0
4 3262 8 20 7 44 7 101 0 0 0 0 0 0 0 0 0 0 0 0
4 32621 3 8 3 16 3 45 0 0 0 0 0 0 0 0 0 0 0 0
4 327 85 154 57 360 38 513 62 2016 13 953 13 1890 0 0 0 0 0 0
4 32711 9 12 0 0 0 0 0 0 0 0 0 0 0 0 0 0 0 0
4 3272 7 8 6 35 0 0 0 0 0 0 5 716 0 0 0 0 0 0
4 3279 23 52 14 98 7 88 8 263 0 0 0 0 0 0 0 0 0 0
4 331 14 20 3 25 9 128 16 533 13 882 5 856 0 0 0 0 0 0
4 3313 0 0 0 0 0 0 0 0 0 0 3 438 0 0 0 0 0 0
4 3314 4 6 0 0 0 0 6 196 3 177 0 0 0 0 0 0 0 0
4 3315 3 9 0 0 4 50 4 132 4 268 0 0 0 0 0 0 0 0
4 332 369 676 161 1096 148 2064 140 4256 65 4565 35 5234 5 1650 0 0 0 0
4 3321 5 13 0 0 0 0 3 96 5 387 0 0 0 0 0 0 0 0
4 3322 5 3 4 29 0 0 0 0 0 0 0 0 0 0 0 0 0 0
4 3327 167 303 62 417 63 860 39 1118 20 1426 12 1664 0 0 0 0 0 0
4 3328 31 60 18 125 12 167 18 521 12 796 0 0 0 0 0 0 0 0
4 33299 45 70 12 76 15 205 20 643 3 214 5 881 0 0 0 0 0 0
4 333 112 181 46 308 42 559 38 1145 23 1550 18 2522 0 0 0 0 0 0
4 3331 6 9 3 22 6 78 4 108 0 0 5 678 0 0 0 0 0 0
4 33311 0 0 0 0 0 0 0 0 0 0 3 446 0 0 0 0 0 0
4 3333 21 36 6 43 9 118 6 195 4 280 0 0 0 0 0 0 0 0
4 3335 30 53 17 113 11 154 10 267 6 438 0 0 0 0 0 0 0 0
4 3336 3 4 0 0 0 0 0 0 0 0 0 0 0 0 0 0 0 0
4 334 91 179 33 224 30 404 33 1061 20 1300 21 3470 8 2939 3 1720 3 7434
4 3341 10 14 3 23 0 0 0 0 0 0 0 0 0 0 0 0 0 0
4 3345 37 66 14 98 15 187 10 298 8 525 11 1864 0 0 0 0 0 0
4 335 30 54 13 83 11 137 9 331 10 651 3 398 0 0 0 0 0 0
4 3352 3 4 0 0 0 0 0 0 0 0 0 0 0 0 0 0 0 0
4 336 69 132 26 165 34 460 29 911 18 1279 15 2271 5 1783 4 2356 5 16258
4 33641 16 27 6 36 12 171 11 360 6 506 9 1501 0 0 3 1656 5 16258
4 3365 69 132 26 165 34 460 29 911 18 1279 15 2271 5 1783 4 2356 5 16258
4 3366 0 0 0 0 0 0 3 89 0 0 0 0 0 0 0 0 0 0
4 3369 14 29 0 0 0 0 0 0 0 0 0 0 0 0 0 0 0 0
4 337 102 190 41 285 36 504 36 988 10 699 11 1731 4 1269 0 0 0 0
4 3391 93 182 28 190 23 323 17 512 6 446 7 962 0 0 0 0 0 0
4 3399 143 211 49 330 22 293 24 659 10 703 4 631 0 0 0 0 0 0
4 4 6792 12651 3941 26666 3314 44875 2177 64134 685 48684 546 80807 120 37414 5 2899 5 9591
4 42 3456 5918 1139 7618 868 11765 655 19944 219 15114 116 16821 27 9050 13 8158 4 5560
4 4231 211 358 78 526 87 1200 51 1611 10 817 9 1279 3 960 0 0 0 0
4 4232 121 204 38 251 31 413 28 913 8 546 3 373 0 0 0 0 0 0
4 4233 119 205 68 468 63 822 58 1766 17 1113 0 0 0 0 0 0 0 0
4 4234 420 699 100 692 67 933 57 1704 25 1671 16 2366 3 1232 0 0 0 0
4 4235 66 116 33 237 26 362 15 442 5 359 0 0 0 0 0 0 0 0
4 4236 246 458 88 582 77 1081 52 1585 25 1713 14 1790 0 0 0 0 0 0
4 4237 156 330 100 656 64 848 48 1390 12 883 6 901 0 0 0 0 0 0
4 4238 395 770 165 1108 125 1634 94 2817 30 2049 8 1434 0 0 0 0 0 0
4 4239 277 438 82 523 47 648 40 1224 8 563 6 717 0 0 0 0 0 0
4 42393 44 80 19 116 15 210 20 630 3 190 3 372 0 0 0 0 0 0
4 424 935 1636 322 2138 240 3268 186 5679 67 4536 47 6919 11 3698 7 3966 0 0
4 4241 78 158 19 125 12 174 18 544 8 601 0 0 0 0 0 0 0 0
4 4243 61 96 17 109 11 153 5 163 3 190 0 0 0 0 0 0 0 0
4 4244 303 511 93 633 78 1089 74 2315 21 1503 23 3478 4 1368 0 0 0 0
4 4245 24 42 6 38 4 49 0 0 0 0 0 0 0 0 0 0 0 0
4 4247 36 68 12 89 18 249 9 306 3 208 0 0 0 0 0 0 0 0
4 4248 19 29 9 59 5 70 12 384 5 288 4 734 3 1080 3 1598 0 0
4 4249 212 329 75 487 51 673 34 1032 8 506 6 737 0 0 0 0 0 0
4 42491 40 66 22 154 19 249 14 437 4 267 0 0 0 0 0 0 0 0
4 4251 510 704 65 437 41 556 26 813 12 864 4 624 4 1309 0 0 0 0
4 4411 280 452 76 483 58 746 96 3185 97 6998 85 13418 9 2895 0 0 0 0
4 4412 111 217 63 441 50 695 41 1223 11 826 6 913 0 0 0 0 0 0
4 4413 293 547 325 2330 355 4771 133 3854 8 536 0 0 0 0 0 0 0 0
4 442 472 923 201 1355 153 2132 81 2345 28 1837 5 775 5 1998 0 0 0 0
4 443141 61 123 26 176 22 312 26 716 3 190 0 0 0 0 0 0 0 0
4 443142 127 261 103 678 35 409 11 327 26 1719 9 1092 0 0 0 0 0 0
4 4441 299 622 213 1415 174 2384 108 3106 12 753 89 14992 4 1106 0 0 0 0
4 44413 55 116 32 207 64 967 60 1688 4 270 0 0 0 0 0 0 0 0
4 4442 66 138 49 341 63 760 19 560 7 522 0 0 0 0 0 0 0 0
4 44511 138 291 58 407 52 794 74 2674 254 19298 190 23993 6 1518 0 0 0 0
4 44512 230 423 72 475 55 685 4 137 0 0 0 0 0 0 0 0 0 0
4 4452 163 308 94 639 72 956 17 484 0 0 0 0 0 0 0 0 0 0
4 4453 115 255 59 380 19 246 11 327 0 0 0 0 0 0 0 0 0 0
4 446 602 1206 402 2530 183 2669 412 10978 23 1410 6 874 0 0 0 0 0 0
4 44611 89 159 52 337 77 1261 358 9117 7 443 5 740 0 0 0 0 0 0
4 447 237 557 422 3039 733 9996 203 5401 13 890 4 501 0 0 0 0 0 0
4 4481 383 821 425 2958 393 5230 304 9737 74 4574 6 756 0 0 0 0 0 0
4 44821 82 211 189 1233 94 1204 25 671 3 203 0 0 0 0 0 0 0 0
4 4483 171 297 129 878 56 733 10 281 0 0 0 0 0 0 0 0 0 0
4 4511 283 526 150 982 133 1872 94 2929 22 1405 0 0 0 0 0 0 0 0
4 45113 24 27 11 65 11 141 13 414 3 185 0 0 0 0 0 0 0 0
4 45114 34 74 12 76 6 84 7 176 0 0 0 0 0 0 0 0 0 0
4 45121 62 116 30 194 15 180 19 584 3 197 0 0 0 0 0 0 0 0
4 45221 0 0 0 0 0 0 0 0 47 3546 29 4087 0 0 0 0 0 0
4 4523 97 185 212 1481 126 1741 164 4916 10 879 98 16541 87 26587 0 0 0 0
4 4531 71 133 35 225 17 211 3 104 0 0 0 0 0 0 0 0 0 0
4 45321 32 62 6 40 50 703 9 216 0 0 0 0 0 0 0 0 0 0
4 45322 180 400 105 690 59 770 24 679 0 0 0 0 0 0 0 0 0 0
4 4533 156 310 77 501 85 1197 129 3911 4 251 0 0 0 0 0 0 0 0
4 4539 692 1313 219 1455 113 1507 82 2301 13 771 0 0 0 0 0 0 0 0
4 454110 814 1227 119 787 88 1161 41 1268 16 1181 9 1467 6 2140 3 1702 4 7217
4 4542 52 81 9 60 8 99 9 297 0 0 0 0 0 0 0 0 0 0
4 454310 45 101 21 140 22 316 0 0 0 0 0 0 0 0 0 0 0 0
4 45439 478 545 52 353 31 396 24 791 3 172 0 0 0 0 0 0 0 0
4 481 42 69 6 45 10 154 14 400 3 210 3 446 6 1856 0 0 3 11937
4 482 1965 2887 501 3367 452 6142 383 11503 145 9886 107 16568 40 13470 22 15878 8 23202
4 483 3 7 0 0 0 0 0 0 0 0 0 0 0 0 0 0 0 0
4 484 1110 1530 218 1485 182 2396 142 4107 48 3388 35 5251 10 3234 3 2051 0 0
4 485 118 151 31 210 47 652 48 1614 18 1277 17 2753 0 0 4 3210 0 0
4 4853 47 53 11 74 11 150 6 192 4 252 0 0 0 0 0 0 0 0
4 486 12 19 8 56 9 119 4 108 0 0 0 0 0 0 0 0 0 0
4 487 14 24 6 44 11 150 8 280 0 0 4 568 0 0 0 0 0 0
4 488 438 701 128 863 89 1224 81 2453 31 2039 17 2709 8 2723 0 0 0 0
4 492 135 194 47 302 55 773 28 804 15 974 16 2486 3 1016 7 5064 0 0
4 493 93 192 57 362 48 659 58 1737 28 1852 15 2355 12 4269 6 4122 0 0
4 5111 148 244 38 252 21 319 26 899 8 553 3 411 0 0 0 0 0 0
4 51111 39 74 15 102 9 145 17 548 7 456 3 411 0 0 0 0 0 0
4 5112 125 166 41 258 29 386 41 1210 12 857 13 2010 3 1257 0 0 0 0
4 5121 177 229 29 210 15 202 26 847 19 1339 24 2995 0 0 0 0 0 0
4 5122 40 54 4 25 0 0 0 0 0 0 0 0 0 0 0 0 0 0
4 515 61 120 23 161 15 221 13 471 9 664 9 1333 0 0 0 0 0 0
4 517 538 1065 269 1736 179 2320 84 2622 23 1587 21 3080 9 3142 7 5202 0 0
4 517311 275 485 46 302 52 720 46 1558 18 1204 12 1803 5 1442 4 3198 0 0
4 5182 177 305 42 286 37 506 40 1316 19 1242 20 3139 4 1365 3 2207 0 0
4 5191 137 206 18 135 8 124 10 315 4 258 0 0 0 0 0 0 0 0
4 51912 4 11 0 0 0 0 0 0 0 0 0 0 0 0 0 0 0 0
4 51913 122 179 16 118 4 70 7 212 3 210 0 0 0 0 0 0 0 0
4 52 6225 10275 1722 11316 947 12453 389 11415 149 10332 105 16895 68 23298 42 28343 30 52545
4 522 1460 2761 981 6532 646 8422 190 5260 58 4008 31 4852 28 9662 27 18344 17 25540
4 5221 331 808 652 4438 499 6503 106 2750 28 1995 11 1706 13 4439 12 8352 8 11085
4 5241 536 812 138 888 87 1135 75 2312 45 3202 37 6004 28 9496 8 5004 8 14920
4 5242 2476 4179 419 2693 127 1716 80 2455 30 2068 26 4292 12 4140 0 0 0 0
4 53 8570 10469 1198 7745 566 7604 243 7082 80 5498 41 6572 12 4037 4 2448 0 0
4 531 8107 9703 932 6052 376 5006 156 4626 55 3841 33 5122 9 3193 4 2448 0 0
4 5313 1553 2172 352 2281 158 2033 67 1990 22 1557 19 3180 5 1682 3 1875 0 0
4 532 430 716 253 1609 184 2499 84 2357 24 1573 7 1222 0 0 0 0 0 0
4 5321 134 217 71 454 85 1118 25 704 8 534 3 473 0 0 0 0 0 0
4 5411 2515 4008 474 3052 230 2984 115 3477 30 2152 10 1575 0 0 0 0 0 0
4 5412 2320 3569 446 3043 184 2459 93 2752 35 2277 24 3684 6 1723 0 0 0 0
4 5413 1569 2189 341 2266 244 3323 169 5237 52 3851 34 4673 5 1796 0 0 0 0
4 5414 549 692 46 306 26 335 14 381 3 178 0 0 0 0 0 0 0 0
4 5415 1790 2416 222 1519 153 2135 113 3440 56 3701 29 4372 8 2456 8 5320 5 8183
4 5416 3636 3870 263 1726 176 2386 131 4006 46 3111 17 2524 5 1674 0 0 0 0
4 5417 175 258 55 353 25 342 26 773 21 1421 4 490 5 1444 0 0 0 0
4 5418 551 814 95 637 63 847 33 977 27 1567 0 0 0 0 0 0 0 0
4 5419 887 1093 230 1541 246 3386 129 3830 11 659 9 1240 4 1530 0 0 0 0
4 54194 197 330 160 1108 208 2888 110 3259 8 470 4 481 0 0 0 0 0 0
4 55 361 633 122 813 136 1908 172 5316 49 3607 67 10332 28 9315 13 8580 5 17658
4 561 4911 7644 1179 7794 787 10456 676 21072 314 22236 256 38747 116 40606 58 41200 33 104434
4 5613 436 564 80 519 91 1246 147 4902 124 9104 109 16426 47 16344 26 17758 23 87230
4 5614 457 753 148 957 66 827 54 1802 29 1964 34 5314 23 8249 14 10364 3 5174
4 5615 194 273 48 311 25 318 19 615 7 500 6 658 0 0 3 1836 3 6780
4 5616 244 397 75 524 69 940 47 1459 32 2278 25 3631 12 3882 6 4693 0 0
4 5617 2668 4427 661 4343 400 5332 300 8859 88 5992 59 9052 21 7418 4 2613 0 0
4 56173 1022 1794 271 1778 156 2084 129 3816 43 2964 30 4590 7 2424 0 0 0 0
4 562 202 390 81 543 77 1087 61 1964 19 1421 10 1445 0 0 0 0 0 0
4 611 1027 1399 343 2366 328 4434 317 9662 150 10378 74 11230 18 6030 5 3263 6 16652
4 6111 78 154 58 436 119 1674 168 5347 105 7266 48 7246 8 2783 0 0 0 0
4 621 8197 12730 2898 19463 2011 26889 1141 33557 280 19035 163 24695 35 11905 8 5580 3 4086
4 6211 3190 4580 907 6027 675 9232 417 12184 94 6452 31 4509 9 3212 3 2042 0 0
4 6212 1170 2098 964 6535 562 7186 114 3067 3 218 0 0 0 0 0 0 0 0
4 6213 2821 4358 630 4167 320 4131 121 3390 18 1209 15 2363 0 0 0 0 0 0
4 62131 639 1176 179 1154 56 691 6 233 0 0 0 0 0 0 0 0 0 0
4 62132 312 480 103 697 57 765 13 333 0 0 0 0 0 0 0 0 0 0
4 6214 305 558 217 1520 256 3536 251 7538 74 4983 47 6841 11 3491 0 0 0 0
4 6216 177 258 71 487 72 1092 152 4855 59 3898 42 6261 6 1879 0 0 0 0
4 622 4 4 3 17 0 0 0 0 7 485 25 4229 20 7354 14 9678 35 77587
4 6222 0 0 0 0 0 0 0 0 0 0 6 1120 5 1747 0 0 0 0
4 623 686 1118 613 4167 404 5074 212 6944 148 10543 147 22379 15 4952 5 3676 0 0
4 6231 56 76 14 95 15 209 24 856 39 3100 83 12805 3 912 0 0 0 0
4 6241 546 829 184 1227 178 2398 176 5376 115 8057 70 10995 18 6197 10 7020 0 0
4 6242 80 162 48 314 48 671 28 835 9 694 9 1390 3 1178 0 0 0 0
4 6243 49 91 15 101 8 113 27 912 11 724 7 1135 0 0 0 0 0 0
4 6244 193 297 155 1076 287 4033 231 6599 23 1326 0 0 0 0 0 0 0 0
4 711 541 636 56 381 29 421 36 1083 14 1035 14 2266 5 1811 0 0 0 0
4 7111 65 84 16 110 11 167 8 290 5 396 6 923 0 0 0 0 0 0
4 7112 64 77 0 0 4 51 6 179 0 0 6 991 4 1469 0 0 0 0
4 7115 281 272 15 101 4 61 3 69 0 0 0 0 0 0 0 0 0 0
4 712 49 98 15 93 19 235 13 401 5 353 7 995 0 0 0 0 0 0
4 713 624 976 184 1215 202 2872 302 9395 112 7826 67 9520 11 3503 7 4210 0 0
4 71395 5 10 4 33 17 280 19 527 3 168 0 0 0 0 0 0 0 0
4 721 388 606 196 1306 275 3756 358 10561 74 5227 46 7324 21 7574 21 14690 4 5493
4 7211 278 392 140 939 247 3371 341 10057 68 4808 43 6888 21 7574 21 14690 4 5493
4 722 2602 4284 1993 13837 2909 41159 3451 103883 969 63375 190 26101 7 2049 6 3570 0 0
4 7224 198 356 189 1271 111 1474 101 3055 10 701 4 665 0 0 0 0 0 0
4 8111 1700 3195 820 5346 366 4795 120 3558 29 1941 7 1051 0 0 0 0 0 0
4 811192 172 307 66 437 44 591 32 1136 7 468 3 488 0 0 0 0 0 0
4 8112 182 278 38 248 21 298 5 155 6 408 0 0 0 0 0 0 0 0
4 8113 177 303 60 399 38 512 26 748 8 625 3 421 0 0 0 0 0 0
4 8114 331 526 63 405 20 269 6 175 0 0 0 0 0 0 0 0 0 0
4 8121 1453 2137 526 3633 291 3816 131 3693 13 860 0 0 0 0 0 0 0 0
4 812111 77 73 15 95 13 171 8 253 0 0 0 0 0 0 0 0 0 0
4 812112 788 1096 341 2411 194 2438 49 1376 7 502 0 0 0 0 0 0 0 0
4 8122 74 180 56 402 42 557 10 264 0 0 0 0 0 0 0 0 0 0
4 8123 214 454 103 683 59 805 21 568 10 744 12 1615 0 0 0 0 0 0
4 8129 621 806 142 896 111 1468 60 1663 4 343 3 543 0 0 0 0 0 0
4 813 2265 4371 793 5262 427 5805 266 8205 89 6162 39 6011 6 1855 0 0 0 0
4 8131 1227 2487 476 3135 240 3252 170 5204 59 4079 17 2650 5 1576 0 0 0 0
4 8139 432 802 118 775 56 787 46 1489 17 1172 10 1641 0 0 0 0 0 0
4 81393 44 93 26 178 16 222 9 261 0 0 0 0 0 0 0 0 0 0
4 814 7017 12250 2601 17274 1375 18325 645 19029 160 11168 67 10091 12 3662 3 2269 0 0
5 111 357 615 171 1127 72 933 29 835 5 313 3 402 0 0 0 0 0 0
5 112 357 615 171 1127 72 933 29 835 5 313 3 402 0 0 0 0 0 0
5 113 192 346 99 659 47 612 15 397 0 0 0 0 0 0 0 0 0 0
5 1133 181 322 92 609 47 612 15 397 0 0 0 0 0 0 0 0 0 0
5 114 7 11 0 0 0 0 0 0 0 0 0 0 0 0 0 0 0 0
5 115 158 258 70 453 25 321 14 438 4 265 0 0 0 0 0 0 0 0
5 211 63 102 11 74 5 78 5 150 0 0 0 0 0 0 0 0 0 0
5 2121 14 27 17 115 22 304 18 548 0 0 3 440 0 0 0 0 0 0
5 2122 14 27 17 115 22 304 18 548 0 0 3 440 0 0 0 0 0 0
5 2123 14 27 17 115 22 304 18 548 0 0 3 440 0 0 0 0 0 0
5 213 78 120 27 190 15 228 11 413 0 0 0 0 0 0 0 0 0 0
5 22 143 318 55 402 51 748 49 1537 21 1449 9 1305 0 0 0 0 0 0
5 221 143 318 55 402 51 748 49 1537 21 1449 9 1305 0 0 0 0 0 0
5 2211 52 114 24 177 37 527 39 1202 17 1173 8 1171 0 0 0 0 0 0
5 2212 11 19 15 117 8 133 6 183 4 276 0 0 0 0 0 0 0 0
5 2213 80 185 16 108 6 88 4 152 0 0 0 0 0 0 0 0 0 0
5 22132 5 9 0 0 0 0 0 0 0 0 0 0 0 0 0 0 0 0
5 23 3433 5559 965 6271 622 8367 364 10759 105 7039 37 5758 11 3512 4 2510 0 0
5 3 840 1679 431 2889 360 5018 351 10988 198 14002 183 30113 80 27949 48 32465 28 36613
5 31 840 1679 431 2889 360 5018 351 10988 198 14002 183 30113 80 27949 48 32465 28 36613
5 311 59 129 43 276 24 326 38 1131 22 1649 22 3594 16 5712 18 12303 17 22249
5 3113 4 8 0 0 0 0 0 0 0 0 0 0 0 0 0 0 0 0
5 3114 4 3 0 0 0 0 0 0 4 293 0 0 0 0 3 1839 0 0
5 3115 0 0 0 0 0 0 0 0 0 0 3 507 0 0 0 0 0 0
5 3116 12 34 7 45 3 43 5 181 0 0 5 845 6 2021 13 8911 15 19505
5 3118 20 46 10 69 11 143 8 212 0 0 4 724 0 0 0 0 0 0
5 311811 15 37 6 47 9 108 4 107 0 0 0 0 0 0 0 0 0 0
5 3121 21 41 7 51 9 121 8 217 0 0 0 0 0 0 0 0 0 0
5 3122 21 41 7 51 9 121 8 217 0 0 0 0 0 0 0 0 0 0
5 3131 5 11 0 0 0 0 0 0 0 0 0 0 0 0 0 0 0 0
5 3132 5 11 0 0 0 0 0 0 0 0 0 0 0 0 0 0 0 0
5 3133 4 10 0 0 0 0 0 0 0 0 0 0 0 0 0 0 0 0
5 314 27 62 9 58 0 0 0 0 0 0 0 0 3 1150 0 0 0 0
5 31411 7 17 0 0 0 0 0 0 0 0 0 0 0 0 0 0 0 0
5 315 0 0 0 0 0 0 4 122 0 0 0 0 0 0 0 0 0 0
5 316 4 8 0 0 0 0 0 0 0 0 0 0 0 0 0 0 0 0
5 3211 21 44 20 142 25 360 17 573 12 775 17 2650 0 0 0 0 0 0
5 3212 3 7 6 39 7 87 6 173 0 0 4 670 0 0 0 0 0 0
5 3219 41 78 26 178 27 403 23 759 10 690 4 745 0 0 0 0 0 0
5 32199 13 29 6 42 9 131 8 273 0 0 0 0 0 0 0 0 0 0
5 3222 0 0 0 0 5 73 10 329 8 632 12 1861 5 1809 0 0 0 0
5 32221 0 0 0 0 4 59 7 238 8 632 4 554 3 1014 0 0 0 0
5 3231 111 235 45 297 24 314 17 556 0 0 5 631 0 0 0 0 0 0
5 3241 12 25 10 56 0 0 6 163 4 303 0 0 0 0 0 0 0 0
5 325 30 61 14 81 14 215 21 672 11 797 7 1163 4 1556 0 0 0 0
5 3252 0 0 0 0 0 0 0 0 5 388 0 0 0 0 0 0 0 0
5 3253 4 6 0 0 3 52 3 124 0 0 0 0 0 0 0 0 0 0
5 3254 7 9 5 31 0 0 0 0 0 0 0 0 0 0 0 0 0 0
5 3255 3 7 0 0 0 0 0 0 0 0 0 0 0 0 0 0 0 0
5 3256 5 9 0 0 0 0 0 0 0 0 0 0 0 0 0 0 0 0
5 3261 7 13 5 31 8 119 22 757 16 1116 13 2227 5 1538 0 0 0 0
5 3262 0 0 3 21 3 40 5 153 0 0 0 0 0 0 0 0 0 0
5 32621 0 0 0 0 3 40 0 0 0 0 0 0 0 0 0 0 0 0
5 327 82 161 35 255 43 594 25 767 5 417 3 515 0 0 0 0 0 0
5 32711 3 8 0 0 0 0 0 0 0 0 0 0 0 0 0 0 0 0
5 3272 5 5 0 0 0 0 0 0 0 0 0 0 0 0 0 0 0 0
5 3279 8 24 10 75 4 56 6 152 0 0 0 0 0 0 0 0 0 0
5 331 4 4 4 28 6 80 6 207 10 764 9 1255 4 1515 3 2169 0 0
5 3313 0 0 0 0 0 0 0 0 0 0 5 665 0 0 0 0 0 0
5 3315 0 0 0 0 3 42 3 90 0 0 0 0 0 0 0 0 0 0
5 332 181 379 90 601 75 1007 61 1833 31 2231 19 3199 6 1704 3 1966 0 0
5 3321 7 13 0 0 3 39 0 0 0 0 0 0 0 0 0 0 0 0
5 3322 4 8 3 23 0 0 0 0 0 0 0 0 0 0 0 0 0 0
5 3327 95 212 46 317 29 385 20 542 9 703 3 348 0 0 0 0 0 0
5 3328 8 20 6 39 7 95 8 237 4 240 0 0 0 0 0 0 0 0
5 33299 16 31 12 77 7 102 4 131 0 0 0 0 0 0 0 0 0 0
5 333 51 96 27 187 27 410 29 912 23 1507 19 3650 5 1590 5 3394 0 0
5 3331 4 3 5 33 0 0 6 197 0 0 3 646 0 0 3 2060 0 0
5 33311 3 2 5 33 0 0 3 104 0 0 0 0 0 0 0 0 0 0
5 3333 3 5 0 0 3 53 0 0 0 0 0 0 0 0 0 0 0 0
5 3335 20 43 9 69 6 94 5 138 3 208 0 0 0 0 0 0 0 0
5 334 10 21 5 38 3 45 6 195 3 231 5 860 0 0 0 0 0 0
5 3341 10 21 5 38 3 45 6 195 3 231 5 860 0 0 0 0 0 0
5 3345 4 8 0 0 0 0 0 0 0 0 0 0 0 0 0 0 0 0
5 335 12 16 5 35 0 0 7 246 5 326 6 1052 9 3197 0 0 0 0
5 3352 12 16 5 35 0 0 7 246 5 326 6 1052 9 3197 0 0 0 0
5 336 21 36 17 106 12 174 21 724 15 1012 16 2714 8 3042 6 4131 0 0
5 33641 3 6 4 25 0 0 5 175 3 209 0 0 0 0 0 0 0 0
5 3366 0 0 0 0 4 61 3 131 3 210 6 928 0 0 0 0 0 0
5 337 51 93 26 173 22 277 7 198 4 278 6 899 0 0 0 0 0 0
5 3391 35 80 8 52 4 61 5 129 0 0 0 0 0 0 0 0 0 0
5 3399 48 75 23 164 14 199 5 101 6 385 4 613 0 0 0 0 0 0
5 4 4356 8777 3265 21723 1717 22350 909 27663 254 17417 149 21574 58 18159 0 0 0 0
5 42 1471 2900 717 4813 572 7730 362 11047 104 7507 42 5745 14 4436 0 0 0 0
5 4231 77 119 48 331 46 618 30 995 10 797 3 439 0 0 0 0 0 0
5 4232 35 73 15 102 14 176 8 241 0 0 0 0 0 0 0 0 0 0
5 4233 53 113 36 257 25 354 25 850 4 329 3 426 0 0 0 0 0 0
5 4234 142 256 43 269 29 407 18 593 5 350 4 460 0 0 0 0 0 0
5 4235 33 62 21 134 16 209 14 410 5 349 0 0 0 0 0 0 0 0
5 4236 88 226 58 407 35 478 17 515 8 590 0 0 0 0 0 0 0 0
5 4237 69 161 57 346 30 371 20 555 6 381 0 0 0 0 0 0 0 0
5 4238 227 522 142 953 132 1778 82 2339 12 789 4 657 0 0 0 0 0 0
5 4239 104 189 50 335 28 351 24 687 6 384 3 420 0 0 0 0 0 0
5 42393 26 57 20 136 12 154 11 329 0 0 0 0 0 0 0 0 0 0
5 424 414 873 211 1450 201 2762 108 3402 41 3012 17 2327 6 2084 0 0 0 0
5 4241 33 69 17 115 12 157 8 242 4 291 0 0 0 0 0 0 0 0
5 4243 19 40 5 34 7 111 5 162 0 0 0 0 0 0 0 0 0 0
5 4244 106 220 36 230 47 635 30 926 11 918 8 1035 3 974 0 0 0 0
5 4245 21 43 18 136 20 273 6 224 0 0 0 0 0 0 0 0 0 0
5 4247 35 82 24 162 15 193 9 261 6 384 0 0 0 0 0 0 0 0
5 4248 9 19 4 34 6 89 13 484 0 0 3 490 0 0 0 0 0 0
5 4249 115 228 58 396 65 906 24 699 9 636 0 0 0 0 0 0 0 0
5 42491 46 95 39 275 50 695 14 415 4 321 0 0 0 0 0 0 0 0
5 4251 229 306 36 229 16 226 16 460 5 350 0 0 0 0 0 0 0 0
5 4411 240 428 70 466 86 1196 115 3891 55 3879 17 2169 0 0 0 0 0 0
5 4412 78 159 37 246 33 451 18 590 3 172 0 0 0 0 0 0 0 0
5 4413 266 574 280 1972 181 2282 21 593 3 187 0 0 0 0 0 0 0 0
5 442 228 509 116 771 102 1345 34 973 0 0 0 0 0 0 0 0 0 0
5 443141 38 70 22 144 4 58 3 69 0 0 0 0 0 0 0 0 0 0
5 443142 60 152 64 424 21 272 6 208 9 637 0 0 0 0 0 0 0 0
5 4441 261 581 185 1212 82 1100 62 1829 6 441 35 5463 0 0 0 0 0 0
5 44413 85 165 56 352 16 228 16 419 0 0 0 0 0 0 0 0 0 0
5 4442 119 242 80 564 69 837 17 468 0 0 0 0 0 0 0 0 0 0
5 44511 105 195 51 330 60 860 134 4680 90 6169 34 4250 3 727 0 0 0 0
5 44512 85 121 19 122 6 79 0 0 0 0 0 0 0 0 0 0 0 0
5 4452 62 138 27 182 7 94 7 195 0 0 0 0 0 0 0 0 0 0
5 4453 184 387 118 771 33 422 8 199 0 0 0 0 0 0 0 0 0 0
5 446 351 731 302 1980 155 2091 108 3061 4 261 0 0 0 0 0 0 0 0
5 44611 131 281 187 1243 125 1691 94 2550 4 261 0 0 0 0 0 0 0 0
5 447 564 1161 473 3145 351 4421 96 2577 6 377 4 429 0 0 0 0 0 0
5 4481 316 666 236 1619 171 2192 86 2592 18 1124 0 0 0 0 0 0 0 0
5 44821 37 99 96 631 60 746 6 171 0 0 0 0 0 0 0 0 0 0
5 4483 67 161 44 293 15 184 3 71 0 0 0 0 0 0 0 0 0 0
5 4511 141 276 63 425 31 426 33 1007 15 1042 0 0 0 0 0 0 0 0
5 45113 20 44 6 39 6 85 0 0 0 0 0 0 0 0 0 0 0 0
5 45114 15 29 5 32 3 40 0 0 0 0 0 0 0 0 0 0 0 0
5 45121 46 100 23 145 12 164 9 300 0 0 0 0 0 0 0 0 0 0
5 45221 0 0 0 0 0 0 4 165 18 1287 11 1424 0 0 0 0 0 0
5 4523 101 153 544 3507 109 1427 64 1916 9 738 42 7044 51 16216 0 0 0 0
5 4531 99 184 38 231 7 99 0 0 0 0 0 0 0 0 0 0 0 0
5 45321 12 26 8 53 19 270 3 60 0 0 0 0 0 0 0 0 0 0
5 45322 98 182 43 302 9 126 4 127 0 0 0 0 0 0 0 0 0 0
5 4533 120 232 42 281 15 196 33 950 0 0 0 0 0 0 0 0 0 0
5 4539 286 600 176 1176 32 407 16 386 0 0 0 0 0 0 0 0 0 0
5 454110 170 256 27 173 14 191 5 185 0 0 0 0 0 0 0 0 0 0
5 4542 38 58 5 38 0 0 4 112 3 192 0 0 0 0 0 0 0 0
5 454310 45 123 41 287 15 182 5 109 0 0 0 0 0 0 0 0 0 0
5 45439 139 213 35 233 17 216 4 136 0 0 0 0 0 0 0 0 0 0
5 481 17 27 6 34 3 33 3 74 0 0 0 0 0 0 0 0 0 0
5 482 1360 2127 394 2598 290 3967 240 7391 100 6722 49 7328 14 4269 11 7408 7 15163
5 483 3 8 0 0 0 0 0 0 0 0 0 0 0 0 0 0 0 0
5 484 926 1384 212 1429 163 2265 136 4131 47 3296 20 3148 6 1800 3 1932 6 14041
5 485 40 67 16 100 10 127 14 459 5 333 3 445 0 0 0 0 0 0
5 4853 9 17 0 0 0 0 0 0 0 0 0 0 0 0 0 0 0 0
5 486 26 44 15 95 12 151 3 96 0 0 0 0 0 0 0 0 0 0
5 487 3 7 0 0 0 0 0 0 0 0 0 0 0 0 0 0 0 0
5 488 233 403 89 559 58 783 32 934 18 1178 7 1092 0 0 0 0 0 0
5 492 47 68 15 110 22 310 24 793 12 756 5 617 3 933 0 0 0 0
5 493 65 119 41 271 21 285 28 904 15 998 12 1743 3 951 4 2772 0 0
5 5111 57 117 33 222 26 330 16 495 8 539 0 0 0 0 0 0 0 0
5 51111 27 53 16 99 19 241 12 354 3 152 0 0 0 0 0 0 0 0
5 5112 20 42 9 57 5 79 3 72 0 0 0 0 0 0 0 0 0 0
5 5121 48 65 17 105 10 134 18 505 4 222 0 0 0 0 0 0 0 0
5 5122 10 12 0 0 0 0 0 0 0 0 0 0 0 0 0 0 0 0
5 515 37 78 34 249 14 207 10 269 7 572 0 0 0 0 0 0 0 0
5 517 341 727 124 818 90 1264 45 1262 8 480 7 920 4 1340 0 0 0 0
5 517311 196 391 58 398 47 673 30 893 7 433 5 564 0 0 0 0 0 0
5 5182 58 91 13 80 18 263 16 479 10 637 7 1220 3 1046 0 0 0 0
5 5191 35 57 7 41 0 0 0 0 0 0 0 0 0 0 0 0 0 0
5 51912 4 5 4 24 0 0 0 0 0 0 0 0 0 0 0 0 0 0
5 51913 26 38 3 17 0 0 0 0 0 0 0 0 0 0 0 0 0 0
5 52 2746 5295 1008 6574 409 5508 198 5751 50 3478 28 4350 14 4848 4 3072 0 0
5 522 805 1979 675 4498 298 3999 135 3871 31 2248 14 1982 6 1987 0 0 0 0
5 5221 537 1452 587 3925 262 3531 118 3391 27 1935 13 1834 5 1573 0 0 0 0
5 5241 125 223 25 164 23 323 29 874 10 591 10 1816 4 1362 0 0 0 0
5 5242 1261 2228 241 1506 66 912 24 753 7 514 3 387 0 0 0 0 0 0
5 53 2480 3796 475 2972 186 2407 74 2170 17 1173 0 0 0 0 0 0 0 0
5 531 2220 3306 308 1899 89 1169 46 1386 10 714 0 0 0 0 0 0 0 0
5 5313 486 764 82 483 24 329 22 681 5 385 0 0 0 0 0 0 0 0
5 532 254 479 165 1059 96 1221 27 760 7 459 0 0 0 0 0 0 0 0
5 5321 48 97 28 160 31 380 10 268 3 162 0 0 0 0 0 0 0 0
5 5411 1206 1950 211 1310 87 1135 32 922 8 574 3 547 0 0 0 0 0 0
5 5412 746 1321 245 1573 81 1075 37 1145 8 634 5 626 0 0 0 0 0 0
5 5413 487 719 122 795 67 925 51 1457 16 1170 11 1674 0 0 0 0 0 0
5 5414 123 160 11 69 6 76 0 0 0 0 0 0 0 0 0 0 0 0
5 5415 357 512 63 397 40 515 16 577 14 1073 8 1306 0 0 0 0 0 0
5 5416 941 1110 86 549 55 722 28 941 10 633 4 620 0 0 0 0 0 0
5 5417 34 50 15 95 5 62 7 265 0 0 0 0 0 0 0 0 0 0
5 5418 133 192 39 256 17 221 11 366 5 296 4 557 0 0 0 0 0 0
5 5419 262 452 137 930 97 1313 36 1054 0 0 0 0 0 0 0 0 0 0
5 54194 114 253 119 803 82 1109 30 886 0 0 0 0 0 0 0 0 0 0
5 55 298 514 178 1123 251 3283 214 6387 93 6183 49 7121 14 4505 6 4475 3 3598
5 561 1548 2547 409 2733 242 3330 221 6847 97 6799 86 13250 24 7799 14 8322 5 10464
5 5613 131 203 33 224 19 291 37 1249 42 3080 53 8437 12 4031 7 4433 5 10464
5 5614 107 174 41 255 14 188 25 814 0 0 0 0 3 1013 0 0 0 0
5 5615 37 59 11 76 6 77 4 129 0 0 0 0 0 0 0 0 0 0
5 5616 86 172 30 208 18 235 18 540 17 1270 4 537 0 0 0 0 0 0
5 5617 893 1476 226 1528 146 2009 98 2857 25 1548 17 2518 5 1602 0 0 0 0
5 56173 493 798 101 674 59 802 29 788 0 0 0 0 0 0 0 0 0 0
5 562 123 238 52 371 31 434 29 930 7 522 0 0 0 0 0 0 0 0
5 611 311 526 109 722 69 906 77 2341 25 1765 19 3051 8 2844 0 0 0 0
5 6111 27 58 21 133 23 295 49 1528 18 1301 15 2575 3 866 0 0 0 0
5 621 3042 5112 1254 8444 896 12044 480 14451 142 9607 49 7305 5 1638 0 0 0 0
5 6211 1148 1805 374 2480 293 4015 222 6773 44 2981 17 2814 0 0 0 0 0 0
5 6212 311 651 372 2586 222 2841 23 553 5 340 0 0 0 0 0 0 0 0
5 6213 1264 2043 302 1998 147 2019 58 1608 5 367 6 867 0 0 0 0 0 0
5 62131 274 556 55 348 9 116 0 0 0 0 0 0 0 0 0 0 0 0
5 62132 128 284 83 550 40 515 9 198 0 0 0 0 0 0 0 0 0 0
5 6214 146 305 129 881 133 1767 71 2199 36 2404 6 876 0 0 0 0 0 0
5 6216 44 110 28 180 48 654 73 2278 28 1856 16 2256 0 0 0 0 0 0
5 622 0 0 0 0 0 0 0 0 13 916 39 6619 18 6226 6 4504 21 41480
5 6222 0 0 0 0 0 0 0 0 0 0 3 506 4 1528 0 0 0 0
5 623 85 133 49 329 83 1141 104 3453 139 10599 122 16205 3 989 0 0 0 0
5 6231 21 6 10 64 7 94 16 580 99 7784 107 13628 0 0 0 0 0 0
5 6241 369 602 117 771 89 1240 107 3497 67 4578 26 4396 11 3669 3 1568 0 0
5 6242 79 146 56 348 23 312 18 489 4 266 0 0 0 0 0 0 0 0
5 6243 20 33 12 81 9 124 12 418 7 437 4 454 0 0 0 0 0 0
5 6244 194 325 158 1091 179 2387 124 3648 29 1871 6 905 0 0 0 0 0 0
5 711 125 184 13 89 9 107 9 271 3 219 3 462 0 0 0 0 0 0
5 7111 24 34 4 24 3 43 0 0 0 0 0 0 0 0 0 0 0 0
5 7112 19 43 4 31 3 31 0 0 0 0 0 0 0 0 0 0 0 0
5 7115 34 38 3 19 0 0 0 0 0 0 0 0 0 0 0 0 0 0
5 712 37 55 11 75 5 64 0 0 0 0 0 0 0 0 0 0 0 0
5 713 317 524 114 778 92 1288 59 1775 17 1161 9 1307 0 0 0 0 0 0
5 71395 8 15 6 41 8 109 4 119 0 0 0 0 0 0 0 0 0 0
5 721 371 681 166 1119 191 2791 140 3822 16 1191 11 1775 0 0 0 0 0 0
5 7211 301 552 150 1007 178 2607 138 3773 15 1111 10 1624 0 0 0 0 0 0
5 722 1274 1925 864 5957 1188 16994 1457 43149 343 22733 52 6481 4 1215 0 0 0 0
5 7224 50 98 26 179 27 369 10 294 0 0 0 0 0 0 0 0 0 0
5 8111 820 1513 314 2104 112 1497 29 793 11 658 0 0 0 0 0 0 0 0
5 811192 84 137 45 335 11 145 3 70 5 277 0 0 0 0 0 0 0 0
5 8112 65 124 17 112 5 70 3 83 0 0 0 0 0 0 0 0 0 0
5 8113 165 293 45 300 26 364 18 431 0 0 0 0 0 0 0 0 0 0
5 8114 129 220 12 82 5 65 4 120 0 0 0 0 0 0 0 0 0 0
5 8121 463 680 111 741 72 971 15 374 0 0 0 0 0 0 0 0 0 0
5 812111 12 13 0 0 6 81 3 68 0 0 0 0 0 0 0 0 0 0
5 812112 271 390 72 473 40 547 5 102 0 0 0 0 0 0 0 0 0 0
5 8122 135 300 77 523 46 597 7 193 0 0 0 0 0 0 0 0 0 0
5 8123 80 143 53 348 27 358 17 456 8 572 0 0 0 0 0 0 0 0
5 8129 164 264 33 207 13 174 14 365 0 0 0 0 0 0 0 0 0 0
5 813 2314 4627 735 4736 271 3656 181 5505 45 3202 11 1430 5 1844 0 0 0 0
5 8131 1722 3545 564 3603 199 2653 149 4526 39 2758 9 1120 4 1388 0 0 0 0
5 8139 298 556 79 514 31 421 9 275 4 268 0 0 0 0 0 0 0 0
5 81393 53 107 26 169 12 152 3 64 0 0 0 0 0 0 0 0 0 0
5 814 4335 8164 1397 9153 577 7752 288 8320 68 4687 15 1918 6 2092 0 0 0 0
6 111 1236 1813 285 1920 220 3019 143 4456 69 4968 31 4139 4 1462 4 2512 3 4831
6 112 1236 1813 285 1920 220 3019 143 4456 69 4968 31 4139 4 1462 4 2512 3 4831
6 113 171 194 25 180 26 347 10 305 7 435 0 0 0 0 0 0 0 0
6 1133 161 181 23 168 24 314 10 305 6 381 0 0 0 0 0 0 0 0
6 114 130 134 18 124 8 119 0 0 0 0 0 0 0 0 0 0 0 0
6 115 935 1485 242 1616 186 2553 131 4100 62 4533 30 3988 4 1462 4 2512 3 4831
6 211 73 129 21 154 21 280 18 610 13 933 0 0 0 0 0 0 0 0
6 2121 65 90 49 333 53 706 42 1318 22 1464 5 757 0 0 0 0 0 0
6 2122 6 3 3 18 0 0 0 0 0 0 0 0 0 0 0 0 0 0
6 2123 58 84 46 315 52 695 40 1268 22 1464 3 343 0 0 0 0 0 0
6 213 122 188 36 258 36 532 42 1247 11 878 9 1242 3 811 3 2284 0 0
6 22 578 1028 214 1431 130 1735 145 4462 85 5792 64 9583 27 9067 7 4109 11 19385
6 221 578 1028 214 1431 130 1735 145 4462 85 5792 64 9583 27 9067 7 4109 11 19385
6 2211 223 365 68 487 58 821 93 2848 38 2608 49 7597 16 5572 7 4109 10 17760
6 2212 74 101 29 178 13 147 22 673 36 2388 13 1723 8 2512 0 0 0 0
6 2213 281 562 117 766 59 767 30 941 11 796 0 0 3 983 0 0 0 0
6 22132 24 42 3 21 6 73 0 0 0 0 0 0 0 0 0 0 0 0
6 23 50260 79905 13066 86340 8049 108600 5224 158957 1739 119538 920 138467 199 67968 71 46565 23 31173
6 3 15003 27672 6721 45074 5611 76962 5052 155761 2192 153287 1609 243140 477 162401 156 108181 88 202460
6 31 15003 27672 6721 45074 5611 76962 5052 155761 2192 153287 1609 243140 477 162401 156 108181 88 202460
6 311 1213 2212 601 4081 646 8977 589 18070 273 19123 259 39427 82 26094 39 27217 17 24848
6 3113 81 136 38 253 29 410 34 1110 8 494 10 1550 6 1937 3 2153 0 0
6 3114 113 181 31 198 54 729 71 2239 29 1861 42 7239 18 5348 7 5137 0 0
6 3115 57 68 27 191 31 433 36 1121 22 1531 40 5944 10 3231 0 0 3 3904
6 3116 44 83 20 144 30 429 37 1216 34 2613 28 3966 9 3235 5 3478 6 9656
6 3118 615 1244 346 2321 343 4771 264 7870 86 5954 68 10168 19 5916 4 2927 0 0
6 311811 428 868 245 1646 237 3267 153 4405 30 2128 10 1377 0 0 0 0 0 0
6 3121 912 1614 471 3225 400 5432 302 8954 132 9121 71 10977 26 9025 3 2130 5 7730
6 3122 8 13 4 28 0 0 0 0 0 0 0 0 0 0 0 0 0 0
6 3131 8 9 0 0 0 0 0 0 0 0 0 0 0 0 0 0 0 0
6 3132 35 59 20 131 24 337 13 350 4 296 0 0 0 0 0 0 0 0
6 3133 64 101 22 157 20 273 26 788 8 556 7 1039 0 0 0 0 0 0
6 314 330 574 138 902 78 1060 36 1140 16 1130 7 1032 5 1627 0 0 0 0
6 31411 10 16 0 0 0 0 0 0 0 0 3 522 0 0 0 0 0 0
6 315 1318 2110 406 2695 301 3955 211 6186 39 2747 33 4625 6 2230 0 0 0 0
6 316 79 142 28 188 25 370 18 528 3 193 0 0 3 1051 0 0 0 0
6 3162 17 22 6 39 10 167 7 175 0 0 0 0 0 0 0 0 0 0
6 3211 23 39 11 76 9 120 18 577 6 458 9 1377 3 940 0 0 0 0
6 3212 19 48 6 48 15 213 18 573 12 771 6 866 0 0 0 0 0 0
6 3219 374 628 190 1295 137 1834 136 4246 40 2590 28 4438 5 1827 0 0 0 0
6 32199 161 251 65 455 37 504 37 1069 8 510 6 1159 0 0 0 0 0 0
6 3221 6 12 3 20 0 0 0 0 6 377 0 0 0 0 0 0 0 0
6 3222 69 119 35 242 42 606 80 2609 57 4179 67 9398 6 1790 0 0 0 0
6 32221 31 54 11 75 21 315 41 1389 42 3190 60 8407 5 1484 0 0 0 0
6 3231 1645 3153 573 3752 355 4730 278 8470 87 6247 52 7534 8 2679 3 2081 0 0
6 3241 42 85 34 254 35 456 35 1060 9 611 11 1378 5 2064 4 2404 3 3545
6 32411 4 6 0 0 0 0 0 0 0 0 4 582 5 2064 4 2404 3 3545
6 325 585 1041 272 1814 263 3630 289 9013 140 9727 97 15043 29 10318 16 11709 7 19529
6 3252 32 64 19 126 25 364 38 1163 12 861 5 704 0 0 0 0 0 0
6 3253 31 71 21 136 15 201 19 531 12 818 3 393 0 0 0 0 0 0
6 3254 148 223 66 423 54 689 73 2299 39 2730 49 7777 16 5528 14 10010 7 19529
6 3255 62 134 42 297 42 578 30 891 16 1048 4 628 0 0 0 0 0 0
6 3256 164 282 61 412 48 667 58 1767 28 1964 20 3128 5 1738 0 0 0 0
6 3261 264 479 161 1138 182 2607 207 6680 125 9095 100 14086 23 7583 7 4427 0 0
6 3262 47 110 27 168 32 409 37 1106 15 1072 11 1580 0 0 0 0 0 0
6 32621 10 17 6 41 9 115 6 168 0 0 0 0 0 0 0 0 0 0
6 327 376 728 209 1455 213 2932 202 6199 102 7032 60 9401 14 4803 3 2005 0 0
6 32711 40 79 12 81 10 140 7 263 3 234 0 0 0 0 0 0 0 0
6 327120 15 30 8 59 7 104 0 0 4 250 4 500 0 0 0 0 0 0
6 3272 108 202 42 275 22 287 21 608 20 1441 9 1392 6 2066 0 0 0 0
6 3279 77 164 53 370 36 464 31 972 18 1258 11 1577 4 1334 0 0 0 0
6 331 98 182 51 346 52 733 59 1852 40 2826 32 4967 8 2503 0 0 0 0
6 3313 8 17 7 54 7 100 9 318 7 502 7 1249 0 0 0 0 0 0
6 3314 22 36 7 48 13 170 17 527 9 607 5 936 0 0 0 0 0 0
6 3315 36 67 19 124 23 324 23 707 15 1055 14 1936 3 1016 0 0 0 0
6 332 2424 4672 1292 8641 1089 15008 932 28474 342 23660 195 28923 40 13651 11 7024 0 0
6 3321 65 121 51 357 35 508 39 1151 26 1875 14 2067 0 0 3 1715 0 0
6 3322 56 113 35 223 28 362 19 712 6 411 3 410 0 0 0 0 0 0
6 3327 1253 2445 627 4166 485 6596 368 11027 105 7032 61 8993 10 3419 5 3524 0 0
6 3328 237 479 155 1067 147 2059 149 4657 51 3495 24 3300 0 0 0 0 0 0
6 33299 175 315 87 551 73 1017 66 1851 26 1863 9 1545 4 1366 0 0 0 0
6 333 821 1547 414 2778 374 5175 357 11028 152 10496 96 14558 31 10138 0 0 5 10166
6 3331 50 89 27 182 31 432 34 1067 14 936 7 860 3 850 0 0 0 0
6 33311 33 55 18 120 17 240 23 695 7 478 5 622 0 0 0 0 0 0
6 3333 141 244 58 378 50 712 43 1373 20 1286 12 1681 10 3634 0 0 0 0
6 3335 218 415 120 802 103 1395 75 2211 21 1427 16 2351 0 0 0 0 0 0
6 3336 27 64 5 40 13 194 12 380 9 621 7 1284 0 0 0 0 3 5718
6 334 889 1572 407 2707 378 5169 419 13094 235 16731 197 30368 77 27775 28 19024 19 39772
6 3341 114 193 44 291 29 383 28 925 14 921 9 1473 0 0 0 0 0 0
6 3345 318 590 145 934 131 1802 167 5204 78 5567 65 10200 32 11738 11 7659 13 23610
6 335 292 517 143 957 133 1865 129 4292 68 4815 56 8400 21 6962 3 2539 0 0
6 3352 30 54 17 119 7 94 5 144 0 0 3 372 0 0 0 0 0 0
6 336 432 843 221 1456 199 2747 174 5603 102 7083 90 14478 37 12960 22 15207 16 65140
6 33641 84 147 31 207 53 755 47 1508 33 2384 40 6691 19 6960 12 8314 11 35549
6 3365 0 0 0 0 0 0 4 113 0 0 0 0 0 0 0 0 0 0
6 3366 31 47 14 95 13 170 16 495 7 451 7 1219 3 945 0 0 0 0
6 3369 82 141 38 254 21 293 14 436 6 381 3 477 0 0 0 0 0 0
6 337 831 1655 343 2258 239 3255 180 5383 62 4093 39 5943 19 6156 3 1989 0 0
6 3391 789 1539 280 1846 139 1936 126 4014 58 4218 49 7262 17 5809 8 6232 10 21994
6 3399 1010 1869 357 2404 228 3096 180 5453 56 3831 35 5762 6 2341 0 0 0 0
6 4 46858 87850 23420 156707 17018 226339 10805 321055 4389 307984 2621 389107 471 148403 32 19143 10 20089
6 42 31599 54981 10465 69618 7333 99107 5055 152961 1656 114361 902 134628 257 87177 94 63182 33 51588
6 4231 1564 2836 569 3856 459 6340 330 10067 113 7955 48 6937 14 4290 3 1803 0 0
6 4232 1205 2242 433 2871 327 4417 241 7406 66 4627 34 4935 6 2055 0 0 0 0
6 4233 674 1175 334 2263 304 4041 247 7475 52 3561 20 2776 8 2818 0 0 0 0
6 4234 2887 5039 798 5397 591 7996 443 13567 171 12325 119 18266 34 11929 23 15766 9 13275
6 4235 494 920 227 1531 172 2371 145 4392 41 2751 11 1658 0 0 0 0 0 0
6 4236 2482 4443 929 6190 699 9613 469 14167 171 12042 103 15705 36 12869 20 14237 7 11847
6 4237 888 1828 556 3619 358 4756 234 6972 62 4168 34 4979 6 1899 0 0 0 0
6 4238 2688 5145 1307 8711 866 11685 577 17263 169 11350 63 8930 0 0 3 2120 0 0
6 4239 3379 5779 902 5893 607 8111 344 10192 96 6461 39 5274 8 2952 3 2197 0 0
6 42393 432 773 176 1172 151 2049 118 3508 31 1968 8 1111 0 0 0 0 0 0
6 424 11937 20650 3854 25670 2677 36074 1874 56965 684 47019 419 63657 131 43804 37 23661 8 13644
6 4241 727 1306 265 1706 151 2068 104 3244 43 3190 21 3242 4 1516 0 0 0 0
6 4243 3131 5485 847 5565 541 7268 329 9683 105 7080 51 7827 17 5331 3 1847 0 0
6 4244 2867 5062 1052 7055 853 11535 652 20388 278 19174 178 27251 59 19890 19 11604 0 0
6 4245 174 262 66 428 52 727 25 789 9 521 6 804 0 0 0 0 0 0
6 4247 205 374 101 692 86 1110 93 2807 25 1750 7 987 0 0 0 0 0 0
6 4248 372 608 129 907 80 1117 57 1729 32 2229 48 7545 23 7488 4 2664 0 0
6 4249 2699 4465 768 5104 458 6142 339 9950 99 6763 42 6042 7 2611 4 3061 0 0
6 42491 324 619 146 959 117 1647 113 3464 40 2795 13 1820 0 0 0 0 0 0
6 4251 3401 4924 556 3617 273 3703 151 4495 31 2102 12 1511 10 3221 0 0 5 7250
6 4411 1444 2301 358 2324 235 3115 385 13396 547 40151 432 62440 34 10668 0 0 0 0
6 4412 453 852 245 1696 154 2097 129 3932 26 1712 12 1832 0 0 0 0 0 0
6 4413 2007 3808 1391 9714 1660 22044 509 14620 39 2524 12 1819 3 1249 0 0 0 0
6 442 2727 5624 935 6106 709 9927 473 14504 113 7233 18 2368 9 2799 0 0 0 0
6 443141 310 644 138 936 87 1127 56 1651 4 270 0 0 0 0 0 0 0 0
6 443142 959 1989 741 4805 258 3199 75 2124 120 8740 97 11860 0 0 0 0 0 0
6 4441 2126 4106 1370 8877 891 11737 489 13747 82 5414 333 59789 30 9232 0 0 0 0
6 44413 567 910 280 1791 222 3143 201 5353 18 1127 0 0 0 0 0 0 0 0
6 4442 533 1161 306 2054 274 3738 100 2718 17 1163 3 494 0 0 0 0 0 0
6 44511 2253 4398 1008 6958 760 10464 1066 34751 1747 128948 881 111129 17 4863 0 0 0 0
6 44512 1427 2536 890 6034 446 5680 97 2456 4 248 0 0 0 0 0 0 0 0
6 4452 1335 2415 684 4646 560 7550 174 4987 22 1444 0 0 0 0 0 0 0 0
6 4453 3142 6218 668 4084 270 3712 58 1581 10 652 0 0 0 0 0 0 0 0
6 446 4031 7809 2580 17078 1560 20545 1926 50585 107 6973 11 1790 5 2056 0 0 0 0
6 44611 996 2173 817 5859 1002 13268 1547 37771 40 2713 6 949 0 0 0 0 0 0
6 447 2104 4988 2998 20591 2036 25516 359 10128 65 4043 10 1487 0 0 0 0 0 0
6 4481 3723 7443 2329 15867 2265 30064 1626 52290 847 54614 106 14318 20 6475 5 2544 0 0
6 44821 620 1428 954 6398 756 9972 295 7643 36 2328 15 2166 0 0 0 0 0 0
6 4483 1550 2910 805 5305 306 3789 54 1481 4 264 0 0 0 0 0 0 0 0
6 4511 1669 3158 810 5462 740 10709 472 15321 98 6330 8 1203 0 0 0 0 0 0
6 45113 184 345 69 449 50 728 65 2150 7 454 0 0 0 0 0 0 0 0
6 45114 191 376 88 598 36 487 48 1350 6 365 0 0 0 0 0 0 0 0
6 45121 313 602 150 938 109 1356 95 2864 16 925 5 845 0 0 0 0 0 0
6 45221 0 0 0 0 0 0 0 0 126 9551 188 28680 32 10072 0 0 0 0
6 4523 799 1155 259 1711 423 5768 963 30686 96 7004 379 69832 286 89018 5 2443 0 0
6 4531 748 1389 245 1581 69 870 31 814 0 0 0 0 0 0 0 0 0 0
6 45321 236 408 82 535 142 2134 188 4740 0 0 0 0 0 0 0 0 0 0
6 45322 1122 2292 564 3782 326 4388 131 3300 16 1134 7 928 0 0 0 0 0 0
6 4533 721 1401 392 2773 462 6288 206 6318 29 1814 6 975 0 0 0 0 0 0
6 4539 3337 6008 932 6126 540 7354 353 9566 49 2933 3 497 0 0 0 0 0 0
6 454110 5336 7897 1114 7259 670 8995 336 10206 126 8698 71 11024 28 9827 14 8775 9 19083
6 4542 167 255 25 170 20 283 15 381 12 816 5 1020 0 0 0 0 0 0
6 454310 108 212 97 660 86 1161 18 538 0 0 0 0 0 0 0 0 0 0
6 45439 1558 2443 350 2237 204 2757 124 3649 31 2058 12 1706 0 0 0 0 0 0
6 481 227 373 54 386 71 1058 75 2285 38 2718 34 5231 10 3558 10 6616 9 36095
6 482 16240 23614 3814 25333 2891 38972 2301 69949 925 63617 673 100663 195 67445 95 65601 59 140134
6 483 58 78 15 86 10 129 14 448 12 767 0 0 0 0 0 0 0 0
6 484 9780 13118 1551 10201 1111 14753 820 24988 293 19954 145 21985 28 9633 8 4995 0 0
6 485 1162 1640 276 1809 232 3099 206 6424 85 5948 106 16207 27 8880 6 3883 0 0
6 4853 589 792 91 628 53 675 43 1277 20 1519 12 1938 3 1128 0 0 0 0
6 486 28 44 16 105 17 214 12 322 5 284 3 356 0 0 0 0 0 0
6 487 188 317 67 463 41 519 27 835 9 641 10 1355 0 0 0 0 0 0
6 488 3262 5573 1186 7905 852 11506 579 17223 192 12960 114 16225 27 9776 14 10186 5 22484
6 492 818 1053 262 1727 233 3212 198 5861 99 6873 123 17775 44 15569 20 14570 22 38901
6 493 717 1418 387 2651 324 4482 370 11563 192 13472 137 21401 57 19490 35 24190 19 35783
6 5111 845 1443 264 1710 173 2359 147 4380 56 3840 34 4527 6 1971 3 1887 0 0
6 51111 266 477 105 696 78 1067 66 1971 28 1856 13 1804 3 955 0 0 0 0
6 5112 1622 2465 491 3259 379 5356 333 10436 167 11879 140 22074 77 26541 33 23693 39 80514
6 5121 7122 6104 531 3436 360 4872 394 12527 219 14839 102 14777 32 10874 8 5564 14 31511
6 5122 934 1168 104 677 57 805 41 1233 13 948 6 817 4 1571 0 0 0 0
6 515 379 673 130 847 99 1389 130 4184 83 6018 60 9215 18 6679 0 0 3 6006
6 517 3117 6056 1512 10212 1087 14753 548 17371 227 16243 117 17571 33 11614 14 10079 0 0
6 517311 1508 2759 395 2687 376 5451 326 10678 175 12847 86 13135 27 9724 10 7442 0 0
6 5182 1237 1979 347 2341 306 4091 299 9531 138 9611 126 19472 38 11879 27 17697 10 16790
6 5191 1433 2117 239 1611 169 2363 166 5203 94 6809 119 18298 70 23416 31 20624 18 58955
6 51912 46 92 12 76 3 46 3 104 0 0 0 0 0 0 0 0 0 0
6 51913 1321 1923 210 1420 153 2158 146 4546 88 6356 113 17434 68 22769 31 20624 18 58955
6 52 31445 53526 9507 62451 5608 73766 2734 79281 876 59417 575 85906 185 61837 86 57041 54 93107
6 522 8168 15018 5192 34790 3541 46027 1266 34908 317 21670 228 34663 89 29322 39 26593 26 45651
6 5221 1622 4107 3696 25356 2847 36792 879 23327 171 11781 147 22204 49 16254 21 14238 10 15035
6 5241 1455 2268 400 2606 331 4325 355 10778 175 11903 128 18335 47 16780 34 22177 17 31417
6 5242 11513 20769 2499 15853 951 12851 633 19351 192 12985 118 18286 27 8383 3 1785 3 4915
6 53 46413 68475 7528 48244 3431 45241 1685 50318 472 32320 231 35357 60 20430 16 10886 0 0
6 531 43327 63158 6115 39189 2509 33030 1099 32766 333 22995 165 25535 46 15678 13 8915 0 0
6 5313 11563 18168 2331 15137 1202 16147 597 17942 192 13142 90 14201 30 9889 8 5639 0 0
6 532 2889 5026 1366 8744 886 11742 551 16562 123 8157 60 8881 12 4050 3 1971 0 0
6 5321 876 1678 501 3158 296 3868 180 5081 31 1930 22 3055 5 1638 0 0 0 0
6 5411 17096 27276 3323 21824 1719 23080 937 28267 300 20649 118 16542 25 8306 5 3272 0 0
6 5412 12738 20273 2987 19910 1365 18067 559 16845 154 10723 94 14124 32 11008 15 10208 17 25667
6 5413 9722 15002 2533 16909 1738 23684 1284 39160 430 29283 202 29227 43 13869 10 6626 5 14238
6 5414 4783 6206 608 3941 295 3880 133 3998 31 2357 9 1487 0 0 0 0 0 0
6 5415 15534 20610 2152 14183 1418 19171 1070 32510 484 32665 303 46177 107 36322 32 20672 23 62375
6 5416 24221 27712 2283 14906 1393 18459 868 25922 297 20148 129 19536 51 16738 14 10090 8 13067
6 5417 2177 3544 656 4370 507 6956 447 13889 226 15820 174 27037 68 24060 21 15730 20 48955
6 5418 3687 5292 736 4890 477 6546 446 14024 187 12111 68 10879 24 8664 6 3688 0 0
6 5419 5583 7286 1293 8708 1246 17199 636 18733 136 9472 51 7632 18 5860 4 2847 0 0
6 54194 945 1550 699 4797 947 13159 463 13303 68 4764 19 2650 0 0 0 0 0 0
6 55 1800 3276 753 4998 683 9414 800 25216 469 32304 363 58165 148 52226 53 37322 54 133456
6 561 25998 41581 6510 42955 4321 58901 3701 114552 1580 110572 1197 185716 473 164200 243 166075 171 773048
6 5613 2645 3738 525 3396 540 7529 766 25607 553 38220 532 82969 254 88514 153 106755 122 665392
6 5614 2464 4197 831 5449 412 5496 266 7936 84 5732 69 10593 23 7888 9 6008 5 8680
6 5615 1861 2977 413 2692 212 2886 202 5928 41 2745 31 4574 9 3424 4 2415 0 0
6 5616 1787 2870 556 3718 466 6554 454 14424 259 18526 207 32881 73 25557 29 19228 23 47208
6 5617 12008 19896 3064 20152 1859 25123 1338 39878 398 27697 221 33568 75 25766 27 18499 10 29800
6 56173 5519 9467 1434 9518 824 10977 600 18214 195 13677 114 17030 28 9708 7 4777 0 0
6 562 831 1572 328 2249 346 4903 338 10540 141 9601 93 13347 18 5922 0 0 0 0
6 611 7249 11153 2484 16817 2266 31205 2004 62136 789 54580 414 61637 111 38696 46 31352 38 137662
6 6111 415 783 256 1808 467 6763 839 27411 461 31809 266 40119 55 18090 7 4893 4 6985
6 621 49943 84571 18832 124111 9970 132258 4957 145306 1323 91088 770 116493 195 65931 57 39108 39 65978
6 6211 21522 33262 5555 36209 2992 39756 1406 40342 337 22772 158 24022 46 14738 10 6729 7 9097
6 6212 10258 21269 8121 53959 3406 43250 528 14172 39 2481 13 1895 0 0 0 0 0 0
6 6213 13222 21655 3084 20030 1424 19003 617 17632 137 9382 85 12019 14 4232 0 0 0 0
6 62131 3336 6113 662 4097 114 1451 16 451 0 0 0 0 0 0 0 0 0 0
6 62132 1659 3640 906 5912 295 3704 66 1718 5 329 3 402 0 0 0 0 0 0
6 6214 1612 2763 963 6514 1114 15691 1437 43544 407 28378 245 36672 71 25089 24 17450 28 47871
6 6216 1455 2287 548 3745 621 8867 685 21015 264 18179 168 25615 34 11280 6 3870 0 0
6 622 27 50 13 89 12 161 13 409 18 1287 60 10554 89 32731 95 68552 186 455887
6 6222 6 10 0 0 0 0 0 0 0 0 10 1890 14 5433 3 1749 4 8825
6 623 3339 6301 2144 14762 1805 24197 1272 39339 810 58057 868 130839 115 35881 5 3134 0 0
6 6231 403 496 154 1029 144 2037 152 4777 308 23669 611 92325 66 20345 0 0 0 0
6 6241 3800 6166 1442 9841 1410 19797 1497 46443 625 43038 293 43005 52 16634 23 16317 8 13104
6 6242 610 1177 250 1666 287 3797 223 6640 70 5024 28 3618 4 1447 0 0 0 0
6 6243 216 376 107 737 112 1563 183 5991 95 6615 45 7080 16 6050 3 2152 0 0
6 6244 4504 7787 1739 11530 1635 22355 905 25188 116 8104 31 4744 11 3684 0 0 0 0
6 711 18643 14346 848 5503 528 7127 331 9898 104 7449 78 11790 25 9318 18 12821 8 11062
6 7111 1152 1306 155 1017 114 1521 68 2065 27 1973 26 4051 5 1805 3 1788 0 0
6 7112 419 488 60 365 41 559 48 1447 14 1109 8 1243 9 3248 7 4856 3 4913
6 7115 15065 10082 337 2196 179 2420 114 3234 17 1104 8 1151 0 0 0 0 0 0
6 712 308 564 129 824 85 1218 62 1840 33 2321 28 4678 8 3037 4 2370 0 0
6 713 3612 5199 1332 8680 1260 17189 1311 41842 683 47030 279 40518 57 18386 19 13653 15 68641
6 71395 18 17 8 63 32 467 102 3448 28 1887 6 835 0 0 0 0 0 0
6 721 2339 4019 1058 7069 1432 20006 1268 38899 369 26023 314 49156 111 38252 62 41884 27 49253
6 7211 1861 3252 893 5966 1328 18554 1216 37297 358 25219 310 48657 111 38252 62 41884 27 49253
6 722 23217 37387 15938 108538 20056 281498 20012 588752 4887 324399 1012 136607 76 26735 15 10300 10 12439
6 7224 1091 2154 1003 6788 683 9351 458 13725 106 6941 27 3679 0 0 0 0 0 0
6 8111 12081 22925 3887 25593 2009 26567 975 27892 130 8379 18 2301 0 0 0 0 0 0
6 811192 949 1516 345 2413 326 4494 336 10349 62 4108 5 555 0 0 0 0 0 0
6 8112 954 1634 239 1577 111 1486 65 1919 30 2043 16 2478 3 875 0 0 0 0
6 8113 1038 1744 388 2518 205 2790 109 3171 26 1823 13 1927 4 1114 0 0 0 0
6 8114 1652 2761 282 1794 104 1322 29 822 5 361 0 0 0 0 0 0 0 0
6 8121 10921 17889 3612 23948 1796 23694 624 16905 45 2897 17 2346 0 0 0 0 0 0
6 812111 290 359 114 828 66 835 32 1038 0 0 0 0 0 0 0 0 0 0
6 812112 5437 8610 1544 10293 848 11159 216 5969 17 1028 0 0 0 0 0 0 0 0
6 8122 466 1068 288 2003 187 2566 75 2237 14 989 6 961 0 0 0 0 0 0
6 8123 2523 4995 803 5156 284 3677 147 4410 67 4650 63 8309 5 1411 0 0 0 0
6 8129 4577 7447 1165 7710 724 10034 408 12093 87 5908 40 5858 7 2402 3 2017 0 0
6 813 14470 26237 4342 28223 2679 36122 1800 53560 503 34429 261 38621 37 13042 21 14046 12 19843
6 8131 6974 13188 2345 15047 1476 19923 1057 31534 274 18480 125 18507 16 5386 9 6103 6 10715
6 8139 3055 5574 833 5472 488 6464 298 8994 82 5648 51 7673 6 2166 0 0 0 0
6 81393 458 957 256 1708 201 2613 116 3321 31 1945 18 2720 4 1402 0 0 0 0
6 814 48682 86700 15006 98522 8099 108258 4232 123009 907 61479 436 63107 60 20268 28 18615 16 31592
8 111 269 354 44 288 13 179 7 209 6 362 0 0 0 0 0 0 0 0
8 112 269 354 44 288 13 179 7 209 6 362 0 0 0 0 0 0 0 0
8 113 32 51 4 28 0 0 0 0 0 0 0 0 0 0 0 0 0 0
8 1133 30 49 3 20 0 0 0 0 0 0 0 0 0 0 0 0 0 0
8 114 11 5 0 0 0 0 0 0 0 0 0 0 0 0 0 0 0 0
8 115 226 298 40 260 11 148 6 186 6 362 0 0 0 0 0 0 0 0
8 211 189 304 47 304 35 468 24 753 10 631 11 1618 6 2030 0 0 0 0
8 2121 0 0 0 0 0 0 0 0 0 0 4 791 0 0 0 0 0 0
8 2122 17 19 6 37 4 47 0 0 0 0 0 0 0 0 0 0 0 0
8 2123 38 81 17 100 23 313 17 503 3 247 0 0 0 0 0 0 0 0
8 213 422 588 75 524 66 957 63 2040 29 1924 20 2666 6 2215 5 3576 0 0
8 22 212 429 60 404 56 813 50 1787 23 1712 14 2073 0 0 0 0 0 0
8 221 212 429 60 404 56 813 50 1787 23 1712 14 2073 0 0 0 0 0 0
8 2211 80 176 21 141 39 560 40 1424 22 1631 12 1712 0 0 0 0 0 0
8 2212 35 78 12 90 12 188 6 207 0 0 0 0 0 0 0 0 0 0
8 2213 97 175 27 173 5 65 4 156 0 0 0 0 0 0 0 0 0 0
8 23 13465 19170 2718 17956 1646 22209 1060 32087 344 23779 184 26958 35 12475 14 9354 6 10978
8 3 2302 3947 970 6538 756 10237 680 20627 235 16229 163 23854 51 17783 16 10957 9 18375
8 31 2302 3947 970 6538 756 10237 680 20627 235 16229 163 23854 51 17783 16 10957 9 18375
8 311 235 408 119 831 89 1207 74 2199 30 2076 23 3584 13 4343 0 0 3 7015
8 3113 22 39 17 124 8 110 3 75 0 0 3 510 0 0 0 0 0 0
8 3114 23 49 5 30 3 43 6 215 4 275 0 0 0 0 0 0 0 0
8 3115 11 14 0 0 3 48 0 0 5 291 4 631 0 0 0 0 0 0
8 3116 18 41 22 159 16 222 7 210 4 250 4 657 0 0 0 0 0 0
8 3118 76 126 45 308 36 488 29 838 4 284 7 918 4 1180 0 0 0 0
8 311811 45 65 23 160 22 285 13 355 0 0 0 0 0 0 0 0 0 0
8 3121 128 250 117 810 96 1226 52 1487 10 674 4 538 0 0 5 3378 0 0
8 3122 128 250 117 810 97 1240 52 1487 10 674 4 538 0 0 5 3378 0 0
8 3131 8 14 6 41 0 0 0 0 0 0 0 0 0 0 0 0 0 0
8 3132 4 7 3 20 0 0 0 0 0 0 0 0 0 0 0 0 0 0
8 3133 0 0 3 21 0 0 0 0 0 0 0 0 0 0 0 0 0 0
8 314 64 103 22 141 9 111 11 314 0 0 0 0 0 0 0 0 0 0
8 31411 16 25 5 31 0 0 0 0 0 0 0 0 0 0 0 0 0 0
8 315 35 48 4 29 7 78 4 118 0 0 0 0 0 0 0 0 0 0
8 316 12 19 3 19 3 39 0 0 0 0 0 0 0 0 0 0 0 0
8 3211 15 18 10 67 5 59 3 86 0 0 0 0 0 0 0 0 0 0
8 3212 7 16 5 39 0 0 12 341 0 0 3 432 0 0 0 0 0 0
8 3219 71 116 28 206 30 411 25 745 6 395 4 439 0 0 0 0 0 0
8 32199 40 54 10 80 9 131 4 114 3 174 0 0 0 0 0 0 0 0
8 3221 8 14 3 19 5 72 4 155 3 255 4 519 0 0 0 0 0 0
8 3222 8 14 3 19 4 63 4 155 3 255 4 519 0 0 0 0 0 0
8 32221 0 0 0 0 0 0 0 0 3 255 3 358 0 0 0 0 0 0
8 3231 259 449 91 577 54 713 34 1003 9 670 5 669 0 0 0 0 0 0
8 3241 8 10 0 0 5 69 4 112 0 0 0 0 0 0 0 0 0 0
8 32411 8 10 0 0 5 69 4 112 0 0 0 0 0 0 0 0 0 0
8 325 120 160 47 320 51 686 44 1447 13 938 8 1141 6 2095 0 0 0 0
8 3252 4 8 0 0 0 0 0 0 0 0 0 0 0 0 0 0 0 0
8 3253 6 9 5 32 5 56 3 71 0 0 0 0 0 0 0 0 0 0
8 3254 64 71 18 122 25 342 20 662 8 593 0 0 0 0 0 0 0 0
8 3255 5 5 6 41 0 0 0 0 0 0 0 0 0 0 0 0 0 0
8 3256 18 22 9 72 5 79 9 323 3 201 0 0 0 0 0 0 0 0
8 3261 48 78 24 150 28 400 25 891 19 1254 8 1082 0 0 0 0 0 0
8 3262 9 19 0 0 0 0 3 87 0 0 0 0 0 0 0 0 0 0
8 327 96 163 45 295 55 738 55 1647 28 1934 17 2490 0 0 0 0 0 0
8 32711 6 4 0 0 4 55 0 0 0 0 4 613 0 0 0 0 0 0
8 327120 0 0 3 20 5 78 0 0 3 209 0 0 0 0 0 0 0 0
8 3272 14 23 7 45 3 40 0 0 0 0 0 0 0 0 0 0 0 0
8 3279 21 44 13 91 13 180 15 416 3 216 0 0 0 0 0 0 0 0
8 331 10 12 0 0 7 106 7 194 0 0 3 454 0 0 0 0 0 0
8 3315 4 4 0 0 3 42 4 98 0 0 0 0 0 0 0 0 0 0
8 332 371 668 150 1013 112 1535 108 3232 36 2418 17 2265 4 1234 0 0 0 0
8 3321 8 13 0 0 0 0 0 0 0 0 0 0 0 0 0 0 0 0
8 3322 8 11 0 0 0 0 0 0 0 0 0 0 0 0 0 0 0 0
8 3327 159 282 65 445 50 669 32 914 9 560 8 1099 0 0 0 0 0 0
8 3328 31 64 17 109 8 108 13 411 0 0 0 0 0 0 0 0 0 0
8 33299 41 75 9 63 11 148 6 208 0 0 0 0 0 0 0 0 0 0
8 333 121 211 57 377 47 661 58 1745 26 1784 16 2604 6 2309 0 0 0 0
8 3331 15 19 11 73 10 154 9 261 0 0 0 0 0 0 0 0 0 0
8 33311 7 14 3 19 5 73 3 97 0 0 0 0 0 0 0 0 0 0
8 3333 17 27 6 39 9 124 5 164 5 339 5 722 0 0 0 0 0 0
8 3335 33 66 8 52 5 62 6 201 4 244 0 0 0 0 0 0 0 0
8 3336 3 7 0 0 0 0 0 0 0 0 0 0 0 0 0 0 0 0
8 334 108 169 40 272 41 592 46 1371 14 969 18 2837 11 4073 0 0 0 0
8 3341 10 10 0 0 4 53 3 92 0 0 0 0 0 0 0 0 0 0
8 3345 40 60 19 131 15 229 22 653 7 491 13 2267 0 0 0 0 0 0
8 335 28 42 10 67 11 160 16 438 6 411 4 644 0 0 0 0 0 0
8 3352 28 42 10 67 11 160 16 438 6 411 4 644 0 0 0 0 0 0
8 336 75 129 23 158 15 194 23 767 3 208 8 1072 0 0 0 0 0 0
8 33641 9 7 4 29 0 0 0 0 0 0 4 524 0 0 0 0 0 0
8 3365 75 129 23 158 15 194 23 767 3 208 8 1072 0 0 0 0 0 0
8 3369 19 35 7 51 3 33 4 130 0 0 0 0 0 0 0 0 0 0
8 337 140 221 48 320 31 437 20 640 13 906 6 844 0 0 0 0 0 0
8 3391 133 265 35 236 18 229 15 437 6 392 3 552 0 0 0 0 0 0
8 3399 193 345 79 519 32 436 34 1065 6 391 8 1222 0 0 0 0 0 0
8 4 7765 14729 4668 31720 3324 44278 1731 52050 591 41048 455 68922 83 24847 5 2906 0 0
8 42 3944 6556 1247 8217 935 12728 661 19847 225 15251 112 17331 31 11338 12 7912 3 4693
8 4231 162 299 68 445 52 708 51 1407 9 578 9 1528 0 0 0 0 0 0
8 4232 137 237 40 262 40 560 24 758 9 603 3 367 0 0 0 0 0 0
8 4233 149 251 66 449 86 1156 78 2328 17 1147 4 558 0 0 0 0 0 0
8 4234 422 670 94 616 69 964 61 1916 29 2084 17 2694 7 2763 0 0 0 0
8 4235 64 113 44 310 34 463 20 624 11 762 0 0 0 0 0 0 0 0
8 4236 244 445 101 700 82 1082 50 1538 15 932 12 1894 3 1131 0 0 0 0
8 4237 125 255 95 598 67 900 35 1132 9 603 7 1005 0 0 0 0 0 0
8 4238 434 820 208 1350 159 2176 102 2830 24 1655 12 1849 0 0 0 0 0 0
8 4239 333 538 82 552 50 664 30 895 12 804 3 356 0 0 0 0 0 0
8 42393 39 82 17 121 16 221 10 293 6 392 0 0 0 0 0 0 0 0
8 424 1213 1993 368 2414 259 3560 185 5602 86 5843 43 6788 13 4717 7 4338 0 0
8 4241 81 142 28 182 20 266 17 514 7 517 0 0 0 0 0 0 0 0
8 4243 108 181 29 198 16 210 13 356 4 289 3 470 0 0 0 0 0 0
8 4244 330 544 74 476 61 891 61 1910 32 2188 21 3328 4 1517 4 2565 0 0
8 4245 71 136 16 103 18 246 6 180 0 0 0 0 0 0 0 0 0 0
8 4247 36 69 28 179 20 262 11 333 3 186 0 0 0 0 0 0 0 0
8 4248 49 63 9 54 13 169 6 207 12 873 3 378 3 1049 0 0 0 0
8 4249 293 453 89 582 66 904 33 991 7 419 8 1199 0 0 0 0 0 0
8 42491 64 114 32 216 25 343 13 387 4 233 0 0 0 0 0 0 0 0
8 4251 661 935 81 521 37 495 25 817 4 240 0 0 4 1399 0 0 0 0
8 4411 282 471 74 467 73 983 94 3118 101 7253 71 10255 0 0 0 0 0 0
8 4412 86 159 57 403 45 624 30 832 14 1036 0 0 0 0 0 0 0 0
8 4413 267 510 316 2286 364 4904 80 2238 5 333 0 0 0 0 0 0 0 0
8 442 418 841 216 1437 141 1935 78 2359 18 959 5 699 0 0 0 0 0 0
8 443141 57 107 36 261 22 296 10 271 0 0 0 0 0 0 0 0 0 0
8 443142 150 309 121 779 42 542 7 195 19 1387 11 1152 0 0 0 0 0 0
8 4441 394 824 238 1549 180 2459 108 3065 15 950 74 13142 3 900 0 0 0 0
8 44413 82 169 44 294 52 773 52 1431 5 299 0 0 0 0 0 0 0 0
8 4442 153 278 54 387 58 743 30 950 10 535 0 0 0 0 0 0 0 0
8 44511 150 305 70 510 80 1252 126 4145 178 12911 165 23317 7 1857 0 0 0 0
8 44512 121 191 78 533 47 590 0 0 0 0 0 0 0 0 0 0 0 0
8 4452 170 316 100 689 76 973 17 440 0 0 0 0 0 0 0 0 0 0
8 4453 764 1698 401 2647 122 1506 24 747 3 226 0 0 0 0 0 0 0 0
8 446 411 841 361 2335 210 3019 225 6470 14 914 3 488 0 0 0 0 0 0
8 44611 63 113 68 455 115 1743 163 4403 6 416 0 0 0 0 0 0 0 0
8 447 395 823 585 4169 510 6447 47 1258 13 961 0 0 0 0 0 0 0 0
8 4481 509 1085 434 2962 397 5181 240 7292 54 3422 6 848 0 0 0 0 0 0
8 44821 90 258 149 969 83 1110 25 676 0 0 0 0 0 0 0 0 0 0
8 4483 180 325 104 710 33 399 8 222 0 0 0 0 0 0 0 0 0 0
8 4511 472 845 262 1769 207 2816 149 4556 26 1788 4 613 5 1619 0 0 0 0
8 45113 34 61 19 125 16 216 12 410 0 0 0 0 0 0 0 0 0 0
8 45114 42 79 15 88 11 134 6 168 0 0 0 0 0 0 0 0 0 0
8 45121 51 106 36 237 13 167 20 660 0 0 0 0 0 0 0 0 0 0
8 45221 0 0 0 0 0 0 6 237 44 3455 19 2461 0 0 0 0 0 0
8 4523 78 160 133 932 79 1101 105 3116 8 575 80 13669 62 18518 0 0 0 0
8 4531 108 195 42 267 15 191 8 255 0 0 0 0 0 0 0 0 0 0
8 45321 21 37 17 118 50 720 9 194 0 0 0 0 0 0 0 0 0 0
8 45322 267 509 158 1047 60 765 16 450 0 0 0 0 0 0 0 0 0 0
8 4533 181 371 104 756 53 716 64 2159 26 1376 0 0 0 0 0 0 0 0
8 4539 629 1231 290 1979 211 2798 131 3917 20 1317 0 0 0 0 0 0 0 0
8 454110 787 1117 127 831 90 1183 45 1379 10 704 5 742 0 0 0 0 0 0
8 4542 29 44 7 47 4 50 4 97 0 0 0 0 0 0 0 0 0 0
8 454310 44 101 32 234 23 307 3 91 0 0 0 0 0 0 0 0 0 0
8 45439 500 672 66 410 36 501 20 612 4 381 0 0 0 0 0 0 0 0
8 481 45 65 9 51 9 132 13 349 7 471 9 1556 0 0 0 0 3 14845
8 482 2556 3626 491 3265 437 5964 302 9056 112 7689 86 13313 24 7625 16 10846 6 22319
8 483 3 2 0 0 0 0 0 0 0 0 0 0 0 0 0 0 0 0
8 484 1696 2256 246 1671 199 2707 128 3819 32 2150 29 4534 6 1850 3 1792 0 0
8 485 126 180 29 182 26 359 30 930 15 984 12 1683 7 2155 0 0 0 0
8 4853 66 88 12 68 12 154 10 268 4 240 0 0 0 0 0 0 0 0
8 486 44 80 18 113 15 188 6 160 3 241 0 0 0 0 0 0 0 0
8 487 26 46 6 45 3 41 6 175 0 0 0 0 0 0 0 0 0 0
8 488 367 619 99 652 79 1056 53 1586 21 1370 7 1054 0 0 0 0 0 0
8 492 140 171 41 279 60 829 37 1145 18 1372 19 2789 4 1369 3 2063 0 0
8 493 109 207 43 272 46 652 29 892 15 1013 8 1417 0 0 7 4774 0 0
8 5111 239 380 67 451 36 487 21 617 17 1100 10 1382 0 0 0 0 0 0
8 51111 69 117 23 143 14 178 14 391 6 390 4 584 0 0 0 0 0 0
8 5112 204 297 67 451 66 925 66 2141 25 1814 25 3805 17 5949 4 2636 0 0
8 5121 286 359 31 194 31 446 36 1120 19 1315 8 1069 0 0 0 0 0 0
8 5122 37 44 7 49 5 77 0 0 0 0 0 0 0 0 0 0 0 0
8 515 56 99 34 246 19 264 25 814 11 800 7 1234 0 0 0 0 0 0
8 517 752 1461 329 2237 195 2701 113 3448 45 3280 29 4741 18 6299 15 11059 4 5580
8 517311 505 900 97 688 87 1267 79 2496 40 2977 26 4193 17 6005 13 9648 4 5580
8 5182 323 543 84 550 54 787 44 1325 29 2018 21 3140 9 3386 3 1669 3 3645
8 5191 211 283 33 216 29 389 21 719 7 523 7 1082 0 0 3 1624 0 0
8 51912 3 3 0 0 7 102 3 121 0 0 0 0 0 0 0 0 0 0
8 51913 191 254 26 161 20 259 16 550 6 464 7 1082 0 0 3 1624 0 0
8 52 6893 11535 1994 13038 965 12814 453 13153 138 9391 82 12486 36 12893 22 16055 12 18974
8 522 1524 2710 1084 7357 597 7909 285 8096 62 4334 34 5248 17 6385 8 5939 4 4554
8 5221 457 1077 815 5629 474 6319 205 5707 36 2437 20 2881 6 2272 0 0 0 0
8 5241 426 593 101 653 84 1109 38 1181 27 1851 23 3321 9 3201 6 4424 5 6376
8 5242 2674 4801 530 3273 148 1973 66 1987 23 1516 12 1929 6 1986 4 2461 0 0
8 53 10811 13203 1211 7825 572 7511 279 8286 78 5275 21 2782 8 2752 0 0 0 0
8 531 10273 12272 923 5912 377 4898 161 4789 43 2991 12 1647 5 1811 0 0 0 0
8 5313 2194 3142 452 2893 193 2572 89 2645 26 1741 7 984 0 0 0 0 0 0
8 532 491 856 272 1792 185 2476 106 3120 33 2123 7 881 0 0 0 0 0 0
8 5321 141 240 85 577 46 581 26 785 9 585 0 0 0 0 0 0 0 0
8 5411 3015 4672 490 3182 207 2831 122 3537 34 2271 12 1796 0 0 0 0 0 0
8 5412 2806 4011 496 3311 200 2647 84 2507 26 1728 18 2791 4 1193 4 2382 0 0
8 5413 2708 3799 592 3947 398 5346 304 9035 115 7838 49 7425 12 3531 5 3478 3 4962
8 5414 958 1231 76 487 32 418 10 263 5 300 3 456 0 0 0 0 0 0
8 5415 3293 4294 384 2554 269 3607 201 6037 86 6098 61 8714 12 4613 8 4798 0 0
8 5416 5502 5876 443 2841 272 3597 176 5259 56 3855 27 4169 9 3099 4 3023 0 0
8 5417 270 416 77 516 60 842 48 1502 19 1259 18 2646 4 1419 0 0 3 4237
8 5418 674 993 118 786 60 806 53 1682 17 1005 3 498 3 1040 0 0 0 0
8 5419 1421 1714 277 1820 266 3625 156 4321 32 1943 7 961 3 892 0 0 0 0
8 54194 327 531 186 1221 215 2959 120 3217 20 1177 3 530 0 0 0 0 0 0
8 55 373 650 127 851 158 2124 159 5209 87 6062 83 12539 29 10458 10 6901 9 18700
8 561 5445 7765 1303 8547 800 10857 653 19710 289 20381 214 33431 50 17552 32 22081 31 128199
8 5613 583 767 89 576 103 1450 158 5227 116 8327 116 17566 21 6963 18 12753 17 99586
8 5614 497 879 146 973 59 776 44 1340 24 1714 16 2505 11 4239 3 2019 5 12599
8 5615 307 430 51 354 33 430 18 567 11 764 0 0 3 1318 0 0 0 0
8 5616 281 431 86 579 60 808 46 1454 27 1968 15 2124 4 1233 4 2665 3 4296
8 5617 2922 4014 738 4799 413 5532 287 8304 75 5042 43 7034 4 1523 0 0 0 0
8 56173 1516 1928 374 2437 192 2586 130 3696 35 2262 13 2058 0 0 0 0 0 0
8 562 295 489 111 784 99 1378 67 2062 28 1953 11 1678 3 913 0 0 0 0
8 611 1516 2227 410 2760 339 4568 292 8996 114 7823 58 8302 11 3514 6 4029 4 11276
8 6111 46 85 21 146 52 755 99 3277 61 4169 40 5655 8 2649 0 0 0 0
8 621 7367 11574 2598 17426 1582 21043 860 24629 257 17334 147 22387 31 10255 7 4674 0 0
8 6211 1807 2710 531 3583 435 5928 284 7875 66 4248 36 5341 11 3227 0 0 0 0
8 6212 1223 2292 1077 7207 517 6592 114 2975 5 302 0 0 0 0 0 0 0 0
8 6213 3517 5320 703 4615 299 3917 128 3680 19 1181 6 787 0 0 0 0 0 0
8 62131 874 1584 152 913 30 379 7 199 0 0 0 0 0 0 0 0 0 0
8 62132 232 437 143 974 67 879 22 624 6 368 3 373 0 0 0 0 0 0
8 6214 276 447 173 1209 198 2743 180 5275 74 5158 38 5742 6 2097 0 0 0 0
8 6216 117 159 41 309 74 1047 116 3670 69 4800 46 7247 10 3593 4 2848 0 0
8 622 0 0 0 0 0 0 0 0 7 583 37 6310 19 6745 16 11214 30 64407
8 6222 0 0 0 0 0 0 0 0 0 0 5 1073 3 884 0 0 0 0
8 623 219 439 172 1128 152 2082 174 5489 168 12074 148 22010 9 2861 3 1933 0 0
8 6231 20 28 10 53 7 88 13 467 88 6694 85 12603 0 0 0 0 0 0
8 6241 817 1176 243 1662 203 2782 208 6649 92 6480 58 8075 11 3665 0 0 0 0
8 6242 121 232 55 367 51 702 38 1163 9 678 0 0 0 0 0 0 0 0
8 6243 45 72 6 43 8 117 14 500 4 298 4 707 0 0 0 0 0 0
8 6244 413 724 192 1309 233 3316 282 8416 20 1270 4 612 0 0 0 0 0 0
8 711 923 1063 83 507 55 740 48 1420 9 611 13 1936 4 1420 0 0 0 0
8 7111 132 201 20 116 15 199 10 282 0 0 6 942 0 0 0 0 0 0
8 7112 57 70 3 21 4 50 8 247 0 0 0 0 0 0 0 0 0 0
8 7115 547 553 24 155 9 120 5 119 0 0 0 0 0 0 0 0 0 0
8 712 74 116 32 215 25 341 8 213 6 325 3 523 4 1518 0 0 0 0
8 713 1011 1278 272 1814 270 3666 232 7315 91 6406 44 7089 14 5402 0 0 7 11313
8 71395 9 20 6 40 14 197 25 731 4 272 0 0 0 0 0 0 0 0
8 721 642 989 269 1816 345 4913 303 8851 71 4920 76 12459 29 9787 7 4715 5 8502
8 7211 483 741 225 1522 327 4678 288 8394 70 4829 74 12091 29 9787 7 4715 5 8502
8 722 3016 4561 2211 15110 3102 43852 3377 102292 881 57789 165 22482 7 2304 0 0 0 0
8 7224 244 451 232 1589 181 2443 106 3180 15 984 0 0 0 0 0 0 0 0
8 8111 1880 3432 838 5724 434 5668 142 3867 11 692 4 686 0 0 0 0 0 0
8 811192 233 354 35 246 54 732 33 977 6 383 0 0 0 0 0 0 0 0
8 8112 205 358 42 244 14 170 9 281 3 203 3 389 0 0 0 0 0 0
8 8113 245 438 59 403 50 670 17 440 4 234 0 0 0 0 0 0 0 0
8 8114 371 557 55 346 16 193 7 195 0 0 0 0 0 0 0 0 0 0
8 8121 1972 2849 676 4548 351 4658 159 4581 13 830 0 0 0 0 0 0 0 0
8 812111 72 88 37 251 18 242 23 867 0 0 0 0 0 0 0 0 0 0
8 812112 1164 1620 342 2322 166 2173 65 1785 8 540 0 0 0 0 0 0 0 0
8 8122 107 251 43 301 26 355 9 271 0 0 0 0 0 0 0 0 0 0
8 8123 335 663 101 647 47 623 23 669 7 463 8 1243 0 0 0 0 0 0
8 8129 899 1253 185 1194 122 1659 61 1830 16 1187 0 0 0 0 0 0 0 0
8 813 3294 6178 986 6442 594 7890 343 10720 118 7927 47 7218 4 1366 4 3003 3 6325
8 8131 1576 3167 549 3603 351 4649 197 6197 67 4556 21 3530 3 1012 4 3003 0 0
8 8139 732 1314 178 1151 96 1286 60 1923 23 1512 13 1849 0 0 0 0 0 0
8 81393 75 178 39 257 20 268 9 295 3 212 0 0 0 0 0 0 0 0
8 814 9308 15979 2985 19849 1654 21886 770 22854 174 11654 65 9977 7 2259 4 3003 3 6325
9 111 49 86 19 107 4 52 0 0 0 0 0 0 0 0 0 0 0 0
9 112 49 86 19 107 4 52 0 0 0 0 0 0 0 0 0 0 0 0
9 113 7 11 0 0 0 0 0 0 0 0 0 0 0 0 0 0 0 0
9 1133 6 10 0 0 0 0 0 0 0 0 0 0 0 0 0 0 0 0
9 114 8 20 0 0 0 0 0 0 0 0 0 0 0 0 0 0 0 0
9 115 34 55 18 102 3 37 0 0 0 0 0 0 0 0 0 0 0 0
9 211 25 53 13 90 8 102 7 203 0 0 0 0 0 0 0 0 0 0
9 2121 18 39 13 90 8 102 7 203 0 0 0 0 0 0 0 0 0 0
9 2122 18 39 13 90 8 102 7 203 0 0 0 0 0 0 0 0 0 0
9 2123 18 39 13 90 8 102 7 203 0 0 0 0 0 0 0 0 0 0
9 213 6 11 0 0 0 0 0 0 0 0 0 0 0 0 0 0 0 0
9 22 47 86 20 133 22 316 23 653 22 1357 11 1280 5 1492 0 0 0 0
9 221 47 86 20 133 22 316 23 653 22 1357 11 1280 5 1492 0 0 0 0
9 2211 28 52 9 58 8 119 13 365 16 935 10 1130 0 0 0 0 0 0
9 2212 7 9 4 26 5 64 6 173 4 254 0 0 0 0 0 0 0 0
9 2213 12 25 7 49 9 133 4 115 0 0 0 0 0 0 0 0 0 0
9 22132 3 10 0 0 0 0 0 0 0 0 0 0 0 0 0 0 0 0
9 23 5443 8292 1205 7882 668 8919 438 13001 116 8089 49 7447 10 3392 0 0 0 0
9 3 1354 2596 743 4936 625 8639 593 18172 302 21121 212 32497 52 17358 15 9831 10 44468
9 31 1354 2596 743 4936 625 8639 593 18172 302 21121 212 32497 52 17358 15 9831 10 44468
9 311 116 197 66 430 59 758 33 928 17 1201 14 2316 4 1264 0 0 0 0
9 3113 0 0 0 0 0 0 4 109 0 0 0 0 0 0 0 0 0 0
9 3114 3 5 0 0 0 0 0 0 0 0 0 0 0 0 0 0 0 0
9 3115 9 9 0 0 6 72 0 0 3 251 3 559 0 0 0 0 0 0
9 3116 6 8 0 0 0 0 4 108 3 185 0 0 0 0 0 0 0 0
9 3118 75 127 51 327 43 566 15 384 5 315 5 700 3 979 0 0 0 0
9 311811 59 104 41 261 37 497 12 292 0 0 0 0 0 0 0 0 0 0
9 3121 49 53 25 174 26 354 12 321 0 0 4 594 0 0 0 0 0 0
9 3122 50 55 25 174 26 354 12 321 0 0 5 695 0 0 0 0 0 0
9 3132 3 3 0 0 3 48 0 0 0 0 0 0 0 0 0 0 0 0
9 314 39 70 14 98 10 136 7 211 0 0 3 439 0 0 0 0 0 0
9 31411 15 23 0 0 4 49 0 0 0 0 0 0 0 0 0 0 0 0
9 315 15 20 0 0 4 53 3 83 0 0 0 0 0 0 0 0 0 0
9 3211 7 14 0 0 0 0 0 0 0 0 0 0 0 0 0 0 0 0
9 3212 43 74 22 135 16 219 14 423 0 0 0 0 0 0 0 0 0 0
9 3219 36 60 21 130 13 173 12 348 0 0 0 0 0 0 0 0 0 0
9 32199 15 22 6 40 3 41 0 0 0 0 0 0 0 0 0 0 0 0
9 3222 6 7 0 0 11 143 11 347 6 384 6 746 0 0 0 0 0 0
9 32221 0 0 0 0 0 0 7 250 0 0 4 470 0 0 0 0 0 0
9 3231 160 318 63 417 29 395 32 974 9 673 7 966 0 0 0 0 0 0
9 3241 11 17 12 78 0 0 0 0 0 0 0 0 0 0 0 0 0 0
9 32411 11 17 12 78 0 0 0 0 0 0 0 0 0 0 0 0 0 0
9 325 35 63 22 141 27 411 39 1106 17 1179 11 1619 0 0 0 0 0 0
9 3252 0 0 4 25 5 74 8 236 4 253 0 0 0 0 0 0 0 0
9 3253 3 5 0 0 4 57 3 91 0 0 0 0 0 0 0 0 0 0
9 3254 9 14 0 0 0 0 4 114 0 0 0 0 0 0 0 0 0 0
9 3255 0 0 5 35 3 45 3 104 0 0 0 0 0 0 0 0 0 0
9 3256 7 17 4 22 7 109 3 105 4 293 3 375 0 0 0 0 0 0
9 3261 27 52 16 98 22 294 31 959 16 1124 11 1530 3 1107 0 0 0 0
9 3262 3 7 3 20 4 66 3 92 4 257 0 0 0 0 0 0 0 0
9 327 41 75 34 231 23 307 27 821 4 280 5 775 0 0 0 0 0 0
9 32711 3 4 0 0 0 0 0 0 0 0 0 0 0 0 0 0 0 0
9 3272 8 11 3 20 0 0 0 0 0 0 0 0 0 0 0 0 0 0
9 3279 14 29 18 122 9 115 10 292 0 0 0 0 0 0 0 0 0 0
9 331 7 22 6 36 4 69 14 427 13 879 5 878 3 787 0 0 0 0
9 3314 0 0 0 0 4 69 5 142 8 532 0 0 0 0 0 0 0 0
9 3315 3 9 4 24 0 0 0 0 0 0 0 0 0 0 0 0 0 0
9 332 341 720 201 1350 189 2644 185 5821 93 6345 46 6887 6 2078 0 0 0 0
9 3321 17 33 12 89 17 246 17 523 13 908 8 1091 0 0 0 0 0 0
9 3322 6 10 4 22 9 134 7 236 0 0 0 0 0 0 0 0 0 0
9 3327 193 398 101 671 80 1084 68 2259 28 2012 18 2899 0 0 0 0 0 0
9 3328 28 67 24 162 36 504 28 885 23 1446 3 350 0 0 0 0 0 0
9 33299 17 36 15 115 12 174 15 427 4 258 3 331 3 1126 0 0 0 0
9 333 126 261 69 457 55 779 56 1792 30 1950 17 2760 6 2149 0 0 0 0
9 3331 0 0 0 0 0 0 0 0 3 206 0 0 0 0 0 0 0 0
9 33311 0 0 0 0 0 0 0 0 3 206 0 0 0 0 0 0 0 0
9 3333 11 25 5 27 3 44 4 129 4 260 0 0 0 0 0 0 0 0
9 3335 59 127 41 284 29 395 19 542 10 717 0 0 0 0 0 0 0 0
9 3336 10 22 0 0 3 45 4 144 0 0 5 766 0 0 0 0 0 0
9 334 45 79 36 237 39 538 37 1197 28 2017 22 3162 10 3012 3 1844 0 0
9 3345 24 42 15 95 20 267 18 576 18 1332 9 1375 7 2108 0 0 0 0
9 335 21 38 23 157 13 174 22 695 22 1536 18 2881 4 1423 0 0 0 0
9 336 44 92 22 160 13 185 17 505 18 1480 25 4204 6 2103 3 1945 5 38583
9 33641 14 30 10 74 5 67 11 339 14 1111 15 2504 4 1475 0 0 4 27051
9 3365 44 92 22 160 13 185 17 505 18 1480 25 4204 6 2103 3 1945 5 38583
9 3366 4 8 0 0 0 0 0 0 0 0 0 0 0 0 0 0 0 0
9 3369 4 8 0 0 0 0 0 0 0 0 0 0 0 0 0 0 0 0
9 337 88 167 55 352 31 382 11 323 0 0 5 735 0 0 0 0 0 0
9 3391 44 88 17 117 15 226 15 424 8 633 6 1018 3 957 0 0 0 0
9 3399 84 162 32 214 28 394 19 564 9 611 4 566 0 0 0 0 0 0
9 4 5307 10449 2643 17513 1881 24864 1352 39289 364 24527 347 52833 32 9237 0 0 0 0
9 42 1948 3588 748 4950 538 7368 419 12675 142 9667 101 15107 23 8075 5 3405 6 7753
9 4231 67 138 43 293 46 647 39 1228 3 172 10 1270 0 0 0 0 0 0
9 4232 47 77 25 166 24 335 13 326 3 222 0 0 0 0 0 0 0 0
9 4233 92 194 46 307 36 500 22 642 6 396 0 0 0 0 0 0 0 0
9 4234 223 418 65 414 52 717 49 1491 20 1336 12 1682 0 0 0 0 0 0
9 4235 50 108 15 104 18 253 14 415 9 605 0 0 0 0 0 0 0 0
9 4236 129 251 71 495 49 692 28 921 12 837 8 1221 3 1223 0 0 0 0
9 4237 85 175 66 447 38 484 26 717 7 545 0 0 0 0 0 0 0 0
9 4238 264 530 134 871 80 1047 64 1941 25 1630 8 1066 0 0 0 0 0 0
9 4239 128 218 48 317 38 498 25 733 4 291 10 1673 3 1030 0 0 0 0
9 42393 29 55 9 59 18 253 9 288 0 0 0 0 0 0 0 0 0 0
9 424 598 1050 189 1234 141 1964 129 3953 48 3331 44 6681 12 4258 0 0 3 4044
9 4241 60 117 24 166 21 279 12 375 0 0 6 1018 0 0 0 0 0 0
9 4243 54 76 12 75 9 116 8 255 0 0 3 472 0 0 0 0 0 0
9 4244 157 249 37 246 42 588 39 1192 12 828 20 3131 6 2104 0 0 0 0
9 4245 12 18 3 15 0 0 0 0 0 0 0 0 0 0 0 0 0 0
9 4247 26 53 13 84 8 94 8 224 3 160 0 0 0 0 0 0 0 0
9 4248 31 49 7 46 7 112 11 306 5 355 5 751 0 0 0 0 0 0
9 4249 122 222 37 231 20 262 19 594 6 379 0 0 0 0 0 0 0 0
9 42491 16 32 6 41 7 82 0 0 0 0 0 0 0 0 0 0 0 0
9 4251 265 429 46 302 16 231 10 308 5 302 3 481 0 0 0 0 0 0
9 4411 210 357 61 420 45 624 137 4580 89 6017 28 3723 0 0 0 0 0 0
9 4412 51 116 24 157 31 414 14 417 0 0 0 0 0 0 0 0 0 0
9 4413 119 241 129 959 199 2625 24 702 0 0 0 0 0 0 0 0 0 0
9 442 335 716 103 686 68 909 50 1535 25 1505 5 649 0 0 0 0 0 0
9 443141 23 54 27 194 11 123 15 442 0 0 0 0 0 0 0 0 0 0
9 443142 85 205 86 547 24 268 6 175 15 1108 5 618 0 0 0 0 0 0
9 4441 278 611 187 1187 118 1617 72 2083 6 425 45 7271 0 0 0 0 0 0
9 44413 38 97 43 270 30 429 24 596 0 0 0 0 0 0 0 0 0 0
9 4442 95 159 31 199 48 617 27 740 0 0 0 0 0 0 0 0 0 0
9 44511 334 479 63 377 78 1110 76 2314 75 5341 161 24764 10 2758 0 0 0 0
9 44512 307 543 46 273 11 126 0 0 0 0 0 0 0 0 0 0 0 0
9 4452 117 221 75 506 36 465 16 441 3 182 0 0 0 0 0 0 0 0
9 4453 615 1169 183 1159 61 786 16 451 0 0 0 0 0 0 0 0 0 0
9 446 316 688 288 1898 138 1930 321 8232 8 545 0 0 0 0 0 0 0 0
9 44611 43 102 90 682 99 1398 282 7037 3 192 0 0 0 0 0 0 0 0
9 447 541 1189 309 1987 203 2601 12 299 3 212 0 0 0 0 0 0 0 0
9 4481 261 598 278 1910 275 3610 165 5117 73 4532 6 784 0 0 0 0 0 0
9 44821 48 129 88 569 83 1035 21 631 0 0 0 0 0 0 0 0 0 0
9 4483 128 277 77 512 44 551 3 91 0 0 0 0 0 0 0 0 0 0
9 4511 243 461 81 538 78 1015 71 2113 6 344 0 0 0 0 0 0 0 0
9 45113 20 44 4 29 10 129 6 198 0 0 0 0 0 0 0 0 0 0
9 45114 28 61 8 49 3 35 7 159 0 0 0 0 0 0 0 0 0 0
9 45121 41 69 17 112 11 142 20 633 0 0 0 0 0 0 0 0 0 0
9 45221 0 0 0 0 0 0 0 0 18 1305 25 3334 0 0 0 0 0 0
9 4523 69 118 85 575 49 695 91 2651 13 924 56 9241 16 4784 0 0 0 0
9 4531 84 178 35 234 15 194 3 91 0 0 0 0 0 0 0 0 0 0
9 45321 12 22 5 37 0 0 29 829 0 0 0 0 0 0 0 0 0 0
9 45322 105 234 62 428 44 587 19 502 0 0 0 0 0 0 0 0 0 0
9 4533 80 152 44 302 26 388 44 1228 5 333 0 0 0 0 0 0 0 0
9 4539 331 591 101 693 77 1036 25 663 0 0 0 0 0 0 0 0 0 0
9 454110 218 341 56 372 38 485 22 700 6 487 7 993 3 809 0 0 0 0
9 4542 12 20 0 0 0 0 3 114 0 0 0 0 0 0 0 0 0 0
9 454310 122 286 73 480 63 817 44 1338 11 702 4 674 0 0 0 0 0 0
9 45439 127 225 27 189 4 46 6 177 0 0 0 0 0 0 0 0 0 0
9 481 9 28 5 32 4 51 0 0 5 341 3 461 0 0 0 0 0 0
9 482 821 1232 233 1587 229 3086 212 6186 106 7288 74 11200 17 5742 13 7968 0 0
9 483 14 14 3 17 4 51 3 90 0 0 0 0 0 0 0 0 0 0
9 484 408 545 91 622 72 948 63 1902 23 1556 8 1293 0 0 0 0 0 0
9 485 120 174 40 284 58 757 63 1881 50 3355 36 5163 5 1713 0 0 0 0
9 4853 76 112 20 137 20 267 13 403 5 318 0 0 0 0 0 0 0 0
9 486 4 9 4 24 0 0 0 0 0 0 0 0 0 0 0 0 0 0
9 487 20 19 0 0 0 0 0 0 0 0 0 0 0 0 0 0 0 0
9 488 159 294 53 341 49 694 41 1044 9 661 6 768 0 0 0 0 0 0
9 492 57 96 17 118 15 200 17 518 7 506 9 1349 5 1638 4 2588 0 0
9 493 30 53 19 144 24 340 23 692 9 662 10 1832 5 1699 5 2952 0 0
9 5111 98 179 23 147 18 265 29 800 6 483 11 1621 0 0 0 0 0 0
9 51111 23 50 6 46 6 97 12 356 0 0 4 641 0 0 0 0 0 0
9 5112 87 143 25 150 27 385 25 743 11 793 4 741 0 0 0 0 0 0
9 5121 124 170 29 200 30 424 24 831 3 182 0 0 0 0 0 0 0 0
9 5122 23 45 0 0 0 0 0 0 0 0 0 0 0 0 0 0 0 0
9 515 37 63 16 107 23 298 19 571 8 526 13 1896 5 1770 0 0 0 0
9 517 399 744 138 985 83 1060 43 1336 23 1474 13 1729 3 1321 0 0 0 0
9 517311 266 426 58 393 21 298 34 1060 20 1285 11 1499 3 1321 0 0 0 0
9 5182 106 170 26 176 29 379 14 435 13 923 7 1047 0 0 3 2017 0 0
9 5191 96 160 31 200 36 488 23 672 5 341 0 0 0 0 0 0 0 0
9 51912 21 53 22 149 21 286 15 395 4 258 0 0 0 0 0 0 0 0
9 51913 71 102 5 30 12 159 8 277 0 0 0 0 0 0 0 0 0 0
9 52 3183 5825 1334 8860 644 8379 355 10942 132 9185 84 12154 23 7509 25 17367 11 27310
9 522 777 1504 816 5529 295 3776 105 3339 38 2686 29 4070 3 759 5 3200 0 0
9 5221 430 883 717 4893 257 3295 83 2579 27 1893 18 2446 3 759 3 1913 0 0
9 5241 200 337 60 389 72 929 55 1666 33 2253 29 4450 9 3105 15 10973 9 23773
9 5242 997 1976 264 1686 123 1613 76 2317 22 1527 12 1684 5 1499 3 1809 0 0
9 53 2483 4307 540 3455 219 2818 107 3118 30 1915 6 970 0 0 0 0 0 0
9 531 2257 3893 399 2576 159 2037 74 2225 18 1155 5 824 0 0 0 0 0 0
9 5313 596 1050 158 1048 81 1042 40 1213 12 796 3 461 0 0 0 0 0 0
9 532 215 404 135 848 59 772 29 796 12 760 0 0 0 0 0 0 0 0
9 5321 81 157 61 392 20 273 12 309 6 354 0 0 0 0 0 0 0 0
9 5411 1462 2693 380 2501 179 2414 87 2536 21 1334 8 1303 0 0 0 0 0 0
9 5412 871 1468 246 1640 133 1729 60 1740 14 892 16 2383 6 2341 0 0 0 0
9 5413 586 1011 211 1415 134 1791 97 3016 25 1686 18 2477 5 1715 0 0 0 0
9 5414 246 360 35 224 12 168 0 0 0 0 0 0 0 0 0 0 0 0
9 5415 817 1277 152 1027 110 1545 92 2856 41 2971 21 2995 12 4439 0 0 0 0
9 5416 1134 1482 163 1066 101 1385 55 1749 25 1722 18 2655 3 1074 3 2067 0 0
9 5417 119 204 40 293 32 464 24 810 12 858 10 1431 4 1338 0 0 3 7757
9 5418 260 454 66 434 40 514 39 1303 13 829 6 961 0 0 0 0 0 0
9 5419 318 512 112 741 131 1793 74 2084 10 647 8 1256 0 0 0 0 0 0
9 54194 101 214 80 534 117 1615 57 1548 6 390 5 674 0 0 0 0 0 0
9 55 250 423 86 561 84 1183 98 3139 59 4192 59 9224 13 5020 7 4793 3 4251
9 561 3210 4463 712 4658 426 5805 319 9961 159 10883 92 14127 47 16488 20 12668 3 4551
9 5613 297 455 70 490 59 824 93 2992 71 4859 47 7577 17 5226 11 7175 0 0
9 5614 145 287 42 264 27 376 30 895 11 698 5 790 0 0 0 0 0 0
9 5615 122 219 26 154 23 302 9 276 4 338 4 491 3 1157 0 0 0 0
9 5616 109 193 40 269 30 404 35 1183 10 675 10 1589 11 4014 0 0 0 0
9 5617 2251 2830 452 2923 234 3135 103 3074 47 3266 14 2115 8 3100 5 3071 0 0
9 56173 1713 1948 250 1589 120 1607 39 1213 13 897 4 493 0 0 0 0 0 0
9 562 193 356 60 415 44 611 43 1289 15 1031 9 1249 0 0 0 0 0 0
9 611 690 1133 270 1862 215 2931 186 5604 65 4422 56 8395 12 4005 0 0 13 51075
9 6111 28 64 17 125 44 618 92 2899 47 3203 50 7608 9 2957 0 0 0 0
9 621 3708 6928 1811 12062 1308 17458 662 19707 204 14054 111 16956 29 8818 8 4754 0 0
9 6211 1451 2636 636 4161 549 7364 301 8938 87 5823 31 4402 9 2851 4 2482 0 0
9 6212 630 1508 671 4519 367 4738 64 1715 5 292 0 0 0 0 0 0 0 0
9 6213 1102 1940 358 2403 180 2334 73 2224 12 830 4 534 0 0 0 0 0 0
9 62131 284 552 76 500 13 162 3 67 0 0 0 0 0 0 0 0 0 0
9 62132 103 224 83 563 54 689 6 162 0 0 0 0 0 0 0 0 0 0
9 6214 110 207 78 541 135 1939 129 3819 27 1908 21 3286 3 911 0 0 0 0
9 6216 62 67 17 116 26 371 57 1867 55 3958 42 6557 11 3298 0 0 0 0
9 622 0 0 0 0 0 0 0 0 0 0 5 771 10 3507 6 3797 26 59127
9 6222 0 0 0 0 0 0 0 0 0 0 0 0 4 1414 0 0 0 0
9 623 103 182 324 2364 420 5333 131 3816 112 8419 200 32147 33 11346 3 2170 0 0
9 6231 7 13 10 64 20 230 12 438 39 3059 141 22991 16 5131 0 0 0 0
9 6241 323 568 165 1138 175 2378 194 6023 115 8003 92 14343 12 4114 0 0 0 0
9 6242 76 173 39 270 42 589 31 864 4 212 0 0 0 0 0 0 0 0
9 6243 27 68 15 92 26 349 22 680 16 1211 9 1241 0 0 0 0 0 0
9 6244 187 352 184 1250 250 3480 260 7672 22 1400 0 0 0 0 0 0 0 0
9 711 320 414 39 260 22 279 27 853 13 790 6 792 4 1220 0 0 0 0
9 7111 59 98 7 46 8 108 11 356 8 423 4 479 0 0 0 0 0 0
9 7112 11 13 4 30 0 0 3 89 0 0 0 0 0 0 0 0 0 0
9 7115 180 173 18 123 3 36 0 0 0 0 0 0 0 0 0 0 0 0
9 712 59 100 26 162 25 341 16 461 6 407 3 324 0 0 0 0 0 0
9 713 514 741 227 1508 174 2514 192 5959 87 5874 21 3092 9 2815 0 0 0 0
9 71395 8 17 4 25 5 76 12 376 4 305 0 0 0 0 0 0 0 0
9 721 165 241 50 320 77 1065 123 3856 31 2179 25 3784 0 0 0 0 0 0
9 7211 120 177 42 271 73 1006 121 3786 27 1892 25 3784 0 0 0 0 0 0
9 722 2894 5159 1617 10979 1769 24858 1747 53360 355 22500 54 6737 6 1909 0 0 0 0
9 7224 163 308 62 416 38 527 30 840 5 301 0 0 0 0 0 0 0 0
9 8111 1030 2077 453 3086 218 2826 65 1771 3 190 0 0 0 0 0 0 0 0
9 811192 89 147 49 320 42 562 17 483 0 0 0 0 0 0 0 0 0 0
9 8112 74 138 18 123 9 127 5 164 0 0 0 0 0 0 0 0 0 0
9 8113 104 203 33 215 24 318 11 306 4 306 0 0 0 0 0 0 0 0
9 8114 166 289 30 183 10 119 0 0 0 0 0 0 0 0 0 0 0 0
9 8121 1496 2716 600 3922 278 3639 91 2578 9 545 0 0 0 0 0 0 0 0
9 812111 67 103 13 79 3 46 0 0 0 0 0 0 0 0 0 0 0 0
9 812112 660 1220 278 1835 152 1990 50 1458 7 442 0 0 0 0 0 0 0 0
9 8122 167 365 85 554 36 452 9 258 0 0 0 0 0 0 0 0 0 0
9 8123 296 601 98 624 47 618 29 894 6 483 5 722 0 0 0 0 0 0
9 8129 405 681 130 854 74 969 29 846 6 374 0 0 0 0 0 0 0 0
9 813 1976 3912 739 4797 361 4817 165 5113 38 2504 12 1976 0 0 0 0 0 0
9 8131 882 1947 421 2741 202 2762 100 3022 21 1356 0 0 0 0 0 0 0 0
9 8139 501 914 139 915 67 878 18 639 7 474 6 955 0 0 0 0 0 0
9 81393 125 237 69 457 42 552 7 249 4 286 0 0 0 0 0 0 0 0
9 814 5714 10982 2186 14358 1057 13885 406 11971 70 4684 21 3197 0 0 0 0 0 0
10 111 22 30 5 34 5 64 0 0 0 0 0 0 0 0 0 0 0 0
10 112 22 30 5 34 5 64 0 0 0 0 0 0 0 0 0 0 0 0
10 113 22 30 5 34 5 64 0 0 0 0 0 0 0 0 0 0 0 0
10 1133 22 30 5 34 5 64 0 0 0 0 0 0 0 0 0 0 0 0
10 114 7 7 0 0 0 0 0 0 0 0 0 0 0 0 0 0 0 0
10 115 14 22 4 28 5 64 0 0 0 0 0 0 0 0 0 0 0 0
10 211 9 17 3 21 3 46 5 164 0 0 0 0 0 0 0 0 0 0
10 2121 4 11 0 0 0 0 0 0 0 0 0 0 0 0 0 0 0 0
10 2122 4 11 0 0 0 0 0 0 0 0 0 0 0 0 0 0 0 0
10 2123 3 11 0 0 0 0 0 0 0 0 0 0 0 0 0 0 0 0
10 213 4 4 0 0 0 0 4 123 0 0 0 0 0 0 0 0 0 0
10 22 22 29 13 86 7 96 6 203 8 516 6 952 3 1005 0 0 0 0
10 221 22 29 13 86 7 96 6 203 8 516 6 952 3 1005 0 0 0 0
10 2211 15 21 9 62 5 71 4 132 5 296 3 477 3 1005 0 0 0 0
10 2213 6 8 4 24 0 0 0 0 0 0 0 0 0 0 0 0 0 0
10 23 1473 2435 357 2325 256 3458 147 4447 66 4554 29 4365 5 1612 0 0 0 0
10 3 231 417 94 650 72 1022 91 2910 37 2592 24 3778 12 4278 4 2218 7 11844
10 31 231 417 94 650 72 1022 91 2910 37 2592 24 3778 12 4278 4 2218 7 11844
10 311 20 30 6 42 6 81 10 326 7 461 3 324 0 0 0 0 5 8890
10 3113 3 3 0 0 0 0 0 0 0 0 0 0 0 0 0 0 0 0
10 3115 20 30 6 42 6 81 10 326 7 461 3 324 0 0 0 0 5 8890
10 3116 0 0 0 0 0 0 3 101 0 0 0 0 0 0 0 0 5 8890
10 3118 10 22 0 0 3 38 3 107 0 0 0 0 0 0 0 0 0 0
10 311811 9 22 0 0 0 0 0 0 0 0 0 0 0 0 0 0 0 0
10 3121 7 9 6 43 7 96 0 0 0 0 0 0 0 0 0 0 0 0
10 3122 7 9 6 43 7 96 0 0 0 0 0 0 0 0 0 0 0 0
10 3131 3 1 0 0 0 0 0 0 0 0 0 0 0 0 0 0 0 0
10 3132 3 1 0 0 0 0 0 0 0 0 0 0 0 0 0 0 0 0
10 3133 3 1 0 0 0 0 0 0 0 0 0 0 0 0 0 0 0 0
10 314 6 12 0 0 0 0 0 0 0 0 0 0 0 0 0 0 0 0
10 315 3 5 0 0 0 0 0 0 0 0 0 0 0 0 0 0 0 0
10 316 231 417 94 650 72 1022 91 2910 37 2592 24 3778 12 4278 4 2218 7 11844
10 3162 231 417 94 650 72 1022 91 2910 37 2592 24 3778 12 4278 4 2218 7 11844
10 3211 5 7 3 21 0 0 3 93 0 0 0 0 0 0 0 0 0 0
10 3219 4 6 3 21 0 0 0 0 0 0 0 0 0 0 0 0 0 0
10 3231 28 58 12 81 9 130 3 101 0 0 0 0 0 0 0 0 0 0
10 325 22 48 0 0 9 137 12 437 3 179 6 1153 3 976 0 0 0 0
10 3253 3 5 0 0 4 58 3 101 0 0 0 0 0 0 0 0 0 0
10 3254 6 13 0 0 0 0 0 0 0 0 0 0 0 0 0 0 0 0
10 3255 22 48 0 0 9 137 12 437 3 179 6 1153 3 976 0 0 0 0
10 3256 5 9 0 0 0 0 0 0 0 0 0 0 0 0 0 0 0 0
10 3261 5 10 0 0 5 67 7 226 5 375 4 621 0 0 0 0 0 0
10 327 14 27 6 37 0 0 9 289 0 0 0 0 0 0 0 0 0 0
10 32711 4 8 0 0 0 0 0 0 0 0 0 0 0 0 0 0 0 0
10 327120 3 8 0 0 0 0 0 0 0 0 0 0 0 0 0 0 0 0
10 3272 3 5 0 0 0 0 0 0 0 0 0 0 0 0 0 0 0 0
10 332 34 56 15 106 15 212 15 500 6 422 3 349 0 0 0 0 0 0
10 3322 34 56 15 106 15 212 15 500 6 422 3 349 0 0 0 0 0 0
10 3327 16 23 8 52 7 97 0 0 0 0 0 0 0 0 0 0 0 0
10 3328 3 4 3 23 0 0 3 96 0 0 0 0 0 0 0 0 0 0
10 333 21 43 8 55 0 0 5 136 0 0 0 0 0 0 0 0 0 0
10 3335 21 43 8 55 0 0 5 136 0 0 0 0 0 0 0 0 0 0
10 3336 21 43 8 55 0 0 5 136 0 0 0 0 0 0 0 0 0 0
10 334 16 37 8 60 0 0 10 333 3 195 0 0 0 0 0 0 0 0
10 3341 16 37 8 60 0 0 10 333 3 195 0 0 0 0 0 0 0 0
10 3345 13 28 6 42 0 0 7 257 0 0 0 0 0 0 0 0 0 0
10 335 4 6 3 25 3 38 0 0 0 0 0 0 0 0 0 0 0 0
10 3352 4 6 3 25 3 38 0 0 0 0 0 0 0 0 0 0 0 0
10 336 9 14 4 28 0 0 3 74 3 223 0 0 0 0 0 0 0 0
10 3365 9 14 4 28 0 0 3 74 3 223 0 0 0 0 0 0 0 0
10 3369 9 14 4 28 0 0 3 74 3 223 0 0 0 0 0 0 0 0
10 337 5 8 5 33 3 39 0 0 0 0 0 0 0 0 0 0 0 0
10 3391 10 17 3 14 3 44 0 0 0 0 0 0 0 0 0 0 0 0
10 3399 14 26 6 43 0 0 0 0 0 0 0 0 0 0 0 0 0 0
10 4 1535 2805 875 5885 549 7373 411 11906 134 9059 93 13960 9 2905 0 0 0 0
10 42 745 1245 183 1213 121 1647 109 3359 36 2325 12 1794 0 0 0 0 0 0
10 4231 41 63 9 63 9 128 9 272 3 171 0 0 0 0 0 0 0 0
10 4232 21 35 7 47 0 0 3 92 0 0 0 0 0 0 0 0 0 0
10 4233 20 41 15 98 13 185 9 290 0 0 0 0 0 0 0 0 0 0
10 4234 95 169 20 120 8 105 13 390 0 0 0 0 0 0 0 0 0 0
10 4235 17 22 6 39 4 54 4 117 0 0 0 0 0 0 0 0 0 0
10 4236 50 81 12 73 9 103 6 151 0 0 0 0 0 0 0 0 0 0
10 4237 42 94 18 117 11 138 6 197 0 0 0 0 0 0 0 0 0 0
10 4238 72 120 31 217 16 213 19 599 7 508 0 0 0 0 0 0 0 0
10 4239 46 78 7 52 6 94 4 108 0 0 0 0 0 0 0 0 0 0
10 42393 6 9 5 35 0 0 0 0 0 0 0 0 0 0 0 0 0 0
10 424 238 382 45 291 39 532 35 1125 16 1036 8 1239 0 0 0 0 0 0
10 4241 14 30 3 18 0 0 3 95 0 0 0 0 0 0 0 0 0 0
10 4243 18 25 4 24 4 57 4 143 0 0 0 0 0 0 0 0 0 0
10 4244 71 85 10 62 12 160 8 260 4 224 3 557 0 0 0 0 0 0
10 4245 4 8 3 18 0 0 0 0 0 0 0 0 0 0 0 0 0 0
10 4247 7 10 0 0 0 0 3 90 0 0 0 0 0 0 0 0 0 0
10 4248 12 22 3 21 0 0 0 0 0 0 3 469 0 0 0 0 0 0
10 4249 44 78 5 31 7 105 6 142 0 0 0 0 0 0 0 0 0 0
10 42491 10 19 0 0 4 58 4 89 0 0 0 0 0 0 0 0 0 0
10 4251 103 160 13 96 4 64 0 0 0 0 0 0 0 0 0 0 0 0
10 4411 55 102 20 135 11 144 17 595 32 2129 13 1980 0 0 0 0 0 0
10 4412 16 21 14 96 12 174 4 127 0 0 0 0 0 0 0 0 0 0
10 4413 38 75 59 414 49 644 15 480 0 0 0 0 0 0 0 0 0 0
10 442 102 199 35 243 35 518 15 411 7 457 0 0 0 0 0 0 0 0
10 443141 14 27 10 59 3 49 3 60 0 0 0 0 0 0 0 0 0 0
10 443142 27 55 25 161 6 62 0 0 0 0 3 472 0 0 0 0 0 0
10 4441 49 118 47 300 28 390 22 584 3 159 19 3032 0 0 0 0 0 0
10 44413 17 33 8 52 12 180 8 201 0 0 0 0 0 0 0 0 0 0
10 4442 24 36 12 78 18 250 7 190 0 0 0 0 0 0 0 0 0 0
10 44511 60 74 13 78 21 303 8 243 45 3282 24 3134 0 0 0 0 0 0
10 44512 51 88 19 144 7 84 15 397 0 0 0 0 0 0 0 0 0 0
10 4452 44 58 20 139 8 113 3 87 0 0 0 0 0 0 0 0 0 0
10 4453 183 357 54 360 17 215 6 188 0 0 0 0 0 0 0 0 0 0
10 446 105 233 80 530 52 696 81 2108 0 0 0 0 0 0 0 0 0 0
10 44611 19 33 34 230 39 531 73 1853 0 0 0 0 0 0 0 0 0 0
10 447 85 207 72 484 28 364 56 1752 5 247 0 0 0 0 0 0 0 0
10 4481 115 211 83 573 74 963 56 1665 19 1178 0 0 0 0 0 0 0 0
10 44821 21 49 35 247 25 325 6 189 0 0 0 0 0 0 0 0 0 0
10 4483 40 85 30 196 15 196 0 0 0 0 0 0 0 0 0 0 0 0
10 4511 63 92 18 117 21 275 15 468 3 182 0 0 0 0 0 0 0 0
10 45114 6 8 3 18 0 0 0 0 0 0 0 0 0 0 0 0 0 0
10 45121 7 11 9 58 3 40 0 0 0 0 0 0 0 0 0 0 0 0
10 45221 0 0 0 0 0 0 0 0 4 314 13 1882 0 0 0 0 0 0
10 4523 16 31 49 323 26 349 32 975 0 0 14 2444 7 2284 0 0 0 0
10 4531 18 28 14 94 7 103 0 0 0 0 0 0 0 0 0 0 0 0
10 45321 0 0 0 0 0 0 7 197 0 0 0 0 0 0 0 0 0 0
10 45322 29 44 16 112 13 166 4 89 0 0 0 0 0 0 0 0 0 0
10 4533 22 35 17 126 7 112 9 233 0 0 0 0 0 0 0 0 0 0
10 4539 127 234 78 515 27 341 8 228 0 0 0 0 0 0 0 0 0 0
10 454110 154 216 25 173 18 255 3 99 4 270 0 0 0 0 0 0 0 0
10 4542 6 9 0 0 0 0 0 0 0 0 0 0 0 0 0 0 0 0
10 454310 17 35 8 43 6 87 10 279 0 0 0 0 0 0 0 0 0 0
10 45439 45 71 12 77 11 141 0 0 0 0 0 0 0 0 0 0 0 0
10 481 16 27 0 0 0 0 0 0 0 0 0 0 0 0 0 0 0 0
10 482 459 700 86 538 89 1219 77 2277 27 1876 15 2300 3 1074 4 2570 0 0
10 483 6 7 0 0 0 0 0 0 0 0 0 0 0 0 0 0 0 0
10 484 187 244 26 168 34 469 30 928 8 489 3 347 0 0 0 0 0 0
10 485 70 133 23 135 16 210 16 523 7 477 0 0 0 0 0 0 0 0
10 4853 14 28 4 26 0 0 0 0 0 0 0 0 0 0 0 0 0 0
10 486 459 700 86 538 89 1219 77 2277 27 1876 15 2300 3 1074 4 2570 0 0
10 487 19 34 0 0 0 0 0 0 0 0 0 0 0 0 0 0 0 0
10 488 83 131 18 108 17 242 12 310 7 550 3 498 0 0 0 0 0 0
10 492 40 60 0 0 10 133 6 160 0 0 6 1031 0 0 0 0 0 0
10 493 38 64 15 96 9 123 10 276 4 305 0 0 0 0 0 0 0 0
10 5111 14 25 0 0 4 54 4 147 3 195 0 0 0 0 0 0 0 0
10 51111 5 8 0 0 3 38 0 0 0 0 0 0 0 0 0 0 0 0
10 5112 88 104 11 75 10 121 6 185 0 0 0 0 0 0 0 0 0 0
10 5121 39 41 8 56 0 0 6 226 0 0 0 0 0 0 0 0 0 0
10 5122 8 13 0 0 0 0 0 0 0 0 0 0 0 0 0 0 0 0
10 515 5 10 5 37 4 64 0 0 0 0 0 0 0 0 0 0 0 0
10 517 164 293 44 292 30 418 6 171 6 362 0 0 0 0 0 0 0 0
10 517311 106 169 14 96 13 179 4 127 6 362 0 0 0 0 0 0 0 0
10 5182 66 102 16 115 8 117 6 217 3 213 0 0 0 0 0 0 0 0
10 5191 50 78 13 96 5 67 3 95 0 0 0 0 0 0 0 0 0 0
10 51912 0 0 6 47 0 0 0 0 0 0 0 0 0 0 0 0 0 0
10 51913 41 59 5 35 3 42 0 0 0 0 0 0 0 0 0 0 0 0
10 52 1223 2101 353 2315 179 2373 100 2995 38 2488 37 6082 14 5335 13 8925 6 9086
10 522 366 769 196 1318 91 1219 43 1266 18 1177 21 3353 10 3592 12 8322 5 7695
10 5221 123 326 143 988 64 853 25 693 11 695 15 2418 5 1934 11 7481 3 4779
10 5241 85 136 27 160 13 177 13 388 6 418 7 1262 0 0 0 0 0 0
10 5242 207 394 73 471 31 409 24 754 4 271 0 0 0 0 0 0 0 0
10 53 971 1504 192 1219 75 1008 45 1200 8 524 0 0 0 0 0 0 0 0
10 531 854 1317 149 964 47 616 30 812 6 406 0 0 0 0 0 0 0 0
10 5313 212 320 51 336 18 234 15 432 6 406 0 0 0 0 0 0 0 0
10 532 64 106 40 231 27 375 13 337 0 0 0 0 0 0 0 0 0 0
10 5321 11 19 15 95 4 48 4 96 0 0 0 0 0 0 0 0 0 0
10 5411 258 560 101 690 61 854 33 965 11 691 5 638 0 0 0 0 0 0
10 5412 209 289 58 393 43 612 23 706 6 444 0 0 0 0 0 0 0 0
10 5413 190 260 61 404 39 537 21 626 13 894 5 862 0 0 0 0 0 0
10 5414 61 103 7 51 4 38 0 0 0 0 0 0 0 0 0 0 0 0
10 5415 642 912 88 579 54 745 37 1118 14 995 9 1192 3 1050 0 0 0 0
10 5416 558 627 58 371 31 445 27 787 5 337 3 620 0 0 0 0 0 0
10 5417 76 100 18 117 8 102 16 478 5 370 4 446 3 1056 0 0 0 0
10 5418 93 121 11 66 9 124 7 216 0 0 0 0 0 0 0 0 0 0
10 5419 161 185 29 182 32 449 17 505 4 270 0 0 0 0 0 0 0 0
10 54194 16 26 13 85 28 389 16 472 4 270 0 0 0 0 0 0 0 0
10 55 524 737 37 253 23 320 29 904 10 685 4 729 3 918 3 1954 0 0
10 561 850 1280 239 1544 155 2103 142 4220 53 3662 31 4781 16 5727 7 4381 0 0
10 5613 91 118 21 131 19 246 24 750 18 1261 15 2409 5 1688 4 2471 0 0
10 5614 70 100 13 84 10 140 8 259 0 0 4 641 0 0 0 0 0 0
10 5615 36 70 5 30 4 49 9 239 0 0 0 0 0 0 0 0 0 0
10 5616 34 73 12 82 6 95 12 424 10 648 0 0 3 1052 0 0 0 0
10 5617 449 672 145 934 85 1153 61 1731 16 1091 6 757 0 0 0 0 0 0
10 56173 243 322 72 479 41 551 31 885 7 522 0 0 0 0 0 0 0 0
10 562 31 62 12 85 16 217 12 430 7 503 0 0 0 0 0 0 0 0
10 611 149 222 56 393 55 748 32 910 20 1492 12 2106 0 0 0 0 0 0
10 6111 10 20 9 80 11 158 13 401 17 1298 9 1509 0 0 0 0 0 0
10 621 723 1313 422 2871 349 4729 203 5736 47 3137 32 4362 6 1713 0 0 0 0
10 6211 279 541 156 1030 120 1683 71 1891 16 1056 6 856 3 796 0 0 0 0
10 6212 51 81 97 689 89 1149 27 761 0 0 0 0 0 0 0 0 0 0
10 6213 277 491 109 737 77 1015 25 627 4 269 0 0 0 0 0 0 0 0
10 62131 81 175 25 165 9 116 3 64 0 0 0 0 0 0 0 0 0 0
10 62132 15 28 13 90 15 190 0 0 0 0 0 0 0 0 0 0 0 0
10 6214 26 55 31 218 43 600 42 1221 8 531 6 964 0 0 0 0 0 0
10 6216 20 24 7 53 4 62 25 839 17 1180 16 2050 0 0 0 0 0 0
10 622 0 0 0 0 0 0 0 0 0 0 0 0 3 1141 3 2494 6 18020
10 6222 0 0 0 0 0 0 0 0 0 0 0 0 3 1141 0 0 0 0
10 623 97 198 80 495 43 524 18 650 19 1444 49 8035 0 0 0 0 0 0
10 6231 11 10 0 0 0 0 0 0 4 336 29 4523 0 0 0 0 0 0
10 6241 94 161 38 253 45 611 34 1112 14 946 11 1865 0 0 0 0 0 0
10 6242 12 28 16 118 15 195 7 221 0 0 0 0 0 0 0 0 0 0
10 6243 7 10 3 22 0 0 6 223 3 186 3 410 0 0 0 0 0 0
10 6244 69 130 74 509 116 1662 78 2264 9 501 0 0 0 0 0 0 0 0
10 711 124 107 15 91 5 71 9 328 3 208 0 0 0 0 0 0 0 0
10 7111 24 25 6 29 0 0 0 0 0 0 0 0 0 0 0 0 0 0
10 7112 14 20 0 0 3 39 0 0 0 0 0 0 0 0 0 0 0 0
10 7115 69 41 0 0 0 0 0 0 0 0 0 0 0 0 0 0 0 0
10 712 15 29 3 23 7 97 3 106 0 0 0 0 0 0 0 0 0 0
10 713 146 175 45 322 52 715 41 1251 15 1119 4 630 4 1209 0 0 0 0
10 71395 0 0 0 0 3 51 7 206 0 0 0 0 0 0 0 0 0 0
10 721 81 113 22 136 43 598 45 1248 14 1001 0 0 0 0 0 0 0 0
10 7211 70 96 20 126 42 579 43 1192 14 1001 0 0 0 0 0 0 0 0
10 722 667 1035 318 2169 420 5818 484 14571 150 9995 31 4365 0 0 0 0 0 0
10 7224 41 79 11 72 6 74 6 197 4 321 0 0 0 0 0 0 0 0
10 8111 226 434 102 680 47 623 22 657 3 205 0 0 0 0 0 0 0 0
10 811192 15 17 9 60 8 102 8 296 0 0 0 0 0 0 0 0 0 0
10 8112 29 41 3 18 0 0 0 0 0 0 0 0 0 0 0 0 0 0
10 8113 25 54 10 53 6 83 7 212 0 0 0 0 0 0 0 0 0 0
10 8114 41 61 4 23 0 0 0 0 0 0 0 0 0 0 0 0 0 0
10 8121 255 457 137 900 62 838 27 808 3 168 0 0 0 0 0 0 0 0
10 812111 16 32 7 38 6 85 0 0 0 0 0 0 0 0 0 0 0 0
10 812112 120 214 75 501 39 529 19 593 3 168 0 0 0 0 0 0 0 0
10 8122 31 55 21 155 5 61 5 136 0 0 0 0 0 0 0 0 0 0
10 8123 56 109 17 106 8 111 5 107 0 0 0 0 0 0 0 0 0 0
10 8129 80 118 22 141 15 188 4 135 0 0 0 0 0 0 0 0 0 0
10 813 597 1081 201 1297 101 1335 55 1637 14 1101 3 360 0 0 0 0 0 0
10 8131 315 631 122 768 59 795 32 960 9 685 0 0 0 0 0 0 0 0
10 8139 126 210 40 262 18 220 8 211 0 0 0 0 0 0 0 0 0 0
10 81393 36 51 13 81 12 149 4 98 0 0 0 0 0 0 0 0 0 0
10 814 1340 2410 517 3373 245 3249 128 3767 23 1661 5 651 0 0 0 0 0 0
11 22 39 74 10 60 6 83 5 121 0 0 0 0 5 1354 0 0 0 0
11 221 39 74 10 60 6 83 5 121 0 0 0 0 5 1354 0 0 0 0
11 2211 35 63 10 60 6 83 5 121 0 0 0 0 5 1354 0 0 0 0
11 2212 4 11 0 0 0 0 0 0 0 0 0 0 0 0 0 0 0 0
11 2213 39 74 10 60 6 83 5 121 0 0 0 0 5 1354 0 0 0 0
11 22132 39 74 10 60 6 83 5 121 0 0 0 0 5 1354 0 0 0 0
11 23 239 385 77 496 62 837 51 1463 30 1974 16 2424 3 1138 0 0 0 0
11 3 63 116 22 136 13 173 10 310 3 153 0 0 0 0 0 0 0 0
11 31 63 116 22 136 13 173 10 310 3 153 0 0 0 0 0 0 0 0
11 311 13 24 7 49 0 0 0 0 0 0 0 0 0 0 0 0 0 0
11 3113 13 24 7 49 0 0 0 0 0 0 0 0 0 0 0 0 0 0
11 3114 13 24 7 49 0 0 0 0 0 0 0 0 0 0 0 0 0 0
11 3115 13 24 7 49 0 0 0 0 0 0 0 0 0 0 0 0 0 0
11 3116 13 24 7 49 0 0 0 0 0 0 0 0 0 0 0 0 0 0
11 3118 6 13 5 37 0 0 0 0 0 0 0 0 0 0 0 0 0 0
11 311811 4 7 4 32 0 0 0 0 0 0 0 0 0 0 0 0 0 0
11 3121 6 7 4 21 4 53 3 96 0 0 0 0 0 0 0 0 0 0
11 3122 6 7 4 21 4 53 3 96 0 0 0 0 0 0 0 0 0 0
11 3131 63 116 22 136 13 173 10 310 3 153 0 0 0 0 0 0 0 0
11 3132 63 116 22 136 13 173 10 310 3 153 0 0 0 0 0 0 0 0
11 3133 63 116 22 136 13 173 10 310 3 153 0 0 0 0 0 0 0 0
11 314 63 116 22 136 13 173 10 310 3 153 0 0 0 0 0 0 0 0
11 31411 63 116 22 136 13 173 10 310 3 153 0 0 0 0 0 0 0 0
11 315 3 2 0 0 0 0 0 0 0 0 0 0 0 0 0 0 0 0
11 316 63 116 22 136 13 173 10 310 3 153 0 0 0 0 0 0 0 0
11 3162 63 116 22 136 13 173 10 310 3 153 0 0 0 0 0 0 0 0
11 3231 20 43 6 36 4 55 0 0 0 0 0 0 0 0 0 0 0 0
11 327 0 0 0 0 0 0 3 111 0 0 0 0 0 0 0 0 0 0
11 32711 0 0 0 0 0 0 3 111 0 0 0 0 0 0 0 0 0 0
11 327120 0 0 0 0 0 0 3 111 0 0 0 0 0 0 0 0 0 0
11 3272 0 0 0 0 0 0 3 111 0 0 0 0 0 0 0 0 0 0
11 3279 0 0 0 0 0 0 3 111 0 0 0 0 0 0 0 0 0 0
11 332 5 11 0 0 0 0 0 0 0 0 0 0 0 0 0 0 0 0
11 3321 5 11 0 0 0 0 0 0 0 0 0 0 0 0 0 0 0 0
11 3322 5 11 0 0 0 0 0 0 0 0 0 0 0 0 0 0 0 0
11 3327 5 11 0 0 0 0 0 0 0 0 0 0 0 0 0 0 0 0
11 3328 5 11 0 0 0 0 0 0 0 0 0 0 0 0 0 0 0 0
11 33299 5 11 0 0 0 0 0 0 0 0 0 0 0 0 0 0 0 0
11 3391 5 7 0 0 0 0 0 0 0 0 0 0 0 0 0 0 0 0
11 3399 3 6 0 0 0 0 0 0 0 0 0 0 0 0 0 0 0 0
11 4 853 1653 357 2369 208 2787 193 5304 42 2677 33 4489 8 2299 0 0 0 0
11 42 224 404 82 547 41 584 16 471 5 376 7 925 0 0 0 0 0 0
11 4231 4 9 0 0 0 0 0 0 0 0 0 0 0 0 0 0 0 0
11 4232 17 22 12 78 4 69 0 0 0 0 0 0 0 0 0 0 0 0
11 4233 7 8 5 34 0 0 0 0 0 0 0 0 0 0 0 0 0 0
11 4234 56 126 15 118 6 78 6 225 0 0 0 0 0 0 0 0 0 0
11 4235 125 235 52 353 16 230 10 349 4 298 0 0 0 0 0 0 0 0
11 4236 14 21 10 60 3 43 0 0 0 0 0 0 0 0 0 0 0 0
11 4237 0 0 3 23 0 0 0 0 0 0 0 0 0 0 0 0 0 0
11 4238 11 21 4 23 0 0 0 0 0 0 0 0 0 0 0 0 0 0
11 4239 15 27 0 0 0 0 0 0 0 0 0 0 0 0 0 0 0 0
11 42393 15 27 0 0 0 0 0 0 0 0 0 0 0 0 0 0 0 0
11 424 86 156 29 185 21 300 5 104 0 0 6 804 0 0 0 0 0 0
11 4241 12 26 0 0 0 0 0 0 0 0 0 0 0 0 0 0 0 0
11 4243 10 21 0 0 0 0 0 0 0 0 0 0 0 0 0 0 0 0
11 4244 25 39 11 67 12 163 0 0 0 0 0 0 0 0 0 0 0 0
11 4245 86 156 29 185 21 300 5 104 0 0 6 804 0 0 0 0 0 0
11 4247 86 156 29 185 21 300 5 104 0 0 6 804 0 0 0 0 0 0
11 4248 9 15 7 51 0 0 0 0 0 0 4 542 0 0 0 0 0 0
11 4249 9 17 3 16 0 0 0 0 0 0 0 0 0 0 0 0 0 0
11 42491 9 17 3 16 0 0 0 0 0 0 0 0 0 0 0 0 0 0
11 4251 13 13 0 0 4 54 0 0 0 0 0 0 0 0 0 0 0 0
11 4411 12 25 5 35 7 91 0 0 0 0 0 0 0 0 0 0 0 0
11 4412 12 25 5 35 7 91 0 0 0 0 0 0 0 0 0 0 0 0
11 4413 10 24 3 24 7 91 0 0 0 0 0 0 0 0 0 0 0 0
11 442 56 113 18 114 8 110 5 171 3 198 0 0 0 0 0 0 0 0
11 443141 8 23 12 81 0 0 0 0 0 0 0 0 0 0 0 0 0 0
11 443142 7 22 12 81 0 0 0 0 0 0 0 0 0 0 0 0 0 0
11 4441 9 19 12 83 5 61 8 223 0 0 0 0 0 0 0 0 0 0
11 44413 0 0 0 0 3 39 6 172 0 0 0 0 0 0 0 0 0 0
11 4442 9 19 12 83 7 93 8 223 0 0 0 0 0 0 0 0 0 0
11 44511 90 185 14 88 16 225 16 509 7 478 23 2939 0 0 0 0 0 0
11 44512 88 145 21 154 19 255 8 219 0 0 0 0 0 0 0 0 0 0
11 4452 22 41 11 77 10 133 0 0 0 0 0 0 0 0 0 0 0 0
11 4453 131 265 40 248 5 61 4 131 0 0 0 0 0 0 0 0 0 0
11 446 72 149 53 354 25 342 71 1668 0 0 0 0 0 0 0 0 0 0
11 44611 22 52 21 150 11 141 65 1452 0 0 0 0 0 0 0 0 0 0
11 447 45 87 32 214 11 135 0 0 0 0 0 0 0 0 0 0 0 0
11 4481 62 143 41 277 35 488 44 1321 17 1076 0 0 0 0 0 0 0 0
11 44821 18 38 17 121 10 120 5 160 0 0 0 0 0 0 0 0 0 0
11 4483 27 53 12 79 3 38 0 0 0 0 0 0 0 0 0 0 0 0
11 4511 5 13 7 48 7 86 6 174 0 0 0 0 0 0 0 0 0 0
11 45113 5 13 7 48 7 86 6 174 0 0 0 0 0 0 0 0 0 0
11 45114 5 13 7 48 7 86 6 174 0 0 0 0 0 0 0 0 0 0
11 45121 19 34 4 22 4 53 5 115 0 0 0 0 0 0 0 0 0 0
11 45221 17 29 0 0 5 76 0 0 3 171 0 0 5 1473 0 0 0 0
11 4523 17 29 0 0 5 76 0 0 3 171 0 0 5 1473 0 0 0 0
11 4531 16 30 3 19 3 44 0 0 0 0 0 0 0 0 0 0 0 0
11 45321 4 3 0 0 3 41 0 0 0 0 0 0 0 0 0 0 0 0
11 45322 47 93 21 145 6 81 6 150 3 202 0 0 0 0 0 0 0 0
11 4533 12 23 7 46 11 149 0 0 0 0 0 0 0 0 0 0 0 0
11 4539 43 72 17 102 8 101 0 0 0 0 0 0 0 0 0 0 0 0
11 454110 31 49 4 27 4 50 3 96 0 0 0 0 0 0 0 0 0 0
11 4542 6 4 0 0 0 0 0 0 0 0 0 0 0 0 0 0 0 0
11 454310 13 17 0 0 0 0 0 0 0 0 0 0 0 0 0 0 0 0
11 45439 13 17 0 0 0 0 0 0 0 0 0 0 0 0 0 0 0 0
11 481 10 19 3 22 0 0 0 0 0 0 0 0 0 0 0 0 0 0
11 482 104 162 23 149 20 273 8 249 11 752 5 791 0 0 0 0 0 0
11 483 104 162 23 149 20 273 8 249 11 752 5 791 0 0 0 0 0 0
11 484 10 13 0 0 0 0 0 0 0 0 0 0 0 0 0 0 0 0
11 485 32 33 5 35 7 106 5 161 4 268 0 0 0 0 0 0 0 0
11 4853 16 20 0 0 0 0 0 0 0 0 0 0 0 0 0 0 0 0
11 486 5 8 0 0 0 0 0 0 0 0 0 0 0 0 0 0 0 0
11 487 3 2 0 0 0 0 0 0 3 237 0 0 0 0 0 0 0 0
11 488 21 40 7 44 0 0 0 0 3 193 0 0 0 0 0 0 0 0
11 492 16 31 3 16 4 52 0 0 0 0 0 0 0 0 0 0 0 0
11 493 6 15 0 0 0 0 0 0 0 0 0 0 0 0 0 0 0 0
11 5111 54 95 13 101 14 196 15 457 9 747 4 643 0 0 0 0 0 0
11 51111 15 26 6 48 6 80 7 230 3 291 0 0 0 0 0 0 0 0
11 5112 29 38 6 37 7 88 12 350 5 365 5 756 0 0 0 0 0 0
11 5121 78 118 15 102 4 57 8 263 3 153 0 0 0 0 0 0 0 0
11 5122 11 15 4 26 0 0 0 0 0 0 0 0 0 0 0 0 0 0
11 515 32 59 18 126 11 151 14 398 6 411 8 1379 6 1866 0 0 0 0
11 517 121 192 46 331 21 273 10 324 7 493 4 653 0 0 0 0 0 0
11 517311 96 144 20 137 8 120 3 91 5 374 4 653 0 0 0 0 0 0
11 5182 59 89 13 78 12 178 10 287 4 254 6 805 0 0 0 0 0 0
11 5191 61 101 25 148 24 337 20 601 6 465 7 1207 0 0 0 0 0 0
11 51912 3 6 0 0 0 0 0 0 0 0 0 0 0 0 0 0 0 0
11 51913 37 60 15 94 12 167 12 359 5 362 5 765 0 0 0 0 0 0
11 52 567 1044 257 1671 123 1641 77 2476 20 1364 16 2632 4 1578 3 2419 0 0
11 522 208 436 154 994 58 808 31 1001 7 452 4 565 0 0 0 0 0 0
11 5221 134 307 136 883 49 684 22 722 5 346 3 453 0 0 0 0 0 0
11 5241 74 124 24 154 11 146 14 447 3 194 0 0 0 0 0 0 0 0
11 5242 70 132 27 171 16 198 8 218 4 301 4 726 0 0 0 0 0 0
11 53 944 1546 249 1641 123 1617 69 1955 29 1897 10 1482 0 0 0 0 0 0
11 531 899 1461 230 1519 112 1460 58 1690 29 1897 9 1370 0 0 0 0 0 0
11 5313 332 520 84 575 49 655 29 825 21 1410 6 862 0 0 0 0 0 0
11 532 43 83 19 122 10 144 10 231 0 0 0 0 0 0 0 0 0 0
11 5321 6 12 8 46 4 58 3 61 0 0 0 0 0 0 0 0 0 0
11 5411 705 1089 193 1250 135 1821 114 3457 55 3694 58 8505 17 6257 5 3239 0 0
11 5412 122 173 33 225 22 305 12 341 7 480 4 572 0 0 0 0 0 0
11 5413 215 346 90 601 65 824 64 1911 31 2171 13 1763 0 0 0 0 0 0
11 5414 89 146 18 119 12 151 7 210 0 0 0 0 0 0 0 0 0 0
11 5415 613 996 169 1165 135 1917 90 2780 43 3029 27 4209 5 2023 0 0 0 0
11 5416 927 1366 202 1338 139 1905 121 3710 56 3913 30 4423 8 2816 3 2132 0 0
11 5417 117 220 34 230 41 577 32 964 12 770 11 2003 8 2869 3 1958 0 0
11 5418 385 660 118 810 69 925 56 1646 17 1186 12 1741 3 834 0 0 0 0
11 5419 235 316 52 340 33 458 20 576 7 431 0 0 0 0 0 0 0 0
11 54194 6 10 0 0 5 72 4 126 0 0 0 0 0 0 0 0 0 0
11 55 95 179 46 310 27 346 26 732 9 633 7 940 3 996 0 0 0 0
11 561 523 940 181 1202 130 1734 114 3661 50 3516 45 7192 15 4954 4 2781 3 4023
11 5613 97 127 26 181 32 425 41 1398 20 1353 17 2716 7 2163 0 0 0 0
11 5614 84 154 43 263 30 394 12 399 0 0 0 0 0 0 0 0 0 0
11 5615 63 105 20 119 8 126 5 146 0 0 0 0 0 0 0 0 0 0
11 5616 35 65 12 77 9 117 15 507 5 365 7 1134 0 0 0 0 0 0
11 5617 68 121 23 162 11 157 15 444 8 549 7 1270 3 1064 0 0 0 0
11 56173 18 25 8 56 4 60 0 0 0 0 0 0 0 0 0 0 0 0
11 562 6 12 8 61 6 77 0 0 0 0 0 0 0 0 0 0 0 0
11 611 268 438 95 660 88 1262 88 2888 50 3584 43 6318 8 2674 4 2509 9 34859
11 6111 18 28 16 110 28 431 31 1021 31 2255 32 4738 5 1524 0 0 0 0
11 621 676 1169 289 1916 162 2103 70 2017 24 1644 15 2420 13 5025 5 2956 3 4408
11 6211 254 404 107 691 54 691 20 566 0 0 0 0 0 0 0 0 0 0
11 6212 165 348 109 739 44 541 8 213 0 0 0 0 0 0 0 0 0 0
11 6213 178 289 51 343 25 332 5 140 0 0 0 0 0 0 0 0 0 0
11 62131 15 28 5 37 0 0 0 0 0 0 0 0 0 0 0 0 0 0
11 62132 12 31 10 73 5 58 0 0 0 0 0 0 0 0 0 0 0 0
11 6214 32 57 16 102 23 329 29 881 15 1075 4 466 0 0 0 0 0 0
11 6216 14 16 0 0 8 116 5 140 3 202 5 856 9 3607 5 2956 0 0
11 622 0 0 0 0 0 0 0 0 0 0 0 0 0 0 0 0 8 23703
11 6222 0 0 0 0 0 0 0 0 0 0 0 0 0 0 0 0 8 23703
11 623 35 82 25 167 33 483 19 635 12 877 15 2395 7 2421 0 0 0 0
11 6231 0 0 0 0 0 0 3 98 0 0 6 911 3 1113 0 0 0 0
11 6241 137 231 69 444 49 707 41 1334 20 1347 16 2926 4 1344 0 0 0 0
11 6242 36 75 35 252 22 327 29 841 10 685 4 580 0 0 0 0 0 0
11 6243 19 46 0 0 9 107 11 353 3 188 0 0 0 0 0 0 0 0
11 6244 101 153 52 361 52 734 71 2028 11 740 0 0 0 0 0 0 0 0
11 711 136 187 19 129 10 124 13 410 5 371 8 1384 4 1454 0 0 0 0
11 7111 26 43 7 47 3 40 5 166 0 0 4 692 0 0 0 0 0 0
11 7112 3 2 0 0 0 0 0 0 0 0 0 0 3 1216 0 0 0 0
11 7115 76 96 6 42 0 0 3 88 0 0 0 0 0 0 0 0 0 0
11 712 15 31 5 32 6 98 7 177 0 0 4 587 0 0 0 0 0 0
11 713 57 83 32 225 28 362 48 1504 12 803 4 684 0 0 0 0 0 0
11 71395 57 83 31 220 28 362 47 1479 12 803 4 684 0 0 0 0 0 0
11 721 19 33 5 33 12 158 29 1013 32 2106 21 3516 14 5601 3 2102 0 0
11 7211 18 33 5 33 10 130 29 1013 32 2106 21 3516 14 5601 3 2102 0 0
11 722 723 1267 481 3331 547 7799 645 19780 218 14324 68 9813 5 1460 4 2143 0 0
11 7224 27 45 30 203 45 640 49 1446 20 1282 3 348 0 0 0 0 0 0
11 8111 34 66 16 101 5 70 8 220 0 0 0 0 0 0 0 0 0 0
11 811192 4 0 5 40 0 0 3 72 0 0 0 0 0 0 0 0 0 0
11 8112 5 8 4 24 0 0 0 0 0 0 0 0 0 0 0 0 0 0
11 8114 19 27 3 16 0 0 0 0 0 0 0 0 0 0 0 0 0 0
11 8121 172 284 65 461 36 468 25 693 0 0 0 0 0 0 0 0 0 0
11 812111 10 16 4 30 0 0 0 0 0 0 0 0 0 0 0 0 0 0
11 812112 105 170 38 278 25 331 21 592 0 0 0 0 0 0 0 0 0 0
11 8122 8 13 8 53 4 58 3 90 0 0 0 0 0 0 0 0 0 0
11 8123 109 208 16 99 5 71 3 106 0 0 0 0 0 0 0 0 0 0
11 8129 351 770 93 662 57 756 30 887 3 220 0 0 0 0 0 0 0 0
11 813 1469 2949 626 4212 454 6043 427 13100 152 10914 93 13737 25 9372 7 4544 0 0
11 8131 257 568 106 711 67 868 38 1175 11 711 9 1430 0 0 0 0 0 0
11 8139 518 995 244 1648 182 2454 182 5480 66 4917 47 6842 16 6148 4 2560 0 0
11 81393 39 93 17 115 16 201 22 661 5 413 10 1596 7 2717 0 0 0 0
11 814 2169 4326 831 5628 561 7466 497 15117 157 11277 96 14213 28 10213 7 4544 0 0
12 111 788 1172 146 988 87 1115 50 1401 10 710 13 1661 0 0 0 0 0 0
12 112 788 1172 146 988 87 1115 50 1401 10 710 13 1661 0 0 0 0 0 0
12 113 90 166 60 420 36 480 23 591 0 0 0 0 0 0 0 0 0 0
12 1133 56 100 55 386 33 441 22 572 0 0 0 0 0 0 0 0 0 0
12 114 201 247 10 60 4 53 0 0 0 0 0 0 0 0 0 0 0 0
12 115 497 759 76 508 47 582 27 810 9 655 12 1517 0 0 0 0 0 0
12 211 15 20 0 0 0 0 0 0 0 0 0 0 0 0 0 0 0 0
12 2121 38 80 25 162 23 312 24 726 5 399 8 1304 0 0 0 0 0 0
12 2123 36 77 24 158 23 312 24 726 5 399 7 1165 0 0 0 0 0 0
12 213 38 50 9 59 3 36 0 0 0 0 0 0 0 0 0 0 0 0
12 22 358 619 139 943 87 1194 106 3614 83 6002 30 4860 10 3504 8 5407 0 0
12 221 358 619 139 943 87 1194 106 3614 83 6002 30 4860 10 3504 8 5407 0 0
12 2211 183 314 56 378 52 741 86 3045 68 4956 26 4288 9 3216 7 4872 0 0
12 2212 15 30 7 53 6 75 9 245 8 536 0 0 0 0 0 0 0 0
12 2213 160 275 76 512 29 378 11 324 7 510 4 572 0 0 0 0 0 0
12 22132 20 27 13 87 3 36 0 0 0 0 0 0 0 0 0 0 0 0
12 23 40695 59480 8056 52745 4925 66155 3337 101482 965 65694 461 66568 96 32095 20 13880 10 15127
12 3 6562 11644 2210 14683 1787 24368 1430 43947 614 42861 500 76095 144 49172 50 34149 15 27396
12 31 6562 11644 2210 14683 1787 24368 1430 43947 614 42861 500 76095 144 49172 50 34149 15 27396
12 311 471 847 200 1334 164 2193 119 3597 61 4139 50 7694 16 5216 7 4193 0 0
12 3113 29 43 15 107 15 204 11 306 7 480 0 0 0 0 0 0 0 0
12 3114 17 28 10 64 12 168 9 274 10 678 10 1520 0 0 0 0 0 0
12 3115 26 56 13 80 13 158 3 99 6 448 5 757 0 0 0 0 0 0
12 3116 27 37 7 51 4 55 11 318 5 365 4 607 0 0 0 0 0 0
12 3118 262 466 120 783 87 1176 50 1505 18 1209 15 2106 7 2187 0 0 0 0
12 311811 171 321 83 563 55 754 28 837 6 431 0 0 0 0 0 0 0 0
12 3121 122 202 73 525 64 863 36 1100 13 924 15 2598 6 2140 0 0 0 0
12 3122 4 8 0 0 0 0 0 0 0 0 0 0 0 0 0 0 0 0
12 3131 4 9 0 0 0 0 0 0 0 0 0 0 0 0 0 0 0 0
12 3132 16 27 5 27 3 40 0 0 3 191 0 0 0 0 0 0 0 0
12 3133 15 30 8 56 4 53 0 0 0 0 0 0 0 0 0 0 0 0
12 314 270 463 67 437 48 679 22 673 5 333 5 799 0 0 0 0 0 0
12 31411 10 16 0 0 0 0 0 0 0 0 0 0 0 0 0 0 0 0
12 315 138 215 33 221 15 216 13 354 6 398 0 0 0 0 0 0 0 0
12 316 39 82 6 40 3 45 4 90 0 0 0 0 0 0 0 0 0 0
12 3162 5 13 0 0 0 0 0 0 0 0 0 0 0 0 0 0 0 0
12 3211 29 42 10 70 6 85 8 256 0 0 12 1767 0 0 0 0 0 0
12 3212 10 22 11 79 11 153 24 810 12 896 9 1227 0 0 0 0 0 0
12 3219 197 319 67 449 46 591 34 1101 21 1386 10 1741 3 786 0 0 0 0
12 32199 99 145 23 148 21 270 10 358 8 557 7 1266 3 786 0 0 0 0
12 3221 3 2 0 0 0 0 0 0 0 0 3 623 3 1328 3 2185 0 0
12 3222 15 31 12 81 17 240 22 675 18 1297 11 1595 0 0 0 0 0 0
12 32221 6 8 7 44 7 104 10 312 14 983 9 1235 0 0 0 0 0 0
12 3231 931 1744 265 1724 156 2124 106 3341 35 2368 19 2777 3 1042 3 2275 0 0
12 3241 25 47 7 51 13 180 5 166 6 488 4 590 0 0 0 0 0 0
12 32411 25 47 7 51 13 180 5 166 6 488 4 590 0 0 0 0 0 0
12 325 256 455 122 809 89 1255 89 2711 40 2825 36 5198 12 3918 5 3597 0 0
12 3252 14 34 5 39 8 121 8 265 5 317 7 987 0 0 0 0 0 0
12 3253 29 55 16 103 13 191 20 570 4 288 0 0 3 894 0 0 0 0
12 3254 59 95 32 223 20 272 21 653 7 468 13 1844 6 2002 0 0 0 0
12 3255 27 49 15 91 10 148 15 440 3 227 0 0 0 0 0 0 0 0
12 3256 68 118 22 140 22 291 15 482 11 770 7 1126 0 0 0 0 0 0
12 3261 127 239 65 399 67 961 67 2146 37 2605 27 3888 5 1677 0 0 0 0
12 3262 23 40 12 87 12 169 9 230 4 261 0 0 0 0 0 0 0 0
12 32621 11 23 0 0 7 98 5 114 0 0 0 0 0 0 0 0 0 0
12 327 300 551 131 884 180 2331 169 4794 45 3174 35 5509 6 2008 0 0 0 0
12 32711 12 26 4 23 0 0 0 0 0 0 0 0 0 0 0 0 0 0
12 327120 5 6 5 30 0 0 0 0 0 0 0 0 0 0 0 0 0 0
12 3272 74 113 15 102 9 124 12 389 5 342 5 790 0 0 0 0 0 0
12 3279 60 126 30 207 38 491 18 556 7 514 6 1047 0 0 0 0 0 0
12 331 47 85 10 62 9 144 11 324 4 341 14 2020 5 1761 0 0 0 0
12 3313 16 23 0 0 0 0 3 90 0 0 4 607 0 0 0 0 0 0
12 3314 9 21 3 16 0 0 3 102 0 0 3 365 0 0 0 0 0 0
12 3315 10 19 4 29 6 112 0 0 0 0 0 0 0 0 0 0 0 0
12 332 845 1583 345 2298 298 4144 211 6381 95 6658 63 9377 8 2916 0 0 0 0
12 3321 20 28 6 37 15 203 3 71 6 449 4 680 0 0 0 0 0 0
12 3322 15 28 7 49 5 71 0 0 0 0 0 0 0 0 0 0 0 0
12 3327 299 577 103 675 84 1181 44 1377 16 1100 6 926 0 0 0 0 0 0
12 3328 65 121 44 288 23 314 17 495 5 307 0 0 0 0 0 0 0 0
12 33299 107 172 26 156 31 419 22 585 12 815 4 541 0 0 0 0 0 0
12 333 376 643 148 970 111 1523 109 3371 55 3863 41 6253 9 2981 0 0 0 0
12 3331 44 80 22 121 10 129 10 302 3 207 6 909 0 0 0 0 0 0
12 33311 28 57 16 90 5 54 6 163 0 0 0 0 0 0 0 0 0 0
12 3333 51 81 19 114 13 184 14 468 6 397 0 0 0 0 0 0 0 0
12 3335 77 129 22 157 19 272 12 375 6 403 3 562 0 0 0 0 0 0
12 3336 10 21 4 32 5 59 6 207 6 414 0 0 0 0 0 0 0 0
12 334 271 482 76 516 69 928 89 2839 39 2746 34 5135 19 6311 10 6055 4 9435
12 3341 29 49 4 28 3 28 3 97 0 0 4 631 0 0 0 0 0 0
12 3345 106 199 26 171 37 518 43 1431 17 1196 14 2305 12 4169 5 3138 3 8038
12 335 89 156 41 272 39 535 31 1052 21 1532 17 2753 6 2109 0 0 0 0
12 3352 12 23 0 0 0 0 0 0 0 0 0 0 0 0 0 0 0 0
12 336 322 514 93 643 98 1327 78 2518 39 2655 40 6092 21 7646 10 7117 0 0
12 33641 57 90 19 136 22 295 11 388 18 1224 13 2216 7 2755 4 2881 0 0
12 3365 0 0 0 0 3 43 0 0 0 0 0 0 0 0 0 0 0 0
12 3366 136 220 31 218 40 545 29 877 10 689 14 2053 11 3739 4 2854 0 0
12 3369 27 52 7 45 3 41 0 0 0 0 0 0 0 0 0 0 0 0
12 337 570 987 145 966 118 1619 68 2133 19 1261 17 2831 4 1287 0 0 0 0
12 3391 475 821 109 707 57 750 41 1321 13 842 19 2911 4 1266 5 4089 0 0
12 3399 572 998 147 965 89 1203 61 1813 18 1281 12 1728 7 2291 0 0 0 0
12 4 35987 65703 15235 102094 11198 149853 6608 191490 2045 142579 2043 311359 338 105983 23 13524 4 7814
12 42 19120 31161 4827 31948 3213 43505 2179 64995 635 43764 332 49942 102 34860 26 17560 10 15046
12 4231 983 1667 301 2003 228 3088 183 5384 51 3432 23 3121 0 0 0 0 0 0
12 4232 587 952 176 1163 123 1621 71 2263 19 1349 7 1081 0 0 0 0 0 0
12 4233 590 1030 269 1797 307 4285 206 6029 50 3321 10 1657 0 0 0 0 0 0
12 4234 2098 3405 443 2973 272 3755 179 5156 72 5053 45 6958 11 3838 4 2707 0 0
12 4235 249 492 98 671 66 895 55 1688 14 937 7 911 0 0 0 0 0 0
12 4236 1414 2376 417 2876 285 3858 196 6029 54 3477 21 3316 3 954 0 0 0 0
12 4237 619 1223 403 2591 223 2976 121 3564 27 1746 9 1304 0 0 0 0 0 0
12 4238 2336 4226 681 4437 434 5858 262 7889 81 5718 29 4259 10 3442 0 0 0 0
12 4239 2026 3145 408 2707 236 3208 132 3668 31 2118 17 2586 0 0 0 0 0 0
12 42393 203 342 73 481 51 713 46 1300 9 586 0 0 0 0 0 0 0 0
12 424 5362 8958 1417 9338 941 12611 711 21470 215 15090 151 22692 65 22560 16 10562 4 5136
12 4241 306 476 86 554 56 729 44 1319 15 1047 7 1057 3 1192 0 0 0 0
12 4243 636 1063 134 860 85 1086 51 1623 13 927 10 1330 5 1776 0 0 0 0
12 4244 1646 2689 414 2713 301 4082 250 7704 96 6757 62 9087 28 10061 9 5737 0 0
12 4245 71 115 14 99 14 162 7 198 3 207 0 0 0 0 0 0 0 0
12 4247 118 251 62 410 49 663 34 939 4 306 0 0 3 1356 0 0 0 0
12 4248 151 270 28 198 21 284 19 587 10 751 29 4761 16 5285 0 0 0 0
12 4249 1470 2397 358 2355 226 3006 162 4810 32 2259 21 3268 3 974 0 0 0 0
12 42491 133 253 55 378 48 621 26 751 5 325 0 0 0 0 0 0 0 0
12 4251 2856 3687 214 1392 98 1350 63 1855 21 1523 13 2057 6 1876 0 0 0 0
12 4411 1774 2691 266 1720 167 2226 234 8127 378 26909 289 42575 38 11690 0 0 0 0
12 4412 785 1343 259 1708 220 3004 147 4570 39 2544 13 2153 0 0 0 0 0 0
12 4413 1355 2505 1263 9312 1195 15251 191 5497 10 610 0 0 0 0 0 0 0 0
12 442 2087 4017 759 5023 468 6310 433 13158 68 4197 10 1450 5 1414 0 0 0 0
12 443141 272 546 92 608 41 520 22 651 5 337 0 0 0 0 0 0 0 0
12 443142 648 1366 471 3232 142 1898 55 1569 50 3647 51 6493 3 825 0 0 0 0
12 4441 1566 2914 787 5163 571 7655 254 7112 36 2578 265 49587 25 7438 0 0 0 0
12 44413 314 602 149 967 201 2963 120 3133 8 584 0 0 0 0 0 0 0 0
12 4442 374 763 163 1095 174 2239 39 1077 5 302 0 0 0 0 0 0 0 0
12 44511 1230 2518 284 2014 402 6222 300 9325 520 37446 936 134856 14 3649 0 0 0 0
12 44512 2238 4026 303 2020 183 2345 24 576 0 0 0 0 0 0 0 0 0 0
12 4452 808 1459 354 2301 207 2790 73 2067 12 866 6 942 0 0 0 0 0 0
12 4453 911 1816 352 2214 151 1760 53 1632 0 0 0 0 0 0 0 0 0 0
12 446 3193 6269 1595 10143 794 11483 1641 42009 66 4166 8 1269 0 0 0 0 0 0
12 44611 745 1514 396 2551 361 5738 1450 35656 27 1658 5 901 0 0 0 0 0 0
12 447 2637 5469 1534 10716 1764 23380 361 10480 25 1651 0 0 0 0 0 0 0 0
12 4481 2553 5239 1667 11324 1719 23104 1062 33125 456 30148 70 9607 10 2971 0 0 0 0
12 44821 427 1014 630 4137 424 5487 132 3757 17 1023 7 1138 0 0 0 0 0 0
12 4483 1184 2164 486 3200 255 3175 42 1024 0 0 0 0 0 0 0 0 0 0
12 4511 1351 2513 501 3248 245 3254 295 9301 34 2353 7 1164 0 0 0 0 0 0
12 45113 100 180 46 298 32 455 35 1147 0 0 0 0 0 0 0 0 0 0
12 45114 120 218 31 185 13 180 31 936 0 0 0 0 0 0 0 0 0 0
12 45121 171 351 62 397 67 785 50 1426 8 488 0 0 0 0 0 0 0 0
12 45221 0 0 0 0 0 0 17 735 132 10079 95 13751 9 3019 3 1859 0 0
12 4523 677 1110 1036 6862 554 7472 486 14464 64 4897 235 38869 211 67439 10 5109 0 0
12 4531 374 705 155 969 47 591 12 309 0 0 0 0 0 0 0 0 0 0
12 45321 134 243 23 154 161 2393 62 1417 0 0 0 0 0 0 0 0 0 0
12 45322 757 1447 369 2519 197 2552 58 1558 8 556 8 1227 0 0 0 0 0 0
12 4533 708 1276 293 1983 155 2144 142 4206 22 1621 5 623 0 0 0 0 0 0
12 4539 2701 4768 788 5196 491 6407 205 5694 7 459 5 802 0 0 0 0 0 0
12 454110 3145 4315 453 2946 225 3026 124 3945 48 3431 25 3824 14 4551 7 4822 0 0
12 4542 278 440 25 164 13 162 15 481 6 415 0 0 0 0 0 0 0 0
12 454310 82 174 37 266 52 707 17 484 4 266 0 0 0 0 0 0 0 0
12 45439 1566 2240 228 1460 114 1511 62 1714 19 1180 0 0 0 0 0 0 0 0
12 481 281 405 55 368 48 664 47 1517 29 2001 21 3372 9 3550 11 7375 9 21666
12 482 11541 15730 1640 10821 1295 17490 1087 33333 419 29018 332 50581 112 39044 61 42863 28 59931
12 483 201 288 30 209 14 201 22 728 7 491 7 1208 4 1270 5 3685 3 7509
12 484 5729 6922 500 3217 405 5486 364 11039 126 8860 85 12248 15 5542 4 2894 0 0
12 485 844 1141 86 537 79 1061 76 2477 36 2523 24 3560 0 0 3 2025 0 0
12 4853 434 563 23 143 21 272 18 562 6 387 0 0 0 0 0 0 0 0
12 486 32 47 13 85 13 145 3 92 0 0 0 0 0 0 0 0 0 0
12 487 425 548 60 396 38 527 23 643 5 332 3 393 0 0 0 0 0 0
12 488 2975 4894 650 4369 470 6315 321 9863 115 7792 82 12445 29 10036 13 9019 3 5848
12 492 752 940 108 702 130 1754 110 3189 53 3572 63 9970 33 11164 9 6504 7 18235
12 493 302 545 138 938 98 1337 121 3785 48 3447 47 7385 19 6527 16 11361 6 6673
12 5111 559 877 132 880 85 1176 69 2099 23 1555 18 2789 6 2136 0 0 0 0
12 51111 116 189 48 318 36 532 29 899 13 899 9 1488 4 1371 0 0 0 0
12 5112 406 600 80 550 82 1131 69 2076 21 1509 30 4430 10 3206 6 4479 6 11653
12 5121 912 1072 75 494 65 884 123 4145 42 2663 18 2910 0 0 0 0 0 0
12 5122 231 287 19 110 5 69 4 145 0 0 0 0 0 0 0 0 0 0
12 515 254 415 70 451 57 795 61 1849 36 2491 40 6491 7 2523 0 0 0 0
12 517 2315 4324 878 6051 659 9038 270 8668 100 7094 59 9748 27 9557 14 10440 5 6363
12 517311 1072 1970 234 1660 223 3403 177 5908 73 5306 47 7838 19 7050 8 5644 3 3588
12 5182 664 1029 111 759 92 1281 103 3235 45 3055 29 4842 9 3199 0 0 3 9752
12 5191 622 843 72 461 45 578 32 940 11 849 6 793 0 0 0 0 0 0
12 51912 12 27 0 0 3 40 6 156 0 0 0 0 0 0 0 0 0 0
12 51913 458 630 52 325 33 416 23 703 9 706 6 793 0 0 0 0 0 0
12 52 21571 35057 6392 42075 3050 39643 1359 39962 474 32177 319 50255 118 40648 65 46970 29 49162
12 522 5551 10526 3615 24103 1705 21808 542 15732 183 12381 112 17809 39 12841 24 17066 9 17060
12 5221 1975 4420 2533 17177 1371 17466 387 11099 117 7923 75 11649 24 8023 16 11674 4 9869
12 5241 1494 2239 296 1928 242 3247 226 7014 90 6270 108 17382 42 15217 32 23139 13 19065
12 5242 8267 13074 1764 11466 792 10495 374 10951 120 8206 69 10466 28 9502 4 2707 3 8442
12 53 32429 42152 4108 26361 1848 24222 936 27283 216 14212 134 20291 41 14091 10 6737 6 9615
12 531 30250 38312 3115 19981 1237 16130 584 17060 128 8672 106 16436 33 11339 8 5207 6 9615
12 5313 7288 10395 1130 7247 550 7228 291 8193 64 4336 57 9284 16 5424 4 2442 5 8051
12 532 2061 3667 968 6214 589 7815 341 9895 84 5298 24 3344 7 2257 0 0 0 0
12 5321 603 1075 340 2189 247 3211 148 4341 33 2016 11 1486 5 1700 0 0 0 0
12 5411 14192 22092 2500 16040 1105 14361 615 18489 146 10040 59 8790 13 4282 0 0 0 0
12 5412 9136 13535 1474 9882 614 8199 295 8760 104 7152 59 9071 21 7416 4 2435 4 5400
12 5413 5975 9200 1312 8762 844 11355 649 19700 182 12459 89 12461 18 6581 5 3537 0 0
12 5414 2790 3723 241 1567 104 1359 38 1196 4 260 0 0 0 0 0 0 0 0
12 5415 7197 9800 779 5136 410 5576 366 11294 147 10317 65 10132 32 10458 16 10216 9 20268
12 5416 17362 19820 1146 7403 579 7621 404 12302 100 6664 84 12612 22 8025 4 2917 7 12756
12 5417 570 830 136 864 108 1532 69 2038 27 1835 26 3792 7 2336 0 0 0 0
12 5418 2240 3163 334 2197 188 2522 157 4861 41 2804 22 3289 4 1529 0 0 0 0
12 5419 4301 5407 864 5848 852 11628 333 9833 75 4928 29 4133 5 1695 0 0 0 0
12 54194 818 1311 577 3956 691 9517 271 7965 51 3177 6 842 0 0 0 0 0 0
12 55 1153 1879 400 2660 352 4861 384 12224 240 16307 160 24423 84 29282 34 22151 23 44972
12 561 25326 38523 4329 28454 2775 37745 2238 69135 961 67183 663 102514 289 98168 151 103395 192 1385505
12 5613 1650 2262 267 1731 238 3191 406 13411 358 25051 288 45118 141 47194 89 61818 152 1312211
12 5614 2232 3361 405 2607 201 2738 154 4591 79 5641 57 9032 32 11075 23 15120 17 23740
12 5615 1385 1952 222 1468 143 1955 91 2789 22 1597 20 2752 9 3242 6 3992 0 0
12 5616 1501 2297 288 1963 218 3029 229 7436 104 7535 82 13046 35 11309 17 11889 11 17193
12 5617 15293 23854 2603 17105 1590 21544 1027 30795 250 17214 132 19270 37 13027 9 5679 5 14535
12 56173 6951 11023 1276 8367 744 9958 462 14272 136 9286 71 9934 16 5249 3 1959 0 0
12 562 716 1237 241 1627 171 2403 159 4821 70 5011 44 7020 5 1788 0 0 0 0
12 611 4094 5922 1039 7038 896 12372 795 24655 361 25293 178 26215 33 11990 20 15066 17 50293
12 6111 237 397 192 1369 287 4029 430 13858 259 18139 121 17747 16 5577 4 3075 0 0
12 621 28508 47353 10502 69477 6299 83964 3289 97589 915 62365 400 58665 97 32214 38 25446 14 21375
12 6211 11331 18700 4297 28306 2691 35886 1491 44192 360 25126 126 18184 35 11182 15 9908 9 14713
12 6212 3614 7029 3093 20912 1444 18455 241 6486 20 1200 3 437 0 0 0 0 0 0
12 6213 9844 15285 1839 11805 837 11242 300 8601 44 2836 21 2817 6 1914 4 3188 3 4500
12 62131 1932 3798 560 3534 174 2215 28 781 3 152 0 0 0 0 0 0 0 0
12 62132 966 1656 332 2129 128 1701 29 786 0 0 0 0 0 0 0 0 0 0
12 6214 1016 1864 551 3780 699 9680 545 15904 146 9935 51 7334 15 5061 4 2282 0 0
12 6216 1347 1986 308 2017 325 4546 449 14404 249 16647 147 22038 29 9797 9 6101 0 0
12 622 10 5 6 33 0 0 3 106 11 883 53 9434 48 17203 62 47049 108 264291
12 6222 0 0 0 0 0 0 0 0 4 307 14 2902 9 3028 0 0 0 0
12 623 1258 2113 635 4263 502 6834 537 17141 463 32381 602 92115 104 32966 11 6635 0 0
12 6231 157 191 30 194 34 507 61 1972 118 9119 444 68622 47 14540 3 1959 0 0
12 6241 2166 3352 563 3642 420 5578 360 10784 177 12471 101 14678 13 4209 4 2800 0 0
12 6242 234 472 102 705 93 1265 92 2841 33 2156 12 1659 0 0 0 0 0 0
12 6243 172 299 57 381 28 378 46 1422 26 1997 9 1392 4 1298 0 0 0 0
12 6244 1165 2112 999 7009 1269 17811 855 23975 57 3603 17 2368 7 2382 0 0 0 0
12 711 3213 3896 214 1348 122 1682 74 2365 32 2186 48 7896 26 9083 15 9778 0 0
12 7111 486 625 45 300 31 429 26 768 10 718 15 2254 0 0 0 0 0 0
12 7112 466 617 39 241 27 336 18 579 9 580 14 2380 18 6790 6 3887 0 0
12 7115 1466 1602 45 286 14 186 8 260 5 314 0 0 0 0 0 0 0 0
12 712 163 308 76 504 46 651 31 1105 21 1448 18 2460 5 1445 0 0 0 0
12 713 2587 3756 786 5205 756 10414 714 22939 315 21867 188 26867 27 9389 15 10034 11 59508
12 71395 19 31 9 65 25 359 47 1558 9 529 0 0 0 0 0 0 0 0
12 721 1369 2374 493 3393 653 9161 818 25048 257 18011 207 31277 89 30603 47 32340 23 35291
12 7211 1130 1917 421 2892 593 8342 791 24248 255 17890 206 31136 89 30603 46 31614 23 35291
12 722 11651 19111 6463 43603 7595 107170 9847 302801 3270 218481 746 99955 59 19924 12 7767 0 0
12 7224 705 1420 465 3109 315 4327 186 5721 43 2858 15 1818 3 840 0 0 0 0
12 8111 6963 11928 1930 12558 853 11000 352 10022 66 4286 13 1972 0 0 0 0 0 0
12 811192 769 1057 201 1334 157 2095 120 3749 39 2415 3 421 0 0 0 0 0 0
12 8112 957 1461 143 942 67 880 29 872 10 771 6 1137 0 0 0 0 0 0
12 8113 872 1505 183 1191 110 1451 58 1743 13 901 5 606 0 0 0 0 0 0
12 8114 2357 3500 291 1880 111 1483 34 1011 8 572 5 705 0 0 0 0 0 0
12 8121 7859 10994 1505 10307 809 10489 378 11275 33 1973 9 1281 0 0 0 0 0 0
12 812111 480 487 44 288 18 232 5 144 0 0 0 0 0 0 0 0 0 0
12 812112 4588 6477 1134 7889 603 7858 202 5494 18 1106 5 748 0 0 0 0 0 0
12 8122 400 934 261 1848 144 1930 58 1590 6 449 3 483 0 0 0 0 0 0
12 8123 1207 2502 376 2433 191 2504 91 2462 27 1929 27 4051 0 0 0 0 0 0
12 8129 3321 4553 514 3380 312 4232 206 6181 43 2966 18 2720 3 862 0 0 0 0
12 813 9834 18483 3226 20880 1667 22320 1059 32165 277 18894 129 18715 20 6301 3 2134 7 16773
12 8131 5099 9874 1825 11754 999 13385 723 22082 189 12927 79 11237 14 4558 0 0 7 16773
12 8139 2838 5413 826 5370 417 5580 209 6240 47 3222 31 4613 4 1112 0 0 0 0
12 81393 191 441 131 854 66 880 33 933 5 356 0 0 0 0 0 0 0 0
12 814 33770 55860 8429 55419 4264 56289 2265 67321 483 32741 215 31670 29 9600 5 3363 9 20182
13 111 503 877 222 1487 119 1613 69 1932 9 606 0 0 0 0 0 0 0 0
13 112 503 877 222 1487 119 1613 69 1932 9 606 0 0 0 0 0 0 0 0
13 113 204 374 170 1133 83 1096 39 1060 0 0 0 0 0 0 0 0 0 0
13 1133 167 316 159 1058 79 1045 38 1035 0 0 0 0 0 0 0 0 0 0
13 114 26 43 6 41 3 45 0 0 0 0 0 0 0 0 0 0 0 0
13 115 273 460 46 313 33 472 28 810 7 495 0 0 0 0 0 0 0 0
13 211 3 4 0 0 0 0 0 0 0 0 0 0 0 0 0 0 0 0
13 2121 27 43 25 181 30 426 45 1395 10 799 6 973 3 1036 0 0 0 0
13 2122 27 43 25 181 30 426 45 1395 10 799 6 973 3 1036 0 0 0 0
13 2123 27 43 24 173 30 426 44 1361 10 799 6 973 3 1036 0 0 0 0
13 213 17 27 7 44 0 0 3 95 0 0 0 0 0 0 0 0 0 0
13 22 234 398 91 662 66 972 100 3475 52 3582 25 4125 12 4141 7 5200 0 0
13 221 234 398 91 662 66 972 100 3475 52 3582 25 4125 12 4141 7 5200 0 0
13 2211 163 313 65 484 53 781 72 2534 47 3196 17 2724 12 4141 6 4624 0 0
13 2212 10 11 8 60 7 105 12 466 0 0 7 1213 0 0 0 0 0 0
13 2213 61 74 18 118 6 86 16 475 3 224 0 0 0 0 0 0 0 0
13 22132 15 10 4 32 0 0 0 0 0 0 0 0 0 0 0 0 0 0
13 23 12715 19370 2903 19103 1894 25651 1242 37418 374 25566 221 32435 40 13724 15 10275 9 15760
13 3 2684 4998 1197 7983 1073 14696 1122 34974 572 40591 554 86915 227 80139 89 61322 35 61642
13 31 2684 4998 1197 7983 1073 14696 1122 34974 572 40591 554 86915 227 80139 89 61322 35 61642
13 311 232 416 85 562 84 1131 83 2659 42 3009 61 9756 45 15918 20 14241 15 21690
13 3113 16 33 6 35 6 94 6 162 0 0 0 0 0 0 0 0 0 0
13 3114 8 8 7 41 6 70 5 162 0 0 4 570 0 0 0 0 0 0
13 3115 9 20 4 30 3 33 0 0 0 0 3 419 0 0 0 0 0 0
13 3116 25 40 7 47 9 116 13 462 6 433 15 2137 15 5615 14 10318 13 18942
13 3118 125 219 42 278 40 522 26 861 5 362 18 2692 16 5721 0 0 0 0
13 311811 79 140 37 247 30 392 18 590 0 0 0 0 0 0 0 0 0 0
13 3121 55 80 27 195 25 335 22 621 4 278 8 1302 3 1139 0 0 0 0
13 3122 55 80 27 195 25 335 22 621 4 278 9 1407 3 1139 0 0 0 0
13 3131 6 13 0 0 4 56 6 188 3 259 14 2352 7 2423 0 0 0 0
13 3132 3 12 5 24 6 94 8 233 5 359 12 1814 0 0 0 0 0 0
13 3133 10 17 4 25 4 50 6 235 6 410 5 831 4 1218 0 0 0 0
13 314 115 235 43 262 45 625 38 1177 16 1093 34 5842 16 5760 9 6034 3 3454
13 31411 22 54 10 66 18 263 12 402 9 646 26 4516 11 3987 8 5260 0 0
13 315 45 60 13 97 10 136 8 265 0 0 0 0 0 0 0 0 0 0
13 316 13 14 4 31 0 0 4 98 0 0 0 0 0 0 0 0 0 0
13 3162 3 3 0 0 0 0 0 0 0 0 0 0 0 0 0 0 0 0
13 3211 44 81 16 107 15 192 13 401 13 975 25 3575 0 0 0 0 0 0
13 3212 9 19 3 22 12 177 13 392 5 341 8 1184 0 0 0 0 0 0
13 3219 106 176 63 421 53 703 48 1518 34 2298 14 2270 6 1898 0 0 0 0
13 32199 44 61 22 149 17 229 15 471 12 817 3 507 4 1269 0 0 0 0
13 3221 3 7 0 0 0 0 0 0 0 0 4 500 7 2501 7 4877 0 0
13 3222 11 19 14 94 11 153 24 787 35 2560 21 3289 4 1204 0 0 0 0
13 32221 6 13 9 64 7 95 14 456 25 1773 14 2164 0 0 0 0 0 0
13 3231 334 618 144 920 95 1335 70 2338 26 1779 23 3536 6 2139 0 0 0 0
13 3241 33 75 34 215 12 155 6 172 6 431 0 0 0 0 0 0 0 0
13 32411 33 75 34 215 12 155 6 172 6 431 0 0 0 0 0 0 0 0
13 325 106 198 67 452 69 979 109 3482 61 4186 41 6062 15 4627 6 3945 0 0
13 3252 8 13 0 0 11 164 19 700 17 1138 4 579 0 0 0 0 0 0
13 3253 11 24 6 45 4 68 8 290 4 247 3 419 0 0 0 0 0 0
13 3254 12 17 5 38 10 134 10 261 4 354 8 1288 0 0 4 2584 0 0
13 3255 14 20 13 90 13 190 19 578 14 891 3 368 0 0 0 0 0 0
13 3256 21 47 16 92 7 89 12 354 6 466 8 1118 3 920 0 0 0 0
13 3261 38 55 27 186 37 522 70 2312 48 3366 58 9264 13 4401 5 3503 0 0
13 3262 9 14 10 71 15 195 14 422 10 723 11 1709 3 1150 0 0 0 0
13 32621 0 0 4 29 3 37 3 63 0 0 3 415 0 0 0 0 0 0
13 327 151 347 99 697 117 1611 85 2510 30 2187 29 4575 11 4110 0 0 0 0
13 32711 10 22 0 0 0 0 0 0 0 0 0 0 0 0 0 0 0 0
13 327120 4 10 0 0 0 0 3 83 4 285 0 0 0 0 0 0 0 0
13 3272 9 12 6 42 0 0 0 0 0 0 7 1170 5 1773 0 0 0 0
13 3279 55 116 25 179 33 432 24 831 9 663 8 1226 4 1532 0 0 0 0
13 331 8 17 7 45 12 162 13 402 7 478 8 1453 4 1485 0 0 0 0
13 3313 3 3 0 0 0 0 0 0 0 0 3 503 4 1485 0 0 0 0
13 3314 5 14 0 0 5 73 3 96 0 0 0 0 0 0 0 0 0 0
13 3315 0 0 6 40 4 52 4 141 0 0 0 0 0 0 0 0 0 0
13 332 421 807 196 1299 192 2631 196 6263 85 5996 57 8406 11 3731 6 3503 0 0
13 3321 6 8 4 32 7 94 5 209 5 289 6 840 0 0 0 0 0 0
13 3322 13 26 0 0 4 51 4 112 0 0 0 0 0 0 0 0 0 0
13 3327 212 425 83 544 71 945 54 1563 18 1297 4 505 0 0 0 0 0 0
13 3328 28 60 10 62 13 179 13 403 8 568 0 0 0 0 0 0 0 0
13 33299 45 60 22 146 18 233 16 480 6 483 7 1266 0 0 0 0 0 0
13 333 131 239 73 485 71 964 86 2607 45 3064 22 3468 18 6892 6 4580 3 3905
13 3331 16 31 9 64 10 147 8 271 8 553 0 0 0 0 3 2443 3 3905
13 33311 13 26 3 21 4 57 7 218 5 332 0 0 0 0 0 0 0 0
13 3333 13 22 6 40 4 52 9 239 5 353 0 0 0 0 0 0 0 0
13 3335 26 50 13 77 14 185 6 203 3 210 0 0 0 0 0 0 0 0
13 3336 0 0 0 0 0 0 4 112 0 0 0 0 4 1549 0 0 0 0
13 334 76 136 24 151 19 260 18 536 16 1146 14 2213 6 1938 0 0 0 0
13 3341 11 18 3 15 0 0 3 89 0 0 0 0 0 0 0 0 0 0
13 3345 28 52 11 65 5 84 8 233 7 498 6 881 4 1158 0 0 0 0
13 335 34 51 8 55 19 280 18 532 16 1154 14 2557 10 3833 0 0 0 0
13 3352 8 10 0 0 3 37 0 0 0 0 0 0 0 0 0 0 0 0
13 336 81 137 25 184 22 296 47 1421 29 2206 34 5345 22 8011 13 9209 9 25001
13 33641 16 25 4 29 4 53 10 311 0 0 6 1009 0 0 0 0 4 15810
13 3365 0 0 0 0 0 0 0 0 3 219 0 0 0 0 0 0 0 0
13 3366 6 8 0 0 3 35 0 0 0 0 3 327 0 0 0 0 0 0
13 3369 5 8 0 0 0 0 3 107 0 0 0 0 0 0 0 0 0 0
13 337 194 345 88 582 66 870 69 2054 14 1029 13 1996 6 2179 0 0 0 0
13 3391 178 339 50 321 20 243 17 443 7 555 7 1218 0 0 3 2369 0 0
13 3399 238 471 66 467 36 514 30 874 5 420 14 2057 3 991 0 0 0 0
13 4 15688 29805 8247 55252 5222 69158 3022 87256 915 63017 880 127094 156 45022 0 0 0 0
13 42 6536 11495 2303 15436 1784 24609 1261 38621 419 29297 270 40889 76 26341 26 16737 3 3107
13 4231 322 604 137 924 147 2011 106 3405 42 2773 12 1634 3 856 0 0 0 0
13 4232 297 536 106 731 77 1058 56 1735 21 1443 18 3002 8 2511 0 0 0 0
13 4233 219 401 129 886 125 1829 108 3218 32 2262 11 1709 0 0 0 0 0 0
13 4234 662 1154 176 1137 123 1676 95 2937 32 2274 46 6800 12 4445 5 3057 0 0
13 4235 99 198 58 376 43 606 42 1293 16 991 6 883 0 0 0 0 0 0
13 4236 374 745 189 1288 179 2490 84 2546 35 2459 24 3321 6 2158 0 0 0 0
13 4237 243 522 163 1093 99 1285 62 1867 11 795 14 2186 3 793 0 0 0 0
13 4238 773 1516 407 2783 330 4526 239 7210 54 3654 22 3357 7 2494 3 2003 0 0
13 4239 523 899 151 985 108 1513 61 1947 23 1696 12 1902 3 1055 0 0 0 0
13 42393 118 216 51 349 51 709 29 857 13 948 4 566 0 0 0 0 0 0
13 424 1703 3042 625 4185 468 6485 345 10596 136 9807 101 15531 30 10826 11 6918 3 3107
13 4241 170 293 43 290 44 586 36 1094 10 745 8 1183 0 0 0 0 0 0
13 4243 199 349 63 416 45 614 16 506 5 351 12 1895 0 0 0 0 0 0
13 4244 468 742 115 755 125 1788 107 3370 50 3565 43 6431 12 4427 6 3920 0 0
13 4245 40 77 20 141 10 130 0 0 3 269 0 0 0 0 0 0 0 0
13 4247 81 172 58 386 36 503 23 672 5 318 0 0 0 0 0 0 0 0
13 4248 37 72 12 78 11 161 12 419 16 1163 8 1388 4 1718 0 0 0 0
13 4249 398 730 172 1154 96 1274 73 2201 17 1198 11 1955 4 1514 0 0 0 0
13 42491 98 227 74 507 37 511 33 1051 3 166 0 0 0 0 0 0 0 0
13 4251 1321 1878 162 1048 85 1130 63 1867 17 1143 4 564 0 0 4 2823 0 0
13 4411 717 1167 146 950 114 1550 216 7459 193 13823 106 15484 6 1835 0 0 0 0
13 4412 129 240 84 577 61 778 50 1478 12 763 0 0 0 0 0 0 0 0
13 4413 573 1164 702 5275 700 9113 108 3159 9 554 5 747 0 0 0 0 0 0
13 442 794 1541 383 2639 270 3622 182 5295 24 1578 5 801 0 0 0 0 0 0
13 443141 64 123 48 310 19 239 8 213 4 272 0 0 0 0 0 0 0 0
13 443142 322 676 216 1398 39 479 12 371 26 1890 14 1605 0 0 0 0 0 0
13 4441 571 1171 436 2875 261 3371 138 3691 20 1374 151 24103 0 0 0 0 0 0
13 44413 182 366 113 713 81 1110 51 1253 3 177 0 0 0 0 0 0 0 0
13 4442 167 342 111 774 137 1721 32 992 7 377 0 0 0 0 0 0 0 0
13 44511 467 891 175 1241 167 2400 195 6715 246 16996 405 53902 9 2314 0 0 0 0
13 44512 1444 2210 87 511 14 178 8 223 0 0 0 0 0 0 0 0 0 0
13 4452 267 453 103 675 73 940 25 686 3 182 0 0 0 0 0 0 0 0
13 4453 712 1417 191 1242 69 860 25 701 0 0 0 0 0 0 0 0 0 0
13 446 1167 2404 917 6112 456 6331 575 14078 12 739 0 0 0 0 0 0 0 0
13 44611 276 604 404 2788 281 4030 502 11612 0 0 0 0 0 0 0 0 0 0
13 447 2972 6194 1091 6968 693 9279 251 6433 18 1153 0 0 0 0 0 0 0 0
13 4481 913 1905 808 5638 771 9918 399 12139 154 9645 7 852 3 843 0 0 0 0
13 44821 136 356 345 2311 232 2996 62 1697 6 446 0 0 0 0 0 0 0 0
13 4483 362 754 160 1063 88 1063 17 445 0 0 0 0 0 0 0 0 0 0
13 4511 402 801 171 1100 100 1383 131 4240 32 2378 7 960 0 0 0 0 0 0
13 45113 40 87 16 93 15 217 13 398 0 0 0 0 0 0 0 0 0 0
13 45114 60 121 20 125 10 154 8 210 0 0 0 0 0 0 0 0 0 0
13 45121 94 167 52 342 29 366 21 628 3 188 0 0 0 0 0 0 0 0
13 45221 0 0 0 0 0 0 15 635 79 5913 35 4689 5 1274 0 0 0 0
13 4523 254 477 1083 7030 398 5513 230 6645 29 2211 118 19885 122 35520 0 0 0 0
13 4531 234 424 71 448 17 213 0 0 0 0 0 0 0 0 0 0 0 0
13 45321 38 82 25 171 76 1078 23 529 0 0 0 0 0 0 0 0 0 0
13 45322 265 510 134 914 72 940 35 849 3 208 6 1037 0 0 0 0 0 0
13 4533 299 565 93 616 70 968 104 3318 7 421 0 0 0 0 0 0 0 0
13 4539 766 1509 301 1977 118 1482 83 2349 0 0 0 0 0 0 0 0 0 0
13 454110 874 1208 148 972 81 1100 55 1657 15 1053 9 1329 7 2038 0 0 0 0
13 4542 94 150 10 67 11 131 0 0 5 339 3 500 0 0 0 0 0 0
13 454310 92 215 85 572 45 581 8 232 0 0 0 0 0 0 0 0 0 0
13 45439 498 686 71 484 41 565 10 290 3 209 0 0 0 0 0 0 0 0
13 481 52 77 15 106 13 165 17 493 4 261 4 679 3 1217 0 0 0 0
13 482 4323 6130 925 6228 772 10302 710 21852 314 21939 228 35505 104 34681 40 29137 14 49297
13 483 18 27 4 24 0 0 0 0 0 0 0 0 0 0 0 0 0 0
13 484 2768 3563 426 2894 381 5169 344 10818 125 8343 51 7667 35 11400 8 5339 0 0
13 485 226 314 32 216 37 504 35 1093 19 1360 7 1083 6 1910 0 0 0 0
13 4853 102 137 7 50 4 55 0 0 3 196 0 0 0 0 0 0 0 0
13 486 30 53 11 70 6 68 3 77 0 0 0 0 0 0 0 0 0 0
13 487 22 26 5 30 3 43 0 0 0 0 0 0 0 0 0 0 0 0
13 488 773 1288 269 1757 181 2351 148 4446 56 3831 46 7459 16 5384 4 3189 0 0
13 492 224 385 42 299 52 699 49 1442 35 2587 37 5641 12 4074 8 6107 0 0
13 493 210 397 121 832 98 1290 113 3447 73 5420 80 12558 31 10363 19 13581 7 8141
13 5111 250 435 79 520 48 658 46 1278 15 1034 4 631 0 0 0 0 0 0
13 51111 113 219 47 313 34 454 26 703 5 341 3 533 0 0 0 0 0 0
13 5112 191 277 54 346 44 606 50 1562 41 2844 18 2787 16 5867 6 3748 3 3546
13 5121 438 476 63 415 48 665 83 2676 19 1170 10 1408 3 1255 0 0 0 0
13 5122 112 141 10 68 8 102 4 112 0 0 0 0 0 0 0 0 0 0
13 515 140 264 47 326 34 486 48 1533 33 2397 8 1396 5 1527 0 0 0 0
13 517 1091 2108 420 2858 334 4657 199 6298 56 4024 60 10157 16 5761 15 11706 3 3620
13 517311 536 965 134 982 149 2251 140 4588 44 3211 37 6055 13 4457 7 5585 0 0
13 5182 263 444 72 498 70 967 65 2001 35 2416 24 3437 13 4369 5 3635 0 0
13 5191 169 254 36 230 30 391 20 602 5 366 5 760 0 0 4 2753 0 0
13 51912 10 16 5 39 7 94 0 0 0 0 0 0 0 0 0 0 0 0
13 51913 145 217 27 163 18 240 16 476 4 287 5 760 0 0 4 2753 0 0
13 52 9528 17540 2988 19449 1301 17264 722 21518 229 15978 134 21296 56 19458 21 14100 15 36299
13 522 3275 6825 1702 11374 808 10707 387 11444 104 7164 63 10246 25 8762 10 6862 0 0
13 5221 946 2061 1126 7767 664 8747 283 8304 62 4123 27 4288 10 3538 0 0 0 0
13 5241 538 1054 121 793 102 1366 97 2949 57 4040 27 4420 19 6878 10 6672 8 23098
13 5242 3550 6326 888 5495 263 3462 140 4273 44 2984 34 4915 7 2101 0 0 3 6881
13 53 10251 13820 1727 11172 768 9845 326 9531 109 7174 47 6981 12 3698 7 4186 0 0
13 531 9456 12251 1187 7608 463 5921 196 5869 80 5310 34 5044 10 3170 5 3079 0 0
13 5313 2039 2936 408 2600 184 2378 86 2689 36 2413 26 3994 7 2279 0 0 0 0
13 532 743 1484 524 3454 296 3807 123 3437 28 1799 11 1632 0 0 0 0 0 0
13 5321 218 434 153 1003 131 1626 45 1201 13 828 6 999 0 0 0 0 0 0
13 5411 4658 7371 841 5377 341 4557 178 5414 40 2806 28 4382 8 2816 0 0 0 0
13 5412 3103 4921 666 4533 311 4224 127 3926 54 3755 29 4500 13 4276 5 2880 7 9209
13 5413 2087 3208 489 3305 336 4542 255 7802 88 5970 46 6703 12 3873 4 3379 0 0
13 5414 1064 1389 100 646 49 634 18 454 5 326 0 0 0 0 0 0 0 0
13 5415 4040 5261 448 3052 309 4184 277 8419 128 8814 80 12110 24 8038 12 8345 9 19915
13 5416 5127 5611 420 2713 238 3253 183 5718 90 6291 50 7593 15 5039 5 3775 4 10892
13 5417 190 293 62 402 39 535 32 957 15 993 8 1168 0 0 0 0 0 0
13 5418 807 1146 148 973 82 1110 66 1990 29 1855 15 2148 4 1194 0 0 0 0
13 5419 1232 1506 355 2351 378 5457 198 5697 18 1122 4 876 0 0 0 0 0 0
13 54194 241 417 240 1621 323 4666 161 4564 12 783 0 0 0 0 0 0 0 0
13 55 642 1098 206 1420 219 3017 251 8148 150 10552 139 21762 55 19118 32 21636 20 59009
13 561 7301 10972 1701 11206 1207 16413 947 29160 464 32348 461 72495 145 49124 74 52440 46 114071
13 5613 929 1236 169 1144 166 2285 238 7788 214 14949 288 45853 81 27618 52 37293 30 74591
13 5614 650 1081 187 1182 101 1265 74 2262 25 1612 23 3666 17 5967 9 5799 4 5547
13 5615 300 433 59 395 33 439 17 481 6 446 7 1192 0 0 0 0 0 0
13 5616 423 635 111 730 84 1222 72 2242 43 3094 42 6647 16 4605 5 3288 5 8194
13 5617 3842 5834 902 5947 632 8571 393 11585 114 7771 55 8396 17 5890 3 2490 0 0
13 56173 1933 2959 467 3000 285 3897 156 4756 45 2942 19 2828 5 1594 0 0 0 0
13 562 342 647 124 811 106 1474 87 2626 36 2583 12 1927 0 0 0 0 0 0
13 611 1717 2551 452 3014 389 5369 367 10984 151 10246 76 11686 32 10443 13 9131 7 28095
13 6111 124 257 69 472 97 1402 181 5648 113 7569 63 9624 17 5088 4 2501 0 0
13 621 9928 16735 4350 29279 2966 39496 1593 47245 427 29236 183 26818 45 15050 17 10056 6 8515
13 6211 3942 6575 1589 10648 1188 16016 746 22170 194 12855 82 11988 19 6123 8 4279 3 4622
13 6212 1222 2402 1395 9541 821 10570 124 3284 13 839 0 0 0 0 0 0 0 0
13 6213 3607 5875 821 5298 304 3999 112 3156 11 766 7 1152 0 0 0 0 0 0
13 62131 969 1828 218 1326 46 587 8 188 0 0 0 0 0 0 0 0 0 0
13 62132 372 691 178 1164 76 988 22 601 0 0 0 0 0 0 0 0 0 0
13 6214 419 774 290 2034 372 4933 219 6226 40 2787 20 2997 10 3492 0 0 0 0
13 6216 343 440 132 911 165 2407 285 8996 114 8226 56 8090 7 2626 3 1806 0 0
13 622 6 4 0 0 0 0 0 0 12 1047 51 8539 37 13973 28 20429 53 122233
13 6222 0 0 0 0 0 0 0 0 6 543 7 1169 8 2758 3 1794 0 0
13 623 627 1055 233 1611 232 3099 275 9048 253 18246 179 26498 15 5831 3 1562 0 0
13 6231 75 117 23 169 17 246 34 1144 158 11983 126 18472 5 1941 0 0 0 0
13 6241 1054 1822 312 2131 246 3369 210 6409 78 5380 26 4219 7 2287 4 2819 0 0
13 6242 179 349 79 509 61 824 51 1477 11 692 3 550 0 0 0 0 0 0
13 6243 69 124 21 136 19 254 18 579 8 646 5 738 0 0 0 0 0 0
13 6244 605 1001 378 2598 587 8503 696 20479 45 2828 9 1154 0 0 0 0 0 0
13 711 1123 1275 76 488 65 924 24 717 17 1091 13 1711 0 0 0 0 3 4347
13 7111 158 213 20 128 14 192 6 173 8 540 4 582 0 0 0 0 0 0
13 7112 72 79 6 38 6 88 4 130 4 252 0 0 0 0 0 0 0 0
13 7115 667 660 21 125 12 169 0 0 0 0 0 0 0 0 0 0 0 0
13 712 74 133 27 189 23 331 17 501 8 596 4 641 3 883 0 0 0 0
13 713 1017 1535 367 2369 336 4608 274 8575 111 7564 62 9174 9 2873 5 2918 0 0
13 71395 4 8 11 76 13 188 22 654 9 614 5 573 0 0 0 0 0 0
13 721 710 1233 399 2678 522 7303 478 13672 70 4815 52 8383 10 3734 8 5170 0 0
13 7211 633 1089 368 2466 502 7045 468 13377 68 4672 51 8251 10 3734 8 5170 0 0
13 722 5260 8555 3079 20751 4102 58830 5566 170636 1463 96915 333 42141 20 7270 6 4711 0 0
13 7224 181 303 94 594 66 878 64 1957 18 1171 0 0 0 0 0 0 0 0
13 8111 2735 4981 1077 7130 544 7143 223 6383 32 2164 8 1127 0 0 0 0 0 0
13 811192 276 345 103 717 111 1439 83 2415 21 1424 0 0 0 0 0 0 0 0
13 8112 256 478 55 377 40 569 15 453 6 374 5 705 0 0 0 0 0 0
13 8113 393 657 130 881 81 1093 48 1394 12 860 7 969 0 0 0 0 0 0
13 8114 517 773 87 559 17 220 5 119 0 0 0 0 0 0 0 0 0 0
13 8121 2814 4011 536 3579 332 4318 121 3411 15 986 5 861 0 0 0 0 0 0
13 812111 106 137 15 104 14 207 4 120 0 0 0 0 0 0 0 0 0 0
13 812112 1576 2274 371 2494 217 2826 78 2280 10 687 3 426 0 0 0 0 0 0
13 8122 260 638 164 1143 102 1318 28 766 0 0 0 0 0 0 0 0 0 0
13 8123 757 1424 222 1434 98 1278 30 915 12 830 9 1248 0 0 0 0 0 0
13 8129 996 1486 228 1526 143 1933 61 1713 24 1718 4 541 0 0 0 0 0 0
13 813 5627 10676 1741 11233 813 10886 595 18050 185 12569 74 10526 10 3345 4 2696 0 0
13 8131 3959 7818 1350 8687 584 7846 490 14909 142 9540 47 6571 9 3084 3 2056 0 0
13 8139 766 1303 170 1114 92 1215 59 1788 20 1383 9 1194 0 0 0 0 0 0
13 81393 113 239 53 374 25 335 17 485 3 207 0 0 0 0 0 0 0 0
13 814 14355 25124 4240 27862 2170 28758 1126 33204 288 19621 112 15977 16 5332 5 3262 3 5285
15 111 32 45 0 0 0 0 3 77 0 0 0 0 0 0 0 0 0 0
15 112 32 45 0 0 0 0 3 77 0 0 0 0 0 0 0 0 0 0
15 113 32 45 0 0 0 0 3 77 0 0 0 0 0 0 0 0 0 0
15 1133 32 45 0 0 0 0 3 77 0 0 0 0 0 0 0 0 0 0
15 114 17 23 0 0 0 0 0 0 0 0 0 0 0 0 0 0 0 0
15 115 13 18 0 0 0 0 3 77 0 0 0 0 0 0 0 0 0 0
15 211 0 0 0 0 3 38 0 0 0 0 0 0 0 0 0 0 0 0
15 2121 0 0 0 0 3 38 0 0 0 0 0 0 0 0 0 0 0 0
15 2122 0 0 0 0 3 38 0 0 0 0 0 0 0 0 0 0 0 0
15 2123 0 0 0 0 3 38 0 0 0 0 0 0 0 0 0 0 0 0
15 213 0 0 0 0 3 38 0 0 0 0 0 0 0 0 0 0 0 0
15 22 24 54 13 82 11 164 12 449 4 222 0 0 3 906 0 0 0 0
15 221 24 54 13 82 11 164 12 449 4 222 0 0 3 906 0 0 0 0
15 2211 8 20 0 0 4 50 10 377 3 170 0 0 3 906 0 0 0 0
15 2213 16 34 12 77 6 98 0 0 0 0 0 0 0 0 0 0 0 0
15 22132 10 18 6 33 3 50 0 0 0 0 0 0 0 0 0 0 0 0
15 23 1637 2577 559 3688 350 4662 233 6971 68 4579 33 4813 5 1461 3 2138 0 0
15 3 355 649 161 1107 103 1477 92 2851 33 2242 21 3208 3 882 0 0 0 0
15 31 355 649 161 1107 103 1477 92 2851 33 2242 21 3208 3 882 0 0 0 0
15 311 94 185 53 359 46 654 31 934 17 1147 9 1451 0 0 0 0 0 0
15 3113 7 6 4 27 7 92 3 74 0 0 0 0 0 0 0 0 0 0
15 3114 12 20 4 34 0 0 0 0 0 0 0 0 0 0 0 0 0 0
15 3115 0 0 0 0 0 0 3 87 0 0 0 0 0 0 0 0 0 0
15 3116 6 6 0 0 5 65 0 0 0 0 0 0 0 0 0 0 0 0
15 3118 36 83 27 184 18 259 14 443 10 643 0 0 0 0 0 0 0 0
15 311811 22 50 19 134 12 177 8 249 5 311 0 0 0 0 0 0 0 0
15 3121 13 25 5 37 4 52 10 332 4 264 3 615 0 0 0 0 0 0
15 3122 13 25 5 37 4 52 10 332 4 264 3 615 0 0 0 0 0 0
15 3131 355 649 161 1107 103 1477 92 2851 33 2242 21 3208 3 882 0 0 0 0
15 3132 355 649 161 1107 103 1477 92 2851 33 2242 21 3208 3 882 0 0 0 0
15 3133 355 649 161 1107 103 1477 92 2851 33 2242 21 3208 3 882 0 0 0 0
15 314 16 36 3 20 0 0 0 0 0 0 0 0 0 0 0 0 0 0
15 31411 4 7 0 0 0 0 0 0 0 0 0 0 0 0 0 0 0 0
15 315 17 29 14 92 3 36 0 0 0 0 0 0 0 0 0 0 0 0
15 316 355 649 161 1107 103 1477 92 2851 33 2242 21 3208 3 882 0 0 0 0
15 3162 355 649 161 1107 103 1477 92 2851 33 2242 21 3208 3 882 0 0 0 0
15 3211 13 21 4 34 4 66 5 162 0 0 0 0 0 0 0 0 0 0
15 3212 0 0 0 0 0 0 4 136 0 0 0 0 0 0 0 0 0 0
15 3219 12 17 3 29 0 0 0 0 0 0 0 0 0 0 0 0 0 0
15 32199 7 8 0 0 0 0 0 0 0 0 0 0 0 0 0 0 0 0
15 3231 46 87 25 159 8 120 7 212 3 245 0 0 0 0 0 0 0 0
15 325 9 16 7 41 3 41 5 137 0 0 0 0 0 0 0 0 0 0
15 3252 9 16 7 41 3 41 5 137 0 0 0 0 0 0 0 0 0 0
15 3254 3 4 0 0 0 0 0 0 0 0 0 0 0 0 0 0 0 0
15 3255 9 16 7 41 3 41 5 137 0 0 0 0 0 0 0 0 0 0
15 3256 4 11 4 26 0 0 3 68 0 0 0 0 0 0 0 0 0 0
15 3261 5 13 0 0 5 80 0 0 0 0 0 0 0 0 0 0 0 0
15 3262 6 16 0 0 5 80 0 0 0 0 0 0 0 0 0 0 0 0
15 32621 6 16 0 0 5 80 0 0 0 0 0 0 0 0 0 0 0 0
15 327 12 24 7 56 4 59 11 386 4 267 0 0 0 0 0 0 0 0
15 32711 12 24 7 56 4 59 11 386 4 267 0 0 0 0 0 0 0 0
15 327120 12 24 7 56 4 59 11 386 4 267 0 0 0 0 0 0 0 0
15 3272 5 12 0 0 0 0 0 0 0 0 0 0 0 0 0 0 0 0
15 3279 3 5 0 0 0 0 0 0 0 0 0 0 0 0 0 0 0 0
15 332 20 43 5 34 7 90 4 154 0 0 0 0 0 0 0 0 0 0
15 3321 20 43 5 34 7 90 4 154 0 0 0 0 0 0 0 0 0 0
15 3322 20 43 5 34 7 90 4 154 0 0 0 0 0 0 0 0 0 0
15 3327 5 16 0 0 0 0 0 0 0 0 0 0 0 0 0 0 0 0
15 3328 3 5 0 0 0 0 0 0 0 0 0 0 0 0 0 0 0 0
15 333 4 10 0 0 3 37 0 0 0 0 0 0 0 0 0 0 0 0
15 3331 4 10 0 0 3 37 0 0 0 0 0 0 0 0 0 0 0 0
15 33311 4 10 0 0 3 37 0 0 0 0 0 0 0 0 0 0 0 0
15 3335 4 10 0 0 3 37 0 0 0 0 0 0 0 0 0 0 0 0
15 3336 4 10 0 0 3 37 0 0 0 0 0 0 0 0 0 0 0 0
15 334 3 7 0 0 0 0 0 0 0 0 0 0 0 0 0 0 0 0
15 3341 3 7 0 0 0 0 0 0 0 0 0 0 0 0 0 0 0 0
15 336 12 13 5 30 0 0 0 0 0 0 0 0 0 0 0 0 0 0
15 33641 12 13 5 30 0 0 0 0 0 0 0 0 0 0 0 0 0 0
15 3365 12 13 5 30 0 0 0 0 0 0 0 0 0 0 0 0 0 0
15 3366 6 7 4 21 0 0 0 0 0 0 0 0 0 0 0 0 0 0
15 3369 12 13 5 30 0 0 0 0 0 0 0 0 0 0 0 0 0 0
15 337 22 31 7 43 5 76 3 81 0 0 0 0 0 0 0 0 0 0
15 3391 12 24 7 53 3 45 3 84 0 0 0 0 0 0 0 0 0 0
15 3399 53 77 12 89 5 79 3 77 0 0 0 0 0 0 0 0 0 0
15 4 1842 3785 1162 7742 801 10721 471 13486 162 11624 86 12236 32 10490 3 1509 0 0
15 42 808 1535 302 2001 227 3090 148 4380 47 3219 26 3839 0 0 0 0 0 0
15 4231 19 30 9 51 7 84 8 189 5 360 0 0 0 0 0 0 0 0
15 4232 22 31 13 92 6 75 5 188 0 0 0 0 0 0 0 0 0 0
15 4233 38 72 19 127 13 185 10 297 0 0 0 0 0 0 0 0 0 0
15 4234 68 121 17 117 18 223 6 210 3 224 0 0 0 0 0 0 0 0
15 4235 10 26 0 0 3 37 4 105 0 0 0 0 0 0 0 0 0 0
15 4236 44 88 16 103 10 128 9 266 0 0 0 0 0 0 0 0 0 0
15 4237 31 64 19 129 9 109 15 443 0 0 0 0 0 0 0 0 0 0
15 4238 59 109 22 147 27 371 5 161 3 190 0 0 0 0 0 0 0 0
15 4239 102 215 21 136 14 214 8 260 0 0 0 0 0 0 0 0 0 0
15 42393 6 13 7 45 6 96 3 107 0 0 0 0 0 0 0 0 0 0
15 424 342 670 148 974 113 1583 76 2185 31 2115 23 3505 0 0 0 0 0 0
15 4241 29 65 10 58 8 115 3 73 3 176 0 0 0 0 0 0 0 0
15 4243 53 96 21 141 9 130 4 105 0 0 0 0 0 0 0 0 0 0
15 4244 98 206 47 311 56 813 41 1171 18 1211 14 2183 0 0 0 0 0 0
15 4247 7 21 0 0 8 86 0 0 0 0 0 0 0 0 0 0 0 0
15 4248 7 19 0 0 6 90 12 377 0 0 4 534 0 0 0 0 0 0
15 4249 93 173 36 248 17 227 9 257 0 0 0 0 0 0 0 0 0 0
15 42491 11 34 8 52 4 49 0 0 0 0 0 0 0 0 0 0 0 0
15 4251 73 109 16 107 7 81 0 0 0 0 0 0 0 0 0 0 0 0
15 4411 44 69 11 66 13 168 26 876 16 1170 16 2282 0 0 0 0 0 0
15 4412 16 24 4 25 3 44 5 137 0 0 0 0 0 0 0 0 0 0
15 4413 53 111 42 297 50 694 23 654 0 0 0 0 0 0 0 0 0 0
15 442 82 153 41 258 27 387 14 384 3 218 0 0 0 0 0 0 0 0
15 443141 16 31 4 28 0 0 0 0 0 0 0 0 0 0 0 0 0 0
15 443142 26 75 19 122 10 127 4 141 0 0 3 380 0 0 0 0 0 0
15 4441 79 159 32 214 38 502 26 850 4 338 7 1495 4 1296 0 0 0 0
15 44413 20 41 8 51 12 161 11 303 0 0 0 0 0 0 0 0 0 0
15 4442 26 58 12 76 8 105 0 0 0 0 0 0 0 0 0 0 0 0
15 44511 78 174 37 244 24 370 39 1416 77 5535 26 3583 0 0 0 0 0 0
15 44512 74 144 27 178 43 609 3 79 0 0 0 0 0 0 0 0 0 0
15 4452 65 113 28 188 30 413 7 158 0 0 0 0 0 0 0 0 0 0
15 4453 55 97 8 52 3 34 0 0 0 0 0 0 0 0 0 0 0 0
15 446 129 283 120 796 50 695 95 2296 5 352 0 0 0 0 0 0 0 0
15 44611 31 65 25 194 11 151 83 1903 0 0 0 0 0 0 0 0 0 0
15 447 32 74 84 594 113 1513 16 467 0 0 0 0 0 0 0 0 0 0
15 4481 287 691 243 1593 150 1997 102 2863 38 2778 9 1032 0 0 0 0 0 0
15 44821 27 66 41 275 30 381 22 592 0 0 0 0 0 0 0 0 0 0
15 4483 132 293 99 657 43 538 10 300 0 0 0 0 0 0 0 0 0 0
15 4511 93 178 45 296 40 528 11 351 0 0 0 0 0 0 0 0 0 0
15 45113 8 22 7 58 0 0 0 0 0 0 0 0 0 0 0 0 0 0
15 45114 15 26 4 25 5 67 0 0 0 0 0 0 0 0 0 0 0 0
15 45121 12 21 3 25 0 0 0 0 0 0 0 0 0 0 0 0 0 0
15 45221 0 0 0 0 0 0 0 0 3 205 11 1419 0 0 0 0 0 0
15 4523 17 42 5 33 5 69 5 153 0 0 8 1331 24 7943 0 0 0 0
15 4531 38 85 15 116 8 89 0 0 0 0 0 0 0 0 0 0 0 0
15 45321 7 20 0 0 4 53 8 223 0 0 0 0 0 0 0 0 0 0
15 45322 115 256 126 812 63 802 24 723 4 240 0 0 0 0 0 0 0 0
15 4533 21 46 34 236 6 66 7 186 0 0 0 0 0 0 0 0 0 0
15 4539 119 263 51 356 22 283 13 345 0 0 0 0 0 0 0 0 0 0
15 454110 100 122 12 83 5 74 3 75 0 0 0 0 0 0 0 0 0 0
15 4542 9 18 3 18 0 0 0 0 0 0 0 0 0 0 0 0 0 0
15 454310 9 20 5 32 0 0 3 80 0 0 0 0 0 0 0 0 0 0
15 45439 81 99 9 57 6 82 0 0 0 0 0 0 0 0 0 0 0 0
15 481 19 37 12 77 9 125 12 299 10 696 3 429 0 0 0 0 0 0
15 482 395 703 157 1050 151 2128 150 4450 71 4922 23 3809 9 3151 7 4994 3 7817
15 483 6 12 0 0 3 46 4 124 0 0 0 0 0 0 0 0 0 0
15 484 90 155 31 227 35 490 35 1025 23 1513 0 0 0 0 0 0 0 0
15 485 70 115 20 128 18 243 12 355 4 281 0 0 0 0 3 2027 0 0
15 4853 40 62 8 46 11 142 7 219 0 0 0 0 0 0 0 0 0 0
15 486 395 703 157 1050 151 2128 150 4450 71 4922 23 3809 9 3151 7 4994 3 7817
15 487 80 142 34 238 42 592 44 1407 16 1128 6 915 0 0 0 0 0 0
15 488 86 156 38 247 28 409 23 617 8 635 7 1078 3 1004 0 0 0 0
15 492 20 36 11 70 8 121 10 317 4 277 0 0 0 0 0 0 0 0
15 493 23 47 10 54 8 102 10 306 4 232 0 0 0 0 0 0 0 0
15 5111 39 69 12 84 6 87 7 210 0 0 0 0 0 0 0 0 0 0
15 51111 4 12 0 0 0 0 0 0 0 0 0 0 0 0 0 0 0 0
15 5112 23 34 6 40 3 47 3 75 0 0 0 0 0 0 0 0 0 0
15 5121 53 68 8 53 3 44 14 494 3 260 0 0 0 0 0 0 0 0
15 5122 13 20 0 0 0 0 0 0 0 0 0 0 0 0 0 0 0 0
15 515 18 41 10 59 7 103 6 189 5 313 0 0 0 0 0 0 0 0
15 517 110 269 44 307 48 653 19 591 9 667 0 0 0 0 0 0 0 0
15 517311 58 128 9 68 11 151 13 414 8 594 0 0 0 0 0 0 0 0
15 5182 35 66 7 45 6 79 7 200 3 252 0 0 0 0 0 0 0 0
15 5191 23 33 0 0 0 0 0 0 0 0 0 0 0 0 0 0 0 0
15 51912 23 33 0 0 0 0 0 0 0 0 0 0 0 0 0 0 0 0
15 51913 17 26 0 0 0 0 0 0 0 0 0 0 0 0 0 0 0 0
15 52 880 1727 332 2191 175 2310 73 2169 29 1966 25 3894 6 1832 3 2181 0 0
15 522 293 672 207 1419 120 1590 36 1044 15 1027 9 1316 4 1187 3 2181 0 0
15 5221 102 286 166 1164 110 1474 31 905 14 938 9 1316 4 1187 3 2181 0 0
15 5241 99 203 30 182 18 244 12 326 6 333 10 1596 0 0 0 0 0 0
15 5242 305 565 62 390 26 330 21 669 7 532 5 875 0 0 0 0 0 0
15 53 1467 2364 298 1913 157 2024 75 2205 38 2694 13 1911 3 1337 0 0 0 0
15 531 1278 2028 204 1333 93 1218 41 1254 22 1647 12 1748 3 1337 0 0 0 0
15 5313 331 550 74 480 47 616 15 434 9 638 5 770 0 0 0 0 0 0
15 532 187 333 93 575 63 793 32 889 16 1047 0 0 0 0 0 0 0 0
15 5321 70 109 31 202 31 360 19 520 14 900 0 0 0 0 0 0 0 0
15 5411 469 720 95 604 30 415 25 751 8 557 0 0 0 0 0 0 0 0
15 5412 486 798 106 700 51 713 18 476 6 399 0 0 0 0 0 0 0 0
15 5413 346 585 84 545 93 1261 44 1372 16 1077 5 649 0 0 0 0 0 0
15 5414 97 144 9 60 4 38 0 0 0 0 0 0 0 0 0 0 0 0
15 5415 279 440 59 400 36 479 21 579 13 882 3 423 0 0 0 0 0 0
15 5416 400 516 47 300 30 392 16 527 5 372 3 505 0 0 0 0 0 0
15 5417 43 77 10 70 8 116 7 258 0 0 3 414 0 0 0 0 0 0
15 5418 64 100 16 96 6 87 4 143 6 337 0 0 0 0 0 0 0 0
15 5419 195 263 43 289 40 561 17 471 6 389 0 0 0 0 0 0 0 0
15 54194 25 42 18 120 22 308 10 262 3 188 0 0 0 0 0 0 0 0
15 55 87 156 45 299 32 441 42 1429 18 1296 7 1222 0 0 0 0 0 0
15 561 955 1565 294 1891 200 2726 148 4541 78 5488 48 7969 25 9044 10 6650 7 24238
15 5613 53 79 7 57 11 167 14 506 17 1182 18 3312 14 5040 6 3972 7 24238
15 5614 51 101 22 151 10 131 5 132 0 0 0 0 0 0 0 0 0 0
15 5615 221 408 62 416 46 633 29 901 12 830 3 561 0 0 0 0 0 0
15 5616 43 71 17 120 19 257 22 706 12 947 15 2155 0 0 3 1906 0 0
15 5617 494 777 157 962 91 1233 67 2009 27 1858 8 1348 7 2643 0 0 0 0
15 56173 192 312 75 454 32 416 29 913 12 838 5 742 0 0 0 0 0 0
15 562 65 107 19 113 17 227 14 483 4 278 4 574 0 0 0 0 0 0
15 611 249 363 110 734 82 1048 64 1973 29 1994 15 2153 4 1211 3 1983 3 6828
15 6111 15 34 16 106 24 310 35 1139 20 1368 11 1523 0 0 0 0 0 0
15 621 1549 2856 625 4130 299 3984 192 5717 62 4225 26 4011 10 2796 0 0 0 0
15 6211 715 1310 227 1489 100 1313 48 1357 10 642 3 566 3 756 0 0 0 0
15 6212 258 572 245 1630 93 1215 24 602 0 0 0 0 0 0 0 0 0 0
15 6213 438 738 113 751 39 487 16 466 6 394 0 0 0 0 0 0 0 0
15 62131 85 156 12 67 3 42 0 0 0 0 0 0 0 0 0 0 0 0
15 62132 46 103 51 340 5 66 0 0 0 0 0 0 0 0 0 0 0 0
15 6214 65 108 28 190 36 497 64 1989 19 1225 10 1449 4 1118 0 0 0 0
15 6216 31 50 0 0 11 167 26 797 18 1287 9 1373 0 0 0 0 0 0
15 622 0 0 0 0 0 0 0 0 3 209 5 740 7 2448 5 3722 8 14943
15 6222 0 0 0 0 0 0 0 0 3 209 5 740 7 2448 5 3722 8 14943
15 623 54 112 29 188 22 302 21 639 23 1778 22 3467 5 1580 0 0 0 0
15 6231 6 11 4 30 3 34 5 156 13 1109 17 2607 3 936 0 0 0 0
15 6241 127 192 64 463 69 1008 60 1945 20 1240 10 1581 0 0 0 0 0 0
15 6242 35 70 14 90 21 303 10 309 0 0 3 400 0 0 0 0 0 0
15 6243 22 53 7 45 8 117 6 217 4 274 3 490 0 0 0 0 0 0
15 6244 75 195 98 692 58 784 28 781 7 494 0 0 0 0 0 0 0 0
15 711 136 177 12 85 8 115 10 317 4 266 4 652 0 0 0 0 0 0
15 7111 24 54 5 35 4 59 10 317 3 203 3 419 0 0 0 0 0 0
15 7112 12 10 0 0 0 0 0 0 0 0 0 0 0 0 0 0 0 0
15 7115 82 82 3 17 0 0 0 0 0 0 0 0 0 0 0 0 0 0
15 712 12 31 10 65 10 148 8 245 4 304 6 896 0 0 0 0 0 0
15 713 121 174 59 370 40 569 45 1419 28 2054 17 2478 0 0 0 0 0 0
15 721 95 154 35 261 35 542 73 2359 39 2907 31 4936 17 6233 21 14204 7 8953
15 7211 86 140 34 257 34 530 73 2359 39 2907 31 4936 17 6233 21 14204 7 8953
15 722 986 1746 662 4496 787 10839 785 22823 261 17934 65 9050 5 1685 3 1993 0 0
15 7224 91 162 40 283 28 408 15 430 5 390 0 0 0 0 0 0 0 0
15 8111 287 584 124 834 48 645 24 658 3 168 0 0 0 0 0 0 0 0
15 811192 25 43 7 45 0 0 6 167 0 0 0 0 0 0 0 0 0 0
15 8112 22 39 3 19 3 44 0 0 0 0 0 0 0 0 0 0 0 0
15 8113 54 79 14 91 6 80 3 61 0 0 0 0 0 0 0 0 0 0
15 8114 54 73 12 72 4 50 0 0 0 0 0 0 0 0 0 0 0 0
15 8121 367 564 122 874 61 790 21 576 7 410 0 0 0 0 0 0 0 0
15 812111 26 55 7 47 7 105 0 0 0 0 0 0 0 0 0 0 0 0
15 812112 191 297 90 668 44 556 13 346 5 299 0 0 0 0 0 0 0 0
15 8122 11 21 4 34 7 91 6 190 0 0 0 0 0 0 0 0 0 0
15 8123 37 66 18 112 10 143 5 145 5 400 0 0 0 0 0 0 0 0
15 8129 249 447 73 493 21 273 13 450 3 193 3 396 0 0 0 0 0 0
15 813 1269 2369 302 1970 169 2291 123 3605 24 1549 16 2438 0 0 0 0 0 0
15 8131 362 709 96 620 62 852 44 1297 11 713 3 393 0 0 0 0 0 0
15 8139 726 1357 160 1054 76 1036 66 1852 9 616 3 447 0 0 0 0 0 0
15 81393 41 69 17 109 6 79 10 276 5 331 0 0 0 0 0 0 0 0
15 814 2350 4242 672 4499 329 4407 197 5740 42 2720 20 2932 0 0 0 0 0 0
16 111 366 469 56 361 41 529 20 588 5 398 4 458 0 0 0 0 0 0
16 112 366 469 56 361 41 529 20 588 5 398 4 458 0 0 0 0 0 0
16 113 180 268 33 222 25 313 10 261 0 0 0 0 0 0 0 0 0 0
16 1133 171 258 33 222 25 313 10 261 0 0 0 0 0 0 0 0 0 0
16 114 15 9 0 0 0 0 0 0 0 0 0 0 0 0 0 0 0 0
16 115 171 192 23 139 16 216 10 327 5 398 3 331 0 0 0 0 0 0
16 211 3 3 0 0 0 0 0 0 0 0 0 0 0 0 0 0 0 0
16 2121 32 40 14 99 11 150 7 193 5 321 0 0 0 0 0 0 0 0
16 2122 6 6 0 0 0 0 0 0 0 0 0 0 0 0 0 0 0 0
16 2123 26 34 12 83 9 122 5 134 3 186 0 0 0 0 0 0 0 0
16 213 24 26 6 41 0 0 3 101 0 0 0 0 0 0 0 0 0 0
16 22 129 228 33 226 20 265 20 601 7 540 6 975 0 0 0 0 0 0
16 221 129 228 33 226 20 265 20 601 7 540 6 975 0 0 0 0 0 0
16 2211 60 112 24 175 13 176 12 373 6 436 4 661 0 0 0 0 0 0
16 2212 8 28 0 0 0 0 4 124 0 0 0 0 0 0 0 0 0 0
16 2213 61 88 8 45 6 72 4 104 0 0 0 0 0 0 0 0 0 0
16 22132 4 6 0 0 0 0 0 0 0 0 0 0 0 0 0 0 0 0
16 23 5529 8385 1335 8631 672 9017 340 9703 92 6289 39 5133 4 1437 0 0 0 0
16 3 794 1393 334 2216 303 4096 244 7456 97 7032 88 14024 29 10115 17 10224 0 0
16 31 794 1393 334 2216 303 4096 244 7456 97 7032 88 14024 29 10115 17 10224 0 0
16 311 68 117 39 269 37 530 31 919 13 968 23 3909 11 3787 13 7556 0 0
16 3113 5 9 0 0 0 0 3 73 0 0 0 0 0 0 0 0 0 0
16 3114 7 4 0 0 3 37 0 0 6 415 11 2180 5 1786 5 2834 0 0
16 3115 3 1 0 0 3 36 0 0 4 294 7 903 0 0 3 1892 0 0
16 3116 15 42 9 62 6 89 6 193 0 0 0 0 0 0 3 1815 0 0
16 3118 24 30 11 70 8 115 6 158 0 0 0 0 0 0 0 0 0 0
16 311811 14 17 7 43 4 63 3 83 0 0 0 0 0 0 0 0 0 0
16 3121 26 39 19 128 16 209 9 234 3 253 0 0 0 0 0 0 0 0
16 3122 27 43 19 128 16 209 9 234 3 253 0 0 0 0 0 0 0 0
16 3131 5 9 0 0 0 0 0 0 0 0 0 0 0 0 0 0 0 0
16 3133 3 3 0 0 0 0 0 0 0 0 0 0 0 0 0 0 0 0
16 314 17 33 11 80 5 56 0 0 0 0 0 0 0 0 0 0 0 0
16 31411 3 4 0 0 0 0 0 0 0 0 0 0 0 0 0 0 0 0
16 315 14 29 0 0 3 42 0 0 0 0 0 0 0 0 0 0 0 0
16 316 10 12 3 20 0 0 0 0 0 0 0 0 0 0 0 0 0 0
16 3162 10 12 3 20 0 0 0 0 0 0 0 0 0 0 0 0 0 0
16 3211 14 11 7 48 4 59 0 0 8 599 7 1194 0 0 0 0 0 0
16 3212 5 11 6 47 5 82 5 171 6 421 0 0 0 0 0 0 0 0
16 3219 57 96 22 143 21 288 30 916 6 338 7 1143 4 1314 0 0 0 0
16 32199 38 59 9 53 7 83 9 292 4 234 5 918 0 0 0 0 0 0
16 3221 0 0 0 0 0 0 0 0 0 0 4 533 0 0 0 0 0 0
16 3222 0 0 0 0 0 0 0 0 0 0 4 533 0 0 0 0 0 0
16 32221 0 0 0 0 0 0 0 0 0 0 4 533 0 0 0 0 0 0
16 3231 58 112 30 200 16 211 10 341 0 0 0 0 0 0 0 0 0 0
16 325 23 36 14 102 9 120 9 294 3 206 0 0 4 1437 0 0 0 0
16 3253 6 9 4 28 0 0 0 0 0 0 0 0 0 0 0 0 0 0
16 3254 4 8 0 0 0 0 0 0 0 0 0 0 0 0 0 0 0 0
16 3256 8 14 0 0 0 0 0 0 0 0 0 0 0 0 0 0 0 0
16 3261 16 35 5 35 7 93 11 305 3 242 4 695 0 0 0 0 0 0
16 3262 7 9 6 38 0 0 0 0 0 0 0 0 0 0 0 0 0 0
16 32621 0 0 3 19 0 0 0 0 0 0 0 0 0 0 0 0 0 0
16 327 32 65 20 124 11 151 13 427 3 186 0 0 0 0 0 0 0 0
16 32711 32 65 20 124 11 151 13 427 3 186 0 0 0 0 0 0 0 0
16 327120 32 65 20 124 11 151 13 427 3 186 0 0 0 0 0 0 0 0
16 3272 4 4 0 0 0 0 0 0 0 0 0 0 0 0 0 0 0 0
16 3279 12 27 5 35 0 0 3 107 0 0 0 0 0 0 0 0 0 0
16 331 9 13 0 0 3 43 3 97 0 0 0 0 0 0 0 0 0 0
16 3313 9 13 0 0 3 43 3 97 0 0 0 0 0 0 0 0 0 0
16 3314 4 8 0 0 0 0 0 0 0 0 0 0 0 0 0 0 0 0
16 3315 4 4 0 0 0 0 0 0 0 0 0 0 0 0 0 0 0 0
16 332 179 315 62 423 61 845 36 1204 19 1374 4 484 0 0 0 0 0 0
16 3321 6 12 0 0 0 0 0 0 0 0 0 0 0 0 0 0 0 0
16 3322 3 5 0 0 0 0 0 0 0 0 0 0 0 0 0 0 0 0
16 3327 73 112 27 186 27 376 8 264 3 230 0 0 0 0 0 0 0 0
16 3328 7 13 7 43 4 54 0 0 0 0 0 0 0 0 0 0 0 0
16 33299 27 52 11 75 13 189 6 217 5 294 0 0 0 0 0 0 0 0
16 333 39 65 13 89 31 393 27 757 11 858 9 1314 0 0 0 0 0 0
16 3331 9 12 4 24 10 135 13 392 0 0 4 585 0 0 0 0 0 0
16 33311 4 5 0 0 8 110 8 241 0 0 0 0 0 0 0 0 0 0
16 3333 0 0 0 0 5 64 0 0 0 0 0 0 0 0 0 0 0 0
16 3335 11 18 0 0 3 36 3 71 0 0 0 0 0 0 0 0 0 0
16 334 11 19 6 41 5 59 8 282 5 392 4 699 0 0 3 1981 0 0
16 3345 3 3 0 0 3 36 5 171 0 0 0 0 0 0 0 0 0 0
16 335 11 13 5 27 5 68 0 0 0 0 4 710 0 0 0 0 0 0
16 336 22 34 11 68 10 156 12 385 5 401 9 1474 0 0 0 0 0 0
16 33641 0 0 3 21 0 0 0 0 0 0 3 599 0 0 0 0 0 0
16 3365 22 34 11 68 10 156 12 385 5 401 9 1474 0 0 0 0 0 0
16 3366 0 0 0 0 4 66 0 0 0 0 0 0 0 0 0 0 0 0
16 3369 6 8 0 0 0 0 3 99 0 0 0 0 0 0 0 0 0 0
16 337 59 102 15 84 23 304 17 491 3 176 4 553 0 0 0 0 0 0
16 3391 47 91 9 62 8 107 5 127 0 0 0 0 0 0 0 0 0 0
16 3399 64 123 26 157 18 211 9 256 4 279 0 0 0 0 0 0 0 0
16 4 2563 4603 1487 10046 1128 15068 611 17774 174 11812 107 15588 29 9310 0 0 0 0
16 42 1011 1901 432 2903 341 4696 228 6770 80 5538 33 4906 5 1741 0 0 0 0
16 4231 44 71 24 168 25 362 14 384 9 516 0 0 0 0 0 0 0 0
16 4232 21 37 8 53 5 61 4 135 0 0 0 0 0 0 0 0 0 0
16 4233 50 87 31 207 27 383 17 455 8 548 0 0 0 0 0 0 0 0
16 4234 86 172 20 143 22 280 12 341 7 403 0 0 0 0 0 0 0 0
16 4235 16 30 6 40 6 84 3 122 0 0 0 0 0 0 0 0 0 0
16 4236 60 148 46 319 19 292 5 167 3 207 0 0 0 0 0 0 0 0
16 4237 39 91 35 213 28 362 17 454 0 0 0 0 0 0 0 0 0 0
16 4238 135 265 96 642 64 855 56 1612 10 783 3 428 0 0 0 0 0 0
16 4239 72 130 28 198 20 268 11 334 0 0 0 0 0 0 0 0 0 0
16 42393 15 40 10 70 13 174 4 120 0 0 0 0 0 0 0 0 0 0
16 424 368 701 126 841 122 1706 77 2346 34 2391 19 2968 3 1031 0 0 0 0
16 4241 19 29 3 22 8 102 5 178 0 0 0 0 0 0 0 0 0 0
16 4243 18 32 0 0 6 78 0 0 0 0 0 0 0 0 0 0 0 0
16 4244 98 173 19 123 21 294 23 761 17 1172 14 2166 0 0 0 0 0 0
16 4245 37 84 21 140 6 78 9 273 0 0 0 0 0 0 0 0 0 0
16 4247 27 53 6 34 13 178 8 225 0 0 0 0 0 0 0 0 0 0
16 4248 10 23 6 42 5 69 3 102 6 453 0 0 0 0 0 0 0 0
16 4249 100 200 52 351 49 728 26 730 8 567 0 0 0 0 0 0 0 0
16 42491 56 118 37 250 40 602 24 658 6 438 0 0 0 0 0 0 0 0
16 4251 120 169 12 79 3 43 12 420 5 404 0 0 0 0 0 0 0 0
16 4411 159 272 33 223 43 582 53 1780 28 1859 16 2235 0 0 0 0 0 0
16 4412 57 142 26 190 37 526 19 539 9 718 0 0 0 0 0 0 0 0
16 4413 122 251 121 823 153 1992 42 1038 0 0 0 0 0 0 0 0 0 0
16 442 119 268 79 524 58 734 20 578 6 387 0 0 0 0 0 0 0 0
16 443141 24 56 16 107 12 161 0 0 0 0 0 0 0 0 0 0 0 0
16 443142 45 101 45 294 10 120 0 0 6 384 0 0 0 0 0 0 0 0
16 4441 163 370 130 898 86 1135 45 1190 4 260 20 3279 0 0 0 0 0 0
16 44413 32 65 33 238 30 404 13 321 0 0 0 0 0 0 0 0 0 0
16 4442 55 118 20 120 33 425 11 333 3 227 0 0 0 0 0 0 0 0
16 44511 37 79 36 264 28 371 56 1761 60 4314 39 4816 0 0 0 0 0 0
16 44512 34 65 12 88 6 84 0 0 0 0 0 0 0 0 0 0 0 0
16 4452 77 110 18 112 29 404 12 293 0 0 0 0 0 0 0 0 0 0
16 4453 44 102 48 262 4 42 0 0 0 0 0 0 0 0 0 0 0 0
16 446 112 209 96 637 87 1296 43 1249 3 212 0 0 0 0 0 0 0 0
16 44611 22 37 35 245 56 881 32 834 0 0 0 0 0 0 0 0 0 0
16 447 108 243 232 1670 222 2924 94 2435 5 319 0 0 0 0 0 0 0 0
16 4481 111 241 118 802 75 917 56 1835 8 490 0 0 0 0 0 0 0 0
16 44821 27 57 42 263 9 107 3 90 0 0 0 0 0 0 0 0 0 0
16 4483 48 111 40 254 7 91 0 0 0 0 0 0 0 0 0 0 0 0
16 4511 154 283 66 439 52 724 43 1320 10 602 0 0 0 0 0 0 0 0
16 45113 15 25 6 34 6 94 8 244 0 0 0 0 0 0 0 0 0 0
16 45114 19 36 6 37 3 39 3 101 0 0 0 0 0 0 0 0 0 0
16 45121 11 24 8 51 7 88 4 116 0 0 0 0 0 0 0 0 0 0
16 45221 0 0 0 0 0 0 11 472 17 1109 3 435 0 0 0 0 0 0
16 4523 56 124 48 362 29 432 41 1168 5 324 21 3667 24 7443 0 0 0 0
16 4531 40 88 24 155 7 86 0 0 0 0 0 0 0 0 0 0 0 0
16 45321 15 33 0 0 17 243 5 124 0 0 0 0 0 0 0 0 0 0
16 45322 53 104 13 83 11 148 3 80 0 0 0 0 0 0 0 0 0 0
16 4533 65 114 46 309 30 417 16 474 0 0 0 0 0 0 0 0 0 0
16 4539 164 344 81 536 21 271 11 306 0 0 0 0 0 0 0 0 0 0
16 454110 263 385 47 308 17 249 13 340 3 214 0 0 0 0 0 0 0 0
16 4542 13 16 0 0 0 0 0 0 0 0 0 0 0 0 0 0 0 0
16 454310 24 51 17 111 15 177 0 0 0 0 0 0 0 0 0 0 0 0
16 45439 363 242 22 143 21 292 5 121 0 0 0 0 0 0 0 0 0 0
16 481 17 26 4 30 7 99 7 272 0 0 0 0 0 0 0 0 0 0
16 482 1250 1831 257 1678 159 2122 144 4442 43 3076 34 5455 5 1631 0 0 0 0
16 483 1250 1831 257 1678 159 2122 144 4442 43 3076 34 5455 5 1631 0 0 0 0
16 484 948 1319 157 1012 90 1214 74 2271 23 1622 14 2320 0 0 0 0 0 0
16 485 35 59 14 99 10 149 12 380 4 300 8 1263 0 0 0 0 0 0
16 4853 6 13 0 0 3 32 0 0 0 0 0 0 0 0 0 0 0 0
16 487 10 8 0 0 0 0 0 0 0 0 0 0 0 0 0 0 0 0
16 488 137 237 48 305 23 281 19 560 0 0 0 0 0 0 0 0 0 0
16 492 59 91 19 141 19 246 21 632 9 628 5 720 0 0 0 0 0 0
16 493 42 91 15 91 9 122 9 285 4 305 4 693 0 0 0 0 0 0
16 5111 53 87 20 132 14 173 9 324 3 189 5 750 0 0 0 0 0 0
16 51111 24 45 11 72 9 118 0 0 3 189 3 401 0 0 0 0 0 0
16 5112 32 52 9 71 12 169 7 231 4 275 0 0 0 0 0 0 0 0
16 5121 33 38 11 76 10 147 12 394 0 0 0 0 0 0 0 0 0 0
16 5122 10 13 0 0 0 0 0 0 0 0 0 0 0 0 0 0 0 0
16 515 23 42 9 57 8 113 7 211 7 501 0 0 0 0 0 0 0 0
16 517 198 419 88 557 36 464 38 1048 7 468 0 0 0 0 0 0 0 0
16 517311 104 184 26 174 15 209 25 697 7 468 0 0 0 0 0 0 0 0
16 5182 50 75 14 97 8 113 8 213 0 0 5 804 0 0 0 0 0 0
16 5191 64 73 10 62 4 49 0 0 0 0 0 0 0 0 0 0 0 0
16 51913 43 53 6 35 3 37 0 0 0 0 0 0 0 0 0 0 0 0
16 52 1895 3446 710 4518 280 3495 114 3282 26 1807 6 786 3 1282 4 2506 0 0
16 522 581 1254 460 2974 197 2430 67 1910 14 956 4 501 0 0 0 0 0 0
16 5221 177 492 375 2460 165 2037 47 1369 12 834 4 501 0 0 0 0 0 0
16 5241 113 208 35 225 19 225 17 550 7 474 0 0 0 0 0 0 0 0
16 5242 739 1252 150 920 52 666 23 633 5 377 0 0 0 0 0 0 0 0
16 53 2553 3340 289 1846 101 1334 43 1218 4 222 3 485 0 0 0 0 0 0
16 531 2426 3117 186 1184 67 903 28 823 0 0 3 485 0 0 0 0 0 0
16 5313 542 788 77 505 31 434 13 374 0 0 3 485 0 0 0 0 0 0
16 532 121 212 99 631 33 416 14 376 3 169 0 0 0 0 0 0 0 0
16 5321 30 61 20 125 13 154 8 214 3 169 0 0 0 0 0 0 0 0
16 5411 708 1161 154 974 61 832 29 780 5 300 0 0 0 0 0 0 0 0
16 5412 692 987 150 1005 76 1011 33 935 7 500 0 0 0 0 0 0 0 0
16 5413 492 709 123 834 88 1183 55 1700 12 887 6 841 0 0 0 0 0 0
16 5414 142 181 17 105 8 119 0 0 0 0 0 0 0 0 0 0 0 0
16 5415 452 617 55 348 36 487 20 572 10 610 4 589 0 0 0 0 0 0
16 5416 770 897 65 425 25 343 26 754 6 485 5 674 0 0 0 0 0 0
16 5417 45 69 12 77 8 92 4 99 0 0 0 0 0 0 0 0 0 0
16 5418 107 161 17 122 11 175 8 239 6 302 0 0 0 0 0 0 0 0
16 5419 287 413 84 596 83 1157 31 912 7 479 3 408 0 0 0 0 0 0
16 54194 89 149 58 419 72 996 24 696 0 0 0 0 0 0 0 0 0 0
16 55 82 139 42 291 27 360 40 1257 27 1865 12 1569 4 1610 0 0 0 0
16 561 1630 2236 387 2493 207 2746 133 4105 55 3797 51 7951 15 5320 7 4523 5 7626
16 5613 102 119 21 135 15 205 16 499 23 1665 32 4910 8 2783 4 2853 5 7626
16 5614 102 183 30 197 19 243 6 191 5 383 3 525 3 966 3 1670 0 0
16 5615 34 57 9 76 5 66 3 87 0 0 0 0 0 0 0 0 0 0
16 5616 78 117 19 121 14 190 14 444 3 222 5 843 0 0 0 0 0 0
16 5617 1123 1476 266 1692 133 1759 70 2162 13 795 8 1236 0 0 0 0 0 0
16 56173 636 742 133 842 68 903 35 1036 8 461 0 0 0 0 0 0 0 0
16 562 89 144 33 214 29 388 12 418 3 217 4 715 0 0 0 0 0 0
16 611 300 451 83 552 82 1154 63 1911 17 1148 5 658 0 0 0 0 0 0
16 6111 32 52 14 90 24 356 41 1288 9 646 4 473 0 0 0 0 0 0
16 621 2094 3378 869 5845 619 8400 322 9361 85 5818 36 4833 5 1499 0 0 0 0
16 6211 706 1088 188 1289 174 2341 125 3662 33 2293 11 1428 5 1499 0 0 0 0
16 6212 285 431 331 2267 223 2963 37 901 0 0 0 0 0 0 0 0 0 0
16 6213 903 1517 256 1673 116 1569 43 1236 10 638 0 0 0 0 0 0 0 0
16 62131 240 476 61 381 11 146 0 0 0 0 0 0 0 0 0 0 0 0
16 62132 90 164 54 350 31 403 6 121 0 0 0 0 0 0 0 0 0 0
16 6214 75 149 59 389 57 812 55 1572 14 952 9 1272 0 0 0 0 0 0
16 6216 49 56 16 106 29 434 45 1476 23 1613 11 1492 0 0 0 0 0 0
16 622 0 0 0 0 0 0 3 119 3 222 24 3904 9 2996 7 4433 8 17397
16 623 59 99 69 482 78 1045 123 4063 78 5603 35 4800 0 0 0 0 0 0
16 6231 13 10 0 0 6 88 13 485 34 2586 23 3057 0 0 0 0 0 0
16 6241 268 406 76 518 79 1090 83 2576 34 2398 19 2777 0 0 0 0 0 0
16 6242 55 118 31 197 11 153 9 256 0 0 0 0 0 0 0 0 0 0
16 6243 18 34 10 68 3 42 7 214 0 0 6 705 0 0 0 0 0 0
16 6244 170 279 102 699 109 1488 49 1255 3 172 0 0 0 0 0 0 0 0
16 711 166 249 16 96 10 126 10 318 0 0 0 0 0 0 0 0 0 0
16 7111 20 34 3 18 4 54 3 114 0 0 0 0 0 0 0 0 0 0
16 7112 17 31 3 17 3 35 0 0 0 0 0 0 0 0 0 0 0 0
16 7115 96 120 3 19 0 0 0 0 0 0 0 0 0 0 0 0 0 0
16 712 39 50 6 38 7 99 4 126 0 0 0 0 0 0 0 0 0 0
16 713 333 457 90 575 66 900 68 2112 21 1507 7 920 6 1881 0 0 0 0
16 71395 9 18 7 49 4 64 8 244 0 0 0 0 0 0 0 0 0 0
16 721 216 295 65 443 87 1242 108 2990 12 823 7 1068 0 0 3 2125 0 0
16 7211 138 187 52 349 78 1128 105 2905 12 823 7 1068 0 0 3 2125 0 0
16 722 963 1452 622 4223 813 11352 911 27309 176 11294 26 3413 0 0 0 0 0 0
16 7224 172 357 97 614 66 895 16 440 0 0 0 0 0 0 0 0 0 0
16 8111 653 1240 268 1766 123 1587 28 871 0 0 0 0 0 0 0 0 0 0
16 811192 57 88 25 173 22 299 8 268 0 0 0 0 0 0 0 0 0 0
16 8112 43 64 7 44 3 35 3 106 0 0 0 0 0 0 0 0 0 0
16 8113 113 171 26 182 20 286 7 203 0 0 0 0 0 0 0 0 0 0
16 8114 130 196 14 84 4 53 0 0 0 0 0 0 0 0 0 0 0 0
16 8121 359 569 96 614 56 727 22 612 4 287 0 0 0 0 0 0 0 0
16 812111 14 19 3 12 0 0 0 0 0 0 0 0 0 0 0 0 0 0
16 812112 203 326 60 393 37 483 13 365 3 203 0 0 0 0 0 0 0 0
16 8122 46 111 18 114 11 133 0 0 0 0 0 0 0 0 0 0 0 0
16 8123 37 79 20 126 15 203 4 114 4 300 0 0 0 0 0 0 0 0
16 8129 182 263 37 242 26 350 8 235 0 0 0 0 0 0 0 0 0 0
16 813 848 1598 221 1439 144 1875 52 1450 15 1001 6 855 0 0 0 0 0 0
16 8131 433 831 133 887 81 1061 37 1046 11 724 4 646 0 0 0 0 0 0
16 8139 196 359 36 216 32 419 7 181 0 0 0 0 0 0 0 0 0 0
16 81393 34 79 14 81 9 105 0 0 0 0 0 0 0 0 0 0 0 0
16 814 2411 4291 707 4611 402 5249 127 3671 27 1846 8 1103 0 0 0 0 0 0
17 111 237 370 49 311 18 247 16 480 6 352 0 0 0 0 0 0 0 0
17 112 237 370 49 311 18 247 16 480 6 352 0 0 0 0 0 0 0 0
17 113 23 27 6 37 0 0 0 0 0 0 0 0 0 0 0 0 0 0
17 1133 20 24 4 25 0 0 0 0 0 0 0 0 0 0 0 0 0 0
17 114 8 5 0 0 0 0 0 0 0 0 0 0 0 0 0 0 0 0
17 115 206 338 42 267 18 247 15 437 6 352 0 0 0 0 0 0 0 0
17 211 101 161 21 133 9 131 3 136 0 0 0 0 0 0 0 0 0 0
17 2121 0 0 0 0 0 0 0 0 5 429 0 0 4 1265 0 0 0 0
17 2122 64 125 37 263 41 600 26 839 14 1150 7 1170 4 1265 0 0 0 0
17 2123 62 122 35 249 39 570 24 780 9 721 5 788 0 0 0 0 0 0
17 213 87 151 25 169 16 203 13 431 0 0 0 0 0 0 0 0 0 0
17 22 197 340 81 527 74 1069 97 3124 62 4386 40 5624 17 5684 12 7031 0 0
17 221 197 340 81 527 74 1069 97 3124 62 4386 40 5624 17 5684 12 7031 0 0
17 2211 118 176 34 225 46 684 69 2243 43 3025 33 4746 9 3184 10 6004 0 0
17 2212 21 41 11 80 15 205 20 648 12 845 6 763 7 2221 0 0 0 0
17 2213 58 123 36 222 13 180 8 233 7 516 0 0 0 0 0 0 0 0
17 22132 6 11 9 55 0 0 0 0 0 0 0 0 0 0 0 0 0 0
17 23 21452 30269 3672 23914 2041 27060 1341 40735 426 28831 204 29606 45 15234 17 11633 6 10651
17 3 4371 7858 2148 14448 1944 26869 2119 66750 1052 74223 865 130407 261 89528 97 65499 36 71551
17 31 4371 7858 2148 14448 1944 26869 2119 66750 1052 74223 865 130407 261 89528 97 65499 36 71551
17 311 342 587 222 1513 201 2735 197 6007 94 6625 111 17339 63 21491 24 15272 6 9651
17 3113 25 46 17 117 20 270 9 283 9 622 7 1092 9 3028 4 2439 0 0
17 3114 28 48 8 51 8 105 9 252 5 338 13 2068 8 2869 0 0 0 0
17 3115 15 19 7 51 8 99 11 351 11 722 15 2056 0 0 0 0 0 0
17 3116 25 56 22 145 23 328 31 986 12 927 17 2709 13 4193 8 4899 3 5961
17 3118 174 293 122 832 107 1466 87 2555 21 1425 17 2699 17 6062 5 3241 0 0
17 311811 121 205 85 576 67 878 55 1546 10 641 0 0 0 0 0 0 0 0
17 3121 93 113 60 412 60 770 36 1107 9 641 8 1219 3 1040 0 0 0 0
17 3122 94 113 60 412 60 770 36 1107 9 641 8 1219 3 1040 0 0 0 0
17 3131 4 8 0 0 0 0 0 0 0 0 0 0 0 0 0 0 0 0
17 3132 6 12 0 0 0 0 0 0 0 0 0 0 0 0 0 0 0 0
17 3133 12 15 4 23 0 0 0 0 3 229 0 0 0 0 0 0 0 0
17 314 105 192 35 243 21 303 18 616 0 0 3 375 0 0 0 0 0 0
17 31411 33 56 10 67 7 99 3 65 0 0 3 375 0 0 0 0 0 0
17 315 60 94 17 121 12 160 11 275 5 300 4 746 0 0 0 0 0 0
17 316 18 36 4 27 0 0 5 139 0 0 3 445 0 0 0 0 0 0
17 3162 18 36 4 27 0 0 5 139 0 0 3 445 0 0 0 0 0 0
17 3211 21 42 8 51 6 66 6 190 0 0 0 0 0 0 0 0 0 0
17 3212 6 9 7 50 3 51 11 316 3 239 0 0 0 0 0 0 0 0
17 3219 118 194 50 355 53 745 48 1490 14 960 6 774 0 0 0 0 0 0
17 32199 47 78 15 108 11 154 12 381 3 206 0 0 0 0 0 0 0 0
17 3221 0 0 0 0 0 0 0 0 0 0 3 438 0 0 0 0 0 0
17 3222 23 35 16 97 26 372 59 1979 47 3374 40 5790 7 2547 0 0 0 0
17 32221 16 28 5 30 11 168 38 1290 26 1837 26 3772 7 2547 0 0 0 0
17 3231 559 1018 224 1501 149 2028 139 4191 63 4363 50 7990 12 4615 0 0 0 0
17 3241 29 51 18 117 8 115 15 436 5 359 4 579 0 0 4 2786 0 0
17 32411 0 0 0 0 0 0 0 0 0 0 0 0 0 0 4 2786 0 0
17 325 155 289 90 629 97 1341 129 4312 97 6765 68 10627 18 6241 6 3655 0 0
17 3252 9 19 5 43 14 183 19 611 20 1417 7 1087 0 0 0 0 0 0
17 3253 14 19 6 43 3 45 3 63 4 249 0 0 0 0 0 0 0 0
17 3254 23 38 9 66 8 106 10 370 13 972 6 947 6 1952 4 2592 0 0
17 3255 16 35 20 135 19 270 30 1100 15 1058 13 1812 0 0 0 0 0 0
17 3256 40 76 15 104 14 207 17 549 11 832 19 3262 3 1124 0 0 0 0
17 3261 93 162 66 420 80 1064 132 4232 100 7116 72 10717 20 6712 0 0 3 4274
17 3262 13 23 10 76 19 247 15 505 3 231 9 1462 5 1595 0 0 0 0
17 32621 7 16 0 0 9 104 0 0 0 0 0 0 0 0 0 0 0 0
17 327 212 421 135 925 117 1647 75 2325 24 1804 22 3423 5 1955 0 0 0 0
17 32711 13 25 3 19 4 61 0 0 0 0 0 0 0 0 0 0 0 0
17 327120 9 15 0 0 4 53 0 0 3 228 0 0 0 0 0 0 0 0
17 3272 29 52 6 39 0 0 4 134 0 0 8 1396 0 0 0 0 0 0
17 3279 46 84 28 193 25 337 24 824 8 619 5 691 3 1239 0 0 0 0
17 331 51 95 30 208 25 328 44 1402 34 2423 46 6631 8 2770 5 4309 0 0
17 3313 3 7 0 0 4 66 0 0 3 179 6 951 0 0 0 0 0 0
17 3314 14 24 10 66 4 50 8 239 8 570 7 1067 0 0 0 0 0 0
17 3315 22 40 11 87 10 123 18 578 12 826 18 2453 0 0 0 0 0 0
17 332 920 1772 541 3696 479 6658 553 17354 240 16695 141 21484 30 9807 9 5339 0 0
17 3321 32 64 24 172 32 458 50 1679 30 2097 16 2468 0 0 0 0 0 0
17 3322 27 46 6 39 10 132 11 368 9 559 3 432 0 0 0 0 0 0
17 3327 491 1006 274 1864 202 2799 214 6404 76 5380 39 5796 9 2753 0 0 0 0
17 3328 85 169 56 405 71 992 71 2297 34 2302 13 1970 0 0 0 0 0 0
17 33299 87 151 38 253 32 444 53 1623 12 780 17 2540 6 2028 4 2580 0 0
17 333 417 757 204 1360 219 3075 267 8494 110 7938 116 17055 32 11400 13 8204 4 6352
17 3331 29 55 20 133 15 225 21 663 11 758 18 3020 6 2278 4 2664 3 5418
17 33311 20 34 9 54 8 123 7 275 3 231 7 1150 5 1887 0 0 0 0
17 3333 36 61 13 84 20 282 20 676 8 533 16 2102 0 0 0 0 0 0
17 3335 177 340 86 580 76 998 97 3046 24 1695 22 3095 3 1048 0 0 0 0
17 3336 17 47 3 23 11 157 11 417 10 750 10 1476 3 1011 0 0 0 0
17 334 175 316 87 590 70 960 96 3084 48 3398 41 6057 9 3305 6 4603 0 0
17 3341 18 32 4 25 3 44 4 122 0 0 0 0 0 0 0 0 0 0
17 3345 60 113 35 243 26 363 31 974 18 1310 14 2236 3 1014 3 2193 0 0
17 335 89 143 35 220 55 814 48 1505 28 1936 18 2590 9 3141 6 4831 3 4285
17 3352 4 5 0 0 0 0 0 0 0 0 0 0 0 0 0 0 0 0
17 336 80 140 46 306 45 648 50 1629 41 3017 49 7463 22 7300 9 6210 12 23724
17 33641 6 7 4 22 0 0 0 0 3 296 0 0 0 0 0 0 0 0
17 3365 0 0 0 0 0 0 7 215 7 497 3 425 0 0 0 0 0 0
17 3366 4 2 0 0 3 41 0 0 0 0 0 0 0 0 0 0 0 0
17 3369 18 18 3 23 0 0 0 0 0 0 0 0 0 0 0 0 0 0
17 337 242 450 97 604 78 1052 48 1497 33 2309 17 2598 0 0 0 0 0 0
17 3391 228 400 57 385 42 600 32 965 14 975 15 2083 5 1531 0 0 0 0
17 3399 298 482 83 510 74 1016 80 2555 31 2126 14 1879 6 2183 3 1872 0 0
17 4 15851 30098 8459 56687 6134 81348 4101 120694 1221 83611 977 143977 198 59857 6 4077 0 0
17 42 8470 14776 3095 20786 2574 35333 1919 58888 662 45427 385 58094 101 34398 42 28002 16 27764
17 4231 296 525 157 1110 154 2096 137 4354 52 3586 21 3184 0 0 0 0 0 0
17 4232 218 426 87 597 64 878 58 1731 18 1267 12 1809 0 0 0 0 0 0
17 4233 209 381 124 827 151 2075 78 2363 21 1475 6 721 3 1235 0 0 0 0
17 4234 760 1383 235 1628 143 1926 136 4295 68 4809 48 7359 17 6366 9 6520 3 6343
17 4235 252 444 89 609 95 1318 82 2672 44 3001 17 2536 0 0 0 0 0 0
17 4236 451 811 205 1395 185 2488 170 5194 54 3863 33 5046 11 3645 5 3896 0 0
17 4237 375 761 204 1316 133 1772 111 3261 32 2071 19 2634 0 0 0 0 0 0
17 4238 1068 1989 558 3707 516 7092 401 12156 101 6630 59 8955 9 2952 0 0 0 0
17 4239 738 1232 175 1136 166 2316 103 3148 34 2287 15 2186 6 1944 3 1704 0 0
17 42393 156 315 56 369 83 1158 58 1780 19 1299 5 783 0 0 0 0 0 0
17 424 2666 4723 1073 7219 870 12062 592 18244 223 15441 149 22802 47 15880 18 12039 6 12368
17 4241 269 483 103 680 70 1003 57 1800 24 1595 11 1787 4 1268 3 1944 0 0
17 4243 196 319 42 294 29 371 19 573 3 174 6 814 0 0 0 0 0 0
17 4244 715 1137 219 1470 195 2711 183 5708 85 5794 64 9774 23 7814 6 4058 0 0
17 4245 336 785 170 1069 107 1438 49 1498 10 665 0 0 0 0 0 0 0 0
17 4247 67 141 47 313 38 529 31 996 10 764 0 0 0 0 0 0 0 0
17 4248 43 92 25 170 22 328 23 817 18 1289 19 2631 4 1508 0 0 0 0
17 4249 667 1079 270 1878 287 4002 135 3989 29 2058 22 3612 6 1978 3 1835 0 0
17 42491 199 355 168 1223 206 2922 80 2325 6 489 6 955 0 0 0 0 0 0
17 4251 1437 2101 188 1242 97 1310 51 1470 15 997 6 862 0 0 4 2201 0 0
17 4411 585 955 177 1137 167 2311 288 9754 272 19319 126 16734 3 830 0 0 0 0
17 4412 121 255 79 562 62 849 35 1021 8 484 0 0 0 0 0 0 0 0
17 4413 508 1085 683 5036 609 7799 118 3408 5 340 3 334 0 0 0 0 0 0
17 442 885 1803 332 2225 225 3022 199 5933 39 2288 10 1416 0 0 0 0 0 0
17 443141 114 244 61 374 34 448 12 306 4 233 0 0 0 0 0 0 0 0
17 443142 357 739 224 1438 51 642 17 491 42 3154 16 1861 0 0 0 0 0 0
17 4441 719 1483 530 3535 391 5226 163 4533 30 2131 169 26727 3 876 0 0 0 0
17 44413 183 405 129 865 158 2240 71 1855 6 415 0 0 0 0 0 0 0 0
17 4442 214 374 100 697 84 1058 39 1289 8 560 3 509 0 0 0 0 0 0
17 44511 988 1775 283 1883 397 5781 280 8844 273 19538 329 44648 36 11399 0 0 0 0
17 44512 488 788 185 1224 69 834 3 66 0 0 0 0 0 0 0 0 0 0
17 4452 427 796 210 1378 140 1839 54 1534 9 503 3 389 0 0 0 0 0 0
17 4453 1013 1880 237 1478 80 974 55 1616 5 294 0 0 0 0 0 0 0 0
17 446 1178 2330 788 5008 500 6741 1012 28338 54 3347 10 1505 0 0 0 0 0 0
17 44611 260 512 197 1273 267 3724 898 24349 27 1643 8 1230 0 0 0 0 0 0
17 447 1356 3315 1027 6997 1010 13174 380 9424 26 1786 5 628 0 0 0 0 0 0
17 4481 1075 2195 813 5605 807 10325 504 15721 201 12950 17 2213 3 1113 3 2011 0 0
17 44821 213 534 354 2354 223 2946 70 1887 5 373 0 0 0 0 0 0 0 0
17 4483 422 796 240 1654 105 1286 28 747 0 0 0 0 0 0 0 0 0 0
17 4511 595 1072 253 1653 146 2038 178 5593 23 1559 7 1017 0 0 0 0 0 0
17 45113 57 113 27 184 21 348 25 770 0 0 0 0 0 0 0 0 0 0
17 45114 76 123 36 232 15 194 18 463 0 0 0 0 0 0 0 0 0 0
17 45121 115 221 56 346 33 431 34 1116 0 0 0 0 0 0 0 0 0 0
17 45221 0 0 0 0 0 0 11 406 73 5512 61 8670 6 1911 0 0 0 0
17 4523 350 491 629 4103 254 3558 223 6856 70 4743 175 30700 134 39439 0 0 0 0
17 4531 372 726 134 823 42 531 10 282 0 0 0 0 0 0 0 0 0 0
17 45321 61 115 22 135 67 985 26 554 0 0 0 0 0 0 0 0 0 0
17 45322 313 702 214 1412 106 1372 35 897 4 302 0 0 0 0 0 0 0 0
17 4533 314 546 164 1165 88 1226 107 3613 18 969 0 0 0 0 0 0 0 0
17 4539 1205 2062 304 2032 222 2976 96 2602 13 690 0 0 0 0 0 0 0 0
17 454110 990 1480 176 1223 115 1550 79 2588 23 1496 28 4624 6 1990 0 0 0 0
17 4542 124 217 20 133 18 252 9 266 3 198 0 0 0 0 0 0 0 0
17 454310 62 162 59 404 22 290 3 68 0 0 0 0 0 0 0 0 0 0
17 45439 685 957 104 668 67 884 33 941 10 674 3 403 0 0 0 0 0 0
17 481 85 148 23 164 28 416 26 727 6 402 0 0 5 1752 0 0 6 26740
17 482 13470 15747 1477 9796 1127 15412 962 29321 429 29758 368 56942 105 34573 41 29103 28 71546
17 483 10 19 5 36 6 90 5 137 0 0 0 0 0 0 0 0 0 0
17 484 10682 11549 773 5044 541 7271 436 13221 159 11057 109 16691 28 9122 8 5505 4 4486
17 485 667 894 89 590 77 1069 81 2616 50 3428 63 9633 19 6148 4 2806 0 0
17 4853 456 583 43 279 24 328 15 480 0 0 4 452 0 0 0 0 0 0
17 486 63 98 16 106 21 256 16 426 0 0 0 0 0 0 0 0 0 0
17 487 30 30 7 45 3 36 7 200 4 296 0 0 0 0 0 0 0 0
17 488 1392 2202 365 2429 293 4082 202 6097 81 5599 72 11001 20 6473 7 4616 0 0
17 492 292 405 83 576 59 830 72 2210 36 2590 42 6645 11 3449 7 5477 7 25205
17 493 249 402 116 806 99 1362 117 3687 90 6155 77 12296 20 7055 14 9792 9 12193
17 5111 292 549 112 786 87 1133 57 1770 36 2764 26 3796 6 2078 0 0 0 0
17 51111 125 243 56 385 47 622 27 793 19 1448 6 889 3 1211 0 0 0 0
17 5112 213 326 79 514 52 709 75 2304 33 2271 25 4246 16 5547 7 5365 0 0
17 5121 445 518 66 443 60 866 75 2601 35 2316 10 1299 0 0 0 0 0 0
17 5122 105 130 19 133 4 66 0 0 0 0 0 0 0 0 0 0 0 0
17 515 116 199 56 381 47 657 43 1343 27 1873 12 1895 0 0 0 0 0 0
17 517 1515 2799 543 3679 383 5134 187 5864 63 4426 45 6948 13 4640 8 5745 0 0
17 517311 852 1523 163 1132 144 2092 147 4742 46 3362 28 4095 11 3870 7 5021 0 0
17 5182 298 468 86 603 89 1194 84 2783 37 2504 31 5036 9 2589 6 4312 0 0
17 5191 259 375 72 486 35 501 33 1042 22 1599 16 2401 4 1487 0 0 4 4424
17 51912 21 45 14 88 3 42 0 0 3 250 0 0 0 0 0 0 0 0
17 51913 175 260 41 287 27 384 26 829 15 1104 12 1845 4 1487 0 0 4 4424
17 52 12484 22632 4504 29506 2007 26427 1122 33725 396 27273 240 36266 94 31799 46 31489 27 102422
17 522 3031 6446 2672 17714 1227 16085 574 17276 168 11689 69 10573 29 9779 13 9569 11 21887
17 5221 1035 2601 2187 14579 1034 13531 470 14137 124 8543 39 5864 13 4072 9 6619 8 17086
17 5241 691 1151 175 1150 140 1873 128 3917 83 5867 55 8177 31 11120 18 11378 12 35667
17 5242 4945 9201 1077 6855 330 4305 180 5190 62 4156 40 6414 15 5007 8 5981 0 0
17 53 10195 14069 1907 12215 916 12022 438 12873 149 10438 68 9488 16 5371 3 1744 0 0
17 531 9267 12416 1333 8512 602 7905 297 8858 112 7959 48 6663 11 3696 0 0 0 0
17 5313 2505 3594 494 3175 291 3805 144 4306 60 4293 27 3700 7 2207 0 0 0 0
17 532 890 1606 569 3668 306 4016 135 3843 37 2479 19 2721 4 1251 0 0 0 0
17 5321 297 560 177 1088 71 860 48 1296 12 765 5 781 0 0 0 0 0 0
17 5411 5705 8957 1154 7446 543 7233 298 8547 80 5390 57 8951 17 5315 0 0 0 0
17 5412 3622 5599 875 5945 458 6199 202 6010 70 4786 25 3630 11 3749 4 3175 8 17474
17 5413 2289 3379 554 3674 426 5822 343 10698 114 7817 67 10052 14 4569 0 0 3 4168
17 5414 1398 1797 171 1145 78 1034 38 1130 13 891 0 0 3 1109 0 0 0 0
17 5415 4795 6139 550 3732 392 5299 334 10352 123 8386 86 12461 30 10102 9 5995 7 12500
17 5416 6192 6968 590 3787 390 5264 266 8160 108 7673 74 11117 26 8734 11 7396 6 16822
17 5417 274 485 76 511 56 784 38 1091 15 1101 22 3247 6 1870 7 5168 4 7221
17 5418 1157 1711 230 1529 170 2353 126 3874 60 3878 38 5795 15 5164 4 2662 0 0
17 5419 2120 2503 448 2990 449 6198 246 7140 36 2314 23 3422 3 902 0 0 0 0
17 54194 295 562 270 1861 348 4831 163 4630 18 1182 6 888 0 0 0 0 0 0
17 55 738 1387 263 1751 287 4048 339 11270 226 15609 202 31616 91 32250 33 21838 35 81874
17 561 10270 12959 2009 13118 1270 17315 1187 36883 583 41277 462 71608 177 58939 78 55314 77 176036
17 5613 1006 1522 247 1647 182 2488 313 10315 263 18916 249 39045 116 38949 50 35343 51 126228
17 5614 689 1104 194 1238 127 1722 85 2717 45 3299 34 4828 9 3037 3 1680 4 5595
17 5615 561 909 133 880 48 623 26 814 15 1039 6 916 5 1480 0 0 0 0
17 5616 367 603 127 828 90 1239 98 2983 50 3707 64 10162 12 3895 12 8578 6 8624
17 5617 6228 6614 950 6115 542 7404 433 12824 107 7408 47 7218 20 6902 9 6677 10 23911
17 56173 3858 3115 428 2753 204 2848 134 3925 34 2322 17 2253 3 1359 0 0 0 0
17 562 442 841 161 1071 134 1879 117 3640 48 3439 20 2772 0 0 0 0 0 0
17 611 2040 3153 703 4731 633 8690 574 17886 256 17293 116 17456 27 9290 21 14371 30 80983
17 6111 118 217 129 876 146 2050 266 8704 175 11562 69 9827 11 3685 3 1685 0 0
17 621 13481 23777 5617 37356 3411 45049 1709 50292 446 30538 246 36669 62 20001 21 13828 15 27586
17 6211 4268 7399 1582 10524 1079 14548 663 19738 163 11269 73 10196 24 7540 4 2759 7 12701
17 6212 2723 5481 2041 13709 982 12590 177 4873 10 670 4 681 3 1084 0 0 0 0
17 6213 5233 8766 1393 9096 613 7752 205 5744 34 2477 16 2091 5 1786 4 2484 3 5115
17 62131 1403 2780 353 2256 91 1088 22 552 0 0 0 0 0 0 0 0 0 0
17 62132 448 909 236 1556 133 1703 22 608 0 0 0 0 0 0 0 0 0 0
17 6214 535 951 280 1856 338 4555 323 9326 97 6280 39 5629 8 2708 0 0 0 0
17 6216 323 482 161 1165 261 3749 215 6750 103 7033 89 14182 10 3081 11 7358 0 0
17 622 4 6 0 0 0 0 0 0 0 0 42 7331 56 20753 46 34919 71 177890
17 6222 0 0 0 0 0 0 0 0 0 0 4 841 8 2913 3 1754 0 0
17 623 577 1452 863 5843 457 5948 393 13135 450 32244 419 64947 47 14706 4 2725 0 0
17 6231 58 25 14 91 21 278 103 3755 245 18142 276 42473 18 5344 0 0 0 0
17 6241 1071 1795 428 2935 369 5157 385 12147 173 11705 86 12550 28 10234 15 10010 10 25311
17 6242 164 314 91 638 79 1072 69 2067 20 1351 5 876 0 0 0 0 0 0
17 6243 92 177 41 280 43 606 62 1973 41 2770 31 4367 4 1240 0 0 0 0
17 6244 1214 2070 441 3044 653 9378 626 17802 61 3910 13 1870 0 0 0 0 0 0
17 711 1247 1468 131 867 87 1194 67 2050 22 1541 19 2969 10 3567 5 3489 0 0
17 7111 255 329 47 298 20 268 24 717 12 863 8 1244 0 0 3 2135 0 0
17 7112 96 131 7 44 12 175 8 294 3 213 4 643 5 1844 0 0 0 0
17 7115 631 631 30 188 16 216 7 224 0 0 0 0 0 0 0 0 0 0
17 712 128 259 32 211 29 420 11 375 3 188 5 605 5 1978 4 2627 0 0
17 713 1607 2415 714 4605 486 6723 427 13638 228 16043 81 11770 20 6307 0 0 0 0
17 71395 41 82 40 274 46 669 64 1940 8 467 0 0 0 0 0 0 0 0
17 721 588 951 263 1789 377 5228 331 9942 97 6799 80 12281 29 10120 13 7855 0 0
17 7211 417 656 235 1613 365 5075 323 9684 96 6741 79 12041 29 10120 13 7855 0 0
17 722 8620 14875 5070 33917 5696 80530 6133 186424 1593 104376 368 51285 22 7034 8 5537 0 0
17 7224 1461 2783 701 4602 360 4827 214 6481 47 2996 8 1146 0 0 0 0 0 0
17 8111 4602 8799 1607 10465 814 10665 246 6964 17 1108 4 568 0 0 0 0 0 0
17 811192 416 727 128 846 107 1480 64 1842 5 332 0 0 0 0 0 0 0 0
17 8112 381 636 80 514 42 570 23 642 9 640 4 587 0 0 0 0 0 0
17 8113 498 848 168 1088 105 1352 80 2413 24 1634 10 1616 0 0 0 0 0 0
17 8114 693 988 102 664 24 322 10 329 0 0 0 0 0 0 0 0 0 0
17 8121 3475 5544 1005 6705 597 7685 261 7493 38 2396 9 1190 0 0 0 0 0 0
17 812111 147 200 30 215 20 239 15 513 0 0 0 0 0 0 0 0 0 0
17 812112 2009 3164 680 4622 464 5971 156 4430 29 1879 8 1054 0 0 0 0 0 0
17 8122 605 1214 261 1697 117 1545 26 696 0 0 0 0 0 0 0 0 0 0
17 8123 871 1730 267 1727 90 1170 70 1930 22 1554 18 2446 0 0 0 0 0 0
17 8129 1728 2462 402 2709 228 3142 124 3507 15 1004 7 942 0 0 0 0 0 0
17 813 7375 14781 2662 17441 1398 18631 819 24852 236 15964 109 16185 25 8154 13 8864 0 0
17 8131 4253 9049 1571 10131 697 9323 478 14848 129 8871 45 6431 8 2723 4 2296 0 0
17 8139 1707 3162 576 3902 429 5648 196 5660 63 4055 38 5928 11 3559 5 4025 0 0
17 81393 360 746 206 1387 147 1971 67 1952 17 1097 8 1179 0 0 0 0 0 0
17 814 20228 37002 6554 43010 3415 45082 1659 48826 365 24553 164 23994 29 9722 14 9790 0 0
18 111 218 323 36 228 12 177 12 356 0 0 0 0 0 0 0 0 0 0
18 112 218 323 36 228 12 177 12 356 0 0 0 0 0 0 0 0 0 0
18 113 71 103 10 60 0 0 0 0 0 0 0 0 0 0 0 0 0 0
18 1133 63 92 10 60 0 0 0 0 0 0 0 0 0 0 0 0 0 0
18 114 6 4 0 0 0 0 0 0 0 0 0 0 0 0 0 0 0 0
18 115 141 216 26 168 10 144 10 317 0 0 0 0 0 0 0 0 0 0
18 211 21 31 5 36 0 0 3 94 0 0 0 0 0 0 0 0 0 0
18 2121 0 0 0 0 0 0 0 0 3 234 4 704 0 0 0 0 0 0
18 2122 43 99 52 350 49 678 32 1020 11 689 6 953 0 0 0 0 0 0
18 2123 42 98 52 350 47 651 31 991 8 455 0 0 0 0 0 0 0 0
18 213 22 39 9 61 3 41 5 135 0 0 0 0 0 0 0 0 0 0
18 22 221 426 93 585 81 1094 87 2619 35 2363 23 3351 8 2723 3 1915 0 0
18 221 221 426 93 585 81 1094 87 2619 35 2363 23 3351 8 2723 3 1915 0 0
18 2211 118 193 37 242 46 614 59 1835 30 2006 19 2737 8 2723 3 1915 0 0
18 2212 43 92 16 104 18 267 16 452 3 194 4 614 0 0 0 0 0 0
18 2213 60 141 40 239 17 213 12 332 0 0 0 0 0 0 0 0 0 0
18 22132 12 26 7 39 0 0 0 0 0 0 0 0 0 0 0 0 0 0
18 23 8359 14234 2479 16343 1454 19513 924 27855 291 19763 128 18550 33 11643 9 5644 8 10172
18 3 2100 4087 1265 8544 1279 17734 1336 42752 837 58881 703 108427 253 87227 124 88130 48 106660
18 31 2100 4087 1265 8544 1279 17734 1336 42752 837 58881 703 108427 253 87227 124 88130 48 106660
18 311 127 241 69 488 101 1358 65 2076 42 2976 44 7281 38 13330 11 7914 0 0
18 3113 13 29 4 28 9 108 10 324 0 0 3 512 3 1081 0 0 0 0
18 3114 4 7 5 32 4 53 3 96 0 0 4 938 5 1677 0 0 0 0
18 3115 4 5 3 20 3 39 0 0 0 0 9 1222 4 1325 0 0 0 0
18 3116 15 26 14 99 17 228 12 362 5 355 0 0 9 3674 3 2310 0 0
18 3118 60 120 24 169 42 564 17 533 10 749 10 1553 7 2579 0 0 0 0
18 311811 44 92 16 107 35 470 9 287 0 0 0 0 0 0 0 0 0 0
18 3121 55 89 41 277 40 546 25 766 6 429 9 1344 3 1165 0 0 0 0
18 3122 55 89 41 277 40 546 25 766 6 429 9 1344 3 1165 0 0 0 0
18 3131 10 17 4 26 4 71 5 160 0 0 0 0 0 0 0 0 0 0
18 3132 6 6 0 0 0 0 0 0 0 0 0 0 0 0 0 0 0 0
18 3133 4 11 0 0 0 0 4 126 0 0 0 0 0 0 0 0 0 0
18 314 54 97 21 135 16 211 12 370 5 333 0 0 3 1131 0 0 0 0
18 315 9 15 7 48 3 45 8 259 0 0 4 434 0 0 0 0 0 0
18 316 5 8 3 23 0 0 3 120 0 0 0 0 0 0 0 0 0 0
18 3162 5 8 3 23 0 0 3 120 0 0 0 0 0 0 0 0 0 0
18 3211 29 53 20 135 22 303 9 301 5 361 0 0 0 0 0 0 0 0
18 3212 12 26 9 58 8 113 13 416 17 1182 6 919 0 0 0 0 0 0
18 3219 105 224 53 354 77 1085 56 1750 36 2417 19 2931 6 1739 0 0 0 0
18 32199 50 91 20 130 21 302 15 540 14 905 10 1662 0 0 0 0 0 0
18 3221 0 0 0 0 0 0 0 0 0 0 4 609 0 0 0 0 0 0
18 3222 10 18 11 72 8 95 25 857 31 2316 27 4140 5 1585 0 0 0 0
18 32221 5 8 4 24 0 0 19 691 21 1631 17 2669 3 1012 0 0 0 0
18 3231 228 483 109 696 69 950 47 1472 28 1925 20 2883 5 1790 4 2714 0 0
18 3241 22 35 14 91 5 70 9 296 5 347 8 1208 0 0 0 0 0 0
18 325 68 146 46 322 54 782 71 2316 56 3913 37 5498 0 0 9 6465 3 4369
18 3252 6 14 3 21 9 140 16 517 12 877 6 972 0 0 0 0 0 0
18 3253 8 17 4 32 3 33 3 105 0 0 0 0 0 0 0 0 0 0
18 3254 8 18 6 37 5 64 3 66 0 0 7 988 0 0 5 3452 3 4369
18 3255 13 24 9 64 3 41 7 213 8 559 6 876 0 0 0 0 0 0
18 3256 14 38 9 58 8 136 8 285 9 663 4 505 0 0 0 0 0 0
18 3261 46 83 38 256 41 582 96 3251 81 5657 77 11948 20 6608 7 4506 0 0
18 3262 6 9 8 66 17 251 16 480 11 794 10 1349 4 1448 0 0 0 0
18 32621 0 0 5 44 5 81 4 113 0 0 0 0 0 0 0 0 0 0
18 327 91 194 97 667 87 1206 90 2769 41 2748 16 2461 9 3018 0 0 0 0
18 32711 3 6 0 0 0 0 0 0 0 0 0 0 0 0 0 0 0 0
18 327120 0 0 5 33 5 72 10 334 3 188 0 0 0 0 0 0 0 0
18 3272 9 21 5 36 4 67 0 0 7 477 5 885 7 2428 0 0 0 0
18 3279 28 58 18 127 17 239 24 769 12 782 5 659 0 0 0 0 0 0
18 331 24 36 10 61 15 230 39 1414 42 2948 43 6733 19 7043 7 5479 8 16373
18 3313 5 12 3 15 0 0 9 332 7 531 11 1753 0 0 0 0 0 0
18 3314 4 4 0 0 0 0 6 205 9 600 7 1289 3 1280 0 0 0 0
18 3315 10 12 4 28 7 110 15 577 14 977 6 765 9 2960 0 0 0 0
18 332 457 888 316 2153 340 4689 325 10487 168 12124 106 16089 25 7782 8 5112 0 0
18 3321 16 29 15 104 24 330 21 746 18 1382 12 1928 5 1731 0 0 0 0
18 3322 6 12 5 33 4 53 6 190 5 367 0 0 0 0 0 0 0 0
18 3327 243 450 157 1053 151 2068 114 3664 34 2421 19 2861 0 0 3 2175 0 0
18 3328 48 113 33 213 55 766 58 1853 32 2112 12 1757 3 1022 0 0 0 0
18 33299 46 94 16 112 23 299 32 1001 16 1214 17 2713 3 901 0 0 0 0
18 333 182 366 116 798 135 1866 148 4585 87 6208 45 6631 21 7035 8 6321 3 3889
18 3331 20 43 4 26 12 180 17 588 8 522 6 893 4 1166 0 0 0 0
18 33311 8 14 3 18 7 110 10 330 5 352 0 0 0 0 0 0 0 0
18 3333 8 16 5 31 9 111 3 89 3 196 0 0 0 0 0 0 0 0
18 3335 79 177 53 364 51 713 63 1834 22 1529 8 965 0 0 0 0 0 0
18 3336 7 17 3 14 8 107 9 245 9 606 5 841 7 2315 5 4125 0 0
18 334 56 90 27 194 27 374 29 908 16 1198 20 2931 7 2441 3 1891 0 0
18 3341 0 0 0 0 0 0 0 0 0 0 3 435 0 0 0 0 0 0
18 3345 25 47 16 111 14 188 14 449 8 643 12 1525 0 0 0 0 0 0
18 335 31 70 12 84 24 349 24 694 10 661 16 2781 4 1438 0 0 0 0
18 3352 3 8 0 0 3 49 0 0 0 0 0 0 0 0 0 0 0 0
18 336 89 132 43 281 50 704 91 2901 88 6025 122 19822 60 20969 44 31765 23 60690
18 33641 5 9 0 0 5 60 3 75 5 351 6 886 0 0 0 0 0 0
18 3366 0 0 3 20 0 0 0 0 4 249 3 503 3 1211 0 0 0 0
18 3369 21 31 6 37 3 39 3 74 3 160 0 0 0 0 0 0 0 0
18 337 166 338 88 585 70 950 58 1803 31 2153 33 5004 10 3611 9 6505 0 0
18 3391 91 198 40 269 26 345 22 723 12 891 18 2697 6 2290 5 3672 0 0
18 3399 126 226 62 400 39 543 50 1578 15 1024 16 2238 4 1321 3 1873 0 0
18 4 7871 16172 5681 37983 3846 50581 2361 66358 581 39566 474 72114 111 32758 6 4327 4 8254
18 42 3419 6266 1415 9634 1185 16289 888 26982 304 21134 133 19945 36 11907 11 6664 6 8584
18 4231 210 387 115 780 114 1593 97 3116 39 2847 16 2686 3 942 0 0 0 0
18 4232 83 152 27 189 31 428 26 842 7 514 3 623 0 0 0 0 0 0
18 4233 107 198 81 569 80 1089 38 1114 13 818 0 0 0 0 0 0 0 0
18 4234 366 605 87 597 61 831 55 1664 29 1929 15 2270 3 826 0 0 0 0
18 4235 76 168 33 219 40 556 54 1648 17 1150 11 1388 0 0 0 0 0 0
18 4236 184 391 123 834 75 1025 69 2086 27 1724 8 1124 0 0 0 0 0 0
18 4237 185 386 107 712 70 933 48 1474 10 583 7 925 0 0 0 0 0 0
18 4238 503 1043 292 1981 223 3088 183 5392 45 3214 14 2142 5 1593 0 0 0 0
18 4239 226 370 92 630 74 1001 66 2001 15 993 9 1327 0 0 0 0 0 0
18 42393 76 126 44 295 40 544 34 1033 10 639 5 761 0 0 0 0 0 0
18 424 872 1696 371 2555 366 5071 229 6970 93 6717 45 6629 11 3684 4 2531 0 0
18 4241 71 132 15 101 24 334 17 567 6 395 0 0 0 0 0 0 0 0
18 4243 40 69 8 56 7 93 7 214 6 438 0 0 0 0 0 0 0 0
18 4244 195 318 48 333 58 834 54 1767 29 2212 22 3325 5 1736 3 2044 0 0
18 4245 70 157 53 359 43 552 20 584 3 190 0 0 0 0 0 0 0 0
18 4247 65 161 28 199 27 383 15 453 6 410 0 0 0 0 0 0 0 0
18 4248 18 39 8 55 10 130 4 109 10 684 0 0 3 946 0 0 0 0
18 4249 249 486 117 829 137 1929 53 1498 12 905 8 1162 0 0 0 0 0 0
18 42491 117 226 65 470 100 1408 33 907 0 0 0 0 0 0 0 0 0 0
18 4251 607 870 87 568 51 674 23 675 9 645 4 722 4 1352 0 0 0 0
18 4411 565 1051 160 1082 115 1568 192 6371 151 10474 52 7323 4 1408 0 0 0 0
18 4412 135 277 69 467 68 907 38 1137 7 464 0 0 0 0 0 0 0 0
18 4413 284 573 444 3244 409 5158 97 2832 7 441 0 0 0 0 0 0 0 0
18 442 446 943 242 1646 141 1914 103 3063 9 563 0 0 0 0 0 0 0 0
18 443141 82 188 43 301 24 335 9 267 0 0 0 0 0 0 0 0 0 0
18 443142 159 335 155 993 35 440 12 367 22 1643 5 663 0 0 0 0 0 0
18 4441 396 887 334 2197 240 3187 121 3322 20 1298 106 17053 0 0 0 0 0 0
18 44413 139 290 94 597 86 1207 48 1263 0 0 0 0 0 0 0 0 0 0
18 4442 188 385 135 941 144 1873 42 1206 6 388 0 0 0 0 0 0 0 0
18 44511 246 429 110 801 191 2775 164 4879 104 7319 136 18289 7 2017 0 0 0 0
18 44512 141 263 55 365 32 387 0 0 0 0 0 0 0 0 0 0 0 0
18 4452 171 308 96 680 55 743 20 549 0 0 0 0 0 0 0 0 0 0
18 4453 377 960 335 2143 97 1193 15 422 0 0 0 0 0 0 0 0 0 0
18 446 511 1113 383 2489 223 3310 556 13236 13 812 4 647 0 0 0 0 0 0
18 44611 72 161 101 695 133 2126 507 11725 7 425 3 555 0 0 0 0 0 0
18 447 982 2448 804 5399 770 9645 210 5407 22 1326 0 0 0 0 0 0 0 0
18 4481 411 804 431 2963 398 5053 208 6442 52 3159 7 957 0 0 0 0 0 0
18 44821 109 278 178 1133 94 1245 32 873 0 0 0 0 0 0 0 0 0 0
18 4483 139 302 109 754 57 713 10 248 3 218 0 0 0 0 0 0 0 0
18 4511 349 658 151 937 91 1266 104 3304 16 992 4 665 0 0 0 0 0 0
18 45113 39 90 12 74 12 185 18 530 0 0 0 0 0 0 0 0 0 0
18 45114 38 76 10 60 10 139 8 216 0 0 0 0 0 0 0 0 0 0
18 45121 97 192 35 223 14 170 22 702 0 0 0 0 0 0 0 0 0 0
18 45221 0 0 0 0 0 0 8 295 50 3570 31 3957 0 0 0 0 0 0
18 4523 144 252 606 3870 189 2586 131 3712 57 4032 102 18833 93 26840 0 0 0 0
18 4531 177 339 82 557 33 405 4 113 0 0 0 0 0 0 0 0 0 0
18 45321 20 33 13 86 36 511 14 300 0 0 0 0 0 0 0 0 0 0
18 45322 132 276 102 703 54 695 14 360 0 0 0 0 0 0 0 0 0 0
18 4533 205 385 113 753 84 1197 105 3416 7 453 4 502 0 0 0 0 0 0
18 4539 536 1145 280 1805 119 1575 69 1787 5 339 0 0 0 0 0 0 0 0
18 454110 397 574 91 599 42 560 28 813 13 888 9 1486 5 1817 6 4327 4 8254
18 4542 50 79 8 47 8 111 10 348 8 650 3 403 0 0 0 0 0 0
18 454310 71 163 54 375 35 455 5 135 0 0 0 0 0 0 0 0 0 0
18 45439 351 532 63 430 48 604 16 405 0 0 3 329 0 0 0 0 0 0
18 481 23 31 7 46 4 56 8 251 6 432 8 1206 0 0 0 0 0 0
18 482 3051 4785 770 5120 676 9280 597 18450 242 16567 176 26901 53 18158 25 16232 12 22173
18 484 2269 3419 489 3263 413 5709 352 10833 126 8549 73 11053 25 8602 4 2796 3 4635
18 485 110 174 45 299 33 419 27 856 6 415 6 877 0 0 0 0 0 0
18 4853 33 46 14 84 4 47 7 216 0 0 0 0 0 0 0 0 0 0
18 486 24 36 15 92 15 187 7 198 0 0 0 0 0 0 0 0 0 0
18 487 9 14 6 37 0 0 0 0 0 0 0 0 0 0 0 0 0 0
18 488 382 731 134 878 112 1536 90 2709 33 2278 23 3660 5 1516 0 0 0 0
18 492 107 155 23 161 30 425 29 893 16 1024 22 3262 7 2495 0 0 3 9042
18 493 125 224 51 344 66 917 81 2619 55 3869 44 6843 16 5545 15 9487 5 6957
18 5111 113 201 41 285 49 672 40 1135 9 601 12 1797 6 1914 0 0 0 0
18 51111 45 96 28 202 36 488 30 844 7 474 8 1155 4 1202 0 0 0 0
18 5112 62 77 22 149 20 272 17 491 6 430 8 1087 0 0 0 0 0 0
18 5121 127 154 22 162 26 365 54 1722 9 593 0 0 0 0 0 0 0 0
18 5122 27 35 6 40 0 0 0 0 0 0 0 0 0 0 0 0 0 0
18 515 39 84 45 296 27 354 28 859 13 992 4 543 0 0 0 0 0 0
18 517 656 1366 274 1866 161 2228 93 2873 26 1902 9 1186 4 1622 0 0 0 0
18 517311 400 774 94 651 77 1131 67 2096 23 1712 7 902 3 1154 0 0 0 0
18 5182 186 333 38 267 38 521 32 972 15 967 10 1656 4 1368 0 0 0 0
18 5191 61 88 11 78 11 154 3 67 3 188 0 0 0 0 0 0 0 0
18 51912 4 9 5 33 0 0 0 0 0 0 0 0 0 0 0 0 0 0
18 51913 49 67 4 30 9 125 0 0 0 0 0 0 0 0 0 0 0 0
18 52 5603 10969 2381 15255 888 11469 366 10864 127 8315 85 12611 41 13973 13 9283 10 17394
18 522 1449 3506 1587 10268 557 7038 185 5409 71 4639 35 5089 15 4807 6 4803 0 0
18 5221 626 1748 1354 8820 483 6058 149 4401 60 3933 24 3412 11 3628 0 0 0 0
18 5241 294 537 79 502 52 719 44 1370 19 1285 26 4198 12 4087 5 3348 7 12819
18 5242 2420 4449 525 3321 209 2814 92 2854 33 2106 18 2432 13 4571 0 0 0 0
18 53 4925 7638 1149 7353 516 6682 189 5459 50 3406 18 2604 4 1130 0 0 0 0
18 531 4492 6791 735 4708 328 4200 111 3156 29 2007 13 1830 3 886 0 0 0 0
18 5313 950 1416 220 1443 117 1537 55 1560 20 1367 7 1008 3 886 0 0 0 0
18 532 418 816 413 2635 187 2470 73 2164 19 1251 4 652 0 0 0 0 0 0
18 5321 138 278 96 628 63 821 32 877 12 770 0 0 0 0 0 0 0 0
18 5411 1885 3344 456 2943 168 2165 97 2816 23 1478 4 605 3 1018 0 0 0 0
18 5412 1346 2342 425 2899 237 3139 98 2914 34 2419 16 2677 3 1176 0 0 0 0
18 5413 998 1520 304 2065 194 2632 186 5564 58 4181 18 2646 5 1650 0 0 0 0
18 5414 328 434 47 301 21 280 12 299 3 197 0 0 0 0 0 0 0 0
18 5415 1259 1738 204 1301 114 1477 86 2596 31 2134 28 3977 6 1871 0 0 3 7561
18 5416 1906 2379 235 1535 113 1520 100 3039 29 2117 20 3082 5 1562 0 0 0 0
18 5417 126 187 35 234 22 286 16 490 11 730 4 612 0 0 0 0 3 13002
18 5418 348 561 69 463 47 665 34 1014 8 465 0 0 0 0 0 0 0 0
18 5419 578 904 225 1565 220 2933 133 3800 17 1188 3 420 0 0 0 0 0 0
18 54194 158 336 170 1196 200 2666 112 3149 10 727 0 0 0 0 0 0 0 0
18 55 295 551 125 848 120 1629 128 3981 83 6050 64 9590 20 7447 15 10978 5 9089
18 561 3897 6107 1136 7429 759 10230 566 17853 310 21963 261 39987 77 25393 28 18911 25 62496
18 5613 367 492 82 542 78 1025 122 4138 151 11006 158 24238 51 17103 18 11970 22 58946
18 5614 246 428 86 552 47 619 39 1146 16 1200 24 3652 3 1024 3 1896 0 0
18 5615 140 239 41 278 19 239 12 393 4 297 3 530 0 0 0 0 0 0
18 5616 180 315 73 483 60 836 56 1829 24 1627 21 3273 6 1793 3 2165 0 0
18 5617 2458 3681 688 4466 429 5795 264 7974 76 5216 35 5078 8 2601 3 2077 0 0
18 56173 1497 2094 354 2266 197 2585 114 3519 26 1743 13 1857 0 0 0 0 0 0
18 562 261 476 111 753 100 1436 72 2272 31 2225 12 1926 4 1501 0 0 0 0
18 611 748 1222 308 2101 230 3083 188 5799 80 5579 48 6783 5 1668 13 9242 13 32200
18 6111 62 123 45 317 50 675 90 3070 54 3764 39 5400 3 1003 0 0 0 0
18 621 5291 9520 2678 17842 1928 25903 1164 34871 367 24918 171 26258 48 15183 17 10130 4 6462
18 6211 2112 3545 804 5153 610 8230 455 13294 141 9152 71 10527 21 6856 7 4346 3 5334
18 6212 692 1474 886 6151 632 8379 103 2738 7 447 0 0 0 0 0 0 0 0
18 6213 1809 3345 668 4336 288 3757 128 3795 39 2697 7 1129 4 1358 0 0 0 0
18 62131 433 921 180 1121 40 514 6 149 0 0 0 0 0 0 0 0 0 0
18 62132 294 626 171 1109 90 1182 19 511 0 0 0 0 0 0 0 0 0 0
18 6214 343 666 204 1400 231 3174 233 7060 60 4121 31 4618 6 1732 3 1825 0 0
18 6216 136 171 47 345 87 1223 184 6098 84 5904 48 7743 12 3656 3 1632 0 0
18 622 4 7 0 0 4 63 6 218 11 812 43 7380 37 12357 29 21142 39 84621
18 6222 0 0 0 0 0 0 0 0 3 206 12 2126 11 3447 0 0 0 0
18 623 759 1281 497 3505 278 3534 247 8006 286 20406 275 40237 25 8080 0 0 0 0
18 6231 42 46 6 52 10 144 67 2467 199 14381 194 27961 8 2267 0 0 0 0
18 6241 626 1156 260 1820 215 2869 206 6318 125 8808 43 6787 13 4887 0 0 0 0
18 6242 152 303 53 338 40 552 45 1364 12 729 0 0 0 0 0 0 0 0
18 6243 106 204 28 197 21 244 21 751 9 573 16 2586 8 2585 0 0 0 0
18 6244 656 1155 228 1491 256 3664 240 7136 25 1557 0 0 0 0 0 0 0 0
18 711 446 591 66 438 36 488 30 931 16 1198 8 1151 0 0 0 0 0 0
18 7111 61 110 18 123 8 115 8 260 0 0 5 749 0 0 0 0 0 0
18 7112 93 123 14 95 10 139 10 316 6 371 0 0 0 0 0 0 0 0
18 7115 168 166 21 139 9 112 0 0 0 0 0 0 0 0 0 0 0 0
18 712 99 187 25 167 11 162 9 253 0 0 0 0 4 1311 0 0 0 0
18 713 636 976 302 2050 237 3291 210 6335 70 4591 33 4785 8 2632 3 2193 0 0
18 71395 27 52 26 190 33 446 24 695 8 501 0 0 0 0 0 0 0 0
18 721 462 733 199 1420 274 3840 271 7650 52 3459 20 2923 0 0 4 3301 4 5451
18 7211 295 458 158 1135 248 3484 265 7467 50 3292 20 2923 0 0 4 3301 4 5451
18 722 2971 4849 2004 13740 2890 40731 3468 104523 983 64537 180 23531 4 1199 0 0 0 0
18 7224 409 878 231 1541 147 2013 72 2009 13 813 3 362 0 0 0 0 0 0
18 8111 1991 3918 870 5756 457 5906 156 4199 29 1841 3 542 0 0 0 0 0 0
18 811192 190 334 63 433 52 691 57 1321 9 510 0 0 0 0 0 0 0 0
18 8112 155 286 36 248 24 329 13 414 0 0 0 0 0 0 0 0 0 0
18 8113 277 507 110 699 74 1032 58 1651 11 760 6 1027 0 0 0 0 0 0
18 8114 273 444 43 276 10 114 3 72 0 0 0 0 0 0 0 0 0 0
18 8121 1188 1889 479 3198 285 3548 101 2838 8 503 0 0 0 0 0 0 0 0
18 812111 47 64 19 137 14 191 0 0 0 0 0 0 0 0 0 0 0 0
18 812112 770 1247 340 2304 171 2150 71 1947 3 177 0 0 0 0 0 0 0 0
18 8122 346 776 182 1233 102 1427 20 547 0 0 0 0 0 0 0 0 0 0
18 8123 257 570 123 802 48 598 21 653 20 1332 9 1121 0 0 0 0 0 0
18 8129 467 789 143 990 86 1185 45 1225 9 576 0 0 0 0 0 0 0 0
18 813 4683 9394 1704 10889 787 10641 489 14784 157 10520 47 6499 11 3296 3 2263 0 0
18 8131 3068 6280 1096 6908 492 6714 363 11055 111 7391 29 3883 5 1390 0 0 0 0
18 8139 660 1167 179 1193 114 1534 52 1546 16 1066 8 1075 0 0 0 0 0 0
18 81393 180 384 111 760 71 933 27 806 9 637 4 565 0 0 0 0 0 0
18 814 9637 18573 3690 24091 1873 24780 906 26383 235 15594 69 9908 14 4236 3 2263 0 0
19 111 255 351 53 325 40 522 15 480 8 536 0 0 0 0 0 0 0 0
19 112 255 351 53 325 40 522 15 480 8 536 0 0 0 0 0 0 0 0
19 113 20 30 0 0 3 35 0 0 0 0 0 0 0 0 0 0 0 0
19 1133 19 28 0 0 3 35 0 0 0 0 0 0 0 0 0 0 0 0
19 114 5 5 0 0 0 0 0 0 0 0 0 0 0 0 0 0 0 0
19 115 230 316 49 302 37 487 14 456 8 536 0 0 0 0 0 0 0 0
19 211 108 150 25 159 27 364 19 540 4 259 3 457 0 0 0 0 0 0
19 2121 102 141 23 147 27 364 19 540 4 259 3 457 0 0 0 0 0 0
19 2122 102 141 23 147 27 364 19 540 4 259 3 457 0 0 0 0 0 0
19 2123 102 141 23 147 27 364 19 540 4 259 3 457 0 0 0 0 0 0
19 213 6 9 0 0 0 0 0 0 0 0 0 0 0 0 0 0 0 0
19 22 74 163 56 411 59 822 46 1422 24 1749 11 1596 3 1152 0 0 0 0
19 221 74 163 56 411 59 822 46 1422 24 1749 11 1596 3 1152 0 0 0 0
19 2211 58 128 46 340 44 605 37 1160 23 1695 11 1596 3 1152 0 0 0 0
19 2212 7 16 0 0 8 117 0 0 0 0 0 0 0 0 0 0 0 0
19 2213 9 19 9 63 7 100 7 208 0 0 0 0 0 0 0 0 0 0
19 23 5934 8972 1366 8904 785 10590 446 13312 136 9088 68 9723 6 1837 5 3062 0 0
19 3 1060 1976 574 3833 514 7026 535 17051 294 20460 273 43304 108 38351 49 32122 25 54591
19 31 1060 1976 574 3833 514 7026 535 17051 294 20460 273 43304 108 38351 49 32122 25 54591
19 311 110 199 72 446 82 1130 75 2425 46 3214 42 6934 28 10043 15 10194 11 19660
19 3113 6 8 4 25 5 66 0 0 0 0 0 0 0 0 0 0 0 0
19 3114 0 0 4 23 3 39 0 0 0 0 3 466 0 0 0 0 0 0
19 3115 3 3 0 0 3 46 0 0 6 407 3 553 3 1030 0 0 0 0
19 3116 24 34 29 176 26 343 12 430 12 806 12 1982 13 4858 9 6567 9 16755
19 3118 31 61 11 65 11 159 5 146 4 324 3 641 0 0 0 0 0 0
19 311811 15 29 7 41 9 131 4 117 0 0 0 0 0 0 0 0 0 0
19 3121 39 54 19 131 27 355 11 346 4 313 4 690 0 0 0 0 0 0
19 3122 39 54 19 131 27 355 11 346 4 313 4 690 0 0 0 0 0 0
19 3131 0 0 0 0 0 0 5 143 0 0 0 0 0 0 0 0 0 0
19 3132 0 0 0 0 0 0 4 119 0 0 0 0 0 0 0 0 0 0
19 3133 0 0 0 0 0 0 5 143 0 0 0 0 0 0 0 0 0 0
19 314 24 54 7 43 3 49 7 199 0 0 0 0 0 0 0 0 0 0
19 31411 5 6 0 0 0 0 0 0 0 0 0 0 0 0 0 0 0 0
19 315 12 20 0 0 4 48 0 0 0 0 0 0 0 0 0 0 0 0
19 316 6 9 0 0 0 0 0 0 0 0 0 0 0 0 0 0 0 0
19 3162 6 9 0 0 0 0 0 0 0 0 0 0 0 0 0 0 0 0
19 3211 9 17 0 0 6 97 5 138 0 0 0 0 0 0 0 0 0 0
19 3212 0 0 0 0 4 52 4 168 3 194 0 0 0 0 0 0 0 0
19 3219 43 86 17 134 12 165 17 472 5 347 5 839 4 1514 0 0 0 0
19 32199 16 28 6 44 3 44 4 117 0 0 0 0 0 0 0 0 0 0
19 3222 6 8 3 22 4 67 6 171 9 652 13 1966 0 0 0 0 0 0
19 32221 0 0 0 0 0 0 0 0 5 345 7 1067 0 0 0 0 0 0
19 3231 140 276 47 316 36 482 39 1091 14 902 13 2085 0 0 0 0 0 0
19 3241 3 9 0 0 0 0 0 0 0 0 0 0 0 0 0 0 0 0
19 32411 3 9 0 0 0 0 0 0 0 0 0 0 0 0 0 0 0 0
19 325 34 65 16 109 25 367 55 1958 32 2033 18 2794 11 3938 0 0 0 0
19 3252 0 0 0 0 0 0 4 128 0 0 0 0 0 0 0 0 0 0
19 3253 7 16 6 40 0 0 3 83 3 212 5 951 0 0 0 0 0 0
19 3254 7 14 0 0 5 68 9 311 3 172 0 0 3 1123 0 0 0 0
19 3255 3 4 4 30 6 84 0 0 3 191 0 0 0 0 0 0 0 0
19 3256 3 4 0 0 0 0 0 0 0 0 0 0 0 0 0 0 0 0
19 3261 20 41 12 77 13 193 28 879 22 1578 29 4673 3 953 0 0 0 0
19 3262 5 9 7 47 3 39 4 116 3 251 4 766 0 0 0 0 0 0
19 32621 0 0 4 27 0 0 3 90 0 0 0 0 0 0 0 0 0 0
19 327 107 190 87 570 56 703 32 999 9 584 11 1504 3 1086 0 0 0 0
19 3272 7 7 0 0 0 0 0 0 0 0 0 0 0 0 0 0 0 0
19 3279 11 19 11 83 7 86 3 78 0 0 0 0 0 0 0 0 0 0
19 331 10 17 5 37 4 49 6 207 6 449 13 2121 4 1546 0 0 0 0
19 3313 0 0 0 0 0 0 0 0 0 0 3 496 0 0 0 0 0 0
19 3314 3 1 0 0 0 0 0 0 0 0 0 0 0 0 0 0 0 0
19 3315 4 11 4 31 4 49 0 0 5 399 6 1051 0 0 0 0 0 0
19 332 192 381 108 729 112 1503 91 2819 39 2849 38 5516 13 4951 3 1930 0 0
19 3321 8 23 4 32 5 65 0 0 0 0 3 470 0 0 0 0 0 0
19 3322 5 16 4 26 4 58 0 0 0 0 3 492 0 0 0 0 0 0
19 3327 85 162 42 294 35 433 36 1178 15 1024 7 1026 0 0 0 0 0 0
19 3328 15 18 13 76 16 234 7 208 3 242 0 0 0 0 0 0 0 0
19 33299 27 62 11 79 10 134 10 295 5 309 3 486 0 0 0 0 0 0
19 333 75 159 56 363 57 843 69 2369 44 2981 36 5593 20 6718 11 7104 6 14215
19 3331 12 18 19 116 20 278 26 902 12 795 9 1209 8 2687 6 3641 5 13052
19 33311 9 15 17 103 12 160 19 666 11 737 8 1057 4 1295 4 2561 0 0
19 3333 5 13 0 0 0 0 5 197 0 0 0 0 0 0 0 0 0 0
19 3335 26 61 20 133 11 175 13 479 3 187 0 0 0 0 0 0 0 0
19 3336 0 0 0 0 0 0 3 75 0 0 0 0 0 0 0 0 0 0
19 334 23 40 4 26 5 73 11 382 4 311 5 876 4 1254 0 0 0 0
19 3341 23 40 4 26 5 73 11 382 4 311 5 876 4 1254 0 0 0 0
19 3345 10 17 0 0 4 58 5 179 3 262 0 0 3 894 0 0 0 0
19 335 11 21 3 25 3 41 10 311 5 354 6 1062 0 0 0 0 0 0
19 3352 0 0 0 0 0 0 3 104 0 0 0 0 0 0 0 0 0 0
19 336 31 39 18 112 15 204 17 566 27 1920 25 4233 6 1969 4 2557 0 0
19 3369 4 7 3 21 0 0 4 109 0 0 0 0 0 0 0 0 0 0
19 337 75 130 42 308 15 192 13 489 7 489 3 370 6 2399 3 2269 0 0
19 3391 22 42 17 110 8 91 7 212 6 419 0 0 0 0 0 0 0 0
19 3399 61 107 28 183 17 238 22 561 0 0 0 0 0 0 0 0 0 0
19 4 4414 8598 2828 18889 2125 28161 1352 37535 321 21527 217 34572 88 30942 9 5426 0 0
19 42 2142 3955 982 6629 945 13039 588 17337 158 10917 68 10533 13 4522 3 2216 0 0
19 4231 80 185 50 344 52 744 48 1524 25 1623 5 737 0 0 0 0 0 0
19 4232 36 59 19 128 9 123 5 175 0 0 0 0 0 0 0 0 0 0
19 4233 59 139 45 317 40 514 26 735 8 624 0 0 0 0 0 0 0 0
19 4234 171 294 33 208 40 544 27 809 7 439 4 574 0 0 0 0 0 0
19 4235 19 29 12 80 16 215 11 370 4 331 0 0 0 0 0 0 0 0
19 4236 72 141 57 372 54 731 32 919 9 638 3 415 0 0 0 0 0 0
19 4237 82 185 54 358 38 472 24 670 4 279 0 0 0 0 0 0 0 0
19 4238 345 655 191 1281 232 3185 158 4542 28 1909 11 1582 0 0 0 0 0 0
19 4239 120 229 53 331 31 433 19 513 10 660 5 721 0 0 0 0 0 0
19 42393 57 120 34 209 22 304 12 302 4 249 0 0 0 0 0 0 0 0
19 424 900 1663 430 2954 393 5539 223 6594 61 4282 31 5094 7 2548 3 2216 0 0
19 4241 25 48 15 107 10 159 9 299 0 0 0 0 0 0 0 0 0 0
19 4243 16 20 8 52 3 36 3 93 0 0 0 0 0 0 0 0 0 0
19 4244 139 216 32 215 30 450 29 870 12 921 15 2752 4 1302 0 0 0 0
19 4245 254 519 165 1138 139 1927 68 2008 13 845 0 0 0 0 0 0 0 0
19 4247 52 117 20 139 16 230 13 371 0 0 0 0 0 0 0 0 0 0
19 4248 8 13 3 22 5 72 13 362 10 638 4 658 0 0 0 0 0 0
19 4249 324 564 141 960 160 2262 64 1867 17 1263 6 990 0 0 0 0 0 0
19 42491 254 449 121 834 144 2034 54 1504 12 834 5 852 0 0 0 0 0 0
19 4251 258 376 38 256 40 539 15 486 0 0 0 0 0 0 0 0 0 0
19 4411 290 520 113 744 96 1297 106 3345 68 4766 26 3582 4 1338 0 0 0 0
19 4412 93 189 45 322 45 602 26 762 6 360 0 0 0 0 0 0 0 0
19 4413 247 592 266 1841 188 2465 31 824 0 0 0 0 0 0 0 0 0 0
19 442 278 626 133 869 77 1038 36 964 3 176 0 0 0 0 0 0 0 0
19 443141 70 148 40 292 25 294 4 92 0 0 0 0 0 0 0 0 0 0
19 443142 101 214 79 512 22 282 0 0 9 598 3 292 0 0 0 0 0 0
19 4441 345 751 231 1521 175 2362 52 1280 6 420 41 6494 0 0 0 0 0 0
19 44413 108 225 60 378 85 1185 26 622 0 0 0 0 0 0 0 0 0 0
19 4442 151 268 73 487 66 837 15 385 0 0 0 0 0 0 0 0 0 0
19 44511 125 207 61 421 118 1699 87 2781 119 7756 57 9454 49 19008 8 4944 0 0
19 44512 43 67 21 139 0 0 0 0 0 0 0 0 0 0 0 0 0 0
19 4452 60 93 41 271 47 619 5 115 0 0 0 0 0 0 0 0 0 0
19 4453 103 194 23 144 16 184 0 0 0 0 0 0 0 0 0 0 0 0
19 446 309 644 220 1424 118 1608 141 4113 16 1094 0 0 0 0 0 0 0 0
19 44611 71 159 93 615 88 1204 121 3461 14 967 0 0 0 0 0 0 0 0
19 447 334 723 378 2649 518 6838 489 12308 7 460 3 357 0 0 0 0 0 0
19 4481 293 568 213 1457 202 2479 92 2782 16 1057 3 490 0 0 0 0 0 0
19 44821 57 158 96 630 48 599 5 151 0 0 0 0 0 0 0 0 0 0
19 4483 67 158 65 442 30 358 3 92 0 0 0 0 0 0 0 0 0 0
19 4511 212 367 86 561 44 620 56 1687 0 0 7 1261 0 0 0 0 0 0
19 45113 47 103 16 109 11 152 7 197 0 0 0 0 0 0 0 0 0 0
19 45114 20 42 8 59 0 0 6 136 0 0 0 0 0 0 0 0 0 0
19 45121 36 75 19 122 5 50 8 244 0 0 0 0 0 0 0 0 0 0
19 45221 0 0 0 0 0 0 10 388 34 2434 8 1019 0 0 0 0 0 0
19 4523 78 119 261 1639 78 1074 90 2602 18 1262 64 10802 31 9112 0 0 0 0
19 4531 109 228 41 260 10 109 0 0 0 0 0 0 0 0 0 0 0 0
19 45321 26 45 5 36 22 334 6 136 0 0 0 0 0 0 0 0 0 0
19 45322 111 194 50 333 22 321 4 101 0 0 0 0 0 0 0 0 0 0
19 4533 124 246 64 454 50 747 31 907 0 0 0 0 0 0 0 0 0 0
19 4539 229 425 107 693 41 510 22 542 0 0 0 0 0 0 0 0 0 0
19 454110 209 311 39 260 25 345 14 376 0 0 0 0 0 0 0 0 0 0
19 4542 38 56 4 26 3 41 5 135 0 0 0 0 0 0 0 0 0 0
19 454310 40 87 19 119 10 139 4 136 0 0 0 0 0 0 0 0 0 0
19 45439 236 325 35 221 22 278 5 137 0 0 0 0 0 0 0 0 0 0
19 481 22 39 0 0 0 0 5 152 3 250 0 0 0 0 0 0 0 0
19 482 2515 3773 517 3477 366 4888 277 8574 102 6849 54 8188 14 4755 11 7904 7 16698
19 483 2515 3773 517 3477 366 4888 277 8574 102 6849 54 8188 14 4755 11 7904 7 16698
19 484 2082 2991 336 2224 239 3227 157 4831 50 3289 26 3978 7 2436 5 3639 5 13147
19 485 52 87 31 211 21 268 17 510 9 628 0 0 0 0 0 0 0 0
19 4853 26 39 12 82 0 0 0 0 0 0 0 0 0 0 0 0 0 0
19 486 28 46 11 76 8 100 6 159 0 0 0 0 0 0 0 0 0 0
19 487 10 6 0 0 0 0 0 0 0 0 0 0 0 0 0 0 0 0
19 488 200 343 85 581 41 574 36 1121 7 549 4 716 0 0 0 0 0 0
19 492 36 71 21 155 25 300 24 861 15 970 11 1553 0 0 0 0 0 0
19 493 84 189 33 230 32 419 31 903 18 1163 11 1635 6 2058 4 2603 0 0
19 5111 130 264 60 401 41 540 39 1213 6 393 11 1671 0 0 0 0 0 0
19 51111 75 166 48 329 28 355 27 889 4 241 9 1232 0 0 0 0 0 0
19 5112 44 71 15 95 10 121 15 461 7 428 5 869 0 0 0 0 0 0
19 5121 71 107 37 262 24 320 27 718 6 411 0 0 0 0 0 0 0 0
19 5122 9 18 0 0 0 0 0 0 0 0 0 0 0 0 0 0 0 0
19 515 31 62 26 184 35 492 25 651 10 672 0 0 0 0 0 0 0 0
19 517 389 913 156 1015 101 1413 55 1662 12 793 10 1659 3 1091 0 0 0 0
19 517311 290 631 92 599 65 900 41 1274 9 594 9 1465 0 0 0 0 0 0
19 5182 63 109 18 118 12 190 13 366 7 500 13 2186 0 0 3 1832 0 0
19 5191 52 85 8 46 0 0 6 191 0 0 0 0 0 0 0 0 0 0
19 51912 9 22 0 0 0 0 0 0 0 0 0 0 0 0 0 0 0 0
19 51913 41 61 6 32 0 0 5 159 0 0 0 0 0 0 0 0 0 0
19 52 3947 7156 1232 8028 598 7871 312 8877 83 5605 48 6774 32 10450 12 7626 14 30833
19 522 724 1691 728 4890 412 5450 222 6272 39 2600 19 2469 14 4041 4 2271 5 12537
19 5221 463 1185 648 4403 387 5101 197 5630 33 2157 14 1787 6 1703 0 0 3 8692
19 5241 573 880 62 415 33 441 27 722 19 1298 20 2965 12 4053 6 3904 9 18296
19 5242 1718 3024 344 2126 110 1413 46 1366 22 1526 7 1087 5 1937 0 0 0 0
19 53 2607 3782 397 2577 173 2278 90 2824 24 1671 0 0 3 1082 0 0 0 0
19 531 2370 3364 251 1611 118 1559 56 1886 15 970 0 0 0 0 0 0 0 0
19 5313 497 785 76 501 38 486 20 680 11 726 0 0 0 0 0 0 0 0
19 532 226 409 146 966 53 690 33 916 8 611 0 0 0 0 0 0 0 0
19 5321 83 145 39 243 16 210 16 409 5 363 0 0 0 0 0 0 0 0
19 5411 1048 1962 269 1751 110 1389 41 1180 11 701 0 0 0 0 0 0 0 0
19 5412 646 1100 256 1673 147 1897 56 1639 10 701 10 1637 0 0 0 0 0 0
19 5413 401 623 113 778 89 1246 79 2352 16 1166 6 801 0 0 0 0 0 0
19 5414 158 218 23 144 5 76 4 137 0 0 0 0 0 0 0 0 0 0
19 5415 571 786 66 423 48 655 46 1301 21 1438 12 2007 6 1878 3 2167 0 0
19 5416 845 1003 83 558 38 547 33 948 14 956 4 703 5 1850 0 0 0 0
19 5417 77 122 14 89 11 155 8 273 8 568 4 753 0 0 0 0 0 0
19 5418 174 252 37 237 22 280 19 560 8 516 7 896 0 0 0 0 0 0
19 5419 417 662 185 1245 126 1672 57 1588 5 315 0 0 0 0 0 0 0 0
19 54194 153 316 152 1044 113 1489 47 1289 0 0 0 0 0 0 0 0 0 0
19 55 195 357 53 340 73 1019 92 2697 40 2712 27 4423 12 4411 5 3143 3 9523
19 561 2220 3095 450 2999 327 4328 240 7493 126 8580 92 14282 36 12232 10 6207 5 29305
19 5613 160 235 44 301 30 405 70 2257 61 4044 42 6652 13 4217 6 3715 3 26851
19 5614 124 183 31 211 27 366 19 600 10 771 13 1907 9 3228 0 0 0 0
19 5615 76 129 20 133 13 170 4 131 0 0 0 0 0 0 0 0 0 0
19 5616 71 120 25 175 21 264 13 365 5 312 9 1551 3 1042 0 0 0 0
19 5617 1446 1893 252 1663 181 2373 96 2932 35 2360 13 1964 8 2533 0 0 0 0
19 56173 894 1047 124 802 68 856 28 894 10 702 0 0 0 0 0 0 0 0
19 562 165 318 94 593 66 923 37 1128 7 497 0 0 0 0 0 0 0 0
19 611 358 542 145 979 130 1737 104 3116 45 3132 16 2570 13 5253 9 6464 7 10948
19 6111 35 60 32 212 39 571 52 1564 28 1896 11 1651 0 0 0 0 0 0
19 621 2631 4890 1076 7207 808 10892 426 12961 132 9088 41 6043 15 5015 0 0 0 0
19 6211 537 871 199 1371 185 2600 167 5194 50 3492 21 3190 7 2554 0 0 0 0
19 6212 350 728 371 2555 258 3324 54 1402 3 170 0 0 0 0 0 0 0 0
19 6213 1481 2779 374 2395 177 2278 50 1485 9 528 0 0 0 0 0 0 0 0
19 62131 721 1361 139 824 17 201 0 0 0 0 0 0 0 0 0 0 0 0
19 62132 160 326 83 577 61 796 10 246 0 0 0 0 0 0 0 0 0 0
19 6214 140 289 67 456 79 1132 57 1752 27 1831 6 860 4 1261 0 0 0 0
19 6216 45 81 37 242 63 908 60 1881 24 1683 8 1215 0 0 0 0 0 0
19 622 0 0 0 0 0 0 0 0 13 1099 50 9050 37 13227 9 6738 17 38507
19 6222 0 0 0 0 0 0 0 0 0 0 3 470 0 0 0 0 0 0
19 623 331 638 253 1614 146 1993 249 8434 270 18971 132 19330 12 3879 0 0 0 0
19 6231 12 22 4 28 4 50 85 3277 204 14164 54 7219 0 0 0 0 0 0
19 6241 439 820 174 1135 139 1862 109 3257 55 3847 19 2908 4 1171 0 0 0 0
19 6242 135 250 43 292 24 318 25 747 4 271 0 0 0 0 0 0 0 0
19 6243 21 35 12 85 14 216 13 414 20 1422 11 1560 0 0 0 0 0 0
19 6244 289 490 107 726 197 2822 224 6629 29 1810 0 0 0 0 0 0 0 0
19 711 240 277 28 191 28 373 14 401 4 281 0 0 0 0 0 0 0 0
19 7111 31 41 8 52 7 89 0 0 0 0 0 0 0 0 0 0 0 0
19 7112 36 29 7 45 7 91 5 140 0 0 0 0 0 0 0 0 0 0
19 7115 96 92 3 23 4 52 0 0 0 0 0 0 0 0 0 0 0 0
19 712 83 133 20 137 12 154 8 218 0 0 0 0 0 0 0 0 0 0
19 713 532 767 180 1240 136 1829 96 2892 38 2594 32 4466 4 1463 0 0 0 0
19 71395 38 82 20 152 20 264 17 469 0 0 0 0 0 0 0 0 0 0
19 721 284 433 162 1124 231 3138 150 4289 22 1462 21 2814 10 3942 4 2933 0 0
19 7211 217 339 140 974 223 3041 148 4222 22 1462 21 2814 10 3942 4 2933 0 0
19 722 1901 2979 1144 7770 1563 21769 1470 43786 293 19086 44 5412 0 0 0 0 0 0
19 7224 480 916 230 1498 109 1418 48 1382 4 281 0 0 0 0 0 0 0 0
19 8111 1380 2511 480 3040 152 1973 55 1617 11 713 0 0 0 0 0 0 0 0
19 811192 162 227 42 275 25 363 21 711 8 458 0 0 0 0 0 0 0 0
19 8112 61 97 19 117 11 160 0 0 0 0 0 0 0 0 0 0 0 0
19 8113 284 500 80 513 38 522 15 474 0 0 0 0 0 0 0 0 0 0
19 8114 126 187 18 117 3 40 0 0 0 0 0 0 0 0 0 0 0 0
19 8121 748 1139 237 1618 132 1685 41 1095 4 246 0 0 0 0 0 0 0 0
19 812111 18 27 0 0 0 0 0 0 0 0 0 0 0 0 0 0 0 0
19 812112 496 783 191 1318 101 1289 23 604 0 0 0 0 0 0 0 0 0 0
19 8122 284 534 99 637 36 475 8 225 0 0 0 0 0 0 0 0 0 0
19 8123 72 152 35 242 20 268 12 402 6 438 0 0 0 0 0 0 0 0
19 8129 224 324 70 446 39 527 14 433 3 204 0 0 0 0 0 0 0 0
19 813 2850 5886 892 5733 336 4345 170 5192 36 2437 17 2421 3 976 0 0 0 0
19 8131 1893 4169 645 4121 239 3063 108 3360 25 1693 14 1984 0 0 0 0 0 0
19 8139 484 898 112 715 45 593 27 786 5 342 0 0 0 0 0 0 0 0
19 81393 91 211 61 406 30 395 12 378 0 0 0 0 0 0 0 0 0 0
19 814 6029 11330 1930 12463 767 9995 318 9527 64 4279 21 2903 3 976 0 0 0 0
20 111 138 231 25 158 9 110 10 296 3 169 0 0 0 0 0 0 0 0
20 112 138 231 25 158 9 110 10 296 3 169 0 0 0 0 0 0 0 0
20 113 7 16 0 0 0 0 0 0 0 0 0 0 0 0 0 0 0 0
20 1133 6 13 0 0 0 0 0 0 0 0 0 0 0 0 0 0 0 0
20 114 6 4 0 0 0 0 0 0 0 0 0 0 0 0 0 0 0 0
20 115 125 211 25 158 9 110 10 296 3 169 0 0 0 0 0 0 0 0
20 211 225 393 46 299 29 386 14 367 0 0 0 0 0 0 0 0 0 0
20 2121 43 72 10 61 7 95 7 266 6 388 0 0 0 0 0 0 0 0
20 2122 43 72 10 61 7 95 7 266 6 388 0 0 0 0 0 0 0 0
20 2123 43 72 10 61 7 95 7 266 6 388 0 0 0 0 0 0 0 0
20 213 301 535 84 564 56 737 24 693 5 339 3 349 0 0 0 0 0 0
20 22 83 179 52 336 53 728 41 1286 16 1214 8 1266 0 0 0 0 0 0
20 221 83 179 52 336 53 728 41 1286 16 1214 8 1266 0 0 0 0 0 0
20 2211 44 99 38 250 34 479 30 913 12 886 5 858 0 0 0 0 0 0
20 2212 29 53 12 71 17 218 9 289 4 328 3 408 0 0 0 0 0 0
20 2213 10 27 0 0 0 0 0 0 0 0 0 0 0 0 0 0 0 0
20 22132 10 27 0 0 0 0 0 0 0 0 0 0 0 0 0 0 0 0
20 23 4470 7505 1262 8136 671 8938 449 13595 134 9082 59 8639 10 3480 3 2046 0 0
20 3 821 1524 445 3041 408 5592 442 14159 242 16774 215 34129 79 27625 26 17659 17 50271
20 31 821 1524 445 3041 408 5592 442 14159 242 16774 215 34129 79 27625 26 17659 17 50271
20 311 85 155 49 324 37 483 63 1963 18 1226 21 3684 13 5034 7 4571 7 15437
20 3113 4 5 3 18 3 37 0 0 0 0 0 0 0 0 0 0 0 0
20 3114 0 0 0 0 0 0 6 211 0 0 0 0 0 0 0 0 0 0
20 3116 21 46 18 129 6 73 8 225 7 392 6 1144 4 1621 0 0 5 12839
20 3118 26 52 12 71 10 141 9 252 4 294 0 0 0 0 0 0 0 0
20 311811 18 29 7 40 8 117 5 134 0 0 0 0 0 0 0 0 0 0
20 3121 21 23 8 59 9 124 3 85 0 0 0 0 0 0 0 0 0 0
20 3122 21 23 8 59 10 135 3 85 0 0 0 0 0 0 0 0 0 0
20 3131 3 4 0 0 0 0 0 0 0 0 0 0 0 0 0 0 0 0
20 3132 3 4 0 0 0 0 0 0 0 0 0 0 0 0 0 0 0 0
20 314 25 56 8 53 5 68 8 213 0 0 3 475 0 0 0 0 0 0
20 31411 11 25 0 0 0 0 0 0 0 0 0 0 0 0 0 0 0 0
20 315 6 7 0 0 0 0 0 0 0 0 0 0 0 0 0 0 0 0
20 3212 4 5 3 23 0 0 4 148 0 0 0 0 0 0 0 0 0 0
20 3219 17 21 15 103 17 236 14 469 3 213 0 0 0 0 0 0 0 0
20 32199 6 10 4 27 7 102 0 0 0 0 0 0 0 0 0 0 0 0
20 3221 3 9 0 0 0 0 7 261 3 205 5 874 0 0 0 0 0 0
20 3222 3 9 0 0 0 0 6 235 3 205 4 746 0 0 0 0 0 0
20 32221 0 0 0 0 0 0 3 115 0 0 0 0 0 0 0 0 0 0
20 3231 113 222 52 355 27 359 39 1242 14 982 11 1982 5 1633 0 0 0 0
20 3241 5 16 8 55 4 53 0 0 0 0 0 0 4 1701 0 0 0 0
20 32411 0 0 0 0 0 0 0 0 0 0 0 0 3 1351 0 0 0 0
20 325 21 29 20 129 20 269 25 807 19 1332 19 2700 6 1906 0 0 0 0
20 3252 0 0 0 0 3 37 0 0 0 0 0 0 0 0 0 0 0 0
20 3253 0 0 3 16 0 0 4 120 3 224 0 0 0 0 0 0 0 0
20 3254 6 8 0 0 5 72 0 0 3 214 3 548 0 0 0 0 0 0
20 3255 0 0 4 24 3 42 0 0 0 0 0 0 0 0 0 0 0 0
20 3256 3 4 0 0 0 0 0 0 0 0 0 0 0 0 0 0 0 0
20 3261 20 39 13 88 12 160 18 579 18 1289 13 2224 6 2088 4 2761 0 0
20 3262 0 0 6 37 0 0 4 135 0 0 3 661 0 0 0 0 0 0
20 327 50 97 35 245 38 527 25 822 17 1167 11 1709 0 0 0 0 0 0
20 32711 3 2 0 0 0 0 0 0 0 0 0 0 0 0 0 0 0 0
20 327120 0 0 0 0 0 0 3 119 0 0 0 0 0 0 0 0 0 0
20 3272 6 13 0 0 3 38 0 0 0 0 3 479 0 0 0 0 0 0
20 3279 11 13 9 67 6 83 3 116 3 189 0 0 0 0 0 0 0 0
20 331 7 12 4 30 4 62 4 167 3 236 4 626 0 0 0 0 0 0
20 3313 7 12 4 30 4 62 4 167 3 236 4 626 0 0 0 0 0 0
20 3315 4 7 3 22 0 0 0 0 0 0 0 0 0 0 0 0 0 0
20 332 173 313 96 631 84 1140 84 2680 52 3746 36 5596 7 2112 0 0 0 0
20 3321 3 5 3 24 0 0 0 0 0 0 0 0 0 0 0 0 0 0
20 3322 9 12 0 0 0 0 0 0 0 0 0 0 0 0 0 0 0 0
20 3327 80 155 57 377 45 578 32 986 15 1108 9 1303 0 0 0 0 0 0
20 3328 20 32 3 24 6 80 13 386 0 0 3 631 0 0 0 0 0 0
20 33299 21 39 5 33 9 142 3 97 0 0 3 398 0 0 0 0 0 0
20 333 54 114 39 280 50 695 53 1709 35 2267 34 5367 12 4293 6 4128 0 0
20 3331 19 46 15 111 15 212 15 550 9 583 13 1915 4 1322 5 3495 0 0
20 33311 14 33 12 91 11 148 11 411 7 464 7 1082 0 0 3 2348 0 0
20 3333 0 0 0 0 3 46 6 208 0 0 3 425 0 0 0 0 0 0
20 3335 10 20 5 37 8 109 3 98 0 0 0 0 0 0 0 0 0 0
20 334 14 33 7 62 11 145 11 408 9 611 3 523 3 1043 0 0 0 0
20 3345 9 18 3 23 4 46 5 198 3 195 0 0 0 0 0 0 0 0
20 335 11 16 7 49 8 115 8 258 3 204 6 955 3 1193 0 0 0 0
20 3352 11 16 7 49 8 115 8 258 3 204 6 955 3 1193 0 0 0 0
20 336 41 69 21 137 24 343 37 1168 21 1483 24 3416 12 3924 5 3405 6 25412
20 33641 17 30 9 61 16 211 21 660 7 460 11 1638 8 2598 3 1925 5 23218
20 3365 0 0 0 0 0 0 3 111 0 0 0 0 0 0 0 0 0 0
20 3369 7 11 3 16 0 0 0 0 0 0 0 0 0 0 0 0 0 0
20 337 48 95 15 109 23 322 9 285 5 352 10 1695 0 0 0 0 0 0
20 3391 27 45 11 83 12 181 9 313 6 393 0 0 0 0 0 0 0 0
20 3399 67 131 22 147 14 186 13 343 5 304 0 0 0 0 0 0 0 0
20 4 3888 7817 2615 17388 1699 22662 1031 29379 250 17265 224 34190 53 16639 0 0 0 0
20 42 1979 3829 903 6001 704 9839 489 14751 125 8487 72 10750 14 4872 3 1854 0 0
20 4231 84 156 49 327 49 718 34 979 15 1062 0 0 0 0 0 0 0 0
20 4232 40 81 22 143 11 135 10 279 4 300 0 0 0 0 0 0 0 0
20 4233 51 108 37 246 27 377 31 915 8 562 0 0 0 0 0 0 0 0
20 4234 162 319 52 348 40 628 41 1278 12 847 5 728 0 0 0 0 0 0
20 4235 33 55 11 77 11 165 11 386 8 462 3 458 0 0 0 0 0 0
20 4236 85 170 64 422 48 659 32 962 3 173 8 1252 0 0 0 0 0 0
20 4237 85 189 48 309 27 375 26 783 0 0 6 738 0 0 0 0 0 0
20 4238 291 617 184 1212 147 2069 105 3195 23 1510 10 1307 0 0 0 0 0 0
20 4239 119 203 39 262 35 453 17 484 4 283 3 430 0 0 0 0 0 0
20 42393 35 70 19 123 17 239 8 226 0 0 0 0 0 0 0 0 0 0
20 424 728 1463 361 2412 281 3885 149 4543 46 3178 31 5014 8 2690 0 0 0 0
20 4241 47 100 22 154 13 198 8 267 4 297 0 0 0 0 0 0 0 0
20 4243 30 42 9 65 4 55 3 66 0 0 3 632 0 0 0 0 0 0
20 4244 98 173 33 239 26 385 17 556 11 737 9 1580 5 1732 0 0 0 0
20 4245 180 382 104 676 82 1133 35 952 7 450 4 554 0 0 0 0 0 0
20 4247 55 127 25 157 22 318 14 441 0 0 0 0 0 0 0 0 0 0
20 4248 11 21 4 28 10 146 10 327 9 650 4 473 0 0 0 0 0 0
20 4249 202 394 107 723 97 1312 33 1027 8 582 3 488 0 0 0 0 0 0
20 42491 122 246 89 605 78 1086 24 718 3 199 0 0 0 0 0 0 0 0
20 4251 301 468 36 243 28 375 33 947 0 0 0 0 0 0 0 0 0 0
20 4411 222 371 67 447 70 948 99 3153 46 3250 31 4517 0 0 0 0 0 0
20 4412 55 109 28 192 22 282 7 193 3 214 0 0 0 0 0 0 0 0
20 4413 252 531 227 1595 183 2372 20 524 3 176 0 0 0 0 0 0 0 0
20 442 227 468 105 686 67 963 28 828 8 521 5 788 0 0 0 0 0 0
20 443141 55 114 31 213 10 112 3 79 0 0 0 0 0 0 0 0 0 0
20 443142 68 147 46 297 23 262 9 249 7 486 4 573 0 0 0 0 0 0
20 4441 263 606 189 1223 119 1635 57 1628 6 462 38 6000 0 0 0 0 0 0
20 44413 80 172 55 354 51 772 31 831 0 0 0 0 0 0 0 0 0 0
20 4442 83 171 64 422 79 968 22 538 3 193 0 0 0 0 0 0 0 0
20 44511 84 151 56 400 96 1434 98 3053 66 4830 62 8856 16 5377 0 0 0 0
20 44512 51 87 13 85 3 43 0 0 0 0 0 0 0 0 0 0 0 0
20 4452 75 156 52 362 35 484 15 360 0 0 0 0 0 0 0 0 0 0
20 4453 286 625 240 1515 69 853 8 227 0 0 0 0 0 0 0 0 0 0
20 446 291 606 219 1442 98 1296 153 4218 7 417 0 0 0 0 0 0 0 0
20 44611 62 124 83 567 75 1033 125 3260 3 199 0 0 0 0 0 0 0 0
20 447 301 632 262 1792 274 3731 214 5292 13 889 0 0 0 0 0 0 0 0
20 4481 201 449 204 1412 192 2461 94 2905 28 1687 3 423 0 0 0 0 0 0
20 44821 38 92 106 712 35 429 11 279 0 0 0 0 0 0 0 0 0 0
20 4483 79 181 49 306 24 300 5 130 0 0 0 0 0 0 0 0 0 0
20 4511 150 285 72 504 46 623 48 1576 9 570 4 628 0 0 0 0 0 0
20 45113 26 54 14 92 6 77 6 202 0 0 0 0 0 0 0 0 0 0
20 45114 20 39 7 48 5 64 4 96 0 0 0 0 0 0 0 0 0 0
20 45121 28 53 6 37 7 89 6 217 0 0 0 0 0 0 0 0 0 0
20 45221 0 0 0 0 0 0 6 242 19 1285 11 1565 0 0 0 0 0 0
20 4523 58 94 262 1628 62 867 39 1124 13 1059 54 9274 32 9714 0 0 0 0
20 4531 97 192 32 201 6 68 0 0 0 0 0 0 0 0 0 0 0 0
20 45321 25 49 6 53 21 298 5 114 0 0 0 0 0 0 0 0 0 0
20 45322 77 162 36 257 21 271 5 121 0 0 0 0 0 0 0 0 0 0
20 4533 90 185 53 372 28 419 22 664 0 0 0 0 0 0 0 0 0 0
20 4539 259 510 84 534 53 709 29 807 0 0 0 0 0 0 0 0 0 0
20 454110 223 358 37 253 25 334 19 572 7 511 5 677 0 0 0 0 0 0
20 4542 26 63 4 23 6 79 0 0 0 0 0 0 0 0 0 0 0 0
20 454310 39 81 30 196 4 54 0 0 0 0 0 0 0 0 0 0 0 0
20 45439 185 289 35 229 21 278 5 170 0 0 0 0 0 0 0 0 0 0
20 481 20 34 0 0 5 73 6 184 0 0 0 0 0 0 0 0 0 0
20 482 1444 2345 376 2490 337 4657 266 7912 84 5771 63 9357 24 8199 17 11685 4 10284
20 483 3 2 0 0 0 0 0 0 0 0 0 0 0 0 0 0 0 0
20 484 1045 1617 204 1314 183 2542 125 3716 40 2706 25 3849 6 1991 3 1582 0 0
20 485 50 93 25 163 24 336 24 632 10 689 8 963 4 1631 0 0 0 0
20 4853 18 33 5 28 4 55 0 0 0 0 0 0 0 0 0 0 0 0
20 486 53 100 30 195 24 319 13 375 0 0 0 0 0 0 0 0 0 0
20 487 1444 2345 376 2490 337 4657 266 7912 84 5771 63 9357 24 8199 17 11685 4 10284
20 488 179 316 71 504 51 688 40 1162 16 1082 5 833 3 1011 0 0 0 0
20 492 33 56 9 62 24 345 31 962 13 935 8 1160 4 1278 0 0 0 0
20 493 59 125 35 237 26 354 27 881 5 359 16 2374 7 2288 9 6596 0 0
20 5111 107 178 38 267 38 520 19 537 8 593 3 396 0 0 0 0 0 0
20 51111 70 124 26 182 23 315 14 379 0 0 0 0 0 0 0 0 0 0
20 5112 34 56 7 50 12 161 12 352 7 554 0 0 0 0 0 0 0 0
20 5121 51 89 19 133 19 274 13 488 7 518 4 525 0 0 0 0 0 0
20 5122 9 8 0 0 0 0 0 0 0 0 0 0 0 0 0 0 0 0
20 515 34 61 18 122 16 226 13 381 10 753 0 0 0 0 0 0 0 0
20 517 373 781 136 915 108 1501 51 1661 18 1334 10 1730 5 1864 9 6565 0 0
20 517311 232 463 55 380 66 933 39 1267 14 1076 7 1333 5 1864 0 0 0 0
20 5182 55 102 13 81 20 268 17 556 5 305 9 1348 3 926 0 0 0 0
20 5191 64 111 12 82 4 48 0 0 0 0 0 0 0 0 0 0 0 0
20 51912 26 54 8 54 0 0 0 0 0 0 0 0 0 0 0 0 0 0
20 51913 32 43 4 28 0 0 0 0 0 0 0 0 0 0 0 0 0 0
20 52 3626 6790 1308 8535 545 7283 277 8214 101 6909 61 9291 26 8723 6 3872 3 4133
20 522 781 1821 818 5495 366 4909 163 4832 48 3246 17 2682 10 3109 3 1930 0 0
20 5221 391 1094 728 4903 336 4518 136 4049 41 2698 11 1720 7 2265 0 0 0 0
20 5241 183 308 50 344 42 550 35 1092 19 1306 23 3525 8 2710 0 0 0 0
20 5242 1666 3012 297 1814 91 1226 55 1582 26 1900 16 2293 3 1034 0 0 0 0
20 53 2641 3933 510 3281 203 2553 83 2323 17 1131 9 969 0 0 0 0 0 0
20 531 2398 3459 354 2317 137 1723 46 1284 12 805 8 869 0 0 0 0 0 0
20 5313 639 1067 130 865 50 661 34 917 7 492 6 667 0 0 0 0 0 0
20 532 227 448 152 933 64 802 34 959 5 326 0 0 0 0 0 0 0 0
20 5321 65 111 33 193 18 229 14 395 0 0 0 0 0 0 0 0 0 0
20 5411 1028 1766 231 1485 88 1123 36 1119 8 515 4 426 0 0 0 0 0 0
20 5412 788 1394 244 1629 110 1414 63 1848 11 761 6 897 0 0 0 0 0 0
20 5413 507 804 130 892 107 1460 82 2339 18 1283 15 2283 4 1345 0 0 0 0
20 5414 165 244 24 148 6 82 0 0 0 0 0 0 0 0 0 0 0 0
20 5415 660 962 112 757 77 965 61 1773 21 1476 18 2746 5 1458 4 3264 0 0
20 5416 1025 1241 132 844 78 1065 38 1140 9 605 12 1741 0 0 0 0 0 0
20 5417 64 105 26 179 11 175 14 429 5 383 5 830 0 0 0 0 0 0
20 5418 218 345 35 222 11 150 18 619 8 501 0 0 0 0 0 0 0 0
20 5419 372 601 169 1176 155 2028 53 1497 5 309 3 474 0 0 0 0 0 0
20 54194 144 290 135 942 138 1811 45 1245 3 178 0 0 0 0 0 0 0 0
20 55 259 455 76 476 101 1433 98 3038 55 3994 39 6596 11 3964 10 7371 0 0
20 561 2014 3031 513 3326 369 5041 314 9631 132 9214 103 15924 40 13261 13 9679 6 11544
20 5613 220 282 42 278 41 589 78 2618 53 3751 56 8417 17 5578 10 7478 5 10090
20 5614 127 218 57 357 33 411 32 962 11 751 17 2672 7 2091 0 0 0 0
20 5615 62 113 18 122 6 76 9 262 0 0 0 0 0 0 0 0 0 0
20 5616 89 162 19 124 24 362 10 303 8 559 5 711 4 1529 0 0 0 0
20 5617 1186 1787 307 1977 204 2757 131 3929 33 2289 17 2612 8 2572 0 0 0 0
20 56173 615 857 127 808 88 1199 50 1527 8 552 5 736 0 0 0 0 0 0
20 562 137 285 58 392 29 414 25 762 6 414 0 0 0 0 0 0 0 0
20 611 331 486 156 1016 104 1449 86 2633 37 2510 24 3518 13 4381 8 5407 0 0
20 6111 31 76 27 172 32 443 36 1116 25 1758 12 1473 3 833 0 0 0 0
20 621 2473 4588 1138 7555 829 11045 492 14864 143 9846 50 7372 14 4513 3 1825 0 0
20 6211 681 1194 277 1818 222 2953 222 6801 51 3365 17 2338 4 1463 0 0 0 0
20 6212 329 682 387 2684 266 3438 49 1222 5 328 0 0 0 0 0 0 0 0
20 6213 1127 2102 320 2005 156 1969 51 1538 9 652 0 0 0 0 0 0 0 0
20 62131 472 914 83 509 14 164 3 86 0 0 0 0 0 0 0 0 0 0
20 62132 135 328 109 680 61 759 15 370 0 0 0 0 0 0 0 0 0 0
20 6214 137 258 86 598 106 1612 87 2635 33 2234 14 1727 0 0 0 0 0 0
20 6216 77 131 34 221 42 606 57 1863 33 2396 11 1972 4 1066 0 0 0 0
20 622 5 8 0 0 0 0 7 251 27 1983 69 11009 26 8867 11 7512 14 29239
20 6222 0 0 0 0 0 0 0 0 0 0 3 501 0 0 0 0 0 0
20 623 241 539 172 1178 124 1764 204 6643 186 12338 89 13427 13 4254 3 1927 0 0
20 6231 34 61 15 114 20 263 55 1966 112 7158 36 5097 3 862 0 0 0 0
20 6241 479 858 164 1107 97 1372 104 3107 40 2852 22 3233 5 1518 0 0 0 0
20 6242 207 422 52 344 21 294 18 553 0 0 0 0 0 0 0 0 0 0
20 6243 26 42 7 41 10 143 18 584 11 740 0 0 0 0 0 0 0 0
20 6244 228 319 81 533 112 1609 126 3700 12 798 4 523 0 0 0 0 0 0
20 711 161 200 31 223 20 273 11 304 0 0 0 0 0 0 0 0 0 0
20 7111 27 38 9 68 7 96 3 71 0 0 0 0 0 0 0 0 0 0
20 7112 19 21 6 41 4 62 3 83 0 0 0 0 0 0 0 0 0 0
20 7115 71 76 4 28 3 38 0 0 0 0 0 0 0 0 0 0 0 0
20 712 106 194 15 90 12 167 6 175 4 289 0 0 0 0 0 0 0 0
20 713 339 532 105 691 111 1561 86 2567 43 3180 28 3915 0 0 0 0 0 0
20 71395 11 23 5 34 12 161 13 342 4 267 0 0 0 0 0 0 0 0
20 721 269 427 107 724 191 2713 127 3414 18 1246 9 1350 3 970 0 0 0 0
20 7211 205 324 94 642 181 2581 126 3388 17 1182 9 1350 3 970 0 0 0 0
20 722 1308 2088 1009 7117 1244 17476 1479 44986 393 26002 67 8832 4 1350 0 0 0 0
20 7224 116 240 95 634 54 741 22 712 6 428 0 0 0 0 0 0 0 0
20 8111 1052 1975 385 2526 112 1445 31 930 8 527 0 0 0 0 0 0 0 0
20 811192 90 169 40 285 14 200 11 331 4 230 0 0 0 0 0 0 0 0
20 8112 65 105 15 106 15 194 5 149 0 0 0 0 0 0 0 0 0 0
20 8113 180 324 55 342 28 367 12 343 3 197 0 0 0 0 0 0 0 0
20 8114 123 205 21 132 3 36 0 0 0 0 0 0 0 0 0 0 0 0
20 8121 629 1030 222 1550 139 1873 52 1361 3 245 0 0 0 0 0 0 0 0
20 812111 21 25 10 72 3 36 0 0 0 0 0 0 0 0 0 0 0 0
20 812112 392 619 127 911 83 1135 31 817 3 245 0 0 0 0 0 0 0 0
20 8122 153 316 89 582 39 516 6 158 0 0 0 0 0 0 0 0 0 0
20 8123 114 267 29 198 16 224 18 482 6 455 3 399 0 0 0 0 0 0
20 8129 218 368 45 299 32 455 21 611 0 0 0 0 0 0 0 0 0 0
20 813 2573 4967 723 4579 310 4106 196 5713 58 3982 19 2768 0 0 0 0 0 0
20 8131 1674 3388 520 3274 227 3005 150 4438 50 3399 15 2130 0 0 0 0 0 0
20 8139 418 706 82 519 43 579 22 623 4 291 0 0 0 0 0 0 0 0
20 81393 61 127 30 187 14 182 3 90 0 0 0 0 0 0 0 0 0 0
20 814 5107 9557 1584 10314 694 9216 342 9787 79 5455 24 3483 3 1219 0 0 0 0
21 111 159 237 37 253 19 274 4 151 0 0 3 507 0 0 0 0 0 0
21 112 159 237 37 253 19 274 4 151 0 0 3 507 0 0 0 0 0 0
21 113 40 60 9 58 6 89 0 0 0 0 0 0 0 0 0 0 0 0
21 1133 39 59 9 58 6 89 0 0 0 0 0 0 0 0 0 0 0 0
21 114 3 8 0 0 0 0 0 0 0 0 0 0 0 0 0 0 0 0
21 115 116 169 28 195 12 168 4 151 0 0 3 507 0 0 0 0 0 0
21 211 45 89 7 55 8 112 7 209 0 0 0 0 0 0 0 0 0 0
21 2121 35 61 13 97 22 304 23 808 9 595 9 1639 6 1744 0 0 0 0
21 2122 51 92 25 175 44 618 48 1602 16 1018 10 1778 6 1744 0 0 0 0
21 2123 16 31 12 78 22 314 25 794 7 423 0 0 0 0 0 0 0 0
21 213 52 82 21 148 10 140 9 295 3 209 3 376 0 0 0 0 0 0
21 22 123 208 60 393 71 916 44 1438 27 1855 15 2111 0 0 0 0 0 0
21 221 123 208 60 393 71 916 44 1438 27 1855 15 2111 0 0 0 0 0 0
21 2211 94 148 41 263 41 534 39 1294 22 1496 13 1888 0 0 0 0 0 0
21 2212 13 28 14 96 12 159 5 144 4 273 0 0 0 0 0 0 0 0
21 2213 16 32 5 34 18 223 0 0 0 0 0 0 0 0 0 0 0 0
21 22132 6 11 0 0 0 0 0 0 0 0 0 0 0 0 0 0 0 0
21 23 4476 7473 1362 8942 818 10967 573 17117 148 10083 80 11951 14 4699 0 0 0 0
21 3 1022 1895 615 4149 551 7592 605 19166 348 25112 320 49649 151 52103 69 46691 22 46349
21 31 1022 1895 615 4149 551 7592 605 19166 348 25112 320 49649 151 52103 69 46691 22 46349
21 311 69 132 37 252 34 460 52 1667 24 1680 25 4132 17 5939 10 6099 6 7072
21 3113 3 7 3 22 5 64 0 0 0 0 0 0 0 0 0 0 0 0
21 3114 0 0 0 0 0 0 3 123 3 212 0 0 3 961 0 0 0 0
21 3115 4 11 0 0 0 0 0 0 0 0 5 838 3 878 0 0 0 0
21 3116 14 27 11 73 4 44 7 274 7 487 0 0 3 1196 3 2026 5 6137
21 3118 21 38 12 81 14 193 11 307 5 321 7 1284 4 1576 4 2195 0 0
21 311811 18 37 11 76 13 172 9 241 0 0 0 0 0 0 0 0 0 0
21 3121 37 48 24 159 19 265 21 643 9 637 10 1713 4 1456 0 0 0 0
21 3122 0 0 4 31 0 0 0 0 0 0 0 0 0 0 0 0 0 0
21 3131 5 11 0 0 0 0 0 0 0 0 0 0 0 0 0 0 0 0
21 3133 3 11 0 0 0 0 0 0 0 0 0 0 0 0 0 0 0 0
21 314 30 57 9 52 8 103 6 205 3 201 4 591 0 0 0 0 0 0
21 31411 6 8 0 0 0 0 0 0 0 0 0 0 0 0 0 0 0 0
21 315 10 13 3 24 0 0 4 133 4 262 4 620 0 0 0 0 0 0
21 316 4 9 0 0 0 0 0 0 0 0 0 0 0 0 0 0 0 0
21 3162 4 9 0 0 0 0 0 0 0 0 0 0 0 0 0 0 0 0
21 3211 33 59 20 145 35 499 28 807 11 781 4 517 0 0 0 0 0 0
21 3212 7 11 10 75 9 137 5 196 0 0 0 0 0 0 0 0 0 0
21 3219 51 80 35 236 35 478 36 1228 13 842 15 2134 5 1868 0 0 0 0
21 32199 19 30 10 70 9 121 5 151 3 183 0 0 0 0 0 0 0 0
21 3221 0 0 0 0 0 0 0 0 0 0 3 354 3 1236 0 0 0 0
21 3222 4 11 0 0 5 85 14 445 15 1057 12 1658 8 2817 0 0 0 0
21 32221 4 11 0 0 0 0 12 365 8 548 8 1038 4 1347 0 0 0 0
21 3231 133 251 58 382 34 454 41 1257 17 1395 11 1767 3 1061 4 2382 0 0
21 3241 23 40 17 109 7 101 0 0 0 0 0 0 0 0 0 0 0 0
21 32411 0 0 0 0 3 45 0 0 0 0 0 0 0 0 0 0 0 0
21 325 29 55 22 150 29 389 51 1716 32 2277 27 4579 8 3319 0 0 0 0
21 3252 0 0 0 0 0 0 8 246 13 940 6 1136 4 1667 0 0 0 0
21 3253 3 4 0 0 6 85 0 0 0 0 0 0 0 0 0 0 0 0
21 3254 5 10 3 19 3 36 3 90 0 0 0 0 0 0 0 0 0 0
21 3255 0 0 0 0 5 75 11 446 4 291 5 940 0 0 0 0 0 0
21 3256 8 12 4 30 0 0 0 0 0 0 0 0 0 0 0 0 0 0
21 3261 16 25 15 87 15 233 21 763 36 2739 36 5551 13 4158 4 2454 0 0
21 3262 8 15 4 27 4 62 3 77 0 0 5 774 0 0 0 0 0 0
21 32621 5 13 3 20 0 0 0 0 0 0 0 0 0 0 0 0 0 0
21 327 58 127 58 400 55 727 56 1655 11 805 10 1407 6 1728 0 0 0 0
21 327120 0 0 0 0 0 0 4 134 0 0 0 0 0 0 0 0 0 0
21 3272 6 15 0 0 0 0 7 215 3 218 3 445 4 1148 0 0 0 0
21 3279 9 22 4 26 9 116 8 223 3 233 0 0 0 0 0 0 0 0
21 331 6 6 0 0 6 78 10 363 15 1051 14 2048 7 2326 6 4153 3 3875
21 3313 0 0 0 0 0 0 5 175 3 170 6 832 0 0 4 2866 0 0
21 3314 0 0 0 0 0 0 0 0 3 226 4 565 0 0 0 0 0 0
21 332 192 377 146 958 119 1632 114 3523 62 4467 36 5247 15 5295 3 2144 0 0
21 3321 7 11 4 30 0 0 4 103 9 715 6 807 3 1027 0 0 0 0
21 3322 3 3 0 0 4 54 0 0 0 0 0 0 0 0 0 0 0 0
21 3327 88 165 68 436 61 800 44 1299 11 762 8 1052 0 0 0 0 0 0
21 3328 15 20 6 35 7 109 17 542 5 392 0 0 0 0 0 0 0 0
21 33299 15 37 10 67 7 103 8 279 14 904 4 638 0 0 0 0 0 0
21 333 68 140 39 290 47 677 60 1891 28 2076 25 3933 10 3219 7 4936 0 0
21 3331 12 34 8 62 3 35 6 172 0 0 0 0 0 0 0 0 0 0
21 33311 5 15 3 24 0 0 0 0 0 0 0 0 0 0 0 0 0 0
21 3333 6 3 0 0 0 0 0 0 0 0 3 474 0 0 0 0 0 0
21 3335 26 60 6 47 16 221 20 607 0 0 0 0 0 0 0 0 0 0
21 3336 0 0 0 0 3 39 0 0 0 0 3 630 0 0 0 0 0 0
21 334 17 30 11 70 4 56 8 223 7 524 5 894 0 0 0 0 0 0
21 3341 17 30 11 70 4 56 8 223 7 524 5 894 0 0 0 0 0 0
21 3345 8 12 4 29 0 0 4 98 0 0 0 0 0 0 0 0 0 0
21 335 14 26 8 56 8 122 9 300 8 585 4 710 7 2377 0 0 0 0
21 336 35 57 12 79 10 135 26 779 31 2251 52 7909 30 10620 24 17393 9 30133
21 33641 7 12 0 0 0 0 0 0 0 0 3 449 0 0 0 0 0 0
21 3366 3 4 0 0 0 0 3 97 0 0 0 0 0 0 0 0 0 0
21 337 52 92 34 222 20 282 14 446 7 427 9 1570 4 1154 0 0 0 0
21 3391 48 92 12 75 11 136 8 252 4 223 0 0 0 0 0 0 0 0
21 3399 71 131 32 233 33 426 13 387 5 392 5 911 0 0 0 0 0 0
21 4 5755 11547 4032 27133 2996 39447 1367 39121 331 22507 264 41602 86 25811 4 3003 6 7617
21 42 1850 3491 810 5358 650 8965 520 15860 137 9356 78 11738 21 7764 4 2321 3 6123
21 4231 106 200 56 358 51 676 53 1803 9 649 5 870 3 1201 0 0 0 0
21 4232 35 54 17 100 13 183 10 337 4 239 0 0 0 0 0 0 0 0
21 4233 65 121 52 365 59 801 30 940 4 265 0 0 0 0 0 0 0 0
21 4234 223 401 60 398 39 531 38 1151 12 887 8 1178 0 0 0 0 0 0
21 4235 45 92 27 184 18 259 14 439 5 298 3 356 0 0 0 0 0 0
21 4236 84 183 53 348 38 554 27 874 9 570 0 0 0 0 0 0 0 0
21 4237 86 198 58 365 38 521 28 790 4 281 4 643 0 0 0 0 0 0
21 4238 321 642 166 1092 136 1875 108 3142 29 1981 13 1868 0 0 0 0 0 0
21 4239 143 305 46 293 42 567 26 820 8 588 3 390 0 0 0 0 0 0
21 42393 60 147 27 161 22 287 17 557 6 435 0 0 0 0 0 0 0 0
21 424 486 922 241 1627 189 2585 169 5069 50 3380 35 5373 12 4140 0 0 0 0
21 4241 34 63 19 125 14 192 9 298 3 201 0 0 0 0 0 0 0 0
21 4243 30 55 10 64 6 70 5 193 4 260 0 0 0 0 0 0 0 0
21 4244 115 204 47 330 25 363 44 1395 12 882 16 2468 9 3313 0 0 0 0
21 4245 24 47 18 120 16 226 11 358 0 0 0 0 0 0 0 0 0 0
21 4247 51 112 24 168 17 226 26 760 3 229 0 0 0 0 0 0 0 0
21 4248 11 15 6 39 7 96 9 246 7 467 8 1211 0 0 0 0 0 0
21 4249 128 243 64 419 67 914 28 766 5 328 3 580 0 0 0 0 0 0
21 42491 45 95 31 199 41 574 16 429 0 0 0 0 0 0 0 0 0 0
21 4251 256 373 34 228 27 413 17 495 3 218 5 712 0 0 0 0 0 0
21 4411 333 550 94 611 77 1073 115 4012 102 6948 25 3480 0 0 0 0 0 0
21 4412 62 121 58 381 48 662 23 710 4 231 0 0 0 0 0 0 0 0
21 4413 286 624 366 2665 316 4049 35 1027 4 243 0 0 0 0 0 0 0 0
21 442 302 612 140 936 96 1278 58 1517 8 477 0 0 0 0 0 0 0 0
21 443141 43 101 25 178 13 172 0 0 0 0 0 0 0 0 0 0 0 0
21 443142 85 198 103 656 23 285 4 135 8 535 6 649 0 0 0 0 0 0
21 4441 326 704 244 1625 186 2393 73 1895 8 658 57 10062 0 0 0 0 0 0
21 44413 112 229 58 376 51 667 21 553 0 0 0 0 0 0 0 0 0 0
21 4442 144 324 73 478 127 1606 26 658 0 0 0 0 0 0 0 0 0 0
21 44511 190 389 64 463 134 1948 173 5171 58 4032 84 12074 13 3665 0 0 0 0
21 44512 181 295 25 158 14 164 7 169 0 0 0 0 0 0 0 0 0 0
21 4452 71 134 49 303 19 239 13 380 0 0 0 0 0 0 0 0 0 0
21 4453 355 781 136 924 57 726 16 427 0 0 0 0 0 0 0 0 0 0
21 446 419 831 397 2671 314 4093 242 6655 11 699 8 1604 0 0 0 0 0 0
21 44611 117 269 238 1677 257 3348 206 5397 6 359 6 1231 0 0 0 0 0 0
21 447 800 1809 491 3370 609 8000 125 3151 8 505 0 0 0 0 0 0 0 0
21 4481 334 738 292 1993 272 3489 149 4401 34 2094 0 0 0 0 0 0 0 0
21 44821 56 137 136 875 90 1186 18 531 0 0 0 0 0 0 0 0 0 0
21 4483 82 177 73 497 38 460 3 72 0 0 0 0 0 0 0 0 0 0
21 4511 216 425 90 584 60 824 48 1572 15 1018 3 412 0 0 0 0 0 0
21 45113 25 55 9 53 12 178 0 0 0 0 0 0 0 0 0 0 0 0
21 45114 24 44 15 110 6 77 3 76 0 0 0 0 0 0 0 0 0 0
21 45121 52 101 24 147 13 170 11 340 0 0 0 0 0 0 0 0 0 0
21 45221 0 0 0 0 0 0 6 227 27 1840 15 1927 0 0 0 0 0 0
21 4523 114 188 621 4043 194 2642 109 2993 22 1580 54 9405 67 20276 0 0 0 0
21 4531 133 261 38 254 13 168 4 95 0 0 0 0 0 0 0 0 0 0
21 45321 11 17 7 51 22 322 9 206 0 0 0 0 0 0 0 0 0 0
21 45322 117 204 71 491 36 462 9 230 5 331 0 0 0 0 0 0 0 0
21 4533 139 247 78 545 79 1090 22 584 0 0 0 0 0 0 0 0 0 0
21 4539 419 794 207 1393 84 1081 33 854 0 0 0 0 0 0 0 0 0 0
21 454110 219 303 51 334 27 376 24 703 6 435 6 1119 0 0 4 3003 6 7617
21 4542 29 44 7 36 4 54 6 222 3 286 0 0 0 0 0 0 0 0
21 454310 50 135 30 205 17 228 0 0 0 0 0 0 0 0 0 0 0 0
21 45439 186 303 42 266 14 207 3 77 0 0 0 0 0 0 0 0 0 0
21 481 14 15 4 33 3 38 4 116 5 294 6 912 4 1456 0 0 0 0
21 482 1488 2397 428 2814 399 5422 352 10863 141 9969 116 17836 36 13415 21 15324 10 34383
21 483 4 10 0 0 4 60 3 99 3 223 5 809 0 0 0 0 0 0
21 484 989 1542 222 1427 216 2968 177 5579 55 3861 33 4618 8 3101 0 0 0 0
21 485 52 90 22 139 14 187 26 781 8 584 5 826 0 0 0 0 0 0
21 4853 22 34 7 48 5 74 5 111 4 285 0 0 0 0 0 0 0 0
21 486 14 31 10 66 16 223 3 67 0 0 0 0 0 0 0 0 0 0
21 487 10 17 3 24 0 0 0 0 0 0 0 0 0 0 0 0 0 0
21 488 262 462 93 615 69 914 76 2301 31 2393 24 3805 8 2745 6 4383 0 0
21 492 73 119 25 174 40 525 18 578 20 1315 22 3322 6 2390 3 2645 4 24950
21 493 70 111 47 325 37 507 45 1342 17 1159 20 3308 7 2718 11 7239 4 4886
21 5111 110 215 53 350 20 275 29 827 6 392 5 714 0 0 0 0 0 0
21 51111 53 102 40 261 14 189 21 555 5 342 4 602 0 0 0 0 0 0
21 5112 41 64 9 59 10 140 8 227 3 175 3 519 0 0 0 0 0 0
21 5121 72 109 16 110 24 332 25 800 4 285 0 0 0 0 0 0 0 0
21 5122 11 16 3 21 0 0 0 0 0 0 0 0 0 0 0 0 0 0
21 515 54 120 31 224 36 458 13 395 9 647 5 703 0 0 0 0 0 0
21 517 458 941 206 1420 112 1553 61 1788 17 1208 10 1396 3 1049 0 0 0 0
21 517311 281 582 76 541 52 739 44 1323 13 961 6 713 0 0 0 0 0 0
21 5182 188 318 24 160 27 389 17 538 9 698 12 1793 4 1455 3 2125 0 0
21 5191 37 62 12 80 9 130 3 84 4 224 0 0 0 0 0 0 0 0
21 51912 4 9 0 0 0 0 0 0 0 0 0 0 0 0 0 0 0 0
21 51913 28 46 10 67 6 88 0 0 3 171 0 0 0 0 0 0 0 0
21 52 3797 7585 1661 10585 579 7539 283 8273 103 6857 54 8264 26 8912 10 7291 6 10160
21 522 1473 3374 1112 7148 369 4767 162 4767 63 4249 27 4272 8 2837 3 1821 0 0
21 5221 507 1383 892 5813 325 4240 144 4263 55 3698 19 3025 6 2110 0 0 0 0
21 5241 237 332 56 377 73 1064 39 1154 14 927 13 1880 6 2073 5 3975 3 5699
21 5242 1396 2706 397 2459 99 1215 58 1635 19 1229 9 1335 5 1614 0 0 0 0
21 53 2988 4796 655 4097 231 3011 102 2910 21 1316 14 1900 0 0 0 0 0 0
21 531 2668 4118 393 2457 140 1853 49 1507 13 794 6 895 0 0 0 0 0 0
21 5313 554 895 101 640 48 621 24 729 7 436 3 539 0 0 0 0 0 0
21 532 311 661 261 1634 91 1158 52 1364 6 399 8 1005 0 0 0 0 0 0
21 5321 79 146 66 408 31 365 26 699 0 0 3 309 0 0 0 0 0 0
21 5411 1506 2732 309 2003 143 1797 72 2071 12 878 6 851 0 0 0 0 0 0
21 5412 964 1747 255 1740 141 1916 60 1815 18 1160 17 2702 5 1741 0 0 0 0
21 5413 554 953 176 1174 121 1620 88 2694 27 1861 13 2171 4 1484 0 0 0 0
21 5414 183 271 21 136 9 123 6 183 0 0 0 0 0 0 0 0 0 0
21 5415 656 970 106 695 73 980 49 1526 32 2214 9 1551 0 0 5 3446 4 4888
21 5416 922 1134 124 804 80 1101 50 1508 22 1521 9 1476 0 0 0 0 0 0
21 5417 75 137 26 175 10 147 11 323 0 0 0 0 0 0 0 0 0 0
21 5418 223 350 52 352 41 573 16 533 14 968 3 537 0 0 0 0 0 0
21 5419 397 630 191 1313 145 2000 61 1691 3 200 3 411 3 946 0 0 0 0
21 54194 177 358 161 1114 136 1867 53 1493 0 0 0 0 0 0 0 0 0 0
21 55 216 380 97 640 86 1173 115 3499 44 2981 29 4223 24 8773 6 4100 8 14852
21 561 2136 3312 591 3907 414 5544 332 10297 184 13200 158 25251 60 21517 26 18654 8 15456
21 5613 218 314 38 262 43 583 86 2860 87 6402 92 14840 33 11254 16 11358 5 9053
21 5614 180 314 54 342 22 256 17 549 10 708 12 2020 12 4779 5 3445 0 0
21 5615 80 138 18 110 5 63 5 180 0 0 0 0 0 0 0 0 0 0
21 5616 112 179 23 154 30 398 30 903 14 1050 19 2911 4 1733 0 0 0 0
21 5617 1214 1783 365 2417 242 3257 130 3736 44 3140 19 2841 6 2250 4 2930 0 0
21 56173 710 959 189 1230 103 1397 45 1200 8 609 10 1555 0 0 0 0 0 0
21 562 151 282 62 459 60 844 32 979 9 650 10 1257 0 0 0 0 0 0
21 611 422 685 193 1274 131 1763 91 2680 33 2316 21 3227 11 3770 10 7237 5 7079
21 6111 52 108 52 341 38 523 51 1528 22 1471 15 2217 3 899 0 0 0 0
21 621 3535 6738 1992 13238 1363 18255 779 22575 181 11928 74 10603 14 4668 3 1660 0 0
21 6211 1183 2125 639 4291 540 7380 373 10839 72 4542 30 3961 5 1804 3 1660 0 0
21 6212 493 1179 630 4231 302 3849 51 1221 0 0 0 0 0 0 0 0 0 0
21 6213 1276 2367 462 3031 186 2477 71 2062 12 826 0 0 0 0 0 0 0 0
21 62131 352 796 123 775 21 262 0 0 0 0 0 0 0 0 0 0 0 0
21 62132 126 278 93 608 60 796 10 262 0 0 0 0 0 0 0 0 0 0
21 6214 292 551 202 1311 225 2971 138 4078 35 2363 19 2792 3 962 0 0 0 0
21 6216 124 204 19 121 55 781 96 2886 40 2665 14 2077 5 1644 0 0 0 0
21 622 4 7 0 0 0 0 0 0 9 633 46 8216 25 8964 18 12901 28 56889
21 6222 0 0 0 0 0 0 0 0 0 0 6 1322 4 1296 0 0 0 0
21 623 362 717 101 730 127 1830 185 5702 189 13795 143 20158 8 2989 0 0 0 0
21 6231 43 30 7 50 14 214 31 1068 117 8901 110 15127 4 1441 0 0 0 0
21 6241 847 1318 209 1390 151 2057 147 4675 41 2800 19 2836 5 1631 0 0 0 0
21 6242 129 257 43 284 26 364 17 481 9 587 0 0 0 0 0 0 0 0
21 6243 34 54 13 87 11 155 13 406 9 699 7 1129 0 0 0 0 0 0
21 6244 221 436 206 1433 278 3894 171 4822 16 974 0 0 0 0 0 0 0 0
21 711 256 375 48 343 33 453 27 816 10 666 9 1283 3 845 0 0 0 0
21 7111 24 36 14 108 7 97 5 149 0 0 0 0 0 0 0 0 0 0
21 7112 82 137 25 179 17 235 14 459 6 399 5 753 3 845 0 0 0 0
21 7115 104 120 0 0 0 0 0 0 0 0 0 0 0 0 0 0 0 0
21 712 43 76 13 93 14 180 5 149 3 201 5 585 0 0 0 0 0 0
21 713 396 577 137 918 134 1839 133 4105 42 2873 18 2874 0 0 0 0 0 0
21 71395 9 16 7 56 8 108 15 400 0 0 0 0 0 0 0 0 0 0
21 721 253 409 136 958 247 3596 205 5864 25 1601 12 1904 0 0 0 0 0 0
21 7211 195 320 121 851 240 3513 199 5650 24 1542 12 1904 0 0 0 0 0 0
21 722 1582 2512 1164 7985 1728 24926 2135 65490 648 43117 123 15568 9 3052 0 0 0 0
21 7224 142 247 88 551 44 634 30 952 3 178 0 0 0 0 0 0 0 0
21 8111 1118 2102 498 3355 201 2701 59 1793 9 548 0 0 0 0 0 0 0 0
21 811192 116 170 39 265 35 505 24 732 4 217 0 0 0 0 0 0 0 0
21 8112 103 200 17 112 10 128 8 196 3 206 3 586 0 0 0 0 0 0
21 8113 178 310 72 491 45 578 31 956 8 669 0 0 0 0 0 0 0 0
21 8114 148 261 27 177 3 35 0 0 0 0 0 0 0 0 0 0 0 0
21 8121 617 943 230 1550 163 1985 40 1135 6 447 0 0 0 0 0 0 0 0
21 812111 33 41 0 0 3 41 0 0 0 0 0 0 0 0 0 0 0 0
21 812112 376 582 162 1107 92 1190 25 713 5 374 0 0 0 0 0 0 0 0
21 8122 224 508 170 1075 61 757 17 476 0 0 0 0 0 0 0 0 0 0
21 8123 165 345 65 446 37 522 14 476 6 373 7 1111 0 0 0 0 0 0
21 8129 246 387 64 427 45 610 18 538 5 349 3 471 0 0 0 0 0 0
21 813 3055 6126 899 5746 377 4985 222 6763 46 3069 17 2608 0 0 3 2066 0 0
21 8131 2193 4495 663 4203 258 3403 156 4714 33 2241 7 903 0 0 3 2066 0 0
21 8139 382 758 119 782 58 797 34 1037 4 284 0 0 0 0 0 0 0 0
21 81393 99 236 64 414 32 443 17 483 3 192 0 0 0 0 0 0 0 0
21 814 5854 11182 2042 13379 942 12301 411 12419 85 5806 31 4986 3 1254 3 2066 0 0
22 111 337 598 122 804 62 789 33 910 5 401 0 0 0 0 0 0 0 0
22 112 337 598 122 804 62 789 33 910 5 401 0 0 0 0 0 0 0 0
22 113 153 316 84 566 53 682 18 455 3 239 0 0 0 0 0 0 0 0
22 1133 129 282 80 541 49 632 18 455 0 0 0 0 0 0 0 0 0 0
22 114 58 71 4 24 0 0 4 127 0 0 0 0 0 0 0 0 0 0
22 115 126 211 34 214 9 107 11 328 0 0 0 0 0 0 0 0 0 0
22 211 184 292 52 320 45 625 40 1211 13 863 9 1214 3 1284 0 0 0 0
22 2122 27 47 15 107 10 140 5 127 0 0 3 510 0 0 0 0 0 0
22 2123 27 47 15 107 9 129 4 102 0 0 3 510 0 0 0 0 0 0
22 213 440 701 128 877 126 1766 148 4622 72 5041 37 5647 5 1929 5 3399 6 10714
22 22 223 484 90 610 81 1177 78 2550 24 1701 15 2484 0 0 3 2784 0 0
22 221 223 484 90 610 81 1177 78 2550 24 1701 15 2484 0 0 3 2784 0 0
22 2211 92 203 37 270 50 784 57 1868 21 1488 14 2268 0 0 3 2784 0 0
22 2212 17 40 8 63 11 149 10 361 0 0 0 0 0 0 0 0 0 0
22 2213 114 241 45 277 20 244 11 321 0 0 0 0 0 0 0 0 0 0
22 22132 12 15 4 24 0 0 5 149 0 0 0 0 0 0 0 0 0 0
22 23 4631 7861 1470 9714 953 12948 586 17590 203 13650 112 16702 35 11576 16 12188 10 44242
22 3 1054 2105 575 3838 495 6761 471 14165 235 16347 179 27126 61 21314 27 18108 10 11648
22 31 1054 2105 575 3838 495 6761 471 14165 235 16347 179 27126 61 21314 27 18108 10 11648
22 311 101 191 55 384 47 653 58 1754 28 2085 36 5224 6 2009 4 2886 0 0
22 3113 11 20 6 44 0 0 0 0 4 355 9 1382 0 0 0 0 0 0
22 3114 5 12 3 18 0 0 4 135 0 0 0 0 0 0 0 0 0 0
22 3116 12 27 12 81 9 117 12 395 4 335 0 0 0 0 4 2886 0 0
22 3118 33 53 22 162 16 213 14 375 4 288 3 488 0 0 0 0 0 0
22 311811 21 39 17 131 12 169 8 207 0 0 0 0 0 0 0 0 0 0
22 3121 19 24 13 84 14 200 10 289 0 0 0 0 0 0 0 0 0 0
22 3122 19 24 13 84 14 200 10 289 0 0 0 0 0 0 0 0 0 0
22 3131 7 14 3 19 0 0 3 99 0 0 0 0 0 0 0 0 0 0
22 3132 5 7 0 0 0 0 0 0 0 0 0 0 0 0 0 0 0 0
22 314 42 77 16 106 7 92 7 173 0 0 0 0 0 0 0 0 0 0
22 31411 14 28 0 0 0 0 0 0 0 0 0 0 0 0 0 0 0 0
22 315 10 20 4 25 3 31 0 0 0 0 0 0 0 0 0 0 0 0
22 3211 8 18 7 48 6 77 13 361 6 433 8 1187 0 0 0 0 0 0
22 3212 0 0 0 0 0 0 0 0 0 0 6 985 5 1736 0 0 0 0
22 3219 38 63 25 165 15 204 18 529 5 312 0 0 0 0 0 0 0 0
22 32199 18 24 4 21 3 40 5 164 0 0 0 0 0 0 0 0 0 0
22 3221 0 0 0 0 0 0 0 0 0 0 0 0 3 1055 5 3361 0 0
22 3222 0 0 0 0 9 129 8 295 3 214 8 917 0 0 0 0 0 0
22 32221 0 0 0 0 6 86 4 138 0 0 7 801 0 0 0 0 0 0
22 3231 130 281 63 403 33 455 16 455 5 375 0 0 0 0 0 0 0 0
22 3241 5 6 8 56 4 46 11 325 13 946 7 1172 4 1457 5 3247 3 3505
22 32411 0 0 0 0 0 0 0 0 3 198 5 933 0 0 5 3247 3 3505
22 325 47 109 32 224 24 326 39 1253 33 2340 35 5917 14 4790 6 4025 5 5843
22 3252 0 0 3 19 3 43 4 159 3 220 9 1761 5 1597 0 0 0 0
22 3253 3 10 0 0 0 0 3 80 0 0 3 447 0 0 0 0 0 0
22 3254 4 6 0 0 0 0 5 171 0 0 0 0 0 0 0 0 0 0
22 3255 5 15 0 0 0 0 3 85 6 466 0 0 0 0 0 0 0 0
22 3256 11 23 6 40 3 44 3 89 0 0 0 0 0 0 0 0 0 0
22 3261 15 23 12 83 13 172 12 432 12 694 7 947 0 0 0 0 0 0
22 3262 3 7 0 0 5 78 5 137 0 0 0 0 0 0 0 0 0 0
22 327 71 147 45 298 45 639 34 996 19 1307 0 0 0 0 0 0 0 0
22 32711 3 9 0 0 0 0 0 0 0 0 0 0 0 0 0 0 0 0
22 3272 7 8 0 0 0 0 0 0 0 0 0 0 0 0 0 0 0 0
22 3279 16 29 8 57 7 91 6 186 3 237 0 0 0 0 0 0 0 0
22 331 7 13 5 31 0 0 0 0 5 299 0 0 7 2602 0 0 0 0
22 3313 0 0 0 0 0 0 0 0 0 0 0 0 3 1185 0 0 0 0
22 3314 7 13 5 31 0 0 0 0 5 299 0 0 7 2602 0 0 0 0
22 332 235 469 137 926 132 1786 118 3635 46 3266 26 4018 6 1798 3 2120 0 0
22 3321 0 0 4 24 0 0 0 0 0 0 0 0 0 0 0 0 0 0
22 3327 124 265 50 345 64 864 48 1432 17 1182 3 542 0 0 0 0 0 0
22 3328 12 24 9 55 8 107 6 207 6 391 0 0 0 0 0 0 0 0
22 33299 20 25 16 106 17 236 13 464 4 307 3 438 0 0 0 0 0 0
22 333 60 126 37 251 37 521 48 1433 22 1471 17 2612 5 2044 0 0 0 0
22 3331 23 51 12 82 12 178 15 461 13 921 11 1805 0 0 0 0 0 0
22 33311 3 4 3 20 0 0 0 0 0 0 0 0 0 0 0 0 0 0
22 3333 3 8 0 0 3 35 3 92 0 0 0 0 0 0 0 0 0 0
22 3335 9 21 4 29 5 65 0 0 0 0 0 0 0 0 0 0 0 0
22 3336 4 6 0 0 0 0 4 104 0 0 0 0 0 0 0 0 0 0
22 334 7 14 11 72 13 199 8 226 3 158 3 359 0 0 0 0 0 0
22 3341 7 14 11 72 13 199 8 226 3 158 3 359 0 0 0 0 0 0
22 3345 5 9 6 40 7 110 8 226 3 158 0 0 0 0 0 0 0 0
22 335 9 22 3 16 8 107 5 166 5 292 0 0 0 0 0 0 0 0
22 3352 9 22 3 16 8 107 5 166 5 292 0 0 0 0 0 0 0 0
22 336 45 84 17 124 17 228 28 771 16 1106 11 1634 5 1796 0 0 0 0
22 3366 20 33 12 84 13 170 24 648 11 723 7 1127 0 0 0 0 0 0
22 3369 0 0 0 0 0 0 3 85 0 0 0 0 0 0 0 0 0 0
22 337 74 165 33 214 22 279 9 214 0 0 0 0 0 0 0 0 0 0
22 3391 54 110 17 106 15 194 3 64 0 0 0 0 0 0 0 0 0 0
22 3399 64 117 31 195 24 317 12 341 6 426 4 649 0 0 0 0 0 0
22 4 6587 13460 4498 30124 2781 36591 1541 44755 475 33066 292 42232 71 22138 3 1464 0 0
22 42 2244 4363 1107 7513 945 12913 672 19983 152 10426 70 10419 18 5924 4 2370 0 0
22 4231 80 154 74 537 51 661 46 1458 12 740 0 0 0 0 0 0 0 0
22 4232 43 101 24 154 12 159 5 139 0 0 0 0 0 0 0 0 0 0
22 4233 104 212 75 504 57 773 27 850 8 520 0 0 0 0 0 0 0 0
22 4234 220 409 53 354 44 595 38 1187 14 902 0 0 0 0 0 0 0 0
22 4235 62 123 36 240 35 512 25 752 3 259 0 0 0 0 0 0 0 0
22 4236 134 293 76 498 75 1014 49 1340 4 271 3 472 0 0 0 0 0 0
22 4237 135 330 91 600 57 755 40 1091 7 488 0 0 0 0 0 0 0 0
22 4238 442 924 280 1942 275 3770 202 5790 39 2641 15 2167 0 0 0 0 0 0
22 4239 149 275 42 289 58 781 32 839 6 403 5 812 0 0 0 0 0 0
22 42393 29 67 8 64 15 227 15 388 0 0 0 0 0 0 0 0 0 0
22 424 696 1289 308 2090 249 3452 194 6143 59 4202 41 6082 14 4612 4 2370 0 0
22 4241 49 103 22 151 14 203 15 460 3 154 0 0 0 0 0 0 0 0
22 4243 47 86 15 107 8 109 7 264 3 251 0 0 0 0 0 0 0 0
22 4244 228 390 64 433 64 887 63 2052 22 1663 10 1481 9 3059 3 1875 0 0
22 4245 22 31 15 112 6 79 4 126 0 0 3 384 0 0 0 0 0 0
22 4247 64 141 39 257 31 431 22 715 7 537 8 1278 0 0 0 0 0 0
22 4248 15 18 5 32 8 111 11 323 8 563 9 1315 4 1231 0 0 0 0
22 4249 151 287 83 549 62 852 26 758 6 404 0 0 0 0 0 0 0 0
22 42491 26 51 44 302 34 491 10 294 0 0 0 0 0 0 0 0 0 0
22 4251 179 253 48 305 32 441 14 394 0 0 0 0 0 0 0 0 0 0
22 4411 191 320 49 324 58 827 118 4040 104 7221 45 5990 0 0 0 0 0 0
22 4412 83 164 69 480 51 667 30 910 5 373 0 0 0 0 0 0 0 0
22 4413 362 774 410 2887 270 3435 52 1515 0 0 0 0 0 0 0 0 0 0
22 442 323 710 162 1059 129 1709 61 1697 8 512 0 0 0 0 0 0 0 0
22 443141 35 93 20 131 12 154 10 281 0 0 0 0 0 0 0 0 0 0
22 443142 139 295 102 640 19 246 4 112 14 910 4 496 0 0 0 0 0 0
22 4441 342 779 278 1866 164 2162 81 2211 19 1310 58 9604 0 0 0 0 0 0
22 44413 96 217 75 506 51 703 20 518 0 0 0 0 0 0 0 0 0 0
22 4442 127 244 80 529 87 1146 21 574 0 0 0 0 0 0 0 0 0 0
22 44511 276 554 85 557 79 1138 186 6328 166 11852 100 12975 0 0 0 0 0 0
22 44512 408 726 51 322 15 177 8 202 0 0 0 0 0 0 0 0 0 0
22 4452 136 257 61 383 48 637 28 766 3 205 0 0 0 0 0 0 0 0
22 4453 81 163 52 352 28 351 4 125 0 0 0 0 0 0 0 0 0 0
22 446 618 1234 448 2943 246 3276 329 8780 13 836 0 0 0 0 0 0 0 0
22 44611 198 406 217 1465 171 2313 296 7638 9 604 0 0 0 0 0 0 0 0
22 447 1034 2365 700 4733 502 6824 155 4076 17 1176 0 0 0 0 0 0 0 0
22 4481 536 1157 457 3091 399 5154 157 4608 41 2482 3 431 0 0 0 0 0 0
22 44821 98 221 150 998 104 1319 16 437 0 0 0 0 0 0 0 0 0 0
22 4483 157 325 73 500 38 441 6 171 0 0 0 0 0 0 0 0 0 0
22 4511 186 353 74 463 43 566 52 1518 27 1984 5 715 0 0 0 0 0 0
22 45113 18 40 11 74 6 85 5 126 0 0 0 0 0 0 0 0 0 0
22 45114 27 46 7 43 5 65 5 117 0 0 0 0 0 0 0 0 0 0
22 45121 36 73 16 100 15 188 7 210 0 0 0 0 0 0 0 0 0 0
22 45221 0 0 0 0 0 0 4 159 32 2406 14 1933 0 0 0 0 0 0
22 4523 117 221 715 4761 227 2912 117 3569 7 531 54 8957 66 20748 3 1464 0 0
22 4531 131 292 37 221 10 131 0 0 0 0 0 0 0 0 0 0 0 0
22 45321 26 59 18 131 34 447 9 189 0 0 0 0 0 0 0 0 0 0
22 45322 155 321 70 485 30 379 11 307 0 0 0 0 0 0 0 0 0 0
22 4533 96 184 66 445 51 712 14 399 0 0 0 0 0 0 0 0 0 0
22 4539 467 897 156 1036 72 926 31 731 0 0 0 0 0 0 0 0 0 0
22 454110 144 215 20 141 16 218 15 435 3 216 0 0 0 0 0 0 0 0
22 4542 25 40 5 32 4 55 0 0 4 264 0 0 0 0 0 0 0 0
22 454310 23 57 21 145 16 207 0 0 0 0 0 0 0 0 0 0 0 0
22 45439 235 367 53 369 14 187 11 302 0 0 0 0 0 0 0 0 0 0
22 481 30 38 9 61 9 125 14 396 4 255 7 1163 0 0 0 0 0 0
22 482 1923 3120 566 3814 523 7155 419 12660 171 11744 96 14494 13 4533 13 9022 5 6310
22 483 90 147 33 228 32 468 29 939 17 1338 12 1825 0 0 6 3992 0 0
22 484 987 1512 211 1427 190 2576 164 4977 64 4198 14 1947 0 0 0 0 0 0
22 485 101 160 31 210 21 288 28 807 14 1025 10 1545 0 0 0 0 0 0
22 4853 37 59 8 56 8 113 7 197 0 0 0 0 0 0 0 0 0 0
22 486 125 230 67 437 72 953 36 993 4 252 0 0 0 0 0 0 0 0
22 487 34 44 10 63 0 0 5 154 4 262 0 0 0 0 0 0 0 0
22 488 412 726 139 935 134 1846 94 2804 40 2616 27 4211 4 1422 0 0 0 0
22 492 68 95 21 155 18 250 18 639 14 986 13 1733 4 1386 0 0 4 4554
22 493 76 168 45 298 47 649 31 951 10 812 12 1819 0 0 3 2189 0 0
22 5111 77 162 39 262 32 459 9 242 5 320 0 0 0 0 0 0 0 0
22 51111 34 83 20 135 20 290 5 122 4 249 0 0 0 0 0 0 0 0
22 5112 26 45 7 44 7 118 13 358 0 0 0 0 0 0 0 0 0 0
22 5121 97 124 13 86 16 218 22 765 6 400 0 0 0 0 0 0 0 0
22 5122 14 25 3 19 0 0 0 0 0 0 0 0 0 0 0 0 0 0
22 515 47 88 17 113 14 198 13 456 16 1117 6 728 0 0 0 0 0 0
22 517 446 904 170 1161 130 1801 90 2674 18 1235 9 1570 0 0 0 0 0 0
22 517311 242 498 80 556 42 600 56 1731 12 823 6 1044 0 0 0 0 0 0
22 5182 58 101 23 157 17 249 18 577 5 335 0 0 0 0 0 0 0 0
22 5191 47 68 11 76 8 101 0 0 0 0 0 0 0 0 0 0 0 0
22 51912 7 15 4 26 0 0 0 0 0 0 0 0 0 0 0 0 0 0
22 51913 24 35 4 28 4 46 0 0 0 0 0 0 0 0 0 0 0 0
22 52 4422 8843 1806 11765 720 9393 337 10020 115 7774 44 7039 9 2945 6 3522 0 0
22 522 1789 4097 1085 7112 428 5557 204 6140 56 3779 21 3041 0 0 3 1729 0 0
22 5221 469 1191 782 5232 378 4913 184 5601 48 3264 16 2417 0 0 3 1729 0 0
22 5241 196 355 55 362 51 704 42 1289 26 1692 13 2276 6 1804 0 0 0 0
22 5242 1526 2856 556 3624 195 2509 61 1756 25 1729 8 1267 0 0 0 0 0 0
22 53 3749 5881 793 5158 399 5220 183 5398 56 3560 35 4716 3 971 0 0 0 0
22 531 3229 4894 442 2843 174 2286 70 2085 24 1561 12 1648 0 0 0 0 0 0
22 5313 825 1260 152 1022 61 783 35 1054 16 970 4 593 0 0 0 0 0 0
22 532 491 938 346 2284 222 2894 110 3232 29 1825 23 3068 3 971 0 0 0 0
22 5321 96 186 59 361 54 678 18 509 0 0 0 0 0 0 0 0 0 0
22 5411 2741 4446 511 3341 249 3396 137 3923 31 2050 10 1370 0 0 0 0 0 0
22 5412 1293 2107 343 2288 169 2281 69 2159 23 1503 10 1639 6 2113 0 0 0 0
22 5413 1105 1716 328 2200 262 3596 187 5736 67 4592 34 5075 13 4488 4 2683 0 0
22 5414 193 269 24 160 8 100 3 81 0 0 0 0 0 0 0 0 0 0
22 5415 570 867 119 810 80 1053 47 1349 23 1647 10 1619 0 0 0 0 0 0
22 5416 1815 2314 151 985 85 1128 69 1977 24 1683 8 1160 0 0 0 0 0 0
22 5417 72 120 18 124 8 111 7 238 4 275 0 0 0 0 0 0 0 0
22 5418 255 410 68 471 47 626 21 633 7 471 0 0 3 972 0 0 0 0
22 5419 545 756 207 1431 175 2282 72 1994 14 991 5 875 0 0 0 0 0 0
22 54194 124 222 144 1029 151 1968 49 1298 8 563 0 0 0 0 0 0 0 0
22 55 196 368 90 605 90 1200 122 3783 53 3823 37 6000 12 4271 6 4111 0 0
22 561 2410 3945 754 5033 516 7160 385 11957 178 12477 132 20601 32 10824 20 13758 11 17461
22 5613 231 339 66 427 51 725 92 3060 70 5082 64 10136 20 6779 12 7774 7 11870
22 5614 234 381 77 515 34 485 31 907 6 352 4 499 0 0 0 0 0 0
22 5615 90 162 21 141 13 191 5 165 0 0 0 0 0 0 0 0 0 0
22 5616 175 315 77 535 44 598 40 1300 31 2094 25 3712 4 1289 4 2688 0 0
22 5617 1170 1972 377 2526 225 3042 137 4174 41 3001 18 2827 3 1130 0 0 0 0
22 56173 588 967 152 984 84 1104 43 1379 7 522 4 644 0 0 0 0 0 0
22 562 179 306 103 690 74 1076 59 1825 25 1638 15 2167 0 0 0 0 0 0
22 611 467 780 216 1437 187 2608 203 6467 124 8543 73 10819 6 2427 0 0 4 10595
22 6111 49 98 39 262 41 586 111 3653 111 7773 65 9662 5 2057 0 0 0 0
22 621 4405 7675 2061 13864 1416 18879 786 22619 183 12554 92 13229 19 5945 6 3785 0 0
22 6211 1979 3319 751 5064 499 6697 245 7032 65 4303 35 5192 10 3010 4 2371 0 0
22 6212 591 1230 630 4196 294 3663 70 1998 0 0 0 0 0 0 0 0 0 0
22 6213 1327 2178 401 2656 221 2976 107 2930 15 1052 7 982 3 1044 0 0 0 0
22 62131 264 507 91 551 23 291 7 176 0 0 0 0 0 0 0 0 0 0
22 62132 122 241 74 514 32 397 7 198 0 0 0 0 0 0 0 0 0 0
22 6214 231 460 165 1136 228 3082 137 3816 18 1210 10 1338 3 986 0 0 0 0
22 6216 79 127 31 226 113 1629 173 5129 57 3984 28 4022 0 0 0 0 0 0
22 622 9 4 0 0 0 0 19 776 39 2931 75 11974 33 12034 18 13255 34 63805
22 6222 0 0 0 0 0 0 8 320 14 1121 8 1014 5 1982 0 0 0 0
22 623 152 305 277 1970 184 2356 118 3766 150 10758 176 23527 8 2651 0 0 0 0
22 6231 36 20 7 46 11 139 15 529 99 7361 155 20560 0 0 0 0 0 0
22 6241 422 726 161 1016 156 2113 167 5087 135 9774 78 10974 12 3833 0 0 0 0
22 6242 77 164 30 195 24 338 18 562 4 299 0 0 0 0 0 0 0 0
22 6243 49 84 26 190 14 173 22 697 8 503 8 994 0 0 0 0 0 0
22 6244 268 506 253 1746 240 3351 196 5442 12 831 0 0 0 0 0 0 0 0
22 711 296 387 47 298 26 370 11 360 3 216 8 1391 3 1005 0 0 0 0
22 7111 54 88 11 70 6 75 0 0 0 0 0 0 0 0 0 0 0 0
22 7112 28 49 11 69 0 0 3 110 0 0 0 0 0 0 0 0 0 0
22 7115 143 141 7 36 6 106 3 80 0 0 0 0 0 0 0 0 0 0
22 712 45 94 11 75 14 192 14 451 5 349 0 0 0 0 0 0 0 0
22 713 496 865 220 1446 141 1924 146 4636 41 2733 19 2811 4 1262 0 0 0 0
22 71395 0 0 3 22 4 56 9 337 6 387 0 0 0 0 0 0 0 0
22 721 337 563 161 1108 263 3776 238 6746 46 3305 17 2588 14 5442 9 6620 6 8793
22 7211 281 464 143 992 252 3629 235 6663 44 3157 17 2588 14 5442 9 6620 6 8793
22 722 2300 4134 1637 11170 1972 27959 2380 73338 591 38655 116 16233 6 1891 4 2404 0 0
22 7224 354 676 216 1406 149 1933 57 1728 9 551 0 0 0 0 0 0 0 0
22 8111 1190 2315 473 3165 196 2561 58 1675 9 563 0 0 0 0 0 0 0 0
22 811192 88 136 50 341 39 543 15 457 5 300 0 0 0 0 0 0 0 0
22 8112 101 184 36 228 18 250 6 154 0 0 0 0 0 0 0 0 0 0
22 8113 279 492 114 801 73 949 73 2155 20 1312 9 1283 3 1018 0 0 0 0
22 8114 189 342 36 230 14 177 3 96 0 0 0 0 0 0 0 0 0 0
22 8121 879 1474 342 2206 113 1478 39 1100 4 268 0 0 0 0 0 0 0 0
22 812111 40 54 21 141 6 62 0 0 0 0 0 0 0 0 0 0 0 0
22 812112 402 589 178 1199 55 731 21 620 0 0 0 0 0 0 0 0 0 0
22 8122 134 290 104 711 62 814 19 532 0 0 0 0 0 0 0 0 0 0
22 8123 166 370 79 524 51 694 26 678 8 534 6 721 0 0 0 0 0 0
22 8129 292 432 84 548 38 515 27 796 0 0 3 417 0 0 0 0 0 0
22 813 2566 5173 929 5988 443 5801 273 8172 89 6257 33 4570 3 811 0 0 0 0
22 8131 1654 3465 701 4492 317 4150 209 6359 72 5171 29 4062 0 0 0 0 0 0
22 8139 431 815 117 745 51 648 27 705 0 0 0 0 0 0 0 0 0 0
22 81393 98 195 48 313 21 258 7 175 0 0 0 0 0 0 0 0 0 0
22 814 5796 11072 2197 14401 1008 13239 524 15358 133 9074 53 7346 7 2165 0 0 0 0
23 111 803 867 81 537 36 467 22 683 6 405 0 0 0 0 0 0 0 0
23 112 803 867 81 537 36 467 22 683 6 405 0 0 0 0 0 0 0 0
23 113 271 490 62 411 32 418 18 574 4 292 0 0 0 0 0 0 0 0
23 1133 260 472 62 411 31 402 17 552 4 292 0 0 0 0 0 0 0 0
23 114 476 313 7 45 0 0 0 0 0 0 0 0 0 0 0 0 0 0
23 115 56 64 12 81 0 0 0 0 0 0 0 0 0 0 0 0 0 0
23 211 14 19 5 27 0 0 0 0 0 0 0 0 0 0 0 0 0 0
23 2121 11 19 5 27 0 0 0 0 0 0 0 0 0 0 0 0 0 0
23 2122 11 19 5 27 0 0 0 0 0 0 0 0 0 0 0 0 0 0
23 2123 11 19 5 27 0 0 0 0 0 0 0 0 0 0 0 0 0 0
23 213 14 19 5 27 0 0 0 0 0 0 0 0 0 0 0 0 0 0
23 22 62 111 15 99 13 209 19 514 7 391 0 0 0 0 0 0 0 0
23 221 62 111 15 99 13 209 19 514 7 391 0 0 0 0 0 0 0 0
23 2211 51 92 12 79 12 193 14 361 6 344 0 0 0 0 0 0 0 0
23 2212 0 0 0 0 0 0 3 79 0 0 0 0 0 0 0 0 0 0
23 2213 10 18 3 20 0 0 0 0 0 0 0 0 0 0 0 0 0 0
23 22132 10 18 3 20 0 0 0 0 0 0 0 0 0 0 0 0 0 0
23 23 3902 5956 752 4876 338 4659 204 6131 35 2267 19 3089 0 0 0 0 0 0
23 3 732 1284 308 2079 235 3241 195 6114 104 7368 64 9882 25 9228 7 4273 0 0
23 31 732 1284 308 2079 235 3241 195 6114 104 7368 64 9882 25 9228 7 4273 0 0
23 311 98 173 42 283 31 432 22 667 13 894 10 1578 3 1154 0 0 0 0
23 3113 10 11 4 31 3 50 0 0 0 0 0 0 0 0 0 0 0 0
23 3114 4 8 4 19 4 46 0 0 0 0 0 0 0 0 0 0 0 0
23 3115 6 13 3 19 0 0 0 0 0 0 0 0 0 0 0 0 0 0
23 3116 11 20 5 36 0 0 0 0 0 0 0 0 0 0 0 0 0 0
23 3118 39 60 14 94 14 204 10 303 4 207 4 654 0 0 0 0 0 0
23 311811 26 42 9 65 12 176 0 0 0 0 0 0 0 0 0 0 0 0
23 3121 53 80 23 167 22 305 9 216 0 0 0 0 0 0 0 0 0 0
23 3122 53 80 24 173 22 305 9 216 0 0 0 0 0 0 0 0 0 0
23 3132 0 0 0 0 0 0 5 122 0 0 0 0 0 0 0 0 0 0
23 3133 0 0 4 26 4 57 6 158 0 0 0 0 0 0 0 0 0 0
23 314 36 76 13 78 4 48 3 89 0 0 3 419 0 0 0 0 0 0
23 315 8 9 0 0 3 49 0 0 0 0 0 0 0 0 0 0 0 0
23 316 9 13 0 0 4 48 5 145 0 0 3 381 3 1027 0 0 0 0
23 3162 3 5 0 0 0 0 0 0 0 0 0 0 3 1027 0 0 0 0
23 3211 22 38 12 96 9 123 9 304 7 500 4 524 0 0 0 0 0 0
23 3212 0 0 0 0 0 0 3 97 0 0 3 487 0 0 0 0 0 0
23 3219 39 63 21 144 16 211 10 330 7 483 0 0 0 0 0 0 0 0
23 32199 22 27 11 76 6 79 7 240 3 236 0 0 0 0 0 0 0 0
23 3221 0 0 0 0 0 0 0 0 0 0 0 0 0 0 3 1955 0 0
23 3222 0 0 0 0 0 0 0 0 4 361 0 0 0 0 0 0 0 0
23 32221 0 0 0 0 0 0 0 0 3 265 0 0 0 0 0 0 0 0
23 3231 66 131 21 142 8 114 11 346 3 158 0 0 0 0 0 0 0 0
23 3241 5 6 0 0 5 61 0 0 0 0 0 0 0 0 0 0 0 0
23 32411 5 6 0 0 5 61 0 0 0 0 0 0 0 0 0 0 0 0
23 325 20 35 12 85 7 98 10 326 8 501 4 540 0 0 0 0 0 0
23 3253 0 0 3 24 4 55 0 0 0 0 0 0 0 0 0 0 0 0
23 3254 7 14 5 34 0 0 4 138 4 230 0 0 0 0 0 0 0 0
23 3255 20 35 12 85 7 98 10 326 8 501 4 540 0 0 0 0 0 0
23 3256 7 13 0 0 0 0 0 0 0 0 0 0 0 0 0 0 0 0
23 3261 11 28 7 42 6 99 8 267 3 206 4 635 0 0 0 0 0 0
23 3262 4 14 0 0 0 0 0 0 0 0 0 0 0 0 0 0 0 0
23 32621 4 14 0 0 0 0 0 0 0 0 0 0 0 0 0 0 0 0
23 327 30 43 18 124 13 197 15 481 4 268 0 0 0 0 0 0 0 0
23 32711 9 13 0 0 3 38 0 0 0 0 0 0 0 0 0 0 0 0
23 3272 4 5 0 0 0 0 0 0 0 0 0 0 0 0 0 0 0 0
23 3279 5 5 6 40 0 0 4 132 0 0 0 0 0 0 0 0 0 0
23 331 5 6 0 0 0 0 0 0 0 0 0 0 0 0 0 0 0 0
23 3313 5 6 0 0 0 0 0 0 0 0 0 0 0 0 0 0 0 0
23 3314 5 6 0 0 0 0 0 0 0 0 0 0 0 0 0 0 0 0
23 3315 4 5 0 0 0 0 0 0 0 0 0 0 0 0 0 0 0 0
23 332 108 183 42 272 34 461 29 962 23 1688 8 1379 0 0 0 0 0 0
23 3321 108 183 42 272 34 461 29 962 23 1688 8 1379 0 0 0 0 0 0
23 3322 3 7 0 0 0 0 0 0 0 0 0 0 0 0 0 0 0 0
23 3327 51 74 18 117 18 226 13 446 8 596 4 694 0 0 0 0 0 0
23 3328 5 6 0 0 0 0 0 0 0 0 0 0 0 0 0 0 0 0
23 33299 12 18 3 18 0 0 3 98 0 0 0 0 0 0 0 0 0 0
23 333 28 47 10 67 14 190 16 592 6 476 0 0 3 1187 0 0 0 0
23 3333 4 7 0 0 0 0 3 110 0 0 0 0 0 0 0 0 0 0
23 3335 7 12 5 29 0 0 3 112 0 0 0 0 0 0 0 0 0 0
23 334 9 16 3 21 9 126 6 176 5 351 4 575 0 0 0 0 0 0
23 3341 9 16 3 21 9 126 6 176 5 351 4 575 0 0 0 0 0 0
23 3345 4 8 3 21 3 38 0 0 3 207 0 0 0 0 0 0 0 0
23 335 4 5 3 19 0 0 0 0 0 0 0 0 0 0 0 0 0 0
23 3352 4 5 3 19 0 0 0 0 0 0 0 0 0 0 0 0 0 0
23 336 40 68 26 178 15 203 8 218 3 222 7 1080 0 0 0 0 0 0
23 3365 40 68 26 178 15 203 8 218 3 222 7 1080 0 0 0 0 0 0
23 3366 32 57 22 149 9 114 5 135 3 222 4 623 0 0 0 0 0 0
23 3369 40 68 26 178 15 203 8 218 3 222 7 1080 0 0 0 0 0 0
23 337 45 80 18 119 11 141 8 251 0 0 0 0 0 0 0 0 0 0
23 3391 15 29 8 51 6 80 0 0 0 0 0 0 0 0 0 0 0 0
23 3399 71 132 20 134 10 126 9 276 3 164 0 0 0 0 0 0 0 0
23 4 2479 4457 1587 10519 1138 15097 596 17137 139 9668 129 20133 19 6014 0 0 0 0
23 42 828 1500 291 1955 202 2672 139 4253 35 2553 14 2110 5 1733 0 0 0 0
23 4231 26 49 25 176 19 267 15 463 4 349 0 0 0 0 0 0 0 0
23 4232 21 39 7 50 0 0 0 0 0 0 0 0 0 0 0 0 0 0
23 4233 32 48 16 108 14 189 6 164 4 275 0 0 0 0 0 0 0 0
23 4234 81 139 18 126 8 100 13 388 0 0 0 0 0 0 0 0 0 0
23 4235 8 7 6 36 3 33 0 0 0 0 0 0 0 0 0 0 0 0
23 4236 42 98 12 79 11 142 9 263 0 0 0 0 0 0 0 0 0 0
23 4237 32 89 18 121 18 228 14 431 0 0 0 0 0 0 0 0 0 0
23 4238 95 197 46 302 27 348 22 653 5 341 0 0 0 0 0 0 0 0
23 4239 78 156 25 168 11 162 4 124 0 0 0 0 0 0 0 0 0 0
23 42393 28 60 13 86 7 105 0 0 0 0 0 0 0 0 0 0 0 0
23 424 318 533 107 722 80 1059 49 1497 13 990 9 1455 4 1412 0 0 0 0
23 4241 13 24 5 32 6 85 5 156 0 0 0 0 0 0 0 0 0 0
23 4243 13 28 3 19 0 0 0 0 0 0 0 0 0 0 0 0 0 0
23 4244 182 295 44 285 42 581 21 615 7 505 6 986 0 0 0 0 0 0
23 4245 4 6 0 0 0 0 0 0 0 0 0 0 0 0 0 0 0 0
23 4247 12 18 6 36 11 139 9 290 0 0 0 0 0 0 0 0 0 0
23 4248 8 17 4 28 4 63 4 116 3 234 3 469 0 0 0 0 0 0
23 4249 50 91 22 146 9 101 4 147 0 0 0 0 0 0 0 0 0 0
23 42491 6 9 8 52 4 44 0 0 0 0 0 0 0 0 0 0 0 0
23 4251 95 145 11 67 9 122 5 199 0 0 0 0 0 0 0 0 0 0
23 4411 143 279 42 290 41 532 55 1823 32 2300 10 1464 0 0 0 0 0 0
23 4412 70 150 29 190 26 309 12 369 0 0 0 0 0 0 0 0 0 0
23 4413 72 197 151 1056 99 1334 22 652 0 0 0 0 0 0 0 0 0 0
23 442 162 349 61 418 28 402 18 492 5 278 0 0 0 0 0 0 0 0
23 443141 22 41 12 70 5 54 3 115 0 0 0 0 0 0 0 0 0 0
23 443142 27 54 33 195 11 141 0 0 0 0 0 0 0 0 0 0 0 0
23 4441 151 313 128 877 81 1076 46 1292 7 436 23 3334 0 0 0 0 0 0
23 44413 47 117 43 287 40 518 16 376 0 0 0 0 0 0 0 0 0 0
23 4442 56 103 33 227 47 597 8 195 0 0 0 0 0 0 0 0 0 0
23 44511 58 92 48 324 71 922 87 2549 35 2680 65 10565 4 1361 0 0 0 0
23 44512 79 110 69 474 43 554 7 168 0 0 0 0 0 0 0 0 0 0
23 4452 100 132 22 137 10 135 8 255 0 0 0 0 0 0 0 0 0 0
23 4453 28 53 21 147 6 78 4 99 0 0 0 0 0 0 0 0 0 0
23 446 96 181 110 757 68 819 48 1168 0 0 0 0 0 0 0 0 0 0
23 44611 23 41 75 545 60 721 41 928 0 0 0 0 0 0 0 0 0 0
23 447 134 284 247 1624 301 4149 63 1697 0 0 0 0 0 0 0 0 0 0
23 4481 136 230 105 708 62 765 44 1423 14 883 0 0 0 0 0 0 0 0
23 44821 24 52 35 220 20 262 3 82 0 0 0 0 0 0 0 0 0 0
23 4483 46 85 17 112 18 250 3 73 0 0 0 0 0 0 0 0 0 0
23 4511 148 265 43 265 42 548 22 699 0 0 0 0 0 0 0 0 0 0
23 45113 27 57 11 62 3 41 3 84 0 0 0 0 0 0 0 0 0 0
23 45114 8 18 4 27 0 0 0 0 0 0 0 0 0 0 0 0 0 0
23 45121 22 43 10 61 4 55 3 81 0 0 0 0 0 0 0 0 0 0
23 45221 0 0 0 0 0 0 0 0 10 749 0 0 0 0 0 0 0 0
23 4523 39 67 108 694 39 525 59 1667 10 704 22 3614 10 2922 0 0 0 0
23 4531 59 99 19 126 0 0 0 0 0 0 0 0 0 0 0 0 0 0
23 45321 3 4 0 0 6 109 5 123 0 0 0 0 0 0 0 0 0 0
23 45322 183 258 38 249 9 108 3 98 0 0 0 0 0 0 0 0 0 0
23 4533 89 138 21 134 14 192 11 348 0 0 0 0 0 0 0 0 0 0
23 4539 221 344 73 445 16 199 16 415 0 0 0 0 0 0 0 0 0 0
23 454110 114 168 30 175 18 247 7 190 0 0 0 0 3 1214 0 0 0 0
23 4542 3 4 0 0 0 0 3 85 0 0 0 0 0 0 0 0 0 0
23 454310 124 258 66 445 39 539 31 847 10 591 0 0 0 0 0 0 0 0
23 45439 70 104 13 81 11 152 0 0 0 0 0 0 0 0 0 0 0 0
23 481 9 10 5 42 0 0 0 0 0 0 0 0 0 0 0 0 0 0
23 482 755 1103 179 1192 129 1766 104 3184 44 2936 20 2902 10 3376 0 0 0 0
23 483 6 5 3 23 0 0 0 0 0 0 0 0 0 0 0 0 0 0
23 484 503 716 73 483 71 982 48 1416 21 1431 6 858 3 954 0 0 0 0
23 485 33 55 24 167 21 295 21 723 5 330 0 0 0 0 0 0 0 0
23 4853 19 31 13 87 10 131 4 108 0 0 0 0 0 0 0 0 0 0
23 486 5 8 3 17 0 0 0 0 0 0 0 0 0 0 0 0 0 0
23 487 53 70 8 48 0 0 0 0 0 0 0 0 0 0 0 0 0 0
23 488 111 177 43 290 16 209 13 378 0 0 3 465 0 0 0 0 0 0
23 492 14 26 3 20 9 118 8 193 12 742 4 614 3 1018 0 0 0 0
23 493 21 36 17 102 7 95 11 380 3 206 3 436 4 1404 0 0 0 0
23 5111 62 105 21 130 15 201 12 404 7 496 0 0 0 0 0 0 0 0
23 51111 19 37 10 72 8 110 6 208 5 354 0 0 0 0 0 0 0 0
23 5112 30 52 7 46 6 87 5 138 0 0 0 0 0 0 0 0 0 0
23 5121 54 75 10 65 10 140 8 234 5 336 0 0 0 0 0 0 0 0
23 5122 6 11 0 0 0 0 0 0 0 0 0 0 0 0 0 0 0 0
23 515 20 40 11 78 7 111 7 214 4 257 0 0 0 0 0 0 0 0
23 517 161 329 56 414 40 586 23 674 7 477 0 0 0 0 0 0 0 0
23 517311 127 266 31 227 22 334 19 576 6 416 0 0 0 0 0 0 0 0
23 5182 36 75 14 96 4 56 8 262 0 0 3 522 0 0 0 0 0 0
23 5191 98 189 19 126 10 129 6 169 0 0 0 0 0 0 0 0 0 0
23 51912 78 147 16 107 8 99 5 137 0 0 0 0 0 0 0 0 0 0
23 51913 17 32 3 19 0 0 0 0 0 0 0 0 0 0 0 0 0 0
23 52 978 2007 493 3254 221 2947 112 3411 41 2594 26 3945 14 4906 3 2239 0 0
23 522 307 771 340 2283 132 1791 66 1965 21 1354 12 1655 7 2321 3 2239 0 0
23 5221 202 575 308 2076 118 1596 60 1786 20 1307 9 1232 0 0 3 2239 0 0
23 5241 82 131 24 155 15 189 15 488 8 466 8 1290 7 2585 0 0 0 0
23 5242 323 639 96 608 48 632 23 661 10 638 3 433 0 0 0 0 0 0
23 53 1536 2096 220 1321 104 1332 33 1064 6 423 0 0 0 0 0 0 0 0
23 531 1427 1922 147 881 66 837 25 834 5 346 0 0 0 0 0 0 0 0
23 5313 349 499 54 347 28 365 16 550 4 281 0 0 0 0 0 0 0 0
23 532 105 165 73 440 38 495 8 230 0 0 0 0 0 0 0 0 0 0
23 5321 15 35 17 106 15 206 5 157 0 0 0 0 0 0 0 0 0 0
23 5411 476 872 119 745 58 776 22 584 4 257 5 611 0 0 0 0 0 0
23 5412 371 644 93 616 47 628 21 584 5 343 0 0 0 0 0 0 0 0
23 5413 419 659 111 744 53 706 33 1064 15 1031 4 575 0 0 0 0 0 0
23 5414 104 144 14 85 5 66 0 0 0 0 0 0 0 0 0 0 0 0
23 5415 302 454 44 303 29 389 20 578 0 0 3 439 0 0 0 0 0 0
23 5416 492 599 53 337 29 417 16 495 3 162 0 0 0 0 0 0 0 0
23 5417 36 67 15 93 5 63 6 204 3 205 0 0 0 0 0 0 0 0
23 5418 101 147 18 123 6 83 8 243 0 0 0 0 0 0 0 0 0 0
23 5419 183 221 62 446 62 823 25 691 3 229 0 0 0 0 0 0 0 0
23 54194 52 74 54 396 57 750 23 625 0 0 0 0 0 0 0 0 0 0
23 55 53 100 34 224 34 471 32 1035 14 974 14 2099 6 2344 0 0 0 0
23 561 1433 2027 289 1891 164 2210 109 3502 55 3869 33 5119 6 1884 0 0 0 0
23 5613 73 109 16 91 20 307 27 868 24 1788 12 1741 0 0 0 0 0 0
23 5614 68 116 18 123 11 149 5 187 6 434 6 852 0 0 0 0 0 0
23 5615 42 81 13 85 10 124 3 123 0 0 0 0 0 0 0 0 0 0
23 5616 45 70 14 90 11 136 8 253 0 0 3 610 0 0 0 0 0 0
23 5617 1042 1383 185 1235 92 1237 52 1644 17 1112 5 747 0 0 0 0 0 0
23 56173 720 893 106 696 42 565 23 673 5 323 3 498 0 0 0 0 0 0
23 562 116 223 48 333 32 459 16 459 4 262 0 0 0 0 0 0 0 0
23 611 269 400 85 568 65 921 58 1747 22 1608 12 1593 6 2104 0 0 6 9604
23 6111 14 25 19 136 19 263 33 1027 17 1307 10 1326 0 0 0 0 0 0
23 621 1147 2064 513 3455 405 5526 256 7786 90 6451 39 5690 6 1818 0 0 0 0
23 6211 293 548 88 600 80 1113 84 2671 29 2083 14 2180 0 0 0 0 0 0
23 6212 102 213 200 1360 122 1626 23 566 0 0 0 0 0 0 0 0 0 0
23 6213 606 1059 144 953 89 1178 22 604 7 483 0 0 0 0 0 0 0 0
23 62131 139 297 38 244 13 149 0 0 0 0 0 0 0 0 0 0 0 0
23 62132 40 94 32 211 26 335 6 162 0 0 0 0 0 0 0 0 0 0
23 6214 82 146 47 311 78 1067 68 2022 27 1943 12 1566 0 0 0 0 0 0
23 6216 22 28 13 90 12 203 38 1341 17 1227 10 1598 3 898 0 0 0 0
23 622 4 12 0 0 0 0 0 0 0 0 8 1562 12 4925 10 7299 9 21549
23 623 170 336 277 1877 213 2782 136 4099 84 5871 55 7793 4 1277 0 0 0 0
23 6231 0 0 3 23 4 55 9 357 40 2908 35 4830 0 0 0 0 0 0
23 6241 238 444 123 855 99 1419 100 3202 40 2786 19 3103 0 0 0 0 0 0
23 6242 49 93 10 68 15 206 7 238 3 214 0 0 0 0 0 0 0 0
23 6243 15 27 7 43 5 81 6 182 0 0 0 0 0 0 0 0 0 0
23 6244 379 621 126 870 94 1235 57 1560 5 312 0 0 0 0 0 0 0 0
23 711 156 194 18 114 9 121 8 240 3 213 0 0 0 0 0 0 0 0
23 7111 31 38 5 29 0 0 5 157 0 0 0 0 0 0 0 0 0 0
23 7112 13 12 0 0 0 0 0 0 0 0 0 0 0 0 0 0 0 0
23 7115 78 85 5 31 0 0 0 0 0 0 0 0 0 0 0 0 0 0
23 712 94 156 19 119 7 90 6 149 3 232 0 0 0 0 0 0 0 0
23 713 347 439 105 710 66 919 51 1519 13 927 9 1190 0 0 0 0 0 0
23 71395 9 26 5 38 6 82 7 211 0 0 0 0 0 0 0 0 0 0
23 721 636 782 133 925 86 1140 73 2254 21 1481 8 988 5 1760 0 0 0 0
23 7211 450 532 84 583 72 965 67 2088 19 1367 8 988 5 1760 0 0 0 0
23 722 1197 1431 581 3953 775 10800 634 18760 132 8343 11 1425 0 0 0 0 0 0
23 7224 57 94 42 266 22 299 10 260 0 0 0 0 0 0 0 0 0 0
23 8111 685 1370 206 1349 59 736 22 635 0 0 0 0 0 0 0 0 0 0
23 811192 42 93 8 54 3 32 3 68 0 0 0 0 0 0 0 0 0 0
23 8112 34 61 8 47 0 0 0 0 0 0 0 0 0 0 0 0 0 0
23 8113 75 114 22 137 9 107 4 140 0 0 0 0 0 0 0 0 0 0
23 8114 116 180 16 102 6 78 9 304 0 0 0 0 0 0 0 0 0 0
23 8121 294 472 97 641 45 567 12 358 3 193 0 0 0 0 0 0 0 0
23 812111 5 7 0 0 3 38 0 0 0 0 0 0 0 0 0 0 0 0
23 812112 201 324 67 462 28 353 6 166 3 193 0 0 0 0 0 0 0 0
23 8122 72 132 31 193 13 177 0 0 0 0 0 0 0 0 0 0 0 0
23 8123 66 157 18 129 12 163 0 0 3 253 0 0 0 0 0 0 0 0
23 8129 153 217 36 240 18 224 10 326 0 0 0 0 0 0 0 0 0 0
23 813 1061 2014 300 1912 124 1606 68 2007 11 718 5 791 0 0 0 0 0 0
23 8131 497 1012 139 857 44 565 26 732 5 331 3 530 0 0 0 0 0 0
23 8139 212 363 42 271 26 353 11 326 0 0 0 0 0 0 0 0 0 0
23 81393 30 62 12 71 7 102 8 223 0 0 0 0 0 0 0 0 0 0
23 814 2556 4717 734 4750 287 3672 127 3822 17 1164 8 1158 0 0 0 0 0 0
24 111 144 223 31 205 9 129 7 213 0 0 0 0 0 0 0 0 0 0
24 112 144 223 31 205 9 129 7 213 0 0 0 0 0 0 0 0 0 0
24 113 36 69 13 81 0 0 0 0 0 0 0 0 0 0 0 0 0 0
24 1133 32 63 12 73 0 0 0 0 0 0 0 0 0 0 0 0 0 0
24 114 26 12 0 0 0 0 0 0 0 0 0 0 0 0 0 0 0 0
24 115 82 142 17 114 6 88 6 192 0 0 0 0 0 0 0 0 0 0
24 211 18 24 11 69 12 184 15 483 0 0 0 0 0 0 0 0 0 0
24 2121 0 0 0 0 0 0 3 102 0 0 0 0 0 0 0 0 0 0
24 2122 9 12 10 62 12 184 15 483 0 0 0 0 0 0 0 0 0 0
24 2123 8 11 9 55 11 173 12 381 0 0 0 0 0 0 0 0 0 0
24 213 8 9 0 0 0 0 0 0 0 0 0 0 0 0 0 0 0 0
24 22 86 129 25 180 23 273 31 982 15 1014 17 2501 5 1860 6 3550 0 0
24 221 86 129 25 180 23 273 31 982 15 1014 17 2501 5 1860 6 3550 0 0
24 2211 69 105 16 109 13 163 24 758 14 943 16 2308 4 1396 5 2831 0 0
24 2212 3 3 3 25 0 0 0 0 0 0 0 0 0 0 0 0 0 0
24 2213 14 21 6 46 8 86 5 171 0 0 0 0 0 0 0 0 0 0
24 22132 3 5 0 0 3 33 0 0 0 0 0 0 0 0 0 0 0 0
24 23 8824 14161 2234 14621 1467 20093 1115 34286 389 26300 202 29431 34 11075 10 6022 5 6236
24 3 1183 2097 510 3378 455 6287 392 12026 194 13552 149 21889 42 14385 17 11921 7 13830
24 31 1183 2097 510 3378 455 6287 392 12026 194 13552 149 21889 42 14385 17 11921 7 13830
24 311 135 231 71 486 69 963 47 1407 21 1474 25 3490 8 2934 0 0 0 0
24 3113 10 24 5 37 5 69 4 102 0 0 0 0 0 0 0 0 0 0
24 3114 0 0 3 20 0 0 0 0 0 0 0 0 0 0 0 0 0 0
24 3115 3 1 3 22 4 50 3 78 3 214 4 490 0 0 0 0 0 0
24 3116 10 23 3 17 4 65 3 111 4 288 3 427 0 0 0 0 0 0
24 3118 76 126 42 286 41 552 23 624 6 417 8 1213 3 1065 0 0 0 0
24 311811 51 93 32 212 24 308 16 396 0 0 0 0 0 0 0 0 0 0
24 3121 48 71 28 200 24 299 20 587 8 587 5 679 0 0 0 0 0 0
24 3131 11 17 0 0 3 43 0 0 0 0 0 0 0 0 0 0 0 0
24 3132 3 4 0 0 0 0 0 0 0 0 0 0 0 0 0 0 0 0
24 3133 7 10 0 0 0 0 0 0 0 0 0 0 0 0 0 0 0 0
24 314 43 82 17 99 13 174 7 199 3 189 0 0 0 0 0 0 0 0
24 31411 8 17 4 28 3 48 3 82 0 0 0 0 0 0 0 0 0 0
24 315 23 27 3 18 4 55 5 164 0 0 0 0 0 0 0 0 0 0
24 316 5 12 0 0 0 0 0 0 0 0 0 0 0 0 0 0 0 0
24 3162 5 12 0 0 0 0 0 0 0 0 0 0 0 0 0 0 0 0
24 3211 4 4 7 46 0 0 7 254 0 0 0 0 0 0 0 0 0 0
24 3212 0 0 0 0 0 0 3 89 5 342 3 401 0 0 0 0 0 0
24 3219 29 49 12 74 18 264 5 182 5 350 0 0 0 0 0 0 0 0
24 32199 12 22 5 31 4 54 0 0 0 0 0 0 0 0 0 0 0 0
24 3221 4 5 0 0 5 68 6 199 5 344 6 840 0 0 0 0 0 0
24 3222 4 5 0 0 5 68 5 154 5 344 6 840 0 0 0 0 0 0
24 32221 0 0 0 0 0 0 0 0 0 0 5 743 0 0 0 0 0 0
24 3231 166 295 62 415 40 561 50 1659 14 1039 11 1472 3 1022 0 0 0 0
24 3241 12 31 14 102 4 61 6 182 0 0 0 0 0 0 0 0 0 0
24 32411 12 31 14 102 4 61 6 182 0 0 0 0 0 0 0 0 0 0
24 325 40 66 18 118 29 438 27 801 15 966 11 1635 7 2412 3 1642 0 0
24 3252 0 0 0 0 3 42 0 0 0 0 0 0 0 0 0 0 0 0
24 3253 9 21 3 17 4 59 6 205 0 0 0 0 0 0 0 0 0 0
24 3254 12 16 6 37 5 82 5 151 3 193 0 0 5 1787 0 0 0 0
24 3255 0 0 0 0 5 76 4 117 0 0 3 529 0 0 0 0 0 0
24 3256 9 16 3 24 3 44 0 0 0 0 0 0 0 0 0 0 0 0
24 3261 22 39 12 77 11 151 16 423 14 1027 10 1614 3 1059 3 2419 0 0
24 3262 4 10 0 0 0 0 0 0 0 0 4 606 0 0 0 0 0 0
24 327 58 96 24 149 28 389 42 1248 16 1120 6 938 0 0 0 0 0 0
24 32711 9 10 3 16 0 0 0 0 0 0 0 0 0 0 0 0 0 0
24 3272 9 13 3 21 3 47 4 143 0 0 0 0 0 0 0 0 0 0
24 3279 6 10 7 44 4 55 6 173 3 206 0 0 0 0 0 0 0 0
24 331 7 13 0 0 5 73 5 152 0 0 0 0 0 0 0 0 0 0
24 3314 7 13 0 0 5 73 5 152 0 0 0 0 0 0 0 0 0 0
24 3315 3 7 0 0 3 45 0 0 0 0 0 0 0 0 0 0 0 0
24 332 146 275 76 513 69 939 48 1450 30 2104 18 2485 0 0 0 0 0 0
24 3321 0 0 0 0 0 0 3 85 0 0 0 0 0 0 0 0 0 0
24 3322 146 275 76 513 69 939 48 1450 30 2104 18 2485 0 0 0 0 0 0
24 3327 76 139 28 183 22 276 18 550 17 1177 0 0 0 0 0 0 0 0
24 3328 15 32 9 56 10 139 4 129 0 0 0 0 0 0 0 0 0 0
24 33299 5 12 6 39 5 75 0 0 0 0 0 0 0 0 0 0 0 0
24 333 53 91 20 139 18 268 18 544 12 785 13 1721 3 1082 0 0 0 0
24 3331 3 3 0 0 0 0 0 0 0 0 0 0 0 0 0 0 0 0
24 3333 6 13 0 0 4 56 0 0 0 0 0 0 0 0 0 0 0 0
24 3335 12 19 4 27 3 45 0 0 0 0 3 395 0 0 0 0 0 0
24 3336 4 7 0 0 0 0 0 0 0 0 0 0 0 0 0 0 0 0
24 334 58 95 27 163 34 453 24 851 16 1153 11 1645 0 0 0 0 0 0
24 3341 6 13 0 0 0 0 0 0 0 0 0 0 0 0 0 0 0 0
24 3345 36 58 11 69 16 227 3 122 7 479 5 666 0 0 0 0 0 0
24 335 18 35 10 72 8 119 3 67 4 276 4 615 0 0 0 0 0 0
24 3352 18 35 10 72 8 119 3 67 4 276 4 615 0 0 0 0 0 0
24 336 34 59 11 69 15 203 10 253 7 438 6 1110 3 992 0 0 0 0
24 33641 4 7 0 0 0 0 0 0 0 0 3 582 0 0 0 0 0 0
24 3365 34 59 11 69 15 203 10 253 7 438 6 1110 3 992 0 0 0 0
24 3366 15 27 4 27 6 71 5 140 0 0 0 0 0 0 0 0 0 0
24 3369 5 7 0 0 0 0 0 0 0 0 0 0 0 0 0 0 0 0
24 337 86 173 37 247 13 173 18 520 8 590 3 557 0 0 0 0 0 0
24 3391 74 137 23 142 14 201 7 213 3 217 3 530 0 0 0 0 0 0
24 3399 101 181 27 178 23 299 15 481 3 212 5 860 0 0 0 0 0 0
24 4 7115 13528 4124 27833 2896 38469 2011 59084 661 47090 494 72495 75 23858 3 1587 0 0
24 42 2644 4459 928 6195 736 9988 619 19158 208 14396 122 17793 32 11258 11 7104 0 0
24 4231 146 254 66 450 65 877 49 1502 10 768 6 823 0 0 0 0 0 0
24 4232 84 154 34 214 28 394 22 633 13 911 4 529 0 0 0 0 0 0
24 4233 96 177 52 370 69 977 77 2272 22 1552 0 0 0 0 0 0 0 0
24 4234 302 492 96 661 59 817 70 2261 25 1685 17 2787 0 0 0 0 0 0
24 4235 45 72 22 154 17 239 15 485 7 475 0 0 0 0 0 0 0 0
24 4236 202 365 77 517 59 751 47 1393 13 934 4 562 3 1067 0 0 0 0
24 4237 181 360 103 667 52 692 33 980 10 730 6 685 0 0 0 0 0 0
24 4238 254 446 108 683 96 1346 70 2190 17 1101 12 1617 0 0 0 0 0 0
24 4239 212 359 54 354 53 701 33 996 9 598 7 1029 0 0 0 0 0 0
24 42393 34 75 16 114 24 335 16 448 4 283 0 0 0 0 0 0 0 0
24 424 748 1233 265 1809 203 2732 185 5841 75 5242 62 9173 17 6350 9 5619 0 0
24 4241 64 111 20 134 19 244 16 484 7 421 7 1132 0 0 0 0 0 0
24 4243 47 75 22 138 13 174 10 311 0 0 0 0 0 0 0 0 0 0
24 4244 287 423 68 490 66 912 74 2453 38 2746 36 5669 13 4756 4 2429 0 0
24 4245 15 28 9 60 0 0 3 82 0 0 0 0 0 0 0 0 0 0
24 4247 18 32 17 106 7 93 7 189 0 0 3 378 0 0 0 0 0 0
24 4248 29 59 11 87 9 125 19 559 7 475 6 674 0 0 0 0 0 0
24 4249 179 318 57 381 46 617 24 755 7 479 4 553 0 0 0 0 0 0
24 42491 28 58 16 109 12 150 3 77 0 0 0 0 0 0 0 0 0 0
24 4251 374 547 51 316 35 462 18 605 7 400 0 0 5 1521 0 0 0 0
24 4411 197 343 61 403 54 757 96 3551 114 7992 80 11444 12 3398 0 0 0 0
24 4412 89 164 35 223 47 596 24 768 4 208 0 0 0 0 0 0 0 0
24 4413 167 360 288 2165 286 3806 67 2107 6 379 0 0 0 0 0 0 0 0
24 442 494 970 138 924 114 1562 99 3077 20 1265 4 660 0 0 0 0 0 0
24 443141 55 98 28 195 9 107 4 147 0 0 0 0 0 0 0 0 0 0
24 443142 116 238 154 998 49 593 11 301 19 1424 10 1124 0 0 0 0 0 0
24 4441 292 641 207 1312 118 1564 83 2376 17 1179 68 11836 4 1181 0 0 0 0
24 44413 79 145 42 258 39 567 31 813 3 223 0 0 0 0 0 0 0 0
24 4442 73 143 46 304 61 832 33 874 5 321 3 346 0 0 0 0 0 0
24 44511 467 690 91 573 112 1649 137 4533 234 18130 169 21776 11 4232 0 0 0 0
24 44512 399 633 159 1109 142 1838 42 1060 0 0 0 0 0 0 0 0 0 0
24 4452 206 369 91 619 67 902 26 732 0 0 0 0 0 0 0 0 0 0
24 4453 808 1701 293 1899 105 1359 30 803 0 0 0 0 0 0 0 0 0 0
24 446 623 1257 497 3333 278 3639 340 8501 8 526 0 0 0 0 0 0 0 0
24 44611 149 329 189 1342 152 1993 277 6396 5 345 0 0 0 0 0 0 0 0
24 447 581 1426 436 2928 230 2950 213 6097 8 479 0 0 0 0 0 0 0 0
24 4481 437 850 413 2883 427 5624 284 8367 97 6326 9 1320 3 850 0 0 0 0
24 44821 92 222 178 1193 161 2146 43 1139 4 234 0 0 0 0 0 0 0 0
24 4483 183 339 129 890 54 689 17 438 0 0 0 0 0 0 0 0 0 0
24 4511 235 405 118 780 80 1119 93 3099 8 509 0 0 0 0 0 0 0 0
24 45113 22 38 12 82 13 207 10 383 0 0 0 0 0 0 0 0 0 0
24 45114 27 58 24 152 12 153 6 187 0 0 0 0 0 0 0 0 0 0
24 45121 57 109 28 169 17 201 16 502 0 0 0 0 0 0 0 0 0 0
24 45221 0 0 0 0 0 0 3 134 32 2428 41 5808 0 0 0 0 0 0
24 4523 113 193 159 1085 123 1674 145 4623 36 2369 83 14496 40 12858 0 0 0 0
24 4531 98 175 42 280 24 304 6 198 0 0 0 0 0 0 0 0 0 0
24 45321 25 49 3 17 24 360 37 943 0 0 0 0 0 0 0 0 0 0
24 45322 163 301 94 678 51 618 19 400 0 0 0 0 0 0 0 0 0 0
24 4533 133 242 69 459 60 802 39 1241 14 962 6 803 0 0 0 0 0 0
24 4539 360 644 191 1271 98 1329 49 1395 3 146 0 0 0 0 0 0 0 0
24 454110 357 529 79 523 49 670 19 595 8 562 3 494 0 0 0 0 0 0
24 4542 34 55 8 51 4 60 6 224 6 418 3 416 0 0 0 0 0 0
24 454310 46 88 29 189 28 402 16 439 4 254 4 477 0 0 0 0 0 0
24 45439 215 294 60 380 24 317 14 420 6 406 0 0 0 0 0 0 0 0
24 481 16 17 3 22 0 0 5 155 0 0 4 525 0 0 0 0 0 0
24 482 2037 3126 497 3356 374 5164 341 10430 129 8811 112 16742 31 10729 15 10111 6 12923
24 483 10 16 8 53 3 45 4 89 0 0 0 0 0 0 0 0 0 0
24 484 1114 1599 185 1234 128 1799 131 4112 45 3000 26 3622 3 1037 0 0 0 0
24 485 316 518 96 678 74 1043 71 2152 27 1726 25 3996 0 0 3 1847 0 0
24 4853 82 108 16 112 8 126 9 268 4 244 0 0 0 0 0 0 0 0
24 486 6 10 0 0 3 31 0 0 0 0 0 0 0 0 0 0 0 0
24 487 29 25 5 34 0 0 0 0 0 0 0 0 0 0 0 0 0 0
24 488 337 603 115 769 84 1127 49 1479 16 1145 12 1699 6 2083 0 0 0 0
24 492 127 174 43 294 43 556 30 873 11 816 22 3492 9 2979 4 2888 0 0
24 493 82 164 41 265 37 540 47 1469 27 1931 22 3255 10 3626 5 3094 0 0
24 5111 113 187 32 194 26 356 13 359 8 565 14 2159 0 0 0 0 0 0
24 51111 26 44 10 62 10 137 7 194 0 0 7 1074 0 0 0 0 0 0
24 5112 89 118 42 279 33 452 37 1147 17 1200 11 1657 0 0 3 2201 0 0
24 5121 172 240 18 130 21 279 33 1110 14 936 3 445 0 0 0 0 0 0
24 5122 46 68 7 52 4 57 0 0 0 0 0 0 0 0 0 0 0 0
24 515 42 77 17 110 18 262 16 573 11 776 11 1708 0 0 0 0 0 0
24 517 606 1094 219 1520 143 1832 72 2296 33 2298 22 3250 5 1957 3 2162 0 0
24 517311 387 588 59 393 54 684 43 1476 28 1960 16 2513 5 1957 0 0 0 0
24 5182 159 290 47 349 47 638 37 1171 27 1870 20 3182 7 2491 0 0 0 0
24 5191 96 168 24 159 16 237 16 501 4 299 4 512 0 0 0 0 0 0
24 51912 8 21 9 57 4 67 4 144 0 0 0 0 0 0 0 0 0 0
24 51913 71 110 14 97 12 170 11 310 3 238 3 403 0 0 0 0 0 0
24 52 4192 7845 1776 11805 791 10421 405 12408 138 9547 87 13327 35 11720 12 8076 7 13888
24 522 1285 2744 1043 7032 444 5801 194 5890 55 3892 30 4667 18 6108 5 3038 3 3769
24 5221 696 1660 806 5449 329 4268 130 3990 32 2219 16 2421 7 2143 0 0 0 0
24 5241 230 383 69 451 59 800 51 1640 32 2231 33 5190 7 2371 3 2132 0 0
24 5242 1451 2760 434 2831 177 2349 82 2421 27 1897 14 2090 7 2170 0 0 0 0
24 53 4859 7352 1079 6961 569 7482 314 9449 72 4870 34 4872 6 2140 0 0 0 0
24 531 4500 6755 896 5758 419 5552 210 6450 53 3629 23 3529 5 1866 0 0 0 0
24 5313 1287 2043 328 2066 163 2155 116 3572 25 1673 11 1691 4 1372 0 0 0 0
24 532 340 573 182 1195 138 1773 97 2789 17 1115 11 1343 0 0 0 0 0 0
24 5321 107 212 78 500 60 723 29 787 7 415 4 416 0 0 0 0 0 0
24 5411 2239 3881 535 3575 246 3296 125 3667 27 1782 16 2301 3 894 0 0 0 0
24 5412 1712 2569 418 2828 210 2796 103 3186 37 2601 29 4150 3 1089 0 0 0 0
24 5413 1265 2035 351 2426 316 4310 279 8563 105 7128 59 8774 22 8165 9 5455 3 4856
24 5414 475 710 59 390 27 352 15 483 4 281 0 0 0 0 0 0 0 0
24 5415 3600 5000 539 3640 427 5841 408 12713 192 13684 135 20610 34 11295 14 10450 4 5021
24 5416 3192 3955 393 2610 259 3501 206 6242 111 7835 50 7717 24 8037 6 4113 4 6969
24 5417 364 584 123 787 106 1482 97 2942 43 3059 46 7475 13 4691 4 2562 4 16658
24 5418 349 527 66 439 52 696 42 1348 16 1024 4 458 0 0 0 0 0 0
24 5419 650 867 199 1308 202 2775 144 4248 24 1653 12 1753 0 0 0 0 0 0
24 54194 138 245 136 912 172 2362 110 3244 16 1074 6 818 0 0 0 0 0 0
24 55 627 1085 128 881 137 1884 143 4315 82 5761 66 10765 16 5253 13 9290 6 14858
24 561 4446 7137 1194 7829 901 12210 773 24186 332 22731 220 32747 79 26452 36 26036 17 45160
24 5613 424 642 92 610 83 1177 143 4583 108 7521 84 12983 35 11641 20 13688 7 22055
24 5614 290 476 92 590 50 667 35 1173 19 1320 11 1577 4 1579 3 2042 0 0
24 5615 191 318 33 217 33 457 18 571 8 539 0 0 0 0 0 0 0 0
24 5616 305 489 98 663 89 1194 87 2832 37 2489 34 5030 19 6256 0 0 3 7277
24 5617 2447 3822 693 4510 465 6229 360 11018 105 7021 48 6752 13 4381 4 3271 3 8855
24 56173 1260 1913 345 2243 226 3021 142 4429 53 3495 16 2200 0 0 0 0 0 0
24 562 196 368 87 594 101 1371 68 2167 20 1367 22 2875 0 0 0 0 0 0
24 611 1064 1756 379 2544 295 3997 269 8485 119 8249 73 11024 21 6962 6 4188 9 38408
24 6111 57 141 52 373 57 828 128 4286 84 5927 54 8131 14 4655 0 0 0 0
24 621 6000 11568 2834 18988 1829 24778 1089 32017 279 18809 112 15928 36 11817 12 8025 4 5900
24 6211 2194 4431 970 6426 626 8582 414 12496 91 5907 39 5561 9 3221 4 2969 3 4806
24 6212 1058 2334 964 6500 476 6171 105 2717 8 514 0 0 0 0 0 0 0 0
24 6213 1667 3073 593 3974 304 4076 126 3571 26 1668 9 1307 4 1547 0 0 0 0
24 62131 284 601 109 693 26 313 5 126 0 0 0 0 0 0 0 0 0 0
24 62132 130 280 99 709 54 735 16 404 0 0 0 0 0 0 0 0 0 0
24 6214 364 594 156 1089 285 4027 262 7425 50 3285 19 2569 6 1897 0 0 0 0
24 6216 285 424 68 468 78 1115 105 3504 76 5446 31 4406 13 3914 0 0 0 0
24 622 3 0 0 0 0 0 0 0 0 0 5 839 9 3109 12 8464 39 100434
24 6222 0 0 0 0 0 0 0 0 0 0 0 0 4 1435 3 2020 0 0
24 623 625 1260 445 3010 232 3028 138 4440 141 10309 234 35004 36 11280 9 5928 3 3601
24 6231 37 36 9 63 16 213 14 475 41 3219 148 22092 13 4177 3 2283 0 0
24 6241 499 830 163 1092 184 2535 172 5350 67 4825 43 6436 19 6221 0 0 0 0
24 6242 103 203 39 254 41 570 35 1080 8 466 3 407 0 0 0 0 0 0
24 6243 46 89 12 85 24 318 20 632 17 1067 14 2280 4 1282 0 0 0 0
24 6244 564 1016 272 1830 331 4556 331 9776 34 2100 11 1481 0 0 0 0 0 0
24 711 426 540 61 406 42 562 37 1136 11 754 10 1277 6 2101 0 0 0 0
24 7111 71 77 10 66 8 115 13 406 7 445 5 643 0 0 0 0 0 0
24 7112 47 70 14 105 18 227 11 284 0 0 0 0 0 0 0 0 0 0
24 7115 199 232 14 89 5 59 0 0 0 0 0 0 0 0 0 0 0 0
24 712 55 102 22 146 17 249 11 405 0 0 4 709 0 0 0 0 0 0
24 713 641 886 232 1578 220 3063 237 7432 107 7564 53 7771 12 4064 0 0 0 0
24 71395 4 10 6 44 17 256 27 819 0 0 0 0 0 0 0 0 0 0
24 721 235 344 93 631 175 2398 203 6127 67 4506 34 5171 7 2441 0 0 3 8602
24 7211 184 270 79 540 166 2278 195 5871 65 4387 32 4836 6 2153 0 0 3 8602
24 722 3656 6276 1963 13206 2215 31223 2734 84992 856 56659 155 19831 6 2079 0 0 0 0
24 7224 221 393 89 585 59 783 64 1872 7 512 0 0 0 0 0 0 0 0
24 8111 1653 3394 664 4323 398 5266 143 4125 21 1263 4 523 0 0 0 0 0 0
24 811192 131 227 35 242 40 561 32 991 10 605 0 0 0 0 0 0 0 0
24 8112 143 244 35 246 17 232 13 381 3 164 3 436 0 0 0 0 0 0
24 8113 171 302 51 328 36 476 27 783 5 349 0 0 0 0 0 0 0 0
24 8114 351 606 70 445 23 294 9 225 3 215 0 0 0 0 0 0 0 0
24 8121 1319 2341 480 3172 427 5580 174 4923 13 838 0 0 0 0 0 0 0 0
24 812111 83 114 14 83 11 146 13 454 0 0 0 0 0 0 0 0 0 0
24 812112 746 1300 294 1992 309 4034 108 3026 11 729 0 0 0 0 0 0 0 0
24 8122 110 216 98 674 68 956 30 880 0 0 0 0 0 0 0 0 0 0
24 8123 463 942 141 909 53 733 46 1360 8 589 8 1210 0 0 0 0 0 0
24 8129 558 895 164 1121 106 1459 49 1483 14 965 0 0 0 0 0 0 0 0
24 813 3329 6508 1109 7168 661 8925 408 12097 126 8800 54 7756 12 4258 4 2812 0 0
24 8131 1974 4050 635 3989 334 4526 240 7274 70 4898 25 3398 4 1477 0 0 0 0
24 8139 533 1035 203 1366 142 1922 83 2405 31 2154 12 1792 4 1352 0 0 0 0
24 81393 78 147 52 364 43 549 26 749 8 584 3 336 0 0 0 0 0 0
24 814 8097 15448 2812 18386 1789 23921 899 26257 195 13285 74 10679 14 5008 4 2812 0 0
25 111 257 346 36 235 24 318 4 101 0 0 0 0 0 0 0 0 0 0
25 112 257 346 36 235 24 318 4 101 0 0 0 0 0 0 0 0 0 0
25 113 26 46 4 24 0 0 0 0 0 0 0 0 0 0 0 0 0 0
25 1133 23 40 3 17 0 0 0 0 0 0 0 0 0 0 0 0 0 0
25 114 141 140 6 41 6 82 0 0 0 0 0 0 0 0 0 0 0 0
25 115 90 160 26 170 16 209 3 68 0 0 0 0 0 0 0 0 0 0
25 211 4 2 0 0 0 0 0 0 0 0 0 0 0 0 0 0 0 0
25 2121 14 28 9 47 12 163 8 241 0 0 0 0 0 0 0 0 0 0
25 2122 14 28 9 47 12 163 8 241 0 0 0 0 0 0 0 0 0 0
25 2123 14 28 9 47 12 163 8 241 0 0 0 0 0 0 0 0 0 0
25 213 9 10 0 0 3 37 0 0 0 0 0 0 0 0 0 0 0 0
25 22 103 150 42 268 61 837 50 1443 31 2019 19 2485 0 0 5 3048 0 0
25 221 103 150 42 268 61 837 50 1443 31 2019 19 2485 0 0 5 3048 0 0
25 2211 62 101 18 104 37 509 31 867 17 1049 12 1586 0 0 5 3048 0 0
25 2212 9 17 11 69 13 171 8 246 11 776 7 899 0 0 0 0 0 0
25 2213 32 32 13 95 11 157 11 330 3 194 0 0 0 0 0 0 0 0
25 22132 3 2 0 0 0 0 0 0 0 0 0 0 0 0 0 0 0 0
25 23 14307 22365 2922 18901 1493 19700 898 27092 278 19238 150 22454 33 11498 13 8792 0 0
25 3 2226 4257 1113 7535 916 12712 1031 32241 477 33587 347 52244 104 35826 36 24439 15 30587
25 31 2226 4257 1113 7535 916 12712 1031 32241 477 33587 347 52244 104 35826 36 24439 15 30587
25 311 199 356 104 700 113 1538 107 3253 49 3343 35 5293 20 6587 3 1924 0 0
25 3113 24 36 12 89 11 146 13 340 3 188 0 0 0 0 0 0 0 0
25 3114 11 19 6 40 4 54 7 199 4 276 0 0 0 0 0 0 0 0
25 3115 15 33 6 46 3 41 3 64 0 0 3 461 3 965 0 0 0 0
25 3116 4 5 5 27 0 0 8 302 0 0 3 538 4 1605 0 0 0 0
25 3118 101 174 54 352 61 825 48 1472 22 1419 18 2581 6 1967 0 0 0 0
25 311811 65 114 35 243 36 476 25 745 7 483 0 0 0 0 0 0 0 0
25 3121 78 108 44 291 30 442 27 816 3 208 7 947 3 1036 0 0 0 0
25 3122 78 108 45 299 30 442 27 816 3 208 7 947 3 1036 0 0 0 0
25 3131 5 6 0 0 0 0 0 0 0 0 0 0 0 0 0 0 0 0
25 3132 8 13 7 48 7 97 8 220 0 0 0 0 0 0 0 0 0 0
25 3133 8 10 6 41 5 61 5 175 7 532 0 0 0 0 0 0 0 0
25 314 75 145 26 164 15 208 18 588 3 246 0 0 0 0 0 0 0 0
25 31411 6 17 0 0 0 0 0 0 0 0 0 0 0 0 0 0 0 0
25 315 44 61 10 68 10 132 4 147 5 359 0 0 0 0 0 0 0 0
25 316 14 26 3 21 0 0 5 156 3 221 3 581 0 0 0 0 0 0
25 3162 3 9 0 0 0 0 0 0 3 221 0 0 0 0 0 0 0 0
25 3211 10 22 5 31 3 45 5 120 0 0 0 0 0 0 0 0 0 0
25 3212 6 8 0 0 0 0 0 0 0 0 0 0 0 0 0 0 0 0
25 3219 71 126 24 153 18 234 23 699 0 0 0 0 0 0 0 0 0 0
25 32199 31 51 6 35 5 68 6 179 0 0 0 0 0 0 0 0 0 0
25 3221 0 0 0 0 0 0 0 0 0 0 3 471 0 0 0 0 0 0
25 3222 17 34 5 31 7 107 30 1025 15 1001 21 3016 0 0 0 0 0 0
25 32221 7 14 0 0 3 43 10 340 4 299 14 2048 0 0 0 0 0 0
25 3231 255 505 103 705 60 793 56 1715 24 1761 14 2065 0 0 0 0 0 0
25 3241 23 42 15 105 5 72 5 144 0 0 3 471 0 0 0 0 0 0
25 32411 23 42 15 105 5 72 5 144 0 0 3 471 0 0 0 0 0 0
25 325 90 184 62 406 40 562 71 2170 47 3519 34 5075 8 2869 4 2742 0 0
25 3252 6 10 4 26 8 105 10 353 9 758 5 835 0 0 0 0 0 0
25 3253 3 9 0 0 0 0 3 94 0 0 0 0 0 0 0 0 0 0
25 3254 32 67 17 110 4 62 13 354 17 1282 16 2346 6 2287 4 2742 0 0
25 3255 15 37 10 57 6 78 15 459 5 345 0 0 0 0 0 0 0 0
25 3256 12 24 8 63 8 104 7 229 3 165 0 0 0 0 0 0 0 0
25 3261 40 54 42 282 38 524 40 1141 25 1737 31 4775 7 2480 0 0 0 0
25 3262 6 12 3 24 3 44 4 126 0 0 0 0 0 0 0 0 0 0
25 32621 0 0 3 24 0 0 0 0 0 0 0 0 0 0 0 0 0 0
25 327 81 160 42 302 46 637 45 1475 13 1013 6 874 3 1135 0 0 0 0
25 32711 9 18 0 0 0 0 0 0 0 0 0 0 0 0 0 0 0 0
25 3272 21 45 5 34 7 89 7 233 5 425 0 0 0 0 0 0 0 0
25 3279 27 59 16 121 12 185 12 432 3 223 0 0 0 0 0 0 0 0
25 331 20 34 19 124 12 175 16 495 12 847 3 371 0 0 0 0 0 0
25 3314 6 13 3 21 0 0 6 209 5 386 0 0 0 0 0 0 0 0
25 3315 9 11 12 83 5 71 4 93 0 0 0 0 0 0 0 0 0 0
25 332 360 728 226 1516 215 2952 221 6934 78 5274 32 4561 7 2561 4 2381 0 0
25 3321 12 34 4 34 13 177 12 352 5 329 5 840 0 0 0 0 0 0
25 3322 10 22 4 28 5 76 9 256 0 0 3 461 0 0 0 0 0 0
25 3327 210 413 115 763 101 1374 93 2961 34 2301 9 1309 0 0 0 0 0 0
25 3328 23 51 26 172 24 336 32 1025 10 682 8 1065 0 0 0 0 0 0
25 33299 27 42 9 67 11 137 9 311 5 334 0 0 0 0 0 0 0 0
25 333 130 280 83 583 79 1130 82 2644 41 2834 29 4575 7 2125 5 3592 0 0
25 3331 6 17 0 0 0 0 3 76 0 0 0 0 0 0 0 0 0 0
25 3333 14 20 10 70 9 116 17 521 3 193 5 954 0 0 0 0 0 0
25 3335 40 78 30 206 23 358 28 884 11 679 3 387 0 0 0 0 0 0
25 3336 7 16 0 0 4 49 5 165 3 203 3 423 0 0 0 0 0 0
25 334 164 281 84 594 73 1016 120 3791 74 5307 55 8491 17 6356 9 6340 9 19205
25 3341 20 28 7 46 3 37 5 143 5 366 4 460 0 0 0 0 0 0
25 3345 68 113 38 275 50 713 60 1954 32 2397 37 5590 9 3342 6 4497 6 12188
25 335 44 99 27 172 24 353 38 1260 21 1510 16 2316 5 1357 0 0 0 0
25 3352 0 0 0 0 0 0 3 107 0 0 0 0 0 0 0 0 0 0
25 336 55 104 22 157 16 215 16 499 12 886 11 1636 0 0 0 0 0 0
25 33641 5 3 0 0 3 48 7 234 4 290 6 804 0 0 0 0 0 0
25 3366 18 35 10 72 6 68 0 0 4 305 0 0 0 0 0 0 0 0
25 3369 9 20 0 0 0 0 0 0 0 0 0 0 0 0 0 0 0 0
25 337 106 229 53 354 37 556 19 585 10 625 3 499 0 0 0 0 0 0
25 3391 121 241 34 231 21 284 22 706 16 1152 18 2761 5 1682 0 0 0 0
25 3399 195 387 62 417 37 512 41 1225 12 784 14 1935 9 3256 0 0 0 0
25 4 10824 20965 5142 34070 3465 45911 2439 70058 695 47854 658 100721 93 32928 4 2566 3 8147
25 42 3402 6203 1460 9698 1038 14082 824 25087 298 21064 186 27493 35 11863 31 21055 10 14390
25 4231 142 246 89 648 104 1391 51 1688 12 910 8 1223 0 0 0 0 0 0
25 4232 100 193 44 302 34 475 27 838 10 662 3 416 0 0 0 0 0 0
25 4233 88 168 95 669 68 953 41 1202 12 790 7 974 0 0 0 0 0 0
25 4234 432 872 160 1073 103 1373 101 3037 38 2755 37 5284 13 4075 8 5819 4 5582
25 4235 54 112 33 210 23 316 16 473 4 250 4 502 0 0 0 0 0 0
25 4236 256 529 140 942 92 1255 97 2893 33 2346 27 4445 5 1722 0 0 0 0
25 4237 106 209 107 702 88 1135 48 1533 9 654 5 582 0 0 0 0 0 0
25 4238 356 670 184 1203 130 1802 101 3065 33 2249 9 1346 3 992 0 0 0 0
25 4239 278 470 88 573 75 1041 43 1203 18 1244 5 677 0 0 0 0 0 0
25 42393 63 121 40 261 20 284 17 469 12 805 0 0 0 0 0 0 0 0
25 424 976 1743 388 2514 272 3720 263 7983 118 8403 77 11407 10 3655 18 11848 5 7362
25 4241 81 154 32 212 21 279 30 1012 15 1020 6 915 0 0 0 0 0 0
25 4243 116 216 35 236 21 327 20 593 10 723 8 1153 0 0 0 0 0 0
25 4244 343 597 145 938 102 1396 113 3344 47 3358 26 3791 4 1690 4 2722 0 0
25 4245 12 21 0 0 0 0 0 0 0 0 0 0 0 0 0 0 0 0
25 4247 34 67 15 103 7 113 12 383 5 328 6 995 0 0 0 0 0 0
25 4248 47 88 18 102 16 216 12 376 6 448 9 1394 0 0 0 0 0 0
25 4249 203 340 65 402 49 632 27 696 13 902 7 1063 0 0 0 0 0 0
25 42491 12 28 8 51 7 96 4 116 3 224 0 0 0 0 0 0 0 0
25 4251 614 991 132 862 49 621 36 1172 11 801 4 637 0 0 0 0 0 0
25 4411 511 849 126 822 49 664 162 5693 146 10040 68 8704 0 0 0 0 0 0
25 4412 99 183 37 249 43 602 25 725 0 0 0 0 0 0 0 0 0 0
25 4413 231 466 297 2111 297 3976 71 1995 8 561 0 0 0 0 0 0 0 0
25 442 600 1195 214 1401 117 1654 80 2716 43 2840 11 1560 0 0 0 0 0 0
25 443141 66 136 31 213 21 295 14 401 4 207 0 0 0 0 0 0 0 0
25 443142 177 373 145 934 47 601 11 374 23 1795 11 1261 0 0 0 0 0 0
25 4441 462 1006 348 2358 252 3347 110 3079 20 1382 79 13469 0 0 0 0 0 0
25 44413 102 198 79 552 85 1127 29 705 3 205 0 0 0 0 0 0 0 0
25 4442 162 249 51 312 69 934 28 767 0 0 0 0 0 0 0 0 0 0
25 44511 482 791 130 839 131 1706 108 3326 130 9586 295 44881 52 20284 0 0 0 0
25 44512 1362 2662 212 1415 103 1279 15 434 0 0 0 0 0 0 0 0 0 0
25 4452 286 500 136 923 92 1206 45 1280 4 256 0 0 0 0 0 0 0 0
25 4453 810 1825 379 2486 195 2476 54 1432 11 687 0 0 0 0 0 0 0 0
25 446 547 1128 446 2975 228 3056 636 15577 12 874 4 608 0 0 0 0 0 0
25 44611 83 155 107 792 159 2163 574 13597 7 554 0 0 0 0 0 0 0 0
25 447 802 1868 717 4531 409 5497 49 1310 3 181 0 0 0 0 0 0 0 0
25 4481 691 1365 465 3230 467 6174 342 10434 147 9468 17 2518 0 0 0 0 0 0
25 44821 89 214 171 1108 151 1964 45 1192 8 459 0 0 0 0 0 0 0 0
25 4483 364 727 137 896 55 692 17 430 0 0 0 0 0 0 0 0 0 0
25 4511 379 677 171 1130 156 2047 115 3728 16 1060 0 0 0 0 0 0 0 0
25 45113 40 78 15 95 18 270 14 390 0 0 0 0 0 0 0 0 0 0
25 45114 34 65 21 150 6 87 9 244 0 0 0 0 0 0 0 0 0 0
25 45121 109 250 53 323 26 321 27 790 4 242 0 0 0 0 0 0 0 0
25 45221 0 0 0 0 0 0 0 0 24 1984 39 5256 6 1986 0 0 0 0
25 4523 153 287 87 613 111 1529 178 5623 25 1774 104 17973 18 5247 0 0 0 0
25 4531 211 370 80 495 22 279 5 142 0 0 0 0 0 0 0 0 0 0
25 45321 26 49 6 45 9 127 62 1724 0 0 0 0 0 0 0 0 0 0
25 45322 301 543 152 1022 45 609 60 1744 11 669 0 0 0 0 0 0 0 0
25 4533 191 396 65 435 50 662 25 833 6 333 0 0 0 0 0 0 0 0
25 4539 674 1146 181 1156 121 1587 55 1482 9 579 0 0 0 0 0 0 0 0
25 454110 559 874 115 783 64 856 25 724 14 1117 13 2065 9 2991 0 0 3 8147
25 4542 40 61 6 35 7 81 3 76 0 0 0 0 0 0 0 0 0 0
25 454310 143 343 115 782 97 1256 53 1455 12 717 0 0 0 0 0 0 0 0
25 45439 297 432 69 448 31 434 19 572 7 476 3 445 0 0 0 0 0 0
25 481 46 74 14 80 7 93 6 166 5 409 0 0 0 0 0 0 3 7317
25 482 2246 3349 630 4193 485 6701 410 12317 168 11395 124 18070 42 14439 14 10211 12 21636
25 483 23 28 7 43 0 0 5 149 0 0 0 0 0 0 0 0 0 0
25 484 1177 1562 225 1522 192 2620 130 3905 55 3768 19 2525 0 0 0 0 0 0
25 485 381 607 120 804 104 1496 124 3840 49 3184 46 6815 21 6706 3 2405 0 0
25 4853 234 356 48 320 39 538 33 1039 7 467 5 807 0 0 0 0 0 0
25 486 3 3 0 0 5 72 0 0 0 0 0 0 0 0 0 0 0 0
25 487 66 48 9 62 4 58 0 0 0 0 3 529 0 0 0 0 0 0
25 488 360 648 159 1032 94 1288 75 2290 19 1237 15 2267 0 0 0 0 0 0
25 492 100 192 44 292 33 468 27 780 19 1337 26 3640 9 3438 0 0 4 6652
25 493 90 187 51 350 45 595 43 1187 18 1251 12 1850 8 2835 5 3276 3 4276
25 5111 170 284 54 364 43 574 51 1633 21 1491 17 2598 7 2635 0 0 0 0
25 51111 42 78 23 153 16 215 20 619 12 876 4 574 0 0 0 0 0 0
25 5112 262 390 77 538 84 1155 99 3243 60 4302 43 7233 18 6619 12 8115 6 12497
25 5121 205 306 53 350 31 443 38 1223 15 975 8 1048 0 0 0 0 0 0
25 5122 46 64 7 46 3 48 0 0 0 0 0 0 0 0 0 0 0 0
25 515 71 163 36 242 33 447 20 605 4 360 8 1511 3 958 0 0 0 0
25 517 742 1409 305 2083 169 2196 76 2266 46 3159 32 4783 9 3309 0 0 0 0
25 517311 477 898 138 888 63 868 54 1673 39 2601 27 4179 8 2903 0 0 0 0
25 5182 221 390 84 571 66 938 67 2089 36 2565 18 2839 10 3330 3 2174 3 4287
25 5191 180 298 45 317 49 638 29 869 17 1209 14 2101 6 2209 5 3430 0 0
25 51912 31 71 16 117 15 186 5 153 3 184 0 0 0 0 0 0 0 0
25 51913 139 215 26 180 29 388 18 555 12 874 14 2101 5 1804 5 3430 0 0
25 52 4913 9056 2405 15698 1117 14919 623 18985 272 18689 173 26852 71 25830 30 20500 22 36529
25 522 1275 2550 1460 9653 542 7242 226 7136 95 6441 56 8698 19 6716 7 5348 7 10655
25 5221 776 1707 1328 8825 429 5612 171 5493 80 5443 45 7044 16 5660 7 5348 7 10655
25 5241 250 412 65 406 69 915 75 2173 40 2773 39 6100 21 7863 8 5047 12 22441
25 5242 1546 3028 500 3232 271 3613 132 3974 47 3210 30 4922 7 2675 3 1759 0 0
25 53 5707 9159 1203 7672 553 7297 268 7930 79 5253 44 6129 11 3459 7 4092 0 0
25 531 5233 8341 896 5758 421 5595 185 5467 67 4395 34 4706 9 2931 7 4092 0 0
25 5313 1471 2414 361 2353 233 3203 95 2805 37 2528 23 3316 7 2377 4 2358 0 0
25 532 455 785 298 1849 127 1620 80 2372 9 688 10 1423 0 0 0 0 0 0
25 5321 156 321 130 810 45 562 30 880 0 0 3 501 0 0 0 0 0 0
25 5411 3307 5804 602 3854 273 3663 138 4210 40 2750 25 3868 6 2085 0 0 0 0
25 5412 1689 2834 538 3592 280 3726 112 3424 31 2028 19 2727 8 2729 0 0 4 6308
25 5413 1595 2709 491 3317 347 4683 225 6766 104 7201 41 6406 13 4368 3 2100 0 0
25 5414 563 912 88 556 24 287 11 319 3 190 0 0 0 0 0 0 0 0
25 5415 2336 3464 424 2853 328 4381 248 7534 110 7689 90 14365 25 9197 9 6852 6 8042
25 5416 2892 3789 392 2558 277 3803 209 6392 86 5988 43 6619 23 8160 7 5024 0 0
25 5417 649 1024 209 1394 187 2591 207 6235 120 8244 64 10190 25 7958 10 7161 13 21526
25 5418 458 766 114 764 75 1029 62 2073 31 2108 12 1740 3 981 0 0 0 0
25 5419 927 1402 243 1700 231 3200 147 4428 25 1848 12 1695 5 1853 0 0 0 0
25 54194 132 260 138 984 158 2221 95 2779 9 638 4 624 3 835 0 0 0 0
25 55 435 751 140 918 152 2147 195 6450 119 8699 93 14910 48 16767 26 17583 18 42991
25 561 7012 9071 1322 8653 867 11746 651 20047 317 22400 249 38492 82 27448 36 25391 19 40390
25 5613 552 840 121 822 128 1833 177 5730 151 10794 127 19684 52 17412 15 9969 11 26433
25 5614 298 525 104 677 47 649 42 1295 13 788 12 2036 5 1589 0 0 0 0
25 5615 320 586 75 489 52 679 24 663 12 834 11 1608 0 0 3 2543 0 0
25 5616 235 416 92 649 48 680 55 1714 28 1962 27 4312 8 2821 8 5405 0 0
25 5617 4844 5375 732 4685 450 5976 256 7718 70 4915 47 7153 6 1978 5 3965 4 6203
25 56173 3392 3374 406 2541 222 2889 98 2978 30 2068 14 1626 0 0 0 0 0 0
25 562 288 551 139 949 96 1307 100 3090 26 1763 17 2648 0 0 0 0 0 0
25 611 1485 2452 581 3930 432 5919 355 10937 174 11915 124 19942 38 13229 16 10644 37 151060
25 6111 65 108 68 473 74 1078 133 4364 92 6428 95 14985 17 5954 0 0 0 0
25 621 5263 9751 2847 18898 1952 26065 1177 34986 378 25719 246 36403 61 19826 17 11001 12 19327
25 6211 1460 2690 739 4856 536 7233 393 11566 97 6295 42 6503 17 5680 3 2313 7 13461
25 6212 1068 2294 1235 8304 746 9702 157 4107 10 634 0 0 0 0 0 0 0 0
25 6213 1899 3426 586 3838 310 4031 107 3086 29 1932 13 2202 0 0 0 0 0 0
25 62131 555 1146 124 764 21 251 0 0 0 0 0 0 0 0 0 0 0 0
25 62132 216 473 108 710 46 597 14 355 0 0 0 0 0 0 0 0 0 0
25 6214 246 466 151 995 187 2599 284 8459 86 5770 58 8496 12 4036 6 3392 0 0
25 6216 180 266 60 391 97 1406 154 5232 131 9123 110 15846 18 5675 5 3500 3 3802
25 622 5 6 0 0 0 0 3 139 4 257 20 3793 20 7675 23 16802 48 169675
25 6222 0 0 0 0 0 0 0 0 0 0 8 1310 9 3579 4 2681 0 0
25 623 357 667 744 5384 952 12225 326 10171 263 19629 306 48202 41 13598 5 3488 0 0
25 6231 52 41 17 133 28 365 35 1260 116 8854 221 35423 19 5771 0 0 0 0
25 6241 624 1107 333 2256 349 4830 358 10671 166 11596 100 14402 18 6000 6 4128 0 0
25 6242 169 336 97 656 74 1017 57 1704 20 1480 12 1742 0 0 0 0 0 0
25 6243 48 100 41 280 45 632 51 1557 17 1249 18 2500 0 0 0 0 0 0
25 6244 745 1314 400 2747 528 7291 488 14394 59 3588 17 2645 0 0 0 0 0 0
25 711 555 754 93 583 47 650 50 1517 20 1287 17 2264 5 1740 0 0 0 0
25 7111 125 182 29 183 17 244 17 503 8 458 4 475 0 0 0 0 0 0
25 7112 14 12 0 0 3 33 3 85 0 0 0 0 3 1092 0 0 0 0
25 7115 259 298 24 145 5 70 4 129 0 0 0 0 0 0 0 0 0 0
25 712 162 287 53 341 32 461 27 859 7 430 10 1580 0 0 0 0 0 0
25 713 1055 1487 410 2670 399 5365 354 10905 120 8182 81 11983 10 3667 3 1804 0 0
25 71395 16 19 15 98 15 206 24 709 5 328 0 0 0 0 0 0 0 0
25 721 530 635 112 748 127 1696 201 6486 65 4400 58 8329 21 7078 6 3565 0 0
25 7211 426 487 92 622 112 1504 197 6382 64 4339 58 8329 21 7078 6 3565 0 0
25 722 5380 9472 3196 21732 3661 51489 3586 110030 911 59843 177 23342 11 3688 0 0 0 0
25 7224 304 628 173 1137 107 1443 79 2422 33 2214 6 738 0 0 0 0 0 0
25 8111 2511 5131 892 5835 366 4749 109 3140 20 1216 0 0 0 0 0 0 0 0
25 811192 249 440 77 507 51 676 22 661 4 248 0 0 0 0 0 0 0 0
25 8112 132 244 45 300 15 188 12 380 5 368 3 411 0 0 0 0 0 0
25 8113 203 354 59 376 33 430 15 457 4 244 0 0 0 0 0 0 0 0
25 8114 305 545 78 506 28 353 7 187 0 0 0 0 0 0 0 0 0 0
25 8121 2582 4619 961 6281 512 6784 179 4739 9 631 5 806 0 0 0 0 0 0
25 812111 94 124 19 115 4 61 3 75 0 0 0 0 0 0 0 0 0 0
25 812112 1417 2548 589 3916 351 4601 102 2833 9 631 4 665 0 0 0 0 0 0
25 8122 312 655 113 774 60 784 20 603 0 0 0 0 0 0 0 0 0 0
25 8123 610 1295 192 1207 80 1056 34 920 14 918 8 1182 0 0 0 0 0 0
25 8129 889 1496 284 1865 182 2459 102 2868 23 1439 5 563 3 1081 0 0 0 0
25 813 3582 6870 1451 9492 793 10476 359 10934 101 6640 37 5859 8 2629 0 0 0 0
25 8131 1514 3170 758 4861 398 5256 172 5313 42 2690 11 1918 0 0 0 0 0 0
25 8139 873 1505 230 1509 122 1610 56 1646 18 1324 6 952 0 0 0 0 0 0
25 81393 239 387 109 737 60 779 22 603 7 580 0 0 0 0 0 0 0 0
25 814 11126 21209 4075 26636 2069 27279 837 24228 178 11594 61 9185 16 5260 3 1511 0 0
26 111 458 715 97 626 32 425 27 832 7 480 5 858 0 0 0 0 0 0
26 112 458 715 97 626 32 425 27 832 7 480 5 858 0 0 0 0 0 0
26 113 255 440 54 363 22 287 19 588 0 0 0 0 0 0 0 0 0 0
26 1133 236 424 51 348 21 273 18 562 0 0 0 0 0 0 0 0 0 0
26 114 21 24 3 20 0 0 0 0 0 0 0 0 0 0 0 0 0 0
26 115 182 251 40 243 10 138 6 187 6 410 5 858 0 0 0 0 0 0
26 211 37 69 14 85 7 99 7 223 3 222 0 0 0 0 0 0 0 0
26 2121 61 78 30 190 19 258 13 357 5 366 3 403 0 0 0 0 0 0
26 2123 60 77 30 190 19 258 12 329 5 366 0 0 0 0 0 0 0 0
26 213 60 116 24 170 19 248 9 271 4 288 0 0 0 0 0 0 0 0
26 22 154 269 44 312 61 818 67 2166 37 2537 29 4209 11 3696 8 5159 0 0
26 221 154 269 44 312 61 818 67 2166 37 2537 29 4209 11 3696 8 5159 0 0
26 2211 94 163 26 180 32 400 46 1379 34 2344 23 3320 11 3696 7 4682 0 0
26 2212 20 34 7 53 19 272 15 557 3 193 6 889 0 0 0 0 0 0
26 2213 40 72 11 79 10 146 6 230 0 0 0 0 0 0 0 0 0 0
26 22132 8 19 3 22 0 0 3 128 0 0 0 0 0 0 0 0 0 0
26 23 13242 19964 3136 20602 1798 24081 1107 32917 300 20217 141 20693 32 10378 9 5277 3 3949
26 3 3919 7288 2017 13638 1961 27271 2011 62450 1049 73966 896 138158 295 100314 111 73964 51 116749
26 31 3919 7288 2017 13638 1961 27271 2011 62450 1049 73966 896 138158 295 100314 111 73964 51 116749
26 311 278 475 140 965 137 1869 98 2948 61 4383 51 7615 24 7772 7 4224 3 4056
26 3113 28 52 13 94 8 103 5 178 0 0 3 498 0 0 0 0 0 0
26 3114 17 32 15 107 11 163 7 197 14 1028 13 2055 4 1221 3 2051 0 0
26 3115 13 6 4 26 5 78 4 117 6 378 11 1465 6 1946 0 0 0 0
26 3116 26 38 9 59 18 234 13 379 7 439 6 916 3 822 0 0 0 0
26 3118 122 243 76 528 69 931 35 993 17 1169 10 1312 0 0 0 0 0 0
26 311811 88 175 59 411 46 621 21 598 0 0 0 0 0 0 0 0 0 0
26 3121 114 185 60 394 58 810 59 1714 13 898 10 1426 6 1976 0 0 0 0
26 3122 4 6 0 0 0 0 0 0 0 0 0 0 0 0 0 0 0 0
26 3131 11 29 5 28 3 41 3 125 0 0 0 0 0 0 0 0 0 0
26 3132 4 11 0 0 0 0 0 0 0 0 0 0 0 0 0 0 0 0
26 3133 5 15 4 19 0 0 0 0 0 0 0 0 0 0 0 0 0 0
26 314 81 147 28 188 21 304 15 412 0 0 5 730 0 0 0 0 0 0
26 31411 3 5 0 0 0 0 0 0 0 0 3 480 0 0 0 0 0 0
26 315 54 85 9 56 8 108 0 0 0 0 0 0 0 0 0 0 0 0
26 316 10 22 3 27 0 0 0 0 0 0 0 0 0 0 0 0 0 0
26 3162 10 22 3 27 0 0 0 0 0 0 0 0 0 0 0 0 0 0
26 3211 51 88 16 117 17 238 23 695 11 728 0 0 0 0 0 0 0 0
26 3212 4 5 0 0 8 114 13 419 9 688 7 1101 0 0 0 0 0 0
26 3219 107 165 53 375 64 887 54 1614 21 1349 10 1408 0 0 0 0 0 0
26 32199 50 89 21 155 23 305 19 536 5 323 0 0 0 0 0 0 0 0
26 3221 3 0 0 0 0 0 0 0 5 368 8 1184 4 1366 0 0 0 0
26 3222 10 26 6 47 19 272 24 834 30 2159 19 2699 6 1797 0 0 0 0
26 32221 4 11 3 23 10 142 16 560 19 1408 17 2328 6 1797 0 0 0 0
26 3231 403 800 148 969 109 1445 65 2039 31 2215 23 3684 5 1676 0 0 0 0
26 3241 17 22 6 38 9 134 12 358 4 244 0 0 0 0 0 0 0 0
26 325 89 162 58 409 59 833 84 2522 50 3734 37 5482 11 3753 5 3070 6 9983
26 3252 9 14 8 64 8 109 23 733 9 704 6 932 0 0 0 0 0 0
26 3253 5 8 0 0 4 57 3 81 0 0 0 0 0 0 0 0 0 0
26 3254 11 16 5 34 8 119 10 294 4 283 8 1221 6 1910 0 0 0 0
26 3255 14 24 10 76 14 191 17 488 11 814 9 1356 0 0 3 1908 0 0
26 3256 19 34 14 89 10 145 5 141 4 308 0 0 0 0 0 0 0 0
26 3261 86 174 62 428 55 762 98 3259 93 6655 93 15536 31 10087 7 4232 5 5856
26 3262 16 38 9 63 16 230 12 379 11 843 12 2062 6 1999 0 0 0 0
26 32621 0 0 0 0 4 55 5 177 0 0 0 0 0 0 0 0 0 0
26 327 120 180 95 633 84 1170 89 2474 23 1547 14 2237 3 1263 3 2497 0 0
26 32711 8 11 0 0 0 0 0 0 0 0 0 0 0 0 0 0 0 0
26 327120 0 0 0 0 0 0 4 142 0 0 0 0 0 0 0 0 0 0
26 3272 12 15 0 0 0 0 6 157 5 356 6 951 0 0 0 0 0 0
26 3279 26 49 19 132 20 280 22 604 7 476 4 640 0 0 0 0 0 0
26 331 53 94 23 171 24 357 46 1524 38 2827 34 5191 15 5349 4 2652 3 4568
26 3313 3 10 0 0 0 0 7 234 3 238 10 1565 4 1299 0 0 0 0
26 3314 9 20 3 18 3 44 3 90 0 0 4 504 0 0 0 0 0 0
26 3315 20 36 15 118 16 243 26 861 19 1374 14 2116 9 3416 3 2090 0 0
26 332 862 1722 570 3885 550 7717 510 15965 248 17287 160 22608 26 8645 9 5747 0 0
26 3321 24 36 18 111 19 269 27 903 24 1816 19 2701 5 1580 3 1790 0 0
26 3322 22 54 10 71 16 222 19 542 3 188 0 0 0 0 0 0 0 0
26 3327 452 934 280 1908 260 3599 205 6245 82 5723 57 8019 9 2755 3 1781 0 0
26 3328 84 175 69 483 82 1169 85 2778 65 4517 31 4354 0 0 0 0 0 0
26 33299 129 213 56 379 65 890 43 1422 17 1128 13 1892 0 0 0 0 0 0
26 333 521 985 335 2263 367 5152 411 13032 189 13278 125 18720 31 11276 9 6166 0 0
26 3331 12 13 10 68 14 186 11 396 5 368 5 762 3 1264 0 0 0 0
26 33311 7 7 6 39 5 73 4 154 0 0 0 0 0 0 0 0 0 0
26 3333 26 40 10 65 9 131 14 467 6 422 7 1186 0 0 0 0 0 0
26 3335 283 570 185 1233 205 2861 230 7316 99 6943 52 7764 9 3126 3 1934 0 0
26 3336 5 5 7 47 5 69 10 360 7 473 12 1706 4 1557 0 0 0 0
26 334 113 192 53 353 51 661 69 2038 25 1704 30 5128 4 1235 4 2528 0 0
26 3341 16 19 0 0 6 72 4 110 3 210 0 0 0 0 0 0 0 0
26 3345 46 91 34 232 23 306 32 951 12 785 15 2527 0 0 3 1961 0 0
26 335 83 146 36 247 24 322 37 1137 18 1291 22 3332 5 1730 3 2107 0 0
26 3352 5 8 0 0 0 0 0 0 0 0 0 0 0 0 0 0 0 0
26 336 143 260 68 462 84 1197 152 4729 97 6689 175 28536 96 33142 51 34725 26 76447
26 33641 11 20 0 0 7 86 4 116 6 319 12 2125 5 1983 0 0 0 0
26 3366 8 10 3 21 0 0 6 173 0 0 3 552 3 1114 0 0 0 0
26 3369 18 28 7 41 0 0 7 216 5 326 4 692 0 0 0 0 0 0
26 337 137 267 81 523 46 640 53 1554 32 2357 35 5371 10 3151 0 0 3 7178
26 3391 146 297 45 290 34 484 25 833 18 1244 11 1711 6 2027 0 0 0 0
26 3399 403 716 104 676 112 1499 54 1683 19 1263 10 1698 0 0 0 0 0 0
26 4 14647 29039 8615 57544 5556 74019 3205 90763 785 54323 685 102069 182 50166 3 1788 0 0
26 42 4933 8706 2017 13550 1581 21779 1237 37620 425 29272 216 32440 57 19906 12 8310 8 11315
26 4231 394 699 223 1550 156 2139 144 4285 67 4594 44 6337 11 3656 5 3449 6 8002
26 4232 115 196 71 484 43 607 37 1102 10 660 3 439 0 0 0 0 0 0
26 4233 120 216 102 714 119 1611 72 2149 12 814 4 766 0 0 0 0 0 0
26 4234 442 776 128 835 101 1401 88 2825 29 2101 15 2199 3 893 0 0 0 0
26 4235 109 219 54 350 57 800 54 1618 35 2449 13 1878 0 0 0 0 0 0
26 4236 280 533 154 1016 94 1273 82 2374 36 2434 13 1834 3 863 0 0 0 0
26 4237 224 484 159 1058 108 1427 71 2149 21 1404 9 1244 0 0 0 0 0 0
26 4238 709 1333 388 2619 347 4752 230 7225 86 6018 33 5370 0 0 0 0 0 0
26 4239 414 755 118 756 90 1266 58 1700 18 1362 0 0 0 0 0 0 0 0
26 42393 94 198 58 375 34 495 37 1052 9 691 0 0 0 0 0 0 0 0
26 424 1207 2160 496 3322 397 5543 370 11287 99 6717 78 11822 29 10543 0 0 0 0
26 4241 89 159 47 321 31 417 30 909 5 338 0 0 0 0 0 0 0 0
26 4243 74 128 17 122 16 214 11 362 6 429 6 884 3 1078 0 0 0 0
26 4244 343 583 107 733 100 1425 131 4087 35 2354 34 5311 11 3713 0 0 0 0
26 4245 40 77 26 157 19 260 11 312 3 207 0 0 0 0 0 0 0 0
26 4247 62 132 51 336 29 371 32 947 3 203 3 485 0 0 0 0 0 0
26 4248 30 46 7 47 10 136 26 792 11 731 14 2217 4 1587 0 0 0 0
26 4249 334 561 119 806 108 1530 59 1760 14 860 5 732 5 2143 0 0 0 0
26 42491 53 93 39 267 53 799 16 461 4 253 0 0 0 0 0 0 0 0
26 4251 919 1335 124 846 69 960 31 906 12 719 0 0 3 1107 3 2080 0 0
26 4411 601 986 174 1153 123 1741 249 8289 207 14736 99 13731 8 2608 0 0 0 0
26 4412 221 387 106 695 92 1227 70 1990 13 872 5 566 0 0 0 0 0 0
26 4413 580 1178 708 5072 518 7076 122 3198 5 310 0 0 0 0 0 0 0 0
26 442 651 1385 279 1889 204 2786 146 4458 27 1648 5 709 0 0 0 0 0 0
26 443141 103 217 52 337 47 702 32 858 0 0 0 0 0 0 0 0 0 0
26 443142 332 777 205 1327 45 522 13 327 28 1967 12 1361 0 0 0 0 0 0
26 4441 635 1399 502 3312 447 5826 163 4348 18 1207 147 22496 0 0 0 0 0 0
26 44413 175 410 169 1110 195 2586 69 1744 0 0 0 0 0 0 0 0 0 0
26 4442 268 491 146 987 165 2095 34 980 0 0 0 0 0 0 0 0 0 0
26 44511 451 968 216 1520 332 4885 362 11188 189 13252 168 22818 9 2402 0 0 0 0
26 44512 469 889 203 1363 114 1445 9 217 0 0 0 0 0 0 0 0 0 0
26 4452 508 890 192 1241 119 1571 49 1407 8 592 0 0 0 0 0 0 0 0
26 4453 1189 2723 389 2392 57 670 9 272 0 0 0 0 0 0 0 0 0 0
26 446 1447 3011 1026 6813 467 6365 588 14867 17 1097 4 644 0 0 0 0 0 0
26 44611 458 1084 506 3497 271 3806 485 11553 0 0 0 0 0 0 0 0 0 0
26 447 1469 3639 1151 7606 778 9621 176 4256 9 605 3 451 0 0 0 0 0 0
26 4481 862 1642 680 4724 569 7365 281 8559 90 5743 12 1529 0 0 0 0 0 0
26 44821 147 342 276 1797 142 1863 46 1182 4 219 0 0 0 0 0 0 0 0
26 4483 327 647 176 1183 86 1058 12 275 0 0 0 0 0 0 0 0 0 0
26 4511 503 890 230 1533 202 2905 203 6214 21 1328 6 830 0 0 0 0 0 0
26 45113 60 128 23 130 21 316 35 1208 3 168 0 0 0 0 0 0 0 0
26 45114 31 69 19 121 10 141 20 555 0 0 0 0 0 0 0 0 0 0
26 45121 96 200 46 297 18 235 27 833 3 181 0 0 0 0 0 0 0 0
26 45221 0 0 0 0 0 0 8 331 53 4045 48 6587 3 929 0 0 0 0
26 4523 389 615 724 4704 333 4676 260 7086 45 3398 153 27170 151 40760 0 0 0 0
26 4531 223 435 121 804 24 297 12 327 3 217 0 0 0 0 0 0 0 0
26 45321 33 58 21 131 56 836 27 641 0 0 0 0 0 0 0 0 0 0
26 45322 286 512 189 1305 84 1060 21 520 0 0 3 402 0 0 0 0 0 0
26 4533 262 499 84 560 141 1974 85 2437 6 395 0 0 0 0 0 0 0 0
26 4539 1325 2223 375 2507 175 2317 91 2443 4 217 0 0 0 0 0 0 0 0
26 454110 591 906 157 1047 96 1249 66 1877 18 1172 9 1167 3 1057 0 0 0 0
26 4542 61 117 10 72 11 151 12 427 4 303 0 0 0 0 0 0 0 0
26 454310 109 270 84 560 45 592 11 327 0 0 0 0 0 0 0 0 0 0
26 45439 509 743 93 613 66 909 21 629 4 224 0 0 0 0 0 0 0 0
26 481 44 81 7 48 21 299 10 253 13 895 9 1526 0 0 0 0 3 11284
26 482 4339 6027 822 5480 738 10300 635 19560 246 16769 182 27777 40 12840 17 11672 7 17857
26 483 14 18 3 18 0 0 6 183 0 0 0 0 0 0 0 0 0 0
26 484 3161 4102 418 2802 348 4889 320 9851 115 7726 80 12247 9 2870 4 2507 0 0
26 485 204 276 49 311 42 575 57 1798 23 1623 10 1327 0 0 0 0 0 0
26 4853 81 118 18 107 8 95 5 145 0 0 0 0 0 0 0 0 0 0
26 486 33 56 22 136 15 200 3 102 0 0 0 0 0 0 0 0 0 0
26 487 39 44 3 19 3 31 0 0 0 0 0 0 0 0 0 0 0 0
26 488 559 986 199 1334 175 2362 119 3600 32 2163 25 3975 5 1618 3 2125 0 0
26 492 115 171 45 306 59 853 44 1388 27 1905 26 3931 11 3482 0 0 0 0
26 493 170 293 76 506 73 1064 76 2385 35 2374 30 4481 12 3911 6 3885 0 0
26 5111 180 311 71 475 41 593 48 1437 18 1205 9 1283 3 918 0 0 0 0
26 51111 70 142 38 263 28 405 30 896 11 774 4 479 0 0 0 0 0 0
26 5112 109 161 42 274 50 758 50 1522 16 1078 14 2286 7 2710 3 2429 0 0
26 5121 203 291 50 332 41 647 49 1660 22 1649 4 486 0 0 0 0 0 0
26 5122 53 80 6 41 7 107 0 0 0 0 0 0 0 0 0 0 0 0
26 515 68 117 37 261 41 553 32 1066 18 1273 11 1390 0 0 0 0 0 0
26 517 1098 2086 383 2608 247 3455 120 3717 42 2936 33 5043 7 2558 0 0 0 0
26 517311 535 979 107 743 94 1435 91 2932 32 2285 24 3855 7 2558 0 0 0 0
26 5182 249 380 78 525 58 765 48 1445 20 1382 20 3069 10 2992 0 0 0 0
26 5191 339 398 51 344 30 383 18 495 4 291 4 650 0 0 0 0 0 0
26 51912 11 19 8 49 11 136 4 86 0 0 0 0 0 0 0 0 0 0
26 51913 99 132 20 144 10 119 13 362 0 0 3 518 0 0 0 0 0 0
26 52 7114 13670 3419 21859 1234 15975 598 17909 187 12867 133 19417 51 17112 26 17770 18 32493
26 522 1836 3851 2113 13614 679 8594 290 8581 91 6303 69 10199 21 7093 10 7064 10 17580
26 5221 864 2038 1870 11976 594 7423 231 6848 73 5117 47 7026 12 4019 6 4248 3 3780
26 5241 371 632 99 645 98 1338 82 2640 42 2917 34 5133 20 6925 14 9231 5 9644
26 5242 2868 5693 865 5513 297 3949 145 4301 36 2397 20 2800 9 2738 0 0 3 5269
26 53 6117 9695 1460 9339 616 8133 292 8654 72 4909 40 6305 7 2289 5 3287 0 0
26 531 5370 8358 985 6208 409 5330 211 6252 51 3599 29 4591 7 2289 5 3287 0 0
26 5313 1483 2179 336 2197 189 2478 90 2595 36 2549 20 3272 6 1771 5 3287 0 0
26 532 703 1278 462 3052 195 2639 77 2259 20 1234 10 1536 0 0 0 0 0 0
26 5321 156 282 112 730 84 1123 25 722 8 488 6 865 0 0 0 0 0 0
26 5411 3095 5188 649 4166 339 4478 175 5341 48 3311 23 3326 0 0 0 0 0 0
26 5412 2294 3739 707 4777 323 4417 152 4523 49 3519 31 4893 8 2449 3 2038 0 0
26 5413 1604 2394 491 3285 308 4261 261 8193 119 8357 72 11247 20 6796 5 3261 4 27203
26 5414 528 761 92 591 41 540 18 573 5 311 0 0 0 0 0 0 0 0
26 5415 1858 2576 362 2424 256 3495 226 6879 78 5341 38 5787 19 6259 9 6583 3 3595
26 5416 2580 3210 353 2286 227 3065 159 4723 67 4588 31 4385 17 5766 10 7296 0 0
26 5417 148 265 56 372 41 517 60 1996 23 1687 18 2679 8 2911 9 5430 6 16843
26 5418 540 815 102 670 94 1291 59 1782 28 1929 11 1608 7 2126 0 0 0 0
26 5419 1565 2181 455 3009 370 5015 178 5023 38 2478 14 2038 4 1692 0 0 0 0
26 54194 252 558 252 1735 289 3932 117 3297 22 1321 4 531 0 0 0 0 0 0
26 55 507 925 208 1423 205 2779 235 7461 124 8804 120 19092 59 20437 43 30252 21 33494
26 561 6410 8788 1470 9682 993 13439 837 26480 442 30893 340 51340 131 46319 69 47101 33 124733
26 5613 649 936 153 997 149 2080 235 7733 208 14764 199 30116 91 32719 39 26482 27 114031
26 5614 492 698 138 879 76 984 52 1712 26 1945 18 2874 6 1891 3 2184 0 0
26 5615 239 432 52 325 29 382 16 511 5 331 4 472 0 0 0 0 0 0
26 5616 260 450 94 620 68 985 60 1932 30 2077 31 4768 10 3848 7 4478 0 0
26 5617 3816 4766 801 5310 493 6666 302 9124 96 6362 41 6185 16 5379 10 6908 0 0
26 56173 2474 2747 439 2876 220 2922 107 3139 32 2099 13 1740 5 1852 0 0 0 0
26 562 364 677 152 1027 113 1588 91 2810 39 2796 16 2101 5 1817 0 0 0 0
26 611 1101 1733 392 2649 352 4772 316 9806 128 8536 67 9423 16 5529 14 11027 7 16530
26 6111 74 155 45 303 94 1305 157 5152 79 5184 43 6138 6 2056 0 0 0 0
26 621 8650 16166 4771 32103 3233 43003 1624 47630 452 30854 234 34680 45 15327 15 10036 8 18417
26 6211 3308 6195 1511 10218 1105 14979 674 19795 175 11742 86 12414 16 5453 8 5441 0 0
26 6212 1068 2379 1668 11420 1025 13123 202 5259 11 688 0 0 0 0 0 0 0 0
26 6213 2946 5380 1047 6866 516 6751 151 4175 36 2388 8 1285 0 0 0 0 0 0
26 62131 924 1913 296 1925 76 968 13 348 0 0 0 0 0 0 0 0 0 0
26 62132 266 608 181 1185 101 1271 19 518 0 0 0 0 0 0 0 0 0 0
26 6214 396 722 214 1402 297 4061 255 7858 67 4496 38 5438 6 1886 0 0 0 0
26 6216 623 962 194 1347 193 2775 256 7936 111 7738 76 11425 13 4144 3 1881 0 0
26 622 0 0 0 0 0 0 0 0 12 987 44 7093 36 13309 28 19072 56 156666
26 6222 0 0 0 0 0 0 0 0 0 0 4 657 6 2084 0 0 0 0
26 623 909 1837 904 6405 810 10537 468 14635 262 18717 272 40271 51 16363 3 2256 0 0
26 6231 53 101 30 227 43 613 38 1248 101 7616 206 30736 33 10228 0 0 0 0
26 6241 896 1460 304 2015 248 3506 280 8676 131 9239 67 10186 11 3659 3 2267 0 0
26 6242 181 352 89 622 79 1113 66 1970 17 1228 5 852 0 0 0 0 0 0
26 6243 59 101 34 234 30 414 51 1485 31 2317 30 4095 3 1064 0 0 0 0
26 6244 816 1460 290 1953 370 5171 315 8972 29 1956 3 346 0 0 0 0 0 0
26 711 560 778 97 620 44 578 29 895 13 953 11 1607 6 2307 3 1589 0 0
26 7111 92 153 29 183 10 124 8 243 0 0 5 696 0 0 0 0 0 0
26 7112 43 36 0 0 5 54 4 146 6 413 0 0 0 0 0 0 0 0
26 7115 252 315 18 113 5 68 0 0 0 0 0 0 0 0 0 0 0 0
26 712 104 167 27 176 24 293 13 372 9 572 7 957 0 0 0 0 0 0
26 713 1298 1611 379 2497 399 5570 317 9483 86 5979 60 9417 9 3019 0 0 0 0
26 71395 49 93 26 192 61 867 67 2038 10 595 0 0 0 0 0 0 0 0
26 721 839 1182 194 1267 356 5016 362 10739 68 4815 46 6905 6 2224 7 4844 7 14706
26 7211 548 813 145 954 315 4473 337 10006 64 4529 45 6780 6 2224 7 4844 7 14706
26 722 5180 8207 3307 22647 4222 59639 4823 146291 1281 83802 177 23754 7 2220 4 1986 0 0
26 7224 547 1114 387 2538 206 2785 152 4594 24 1524 0 0 0 0 0 0 0 0
26 8111 3494 6944 1364 8931 545 7151 136 3900 28 1706 7 971 0 0 0 0 0 0
26 811192 292 476 139 933 99 1284 46 1322 13 752 0 0 0 0 0 0 0 0
26 8112 252 443 62 413 37 472 12 305 0 0 4 651 0 0 0 0 0 0
26 8113 503 853 154 1010 86 1198 60 1847 6 416 7 920 0 0 0 0 0 0
26 8114 808 1103 120 781 33 422 8 239 3 206 0 0 0 0 0 0 0 0
26 8121 1822 3164 737 4901 415 5364 143 3924 6 354 4 601 0 0 0 0 0 0
26 812111 95 152 37 228 8 88 4 133 0 0 0 0 0 0 0 0 0 0
26 812112 1146 2065 536 3640 310 4028 107 2960 5 288 0 0 0 0 0 0 0 0
26 8122 299 680 188 1283 116 1551 47 1272 5 285 0 0 0 0 0 0 0 0
26 8123 508 1077 162 1035 89 1136 31 897 14 1001 16 2364 0 0 0 0 0 0
26 8129 877 1332 204 1327 135 1808 53 1583 15 1110 4 555 0 0 0 0 0 0
26 813 5295 10855 2246 14570 998 12944 590 17350 139 9550 56 7990 7 2247 3 1963 0 0
26 8131 3278 7197 1519 9884 648 8387 380 11054 90 6459 29 4041 4 1103 0 0 0 0
26 8139 909 1581 331 2143 190 2466 110 3282 28 1767 8 1067 0 0 0 0 0 0
26 81393 251 461 196 1292 123 1577 65 1989 20 1221 3 396 0 0 0 0 0 0
26 814 13858 26451 5237 34251 2454 32046 1080 31317 217 14692 98 14052 9 3005 7 4178 0 0
27 111 392 608 96 600 45 536 21 628 3 173 0 0 0 0 0 0 0 0
27 112 392 608 96 600 45 536 21 628 3 173 0 0 0 0 0 0 0 0
27 113 105 191 44 287 24 281 4 120 0 0 0 0 0 0 0 0 0 0
27 1133 93 173 43 281 22 257 4 120 0 0 0 0 0 0 0 0 0 0
27 114 18 31 4 25 0 0 0 0 0 0 0 0 0 0 0 0 0 0
27 115 269 386 48 288 20 244 16 473 0 0 0 0 0 0 0 0 0 0
27 211 77 132 27 172 15 193 10 285 6 382 0 0 3 1113 0 0 0 0
27 2121 55 103 24 153 15 193 10 285 4 280 0 0 3 1113 0 0 0 0
27 2122 0 0 0 0 0 0 0 0 0 0 0 0 3 1113 0 0 0 0
27 2123 54 99 24 153 14 174 8 248 4 280 0 0 0 0 0 0 0 0
27 213 21 27 3 19 0 0 0 0 0 0 0 0 0 0 0 0 0 0
27 22 124 290 58 405 64 950 62 1973 19 1435 19 3262 8 2858 3 1851 0 0
27 221 124 290 58 405 64 950 62 1973 19 1435 19 3262 8 2858 3 1851 0 0
27 2211 85 213 42 282 46 684 52 1683 16 1257 12 2239 8 2858 3 1851 0 0
27 2212 18 50 10 79 12 177 4 138 0 0 7 1023 0 0 0 0 0 0
27 2213 21 27 6 44 6 89 6 152 0 0 0 0 0 0 0 0 0 0
27 22132 8 13 0 0 3 46 0 0 0 0 0 0 0 0 0 0 0 0
27 23 12373 17066 2204 14269 1139 15347 753 22634 221 15183 126 19141 30 10099 10 6973 3 7737
27 3 2489 4468 1181 7946 1002 13804 1069 33925 574 40678 461 70281 163 57163 62 41944 29 46139
27 31 2489 4468 1181 7946 1002 13804 1069 33925 574 40678 461 70281 163 57163 62 41944 29 46139
27 311 172 313 111 709 103 1375 97 3079 71 4882 68 11123 25 9219 12 7535 6 8325
27 3113 11 19 10 66 3 51 3 77 0 0 3 518 4 1500 0 0 0 0
27 3114 11 18 7 42 8 110 6 171 8 519 8 1356 4 1572 0 0 0 0
27 3115 7 16 5 25 7 101 7 231 13 917 14 2188 4 1157 0 0 0 0
27 3116 30 60 27 170 12 162 5 182 8 527 7 1230 7 2766 5 3212 5 7055
27 3118 48 85 31 210 31 397 32 918 14 1041 13 2099 0 0 0 0 0 0
27 311811 33 63 24 161 25 322 24 647 4 267 0 0 0 0 0 0 0 0
27 3121 53 86 44 295 43 566 42 1155 7 476 3 496 0 0 0 0 0 0
27 3122 53 86 44 295 43 566 42 1155 7 476 3 496 0 0 0 0 0 0
27 3131 7 14 4 25 0 0 3 90 4 246 0 0 0 0 0 0 0 0
27 3133 4 6 3 19 0 0 0 0 0 0 0 0 0 0 0 0 0 0
27 314 67 126 26 175 13 169 6 220 3 199 0 0 0 0 0 0 0 0
27 31411 10 17 7 50 4 52 0 0 0 0 0 0 0 0 0 0 0 0
27 315 31 42 5 34 4 41 5 156 7 398 0 0 0 0 0 0 0 0
27 316 18 27 0 0 0 0 3 103 0 0 0 0 0 0 0 0 0 0
27 3162 3 7 0 0 0 0 0 0 0 0 0 0 0 0 0 0 0 0
27 3211 18 32 4 25 7 100 5 173 0 0 0 0 0 0 0 0 0 0
27 3212 5 7 5 28 0 0 8 243 6 388 5 826 0 0 0 0 0 0
27 3219 126 207 49 339 43 601 33 1082 14 891 13 1981 0 0 0 0 0 0
27 32199 64 95 22 159 14 176 10 325 4 265 6 996 0 0 0 0 0 0
27 3221 3 3 0 0 0 0 0 0 0 0 4 853 0 0 0 0 0 0
27 3222 10 15 8 54 11 159 18 546 19 1433 15 2240 0 0 0 0 0 0
27 32221 3 2 3 20 6 92 11 323 12 927 11 1723 0 0 0 0 0 0
27 3231 258 520 110 741 85 1164 79 2510 39 2804 34 5268 15 5112 4 2624 0 0
27 3241 6 8 0 0 0 0 0 0 0 0 3 468 0 0 0 0 0 0
27 32411 6 8 0 0 0 0 0 0 0 0 3 468 0 0 0 0 0 0
27 325 76 143 37 251 24 326 71 2382 32 2301 17 2633 5 1391 0 0 0 0
27 3252 3 8 0 0 0 0 12 375 3 224 4 523 0 0 0 0 0 0
27 3253 9 20 7 45 0 0 5 154 0 0 0 0 0 0 0 0 0 0
27 3254 12 13 4 21 5 61 6 211 7 478 8 1307 3 871 0 0 0 0
27 3255 11 24 7 48 0 0 10 328 5 332 0 0 0 0 0 0 0 0
27 3256 19 36 5 34 5 73 7 219 5 383 0 0 0 0 0 0 0 0
27 3261 54 84 36 246 29 397 52 1708 30 2119 39 5724 10 3079 0 0 0 0
27 3262 9 19 11 74 8 117 12 430 8 578 0 0 0 0 0 0 0 0
27 32621 0 0 0 0 3 45 0 0 0 0 0 0 0 0 0 0 0 0
27 327 126 254 87 569 46 670 45 1379 19 1358 7 1039 3 997 0 0 0 0
27 32711 6 8 0 0 0 0 0 0 0 0 0 0 0 0 0 0 0 0
27 327120 0 0 0 0 0 0 3 91 0 0 0 0 0 0 0 0 0 0
27 3272 9 19 5 40 5 77 0 0 0 0 3 407 0 0 0 0 0 0
27 3279 25 54 11 68 7 98 13 382 5 438 0 0 0 0 0 0 0 0
27 331 10 15 11 70 8 111 11 313 15 1124 11 1527 8 2791 0 0 0 0
27 3315 3 5 6 35 6 83 6 161 13 972 8 1018 5 1761 0 0 0 0
27 332 519 917 244 1691 250 3447 247 7742 105 7359 76 10761 15 5326 5 3792 0 0
27 3321 8 11 12 84 6 88 17 593 18 1247 7 942 0 0 0 0 0 0
27 3322 9 20 6 31 0 0 0 0 4 282 3 534 0 0 0 0 0 0
27 3327 280 478 107 753 115 1625 101 3083 37 2521 23 3503 4 1276 0 0 0 0
27 3328 28 69 37 253 23 321 25 751 8 510 12 1426 0 0 0 0 0 0
27 33299 87 161 25 173 20 253 23 745 9 633 3 399 0 0 0 0 0 0
27 333 206 398 113 768 108 1532 121 3813 80 5822 59 9243 20 6912 10 6637 0 0
27 3331 33 61 12 68 13 175 20 598 13 980 8 1325 0 0 4 2696 0 0
27 33311 25 44 10 57 9 126 11 296 6 463 0 0 0 0 0 0 0 0
27 3333 14 27 8 51 8 115 5 125 6 502 0 0 0 0 0 0 0 0
27 3335 68 154 26 173 33 485 28 910 14 938 5 741 3 1007 0 0 0 0
27 3336 3 3 5 30 5 73 3 93 4 229 3 446 3 919 0 0 0 0
27 334 72 120 41 287 36 490 50 1599 35 2656 29 4620 21 7403 8 4795 10 14899
27 3341 9 13 3 21 0 0 4 139 0 0 0 0 0 0 0 0 0 0
27 3345 28 45 13 84 16 208 22 715 14 1163 14 2256 10 3411 5 2994 8 12499
27 335 37 81 16 107 16 224 18 567 12 842 14 2179 5 1952 3 2460 0 0
27 336 56 86 21 135 22 310 31 1015 12 870 14 2013 8 2684 4 2810 3 3406
27 33641 9 11 6 46 0 0 8 301 3 206 0 0 0 0 0 0 0 0
27 3366 4 6 0 0 3 53 0 0 0 0 0 0 0 0 0 0 0 0
27 3369 9 10 0 0 3 39 4 137 0 0 0 0 0 0 0 0 0 0
27 337 198 352 79 528 55 733 48 1659 13 838 14 1918 4 1486 0 0 0 0
27 3391 104 213 46 301 37 528 29 910 23 1660 23 3577 6 2242 3 1904 0 0
27 3399 248 386 67 445 49 689 34 1005 14 1042 7 1083 7 2542 0 0 0 0
27 4 6951 13263 4502 30104 3502 47060 2145 62182 585 39718 442 66329 108 33355 12 7274 0 0
27 42 3678 6399 1378 9250 1142 15491 887 27462 317 21806 156 22802 30 9872 10 6806 9 25026
27 4231 141 246 70 492 70 972 70 2228 20 1387 11 1582 0 0 0 0 0 0
27 4232 99 196 45 307 30 413 26 785 9 641 5 689 0 0 0 0 0 0
27 4233 91 187 59 394 66 946 59 1999 20 1344 5 625 0 0 0 0 0 0
27 4234 351 638 108 721 91 1279 74 2331 43 2829 23 3344 4 1324 0 0 3 13029
27 4235 46 84 22 155 20 265 13 403 12 897 3 367 0 0 0 0 0 0
27 4236 205 378 96 662 68 923 54 1622 36 2393 6 1138 0 0 0 0 3 8330
27 4237 121 242 70 456 48 628 39 1240 17 1084 6 911 0 0 0 0 0 0
27 4238 441 824 262 1763 197 2570 206 6119 51 3641 25 3731 0 0 0 0 0 0
27 4239 298 508 95 642 76 1025 35 1102 11 802 4 483 0 0 0 0 0 0
27 42393 61 106 34 235 30 410 16 534 4 323 0 0 0 0 0 0 0 0
27 424 1056 1937 436 2893 399 5437 279 8682 89 6221 64 9398 17 5548 7 5205 0 0
27 4241 105 223 29 187 33 448 30 886 13 835 4 608 0 0 0 0 0 0
27 4243 72 118 21 143 17 222 7 206 3 214 3 502 0 0 0 0 0 0
27 4244 240 377 85 586 64 869 63 2044 30 2068 26 3890 9 3194 5 3664 0 0
27 4245 148 318 75 489 58 770 44 1364 3 211 4 592 0 0 0 0 0 0
27 4247 44 83 23 164 27 375 19 573 4 307 0 0 0 0 0 0 0 0
27 4248 13 22 7 49 17 249 15 571 9 720 6 853 0 0 0 0 0 0
27 4249 297 540 129 825 119 1638 58 1700 17 1156 11 1613 0 0 0 0 0 0
27 42491 108 222 69 447 76 1045 38 1119 9 556 5 703 0 0 0 0 0 0
27 4251 829 1159 115 765 77 1033 32 951 9 567 4 534 0 0 0 0 0 0
27 4411 318 538 90 610 87 1246 133 4521 111 7719 65 8913 4 1074 0 0 0 0
27 4412 150 311 92 611 85 1120 56 1626 6 383 0 0 0 0 0 0 0 0
27 4413 309 694 348 2437 303 4114 64 1792 4 258 0 0 0 0 0 0 0 0
27 442 416 841 205 1359 126 1797 66 2063 21 1353 0 0 0 0 0 0 0 0
27 443141 79 176 52 332 35 443 8 220 0 0 0 0 0 0 0 0 0 0
27 443142 122 253 93 639 23 291 12 301 15 1097 12 1413 0 0 0 0 0 0
27 4441 461 949 373 2466 262 3475 111 3054 16 1260 79 12684 0 0 0 0 0 0
27 44413 153 304 125 835 125 1689 59 1477 0 0 0 0 0 0 0 0 0 0
27 4442 171 276 77 525 75 981 36 1018 3 265 0 0 0 0 0 0 0 0
27 44511 234 397 107 736 156 2222 154 5015 179 12574 120 16227 15 5701 8 4868 0 0
27 44512 127 217 22 143 7 99 0 0 0 0 0 0 0 0 0 0 0 0
27 4452 151 280 136 945 117 1550 29 777 3 179 0 0 0 0 0 0 0 0
27 4453 283 609 330 2240 183 2299 51 1562 4 251 0 0 0 0 0 0 0 0
27 446 430 932 378 2437 217 2961 265 7365 18 1172 6 783 0 0 0 0 0 0
27 44611 77 164 121 800 123 1731 224 6058 9 547 3 371 0 0 0 0 0 0
27 447 396 900 540 3653 703 9456 465 12068 9 531 4 534 0 0 0 0 0 0
27 4481 420 889 400 2685 369 4804 197 5796 59 3547 5 720 0 0 0 0 0 0
27 44821 89 231 139 917 74 1013 34 1004 4 241 0 0 0 0 0 0 0 0
27 4483 140 284 114 747 26 312 14 415 0 0 0 0 0 0 0 0 0 0
27 4511 358 676 190 1261 150 2089 111 3417 24 1693 9 1614 0 0 0 0 0 0
27 45113 40 74 25 168 22 316 15 428 4 248 0 0 0 0 0 0 0 0
27 45114 30 63 20 135 11 140 5 140 0 0 0 0 0 0 0 0 0 0
27 45121 37 72 13 74 14 194 18 585 0 0 0 0 0 0 0 0 0 0
27 45221 0 0 0 0 0 0 0 0 43 3083 23 2786 4 1191 0 0 0 0
27 4523 161 268 203 1283 94 1373 108 3161 20 1372 99 17843 78 23204 0 0 0 0
27 4531 176 352 58 373 18 214 8 210 0 0 0 0 0 0 0 0 0 0
27 45321 29 52 8 50 42 535 6 116 0 0 0 0 0 0 0 0 0 0
27 45322 163 270 89 617 38 496 18 477 4 226 0 0 0 0 0 0 0 0
27 4533 133 252 85 608 53 667 70 2488 15 789 0 0 0 0 0 0 0 0
27 4539 518 969 152 1000 102 1397 44 1246 0 0 0 0 0 0 0 0 0 0
27 454110 503 754 86 558 75 974 32 898 16 1071 12 1870 3 849 0 0 0 0
27 4542 50 72 5 29 3 39 7 209 3 207 0 0 0 0 0 0 0 0
27 454310 64 144 55 377 25 316 7 179 0 0 0 0 0 0 0 0 0 0
27 45439 462 605 62 392 39 567 18 509 4 244 0 0 0 0 0 0 0 0
27 481 22 34 4 23 6 78 6 179 0 0 5 756 0 0 0 0 0 0
27 482 3048 4425 595 3974 510 7005 466 14259 195 13415 113 17384 39 12620 11 7839 6 13973
27 483 7 14 0 0 0 0 0 0 3 214 0 0 0 0 0 0 0 0
27 484 2274 3151 312 2069 257 3551 185 5510 75 5053 33 5086 13 3958 0 0 0 0
27 485 164 271 68 457 62 878 117 3660 56 3893 39 6093 7 2298 0 0 0 0
27 4853 52 81 16 105 4 55 10 259 9 574 0 0 0 0 0 0 0 0
27 486 32 62 10 61 13 174 5 136 0 0 0 0 0 0 0 0 0 0
27 487 19 12 3 19 0 0 0 0 0 0 0 0 0 0 0 0 0 0
27 488 343 599 119 806 106 1472 73 2147 19 1275 9 1573 3 992 0 0 0 0
27 492 90 104 37 254 38 500 46 1634 22 1555 13 1868 6 2008 3 2525 0 0
27 493 97 178 41 279 27 342 33 955 18 1272 14 2008 8 2593 0 0 0 0
27 5111 175 321 103 693 59 836 47 1392 18 1252 8 1148 5 1778 0 0 0 0
27 51111 74 169 71 485 36 532 32 1002 6 409 3 368 0 0 0 0 0 0
27 5112 84 153 33 230 30 413 32 990 15 1018 27 4112 6 2253 4 2275 0 0
27 5121 195 223 35 217 53 699 41 1211 12 772 3 392 0 0 0 0 0 0
27 5122 35 56 4 22 0 0 0 0 0 0 0 0 0 0 0 0 0 0
27 515 43 86 34 225 42 590 32 992 9 617 5 881 3 1200 0 0 0 0
27 517 524 991 209 1391 137 1793 64 1906 35 2439 19 2689 5 2195 0 0 0 0
27 517311 329 589 81 551 62 852 48 1495 32 2201 13 1859 4 1806 0 0 0 0
27 5182 139 220 47 328 37 519 31 906 24 1662 10 1704 7 2623 4 2746 0 0
27 5191 158 233 23 165 20 270 8 283 6 418 0 0 0 0 0 0 0 0
27 51912 8 21 3 24 0 0 0 0 0 0 0 0 0 0 0 0 0 0
27 51913 96 148 13 93 11 154 6 215 4 288 0 0 0 0 0 0 0 0
27 52 5872 10391 1766 11592 1005 13424 510 15017 168 11694 126 19324 32 10899 26 18345 33 56872
27 522 951 1957 885 6058 663 8868 296 8364 73 4898 49 7790 8 3005 13 10096 10 17347
27 5221 429 1003 746 5176 585 7825 250 7018 50 3316 31 4905 4 1436 10 7980 9 16380
27 5241 344 623 89 565 57 761 54 1618 26 1801 36 5485 12 3816 6 4138 13 24407
27 5242 2650 4689 534 3320 158 2114 88 2658 39 2849 20 3203 10 3271 4 2102 6 10360
27 53 5829 7602 787 5038 355 4609 200 6006 86 5819 38 6159 5 1550 0 0 0 0
27 531 5429 6964 619 3932 245 3221 155 4660 68 4610 32 5335 0 0 0 0 0 0
27 5313 1220 1793 245 1581 113 1511 79 2393 30 2163 23 3893 0 0 0 0 0 0
27 532 371 604 160 1054 102 1281 41 1237 14 976 3 487 0 0 0 0 0 0
27 5321 97 173 50 313 31 380 13 374 4 277 0 0 0 0 0 0 0 0
27 5411 1764 2865 391 2528 193 2520 111 3430 35 2347 14 2183 7 2416 0 0 0 0
27 5412 1418 2215 401 2647 196 2598 69 2082 33 2250 15 2487 5 1843 6 3953 0 0
27 5413 1023 1382 268 1819 174 2319 143 4341 51 3460 35 5472 13 4593 3 1881 0 0
27 5414 600 750 61 391 29 429 15 400 4 228 0 0 0 0 0 0 0 0
27 5415 2431 2849 232 1488 142 1874 133 4048 56 3834 41 6323 12 4203 3 1581 3 5797
27 5416 2685 2894 232 1517 130 1829 100 3016 46 3039 19 2706 3 1026 5 3100 0 0
27 5417 161 242 52 349 33 431 31 909 11 740 13 1952 0 0 3 2198 0 0
27 5418 549 754 105 683 84 1114 59 1729 20 1473 15 2150 6 1757 0 0 0 0
27 5419 1238 1559 261 1763 262 3687 112 3094 18 1250 8 1113 0 0 0 0 0 0
27 54194 151 288 153 1048 212 2983 78 2086 8 555 0 0 0 0 0 0 0 0
27 55 358 693 178 1218 170 2352 207 6691 107 7792 103 15121 50 17351 15 10121 21 67943
27 561 4573 6285 970 6417 633 8593 515 15748 275 19112 167 25551 57 20447 24 15448 18 49200
27 5613 436 626 99 674 90 1264 151 4835 130 9270 80 12079 36 12958 15 10226 13 38911
27 5614 312 519 71 472 49 635 40 1251 26 1818 26 4050 9 3038 0 0 0 0
27 5615 204 327 59 376 20 267 16 474 6 399 3 462 0 0 0 0 0 0
27 5616 132 235 40 275 40 566 25 788 20 1520 17 2698 0 0 0 0 0 0
27 5617 2817 3542 540 3559 323 4356 203 5896 61 3991 27 4175 5 1527 4 2105 0 0
27 56173 1724 1916 271 1765 119 1597 88 2522 20 1282 8 1196 0 0 0 0 0 0
27 562 307 569 130 880 93 1264 62 1790 18 1316 11 1513 0 0 0 0 0 0
27 611 830 1298 307 2107 313 4310 293 9301 145 9971 50 7030 16 5466 7 5044 15 29366
27 6111 70 138 48 322 84 1179 136 4657 98 6819 37 5379 4 1072 0 0 0 0
27 621 4006 7013 1883 12736 1454 19444 908 27741 331 22062 216 31488 47 16737 13 8491 0 0
27 6211 629 1000 249 1699 240 3242 292 8881 109 7104 68 9579 12 4297 5 3448 0 0
27 6212 550 1209 706 4874 542 7103 134 3705 6 380 0 0 0 0 0 0 0 0
27 6213 2249 3804 612 3986 255 3438 85 2458 15 985 7 962 0 0 0 0 0 0
27 62131 991 1931 280 1783 69 893 9 271 0 0 0 0 0 0 0 0 0 0
27 62132 165 359 110 721 52 693 22 544 0 0 0 0 0 0 0 0 0 0
27 6214 232 465 174 1181 216 2795 135 4243 85 5648 55 7908 12 4098 0 0 0 0
27 6216 211 301 94 639 123 1778 189 6008 94 6398 76 11489 19 6827 3 2129 0 0
27 622 0 0 0 0 3 35 5 195 19 1398 39 6085 34 11981 28 19684 27 84335
27 6222 0 0 0 0 0 0 0 0 5 298 0 0 0 0 0 0 0 0
27 623 757 1445 1768 12151 1018 13038 480 15048 281 20161 204 29568 46 15648 6 3403 0 0
27 6231 34 59 17 113 22 300 49 1720 98 7008 112 16274 22 7628 0 0 0 0
27 6241 934 1614 363 2417 286 3980 247 7680 107 7188 79 11994 21 7007 7 4386 3 11324
27 6242 222 410 78 514 75 1038 52 1581 13 829 7 1055 0 0 0 0 0 0
27 6243 88 158 21 149 42 602 75 2417 32 2180 39 5463 5 1676 3 2043 0 0
27 6244 493 720 179 1228 350 5113 372 11004 23 1370 5 685 0 0 0 0 0 0
27 711 695 840 105 688 50 681 34 935 15 1131 9 1660 6 2189 5 3767 0 0
27 7111 151 229 42 270 24 328 13 359 6 495 4 908 0 0 0 0 0 0
27 7112 57 51 9 58 0 0 4 92 0 0 0 0 0 0 3 1870 0 0
27 7115 301 296 17 120 11 149 5 158 0 0 0 0 0 0 0 0 0 0
27 712 126 240 39 267 23 307 14 433 3 229 0 0 3 1295 0 0 0 0
27 713 1010 1486 337 2181 216 2902 219 6798 66 4450 67 10424 16 5851 0 0 0 0
27 71395 32 61 19 131 18 271 32 1112 7 416 0 0 0 0 0 0 0 0
27 721 676 832 139 935 242 3392 261 8036 67 4813 47 7135 13 4561 4 3099 3 6249
27 7211 457 587 110 750 220 3119 244 7515 66 4765 47 7135 13 4561 4 3099 3 6249
27 722 2631 4077 1800 12447 2496 35491 2813 85366 723 47686 124 16372 8 2511 0 0 0 0
27 7224 320 646 273 1866 163 2144 88 2607 17 1047 4 535 0 0 0 0 0 0
27 8111 1903 3663 727 4768 319 4118 106 3106 24 1671 3 401 0 0 0 0 0 0
27 811192 84 113 31 236 24 320 22 694 14 980 0 0 0 0 0 0 0 0
27 8112 126 201 24 161 17 246 13 344 3 239 0 0 0 0 0 0 0 0
27 8113 321 518 101 650 45 626 19 532 9 602 0 0 0 0 0 0 0 0
27 8114 409 594 58 366 18 227 3 87 0 0 0 0 0 0 0 0 0 0
27 8121 1537 2514 669 4467 369 4831 141 3917 20 1321 3 315 0 0 0 0 0 0
27 812111 43 48 4 29 0 0 3 94 0 0 0 0 0 0 0 0 0 0
27 812112 880 1346 359 2494 242 3141 87 2452 17 1119 0 0 0 0 0 0 0 0
27 8122 267 542 106 682 41 499 5 109 0 0 0 0 0 0 0 0 0 0
27 8123 152 356 74 455 42 544 30 866 5 365 7 868 3 858 0 0 0 0
27 8129 626 836 153 1034 125 1761 62 1730 13 860 0 0 0 0 0 0 0 0
27 813 3888 7898 1518 9980 874 11852 507 15187 115 7678 38 5486 9 2914 0 0 0 0
27 8131 2220 4827 1022 6679 461 6238 264 8027 67 4446 27 3692 4 1335 0 0 0 0
27 8139 606 1118 165 1049 138 1848 60 1873 20 1394 4 803 0 0 0 0 0 0
27 81393 99 200 74 495 77 1005 30 907 8 552 3 618 0 0 0 0 0 0
27 814 9229 17122 3430 22563 1850 24704 886 25878 190 12814 55 7840 16 4985 0 0 0 0
28 111 346 630 165 1094 90 1178 35 1029 4 245 0 0 0 0 0 0 0 0
28 112 346 630 165 1094 90 1178 35 1029 4 245 0 0 0 0 0 0 0 0
28 113 179 356 140 938 74 947 22 616 0 0 0 0 0 0 0 0 0 0
28 1133 157 312 134 902 71 913 22 616 0 0 0 0 0 0 0 0 0 0
28 114 10 8 0 0 3 44 0 0 0 0 0 0 0 0 0 0 0 0
28 115 157 266 25 156 13 187 12 378 3 199 0 0 0 0 0 0 0 0
28 211 41 64 7 46 7 88 7 206 0 0 0 0 0 0 0 0 0 0
28 2122 15 35 6 39 10 126 5 185 0 0 0 0 0 0 0 0 0 0
28 2123 15 35 6 39 9 114 3 108 0 0 0 0 0 0 0 0 0 0
28 213 141 202 21 138 13 169 14 414 6 408 8 1168 0 0 0 0 0 0
28 22 283 687 137 851 58 805 60 1944 29 1983 13 1994 0 0 0 0 0 0
28 221 283 687 137 851 58 805 60 1944 29 1983 13 1994 0 0 0 0 0 0
28 2211 62 156 32 219 31 437 49 1559 25 1750 12 1860 0 0 0 0 0 0
28 2212 11 27 7 47 12 171 5 169 0 0 0 0 0 0 0 0 0 0
28 2213 210 504 98 585 15 197 6 216 3 175 0 0 0 0 0 0 0 0
28 22132 5 11 3 18 0 0 0 0 0 0 0 0 0 0 0 0 0 0
28 23 2328 4010 679 4473 435 5907 284 8581 89 6116 38 5554 5 2048 0 0 5 7934
28 3 631 1229 321 2172 292 4036 326 10359 195 13871 189 27904 67 22905 33 21851 18 44574
28 31 631 1229 321 2172 292 4036 326 10359 195 13871 189 27904 67 22905 33 21851 18 44574
28 311 61 105 32 221 27 360 25 799 8 526 15 2248 13 4687 9 6228 5 8447
28 3113 4 7 0 0 0 0 0 0 0 0 0 0 0 0 0 0 0 0
28 3116 16 26 9 64 4 46 6 197 0 0 3 431 6 2395 8 5679 5 8447
28 3118 27 47 15 97 10 131 6 181 0 0 0 0 0 0 0 0 0 0
28 311811 23 41 14 89 5 57 3 77 0 0 0 0 0 0 0 0 0 0
28 3121 9 21 3 20 3 43 4 127 0 0 0 0 0 0 0 0 0 0
28 3122 9 21 3 20 3 43 4 127 0 0 0 0 0 0 0 0 0 0
28 3131 5 11 0 0 3 46 0 0 3 218 0 0 0 0 0 0 0 0
28 3132 0 0 0 0 0 0 0 0 3 218 0 0 0 0 0 0 0 0
28 314 14 29 9 65 4 62 3 104 0 0 3 433 0 0 0 0 0 0
28 31411 4 10 0 0 0 0 0 0 0 0 0 0 0 0 0 0 0 0
28 315 7 17 0 0 0 0 3 118 3 272 3 397 0 0 0 0 0 0
28 3211 20 33 12 82 14 195 20 623 13 903 15 2297 0 0 0 0 0 0
28 3212 0 0 5 36 4 51 4 120 0 0 3 457 4 1430 0 0 0 0
28 3219 31 57 25 168 19 271 23 696 10 667 8 1179 0 0 0 0 0 0
28 32199 15 32 5 31 8 117 7 218 5 321 3 519 0 0 0 0 0 0
28 3221 0 0 0 0 0 0 0 0 0 0 0 0 4 1582 0 0 0 0
28 3222 4 10 0 0 6 72 10 311 11 847 8 1144 0 0 0 0 0 0
28 32221 3 10 0 0 0 0 7 212 5 370 5 679 0 0 0 0 0 0
28 3231 74 152 30 213 19 258 8 215 0 0 0 0 0 0 0 0 0 0
28 3241 5 11 7 42 6 66 3 85 0 0 0 0 0 0 0 0 0 0
28 325 29 54 15 98 12 170 17 517 12 790 15 2088 0 0 0 0 0 0
28 3252 5 7 3 20 0 0 0 0 3 169 4 505 0 0 0 0 0 0
28 3254 4 10 0 0 0 0 0 0 0 0 3 404 0 0 0 0 0 0
28 3256 6 6 5 29 0 0 0 0 0 0 0 0 0 0 0 0 0 0
28 3261 15 26 7 53 16 232 21 747 23 1667 16 2085 0 0 0 0 0 0
28 3262 3 8 0 0 0 0 5 146 5 379 0 0 0 0 0 0 0 0
28 32621 0 0 0 0 0 0 3 84 0 0 0 0 0 0 0 0 0 0
28 327 69 132 23 156 25 348 22 748 10 695 0 0 3 840 0 0 0 0
28 32711 5 8 0 0 0 0 0 0 0 0 0 0 0 0 0 0 0 0
28 327120 6 11 0 0 0 0 0 0 0 0 0 0 0 0 0 0 0 0
28 3279 8 16 6 37 5 75 0 0 3 229 0 0 0 0 0 0 0 0
28 331 5 9 0 0 0 0 3 82 3 246 9 1379 0 0 0 0 0 0
28 3313 5 9 0 0 0 0 3 82 3 246 9 1379 0 0 0 0 0 0
28 332 109 217 63 422 57 771 62 1953 25 1820 31 4594 6 1707 0 0 0 0
28 3327 49 95 26 165 20 250 20 639 5 357 3 446 0 0 0 0 0 0
28 3328 4 8 3 18 3 47 6 229 3 202 0 0 0 0 0 0 0 0
28 33299 14 30 5 37 6 88 4 127 0 0 3 304 0 0 0 0 0 0
28 333 30 49 25 166 16 235 30 914 10 638 13 1937 4 1259 6 4543 0 0
28 3331 5 6 5 37 0 0 9 256 0 0 0 0 0 0 0 0 0 0
28 33311 5 6 3 22 0 0 5 166 0 0 0 0 0 0 0 0 0 0
28 3333 0 0 0 0 4 50 0 0 0 0 0 0 0 0 0 0 0 0
28 3335 10 16 9 59 3 40 3 84 0 0 0 0 0 0 0 0 0 0
28 334 6 10 0 0 3 42 8 257 3 204 3 378 0 0 0 0 0 0
28 3345 4 8 0 0 0 0 3 122 0 0 0 0 0 0 0 0 0 0
28 335 3 1 7 47 3 41 9 308 7 504 3 452 9 3250 0 0 0 0
28 336 14 23 8 58 12 184 10 335 15 1089 12 1868 8 2867 5 2666 3 18190
28 3365 14 23 8 58 12 184 10 335 15 1089 12 1868 8 2867 5 2666 3 18190
28 3366 4 3 0 0 4 63 0 0 3 191 0 0 0 0 0 0 0 0
28 3369 14 23 8 58 12 184 10 335 15 1089 12 1868 8 2867 5 2666 3 18190
28 337 39 87 18 110 26 359 24 692 16 1094 16 2482 8 2765 6 3856 5 8992
28 3391 30 68 10 59 0 0 3 128 0 0 0 0 0 0 0 0 0 0
28 3399 46 93 13 101 9 120 4 131 6 473 4 808 0 0 0 0 0 0
28 4 4608 9180 3427 22848 1934 24998 931 27301 243 16327 126 19638 54 16297 0 0 0 0
28 42 1244 2438 557 3720 427 5897 282 8518 89 5887 38 5624 12 4255 3 1758 0 0
28 4231 59 109 38 259 27 372 36 1084 17 1143 5 554 0 0 0 0 0 0
28 4232 39 76 9 56 11 149 7 187 0 0 0 0 0 0 0 0 0 0
28 4233 61 138 41 276 34 472 17 525 0 0 0 0 0 0 0 0 0 0
28 4234 123 214 22 133 34 490 17 495 8 534 3 630 0 0 0 0 0 0
28 4235 17 35 14 89 11 162 5 155 4 219 0 0 0 0 0 0 0 0
28 4236 71 147 30 193 21 281 13 376 5 279 3 424 0 0 0 0 0 0
28 4237 69 170 39 248 21 276 6 161 0 0 0 0 0 0 0 0 0 0
28 4238 171 386 103 723 107 1517 61 1803 11 738 4 771 0 0 0 0 0 0
28 4239 94 158 45 309 13 185 17 549 3 183 0 0 0 0 0 0 0 0
28 42393 25 40 27 195 3 52 10 349 0 0 0 0 0 0 0 0 0 0
28 424 399 789 194 1288 139 1863 94 2908 36 2482 18 2543 7 2378 3 1758 0 0
28 4241 27 57 18 117 11 133 5 165 0 0 0 0 0 0 0 0 0 0
28 4243 23 50 8 52 9 128 5 176 0 0 4 648 0 0 0 0 0 0
28 4244 140 220 34 223 20 304 28 891 14 994 8 1102 6 1895 0 0 0 0
28 4245 17 32 15 110 11 147 5 125 0 0 0 0 0 0 0 0 0 0
28 4247 41 111 20 143 20 255 7 225 3 199 0 0 0 0 0 0 0 0
28 4248 4 10 5 33 4 56 8 249 9 602 3 368 0 0 0 0 0 0
28 4249 87 193 55 357 39 509 20 606 0 0 0 0 0 0 0 0 0 0
28 42491 42 107 37 233 30 401 11 323 0 0 0 0 0 0 0 0 0 0
28 4251 141 216 22 146 9 130 9 275 0 0 3 474 0 0 0 0 0 0
28 4411 222 400 64 438 72 1019 99 3247 58 3901 8 1275 0 0 0 0 0 0
28 4412 52 83 31 196 35 474 12 426 3 228 0 0 0 0 0 0 0 0
28 4413 266 562 311 2192 217 2677 22 607 0 0 0 0 0 0 0 0 0 0
28 442 216 447 104 695 70 934 28 762 0 0 0 0 0 0 0 0 0 0
28 443141 40 92 27 169 5 57 0 0 0 0 0 0 0 0 0 0 0 0
28 443142 70 164 75 468 3 39 0 0 13 827 0 0 0 0 0 0 0 0
28 4441 215 486 187 1227 119 1611 60 1560 5 298 38 5948 0 0 0 0 0 0
28 44413 70 137 51 332 21 297 17 397 0 0 0 0 0 0 0 0 0 0
28 4442 82 166 64 440 70 887 12 359 0 0 0 0 0 0 0 0 0 0
28 44511 74 133 41 285 56 815 114 3869 75 5080 38 5283 0 0 0 0 0 0
28 44512 193 268 18 104 21 284 11 276 0 0 0 0 0 0 0 0 0 0
28 4452 49 92 34 223 8 120 6 176 0 0 0 0 0 0 0 0 0 0
28 4453 298 591 92 574 9 108 0 0 0 0 0 0 0 0 0 0 0 0
28 446 376 874 319 2074 175 2238 164 4286 8 495 0 0 0 0 0 0 0 0
28 44611 139 335 181 1183 133 1711 143 3616 4 232 0 0 0 0 0 0 0 0
28 447 1011 1995 525 3494 357 4719 96 2652 6 343 0 0 0 0 0 0 0 0
28 4481 364 771 340 2334 232 2877 100 2954 20 1183 0 0 0 0 0 0 0 0
28 44821 52 133 116 797 71 885 7 185 0 0 0 0 0 0 0 0 0 0
28 4483 51 118 47 330 20 230 0 0 0 0 0 0 0 0 0 0 0 0
28 4511 94 166 47 298 20 289 32 1009 8 604 0 0 0 0 0 0 0 0
28 45113 12 18 6 39 5 76 0 0 0 0 0 0 0 0 0 0 0 0
28 45114 11 17 3 19 4 59 0 0 0 0 0 0 0 0 0 0 0 0
28 45121 15 31 12 68 17 221 6 184 0 0 0 0 0 0 0 0 0 0
28 45221 0 0 0 0 0 0 3 122 25 1883 9 1448 0 0 0 0 0 0
28 4523 76 126 631 4185 206 2582 96 2818 7 552 28 4888 51 15578 0 0 0 0
28 4531 106 227 33 190 7 78 0 0 0 0 0 0 0 0 0 0 0 0
28 45321 19 51 7 55 15 201 7 154 0 0 0 0 0 0 0 0 0 0
28 45322 90 174 46 308 22 288 4 115 0 0 0 0 0 0 0 0 0 0
28 4533 79 155 37 253 21 268 10 318 4 237 0 0 0 0 0 0 0 0
28 4539 261 499 125 822 38 474 14 388 0 0 0 0 0 0 0 0 0 0
28 454110 87 121 16 102 8 114 15 452 0 0 0 0 0 0 0 0 0 0
28 4542 18 29 7 46 0 0 0 0 3 143 0 0 0 0 0 0 0 0
28 454310 31 75 47 319 29 373 3 97 0 0 0 0 0 0 0 0 0 0
28 45439 101 151 24 162 10 124 0 0 0 0 0 0 0 0 0 0 0 0
28 481 26 31 5 35 0 0 4 114 0 0 0 0 0 0 0 0 0 0
28 482 1196 1971 344 2228 275 3735 228 7006 76 5050 50 7647 22 7692 7 5248 0 0
28 483 4 2 0 0 0 0 0 0 0 0 0 0 0 0 0 0 0 0
28 484 839 1309 200 1281 153 2060 115 3563 36 2354 19 2939 6 1957 0 0 0 0
28 485 49 93 14 98 12 151 15 439 4 263 0 0 0 0 0 0 0 0
28 4853 12 22 0 0 0 0 0 0 0 0 0 0 0 0 0 0 0 0
28 486 28 59 20 130 28 375 11 279 0 0 0 0 0 0 0 0 0 0
28 487 10 9 3 19 0 0 0 0 0 0 0 0 0 0 0 0 0 0
28 488 158 318 56 355 43 596 27 835 7 515 8 1273 3 1170 0 0 0 0
28 492 24 34 10 64 13 202 18 522 14 932 7 925 0 0 0 0 0 0
28 493 58 116 34 235 25 339 36 1199 14 934 14 2145 9 3225 3 2338 0 0
28 5111 66 108 32 213 23 292 13 406 3 181 0 0 0 0 0 0 0 0
28 51111 41 78 27 179 18 236 13 406 3 181 0 0 0 0 0 0 0 0
28 5112 14 26 3 21 0 0 3 96 0 0 0 0 0 0 0 0 0 0
28 5121 17 18 6 50 11 151 12 399 0 0 0 0 0 0 0 0 0 0
28 5122 18 20 7 59 11 151 12 399 0 0 0 0 0 0 0 0 0 0
28 515 47 82 20 141 15 197 9 269 7 510 0 0 0 0 0 0 0 0
28 517 322 657 135 928 115 1578 53 1526 6 363 3 552 3 1373 0 0 0 0
28 517311 199 425 48 358 54 776 38 1117 3 170 0 0 0 0 0 0 0 0
28 5182 38 73 12 74 7 87 4 104 4 252 0 0 0 0 0 0 0 0
28 5191 21 42 6 42 5 78 0 0 0 0 0 0 0 0 0 0 0 0
28 51912 10 23 4 31 0 0 0 0 0 0 0 0 0 0 0 0 0 0
28 51913 9 17 0 0 3 44 0 0 0 0 0 0 0 0 0 0 0 0
28 52 2927 5967 1054 6609 393 4991 169 5031 50 3282 17 2321 7 2066 3 2084 0 0
28 522 1504 3449 792 4990 280 3494 111 3206 36 2350 13 1820 3 882 0 0 0 0
28 5221 355 896 608 3911 249 3106 99 2865 33 2180 12 1726 3 882 0 0 0 0
28 5241 101 183 22 149 18 243 30 1004 7 512 0 0 4 1184 0 0 0 0
28 5242 991 1768 201 1236 76 1007 23 688 7 420 4 501 0 0 0 0 0 0
28 53 1864 3150 383 2485 126 1620 43 1134 11 659 5 649 0 0 0 0 0 0
28 531 1620 2636 208 1336 54 695 22 605 4 241 4 487 0 0 0 0 0 0
28 5313 313 506 62 408 16 211 11 319 4 241 0 0 0 0 0 0 0 0
28 532 229 498 175 1149 72 925 20 496 5 281 0 0 0 0 0 0 0 0
28 5321 44 83 33 214 28 345 11 294 3 172 0 0 0 0 0 0 0 0
28 5411 1016 1792 225 1423 94 1200 36 948 13 921 3 446 0 0 0 0 0 0
28 5412 575 1001 170 1134 84 1140 47 1317 9 559 5 681 3 814 0 0 0 0
28 5413 374 618 123 798 71 956 45 1274 9 621 5 577 0 0 0 0 0 0
28 5414 60 92 10 73 5 77 0 0 0 0 0 0 0 0 0 0 0 0
28 5415 288 495 42 279 33 443 24 707 9 680 5 661 0 0 0 0 0 0
28 5416 557 706 47 313 27 355 18 603 3 216 3 441 0 0 0 0 0 0
28 5417 22 34 12 80 6 76 5 140 0 0 0 0 0 0 0 0 0 0
28 5418 100 149 17 114 15 187 11 325 0 0 0 0 0 0 0 0 0 0
28 5419 173 303 108 729 102 1313 26 688 5 337 0 0 0 0 0 0 0 0
28 54194 72 143 88 604 95 1202 26 688 0 0 0 0 0 0 0 0 0 0
28 55 132 235 43 276 63 893 40 1215 25 1632 11 1451 4 1447 0 0 0 0
28 561 1186 1995 351 2286 245 3295 167 5162 87 5932 68 10689 31 10592 16 11388 5 7041
28 5613 125 160 21 140 35 461 50 1824 42 2887 35 5676 17 5578 12 8923 4 5901
28 5614 88 134 27 174 16 222 11 300 6 425 4 545 0 0 0 0 0 0
28 5615 31 52 9 59 0 0 0 0 0 0 0 0 0 0 0 0 0 0
28 5616 98 181 34 220 22 290 17 538 8 576 14 2184 4 1561 0 0 0 0
28 5617 693 1190 221 1454 141 1910 63 1686 19 1315 10 1476 3 899 0 0 0 0
28 56173 388 618 95 617 49 665 24 646 3 181 0 0 0 0 0 0 0 0
28 562 111 228 53 373 25 354 24 821 8 568 6 821 0 0 0 0 0 0
28 611 225 405 86 576 75 1017 120 3812 51 3347 17 2613 0 0 4 2689 0 0
28 6111 22 52 29 199 39 532 99 3182 47 3095 13 1960 0 0 0 0 0 0
28 621 1974 3509 1079 7276 759 10201 481 13983 113 7672 38 5462 10 2926 0 0 0 0
28 6211 784 1299 325 2230 245 3361 179 5206 38 2544 11 1326 5 1640 0 0 0 0
28 6212 312 615 364 2423 166 2062 29 752 0 0 0 0 0 0 0 0 0 0
28 6213 659 1160 241 1574 158 2190 57 1576 7 487 0 0 0 0 0 0 0 0
28 62131 115 236 32 207 8 109 0 0 0 0 0 0 0 0 0 0 0 0
28 62132 84 178 64 434 32 469 5 110 0 0 0 0 0 0 0 0 0 0
28 6214 100 215 85 587 106 1385 77 2477 21 1344 4 632 0 0 0 0 0 0
28 6216 30 59 31 226 54 762 110 3099 33 2205 15 2198 0 0 0 0 0 0
28 622 0 0 0 0 0 0 0 0 8 664 40 6532 28 9830 16 11768 17 44154
28 6222 0 0 0 0 0 0 0 0 0 0 4 573 0 0 0 0 0 0
28 623 82 127 50 343 54 748 82 2738 123 9198 82 11019 0 0 0 0 0 0
28 6231 9 17 0 0 3 48 21 826 101 7717 68 9099 0 0 0 0 0 0
28 6241 232 415 88 580 80 1095 76 2553 28 1849 8 1163 5 1682 0 0 0 0
28 6242 54 111 16 101 10 157 13 352 0 0 0 0 0 0 0 0 0 0
28 6243 14 27 6 40 10 128 15 429 7 584 0 0 0 0 0 0 0 0
28 6244 230 481 209 1438 201 2738 139 4063 17 1147 0 0 0 0 0 0 0 0
28 711 71 101 10 59 5 78 4 152 0 0 0 0 0 0 0 0 0 0
28 7111 20 33 0 0 0 0 3 114 0 0 0 0 0 0 0 0 0 0
28 7112 3 3 0 0 0 0 0 0 0 0 0 0 0 0 0 0 0 0
28 7115 34 46 4 21 0 0 0 0 0 0 0 0 0 0 0 0 0 0
28 712 39 72 9 60 12 146 10 321 0 0 0 0 0 0 0 0 0 0
28 713 256 453 84 551 94 1280 71 2168 19 1389 6 979 0 0 0 0 0 0
28 71395 4 8 0 0 10 147 5 171 0 0 0 0 0 0 0 0 0 0
28 721 274 529 160 1071 178 2472 153 4410 16 1031 6 1181 9 3186 9 6801 6 10965
28 7211 231 437 140 943 172 2398 152 4375 16 1031 6 1181 8 2872 9 6801 6 10965
28 722 1207 1889 773 5243 1143 16058 1394 43551 361 24067 53 6784 0 0 0 0 0 0
28 7224 56 81 25 154 12 152 10 323 0 0 0 0 0 0 0 0 0 0
28 8111 764 1500 332 2148 123 1546 33 909 4 232 0 0 0 0 0 0 0 0
28 811192 47 80 36 250 22 285 4 106 0 0 0 0 0 0 0 0 0 0
28 8112 57 104 17 113 0 0 0 0 0 0 0 0 0 0 0 0 0 0
28 8113 116 217 39 258 24 326 12 332 0 0 0 0 0 0 0 0 0 0
28 8114 96 159 25 176 0 0 0 0 0 0 0 0 0 0 0 0 0 0
28 8121 340 546 121 815 47 573 16 405 0 0 0 0 0 0 0 0 0 0
28 812111 11 14 0 0 5 69 0 0 0 0 0 0 0 0 0 0 0 0
28 812112 195 281 68 471 27 315 7 190 0 0 0 0 0 0 0 0 0 0
28 8122 137 312 79 531 24 314 6 154 0 0 0 0 0 0 0 0 0 0
28 8123 93 200 51 340 37 503 15 426 5 363 0 0 0 0 0 0 0 0
28 8129 100 162 17 121 15 217 0 0 0 0 0 0 0 0 0 0 0 0
28 813 2334 4745 802 5120 303 3985 158 4596 33 2241 13 1858 0 0 0 0 0 0
28 8131 1775 3698 660 4230 236 3129 140 4048 30 2031 10 1479 0 0 0 0 0 0
28 8139 304 596 67 416 27 351 6 167 0 0 0 0 0 0 0 0 0 0
28 81393 50 100 22 133 11 142 0 0 0 0 0 0 0 0 0 0 0 0
28 814 4037 7945 1483 9622 576 7511 244 6938 46 3094 15 2126 3 894 0 0 0 0
29 111 234 345 53 350 18 222 11 306 3 193 0 0 0 0 0 0 0 0
29 112 234 345 53 350 18 222 11 306 3 193 0 0 0 0 0 0 0 0
29 113 79 116 12 74 4 44 0 0 0 0 0 0 0 0 0 0 0 0
29 1133 74 110 12 74 3 31 0 0 0 0 0 0 0 0 0 0 0 0
29 114 10 18 0 0 0 0 0 0 0 0 0 0 0 0 0 0 0 0
29 115 145 211 41 276 14 178 11 306 3 193 0 0 0 0 0 0 0 0
29 211 6 6 0 0 0 0 0 0 0 0 0 0 0 0 0 0 0 0
29 2121 76 136 52 343 53 669 27 810 7 441 6 931 0 0 0 0 0 0
29 2122 0 0 0 0 0 0 0 0 0 0 3 440 0 0 0 0 0 0
29 2123 74 135 52 343 53 669 26 785 5 277 3 491 0 0 0 0 0 0
29 213 15 31 3 22 0 0 0 0 0 0 0 0 0 0 0 0 0 0
29 22 108 242 53 364 81 1144 71 2356 35 2346 17 2896 10 3513 0 0 0 0
29 221 108 242 53 364 81 1144 71 2356 35 2346 17 2896 10 3513 0 0 0 0
29 2211 51 112 29 211 54 768 53 1786 31 2104 14 2488 5 1566 0 0 0 0
29 2212 12 24 5 33 13 185 10 352 0 0 3 408 4 1629 0 0 0 0
29 2213 45 106 19 120 14 191 8 218 3 185 0 0 0 0 0 0 0 0
29 22132 11 25 5 38 0 0 0 0 0 0 0 0 0 0 0 0 0 0
29 23 8648 14368 2373 15642 1314 17674 858 25649 236 16059 98 14616 35 12303 9 5920 4 7990
29 3 1942 3735 945 6322 896 12267 843 26577 395 27824 367 56979 151 51798 54 38138 19 53824
29 31 1942 3735 945 6322 896 12267 843 26577 395 27824 367 56979 151 51798 54 38138 19 53824
29 311 130 256 82 559 84 1139 78 2372 28 1953 32 5604 27 8594 15 11096 5 9050
29 3113 4 9 4 29 7 106 4 109 0 0 0 0 0 0 0 0 0 0
29 3114 7 13 4 27 6 73 8 236 0 0 3 536 4 1120 0 0 0 0
29 3115 0 0 0 0 0 0 0 0 0 0 7 1228 5 1445 4 3148 0 0
29 3116 46 114 28 199 18 229 10 291 0 0 3 608 8 2625 8 5257 5 9050
29 3118 39 69 25 166 25 364 12 356 8 565 3 685 0 0 0 0 0 0
29 311811 31 51 19 126 21 296 9 278 3 188 0 0 0 0 0 0 0 0
29 3121 58 108 39 258 27 352 21 648 9 646 7 1001 4 1299 0 0 0 0
29 3122 59 109 39 258 27 352 21 648 9 646 7 1001 4 1299 0 0 0 0
29 3131 3 3 0 0 0 0 0 0 0 0 0 0 0 0 0 0 0 0
29 3132 4 8 0 0 0 0 0 0 0 0 0 0 0 0 0 0 0 0
29 3133 7 5 0 0 0 0 0 0 0 0 0 0 0 0 0 0 0 0
29 314 50 92 18 120 21 284 10 317 3 225 4 473 0 0 0 0 0 0
29 31411 18 31 4 24 4 59 0 0 0 0 0 0 0 0 0 0 0 0
29 315 16 19 4 32 9 137 5 160 3 233 0 0 0 0 0 0 0 0
29 316 10 12 4 26 6 83 4 154 0 0 3 538 0 0 0 0 0 0
29 3211 76 169 42 275 33 442 13 375 0 0 0 0 0 0 0 0 0 0
29 3212 7 12 8 54 3 42 7 222 3 221 0 0 0 0 0 0 0 0
29 3219 94 161 38 254 50 711 40 1193 13 917 8 1175 0 0 0 0 0 0
29 32199 38 57 8 58 11 157 8 240 0 0 0 0 0 0 0 0 0 0
29 3222 13 23 4 27 11 150 22 684 18 1202 18 3004 6 1851 0 0 0 0
29 32221 0 0 3 19 7 97 16 505 12 820 13 2151 4 1332 0 0 0 0
29 3231 251 483 98 653 78 1067 52 1757 25 1748 15 2170 8 2646 0 0 0 0
29 3241 23 48 11 90 6 81 6 211 0 0 4 565 0 0 0 0 0 0
29 32411 23 48 11 90 6 81 6 211 0 0 4 565 0 0 0 0 0 0
29 325 76 164 44 303 36 487 57 1872 23 1637 36 5789 19 7248 0 0 0 0
29 3252 3 4 0 0 0 0 4 125 0 0 0 0 0 0 0 0 0 0
29 3253 7 16 0 0 4 49 6 225 0 0 0 0 3 1150 0 0 0 0
29 3254 16 34 7 45 3 42 10 328 4 280 5 808 5 2025 0 0 0 0
29 3255 14 45 10 74 4 51 7 236 0 0 7 1143 0 0 0 0 0 0
29 3256 17 27 10 61 11 132 3 104 6 437 12 1819 5 1893 0 0 0 0
29 3261 31 63 26 174 31 413 64 2043 28 1877 31 4776 6 2074 0 0 0 0
29 3262 5 7 6 42 9 129 4 126 4 289 4 755 0 0 0 0 0 0
29 32621 0 0 0 0 5 73 0 0 0 0 0 0 0 0 0 0 0 0
29 327 92 163 53 335 90 1237 63 1883 16 1129 13 2342 3 1052 0 0 0 0
29 32711 7 13 0 0 0 0 0 0 0 0 0 0 0 0 0 0 0 0
29 327120 0 0 0 0 3 38 4 128 0 0 0 0 0 0 0 0 0 0
29 3272 14 21 0 0 3 33 5 155 0 0 3 524 0 0 0 0 0 0
29 3279 15 29 7 44 16 237 9 281 5 361 4 629 0 0 0 0 0 0
29 331 12 22 7 45 12 165 16 514 14 941 18 2634 0 0 0 0 0 0
29 3313 3 4 0 0 0 0 0 0 3 206 3 418 0 0 0 0 0 0
29 3314 0 0 0 0 0 0 5 132 0 0 0 0 0 0 0 0 0 0
29 3315 0 0 3 19 7 105 4 130 6 371 7 1171 0 0 0 0 0 0
29 332 382 750 198 1348 163 2235 142 4402 86 5956 48 6657 9 3040 3 1693 4 5397
29 3321 10 20 6 47 7 105 10 366 5 397 4 449 0 0 0 0 0 0
29 3322 13 23 5 33 0 0 0 0 4 258 0 0 0 0 0 0 0 0
29 3327 180 353 87 589 66 877 38 1143 23 1494 8 1025 0 0 0 0 0 0
29 3328 35 74 21 132 18 229 17 514 7 470 3 445 0 0 0 0 0 0
29 33299 45 77 18 119 11 159 12 353 8 598 5 721 0 0 0 0 0 0
29 333 116 232 66 417 64 902 74 2357 44 3240 39 5528 22 7993 7 4677 4 9410
29 3331 17 35 6 47 12 179 8 279 6 431 3 458 0 0 0 0 0 0
29 33311 11 28 0 0 8 126 5 172 3 204 0 0 0 0 0 0 0 0
29 3333 7 11 9 50 0 0 4 140 5 353 5 669 0 0 0 0 0 0
29 3335 40 91 22 131 16 225 20 615 8 596 9 1204 0 0 0 0 0 0
29 3336 7 8 3 20 5 70 3 96 3 265 0 0 0 0 0 0 0 0
29 334 38 64 10 70 16 210 21 708 15 1151 6 1235 4 1372 0 0 0 0
29 3345 16 30 7 47 7 82 9 343 6 448 3 581 0 0 0 0 0 0
29 335 33 65 13 84 15 214 16 504 10 750 13 2300 12 3995 4 2554 0 0
29 3352 3 10 0 0 0 0 0 0 0 0 0 0 0 0 0 0 0 0
29 336 63 129 31 206 39 556 37 1230 23 1584 46 7423 19 6151 7 4348 4 27453
29 33641 5 2 3 19 6 83 7 251 4 292 6 849 0 0 0 0 0 0
29 3365 0 0 0 0 5 62 0 0 3 208 3 528 0 0 0 0 0 0
29 3366 7 10 0 0 0 0 4 143 0 0 0 0 4 1228 0 0 0 0
29 3369 7 12 3 24 0 0 3 103 0 0 0 0 0 0 0 0 0 0
29 337 136 269 48 325 33 452 44 1349 10 665 8 1001 0 0 0 0 0 0
29 3391 80 157 26 169 21 241 14 437 5 364 12 1737 0 0 0 0 0 0
29 3399 134 250 67 442 38 518 29 937 7 489 0 0 0 0 0 0 0 0
29 4 7928 15584 5172 34649 3709 49496 2266 65166 591 41102 432 64172 106 34451 6 3465 0 0
29 42 3358 6305 1426 9635 1118 15259 900 27515 264 18341 118 17388 36 12376 10 5816 0 0
29 4231 163 290 84 572 92 1295 76 2443 29 2210 11 1585 0 0 0 0 0 0
29 4232 79 156 30 188 27 357 23 746 5 285 4 563 0 0 0 0 0 0
29 4233 120 229 97 658 73 1008 45 1324 11 709 5 777 0 0 0 0 0 0
29 4234 339 629 102 673 54 768 61 1852 32 2139 9 1124 0 0 0 0 0 0
29 4235 72 144 47 333 40 519 33 980 6 410 5 846 0 0 0 0 0 0
29 4236 166 347 83 585 73 1013 52 1618 18 1181 7 1027 3 1190 0 0 0 0
29 4237 161 367 109 696 64 842 48 1487 10 633 8 1014 0 0 0 0 0 0
29 4238 434 899 264 1842 199 2764 165 4802 46 3153 11 1630 6 2289 0 0 0 0
29 4239 251 466 93 615 71 942 50 1509 14 991 6 771 0 0 0 0 0 0
29 42393 70 152 44 289 39 508 28 835 4 276 3 371 0 0 0 0 0 0
29 424 967 1819 424 2873 376 5083 314 9797 85 6071 48 7221 17 5605 7 4054 0 0
29 4241 88 168 40 262 36 475 18 571 10 716 3 447 0 0 0 0 0 0
29 4243 61 109 14 102 12 170 22 742 5 347 0 0 0 0 0 0 0 0
29 4244 225 398 71 486 81 1100 75 2393 26 1905 15 2102 8 2690 5 2780 0 0
29 4245 79 165 32 213 39 533 25 696 0 0 0 0 0 0 0 0 0 0
29 4247 51 111 35 234 21 290 21 615 6 433 0 0 0 0 0 0 0 0
29 4248 23 41 10 68 10 156 22 772 12 893 8 1403 0 0 0 0 0 0
29 4249 262 490 123 844 119 1582 76 2204 13 908 5 674 0 0 0 0 0 0
29 42491 126 252 85 605 83 1098 45 1251 0 0 0 0 0 0 0 0 0 0
29 4251 606 959 93 600 49 668 33 957 8 559 4 830 5 1486 0 0 0 0
29 4411 531 902 119 794 114 1628 175 5828 136 9593 52 6989 0 0 0 0 0 0
29 4412 140 269 59 386 60 798 38 1142 10 589 0 0 0 0 0 0 0 0
29 4413 475 1016 420 2948 409 5253 69 1866 3 200 0 0 0 0 0 0 0 0
29 442 452 890 209 1377 140 1925 79 2318 17 1106 0 0 0 0 0 0 0 0
29 443141 68 132 53 352 16 213 5 147 0 0 0 0 0 0 0 0 0 0
29 443142 155 323 104 649 23 306 7 208 19 1439 0 0 0 0 0 0 0 0
29 4441 465 1045 349 2307 254 3477 100 2762 14 916 104 16179 0 0 0 0 0 0
29 44413 149 326 74 453 77 1149 31 785 0 0 0 0 0 0 0 0 0 0
29 4442 206 415 156 1052 155 1966 51 1417 5 340 0 0 0 0 0 0 0 0
29 44511 221 366 96 658 184 2707 233 7465 149 10720 118 16085 15 5935 5 2843 0 0
29 44512 146 269 55 357 23 287 3 83 0 0 0 0 0 0 0 0 0 0
29 4452 162 284 85 567 52 716 19 473 0 0 0 0 0 0 0 0 0 0
29 4453 266 559 89 570 30 397 13 354 0 0 0 0 0 0 0 0 0 0
29 446 620 1195 458 2987 268 3733 359 9939 14 865 3 506 0 0 0 0 0 0
29 44611 108 223 196 1344 182 2618 304 8151 3 233 3 506 0 0 0 0 0 0
29 447 612 1433 780 5438 766 10161 439 11072 24 1575 4 545 0 0 0 0 0 0
29 4481 467 1026 442 3039 394 5060 203 5966 60 3704 5 797 0 0 0 0 0 0
29 44821 91 222 193 1244 103 1309 26 690 0 0 0 0 0 0 0 0 0 0
29 4483 135 297 85 565 59 707 4 127 0 0 0 0 0 0 0 0 0 0
29 4511 330 623 151 1033 79 1068 104 3348 16 1170 7 1003 0 0 0 0 0 0
29 45113 36 67 19 129 13 183 10 360 0 0 0 0 0 0 0 0 0 0
29 45114 34 77 23 160 11 139 10 309 0 0 0 0 0 0 0 0 0 0
29 45121 48 95 32 206 19 233 11 376 0 0 0 0 0 0 0 0 0 0
29 45221 0 0 0 0 0 0 6 250 47 3406 30 3833 0 0 0 0 0 0
29 4523 172 278 554 3640 178 2468 112 3257 33 2555 90 15599 81 24946 0 0 0 0
29 4531 179 336 50 326 22 304 3 85 0 0 0 0 0 0 0 0 0 0
29 45321 36 66 10 61 37 505 10 228 0 0 0 0 0 0 0 0 0 0
29 45322 177 333 95 648 66 816 15 415 3 225 0 0 0 0 0 0 0 0
29 4533 221 370 72 471 44 578 65 1961 6 375 0 0 0 0 0 0 0 0
29 4539 591 1267 234 1511 100 1320 58 1580 0 0 4 573 0 0 0 0 0 0
29 454110 480 753 104 671 52 730 29 890 18 1237 6 829 7 2641 0 0 0 0
29 4542 70 135 14 105 7 96 13 418 4 274 0 0 0 0 0 0 0 0
29 454310 112 258 51 351 25 355 5 125 0 0 0 0 0 0 0 0 0 0
29 45439 300 427 53 336 30 380 12 376 3 194 0 0 0 0 0 0 0 0
29 481 26 33 5 36 0 0 8 242 4 237 6 841 5 1787 0 0 0 0
29 482 2924 4511 725 4771 550 7463 499 15246 166 11214 127 20435 44 14649 9 5565 3 11927
29 483 6 7 3 22 3 38 0 0 0 0 0 0 0 0 0 0 0 0
29 484 2076 3007 408 2641 280 3761 237 7286 61 4008 48 7707 16 5345 0 0 0 0
29 485 120 214 41 303 55 779 63 1994 31 2125 22 3496 6 1657 0 0 0 0
29 4853 44 59 5 40 8 125 9 317 4 318 0 0 0 0 0 0 0 0
29 486 39 71 15 104 6 70 0 0 0 0 0 0 0 0 0 0 0 0
29 487 18 32 3 17 0 0 0 0 0 0 0 0 0 0 0 0 0 0
29 488 431 765 148 984 108 1483 94 2728 29 1948 15 2479 0 0 0 0 0 0
29 492 96 155 23 150 33 440 42 1347 25 1736 15 2417 3 1065 0 0 0 0
29 493 112 227 79 514 62 846 52 1579 16 1160 21 3495 11 3908 5 3158 0 0
29 5111 155 312 74 471 56 744 32 916 16 1097 10 1797 0 0 0 0 0 0
29 51111 76 162 47 295 32 427 19 477 5 343 5 812 0 0 0 0 0 0
29 5112 80 131 20 135 21 312 23 762 7 497 5 768 4 1266 0 0 0 0
29 5121 113 154 27 162 38 538 45 1345 8 554 4 546 0 0 0 0 0 0
29 5122 25 27 8 54 0 0 0 0 0 0 0 0 0 0 0 0 0 0
29 515 61 122 27 189 32 440 27 839 13 885 11 1599 0 0 0 0 0 0
29 517 704 1501 301 1946 178 2493 105 3201 31 2226 22 3427 12 4405 5 3709 0 0
29 517311 451 943 115 788 77 1126 74 2291 25 1813 20 3159 10 3787 4 2908 0 0
29 5182 137 234 40 256 38 521 34 1018 22 1502 12 2104 5 2021 0 0 0 0
29 5191 85 154 18 105 7 80 5 157 4 265 4 526 0 0 0 0 0 0
29 51912 11 25 0 0 3 35 0 0 0 0 0 0 0 0 0 0 0 0
29 51913 53 94 9 48 3 34 0 0 0 0 4 526 0 0 0 0 0 0
29 52 6681 12430 2167 14272 970 13061 481 14547 167 11359 95 14981 45 14901 28 19474 16 23295
29 522 1861 3906 1351 9139 669 9049 273 8326 83 5705 38 6019 13 4078 12 8804 6 9902
29 5221 574 1539 1157 7930 589 8020 232 7042 70 4682 30 4741 11 3500 11 8149 3 3768
29 5241 343 642 97 652 74 971 70 2113 29 1852 29 4623 16 5481 9 6196 6 7446
29 5242 2827 5118 522 3254 152 2061 81 2528 30 2082 21 3416 9 3017 4 2611 0 0
29 53 5113 7667 904 5860 425 5458 198 5514 65 4307 27 3646 10 3046 0 0 0 0
29 531 4555 6677 591 3827 257 3302 120 3399 46 3104 18 2512 10 3046 0 0 0 0
29 5313 1079 1683 198 1286 107 1419 65 1842 19 1323 12 1611 5 1645 0 0 0 0
29 532 538 965 306 1983 163 2082 74 1995 18 1139 9 1134 0 0 0 0 0 0
29 5321 137 237 75 472 55 691 29 733 15 930 4 486 0 0 0 0 0 0
29 5411 2400 4364 477 3039 223 3010 109 3334 30 1991 13 2255 5 1711 0 0 0 0
29 5412 1565 2738 465 3123 241 3176 112 3473 23 1667 19 3185 10 3257 0 0 0 0
29 5413 923 1433 266 1773 229 3135 140 4175 44 3110 23 3518 4 1297 3 1816 0 0
29 5414 364 551 36 244 33 447 7 184 0 0 0 0 0 0 0 0 0 0
29 5415 1138 1502 204 1349 137 1792 109 3354 39 2695 32 5142 11 3297 6 3911 3 20277
29 5416 1636 2118 202 1337 126 1724 96 2885 24 1660 14 2047 5 1745 0 0 0 0
29 5417 120 182 41 277 23 291 19 612 12 832 5 640 6 1667 0 0 0 0
29 5418 401 614 115 770 64 899 47 1521 14 940 11 1869 3 969 0 0 0 0
29 5419 887 1300 262 1783 232 3143 128 3448 9 573 6 725 0 0 0 0 3 6049
29 54194 208 405 185 1259 188 2548 101 2654 5 309 0 0 0 0 0 0 0 0
29 55 433 772 197 1272 224 3066 250 8217 121 8360 118 18252 33 11483 13 8822 14 29060
29 561 4197 6491 1026 6707 704 9557 510 15849 253 17606 201 30860 53 18108 42 29265 20 38101
29 5613 372 571 74 465 76 1124 111 3705 100 7067 106 16481 26 8325 14 10251 13 28144
29 5614 317 511 82 552 61 838 39 1256 37 2591 22 3262 9 3779 11 7197 0 0
29 5615 141 228 38 233 16 206 15 483 8 534 5 778 0 0 0 0 0 0
29 5616 174 304 55 371 47 595 46 1426 18 1284 16 2458 6 1880 5 3280 3 3720
29 5617 2489 3732 592 3868 391 5250 214 6459 59 4049 31 4841 5 1646 8 5240 3 5137
29 56173 1417 1933 315 2059 166 2273 85 2450 19 1265 6 862 0 0 0 0 0 0
29 562 256 503 94 651 74 1041 59 1778 18 1224 11 1648 0 0 0 0 0 0
29 611 681 1075 275 1827 251 3456 226 6965 104 7054 51 7687 18 6704 12 7978 7 34626
29 6111 57 117 45 291 69 1018 111 3563 79 5325 37 5651 0 0 0 0 0 0
29 621 6199 10515 2301 15365 1629 21634 913 26956 291 19991 129 18859 34 12022 13 7427 0 0
29 6211 1750 3066 659 4418 521 7004 336 9687 89 5989 33 4756 11 3921 9 5297 0 0
29 6212 723 1599 730 4998 446 5676 72 1950 6 434 0 0 0 0 0 0 0 0
29 6213 1919 3520 540 3436 209 2748 87 2378 15 1006 8 1247 0 0 0 0 0 0
29 62131 703 1310 146 897 30 371 4 87 0 0 0 0 0 0 0 0 0 0
29 62132 175 402 146 962 57 729 16 425 4 267 0 0 0 0 0 0 0 0
29 6214 279 551 198 1347 232 3102 193 5847 76 5452 28 3710 7 2672 0 0 0 0
29 6216 1250 1274 82 568 140 2016 160 5173 84 5721 45 6951 10 3357 3 1488 0 0
29 622 5 6 0 0 3 38 3 68 19 1587 37 6304 38 13204 22 16463 42 93028
29 6222 0 0 0 0 0 0 0 0 0 0 4 781 8 2428 0 0 0 0
29 623 349 712 353 2353 291 3785 328 10631 339 24270 187 26421 27 8322 4 2747 0 0
29 6231 39 51 16 113 19 243 80 3260 251 18191 134 18306 10 3064 0 0 0 0
29 6241 6353 6775 315 2124 253 3444 260 8109 110 7711 61 9187 8 2611 0 0 0 0
29 6242 126 268 87 579 64 898 39 1124 14 990 5 818 0 0 0 0 0 0
29 6243 52 92 22 158 19 284 59 1962 46 3241 21 3382 0 0 0 0 0 0
29 6244 472 818 323 2240 371 5178 298 8760 26 1635 6 967 0 0 0 0 0 0
29 711 499 666 68 452 35 468 37 1153 15 905 7 1288 7 2216 4 3113 0 0
29 7111 112 215 24 161 19 245 18 557 7 404 4 752 3 957 0 0 0 0
29 7112 49 56 5 37 4 59 4 147 0 0 0 0 0 0 0 0 0 0
29 7115 214 241 11 72 3 37 0 0 0 0 0 0 0 0 0 0 0 0
29 712 91 146 31 208 14 195 20 583 7 397 3 457 4 1244 0 0 0 0
29 713 678 1006 265 1740 245 3440 190 5805 71 4928 44 6430 4 1195 0 0 0 0
29 71395 30 52 16 104 28 406 27 830 4 256 0 0 0 0 0 0 0 0
29 721 523 845 207 1423 255 3639 266 7928 54 3678 34 4829 11 3809 3 2523 3 3474
29 7211 375 650 183 1265 240 3433 261 7774 50 3396 34 4829 11 3809 3 2523 3 3474
29 722 2916 4619 1861 12822 2608 37415 3328 102219 856 55914 139 18424 6 2076 0 0 0 0
29 7224 330 587 138 922 96 1270 65 1875 15 950 0 0 0 0 0 0 0 0
29 8111 2173 4106 837 5467 346 4473 116 3237 19 1108 5 786 0 0 0 0 0 0
29 811192 189 345 61 424 43 601 32 962 12 662 0 0 0 0 0 0 0 0
29 8112 145 251 35 230 13 165 13 401 0 0 3 399 0 0 0 0 0 0
29 8113 289 513 79 532 48 666 24 695 4 337 0 0 0 0 0 0 0 0
29 8114 359 576 52 329 18 220 5 142 0 0 0 0 0 0 0 0 0 0
29 8121 1265 1992 455 3104 254 3225 100 2730 10 594 0 0 0 0 0 0 0 0
29 812111 48 72 15 103 21 252 5 144 0 0 0 0 0 0 0 0 0 0
29 812112 714 1136 294 2029 154 1967 53 1496 8 491 0 0 0 0 0 0 0 0
29 8122 304 601 134 939 63 869 21 639 0 0 0 0 0 0 0 0 0 0
29 8123 216 492 100 657 33 428 38 1155 14 1021 9 1166 0 0 0 0 0 0
29 8129 601 937 131 873 80 1075 49 1473 13 856 7 1083 0 0 0 0 0 0
29 813 4311 8525 1405 9116 680 9022 425 12854 134 8883 39 5294 6 2293 0 0 0 0
29 8131 2878 5872 946 6112 436 5841 307 9301 97 6380 28 3766 6 2293 0 0 0 0
29 8139 660 1284 202 1339 120 1597 60 1871 17 1130 3 480 0 0 0 0 0 0
29 81393 159 347 94 642 59 785 28 807 4 292 0 0 0 0 0 0 0 0
29 814 9663 17993 3228 21247 1535 20143 791 23326 198 13082 66 9149 8 2822 0 0 0 0
30 111 272 319 46 292 17 207 6 158 0 0 0 0 0 0 0 0 0 0
30 112 272 319 46 292 17 207 6 158 0 0 0 0 0 0 0 0 0 0
30 113 124 173 24 157 10 116 3 85 0 0 0 0 0 0 0 0 0 0
30 1133 121 167 24 157 10 116 3 85 0 0 0 0 0 0 0 0 0 0
30 114 19 7 0 0 0 0 0 0 0 0 0 0 0 0 0 0 0 0
30 115 129 139 22 135 7 91 3 73 0 0 0 0 0 0 0 0 0 0
30 211 54 79 10 63 7 83 7 262 0 0 0 0 0 0 0 0 0 0
30 2121 0 0 0 0 0 0 0 0 0 0 3 501 3 985 0 0 0 0
30 2122 4 9 0 0 0 0 0 0 0 0 0 0 0 0 0 0 0 0
30 2123 29 33 6 46 4 59 5 192 3 208 0 0 0 0 0 0 0 0
30 213 136 201 19 135 24 316 8 219 0 0 0 0 0 0 0 0 0 0
30 22 122 214 23 147 30 407 25 771 7 484 3 492 0 0 0 0 0 0
30 221 122 214 23 147 30 407 25 771 7 484 3 492 0 0 0 0 0 0
30 2211 71 137 17 114 24 322 19 547 7 484 3 492 0 0 0 0 0 0
30 2212 13 27 3 16 0 0 5 198 0 0 0 0 0 0 0 0 0 0
30 2213 38 50 3 17 4 59 0 0 0 0 0 0 0 0 0 0 0 0
30 22132 5 5 0 0 0 0 0 0 0 0 0 0 0 0 0 0 0 0
30 23 4393 6071 739 4807 351 4635 147 4310 47 3011 22 3532 4 1568 0 0 0 0
30 3 677 1175 256 1710 199 2674 143 4340 48 3377 28 4700 6 1874 0 0 0 0
30 31 677 1175 256 1710 199 2674 143 4340 48 3377 28 4700 6 1874 0 0 0 0
30 311 63 121 26 164 30 385 22 705 5 379 3 428 0 0 0 0 0 0
30 3113 3 8 0 0 3 31 0 0 0 0 0 0 0 0 0 0 0 0
30 3114 7 7 0 0 0 0 0 0 0 0 0 0 0 0 0 0 0 0
30 3115 3 8 0 0 0 0 0 0 3 229 0 0 0 0 0 0 0 0
30 3116 20 46 11 61 9 124 5 146 0 0 0 0 0 0 0 0 0 0
30 3118 10 18 7 51 8 111 3 106 0 0 0 0 0 0 0 0 0 0
30 311811 5 7 3 22 5 72 0 0 0 0 0 0 0 0 0 0 0 0
30 3121 42 51 33 227 25 311 14 407 4 258 0 0 0 0 0 0 0 0
30 3122 42 51 33 227 25 311 14 407 4 258 0 0 0 0 0 0 0 0
30 3131 3 3 0 0 0 0 0 0 0 0 0 0 0 0 0 0 0 0
30 3132 3 3 0 0 0 0 0 0 0 0 0 0 0 0 0 0 0 0
30 314 21 36 5 32 6 88 0 0 0 0 0 0 0 0 0 0 0 0
30 315 9 10 0 0 0 0 0 0 0 0 0 0 0 0 0 0 0 0
30 316 16 33 6 43 0 0 0 0 0 0 0 0 0 0 0 0 0 0
30 3162 3 4 0 0 0 0 0 0 0 0 0 0 0 0 0 0 0 0
30 3211 18 37 6 50 5 69 0 0 4 312 5 833 0 0 0 0 0 0
30 3212 5 8 3 21 7 92 5 153 0 0 3 580 0 0 0 0 0 0
30 3219 39 80 14 95 10 129 7 178 0 0 0 0 0 0 0 0 0 0
30 32199 22 39 6 37 5 69 4 102 0 0 0 0 0 0 0 0 0 0
30 3231 45 84 20 129 12 161 10 291 0 0 0 0 0 0 0 0 0 0
30 325 17 28 9 60 11 164 4 137 0 0 0 0 0 0 0 0 0 0
30 3252 0 0 0 0 3 45 0 0 0 0 0 0 0 0 0 0 0 0
30 3253 4 9 3 23 0 0 0 0 0 0 0 0 0 0 0 0 0 0
30 3254 3 8 0 0 0 0 0 0 0 0 0 0 0 0 0 0 0 0
30 3255 17 28 9 60 11 164 4 137 0 0 0 0 0 0 0 0 0 0
30 3256 4 3 3 16 0 0 0 0 0 0 0 0 0 0 0 0 0 0
30 3261 8 26 0 0 3 46 3 112 3 201 0 0 0 0 0 0 0 0
30 3262 9 28 0 0 3 46 3 112 3 201 0 0 0 0 0 0 0 0
30 32621 9 28 0 0 3 46 3 112 3 201 0 0 0 0 0 0 0 0
30 327 39 57 17 123 16 222 11 305 5 357 0 0 0 0 0 0 0 0
30 3272 3 3 0 0 0 0 0 0 0 0 0 0 0 0 0 0 0 0
30 3279 7 15 7 50 3 44 0 0 0 0 0 0 0 0 0 0 0 0
30 331 9 17 0 0 0 0 0 0 0 0 3 559 0 0 0 0 0 0
30 3313 9 17 0 0 0 0 0 0 0 0 3 559 0 0 0 0 0 0
30 3315 8 15 0 0 0 0 0 0 0 0 0 0 0 0 0 0 0 0
30 332 128 202 41 267 27 354 28 843 4 271 0 0 0 0 0 0 0 0
30 3322 6 7 0 0 0 0 0 0 0 0 0 0 0 0 0 0 0 0
30 3327 47 82 15 96 5 64 11 294 0 0 0 0 0 0 0 0 0 0
30 3328 12 23 0 0 0 0 0 0 0 0 0 0 0 0 0 0 0 0
30 33299 19 30 9 65 9 126 7 219 0 0 0 0 0 0 0 0 0 0
30 333 26 45 7 51 9 118 9 311 0 0 0 0 0 0 0 0 0 0
30 3331 9 21 5 35 0 0 3 114 0 0 0 0 0 0 0 0 0 0
30 33311 6 17 0 0 0 0 0 0 0 0 0 0 0 0 0 0 0 0
30 3333 4 4 0 0 0 0 0 0 0 0 0 0 0 0 0 0 0 0
30 3335 5 6 0 0 0 0 0 0 0 0 0 0 0 0 0 0 0 0
30 3336 26 45 7 51 9 118 9 311 0 0 0 0 0 0 0 0 0 0
30 334 8 19 5 32 0 0 6 190 4 297 0 0 0 0 0 0 0 0
30 3341 8 19 5 32 0 0 6 190 4 297 0 0 0 0 0 0 0 0
30 3345 4 11 0 0 0 0 4 118 3 204 0 0 0 0 0 0 0 0
30 335 3 9 0 0 0 0 0 0 0 0 0 0 0 0 0 0 0 0
30 3352 3 9 0 0 0 0 0 0 0 0 0 0 0 0 0 0 0 0
30 336 25 38 9 59 7 98 5 145 0 0 3 527 0 0 0 0 0 0
30 33641 5 10 0 0 0 0 0 0 0 0 0 0 0 0 0 0 0 0
30 3365 25 38 9 59 7 98 5 145 0 0 3 527 0 0 0 0 0 0
30 3366 3 3 0 0 0 0 0 0 0 0 0 0 0 0 0 0 0 0
30 3369 4 2 0 0 0 0 0 0 0 0 0 0 0 0 0 0 0 0
30 337 52 106 26 177 13 180 4 123 0 0 0 0 0 0 0 0 0 0
30 3391 35 68 14 84 0 0 0 0 0 0 0 0 0 0 0 0 0 0
30 3399 64 95 9 53 9 145 8 257 3 194 0 0 0 0 0 0 0 0
30 4 2034 3990 1128 7495 790 10663 481 14170 111 7530 70 9267 17 5099 0 0 0 0
30 42 783 1369 361 2431 233 3125 140 4193 31 2340 11 1529 0 0 0 0 0 0
30 4231 34 66 13 78 15 174 12 378 3 230 0 0 0 0 0 0 0 0
30 4232 18 25 4 27 3 35 0 0 0 0 0 0 0 0 0 0 0 0
30 4233 58 86 26 175 15 193 12 382 0 0 0 0 0 0 0 0 0 0
30 4234 75 120 25 155 14 203 4 104 0 0 0 0 0 0 0 0 0 0
30 4235 10 16 4 27 4 71 4 107 0 0 0 0 0 0 0 0 0 0
30 4236 39 74 16 110 11 155 5 134 0 0 0 0 0 0 0 0 0 0
30 4237 21 53 22 155 17 219 3 80 0 0 0 0 0 0 0 0 0 0
30 4238 112 224 65 449 53 702 34 963 3 211 0 0 0 0 0 0 0 0
30 4239 62 106 18 118 9 121 9 264 0 0 0 0 0 0 0 0 0 0
30 42393 7 17 5 32 6 82 5 148 0 0 0 0 0 0 0 0 0 0
30 424 219 410 150 1010 83 1122 50 1546 21 1634 6 794 0 0 0 0 0 0
30 4241 12 26 5 36 5 75 0 0 0 0 0 0 0 0 0 0 0 0
30 4243 5 9 3 20 0 0 0 0 0 0 0 0 0 0 0 0 0 0
30 4244 54 104 23 158 19 237 12 435 10 680 0 0 0 0 0 0 0 0
30 4245 30 61 27 191 14 194 9 259 0 0 0 0 0 0 0 0 0 0
30 4247 23 54 15 87 11 154 12 328 0 0 0 0 0 0 0 0 0 0
30 4248 5 8 4 33 5 68 6 184 7 613 0 0 0 0 0 0 0 0
30 4249 59 95 47 326 18 224 4 142 0 0 0 0 0 0 0 0 0 0
30 42491 43 76 30 206 15 183 3 104 0 0 0 0 0 0 0 0 0 0
30 4251 135 189 18 127 9 130 6 211 0 0 0 0 0 0 0 0 0 0
30 4411 89 146 23 165 33 485 49 1514 17 1182 8 994 0 0 0 0 0 0
30 4412 39 79 28 192 36 470 13 416 0 0 0 0 0 0 0 0 0 0
30 4413 96 243 125 860 84 1047 20 534 0 0 0 0 0 0 0 0 0 0
30 442 127 280 68 425 40 539 18 478 0 0 0 0 0 0 0 0 0 0
30 443141 19 44 8 46 7 87 5 132 0 0 0 0 0 0 0 0 0 0
30 443142 46 94 24 146 8 96 0 0 3 186 0 0 0 0 0 0 0 0
30 4441 150 320 106 691 75 1022 53 1580 5 343 12 1748 0 0 0 0 0 0
30 44413 40 78 25 164 15 200 31 947 0 0 0 0 0 0 0 0 0 0
30 4442 65 145 24 166 18 222 17 537 6 356 0 0 0 0 0 0 0 0
30 44511 35 66 34 238 49 706 62 2061 39 2683 31 3754 0 0 0 0 0 0
30 44512 13 23 6 42 3 30 0 0 0 0 0 0 0 0 0 0 0 0
30 4452 45 72 15 94 13 161 8 189 0 0 0 0 0 0 0 0 0 0
30 4453 41 97 23 141 8 115 3 108 0 0 0 0 0 0 0 0 0 0
30 446 98 205 78 520 43 580 36 1002 0 0 0 0 0 0 0 0 0 0
30 44611 15 31 43 299 29 393 29 730 0 0 0 0 0 0 0 0 0 0
30 447 103 224 148 1027 170 2390 65 1636 6 359 0 0 0 0 0 0 0 0
30 4481 127 262 82 556 38 476 25 786 3 188 0 0 0 0 0 0 0 0
30 44821 18 53 19 118 7 81 0 0 0 0 0 0 0 0 0 0 0 0
30 4483 46 82 26 170 8 94 0 0 0 0 0 0 0 0 0 0 0 0
30 4511 162 301 62 416 36 469 30 926 6 393 3 360 0 0 0 0 0 0
30 45113 31 53 10 60 7 100 4 108 0 0 0 0 0 0 0 0 0 0
30 45114 12 24 3 22 0 0 0 0 0 0 0 0 0 0 0 0 0 0
30 45121 18 41 7 49 3 34 3 75 0 0 0 0 0 0 0 0 0 0
30 45221 0 0 0 0 0 0 4 166 13 904 0 0 0 0 0 0 0 0
30 4523 23 37 15 105 11 180 25 750 7 525 12 1924 14 4219 0 0 0 0
30 4531 40 89 12 74 3 34 3 100 0 0 0 0 0 0 0 0 0 0
30 45321 14 32 6 40 9 145 6 136 0 0 0 0 0 0 0 0 0 0
30 45322 92 160 27 177 15 195 5 188 0 0 0 0 0 0 0 0 0 0
30 4533 72 139 35 229 10 133 8 274 0 0 0 0 0 0 0 0 0 0
30 4539 165 316 53 328 25 353 10 254 0 0 0 0 0 0 0 0 0 0
30 454110 138 204 26 165 14 187 7 184 0 0 0 0 0 0 0 0 0 0
30 4542 12 18 0 0 0 0 0 0 0 0 0 0 0 0 0 0 0 0
30 454310 17 41 22 150 8 114 0 0 0 0 0 0 0 0 0 0 0 0
30 45439 124 177 26 165 15 200 0 0 0 0 0 0 0 0 0 0 0 0
30 481 37 73 4 27 8 125 11 385 5 336 0 0 0 0 0 0 0 0
30 482 925 1372 187 1238 148 2018 93 2781 29 1943 16 2333 0 0 0 0 0 0
30 483 925 1372 187 1238 148 2018 93 2781 29 1943 16 2333 0 0 0 0 0 0
30 484 628 869 97 644 83 1107 40 1204 12 786 0 0 0 0 0 0 0 0
30 485 36 58 24 162 13 184 10 293 0 0 4 595 0 0 0 0 0 0
30 4853 8 9 4 22 3 43 0 0 0 0 0 0 0 0 0 0 0 0
30 486 15 27 6 41 3 43 0 0 0 0 0 0 0 0 0 0 0 0
30 487 11 17 0 0 0 0 0 0 0 0 0 0 0 0 0 0 0 0
30 488 150 257 37 244 22 309 8 232 0 0 3 338 0 0 0 0 0 0
30 492 27 40 15 99 12 162 15 432 7 429 5 734 0 0 0 0 0 0
30 493 21 31 3 17 6 79 6 163 0 0 0 0 0 0 0 0 0 0
30 5111 51 96 31 201 9 111 8 276 0 0 0 0 0 0 0 0 0 0
30 51111 23 51 22 149 8 98 7 242 0 0 0 0 0 0 0 0 0 0
30 5112 22 43 10 72 6 94 4 133 3 220 4 572 0 0 0 0 0 0
30 5121 53 73 15 103 11 160 9 257 0 0 0 0 0 0 0 0 0 0
30 5122 6 8 0 0 0 0 0 0 0 0 0 0 0 0 0 0 0 0
30 515 25 48 14 105 17 208 7 184 4 319 0 0 0 0 0 0 0 0
30 517 152 309 77 488 33 426 25 680 4 291 3 413 0 0 0 0 0 0
30 517311 106 208 32 200 18 234 18 535 4 291 3 413 0 0 0 0 0 0
30 5182 33 54 3 21 5 66 3 84 5 328 0 0 0 0 0 0 0 0
30 5191 28 47 0 0 0 0 0 0 0 0 0 0 0 0 0 0 0 0
30 51912 4 9 0 0 0 0 0 0 0 0 0 0 0 0 0 0 0 0
30 51913 22 34 0 0 0 0 0 0 0 0 0 0 0 0 0 0 0 0
30 52 1239 2314 385 2480 241 3189 115 3088 26 1718 8 1227 4 1306 0 0 0 0
30 522 264 544 197 1337 166 2204 87 2328 18 1208 4 631 0 0 0 0 0 0
30 5221 114 268 161 1108 142 1886 82 2208 15 1028 3 485 0 0 0 0 0 0
30 5241 73 124 25 169 12 166 7 181 0 0 0 0 0 0 0 0 0 0
30 5242 583 1129 119 723 43 532 15 435 4 255 3 473 0 0 0 0 0 0
30 53 1825 2333 201 1245 87 1130 30 843 8 513 0 0 0 0 0 0 0 0
30 531 1679 2109 140 847 48 617 17 469 5 339 0 0 0 0 0 0 0 0
30 5313 353 487 53 322 27 358 9 271 3 182 0 0 0 0 0 0 0 0
30 532 138 219 59 388 38 495 12 344 3 174 0 0 0 0 0 0 0 0
30 5321 31 55 19 138 15 202 4 100 0 0 0 0 0 0 0 0 0 0
30 5411 583 905 124 807 44 568 16 510 0 0 0 0 0 0 0 0 0 0
30 5412 459 716 124 791 48 634 22 624 4 262 0 0 0 0 0 0 0 0
30 5413 485 710 95 635 70 950 40 1225 11 777 4 488 0 0 0 0 0 0
30 5414 90 121 12 86 3 36 0 0 0 0 0 0 0 0 0 0 0 0
30 5415 302 429 36 239 29 405 10 296 4 235 0 0 0 0 0 0 0 0
30 5416 684 754 50 326 23 314 13 413 0 0 0 0 0 0 0 0 0 0
30 5417 50 83 16 105 13 192 4 125 4 250 0 0 0 0 0 0 0 0
30 5418 85 108 13 81 6 75 4 159 3 155 0 0 0 0 0 0 0 0
30 5419 212 297 76 506 55 700 18 483 0 0 0 0 0 0 0 0 0 0
30 54194 84 163 72 482 52 658 17 459 0 0 0 0 0 0 0 0 0 0
30 55 65 109 13 91 21 278 19 591 4 264 7 1254 0 0 0 0 0 0
30 561 1298 1719 249 1610 137 1783 85 2492 21 1528 16 2459 7 2016 0 0 0 0
30 5613 78 99 13 84 13 168 18 635 8 606 8 1261 3 806 0 0 0 0
30 5614 92 153 24 156 13 187 8 210 0 0 0 0 0 0 0 0 0 0
30 5615 62 83 11 70 4 54 6 204 0 0 0 0 0 0 0 0 0 0
30 5616 56 115 15 88 11 152 10 318 3 225 0 0 0 0 0 0 0 0
30 5617 842 1010 152 996 82 1031 31 799 6 401 0 0 0 0 0 0 0 0
30 56173 485 476 59 390 38 485 11 268 0 0 0 0 0 0 0 0 0 0
30 562 91 142 27 173 19 283 13 372 0 0 0 0 0 0 0 0 0 0
30 611 224 349 76 513 53 707 37 1150 12 813 4 503 4 1183 0 0 0 0
30 6111 16 21 15 102 20 279 19 627 9 614 0 0 0 0 0 0 0 0
30 621 1287 2092 508 3399 274 3620 156 4794 49 3202 16 2408 0 0 0 0 0 0
30 6211 263 407 81 515 56 737 52 1628 11 735 5 874 0 0 0 0 0 0
30 6212 159 309 203 1375 101 1286 16 433 0 0 0 0 0 0 0 0 0 0
30 6213 720 1120 151 1008 50 641 13 436 3 172 0 0 0 0 0 0 0 0
30 62131 190 337 41 270 5 57 0 0 0 0 0 0 0 0 0 0 0 0
30 62132 49 101 27 182 14 193 4 111 0 0 0 0 0 0 0 0 0 0
30 6214 70 114 35 234 39 525 43 1338 19 1196 4 463 0 0 0 0 0 0
30 6216 22 33 15 108 12 185 20 596 9 608 6 958 0 0 0 0 0 0
30 622 0 0 0 0 0 0 6 243 20 1583 16 2530 15 5006 3 2142 8 13181
30 623 45 98 80 593 131 1801 82 2553 62 4307 19 2512 3 950 0 0 0 0
30 6231 3 4 5 35 0 0 19 691 27 1950 8 1004 0 0 0 0 0 0
30 6241 249 383 72 468 51 701 60 1872 20 1359 9 1332 0 0 0 0 0 0
30 6242 36 90 33 224 19 257 6 215 0 0 0 0 0 0 0 0 0 0
30 6243 16 26 4 21 8 101 12 382 0 0 0 0 0 0 0 0 0 0
30 6244 282 462 71 476 71 979 29 775 7 390 0 0 0 0 0 0 0 0
30 711 182 234 20 126 14 186 4 126 0 0 0 0 0 0 0 0 0 0
30 7111 16 30 7 45 7 101 3 93 0 0 0 0 0 0 0 0 0 0
30 7112 12 11 3 20 4 50 0 0 0 0 0 0 0 0 0 0 0 0
30 7115 119 143 7 44 0 0 0 0 0 0 0 0 0 0 0 0 0 0
30 712 52 91 17 102 8 118 0 0 0 0 0 0 0 0 0 0 0 0
30 713 489 565 274 1806 124 1670 59 1725 21 1403 9 1468 0 0 0 0 0 0
30 71395 7 17 10 62 10 138 8 229 0 0 0 0 0 0 0 0 0 0
30 721 360 479 119 826 122 1807 113 3120 25 1765 10 1433 0 0 0 0 0 0
30 7211 242 338 99 691 111 1647 110 3057 25 1765 9 1304 0 0 0 0 0 0
30 722 856 1284 622 4248 621 8540 575 16910 141 9347 7 935 0 0 0 0 0 0
30 7224 191 357 201 1347 96 1268 32 835 0 0 0 0 0 0 0 0 0 0
30 8111 545 1033 191 1262 80 1072 18 493 0 0 0 0 0 0 0 0 0 0
30 811192 57 100 9 61 8 120 5 136 0 0 0 0 0 0 0 0 0 0
30 8112 45 76 6 43 0 0 0 0 0 0 0 0 0 0 0 0 0 0
30 8113 104 171 27 187 12 156 5 115 0 0 0 0 0 0 0 0 0 0
30 8114 64 82 8 60 3 42 0 0 0 0 0 0 0 0 0 0 0 0
30 8121 216 276 58 381 27 374 10 240 3 174 0 0 0 0 0 0 0 0
30 812111 10 11 3 20 0 0 0 0 0 0 0 0 0 0 0 0 0 0
30 812112 132 163 34 218 18 246 6 142 0 0 0 0 0 0 0 0 0 0
30 8122 47 82 14 86 18 229 0 0 0 0 0 0 0 0 0 0 0 0
30 8123 30 52 18 119 11 151 8 264 3 181 0 0 0 0 0 0 0 0
30 8129 124 167 31 213 16 205 0 0 0 0 0 0 0 0 0 0 0 0
30 813 1058 2012 320 2047 148 1931 57 1686 10 617 4 519 0 0 0 0 0 0
30 8131 507 1073 174 1083 67 872 29 875 7 413 0 0 0 0 0 0 0 0
30 8139 214 362 54 348 19 238 8 236 0 0 0 0 0 0 0 0 0 0
30 81393 39 70 22 143 7 84 0 0 0 0 0 0 0 0 0 0 0 0
30 814 2233 3951 673 4398 317 4182 98 2798 17 1028 5 665 0 0 0 0 0 0
31 111 132 193 28 187 17 220 13 392 3 266 0 0 0 0 0 0 0 0
31 112 132 193 28 187 17 220 13 392 3 266 0 0 0 0 0 0 0 0
31 113 3 4 0 0 0 0 0 0 0 0 0 0 0 0 0 0 0 0
31 114 132 193 28 187 17 220 13 392 3 266 0 0 0 0 0 0 0 0
31 115 127 187 26 177 17 220 13 392 3 266 0 0 0 0 0 0 0 0
31 211 11 16 0 0 0 0 0 0 0 0 0 0 0 0 0 0 0 0
31 2121 31 65 17 107 11 159 0 0 3 206 0 0 0 0 0 0 0 0
31 2122 31 65 17 107 11 159 0 0 3 206 0 0 0 0 0 0 0 0
31 2123 31 65 17 107 10 138 0 0 3 206 0 0 0 0 0 0 0 0
31 213 30 43 3 18 0 0 0 0 0 0 0 0 0 0 0 0 0 0
31 22 79 147 19 146 14 207 8 249 0 0 0 0 0 0 0 0 0 0
31 221 79 147 19 146 14 207 8 249 0 0 0 0 0 0 0 0 0 0
31 2211 15 36 7 51 3 56 4 129 0 0 0 0 0 0 0 0 0 0
31 2212 58 104 12 95 8 116 3 75 0 0 0 0 0 0 0 0 0 0
31 2213 6 7 0 0 3 35 0 0 0 0 0 0 0 0 0 0 0 0
31 22132 6 7 0 0 3 35 0 0 0 0 0 0 0 0 0 0 0 0
31 23 4464 6918 991 6408 567 7620 349 10505 93 6481 38 5635 8 3178 0 0 0 0
31 3 578 1081 309 2078 261 3540 281 8975 143 10336 96 15255 45 16256 26 17498 12 24791
31 31 578 1081 309 2078 261 3540 281 8975 143 10336 96 15255 45 16256 26 17498 12 24791
31 311 72 160 48 322 40 535 44 1488 27 1918 23 3555 15 6061 7 4405 9 19384
31 3114 3 4 0 0 0 0 0 0 0 0 0 0 0 0 0 0 0 0
31 3115 0 0 0 0 0 0 0 0 0 0 3 590 0 0 0 0 0 0
31 3116 29 78 25 168 13 161 11 424 8 593 8 1216 8 3089 6 3871 9 19384
31 3118 17 29 10 62 8 118 10 338 3 237 0 0 0 0 0 0 0 0
31 311811 12 18 9 55 3 43 6 209 0 0 0 0 0 0 0 0 0 0
31 3121 12 27 14 93 11 137 5 140 0 0 0 0 0 0 0 0 0 0
31 3122 12 27 14 93 11 137 5 140 0 0 0 0 0 0 0 0 0 0
31 3131 3 9 0 0 0 0 0 0 0 0 0 0 0 0 0 0 0 0
31 314 24 29 8 54 3 36 0 0 0 0 0 0 0 0 0 0 0 0
31 31411 4 5 0 0 0 0 0 0 0 0 0 0 0 0 0 0 0 0
31 315 5 4 0 0 0 0 0 0 0 0 0 0 0 0 0 0 0 0
31 3211 3 4 0 0 0 0 0 0 0 0 0 0 0 0 0 0 0 0
31 3219 17 37 11 77 9 118 8 235 3 180 4 629 0 0 0 0 0 0
31 32199 9 20 5 38 3 37 0 0 0 0 3 514 0 0 0 0 0 0
31 3221 0 0 0 0 0 0 3 88 4 338 5 764 0 0 0 0 0 0
31 3222 0 0 0 0 0 0 3 88 4 338 5 764 0 0 0 0 0 0
31 32221 0 0 0 0 0 0 0 0 3 239 4 617 0 0 0 0 0 0
31 3231 86 151 32 216 20 260 17 495 12 942 0 0 0 0 0 0 0 0
31 3241 3 4 0 0 0 0 0 0 0 0 0 0 0 0 0 0 0 0
31 32411 3 4 0 0 0 0 0 0 0 0 0 0 0 0 0 0 0 0
31 325 15 25 8 61 7 91 30 1018 19 1302 3 491 4 1316 0 0 0 0
31 3253 5 8 0 0 0 0 3 91 0 0 0 0 0 0 0 0 0 0
31 3254 7 14 0 0 3 49 0 0 4 256 0 0 3 945 0 0 0 0
31 3255 0 0 0 0 0 0 3 66 0 0 0 0 0 0 0 0 0 0
31 3261 17 26 8 52 13 201 9 336 10 808 9 1224 0 0 0 0 0 0
31 3262 0 0 0 0 0 0 3 110 0 0 0 0 3 1041 0 0 0 0
31 327 35 72 24 151 37 503 31 888 8 506 3 475 0 0 0 0 0 0
31 3279 3 3 5 32 5 66 3 88 0 0 0 0 0 0 0 0 0 0
31 331 3 4 0 0 0 0 5 159 0 0 0 0 0 0 0 0 0 0
31 3313 3 4 0 0 0 0 5 159 0 0 0 0 0 0 0 0 0 0
31 3314 3 4 0 0 0 0 5 159 0 0 0 0 0 0 0 0 0 0
31 3315 3 4 0 0 0 0 3 100 0 0 0 0 0 0 0 0 0 0
31 332 97 165 48 309 40 550 44 1342 20 1381 12 2361 0 0 3 1980 0 0
31 3321 0 0 0 0 3 34 0 0 0 0 0 0 0 0 0 0 0 0
31 3322 3 4 0 0 0 0 0 0 0 0 0 0 0 0 0 0 0 0
31 3327 55 101 23 153 13 170 12 374 7 474 0 0 0 0 0 0 0 0
31 3328 8 14 0 0 0 0 0 0 0 0 0 0 0 0 0 0 0 0
31 33299 7 9 5 32 3 46 3 77 3 198 0 0 0 0 0 0 0 0
31 333 55 104 41 292 31 451 29 986 18 1273 13 1937 6 2192 0 0 0 0
31 3331 26 42 17 120 14 208 11 349 7 472 3 461 4 1497 0 0 0 0
31 33311 24 41 15 107 14 208 9 272 7 472 0 0 4 1497 0 0 0 0
31 3333 3 8 0 0 0 0 0 0 0 0 0 0 0 0 0 0 0 0
31 3335 3 5 7 50 4 69 0 0 0 0 0 0 0 0 0 0 0 0
31 334 10 25 4 29 4 52 8 303 5 336 3 539 0 0 3 2139 0 0
31 3341 10 25 4 29 4 52 8 303 5 336 3 539 0 0 3 2139 0 0
31 3345 4 10 3 24 0 0 0 0 0 0 0 0 0 0 0 0 0 0
31 335 3 6 0 0 6 86 4 131 0 0 5 773 0 0 0 0 0 0
31 3352 3 6 0 0 6 86 4 131 0 0 5 773 0 0 0 0 0 0
31 336 14 24 15 99 8 107 13 425 0 0 9 1383 7 2256 5 3443 0 0
31 33641 0 0 3 23 0 0 0 0 0 0 0 0 0 0 0 0 0 0
31 3365 0 0 0 0 0 0 4 99 0 0 0 0 0 0 0 0 0 0
31 3366 14 24 15 99 8 107 13 425 0 0 9 1383 7 2256 5 3443 0 0
31 3369 3 6 3 20 0 0 0 0 0 0 0 0 0 0 0 0 0 0
31 337 30 50 11 79 8 101 5 142 3 209 0 0 0 0 0 0 0 0
31 3391 34 67 12 73 3 31 7 216 0 0 0 0 0 0 3 1788 0 0
31 3399 34 75 14 97 10 133 6 179 3 253 0 0 0 0 0 0 0 0
31 4 2747 5501 1904 12758 1295 17157 720 20731 177 11767 127 18341 54 18816 8 4700 0 0
31 42 1404 2507 672 4531 522 7250 390 11618 84 5662 36 5393 8 2845 0 0 0 0
31 4231 54 102 40 258 33 436 32 1112 14 932 0 0 0 0 0 0 0 0
31 4232 29 50 8 51 12 175 4 106 0 0 0 0 0 0 0 0 0 0
31 4233 52 82 28 193 21 301 15 436 0 0 0 0 0 0 0 0 0 0
31 4234 125 210 29 192 25 339 24 725 10 673 4 609 0 0 0 0 0 0
31 4235 10 25 13 87 4 47 6 173 3 258 0 0 0 0 0 0 0 0
31 4236 50 105 41 302 29 424 19 568 0 0 0 0 0 0 0 0 0 0
31 4237 55 126 48 323 32 419 14 374 5 388 0 0 0 0 0 0 0 0
31 4238 216 385 124 821 115 1636 102 2918 15 990 4 546 0 0 0 0 0 0
31 4239 60 102 23 148 18 243 13 425 0 0 0 0 0 0 0 0 0 0
31 42393 28 56 10 64 10 132 6 171 0 0 0 0 0 0 0 0 0 0
31 424 597 1073 304 2060 222 3095 146 4338 31 2032 20 3048 7 2561 0 0 0 0
31 4241 17 25 11 77 5 54 7 218 0 0 0 0 0 0 0 0 0 0
31 4243 9 11 0 0 0 0 0 0 0 0 0 0 0 0 0 0 0 0
31 4244 92 155 20 142 22 315 22 671 9 528 9 1319 4 1318 0 0 0 0
31 4245 184 337 104 706 74 1069 49 1492 8 539 0 0 0 0 0 0 0 0
31 4247 26 51 13 89 9 127 6 152 0 0 0 0 0 0 0 0 0 0
31 4248 4 7 3 20 3 50 4 95 4 293 4 755 0 0 0 0 0 0
31 4249 206 379 115 791 84 1143 45 1340 5 351 3 457 0 0 0 0 0 0
31 42491 153 281 105 730 74 1001 36 1009 4 275 0 0 0 0 0 0 0 0
31 4251 156 247 14 96 11 135 15 443 3 193 3 420 0 0 0 0 0 0
31 4411 198 359 74 484 55 765 60 1859 33 2338 19 2628 0 0 0 0 0 0
31 4412 51 101 25 163 18 269 7 234 0 0 0 0 0 0 0 0 0 0
31 4413 173 370 165 1176 115 1540 19 540 0 0 0 0 0 0 0 0 0 0
31 442 123 236 54 381 43 576 25 748 7 415 0 0 0 0 0 0 0 0
31 443141 40 75 11 70 6 72 0 0 0 0 0 0 0 0 0 0 0 0
31 443142 59 141 45 278 6 79 4 120 4 242 3 299 0 0 0 0 0 0
31 4441 202 448 150 956 92 1204 40 1088 5 426 29 4710 0 0 0 0 0 0
31 44413 67 124 45 280 34 489 17 440 0 0 0 0 0 0 0 0 0 0
31 4442 90 203 52 363 61 798 17 447 0 0 0 0 0 0 0 0 0 0
31 44511 99 154 56 397 85 1169 74 2344 54 3531 26 3230 18 7110 6 3362 0 0
31 44512 27 48 9 63 0 0 0 0 0 0 0 0 0 0 0 0 0 0
31 4452 60 125 39 257 19 252 0 0 0 0 0 0 0 0 0 0 0 0
31 4453 70 148 48 314 10 124 0 0 0 0 0 0 0 0 0 0 0 0
31 446 210 482 136 855 84 1133 109 3044 8 570 0 0 0 0 0 0 0 0
31 44611 51 127 58 362 52 703 92 2533 3 252 0 0 0 0 0 0 0 0
31 447 194 488 342 2405 306 4054 135 3383 6 357 0 0 0 0 0 0 0 0
31 4481 177 361 161 1054 123 1528 60 1801 16 929 0 0 0 0 0 0 0 0
31 44821 39 88 56 372 27 336 8 260 0 0 0 0 0 0 0 0 0 0
31 4483 40 86 38 252 13 163 0 0 0 0 0 0 0 0 0 0 0 0
31 4511 110 207 41 258 32 432 34 1020 6 381 0 0 0 0 0 0 0 0
31 45113 18 35 6 43 3 42 3 106 0 0 0 0 0 0 0 0 0 0
31 45114 14 33 4 27 3 41 4 106 0 0 0 0 0 0 0 0 0 0
31 45121 25 52 12 73 5 62 7 217 0 0 0 0 0 0 0 0 0 0
31 45221 0 0 0 0 0 0 5 221 20 1448 6 732 0 0 0 0 0 0
31 4523 32 39 145 931 55 760 40 1162 0 0 30 4830 25 7536 0 0 0 0
31 4531 89 178 26 186 7 90 0 0 0 0 0 0 0 0 0 0 0 0
31 45321 17 37 4 23 13 181 4 79 0 0 0 0 0 0 0 0 0 0
31 45322 49 93 34 230 18 225 5 187 0 0 0 0 0 0 0 0 0 0
31 4533 69 133 42 305 24 320 23 651 0 0 0 0 0 0 0 0 0 0
31 4539 157 304 61 403 34 446 11 299 0 0 0 0 0 0 0 0 0 0
31 454110 157 247 37 232 15 186 16 509 6 382 5 703 5 1673 0 0 0 0
31 4542 11 19 6 42 5 77 0 0 0 0 0 0 0 0 0 0 0 0
31 454310 28 70 11 75 4 50 0 0 0 0 0 0 0 0 0 0 0 0
31 45439 151 209 24 160 18 237 6 177 0 0 0 0 0 0 0 0 0 0
31 481 13 18 0 0 3 46 4 145 5 408 0 0 0 0 0 0 0 0
31 482 1687 2482 308 2024 215 2889 145 4295 72 4914 32 4823 9 3128 5 3265 4 5209
31 483 1687 2482 308 2024 215 2889 145 4295 72 4914 32 4823 9 3128 5 3265 4 5209
31 484 1394 1975 194 1271 135 1792 73 2135 37 2550 17 2678 4 1364 0 0 0 0
31 485 33 49 17 109 15 214 18 530 5 280 0 0 0 0 0 0 0 0
31 4853 13 19 4 29 4 61 0 0 0 0 0 0 0 0 0 0 0 0
31 486 26 50 13 84 7 98 0 0 0 0 0 0 0 0 0 0 0 0
31 488 148 270 43 296 26 337 17 523 6 373 0 0 0 0 0 0 0 0
31 492 33 55 16 108 19 257 15 460 8 550 5 741 0 0 0 0 0 0
31 493 38 60 22 133 10 145 17 477 11 753 5 731 4 1340 0 0 0 0
31 5111 83 150 34 216 22 281 14 484 6 394 3 477 0 0 0 0 0 0
31 51111 59 109 28 172 17 220 8 287 4 288 0 0 0 0 0 0 0 0
31 5112 28 39 5 36 6 71 11 392 7 540 7 1164 0 0 0 0 0 0
31 5121 47 59 7 46 15 201 12 389 0 0 3 411 0 0 0 0 0 0
31 5122 6 7 3 17 0 0 0 0 0 0 0 0 0 0 0 0 0 0
31 515 21 36 11 73 18 237 10 287 8 536 0 0 0 0 0 0 0 0
31 517 239 583 92 611 56 788 34 952 5 365 3 644 3 1261 0 0 0 0
31 517311 146 294 59 402 31 434 21 634 5 365 3 644 3 1261 0 0 0 0
31 5182 36 62 14 96 11 148 9 272 11 685 7 1081 0 0 0 0 0 0
31 5191 28 32 5 34 4 48 4 129 0 0 0 0 0 0 0 0 0 0
31 51912 6 9 0 0 0 0 0 0 0 0 0 0 0 0 0 0 0 0
31 51913 21 22 4 28 4 48 3 110 0 0 0 0 0 0 0 0 0 0
31 52 2775 5182 860 5743 405 5441 221 6744 64 4443 47 7240 28 10888 15 9854 10 17089
31 522 597 1454 508 3451 270 3688 153 4551 32 2110 18 2704 12 5189 7 4825 5 8625
31 5221 337 934 447 3051 241 3268 128 3778 19 1273 14 2007 4 1481 0 0 0 0
31 5241 233 362 45 311 32 407 19 613 16 1207 17 2744 9 3393 7 4529 5 8464
31 5242 1315 2343 221 1420 64 817 29 911 12 821 7 1025 0 0 0 0 0 0
31 53 1951 2616 235 1503 134 1854 55 1725 12 794 12 1785 3 1131 0 0 0 0
31 531 1780 2338 159 1013 82 1134 35 1083 9 583 9 1342 3 1131 0 0 0 0
31 5313 321 507 43 284 29 401 11 308 3 186 8 1157 3 1131 0 0 0 0
31 532 162 262 74 475 49 668 18 577 3 211 0 0 0 0 0 0 0 0
31 5321 51 80 17 110 11 138 7 190 0 0 0 0 0 0 0 0 0 0
31 5411 665 1196 146 914 69 914 32 909 9 531 6 952 0 0 0 0 0 0
31 5412 497 844 141 985 102 1287 35 976 10 633 6 930 0 0 0 0 0 0
31 5413 301 505 66 469 61 872 39 1208 18 1229 8 1126 5 1583 0 0 0 0
31 5414 132 191 18 124 8 111 0 0 0 0 0 0 0 0 0 0 0 0
31 5415 444 617 68 430 44 615 39 1228 11 747 11 1610 3 903 0 0 0 0
31 5416 714 900 63 399 37 478 24 802 16 1083 0 0 0 0 0 0 0 0
31 5417 37 77 13 98 6 73 8 285 0 0 0 0 0 0 0 0 0 0
31 5418 125 203 40 282 17 233 15 422 0 0 3 507 0 0 0 0 0 0
31 5419 281 439 103 698 98 1317 40 1204 4 255 0 0 0 0 0 0 0 0
31 54194 105 221 80 538 84 1127 31 900 3 187 0 0 0 0 0 0 0 0
31 55 114 201 50 352 56 784 56 1774 30 2001 18 2872 8 2488 10 7001 0 0
31 561 1610 2231 359 2369 243 3371 181 5440 83 5737 67 9920 23 7887 9 6026 8 21963
31 5613 143 201 21 132 24 350 36 1036 39 2811 26 3707 11 3726 4 3066 8 21963
31 5614 112 164 32 211 19 260 15 508 15 1110 13 1898 6 1962 0 0 0 0
31 5615 39 71 11 71 6 87 4 123 3 212 0 0 0 0 0 0 0 0
31 5616 46 63 22 155 23 329 17 507 3 210 8 1121 0 0 0 0 0 0
31 5617 1088 1467 224 1482 132 1782 79 2449 14 851 13 1977 5 1908 0 0 0 0
31 56173 683 818 111 726 53 723 28 853 0 0 0 0 0 0 0 0 0 0
31 562 103 215 49 341 30 389 24 677 5 330 3 451 0 0 0 0 0 0
31 611 255 422 119 800 85 1112 75 2311 36 2552 9 1264 5 1964 4 2550 0 0
31 6111 24 59 34 228 32 429 37 1277 29 2050 4 508 0 0 0 0 0 0
31 621 2002 3575 833 5598 536 7186 343 10103 85 5638 35 4742 6 1859 0 0 0 0
31 6211 461 747 183 1270 153 2131 166 4968 37 2557 19 2631 0 0 0 0 0 0
31 6212 277 590 320 2126 157 1979 30 775 0 0 0 0 0 0 0 0 0 0
31 6213 990 1795 236 1572 106 1382 55 1533 6 398 0 0 3 898 0 0 0 0
31 62131 357 755 47 307 14 160 5 145 0 0 0 0 0 0 0 0 0 0
31 62132 99 200 53 346 25 308 8 208 0 0 0 0 0 0 0 0 0 0
31 6214 175 290 51 338 71 998 47 1323 12 734 5 714 0 0 0 0 0 0
31 6216 35 44 19 135 24 337 24 753 21 1388 4 539 0 0 0 0 0 0
31 622 0 0 0 0 0 0 9 325 15 1045 43 6882 14 4717 13 9374 11 23334
31 623 62 57 63 441 50 706 135 4431 125 8826 64 9270 7 2288 0 0 0 0
31 6231 31 0 7 56 0 0 32 1271 74 5346 38 5546 3 856 0 0 0 0
31 6241 316 565 101 682 82 1170 80 2522 27 1772 13 1955 3 867 0 0 0 0
31 6242 66 138 24 164 20 257 10 288 3 209 0 0 0 0 0 0 0 0
31 6243 38 72 8 54 3 46 6 201 8 570 0 0 0 0 0 0 0 0
31 6244 265 437 112 790 164 2280 140 4091 18 1086 4 621 0 0 0 0 0 0
31 711 150 234 23 151 14 185 15 443 4 309 6 789 0 0 0 0 0 0
31 7111 25 45 4 26 0 0 4 131 0 0 0 0 0 0 0 0 0 0
31 7112 15 25 0 0 0 0 5 150 0 0 3 450 0 0 0 0 0 0
31 7115 66 79 6 41 4 57 0 0 0 0 0 0 0 0 0 0 0 0
31 712 46 65 14 78 4 58 5 153 5 373 0 0 0 0 0 0 0 0
31 713 348 557 106 727 92 1244 78 2488 30 2230 22 3467 0 0 0 0 0 0
31 71395 20 39 10 71 16 218 11 306 0 0 0 0 0 0 0 0 0 0
31 721 209 338 75 515 124 1765 103 3034 16 1034 9 1292 0 0 0 0 0 0
31 7211 153 255 70 484 121 1730 102 2999 16 1034 9 1292 0 0 0 0 0 0
31 722 1115 1869 702 4794 898 12645 1104 32141 207 13312 46 5832 0 0 0 0 0 0
31 7224 255 468 159 1041 80 1095 33 870 3 185 0 0 0 0 0 0 0 0
31 8111 905 1746 304 1953 103 1306 36 1104 7 401 0 0 0 0 0 0 0 0
31 811192 102 178 16 115 13 168 14 469 3 163 0 0 0 0 0 0 0 0
31 8112 54 98 12 71 7 87 0 0 0 0 0 0 0 0 0 0 0 0
31 8113 193 320 59 382 25 315 9 244 0 0 0 0 0 0 0 0 0 0
31 8114 83 139 16 98 5 59 0 0 0 0 0 0 0 0 0 0 0 0
31 8121 590 826 165 1108 95 1197 31 894 3 223 0 0 0 0 0 0 0 0
31 812111 32 40 3 15 0 0 0 0 0 0 0 0 0 0 0 0 0 0
31 812112 414 594 109 750 67 856 23 652 0 0 0 0 0 0 0 0 0 0
31 8122 117 240 44 283 21 299 7 171 0 0 0 0 0 0 0 0 0 0
31 8123 74 140 23 154 13 181 11 407 5 410 0 0 0 0 0 0 0 0
31 8129 145 215 28 185 20 284 12 381 0 0 0 0 0 0 0 0 0 0
31 813 1631 3181 490 3126 241 3263 147 4517 36 2426 17 2241 0 0 0 0 0 0
31 8131 976 2023 317 1998 159 2155 104 3184 27 1854 11 1378 0 0 0 0 0 0
31 8139 249 430 73 471 32 444 16 540 0 0 0 0 0 0 0 0 0 0
31 81393 50 85 32 201 19 253 6 222 0 0 0 0 0 0 0 0 0 0
31 814 3792 6905 1141 7360 530 6991 257 7808 54 3667 23 2950 3 1030 0 0 0 0
32 111 40 64 11 72 3 52 0 0 0 0 0 0 0 0 0 0 0 0
32 112 40 64 11 72 3 52 0 0 0 0 0 0 0 0 0 0 0 0
32 113 40 64 11 72 3 52 0 0 0 0 0 0 0 0 0 0 0 0
32 1133 40 64 11 72 3 52 0 0 0 0 0 0 0 0 0 0 0 0
32 114 5 7 3 20 0 0 0 0 0 0 0 0 0 0 0 0 0 0
32 115 33 54 8 52 3 52 0 0 0 0 0 0 0 0 0 0 0 0
32 211 6 7 3 19 0 0 0 0 0 0 0 0 0 0 0 0 0 0
32 2121 32 54 17 125 21 296 12 425 6 387 3 446 3 1033 5 3355 3 6036
32 2122 19 39 5 34 9 121 5 197 4 280 0 0 3 1033 5 3355 3 6036
32 2123 13 15 12 91 12 175 7 228 0 0 0 0 0 0 0 0 0 0
32 213 38 50 12 81 7 90 7 222 0 0 3 400 0 0 0 0 0 0
32 22 54 103 14 93 15 226 30 903 3 216 5 837 3 1152 0 0 0 0
32 221 54 103 14 93 15 226 30 903 3 216 5 837 3 1152 0 0 0 0
32 2211 36 67 8 54 12 188 24 721 0 0 4 691 0 0 0 0 0 0
32 2212 4 6 0 0 0 0 4 110 0 0 0 0 0 0 0 0 0 0
32 2213 14 30 4 24 0 0 0 0 0 0 0 0 0 0 0 0 0 0
32 22132 14 30 4 24 0 0 0 0 0 0 0 0 0 0 0 0 0 0
32 23 2497 4090 985 6460 763 10253 613 18885 205 14276 132 18830 31 10541 5 3252 0 0
32 3 774 1340 362 2422 251 3464 287 8787 129 8835 80 11326 13 4170 4 2386 0 0
32 31 774 1340 362 2422 251 3464 287 8787 129 8835 80 11326 13 4170 4 2386 0 0
32 311 77 114 46 299 28 364 35 1056 17 1220 16 2419 0 0 0 0 0 0
32 3113 7 9 4 27 4 49 4 118 0 0 0 0 0 0 0 0 0 0
32 3114 4 6 3 17 0 0 4 136 0 0 0 0 0 0 0 0 0 0
32 3115 0 0 0 0 0 0 0 0 0 0 3 375 0 0 0 0 0 0
32 3116 5 10 3 24 0 0 0 0 0 0 0 0 0 0 0 0 0 0
32 3118 41 59 22 133 15 192 10 251 8 528 7 998 0 0 0 0 0 0
32 311811 29 40 18 104 10 130 7 187 0 0 0 0 0 0 0 0 0 0
32 3121 16 21 5 31 5 66 7 236 6 384 0 0 0 0 0 0 0 0
32 3122 18 26 5 31 5 66 7 236 6 384 0 0 0 0 0 0 0 0
32 3131 0 0 3 20 0 0 0 0 0 0 0 0 0 0 0 0 0 0
32 3132 0 0 3 20 0 0 0 0 0 0 0 0 0 0 0 0 0 0
32 3133 0 0 3 20 0 0 0 0 0 0 0 0 0 0 0 0 0 0
32 314 29 55 11 70 4 55 6 144 0 0 0 0 0 0 0 0 0 0
32 31411 5 11 4 24 0 0 3 71 0 0 0 0 0 0 0 0 0 0
32 315 20 33 5 29 0 0 0 0 0 0 0 0 0 0 0 0 0 0
32 316 6 8 0 0 0 0 0 0 0 0 0 0 0 0 0 0 0 0
32 3162 6 8 0 0 0 0 0 0 0 0 0 0 0 0 0 0 0 0
32 3212 0 0 0 0 0 0 0 0 0 0 4 615 0 0 0 0 0 0
32 3219 28 47 7 55 4 49 9 303 0 0 0 0 0 0 0 0 0 0
32 32199 18 18 0 0 0 0 3 79 0 0 0 0 0 0 0 0 0 0
32 3221 5 6 0 0 3 38 3 109 0 0 0 0 0 0 0 0 0 0
32 3222 4 5 0 0 0 0 3 109 0 0 0 0 0 0 0 0 0 0
32 3231 79 130 33 211 28 387 17 554 7 506 8 1139 0 0 0 0 0 0
32 3241 3 6 3 20 3 31 3 91 4 258 0 0 0 0 0 0 0 0
32 32411 3 6 3 20 3 31 3 91 4 258 0 0 0 0 0 0 0 0
32 325 38 49 18 129 14 197 15 424 7 514 3 348 0 0 0 0 0 0
32 3254 11 14 0 0 6 84 5 141 0 0 0 0 0 0 0 0 0 0
32 3256 9 17 4 29 0 0 0 0 0 0 0 0 0 0 0 0 0 0
32 3261 21 41 11 71 9 114 22 638 16 1142 6 984 0 0 0 0 0 0
32 3262 0 0 3 21 3 45 0 0 0 0 0 0 0 0 0 0 0 0
32 327 36 67 23 143 23 334 25 744 18 1218 8 1058 0 0 0 0 0 0
32 3272 0 0 0 0 3 46 0 0 0 0 0 0 0 0 0 0 0 0
32 3279 11 23 5 35 7 108 8 229 4 231 0 0 0 0 0 0 0 0
32 331 4 5 3 21 0 0 0 0 4 321 0 0 0 0 0 0 0 0
32 3313 4 5 3 21 0 0 0 0 4 321 0 0 0 0 0 0 0 0
32 3314 0 0 0 0 0 0 0 0 4 321 0 0 0 0 0 0 0 0
32 332 121 255 64 464 42 605 61 1932 14 888 10 1301 0 0 0 0 0 0
32 3321 3 5 0 0 0 0 0 0 0 0 0 0 0 0 0 0 0 0
32 3322 3 7 0 0 0 0 0 0 0 0 0 0 0 0 0 0 0 0
32 3327 30 48 21 138 9 137 15 446 0 0 0 0 0 0 0 0 0 0
32 3328 14 37 7 58 6 97 5 161 0 0 0 0 0 0 0 0 0 0
32 33299 14 28 7 53 3 40 5 134 0 0 0 0 0 0 0 0 0 0
32 333 36 71 17 121 10 152 20 589 3 175 4 556 0 0 0 0 0 0
32 3331 5 8 0 0 0 0 0 0 0 0 0 0 0 0 0 0 0 0
32 33311 5 8 0 0 0 0 0 0 0 0 0 0 0 0 0 0 0 0
32 3333 3 5 3 17 0 0 0 0 0 0 0 0 0 0 0 0 0 0
32 3335 5 13 6 41 0 0 4 110 0 0 0 0 0 0 0 0 0 0
32 334 42 74 12 83 17 234 17 552 5 279 4 533 0 0 0 0 0 0
32 3345 22 38 4 28 6 93 7 236 3 171 0 0 0 0 0 0 0 0
32 335 16 29 7 47 9 120 0 0 4 314 3 465 0 0 0 0 0 0
32 3352 16 29 7 47 9 120 0 0 4 314 3 465 0 0 0 0 0 0
32 336 28 32 11 68 6 81 6 197 4 289 0 0 0 0 0 0 0 0
32 33641 8 13 0 0 0 0 3 116 0 0 0 0 0 0 0 0 0 0
32 3365 28 32 11 68 6 81 6 197 4 289 0 0 0 0 0 0 0 0
32 3366 28 32 11 68 6 81 6 197 4 289 0 0 0 0 0 0 0 0
32 3369 3 2 0 0 0 0 0 0 0 0 0 0 0 0 0 0 0 0
32 337 45 85 25 178 13 192 9 279 0 0 6 859 0 0 0 0 0 0
32 3391 46 73 23 142 6 69 9 265 0 0 0 0 0 0 0 0 0 0
32 3399 68 121 28 173 20 269 16 485 10 645 0 0 3 997 0 0 0 0
32 4 3100 5643 2158 14760 1729 23015 956 28402 327 22256 272 37915 44 14001 5 3449 0 0
32 42 1660 2913 612 4101 413 5499 267 8137 82 5481 51 7467 15 4826 3 2142 0 0
32 4231 73 133 29 204 26 357 24 733 14 927 0 0 0 0 0 0 0 0
32 4232 60 100 31 208 13 181 5 182 0 0 0 0 0 0 0 0 0 0
32 4233 53 102 31 218 23 320 21 545 5 363 0 0 0 0 0 0 0 0
32 4234 200 345 49 342 34 434 33 994 6 417 5 712 0 0 0 0 0 0
32 4235 20 46 10 64 4 51 10 333 0 0 0 0 0 0 0 0 0 0
32 4236 121 237 61 425 36 488 30 899 8 505 4 450 0 0 0 0 0 0
32 4237 72 156 45 275 31 417 19 599 5 280 0 0 0 0 0 0 0 0
32 4238 163 346 96 643 58 783 29 908 10 703 4 699 3 927 0 0 0 0
32 4239 143 265 54 339 35 448 20 590 5 322 3 455 0 0 0 0 0 0
32 42393 13 30 11 63 9 106 7 196 0 0 0 0 0 0 0 0 0 0
32 424 491 833 185 1253 142 1878 70 2132 26 1791 26 3966 9 3054 0 0 0 0
32 4241 18 44 14 96 13 172 7 183 0 0 0 0 0 0 0 0 0 0
32 4243 42 64 13 94 9 107 3 109 0 0 0 0 0 0 0 0 0 0
32 4244 143 226 49 331 50 706 27 825 13 935 11 1706 6 1937 0 0 0 0
32 4245 5 11 3 19 0 0 0 0 0 0 0 0 0 0 0 0 0 0
32 4247 21 46 15 98 6 81 4 107 0 0 0 0 0 0 0 0 0 0
32 4248 20 37 0 0 4 50 4 148 3 175 7 979 0 0 0 0 0 0
32 4249 120 208 36 232 22 287 7 235 3 195 0 0 0 0 0 0 0 0
32 42491 13 27 0 0 3 34 0 0 0 0 0 0 0 0 0 0 0 0
32 4251 264 350 21 130 11 142 6 222 0 0 0 0 0 0 0 0 0 0
32 4411 100 155 28 180 30 387 26 918 35 2464 38 5603 3 999 0 0 0 0
32 4412 38 77 24 151 20 271 18 649 5 321 0 0 0 0 0 0 0 0
32 4413 102 160 126 894 181 2464 43 1122 3 173 0 0 0 0 0 0 0 0
32 442 170 348 69 464 60 827 37 1102 8 465 6 1081 0 0 0 0 0 0
32 443141 15 23 10 72 14 182 3 72 0 0 0 0 0 0 0 0 0 0
32 443142 56 124 47 318 14 165 7 225 9 656 8 874 0 0 0 0 0 0
32 4441 105 200 94 599 56 713 40 1107 4 253 38 5807 0 0 0 0 0 0
32 44413 25 52 16 104 16 211 16 403 0 0 0 0 0 0 0 0 0 0
32 4442 22 40 18 124 17 206 11 359 3 170 0 0 0 0 0 0 0 0
32 44511 47 82 23 179 29 427 44 1574 97 7275 89 10935 0 0 0 0 0 0
32 44512 123 239 103 685 54 646 5 155 0 0 0 0 0 0 0 0 0 0
32 4452 56 92 44 285 44 606 11 309 0 0 0 0 0 0 0 0 0 0
32 4453 72 144 51 321 21 280 10 346 0 0 0 0 0 0 0 0 0 0
32 446 291 519 226 1480 87 1112 198 5421 12 745 0 0 0 0 0 0 0 0
32 44611 55 97 36 232 28 394 164 4196 5 309 0 0 0 0 0 0 0 0
32 447 97 211 327 2398 278 3674 55 1523 13 859 3 353 0 0 0 0 0 0
32 4481 255 546 270 1927 310 4076 177 5244 70 4389 14 1977 0 0 0 0 0 0
32 44821 53 120 99 650 82 1102 37 1118 5 353 0 0 0 0 0 0 0 0
32 4483 77 167 101 694 58 744 11 275 0 0 0 0 0 0 0 0 0 0
32 4511 109 212 78 512 50 738 37 1252 5 287 0 0 0 0 0 0 0 0
32 45113 8 15 5 30 6 85 0 0 0 0 0 0 0 0 0 0 0 0
32 45114 7 15 7 44 0 0 5 142 0 0 0 0 0 0 0 0 0 0
32 45121 17 45 9 50 6 72 0 0 3 154 0 0 0 0 0 0 0 0
32 45221 0 0 0 0 0 0 3 127 13 915 17 2426 0 0 0 0 0 0
32 4523 28 53 43 291 55 772 73 2184 9 631 32 5132 33 10250 0 0 0 0
32 4531 42 81 12 88 7 80 3 73 0 0 0 0 0 0 0 0 0 0
32 45321 12 21 0 0 26 371 4 79 0 0 0 0 0 0 0 0 0 0
32 45322 74 162 78 546 59 755 13 381 6 422 4 529 0 0 0 0 0 0
32 4533 56 104 26 174 13 199 22 792 0 0 0 0 0 0 0 0 0 0
32 4539 306 570 114 732 70 944 42 1199 15 866 0 0 0 0 0 0 0 0
32 454110 512 763 81 572 44 643 18 557 7 514 7 1014 0 0 3 1958 0 0
32 4542 15 14 0 0 5 71 0 0 0 0 0 0 0 0 0 0 0 0
32 454310 19 38 17 111 11 137 0 0 0 0 0 0 0 0 0 0 0 0
32 45439 231 333 36 240 28 351 4 108 0 0 0 0 0 0 0 0 0 0
32 481 25 35 0 0 11 140 7 227 5 376 0 0 0 0 0 0 3 4746
32 482 974 1433 223 1444 231 3108 189 5810 92 6620 51 7839 26 8601 18 11499 7 9663
32 483 974 1433 223 1444 231 3108 189 5810 92 6620 51 7839 26 8601 18 11499 7 9663
32 484 530 656 86 545 80 1074 65 1980 36 2596 10 1266 0 0 0 0 0 0
32 485 48 77 18 128 24 349 15 511 19 1498 13 2225 7 2516 4 2563 0 0
32 4853 23 45 7 52 10 155 6 188 10 839 9 1526 7 2516 0 0 0 0
32 486 3 5 0 0 3 42 0 0 0 0 0 0 0 0 0 0 0 0
32 487 14 22 6 40 8 105 3 78 5 323 3 529 0 0 0 0 0 0
32 488 196 359 55 357 44 586 42 1247 9 605 6 935 0 0 4 2777 0 0
32 492 67 86 17 99 26 332 21 641 5 353 6 789 5 1638 0 0 0 0
32 493 89 188 39 261 35 480 36 1126 13 869 11 1863 7 2173 5 2992 3 3426
32 5111 76 129 28 189 12 159 5 143 0 0 0 0 0 0 0 0 0 0
32 51111 18 40 6 42 5 64 4 115 0 0 0 0 0 0 0 0 0 0
32 5112 114 167 26 166 16 215 13 388 10 694 0 0 0 0 0 0 0 0
32 5121 147 174 15 99 12 163 22 711 14 904 0 0 0 0 0 0 0 0
32 5122 36 51 0 0 0 0 0 0 0 0 0 0 0 0 0 0 0 0
32 515 29 52 4 28 13 169 12 419 7 500 6 730 0 0 0 0 0 0
32 517 259 511 114 832 94 1287 32 989 12 776 8 1328 0 0 0 0 0 0
32 517311 127 236 22 162 22 307 21 700 6 399 5 726 0 0 0 0 0 0
32 5182 122 194 19 129 24 312 8 304 8 581 0 0 0 0 0 0 0 0
32 5191 119 158 21 146 9 125 5 116 0 0 0 0 0 0 0 0 0 0
32 51912 119 158 21 146 9 125 5 116 0 0 0 0 0 0 0 0 0 0
32 51913 106 140 18 127 9 125 5 116 0 0 0 0 0 0 0 0 0 0
32 52 2735 4745 809 5366 471 5977 185 5333 57 3992 41 5840 7 2397 8 4985 0 0
32 522 720 1491 448 3057 288 3719 100 2729 21 1522 20 2945 0 0 4 2814 0 0
32 5221 121 338 277 1925 192 2454 56 1535 14 997 9 1258 0 0 3 2314 0 0
32 5241 142 245 48 290 44 533 24 725 15 1034 8 1202 3 993 0 0 0 0
32 5242 1005 1781 220 1424 97 1200 47 1412 16 1116 10 1346 0 0 0 0 0 0
32 53 3747 5452 654 4291 316 4147 141 4169 40 2735 20 3207 9 3114 4 2371 0 0
32 531 3407 4803 506 3311 218 2811 82 2388 20 1349 15 2275 7 2500 4 2371 0 0
32 5313 724 1188 199 1338 81 1052 38 1113 12 791 6 870 0 0 0 0 0 0
32 532 308 600 144 952 97 1327 58 1757 20 1386 5 932 0 0 0 0 0 0
32 5321 97 183 36 234 34 441 24 709 9 548 4 795 0 0 0 0 0 0
32 5411 1256 2133 279 1883 141 1838 79 2375 13 800 0 0 0 0 0 0 0 0
32 5412 911 1438 182 1267 95 1241 53 1546 15 1035 5 716 0 0 0 0 0 0
32 5413 606 855 157 1025 117 1567 86 2665 29 1760 15 2088 0 0 0 0 0 0
32 5414 225 291 31 198 9 134 6 169 0 0 0 0 0 0 0 0 0 0
32 5415 997 1339 128 858 59 780 39 1196 24 1547 4 583 0 0 0 0 0 0
32 5416 2189 2458 155 1009 82 1065 50 1612 15 1016 11 1515 0 0 0 0 0 0
32 5417 78 100 13 85 12 148 7 234 0 0 5 766 0 0 0 0 0 0
32 5418 288 398 49 330 42 553 22 691 9 501 6 957 0 0 0 0 0 0
32 5419 443 561 97 687 101 1424 62 1924 16 1051 3 414 0 0 0 0 0 0
32 54194 69 96 38 292 70 1009 46 1484 12 754 0 0 0 0 0 0 0 0
32 55 213 337 60 392 61 789 43 1357 29 1998 22 3610 8 2652 4 2590 6 13184
32 561 2567 4017 674 4440 452 6311 362 11095 154 10761 132 20160 50 16808 27 17611 12 32936
32 5613 198 281 36 239 36 479 51 1635 46 3186 48 7279 21 6813 16 10533 6 18855
32 5614 282 480 99 637 51 714 37 1146 11 740 13 2029 6 1973 5 3033 0 0
32 5615 179 267 48 306 33 447 19 533 12 894 0 0 3 1259 0 0 0 0
32 5616 122 208 43 291 36 509 44 1445 22 1616 26 4099 9 3045 4 2255 0 0
32 5617 1196 1972 350 2324 235 3276 151 4572 51 3488 25 3799 7 2252 0 0 0 0
32 56173 429 698 145 997 99 1398 55 1618 21 1358 11 1774 6 1786 0 0 0 0
32 562 59 124 29 197 36 471 23 659 7 412 5 818 0 0 0 0 0 0
32 611 446 632 114 776 107 1455 111 3372 47 3070 18 2940 0 0 0 0 0 0
32 6111 11 21 6 38 18 255 39 1260 29 2004 11 1821 0 0 0 0 0 0
32 621 3409 5104 1267 8489 890 11775 446 12867 106 7031 42 6247 10 3667 0 0 0 0
32 6211 1471 2123 375 2459 307 4120 169 4931 41 2776 12 1974 0 0 0 0 0 0
32 6212 443 745 454 3129 252 3172 44 1196 5 323 0 0 0 0 0 0 0 0
32 6213 1019 1503 309 2044 156 2056 51 1415 6 341 3 376 0 0 0 0 0 0
32 62131 197 341 87 551 18 221 3 91 0 0 0 0 0 0 0 0 0 0
32 62132 144 251 90 583 37 486 3 87 0 0 0 0 0 0 0 0 0 0
32 6214 128 206 45 303 88 1170 78 2233 20 1347 10 1572 0 0 0 0 0 0
32 6216 82 89 32 207 55 781 76 2208 18 1222 12 1718 0 0 0 0 0 0
32 622 5 4 0 0 3 36 0 0 10 729 16 2725 8 2479 9 6908 15 29260
32 6222 0 0 0 0 0 0 0 0 3 215 3 578 0 0 0 0 0 0
32 623 176 279 130 877 68 859 48 1625 54 3872 45 6732 7 2107 0 0 0 0
32 6231 10 6 0 0 6 83 6 208 17 1345 35 5473 5 1498 0 0 0 0
32 6241 236 360 88 597 75 1081 88 2864 51 3423 30 4091 0 0 0 0 0 0
32 6242 37 72 16 103 9 136 21 618 0 0 3 437 0 0 0 0 0 0
32 6243 18 28 0 0 11 154 14 504 18 1292 9 1350 0 0 0 0 0 0
32 6244 67 103 74 514 97 1402 76 2223 14 979 0 0 0 0 0 0 0 0
32 711 684 770 46 306 29 371 36 1098 13 966 5 1034 6 1973 0 0 0 0
32 7111 104 139 18 117 13 180 19 551 9 703 0 0 0 0 0 0 0 0
32 7112 41 48 0 0 0 0 4 143 0 0 0 0 0 0 0 0 0 0
32 7115 390 363 15 94 9 107 6 197 0 0 0 0 0 0 0 0 0 0
32 712 21 29 4 27 12 155 4 131 5 334 0 0 0 0 0 0 0 0
32 713 326 563 157 1079 147 2011 127 3795 73 4999 49 7248 8 3160 3 1689 0 0
32 71395 4 6 0 0 3 40 4 98 0 0 0 0 0 0 0 0 0 0
32 721 168 295 87 592 89 1242 131 4241 33 2474 33 5566 31 11362 35 24136 49 141955
32 7211 145 254 70 479 80 1127 129 4172 30 2209 32 5471 31 11362 35 24136 49 141955
32 722 1391 2163 1175 8241 1562 21587 1674 49172 409 27508 128 18894 11 3834 0 0 0 0
32 7224 128 266 268 1970 169 2170 67 2062 17 1113 8 1336 3 1102 0 0 0 0
32 8111 754 1418 322 2150 167 2175 67 2005 5 328 0 0 0 0 0 0 0 0
32 811192 82 136 32 222 23 315 24 743 0 0 0 0 0 0 0 0 0 0
32 8112 88 146 22 139 5 62 4 116 0 0 0 0 0 0 0 0 0 0
32 8113 95 141 25 157 13 185 7 184 0 0 0 0 0 0 0 0 0 0
32 8114 113 195 36 243 13 165 3 78 0 0 0 0 0 0 0 0 0 0
32 8121 618 972 215 1466 134 1771 55 1555 5 301 0 0 0 0 0 0 0 0
32 812111 20 22 3 21 0 0 0 0 0 0 0 0 0 0 0 0 0 0
32 812112 297 438 145 999 83 1081 27 695 0 0 0 0 0 0 0 0 0 0
32 8122 35 76 27 190 9 127 7 228 0 0 0 0 0 0 0 0 0 0
32 8123 122 258 52 336 27 317 15 424 7 447 11 1459 0 0 0 0 0 0
32 8129 331 480 88 588 71 969 27 803 5 334 3 323 0 0 0 0 0 0
32 813 794 1431 247 1586 126 1590 79 2426 33 2185 10 1422 0 0 0 0 0 0
32 8131 346 665 112 728 54 663 32 952 22 1465 6 769 0 0 0 0 0 0
32 8139 242 442 76 484 44 580 23 724 10 670 3 450 0 0 0 0 0 0
32 81393 40 68 30 193 19 263 5 146 0 0 0 0 0 0 0 0 0 0
32 814 2950 5117 1034 6855 565 7361 264 7819 57 3733 28 3672 5 1626 0 0 0 0
33 111 92 148 24 154 12 180 5 137 0 0 0 0 0 0 0 0 0 0
33 112 92 148 24 154 12 180 5 137 0 0 0 0 0 0 0 0 0 0
33 113 53 100 17 109 9 128 4 111 0 0 0 0 0 0 0 0 0 0
33 1133 49 96 17 109 9 128 4 111 0 0 0 0 0 0 0 0 0 0
33 114 3 2 0 0 0 0 0 0 0 0 0 0 0 0 0 0 0 0
33 115 36 46 7 45 3 52 0 0 0 0 0 0 0 0 0 0 0 0
33 211 19 25 9 55 6 92 0 0 0 0 0 0 0 0 0 0 0 0
33 2121 15 19 7 39 6 92 0 0 0 0 0 0 0 0 0 0 0 0
33 2122 15 19 7 39 6 92 0 0 0 0 0 0 0 0 0 0 0 0
33 2123 15 19 7 39 6 92 0 0 0 0 0 0 0 0 0 0 0 0
33 213 3 5 0 0 0 0 0 0 0 0 0 0 0 0 0 0 0 0
33 22 51 110 28 176 17 253 21 640 5 314 8 1105 0 0 0 0 0 0
33 221 51 110 28 176 17 253 21 640 5 314 8 1105 0 0 0 0 0 0
33 2211 38 84 18 118 15 226 19 576 3 188 5 761 0 0 0 0 0 0
33 2213 11 21 9 51 0 0 0 0 0 0 0 0 0 0 0 0 0 0
33 22132 3 10 0 0 0 0 0 0 0 0 0 0 0 0 0 0 0 0
33 23 3031 4884 687 4546 343 4592 231 6745 60 4027 27 3593 4 1341 0 0 0 0
33 3 625 1223 288 1931 293 4122 252 7882 158 10790 88 13270 44 15544 10 6660 5 6504
33 31 625 1223 288 1931 293 4122 252 7882 158 10790 88 13270 44 15544 10 6660 5 6504
33 311 44 81 25 160 22 290 15 452 5 359 0 0 0 0 0 0 0 0
33 3113 7 12 0 0 4 61 0 0 0 0 0 0 0 0 0 0 0 0
33 3115 0 0 4 28 0 0 0 0 0 0 0 0 0 0 0 0 0 0
33 3116 3 2 0 0 0 0 0 0 0 0 0 0 0 0 0 0 0 0
33 3118 18 40 13 84 8 90 7 200 0 0 0 0 0 0 0 0 0 0
33 311811 12 26 5 33 4 48 0 0 0 0 0 0 0 0 0 0 0 0
33 3121 29 39 18 120 14 182 6 168 0 0 0 0 0 0 0 0 0 0
33 3122 29 39 18 120 14 182 6 168 0 0 0 0 0 0 0 0 0 0
33 3131 0 0 0 0 4 57 6 183 0 0 3 579 0 0 0 0 0 0
33 3132 0 0 0 0 4 57 4 116 0 0 0 0 0 0 0 0 0 0
33 314 22 28 7 45 7 97 0 0 0 0 0 0 0 0 0 0 0 0
33 31411 3 2 0 0 0 0 0 0 0 0 0 0 0 0 0 0 0 0
33 315 5 6 0 0 3 45 3 65 0 0 0 0 0 0 0 0 0 0
33 316 8 13 4 25 0 0 0 0 0 0 0 0 0 0 0 0 0 0
33 3162 3 3 0 0 0 0 0 0 0 0 0 0 0 0 0 0 0 0
33 3211 11 23 7 51 10 126 4 134 6 383 0 0 0 0 0 0 0 0
33 3219 29 53 10 70 11 160 8 281 6 409 0 0 0 0 0 0 0 0
33 32199 19 30 3 19 5 74 3 117 3 240 0 0 0 0 0 0 0 0
33 3222 4 14 0 0 0 0 5 139 0 0 0 0 0 0 0 0 0 0
33 3231 54 108 27 183 14 208 11 314 9 576 3 451 0 0 0 0 0 0
33 3241 7 10 5 33 4 54 0 0 0 0 0 0 0 0 0 0 0 0
33 32411 7 10 5 33 4 54 0 0 0 0 0 0 0 0 0 0 0 0
33 325 24 42 7 53 12 173 8 295 9 731 3 422 0 0 0 0 0 0
33 3252 3 8 3 22 0 0 3 110 0 0 0 0 0 0 0 0 0 0
33 3254 0 0 0 0 0 0 0 0 3 243 0 0 0 0 0 0 0 0
33 3255 4 6 0 0 0 0 0 0 0 0 0 0 0 0 0 0 0 0
33 3256 7 16 0 0 3 44 0 0 0 0 0 0 0 0 0 0 0 0
33 3261 11 21 11 81 10 125 20 665 10 646 5 700 3 1137 0 0 0 0
33 327 27 55 15 98 15 213 11 315 7 444 0 0 0 0 0 0 0 0
33 3272 4 8 4 24 0 0 0 0 0 0 0 0 0 0 0 0 0 0
33 3279 7 18 4 28 4 52 4 92 0 0 0 0 0 0 0 0 0 0
33 331 0 0 0 0 7 117 3 124 4 341 5 907 0 0 0 0 0 0
33 3315 0 0 0 0 5 88 0 0 0 0 3 601 0 0 0 0 0 0
33 332 134 284 66 444 70 1027 57 1703 29 1900 14 1856 9 3272 0 0 0 0
33 3321 0 0 0 0 4 65 0 0 0 0 0 0 0 0 0 0 0 0
33 3322 134 284 66 444 70 1027 57 1703 29 1900 14 1856 9 3272 0 0 0 0
33 3327 85 192 37 245 34 491 20 596 12 818 5 699 0 0 0 0 0 0
33 3328 9 18 6 44 5 61 6 183 0 0 0 0 0 0 0 0 0 0
33 33299 9 12 4 30 6 95 4 154 3 226 0 0 3 1042 0 0 0 0
33 333 38 73 22 154 26 369 20 564 16 1091 7 873 5 1894 0 0 0 0
33 3331 4 5 0 0 0 0 0 0 0 0 0 0 0 0 0 0 0 0
33 33311 4 5 0 0 0 0 0 0 0 0 0 0 0 0 0 0 0 0
33 3333 6 13 5 40 4 68 4 107 5 320 0 0 0 0 0 0 0 0
33 3335 12 19 8 54 9 122 0 0 6 434 0 0 0 0 0 0 0 0
33 334 46 94 20 122 30 410 34 1122 26 1784 19 2883 6 1899 0 0 0 0
33 3345 22 44 6 34 10 139 9 308 8 609 10 1464 0 0 0 0 0 0
33 335 19 41 3 16 8 100 8 257 8 541 5 773 3 1138 0 0 0 0
33 3352 19 41 3 16 8 100 8 257 8 541 5 773 3 1138 0 0 0 0
33 336 19 44 3 20 5 78 4 151 0 0 0 0 3 809 0 0 0 0
33 3365 19 44 3 20 5 78 4 151 0 0 0 0 3 809 0 0 0 0
33 3366 3 3 0 0 0 0 0 0 0 0 0 0 0 0 0 0 0 0
33 337 25 47 8 54 6 83 13 449 3 207 0 0 0 0 0 0 0 0
33 3391 27 55 9 61 0 0 6 157 5 367 5 902 6 2111 0 0 0 0
33 3399 36 81 12 79 9 112 4 134 3 235 4 724 0 0 0 0 0 0
33 4 2216 4438 1542 10317 1073 14489 627 18306 170 11352 165 25557 36 11507 4 2264 0 0
33 42 897 1641 362 2381 254 3442 188 5708 51 3480 28 4058 10 3813 0 0 0 0
33 4231 43 88 28 199 22 290 14 401 4 358 0 0 0 0 0 0 0 0
33 4232 30 64 6 38 6 80 5 118 0 0 0 0 0 0 0 0 0 0
33 4233 51 70 18 131 20 284 6 173 5 314 0 0 0 0 0 0 0 0
33 4234 104 208 34 226 28 393 26 864 5 349 6 986 0 0 0 0 0 0
33 4235 10 18 8 45 6 71 7 234 0 0 0 0 0 0 0 0 0 0
33 4236 100 209 44 314 25 327 28 831 4 214 0 0 0 0 0 0 0 0
33 4237 40 95 37 238 20 284 9 322 0 0 3 415 0 0 0 0 0 0
33 4238 99 193 55 341 44 587 31 906 9 593 3 446 0 0 0 0 0 0
33 4239 53 115 23 156 22 291 19 655 0 0 0 0 0 0 0 0 0 0
33 42393 15 44 9 57 9 117 9 332 0 0 0 0 0 0 0 0 0 0
33 424 214 339 86 540 50 673 41 1160 16 1196 9 1353 8 2961 0 0 0 0
33 4241 19 35 8 49 0 0 3 81 0 0 0 0 0 0 0 0 0 0
33 4243 17 32 4 25 8 107 3 71 4 338 0 0 0 0 0 0 0 0
33 4244 65 85 22 140 12 170 12 369 5 342 4 595 3 1264 0 0 0 0
33 4245 214 339 86 540 50 673 41 1160 16 1196 9 1353 8 2961 0 0 0 0
33 4247 9 13 5 31 5 71 5 132 0 0 0 0 0 0 0 0 0 0
33 4248 7 10 0 0 0 0 0 0 0 0 0 0 0 0 0 0 0 0
33 4249 51 87 16 94 10 130 7 187 0 0 0 0 0 0 0 0 0 0
33 42491 9 19 3 18 4 57 0 0 0 0 0 0 0 0 0 0 0 0
33 4251 153 242 23 153 11 162 0 0 4 232 0 0 0 0 0 0 0 0
33 4411 126 217 40 262 38 535 72 2383 41 2549 15 2120 0 0 0 0 0 0
33 4412 50 102 23 145 25 326 23 705 3 199 0 0 0 0 0 0 0 0
33 4413 54 112 126 881 119 1569 23 658 0 0 0 0 0 0 0 0 0 0
33 442 160 326 60 402 36 507 31 986 10 648 0 0 0 0 0 0 0 0
33 443141 18 48 9 56 5 54 0 0 0 0 0 0 0 0 0 0 0 0
33 443142 40 97 52 345 8 94 4 124 4 282 6 766 0 0 0 0 0 0
33 4441 128 287 110 720 83 1090 48 1513 6 381 37 5745 0 0 0 0 0 0
33 44413 29 60 30 209 31 391 8 256 0 0 0 0 0 0 0 0 0 0
33 4442 49 86 38 287 40 506 11 314 0 0 0 0 0 0 0 0 0 0
33 44511 47 79 20 129 36 482 28 835 34 2596 50 8276 21 7306 3 1751 0 0
33 44512 143 279 38 254 15 206 4 113 0 0 0 0 0 0 0 0 0 0
33 4452 43 100 38 251 14 189 4 101 0 0 0 0 0 0 0 0 0 0
33 4453 38 117 39 291 11 162 8 272 0 0 0 0 0 0 0 0 0 0
33 446 133 269 123 818 71 936 81 2058 0 0 0 0 0 0 0 0 0 0
33 44611 10 18 52 362 54 707 67 1618 0 0 0 0 0 0 0 0 0 0
33 447 158 337 203 1311 169 2336 18 461 0 0 0 0 0 0 0 0 0 0
33 4481 122 250 128 875 101 1331 71 2093 25 1593 0 0 0 0 0 0 0 0
33 44821 27 70 64 425 26 348 8 233 0 0 0 0 0 0 0 0 0 0
33 4483 55 139 46 308 25 321 0 0 0 0 0 0 0 0 0 0 0 0
33 4511 132 260 49 312 65 870 50 1459 0 0 0 0 0 0 0 0 0 0
33 45113 11 22 6 44 6 81 5 132 0 0 0 0 0 0 0 0 0 0
33 45114 13 32 3 21 0 0 4 88 0 0 0 0 0 0 0 0 0 0
33 45121 27 57 14 92 7 95 3 106 0 0 0 0 0 0 0 0 0 0
33 45221 0 0 0 0 0 0 0 0 16 1129 11 1551 0 0 0 0 0 0
33 4523 38 73 68 453 29 454 41 1128 7 566 33 5266 10 2711 0 0 0 0
33 4531 41 83 22 150 6 67 0 0 0 0 0 0 0 0 0 0 0 0
33 45321 5 4 0 0 6 115 12 314 0 0 0 0 0 0 0 0 0 0
33 45322 89 139 51 343 17 232 9 255 0 0 0 0 0 0 0 0 0 0
33 4533 64 121 27 176 8 121 11 307 4 219 0 0 0 0 0 0 0 0
33 4539 174 354 57 383 51 660 25 650 0 0 0 0 0 0 0 0 0 0
33 454110 132 220 40 271 22 305 11 305 0 0 3 443 3 904 0 0 0 0
33 4542 7 12 3 23 0 0 0 0 0 0 0 0 0 0 0 0 0 0
33 454310 40 81 41 278 32 477 24 703 7 442 4 606 0 0 0 0 0 0
33 45439 76 119 12 71 7 85 0 0 0 0 0 0 0 0 0 0 0 0
33 481 13 25 0 0 4 53 0 0 0 0 0 0 0 0 0 0 0 0
33 482 437 744 127 839 110 1511 87 2776 44 2852 18 2876 6 2041 0 0 0 0
33 483 437 744 127 839 110 1511 87 2776 44 2852 18 2876 6 2041 0 0 0 0
33 484 242 407 58 379 44 615 26 775 9 652 3 367 0 0 0 0 0 0
33 485 46 81 21 135 17 232 23 819 21 1322 4 696 0 0 0 0 0 0
33 4853 16 25 10 56 8 111 4 118 5 281 0 0 0 0 0 0 0 0
33 486 6 7 0 0 0 0 0 0 0 0 0 0 0 0 0 0 0 0
33 487 9 8 0 0 3 45 0 0 0 0 0 0 0 0 0 0 0 0
33 488 78 141 25 156 21 285 11 351 5 329 0 0 0 0 0 0 0 0
33 492 25 46 12 93 12 154 15 463 0 0 8 1281 0 0 0 0 0 0
33 493 18 29 8 58 9 127 8 216 5 264 0 0 0 0 0 0 0 0
33 5111 44 84 14 93 11 146 8 250 5 341 3 453 0 0 0 0 0 0
33 51111 19 41 7 49 4 48 5 161 3 216 0 0 0 0 0 0 0 0
33 5112 40 60 19 139 22 306 14 383 4 258 7 893 0 0 0 0 0 0
33 5121 32 57 17 111 7 113 8 238 0 0 3 426 0 0 0 0 0 0
33 5122 8 10 0 0 0 0 0 0 0 0 0 0 0 0 0 0 0 0
33 515 18 34 10 61 3 44 5 142 0 0 0 0 0 0 0 0 0 0
33 517 161 329 59 419 48 641 24 692 9 654 4 761 0 0 0 0 0 0
33 517311 103 195 30 214 19 283 16 497 7 528 4 761 0 0 0 0 0 0
33 5182 53 88 15 97 11 140 9 276 4 326 4 617 0 0 0 0 0 0
33 5191 41 60 10 74 6 77 0 0 0 0 0 0 0 0 0 0 0 0
33 51912 10 24 7 54 3 39 0 0 0 0 0 0 0 0 0 0 0 0
33 51913 27 27 0 0 3 38 0 0 0 0 0 0 0 0 0 0 0 0
33 52 1120 2027 514 3434 235 3152 105 3095 48 3335 28 4210 16 5114 4 2285 0 0
33 522 268 556 325 2211 126 1683 48 1416 22 1605 9 1338 0 0 0 0 0 0
33 5221 124 298 288 1987 106 1408 35 1069 17 1232 5 735 0 0 0 0 0 0
33 5241 119 187 30 205 26 331 18 551 11 726 12 1901 8 2436 4 2285 0 0
33 5242 349 647 93 595 55 740 21 598 6 433 4 577 0 0 0 0 0 0
33 53 1129 1889 239 1499 87 1109 39 1149 7 496 9 1516 0 0 0 0 0 0
33 531 1015 1684 161 1021 52 677 25 771 5 356 8 1389 0 0 0 0 0 0
33 5313 270 465 59 380 24 319 16 505 3 201 6 1059 0 0 0 0 0 0
33 532 108 197 77 468 35 432 14 378 0 0 0 0 0 0 0 0 0 0
33 5321 27 49 22 134 13 151 5 135 0 0 0 0 0 0 0 0 0 0
33 5411 436 830 104 682 74 944 26 749 0 0 3 383 0 0 0 0 0 0
33 5412 357 640 90 590 49 622 18 528 14 842 3 489 0 0 0 0 0 0
33 5413 331 486 106 753 60 834 68 1982 19 1209 3 460 0 0 0 0 0 0
33 5414 74 106 4 26 8 92 3 98 0 0 0 0 0 0 0 0 0 0
33 5415 434 648 96 642 65 864 41 1142 16 1047 7 1081 3 1190 0 0 0 0
33 5416 435 593 68 455 31 397 34 1090 5 347 6 825 0 0 0 0 0 0
33 5417 52 73 20 131 11 142 10 326 0 0 3 415 0 0 0 0 0 0
33 5418 71 128 19 131 12 139 11 351 4 238 0 0 0 0 0 0 0 0
33 5419 142 240 75 516 71 949 35 1029 3 185 0 0 0 0 0 0 0 0
33 54194 53 109 55 373 61 829 28 794 0 0 0 0 0 0 0 0 0 0
33 55 78 140 26 182 30 394 36 1155 16 1203 17 2516 4 1479 0 0 0 0
33 561 1436 2124 355 2352 189 2530 141 4283 53 3776 41 6323 14 4465 0 0 4 29025
33 5613 115 188 32 205 17 226 34 1127 27 1891 21 3285 9 2948 0 0 4 29025
33 5614 65 111 19 122 14 189 11 353 7 474 6 887 0 0 0 0 0 0
33 5615 45 79 16 99 9 108 6 183 0 0 0 0 0 0 0 0 0 0
33 5616 35 63 19 119 14 189 11 301 4 275 5 801 0 0 0 0 0 0
33 5617 1034 1426 226 1516 107 1443 59 1723 11 827 5 849 0 0 0 0 0 0
33 56173 719 941 127 848 50 658 27 787 3 232 4 635 0 0 0 0 0 0
33 562 102 196 38 254 31 425 19 618 5 406 0 0 0 0 0 0 0 0
33 611 292 493 135 895 97 1342 86 2558 23 1610 17 2410 11 3502 3 2007 4 12431
33 6111 23 42 26 177 28 417 47 1498 15 1084 14 2017 4 1203 0 0 0 0
33 621 973 2002 640 4285 433 5790 239 6940 71 4703 31 4625 8 2666 0 0 0 0
33 6211 263 546 174 1174 143 1988 109 3155 17 1013 10 1476 0 0 0 0 0 0
33 6212 168 411 254 1720 155 1932 27 723 3 177 0 0 0 0 0 0 0 0
33 6213 388 761 151 991 66 859 25 698 8 556 0 0 0 0 0 0 0 0
33 62131 135 285 35 203 3 37 0 0 0 0 0 0 0 0 0 0 0 0
33 62132 33 75 37 261 13 160 5 132 0 0 0 0 0 0 0 0 0 0
33 6214 58 128 37 232 47 663 41 1211 19 1419 8 1227 4 1489 0 0 0 0
33 6216 31 41 6 41 10 176 26 864 17 1076 11 1701 3 937 0 0 0 0
33 622 0 0 0 0 0 0 0 0 0 0 5 760 11 4414 6 4215 9 20519
33 6222 0 0 0 0 0 0 0 0 0 0 5 760 11 4414 6 4215 9 20519
33 623 70 123 51 375 52 734 54 1606 65 4813 39 5743 8 2638 0 0 0 0
33 6231 8 12 10 71 10 141 9 280 35 2750 24 3617 0 0 0 0 0 0
33 6241 130 250 50 332 64 904 43 1368 24 1776 12 1595 4 1301 0 0 0 0
33 6242 45 93 33 242 20 279 10 238 0 0 0 0 0 0 0 0 0 0
33 6243 28 44 4 23 8 101 0 0 4 233 0 0 0 0 0 0 0 0
33 6244 169 370 108 701 112 1511 80 2301 9 694 0 0 0 0 0 0 0 0
33 711 116 180 15 101 13 195 6 198 3 175 0 0 0 0 0 0 0 0
33 7111 35 74 0 0 4 54 3 127 0 0 0 0 0 0 0 0 0 0
33 7112 10 14 0 0 0 0 0 0 0 0 0 0 0 0 0 0 0 0
33 7115 41 53 3 16 3 49 0 0 0 0 0 0 0 0 0 0 0 0
33 712 45 78 12 71 7 90 5 185 0 0 0 0 0 0 0 0 0 0
33 713 298 365 102 704 98 1337 91 2924 21 1463 16 2464 3 1072 0 0 0 0
33 71395 6 11 3 25 4 49 5 153 0 0 0 0 0 0 0 0 0 0
33 721 334 405 79 527 70 968 73 2309 22 1363 14 2050 3 1014 0 0 0 0
33 7211 216 247 52 354 64 894 69 2173 22 1363 14 2050 3 1014 0 0 0 0
33 722 921 1542 615 4295 794 11332 732 22124 170 10832 24 3153 0 0 0 0 0 0
33 7224 7 18 4 23 5 65 0 0 0 0 0 0 0 0 0 0 0 0
33 8111 648 1276 254 1670 88 1182 24 653 0 0 0 0 0 0 0 0 0 0
33 811192 44 73 15 92 7 95 0 0 0 0 0 0 0 0 0 0 0 0
33 8112 51 94 18 134 4 57 0 0 0 0 0 0 0 0 0 0 0 0
33 8113 56 120 16 101 11 130 6 172 0 0 0 0 0 0 0 0 0 0
33 8114 81 139 19 130 3 49 0 0 0 0 0 0 0 0 0 0 0 0
33 8121 416 751 196 1281 103 1333 21 601 0 0 0 0 0 0 0 0 0 0
33 812111 7 9 5 32 3 42 0 0 0 0 0 0 0 0 0 0 0 0
33 812112 243 442 114 754 67 882 16 450 0 0 0 0 0 0 0 0 0 0
33 8122 57 116 21 146 7 87 0 0 0 0 0 0 0 0 0 0 0 0
33 8123 79 179 30 194 5 64 3 99 4 345 6 861 0 0 0 0 0 0
33 8129 151 248 44 286 28 369 12 324 3 172 0 0 0 0 0 0 0 0
33 813 783 1573 316 2106 139 1811 61 1796 12 812 5 695 0 0 0 0 0 0
33 8131 392 834 154 1030 66 838 28 779 3 210 0 0 0 0 0 0 0 0
33 8139 206 370 50 315 16 215 16 468 3 207 0 0 0 0 0 0 0 0
33 81393 38 72 9 60 8 108 5 138 0 0 0 0 0 0 0 0 0 0
33 814 2322 4496 914 6048 388 5082 131 3732 23 1540 13 1803 0 0 0 0 0 0
34 111 166 237 27 176 18 233 4 134 0 0 0 0 0 0 0 0 0 0
34 112 166 237 27 176 18 233 4 134 0 0 0 0 0 0 0 0 0 0
34 113 8 17 4 23 0 0 0 0 0 0 0 0 0 0 0 0 0 0
34 1133 5 10 0 0 0 0 0 0 0 0 0 0 0 0 0 0 0 0
34 114 55 49 0 0 0 0 0 0 0 0 0 0 0 0 0 0 0 0
34 115 103 171 21 136 17 220 0 0 0 0 0 0 0 0 0 0 0 0
34 211 24 47 8 60 18 244 11 335 0 0 0 0 0 0 0 0 0 0
34 2121 13 29 6 43 16 219 10 290 0 0 0 0 0 0 0 0 0 0
34 2122 13 29 6 43 16 219 10 290 0 0 0 0 0 0 0 0 0 0
34 2123 12 26 6 43 16 219 10 290 0 0 0 0 0 0 0 0 0 0
34 213 11 18 0 0 0 0 0 0 0 0 0 0 0 0 0 0 0 0
34 22 150 215 46 304 34 431 60 1938 34 2146 33 4969 21 6468 3 1983 0 0
34 221 150 215 46 304 34 431 60 1938 34 2146 33 4969 21 6468 3 1983 0 0
34 2211 97 140 27 181 17 227 36 1216 19 1145 14 1861 14 4403 0 0 0 0
34 2212 13 21 5 40 3 35 10 336 5 325 13 2150 6 1777 0 0 0 0
34 2213 40 54 14 83 14 169 14 386 10 676 6 958 0 0 0 0 0 0
34 22132 4 5 3 21 0 0 0 0 0 0 0 0 0 0 0 0 0 0
34 23 15256 24476 3282 21538 1785 23898 1053 31724 303 20250 155 23068 36 12641 8 5311 0 0
34 3 2698 5205 1263 8497 1066 14894 1146 35898 510 36321 352 54843 106 36321 26 16393 11 14854
34 31 2698 5205 1263 8497 1066 14894 1146 35898 510 36321 352 54843 106 36321 26 16393 11 14854
34 311 388 699 177 1179 161 2220 141 4450 63 4393 59 9311 24 8858 3 1849 0 0
34 3113 17 35 17 114 20 249 9 290 3 213 0 0 0 0 0 0 0 0
34 3114 11 11 7 52 8 104 13 434 8 616 6 959 0 0 0 0 0 0
34 3115 21 35 4 26 9 118 10 344 4 296 8 1303 0 0 0 0 0 0
34 3116 19 42 8 53 11 160 19 637 5 357 7 1054 0 0 0 0 0 0
34 3118 258 471 109 726 87 1216 66 1935 26 1695 21 3267 12 4208 0 0 0 0
34 311811 188 348 81 537 63 884 34 991 8 515 4 553 0 0 0 0 0 0
34 3121 75 119 41 276 35 492 13 403 6 380 7 1212 5 1492 0 0 0 0
34 3122 76 119 41 276 35 492 13 403 6 380 7 1212 5 1492 0 0 0 0
34 3132 10 18 3 22 4 53 5 177 0 0 0 0 0 0 0 0 0 0
34 3133 13 32 5 33 9 133 0 0 0 0 0 0 0 0 0 0 0 0
34 314 76 130 36 238 15 221 15 414 0 0 5 920 0 0 0 0 0 0
34 31411 16 29 9 59 5 65 5 117 0 0 3 493 0 0 0 0 0 0
34 315 81 127 19 125 14 193 10 319 7 531 10 1741 0 0 0 0 0 0
34 316 13 33 3 19 3 36 3 87 0 0 0 0 0 0 0 0 0 0
34 3211 6 20 0 0 0 0 0 0 0 0 0 0 0 0 0 0 0 0
34 3212 3 9 0 0 0 0 0 0 0 0 0 0 0 0 0 0 0 0
34 3219 60 106 26 170 23 330 26 715 7 446 3 439 0 0 0 0 0 0
34 32199 29 48 7 47 5 77 5 126 0 0 0 0 0 0 0 0 0 0
34 3222 21 41 10 72 17 262 30 945 22 1656 19 2746 4 1109 0 0 0 0
34 32221 9 17 0 0 6 96 17 512 16 1229 8 1159 3 862 0 0 0 0
34 3231 414 849 145 999 93 1293 79 2512 28 2119 27 4133 7 2184 0 0 0 0
34 3241 17 35 0 0 8 99 12 369 9 650 0 0 0 0 0 0 0 0
34 325 159 340 97 642 82 1190 110 3379 68 4784 58 9291 22 7554 7 4453 0 0
34 3252 9 18 4 25 0 0 14 450 5 370 0 0 0 0 0 0 0 0
34 3253 6 21 0 0 4 68 5 173 0 0 0 0 0 0 0 0 0 0
34 3254 42 85 25 169 26 378 19 581 22 1615 31 5058 9 3097 3 2172 0 0
34 3255 22 51 8 47 15 211 15 428 6 362 0 0 0 0 0 0 0 0
34 3256 32 56 18 115 15 210 22 760 15 985 14 2284 9 3050 0 0 0 0
34 3261 40 84 37 258 34 486 71 2332 56 4137 22 3411 6 2131 0 0 0 0
34 3262 10 21 10 65 7 103 20 702 4 290 0 0 0 0 0 0 0 0
34 32621 3 7 0 0 0 0 3 111 0 0 0 0 0 0 0 0 0 0
34 327 68 113 52 346 56 750 78 2516 20 1358 13 1869 0 0 0 0 0 0
34 32711 5 3 3 16 0 0 4 146 0 0 0 0 0 0 0 0 0 0
34 327120 3 4 0 0 0 0 0 0 0 0 0 0 0 0 0 0 0 0
34 3272 16 23 8 53 12 161 17 656 7 456 7 1061 0 0 0 0 0 0
34 3279 18 29 19 121 17 223 17 485 3 164 4 553 0 0 0 0 0 0
34 331 16 23 8 61 12 167 20 629 13 1006 7 1034 0 0 0 0 0 0
34 3314 5 8 3 28 7 98 7 186 7 463 0 0 0 0 0 0 0 0
34 3315 5 8 3 19 3 35 7 249 3 250 3 518 0 0 0 0 0 0
34 332 407 856 228 1546 180 2429 183 5622 68 4660 35 5055 9 2972 0 0 0 0
34 3321 18 43 11 72 12 176 12 460 4 250 6 770 0 0 0 0 0 0
34 3322 11 22 4 30 4 59 7 225 0 0 0 0 0 0 0 0 0 0
34 3327 192 421 104 689 56 733 48 1441 14 936 3 561 0 0 0 0 0 0
34 3328 33 74 21 146 18 231 26 795 8 496 0 0 0 0 0 0 0 0
34 33299 28 58 13 87 12 174 11 362 10 728 4 789 0 0 0 0 0 0
34 333 159 305 79 522 84 1167 103 3265 45 3279 15 1942 3 856 0 0 0 0
34 3331 7 8 0 0 0 0 0 0 0 0 0 0 0 0 0 0 0 0
34 3333 17 35 8 54 9 128 9 341 5 308 0 0 0 0 0 0 0 0
34 3335 44 98 23 151 19 251 16 487 8 535 0 0 0 0 0 0 0 0
34 3336 3 6 5 34 5 61 6 191 4 323 0 0 0 0 0 0 0 0
34 334 105 214 63 436 56 848 73 2260 27 1894 24 4008 5 1689 4 2679 3 4666
34 3341 10 10 5 39 3 44 4 146 0 0 0 0 0 0 0 0 0 0
34 3345 46 105 28 179 21 307 26 772 13 965 13 2154 0 0 4 2679 3 4666
34 335 49 87 36 250 29 406 28 876 19 1434 11 1907 5 1635 0 0 0 0
34 3352 4 6 0 0 0 0 0 0 0 0 0 0 0 0 0 0 0 0
34 336 47 89 25 175 17 236 15 432 10 676 6 787 0 0 0 0 0 0
34 33641 4 6 0 0 4 56 0 0 0 0 3 401 0 0 0 0 0 0
34 3366 11 16 4 23 0 0 3 95 0 0 0 0 0 0 0 0 0 0
34 3369 0 0 3 18 0 0 0 0 0 0 0 0 0 0 0 0 0 0
34 337 148 271 52 339 48 649 44 1399 7 492 6 1307 0 0 0 0 0 0
34 3391 128 254 39 259 30 456 19 592 12 867 12 1870 0 0 3 1617 0 0
34 3399 180 324 67 428 43 594 43 1362 15 1006 4 578 0 0 0 0 0 0
34 4 15274 28798 6196 41324 4129 54665 3176 94010 950 63466 662 105709 144 45372 11 6762 6 10932
34 42 6942 12494 2343 15725 1764 24086 1421 43641 502 34987 344 52674 93 31837 37 23415 18 39143
34 4231 281 503 140 961 132 1806 106 3248 33 2311 24 3572 5 1936 0 0 0 0
34 4232 338 675 121 836 90 1227 66 2156 19 1387 12 1906 0 0 0 0 0 0
34 4233 173 332 97 683 115 1627 81 2250 21 1583 7 1302 5 1788 0 0 0 0
34 4234 612 1123 185 1236 147 1995 123 3933 64 4334 43 6840 11 3974 4 2373 3 6827
34 4235 120 227 52 356 49 654 51 1536 8 534 4 523 0 0 0 0 0 0
34 4236 398 757 176 1171 139 1902 104 3258 46 3240 28 4165 6 2178 5 3496 0 0
34 4237 215 459 125 816 101 1345 65 1940 19 1276 8 1194 0 0 0 0 0 0
34 4238 670 1293 301 2035 198 2756 175 5371 33 2301 23 3312 0 0 0 0 0 0
34 4239 702 1185 186 1250 132 1836 91 2887 31 2148 22 3309 4 1244 0 0 0 0
34 42393 103 190 55 375 46 684 29 929 13 909 8 1190 0 0 0 0 0 0
34 424 2617 4671 847 5625 601 8144 519 15820 223 15538 166 25441 53 17437 25 15648 11 26002
34 4241 232 430 65 449 50 699 45 1435 20 1438 11 1863 0 0 0 0 0 0
34 4243 420 756 121 783 71 915 60 1781 25 1645 16 2149 7 2373 0 0 0 0
34 4244 828 1407 263 1746 204 2788 188 5872 96 6755 62 9845 21 6925 9 5758 0 0
34 4245 24 52 7 41 0 0 0 0 0 0 0 0 0 0 0 0 0 0
34 4247 63 140 27 197 19 274 16 453 3 179 6 724 0 0 0 0 0 0
34 4248 47 106 21 143 14 181 8 228 12 891 12 2173 4 1194 0 0 0 0
34 4249 458 763 138 908 98 1374 55 1666 23 1708 11 1513 0 0 3 1952 0 0
34 42491 36 77 12 76 15 225 5 119 0 0 0 0 0 0 0 0 0 0
34 4251 816 1269 113 756 60 794 40 1242 5 335 7 1110 5 1819 0 0 0 0
34 4411 546 936 103 679 75 1068 193 6976 207 14861 75 10976 0 0 0 0 0 0
34 4412 84 158 40 270 33 464 30 919 4 240 0 0 0 0 0 0 0 0
34 4413 344 801 385 2688 273 3383 73 2309 10 619 0 0 0 0 0 0 0 0
34 442 844 1676 217 1482 169 2419 156 5092 49 3224 7 939 3 989 0 0 0 0
34 443141 79 150 44 299 27 375 21 589 0 0 0 0 0 0 0 0 0 0
34 443142 286 593 190 1229 60 784 21 567 22 1646 19 2210 0 0 0 0 0 0
34 4441 565 1247 390 2564 233 3106 121 3266 13 874 105 18955 6 2039 0 0 0 0
34 44413 116 252 66 430 50 711 20 440 0 0 0 0 0 0 0 0 0 0
34 4442 199 346 68 437 64 840 25 663 0 0 0 0 0 0 0 0 0 0
34 44511 1417 2282 248 1550 214 2980 170 5265 170 12338 196 31236 66 20722 3 1758 0 0
34 44512 861 1551 218 1421 143 1901 155 4079 3 183 0 0 0 0 0 0 0 0
34 4452 700 1227 226 1451 141 1855 78 2036 9 565 0 0 0 0 0 0 0 0
34 4453 1130 2399 378 2476 208 2710 88 2439 10 699 0 0 0 0 0 0 0 0
34 446 1130 2305 864 5765 491 6564 661 17350 19 1151 5 729 0 0 0 0 0 0
34 44611 357 747 395 2775 320 4285 553 13923 9 520 4 636 0 0 0 0 0 0
34 447 1437 3138 448 2940 207 2596 168 5846 111 5908 0 0 0 0 0 0 0 0
34 4481 1063 1916 664 4639 734 9587 460 13958 173 10880 28 3819 3 948 0 0 0 0
34 44821 188 431 281 1857 202 2611 61 1707 4 251 0 0 0 0 0 0 0 0
34 4483 503 956 181 1193 96 1223 10 260 0 0 0 0 0 0 0 0 0 0
34 4511 472 837 127 825 111 1557 140 4313 28 1823 0 0 0 0 0 0 0 0
34 45113 39 71 16 103 8 114 8 274 0 0 0 0 0 0 0 0 0 0
34 45114 61 133 18 113 14 200 15 434 0 0 0 0 0 0 0 0 0 0
34 45121 105 225 35 227 19 236 27 796 3 163 0 0 0 0 0 0 0 0
34 45221 0 0 0 0 0 0 0 0 25 1997 67 10305 10 3243 0 0 0 0
34 4523 315 541 214 1451 156 2160 183 5718 41 2794 122 21176 42 12529 3 1688 0 0
34 4531 281 528 87 571 28 328 4 116 0 0 0 0 0 0 0 0 0 0
34 45321 57 83 8 47 21 300 66 1801 0 0 0 0 0 0 0 0 0 0
34 45322 298 578 146 971 89 1152 42 1184 4 236 3 518 0 0 0 0 0 0
34 4533 158 265 66 473 22 264 22 697 8 539 5 570 0 0 0 0 0 0
34 4539 666 1212 206 1413 125 1637 72 1982 6 325 0 0 0 0 0 0 0 0
34 454110 1001 1522 207 1384 103 1424 79 2494 14 1001 18 2542 12 4177 4 2670 6 10932
34 4542 46 82 9 56 12 168 7 237 0 0 0 0 0 0 0 0 0 0
34 454310 82 165 45 295 39 517 26 794 6 391 0 0 0 0 0 0 0 0
34 45439 416 646 101 671 34 456 15 471 7 435 3 344 0 0 0 0 0 0
34 481 41 70 14 91 8 112 12 408 5 343 4 713 0 0 3 1754 0 0
34 482 4565 6557 1076 7188 802 10865 768 24198 304 21192 276 42419 63 22398 28 18310 18 44608
34 483 25 34 11 71 6 83 8 285 3 227 3 520 0 0 0 0 0 0
34 484 2761 3638 439 2927 297 4049 270 8378 98 6652 69 10600 8 2697 3 1836 0 0
34 485 530 755 144 959 99 1312 119 3785 62 4574 62 9687 10 3206 0 0 0 0
34 4853 328 467 68 461 28 359 28 861 6 460 5 854 0 0 0 0 0 0
34 486 13 23 5 37 7 87 4 136 0 0 0 0 0 0 0 0 0 0
34 487 65 63 6 31 3 34 0 0 0 0 0 0 0 0 0 0 0 0
34 488 752 1348 284 1885 183 2434 156 4767 48 3256 44 6395 7 2688 4 2422 0 0
34 492 195 327 62 444 70 951 47 1490 20 1373 32 4782 16 5718 5 3366 8 19776
34 493 183 299 111 743 129 1803 150 4895 66 4584 61 9502 20 7273 11 7365 5 6461
34 5111 180 327 68 450 45 629 47 1443 15 1007 12 1833 5 1518 0 0 0 0
34 51111 57 109 28 187 17 229 21 658 0 0 6 927 0 0 0 0 0 0
34 5112 152 216 36 250 48 643 47 1367 19 1349 23 3747 0 0 0 0 0 0
34 5121 281 344 31 198 31 424 53 1865 12 766 7 1240 0 0 0 0 0 0
34 5122 77 108 12 82 5 68 3 76 0 0 0 0 0 0 0 0 0 0
34 515 40 76 8 55 10 146 9 287 8 558 9 1186 0 0 0 0 0 0
34 517 960 1676 292 1997 217 2801 101 3129 66 4558 36 5526 17 6438 9 5329 4 9406
34 517311 517 818 122 764 68 897 58 1894 54 3704 26 3856 14 5314 5 3024 3 7359
34 5182 277 471 56 387 79 1083 68 2028 39 2702 24 4148 9 3244 3 2469 0 0
34 5191 192 262 49 311 31 404 16 523 8 569 4 573 0 0 0 0 0 0
34 51912 17 28 12 76 11 148 3 78 3 176 0 0 0 0 0 0 0 0
34 51913 143 191 32 206 16 208 12 413 3 231 3 464 0 0 0 0 0 0
34 52 6308 11158 2628 17644 1500 19326 596 18258 280 19345 182 28156 60 20028 30 20572 26 42998
34 522 1803 3715 1629 11092 879 11397 234 7202 91 6400 54 8102 24 7716 10 6511 8 15294
34 5221 931 2128 1397 9574 752 9723 144 4330 65 4603 28 4336 17 5479 8 5125 6 11418
34 5241 361 576 100 639 90 1212 79 2472 65 4483 58 9321 19 6443 13 8930 9 14793
34 5242 2029 3654 511 3289 268 3553 163 4945 73 4878 32 5132 3 940 3 2186 3 4086
34 53 7023 12011 1579 10104 689 9125 358 10588 114 7970 42 5811 6 2249 0 0 0 0
34 531 6419 11029 1269 8176 536 7064 242 7025 77 5291 28 3791 3 1103 0 0 0 0
34 5313 1670 2900 375 2403 203 2762 131 3744 36 2427 15 2055 0 0 0 0 0 0
34 532 563 909 295 1833 148 1983 111 3375 34 2499 12 1674 0 0 0 0 0 0
34 5321 194 372 143 873 46 560 36 1134 6 462 6 817 0 0 0 0 0 0
34 5411 3878 7029 917 6006 450 6116 227 6637 68 4932 35 5455 4 1097 0 0 0 0
34 5412 2601 4480 649 4286 331 4419 186 5561 46 3361 30 4448 8 2988 8 5525 4 4873
34 5413 1625 2889 504 3340 378 5126 268 8448 104 7227 46 6882 11 4077 3 2012 0 0
34 5414 663 949 95 625 37 453 19 539 3 216 0 0 0 0 0 0 0 0
34 5415 4503 5848 571 3784 460 6236 450 13834 158 10938 117 17510 41 14256 7 5180 8 24408
34 5416 4134 5296 536 3526 346 4687 248 7736 76 5089 49 7447 18 6392 3 1968 0 0
34 5417 276 461 75 493 66 933 63 1913 42 3143 27 4352 18 6284 6 3545 7 17662
34 5418 649 1060 145 978 100 1371 93 3022 25 1599 17 2613 3 926 0 0 0 0
34 5419 1087 1639 311 2089 257 3560 117 3424 33 2215 12 1783 0 0 0 0 0 0
34 54194 189 402 169 1181 187 2589 73 2093 19 1253 5 785 0 0 0 0 0 0
34 55 503 894 174 1149 185 2631 233 7536 147 10415 121 18355 66 22847 36 24251 22 40567
34 561 8783 12054 1860 12269 1120 15296 877 27181 363 25158 289 45475 108 37854 54 37195 47 130562
34 5613 785 1128 204 1384 163 2255 200 6290 138 9690 140 21676 56 19849 31 21447 35 112881
34 5614 478 881 157 1009 61 825 55 1750 23 1519 14 2090 3 937 3 2198 0 0
34 5615 503 870 111 710 45 591 26 782 5 372 0 0 0 0 0 0 0 0
34 5616 284 520 123 830 101 1408 79 2531 36 2435 43 7116 15 5569 4 2732 3 4549
34 5617 5617 6753 964 6356 526 7130 334 10001 89 6110 46 7338 18 6034 9 6021 6 7613
34 56173 3673 3842 518 3447 253 3355 120 3504 30 2016 9 1305 0 0 0 0 0 0
34 562 327 653 128 873 119 1563 108 3278 58 3981 18 2836 3 996 0 0 0 0
34 611 1685 2830 761 5166 652 8743 475 14803 211 14770 115 17064 25 8739 12 8184 9 29296
34 6111 105 167 81 587 116 1639 205 6753 162 11494 92 13394 18 6121 3 1632 0 0
34 621 10973 21959 5118 33826 2983 40207 1639 48245 476 32867 210 31999 56 19619 20 14357 8 13138
34 6211 4354 8773 2002 13155 1225 16753 645 18658 125 8533 47 6879 15 5281 7 4937 0 0
34 6212 2045 4771 1662 11086 785 10116 189 5212 11 682 0 0 0 0 0 0 0 0
34 6213 3460 6567 962 6329 465 6131 150 4399 23 1595 12 1845 5 1601 3 1920 0 0
34 62131 902 1808 226 1489 72 935 8 222 0 0 0 0 0 0 0 0 0 0
34 62132 333 700 159 1051 69 863 15 385 0 0 0 0 0 0 0 0 0 0
34 6214 316 581 204 1363 281 4030 329 9636 106 7167 24 3618 3 1088 0 0 0 0
34 6216 207 296 64 442 80 1157 165 5453 165 11534 103 16064 25 9040 4 3347 3 3407
34 622 0 0 0 0 0 0 0 0 0 0 9 1348 13 4965 28 19970 60 139222
34 6222 0 0 0 0 0 0 0 0 0 0 0 0 4 1677 5 3544 4 5690
34 623 379 649 568 3979 620 7745 213 6491 203 15133 312 50078 43 13033 8 6085 0 0
34 6231 34 31 11 69 16 249 34 1100 69 5372 217 34821 28 8660 0 0 0 0
34 6241 588 1034 275 1873 316 4364 291 8740 142 9693 82 12771 16 5445 5 3069 0 0
34 6242 112 229 57 382 67 977 45 1292 11 652 4 515 0 0 0 0 0 0
34 6243 33 84 22 146 32 459 32 970 14 923 13 1776 6 1634 0 0 0 0
34 6244 578 1012 473 3300 645 8984 679 19654 67 4137 14 2085 0 0 0 0 0 0
34 711 804 982 90 581 75 990 45 1350 16 1230 13 2058 4 1392 4 2624 0 0
34 7111 149 211 23 160 20 282 15 448 4 308 4 685 0 0 0 0 0 0
34 7112 55 59 15 91 16 201 9 288 0 0 3 492 0 0 0 0 0 0
34 7115 444 480 24 158 11 127 9 264 0 0 0 0 0 0 0 0 0 0
34 712 70 125 19 132 16 218 7 182 5 387 0 0 0 0 0 0 0 0
34 713 1221 1624 491 3214 396 5454 469 14824 169 11432 58 8363 21 6780 0 0 0 0
34 71395 8 11 13 81 16 228 21 653 6 431 0 0 0 0 0 0 0 0
34 721 631 817 153 1020 156 2164 211 6450 65 4487 48 7162 6 2017 0 0 10 27432
34 7211 526 667 121 810 144 2002 207 6350 63 4346 48 7162 6 2017 0 0 10 27432
34 722 8920 15567 3780 25098 3550 49690 3170 97172 968 64083 199 26971 7 2482 0 0 3 4340
34 7224 457 863 199 1310 124 1674 74 2264 23 1439 3 397 0 0 0 0 0 0
34 8111 3045 5775 939 6053 444 5834 171 4903 13 764 0 0 0 0 0 0 0 0
34 811192 319 553 139 937 86 1185 55 1613 4 232 0 0 0 0 0 0 0 0
34 8112 238 405 53 360 36 495 20 627 13 827 0 0 0 0 0 0 0 0
34 8113 235 449 53 360 46 670 30 827 6 350 0 0 0 0 0 0 0 0
34 8114 405 673 71 452 19 242 7 223 0 0 0 0 0 0 0 0 0 0
34 8121 4436 8374 1677 10923 780 10277 326 9071 31 1839 5 672 0 0 0 0 0 0
34 812111 402 702 73 454 22 272 0 0 0 0 0 0 0 0 0 0 0 0
34 812112 2112 3971 883 5911 517 6811 184 5135 15 937 4 578 0 0 0 0 0 0
34 8122 347 779 192 1249 72 936 23 648 3 195 0 0 0 0 0 0 0 0
34 8123 1267 2420 231 1454 81 1018 45 1358 15 1045 16 2835 4 1222 0 0 0 0
34 8129 944 1441 204 1329 157 2106 65 1776 14 1056 8 1155 0 0 0 0 0 0
34 813 4516 8110 1365 8829 771 10290 475 14398 140 9266 41 6080 4 1458 0 0 0 0
34 8131 2430 4956 817 5236 446 5954 304 9495 106 7064 26 3832 0 0 0 0 0 0
34 8139 1345 1944 321 2034 195 2594 88 2518 14 845 7 870 0 0 0 0 0 0
34 81393 356 438 141 904 86 1112 30 844 5 286 0 0 0 0 0 0 0 0
34 814 15433 28426 4785 31009 2406 31868 1162 33831 236 15397 75 11476 14 4488 0 0 0 0
35 111 78 118 15 95 11 142 0 0 0 0 0 0 0 0 0 0 0 0
35 112 78 118 15 95 11 142 0 0 0 0 0 0 0 0 0 0 0 0
35 113 14 21 3 17 0 0 0 0 0 0 0 0 0 0 0 0 0 0
35 1133 13 19 3 17 0 0 0 0 0 0 0 0 0 0 0 0 0 0
35 115 62 96 11 73 10 131 0 0 0 0 0 0 0 0 0 0 0 0
35 211 61 104 22 147 17 248 23 680 12 840 9 1459 0 0 0 0 0 0
35 2122 4 5 0 0 0 0 0 0 0 0 0 0 0 0 0 0 0 0
35 2123 12 22 7 51 5 69 5 181 0 0 0 0 0 0 0 0 0 0
35 213 172 285 83 547 90 1281 91 2953 32 2039 23 3323 5 1624 0 0 0 0
35 22 108 234 39 242 27 402 31 989 9 640 6 1046 3 1013 0 0 0 0
35 221 108 234 39 242 27 402 31 989 9 640 6 1046 3 1013 0 0 0 0
35 2211 23 57 10 64 16 256 23 783 6 397 4 658 3 1013 0 0 0 0
35 2212 10 18 8 45 7 92 5 137 0 0 0 0 0 0 0 0 0 0
35 2213 75 159 21 133 4 54 3 69 0 0 0 0 0 0 0 0 0 0
35 22132 8 10 0 0 0 0 0 0 0 0 0 0 0 0 0 0 0 0
35 23 2623 4483 791 5190 471 6334 324 9821 90 6207 42 5764 9 3196 0 0 0 0
35 3 590 1067 261 1788 208 2797 172 5294 45 3155 32 4841 15 5482 3 2143 0 0
35 31 590 1067 261 1788 208 2797 172 5294 45 3155 32 4841 15 5482 3 2143 0 0
35 311 62 115 38 269 18 239 28 825 4 284 9 1387 3 1182 0 0 0 0
35 3113 7 16 8 61 0 0 3 70 0 0 0 0 0 0 0 0 0 0
35 3114 7 19 0 0 0 0 8 244 0 0 0 0 0 0 0 0 0 0
35 3115 0 0 0 0 0 0 0 0 0 0 3 429 0 0 0 0 0 0
35 3116 13 30 9 53 4 50 0 0 0 0 0 0 0 0 0 0 0 0
35 3118 19 29 7 51 4 55 7 195 0 0 3 499 0 0 0 0 0 0
35 311811 12 24 3 20 0 0 0 0 0 0 0 0 0 0 0 0 0 0
35 3121 34 57 16 114 19 251 7 209 5 335 0 0 0 0 0 0 0 0
35 3122 34 57 16 114 19 251 7 209 5 335 0 0 0 0 0 0 0 0
35 3131 5 2 0 0 0 0 0 0 0 0 0 0 0 0 0 0 0 0
35 3132 3 1 0 0 0 0 0 0 0 0 0 0 0 0 0 0 0 0
35 314 10 18 6 34 0 0 0 0 0 0 0 0 0 0 0 0 0 0
35 31411 3 2 0 0 0 0 0 0 0 0 0 0 0 0 0 0 0 0
35 315 13 22 3 23 0 0 0 0 0 0 0 0 0 0 0 0 0 0
35 316 9 18 0 0 0 0 0 0 0 0 0 0 0 0 0 0 0 0
35 3162 9 18 0 0 0 0 0 0 0 0 0 0 0 0 0 0 0 0
35 3211 6 9 0 0 0 0 0 0 0 0 0 0 0 0 0 0 0 0
35 3219 17 23 6 45 5 68 9 249 0 0 0 0 0 0 0 0 0 0
35 32199 8 12 0 0 0 0 0 0 0 0 0 0 0 0 0 0 0 0
35 3221 3 6 3 21 0 0 0 0 0 0 0 0 0 0 0 0 0 0
35 3222 3 6 3 21 0 0 0 0 0 0 0 0 0 0 0 0 0 0
35 3231 64 118 21 141 14 185 7 231 0 0 0 0 0 0 0 0 0 0
35 3241 0 0 4 29 0 0 8 190 0 0 0 0 0 0 0 0 0 0
35 32411 0 0 4 29 0 0 8 190 0 0 0 0 0 0 0 0 0 0
35 325 17 34 8 54 10 119 10 326 5 311 0 0 0 0 0 0 0 0
35 3252 17 34 8 54 10 119 10 326 5 311 0 0 0 0 0 0 0 0
35 3253 3 8 0 0 0 0 0 0 0 0 0 0 0 0 0 0 0 0
35 3254 6 13 4 29 3 39 4 143 0 0 0 0 0 0 0 0 0 0
35 3255 17 34 8 54 10 119 10 326 5 311 0 0 0 0 0 0 0 0
35 3256 4 5 0 0 0 0 0 0 0 0 0 0 0 0 0 0 0 0
35 3261 4 5 4 29 6 87 5 179 3 205 0 0 0 0 0 0 0 0
35 327 38 60 19 132 20 302 23 754 5 344 0 0 0 0 0 0 0 0
35 32711 10 9 0 0 0 0 0 0 0 0 0 0 0 0 0 0 0 0
35 327120 3 4 0 0 0 0 0 0 0 0 0 0 0 0 0 0 0 0
35 3272 5 11 0 0 0 0 0 0 0 0 0 0 0 0 0 0 0 0
35 3279 6 9 6 40 0 0 5 157 0 0 0 0 0 0 0 0 0 0
35 331 4 5 0 0 0 0 3 91 3 235 0 0 0 0 0 0 0 0
35 3313 4 5 0 0 0 0 3 91 3 235 0 0 0 0 0 0 0 0
35 3315 4 5 0 0 0 0 0 0 0 0 0 0 0 0 0 0 0 0
35 332 91 172 44 287 48 621 28 881 0 0 3 371 0 0 0 0 0 0
35 3321 3 9 0 0 0 0 0 0 0 0 0 0 0 0 0 0 0 0
35 3322 3 3 0 0 0 0 0 0 0 0 0 0 0 0 0 0 0 0
35 3327 37 73 15 93 19 247 8 242 0 0 0 0 0 0 0 0 0 0
35 3328 7 10 4 26 0 0 4 140 0 0 0 0 0 0 0 0 0 0
35 33299 13 22 8 53 4 60 0 0 0 0 0 0 0 0 0 0 0 0
35 333 22 42 14 101 12 166 7 211 4 327 3 439 0 0 0 0 0 0
35 3331 0 0 4 27 6 77 0 0 0 0 0 0 0 0 0 0 0 0
35 33311 0 0 0 0 3 40 0 0 0 0 0 0 0 0 0 0 0 0
35 3333 3 2 3 25 0 0 0 0 0 0 0 0 0 0 0 0 0 0
35 3335 3 6 5 34 0 0 0 0 0 0 0 0 0 0 0 0 0 0
35 334 19 40 20 138 5 54 7 242 0 0 8 1149 0 0 0 0 0 0
35 3341 3 4 0 0 0 0 0 0 0 0 0 0 0 0 0 0 0 0
35 3345 7 17 14 96 0 0 0 0 0 0 0 0 0 0 0 0 0 0
35 335 3 6 7 47 0 0 0 0 0 0 0 0 0 0 0 0 0 0
35 3352 3 6 7 47 0 0 0 0 0 0 0 0 0 0 0 0 0 0
35 336 13 17 0 0 3 41 6 205 0 0 0 0 0 0 0 0 0 0
35 33641 0 0 0 0 0 0 4 159 0 0 0 0 0 0 0 0 0 0
35 3365 13 17 0 0 3 41 6 205 0 0 0 0 0 0 0 0 0 0
35 3366 13 17 0 0 3 41 6 205 0 0 0 0 0 0 0 0 0 0
35 3369 13 17 0 0 3 41 6 205 0 0 0 0 0 0 0 0 0 0
35 337 41 77 10 62 12 190 4 108 0 0 0 0 0 0 0 0 0 0
35 3391 31 60 7 47 6 85 3 75 0 0 0 0 0 0 0 0 0 0
35 3399 81 155 26 180 16 201 10 306 3 230 0 0 0 0 0 0 0 0
35 4 2330 4528 1687 11496 1207 15781 639 19155 173 12256 139 19923 31 9663 0 0 0 0
35 42 805 1574 365 2390 292 4050 180 5357 36 2328 11 1723 8 2391 0 0 0 0
35 4231 37 72 22 142 23 312 18 571 0 0 0 0 0 0 0 0 0 0
35 4232 28 45 10 60 7 102 4 123 0 0 0 0 0 0 0 0 0 0
35 4233 31 69 18 119 24 330 13 371 3 155 0 0 0 0 0 0 0 0
35 4234 76 137 27 183 16 240 16 469 0 0 0 0 0 0 0 0 0 0
35 4235 22 35 6 37 9 109 7 168 0 0 0 0 0 0 0 0 0 0
35 4236 56 124 14 101 18 264 12 355 4 278 0 0 0 0 0 0 0 0
35 4237 44 104 39 240 23 304 8 206 0 0 0 0 0 0 0 0 0 0
35 4238 130 299 89 591 60 850 44 1355 3 190 0 0 0 0 0 0 0 0
35 4239 94 176 22 146 17 240 12 373 3 222 0 0 0 0 0 0 0 0
35 42393 13 29 6 37 5 64 3 86 0 0 0 0 0 0 0 0 0 0
35 424 225 431 107 696 85 1172 43 1285 15 948 8 1244 7 2123 0 0 0 0
35 4241 14 34 5 34 3 45 3 77 0 0 0 0 0 0 0 0 0 0
35 4243 12 18 5 28 0 0 0 0 0 0 0 0 0 0 0 0 0 0
35 4244 54 108 26 166 23 311 17 540 3 249 4 521 4 1273 0 0 0 0
35 4245 13 23 6 40 0 0 3 125 0 0 0 0 0 0 0 0 0 0
35 4247 20 40 12 80 15 214 0 0 0 0 0 0 0 0 0 0 0 0
35 4248 4 8 0 0 5 65 0 0 7 412 0 0 0 0 0 0 0 0
35 4249 55 95 21 133 15 212 10 272 0 0 0 0 0 0 0 0 0 0
35 42491 16 25 4 29 9 142 3 67 0 0 0 0 0 0 0 0 0 0
35 4251 62 82 11 75 10 127 3 81 0 0 0 0 0 0 0 0 0 0
35 4411 143 214 34 221 37 501 62 1959 31 2200 21 2825 0 0 0 0 0 0
35 4412 35 66 18 120 20 271 11 309 3 203 0 0 0 0 0 0 0 0
35 4413 114 210 132 986 150 1916 40 1190 0 0 0 0 0 0 0 0 0 0
35 442 142 312 58 400 47 633 24 663 3 204 0 0 0 0 0 0 0 0
35 443141 12 25 14 94 4 55 5 101 0 0 0 0 0 0 0 0 0 0
35 443142 36 75 49 304 11 143 7 232 5 308 0 0 0 0 0 0 0 0
35 4441 107 233 111 728 69 946 38 1032 8 579 26 4006 0 0 0 0 0 0
35 44413 33 69 25 168 23 319 17 406 0 0 0 0 0 0 0 0 0 0
35 4442 41 95 25 165 32 390 9 272 0 0 0 0 0 0 0 0 0 0
35 44511 26 64 25 172 32 456 51 1880 60 4488 48 6352 0 0 0 0 0 0
35 44512 26 35 7 46 6 75 0 0 0 0 0 0 0 0 0 0 0 0
35 4452 57 112 31 182 19 224 7 178 0 0 0 0 0 0 0 0 0 0
35 4453 26 60 33 222 11 137 6 172 0 0 0 0 0 0 0 0 0 0
35 446 138 270 121 779 59 704 113 3251 4 260 0 0 0 0 0 0 0 0
35 44611 28 56 25 170 27 324 102 2896 0 0 0 0 0 0 0 0 0 0
35 447 177 381 273 2023 306 3946 72 2046 10 660 3 312 0 0 0 0 0 0
35 4481 162 322 130 890 114 1475 57 1797 14 854 0 0 0 0 0 0 0 0
35 44821 31 84 71 462 30 383 3 79 0 0 0 0 0 0 0 0 0 0
35 4483 80 157 40 248 23 278 0 0 0 0 0 0 0 0 0 0 0 0
35 4511 110 201 55 362 49 714 28 930 3 189 0 0 0 0 0 0 0 0
35 45113 14 19 6 38 6 83 0 0 0 0 0 0 0 0 0 0 0 0
35 45114 9 13 5 35 0 0 0 0 0 0 0 0 0 0 0 0 0 0
35 45121 39 71 4 27 4 50 3 89 0 0 0 0 0 0 0 0 0 0
35 45221 0 0 0 0 0 0 0 0 16 1138 6 876 0 0 0 0 0 0
35 4523 40 80 182 1247 60 794 52 1529 8 695 27 4549 28 8816 0 0 0 0
35 4531 49 91 14 91 0 0 0 0 0 0 0 0 0 0 0 0 0 0
35 45321 11 18 4 28 19 267 3 64 0 0 0 0 0 0 0 0 0 0
35 45322 97 198 41 276 21 269 5 149 0 0 0 0 0 0 0 0 0 0
35 4533 78 158 29 189 15 246 16 469 0 0 0 0 0 0 0 0 0 0
35 4539 304 559 112 761 37 487 16 479 3 178 0 0 0 0 0 0 0 0
35 454110 97 145 26 162 4 50 3 85 0 0 0 0 0 0 0 0 0 0
35 4542 10 14 0 0 0 0 0 0 0 0 0 0 0 0 0 0 0 0
35 454310 48 123 29 193 18 231 0 0 0 0 0 0 0 0 0 0 0 0
35 45439 94 155 18 110 7 92 4 108 0 0 0 0 0 0 0 0 0 0
35 481 12 13 4 28 0 0 4 107 3 186 0 0 0 0 0 0 0 0
35 482 811 1361 230 1525 168 2319 156 4764 50 3290 24 3236 5 1805 0 0 0 0
35 483 3 1 0 0 0 0 0 0 0 0 0 0 0 0 0 0 0 0
35 484 542 856 115 773 83 1160 83 2562 27 1825 11 1402 0 0 0 0 0 0
35 485 46 75 18 113 16 231 26 808 6 352 7 1016 0 0 0 0 0 0
35 4853 9 9 0 0 3 47 0 0 0 0 0 0 0 0 0 0 0 0
35 486 26 50 18 117 15 186 7 200 0 0 0 0 0 0 0 0 0 0
35 487 4 2 0 0 0 0 0 0 0 0 0 0 0 0 0 0 0 0
35 488 121 249 41 264 21 287 16 478 0 0 0 0 0 0 0 0 0 0
35 492 30 51 18 125 21 270 13 416 9 590 3 383 0 0 0 0 0 0
35 493 27 64 15 100 9 137 7 193 0 0 0 0 0 0 0 0 0 0
35 5111 63 95 13 84 14 164 11 307 3 242 0 0 0 0 0 0 0 0
35 51111 21 37 7 42 9 102 8 239 3 242 0 0 0 0 0 0 0 0
35 5112 28 47 6 42 3 36 6 174 0 0 0 0 0 0 0 0 0 0
35 5121 54 54 3 17 13 168 19 607 3 230 0 0 0 0 0 0 0 0
35 5122 6 11 0 0 0 0 0 0 0 0 0 0 0 0 0 0 0 0
35 515 27 58 18 122 16 208 7 191 3 214 0 0 0 0 0 0 0 0
35 517 219 483 92 621 68 863 28 802 3 205 3 453 3 1135 0 0 0 0
35 517311 122 248 30 203 31 426 19 571 0 0 3 453 0 0 0 0 0 0
35 5182 41 74 11 85 3 40 10 284 0 0 0 0 0 0 0 0 0 0
35 5191 35 59 6 33 4 69 0 0 0 0 0 0 0 0 0 0 0 0
35 51912 6 11 3 16 0 0 0 0 0 0 0 0 0 0 0 0 0 0
35 51913 18 26 0 0 0 0 0 0 0 0 0 0 0 0 0 0 0 0
35 52 1648 3319 547 3552 263 3479 116 3476 28 2001 17 2581 10 3502 3 1881 0 0
35 522 624 1397 352 2331 178 2389 77 2335 18 1354 9 1292 0 0 0 0 0 0
35 5221 128 343 261 1747 149 1992 69 2064 13 1006 8 1157 0 0 0 0 0 0
35 5241 88 147 26 155 18 230 14 394 4 245 0 0 7 2510 0 0 0 0
35 5242 629 1263 130 836 54 692 20 585 3 231 5 732 0 0 0 0 0 0
35 53 1817 2882 382 2449 127 1655 58 1789 10 593 0 0 0 0 0 0 0 0
35 531 1623 2491 244 1562 75 952 23 722 6 348 0 0 0 0 0 0 0 0
35 5313 388 643 103 652 28 363 13 407 3 165 0 0 0 0 0 0 0 0
35 532 186 377 133 864 51 689 35 1067 4 245 0 0 0 0 0 0 0 0
35 5321 44 98 27 170 17 208 8 250 0 0 0 0 0 0 0 0 0 0
35 5411 787 1412 197 1293 81 1098 37 968 3 228 0 0 0 0 0 0 0 0
35 5412 541 898 142 962 64 848 26 794 6 438 0 0 0 0 0 0 0 0
35 5413 438 695 104 704 79 1070 70 2124 11 794 10 1449 5 1860 0 0 0 0
35 5414 102 147 8 53 3 31 0 0 0 0 0 0 0 0 0 0 0 0
35 5415 364 524 68 446 45 593 30 881 12 822 5 756 0 0 0 0 0 0
35 5416 545 646 71 468 34 423 28 858 6 390 5 664 0 0 0 0 0 0
35 5417 83 134 26 172 23 345 22 702 12 795 6 965 0 0 0 0 0 0
35 5418 105 161 12 76 10 134 5 146 0 0 0 0 0 0 0 0 0 0
35 5419 205 276 81 569 59 797 36 1030 3 231 0 0 0 0 0 0 0 0
35 54194 69 119 58 422 54 733 27 744 0 0 0 0 0 0 0 0 0 0
35 55 88 171 26 166 45 641 32 904 14 889 10 1369 0 0 0 0 0 0
35 561 1002 1707 283 1839 185 2493 138 4279 59 4208 37 5718 19 6026 9 6599 0 0
35 5613 78 115 11 68 10 134 27 895 24 1769 16 2389 7 2288 0 0 0 0
35 5614 102 180 41 244 19 259 5 139 0 0 4 694 0 0 6 4519 0 0
35 5615 33 59 8 57 7 102 5 134 0 0 0 0 0 0 0 0 0 0
35 5616 89 152 30 208 24 357 20 578 18 1332 5 620 3 1014 0 0 0 0
35 5617 538 901 140 914 100 1329 51 1550 11 675 6 957 4 1195 0 0 0 0
35 56173 231 376 51 361 42 570 21 623 5 330 0 0 0 0 0 0 0 0
35 562 100 182 44 325 33 469 24 692 8 523 0 0 0 0 0 0 0 0
35 611 302 474 93 635 92 1275 64 2051 22 1454 11 1678 4 1256 0 0 0 0
35 6111 12 19 20 131 26 372 33 1035 18 1225 7 1039 3 984 0 0 0 0
35 621 1712 2927 726 4801 555 7231 357 10766 90 6241 51 7718 8 2616 0 0 0 0
35 6211 539 878 178 1137 127 1673 103 2980 21 1403 10 1541 0 0 0 0 0 0
35 6212 244 416 262 1798 209 2657 45 1220 0 0 0 0 0 0 0 0 0 0
35 6213 702 1216 173 1127 84 1082 33 967 5 362 4 574 0 0 0 0 0 0
35 62131 152 338 36 224 0 0 0 0 0 0 0 0 0 0 0 0 0 0
35 62132 46 94 36 247 18 221 4 118 0 0 0 0 0 0 0 0 0 0
35 6214 99 178 61 405 78 1060 98 3013 19 1226 11 1432 0 0 0 0 0 0
35 6216 49 86 22 141 28 390 52 1771 31 2312 20 3248 5 1503 0 0 0 0
35 622 0 0 0 0 0 0 3 96 7 490 18 3523 14 4707 9 6314 10 22555
35 6222 0 0 0 0 0 0 0 0 0 0 0 0 3 828 0 0 0 0
35 623 66 117 90 624 64 910 72 2284 49 3666 40 5213 5 1582 0 0 0 0
35 6231 13 16 0 0 0 0 6 223 25 2050 18 2346 0 0 0 0 0 0
35 6241 309 520 93 587 70 981 82 2640 65 4774 36 5823 12 3890 3 1751 0 0
35 6242 39 78 15 103 23 315 20 580 0 0 0 0 0 0 0 0 0 0
35 6243 14 23 0 0 4 48 5 168 3 188 0 0 0 0 0 0 0 0
35 6244 99 197 76 547 120 1683 98 2724 7 425 3 423 0 0 0 0 0 0
35 711 208 243 13 89 12 166 8 191 4 364 6 1072 0 0 0 0 0 0
35 7111 35 55 3 21 5 66 3 65 3 269 0 0 0 0 0 0 0 0
35 7112 9 9 0 0 4 56 0 0 0 0 3 504 0 0 0 0 0 0
35 7115 130 130 5 39 0 0 0 0 0 0 0 0 0 0 0 0 0 0
35 712 28 60 9 55 11 153 3 93 0 0 0 0 0 0 0 0 0 0
35 713 186 268 74 477 73 935 52 1542 19 1344 15 2056 5 1591 0 0 0 0
35 71395 5 13 0 0 5 62 8 237 0 0 0 0 0 0 0 0 0 0
35 721 273 426 127 846 177 2540 158 4461 16 1132 33 4887 8 2805 3 2387 0 0
35 7211 223 348 108 738 167 2402 157 4419 14 1000 32 4734 8 2805 3 2387 0 0
35 722 796 1380 609 4177 834 11735 1070 32673 304 19093 38 4986 0 0 0 0 0 0
35 7224 36 64 21 138 22 307 30 885 0 0 0 0 0 0 0 0 0 0
35 8111 587 1107 249 1635 113 1450 33 903 10 728 0 0 0 0 0 0 0 0
35 811192 65 123 18 120 12 175 13 403 8 553 0 0 0 0 0 0 0 0
35 8112 39 68 10 68 5 75 3 65 0 0 0 0 0 0 0 0 0 0
35 8113 91 156 43 270 30 421 9 262 3 199 0 0 0 0 0 0 0 0
35 8114 68 118 13 75 7 76 0 0 0 0 0 0 0 0 0 0 0 0
35 8121 298 464 127 856 44 568 14 373 0 0 0 0 0 0 0 0 0 0
35 812111 14 24 0 0 0 0 0 0 0 0 0 0 0 0 0 0 0 0
35 812112 185 300 94 640 32 403 7 191 0 0 0 0 0 0 0 0 0 0
35 8122 30 74 23 166 20 264 6 165 0 0 0 0 0 0 0 0 0 0
35 8123 77 159 35 229 20 282 9 267 9 583 0 0 0 0 0 0 0 0
35 8129 125 202 37 252 22 277 8 193 0 0 0 0 0 0 0 0 0 0
35 813 1148 2257 385 2508 227 2940 105 3062 18 1143 9 1170 0 0 0 0 0 0
35 8131 609 1305 225 1456 135 1757 69 2034 12 761 5 750 0 0 0 0 0 0
35 8139 220 390 52 344 20 262 13 363 0 0 0 0 0 0 0 0 0 0
35 81393 31 51 14 104 9 104 5 121 0 0 0 0 0 0 0 0 0 0
35 814 2463 4605 922 6059 488 6353 187 5290 40 2653 15 2079 0 0 0 0 0 0
36 111 469 698 70 475 30 369 13 424 3 193 4 693 0 0 0 0 0 0
36 112 469 698 70 475 30 369 13 424 3 193 4 693 0 0 0 0 0 0
36 113 159 234 24 155 5 72 0 0 0 0 0 0 0 0 0 0 0 0
36 1133 154 230 24 155 5 72 0 0 0 0 0 0 0 0 0 0 0 0
36 114 44 41 0 0 0 0 0 0 0 0 0 0 0 0 0 0 0 0
36 115 266 423 45 314 24 286 10 329 0 0 4 693 0 0 0 0 0 0
36 211 13 28 4 23 3 33 0 0 0 0 0 0 0 0 0 0 0 0
36 2121 70 131 46 305 48 634 23 698 6 354 3 538 0 0 0 0 0 0
36 2122 70 131 46 305 48 634 23 698 6 354 3 538 0 0 0 0 0 0
36 2123 68 130 46 305 48 634 23 698 6 354 0 0 0 0 0 0 0 0
36 213 27 42 6 35 3 40 4 131 0 0 0 0 0 0 0 0 0 0
36 22 320 589 105 702 85 1121 96 2939 63 4128 48 7462 21 7731 17 12541 0 0
36 221 320 589 105 702 85 1121 96 2939 63 4128 48 7462 21 7731 17 12541 0 0
36 2211 218 412 75 507 70 925 74 2288 47 3047 40 6274 19 6826 16 12008 0 0
36 2212 29 64 15 98 8 105 14 414 11 713 7 1055 0 0 0 0 0 0
36 2213 73 113 15 97 7 91 8 237 5 368 0 0 0 0 0 0 0 0
36 22132 11 23 4 28 3 41 5 124 3 215 0 0 0 0 0 0 0 0
36 23 35749 53588 7006 45794 3981 53529 2573 77276 714 49045 373 55162 103 34253 21 13518 6 5966
36 3 6495 11913 2579 17261 2160 29593 1875 58337 852 59597 584 90251 185 65407 62 40973 28 42554
36 31 6495 11913 2579 17261 2160 29593 1875 58337 852 59597 584 90251 185 65407 62 40973 28 42554
36 311 850 1700 403 2675 314 4323 238 7233 104 7117 81 13193 35 12649 0 0 0 0
36 3113 59 123 16 110 20 249 22 643 6 373 6 910 0 0 0 0 0 0
36 3114 29 49 8 52 10 138 15 474 4 294 13 2224 6 2189 0 0 0 0
36 3115 42 61 16 103 21 303 11 383 11 797 19 3106 9 3413 0 0 0 0
36 3116 48 95 24 156 22 305 23 652 11 705 3 350 0 0 0 0 0 0
36 3118 521 1130 280 1869 191 2632 131 3964 41 2839 25 3949 8 2812 0 0 0 0
36 311811 382 857 208 1392 136 1886 71 2096 18 1234 0 0 0 0 0 0 0 0
36 3121 256 452 116 768 108 1445 72 2059 16 1112 9 1500 4 1079 3 1751 0 0
36 3122 4 4 0 0 0 0 0 0 3 241 0 0 0 0 0 0 0 0
36 3131 8 16 0 0 0 0 0 0 0 0 0 0 0 0 0 0 0 0
36 3132 18 37 9 63 4 60 8 221 0 0 0 0 0 0 0 0 0 0
36 3133 33 63 14 97 3 37 7 206 0 0 0 0 0 0 0 0 0 0
36 314 151 246 48 340 41 553 20 624 10 614 8 1295 0 0 0 0 0 0
36 31411 49 86 12 86 13 174 5 182 0 0 0 0 0 0 0 0 0 0
36 315 433 746 217 1472 131 1775 65 1901 14 810 7 897 0 0 0 0 0 0
36 316 41 63 19 127 17 236 6 134 0 0 3 389 0 0 0 0 0 0
36 3162 6 12 0 0 5 65 0 0 0 0 0 0 0 0 0 0 0 0
36 3211 34 59 13 96 15 224 15 513 4 278 3 362 0 0 0 0 0 0
36 3212 0 0 0 0 0 0 11 398 0 0 0 0 0 0 0 0 0 0
36 3219 183 298 64 425 58 801 54 1677 15 1007 7 1274 0 0 0 0 0 0
36 32199 75 112 21 145 19 266 13 434 3 230 3 595 0 0 0 0 0 0
36 3221 0 0 0 0 0 0 5 188 9 660 7 1139 3 950 0 0 0 0
36 3222 32 51 22 148 22 301 35 1235 22 1577 27 3765 6 2207 0 0 0 0
36 32221 8 12 6 41 11 151 14 469 16 1160 13 1597 6 2207 0 0 0 0
36 3231 905 1682 245 1600 164 2233 127 3916 40 2582 21 3016 4 1880 3 2108 0 0
36 3241 56 116 29 184 25 350 10 351 3 188 0 0 0 0 0 0 0 0
36 32411 56 116 29 184 25 350 10 351 3 188 0 0 0 0 0 0 0 0
36 325 166 318 79 521 74 1048 73 2324 60 4514 53 8382 17 6260 12 7984 6 9192
36 3252 7 7 7 53 3 46 11 338 6 487 4 568 0 0 0 0 0 0
36 3253 9 14 3 20 9 142 0 0 0 0 0 0 0 0 0 0 0 0
36 3254 38 84 13 85 12 177 13 472 22 1650 19 3424 12 4219 9 6292 3 5552
36 3255 20 40 13 93 10 135 10 248 0 0 3 396 0 0 0 0 0 0
36 3256 48 86 22 131 20 280 13 431 7 515 9 1348 4 1574 0 0 0 0
36 3261 77 135 50 326 65 925 72 2315 48 3227 37 5943 9 3087 5 3508 0 0
36 3262 11 17 6 47 7 112 11 325 3 221 6 806 0 0 0 0 0 0
36 32621 6 10 0 0 0 0 3 90 0 0 0 0 0 0 0 0 0 0
36 327 209 368 109 725 115 1520 99 3098 46 3290 20 3022 8 2486 0 0 0 0
36 32711 10 16 4 29 0 0 0 0 0 0 0 0 0 0 0 0 0 0
36 327120 4 3 0 0 3 36 3 68 4 284 3 414 0 0 0 0 0 0
36 3272 58 108 11 71 10 137 17 481 8 654 5 909 5 1569 0 0 0 0
36 3279 54 102 41 275 34 464 29 905 11 769 5 681 0 0 0 0 0 0
36 331 39 71 13 80 14 217 25 784 26 2008 11 1617 11 3559 0 0 0 0
36 3313 3 4 0 0 0 0 3 86 0 0 0 0 3 1108 0 0 0 0
36 3314 20 42 0 0 3 47 12 380 21 1602 3 478 5 1551 0 0 0 0
36 3315 6 9 7 43 6 103 7 202 3 226 0 0 0 0 0 0 0 0
36 332 822 1636 411 2806 363 4987 322 10005 143 10138 80 11937 11 3784 6 4215 0 0
36 3321 27 53 16 103 12 167 21 615 17 1186 5 727 0 0 0 0 0 0
36 3322 16 32 9 54 7 88 9 290 5 315 0 0 0 0 0 0 0 0
36 3327 346 697 156 1057 140 1929 120 3576 43 2958 22 2951 0 0 0 0 0 0
36 3328 64 125 47 335 32 420 35 1106 14 1008 6 1024 0 0 0 0 0 0
36 33299 74 127 30 195 29 386 26 810 7 550 11 1641 0 0 3 2113 0 0
36 333 258 499 131 903 132 1822 146 4700 76 5412 57 8649 16 5723 6 3272 5 8523
36 3331 13 28 6 36 10 129 8 252 0 0 4 754 0 0 0 0 0 0
36 33311 6 16 4 24 4 42 0 0 0 0 3 599 0 0 0 0 0 0
36 3333 31 64 12 79 9 110 17 586 10 692 5 646 0 0 0 0 0 0
36 3335 84 162 42 294 26 344 36 1084 11 748 8 973 0 0 0 0 0 0
36 3336 8 17 5 39 5 68 11 426 7 542 4 547 3 1301 0 0 0 0
36 334 192 329 70 486 87 1170 112 3600 57 3888 55 8326 23 8158 8 5666 7 12828
36 3341 21 36 6 36 8 113 4 112 0 0 3 408 0 0 0 0 0 0
36 3345 69 122 28 189 29 379 49 1538 19 1298 22 3222 10 3328 3 2171 0 0
36 335 84 154 33 216 53 718 46 1481 44 3080 19 3229 3 894 3 1648 0 0
36 336 98 195 41 290 32 458 40 1145 25 1801 26 4213 15 5754 3 1842 5 6013
36 33641 8 19 3 19 5 68 7 177 10 769 12 1995 7 2660 0 0 0 0
36 3365 0 0 4 32 4 68 0 0 0 0 0 0 3 1204 0 0 0 0
36 3366 17 31 7 47 3 43 7 207 0 0 0 0 0 0 0 0 0 0
36 3369 14 20 0 0 0 0 3 77 0 0 0 0 0 0 0 0 0 0
36 337 498 881 164 1083 114 1518 91 2710 26 1867 11 1749 3 913 0 0 0 0
36 3391 357 610 81 547 49 665 45 1486 23 1613 12 1754 8 2655 3 2419 0 0
36 3399 678 1164 186 1202 147 2012 119 3672 29 1977 19 3109 6 2391 0 0 0 0
36 4 41754 78417 15170 100550 9646 127760 6037 177164 1752 119679 1199 179303 273 89445 44 27941 7 13989
36 42 17720 30006 4765 31622 3142 42851 2180 66944 710 48905 392 60534 102 35551 33 22758 6 9146
36 4231 532 907 233 1580 180 2422 133 4017 33 2047 11 1523 0 0 0 0 0 0
36 4232 705 1276 217 1435 135 1835 102 3102 24 1705 18 2579 0 0 0 0 0 0
36 4233 379 674 179 1228 158 2206 103 3188 25 1780 12 1472 0 0 0 0 0 0
36 4234 1338 2352 334 2235 227 3122 164 5287 74 5047 51 7747 12 3990 5 3506 3 4343
36 4235 259 458 80 532 63 865 51 1651 10 721 5 730 0 0 0 0 0 0
36 4236 957 1745 347 2321 229 3067 195 5863 49 3215 22 3196 6 2301 0 0 0 0
36 4237 456 872 273 1773 166 2191 108 3122 26 1692 9 1287 0 0 0 0 0 0
36 4238 1062 1911 403 2702 318 4386 214 6567 52 3633 24 3620 0 0 0 0 0 0
36 4239 2754 4806 551 3659 322 4436 173 5163 59 4044 21 2856 6 2127 0 0 0 0
36 42393 228 440 94 633 62 877 52 1530 19 1240 5 674 0 0 0 0 0 0
36 424 6944 11764 1905 12590 1233 16885 878 27315 343 23977 209 33886 69 24322 22 15587 3 4803
36 4241 388 668 112 756 85 1204 47 1540 21 1445 14 1959 0 0 0 0 0 0
36 4243 1835 3209 483 3233 308 4211 219 6925 76 5343 43 7101 7 2341 5 3534 0 0
36 4244 2257 3786 604 3959 415 5634 298 9086 132 9163 77 12624 32 11719 4 2656 0 0
36 4245 61 94 21 152 15 203 8 247 0 0 0 0 0 0 0 0 0 0
36 4247 94 166 51 354 41 561 38 1232 5 347 0 0 0 0 0 0 0 0
36 4248 205 365 56 375 42 570 40 1221 30 2131 25 3916 14 4617 5 3214 0 0
36 4249 1203 1928 296 1904 159 2202 93 2856 26 1771 9 1217 3 1197 0 0 0 0
36 42491 77 141 31 199 33 474 17 527 3 204 0 0 0 0 0 0 0 0
36 4251 2334 3241 243 1567 111 1436 59 1669 15 1044 10 1638 4 1254 0 0 0 0
36 4411 911 1482 195 1300 170 2340 384 12778 324 22491 115 15861 7 1986 0 0 0 0
36 4412 269 469 101 692 106 1424 43 1263 8 573 0 0 0 0 0 0 0 0
36 4413 727 1530 678 4771 557 7012 122 3629 9 544 0 0 0 0 0 0 0 0
36 442 2046 3951 545 3612 325 4389 231 6977 68 4466 20 2653 5 1893 0 0 0 0
36 443141 192 358 73 473 47 648 51 1555 0 0 0 0 0 0 0 0 0 0
36 443142 968 1857 349 2291 98 1247 34 1017 36 2689 39 4881 4 1148 0 0 0 0
36 4441 1706 3465 908 5954 557 7549 272 7533 35 2449 152 25769 23 7303 0 0 0 0
36 44413 574 1104 249 1601 154 2123 88 2189 8 474 0 0 0 0 0 0 0 0
36 4442 354 610 158 1070 173 2231 37 1176 5 391 0 0 0 0 0 0 0 0
36 44511 5909 11349 976 6158 691 9654 728 22786 457 32369 404 59958 64 22469 20 12112 0 0
36 44512 2376 4413 409 2789 288 3612 42 1011 0 0 0 0 0 0 0 0 0 0
36 4452 1734 3518 578 3757 296 3831 120 3441 17 1222 9 1299 0 0 0 0 0 0
36 4453 2320 4842 676 4324 222 2830 68 1911 3 205 0 0 0 0 0 0 0 0
36 446 3308 6770 2212 14668 1400 18749 1309 34263 87 5681 11 1512 0 0 0 0 0 0
36 44611 1210 2636 1117 7749 988 13305 1126 28667 44 2974 3 483 0 0 0 0 0 0
36 447 2012 4498 1687 11105 1085 14044 147 3784 15 1044 13 1737 0 0 0 0 0 0
36 4481 3067 5722 1488 10283 1339 17596 877 26761 340 21992 106 14522 20 6355 5 3694 0 0
36 44821 548 1238 532 3488 367 4854 180 5190 28 1747 8 1238 0 0 0 0 0 0
36 4483 1516 2763 411 2668 213 2651 49 1252 5 328 0 0 0 0 0 0 0 0
36 4511 1119 1847 331 2141 209 2851 285 9178 52 3492 8 1026 0 0 0 0 0 0
36 45113 149 250 33 206 22 347 24 733 3 168 0 0 0 0 0 0 0 0
36 45114 124 227 47 305 18 273 23 641 0 0 0 0 0 0 0 0 0 0
36 45121 453 836 123 786 49 640 51 1665 17 1085 0 0 0 0 0 0 0 0
36 45221 0 0 0 0 0 0 3 138 37 2821 91 13136 21 7470 4 2394 3 7357
36 4523 1120 1916 684 4584 334 4710 376 11555 95 6564 151 25823 108 33568 3 1872 0 0
36 4531 724 1318 179 1165 72 878 16 436 3 164 0 0 0 0 0 0 0 0
36 45321 194 294 40 268 35 524 96 2951 5 357 0 0 0 0 0 0 0 0
36 45322 975 1804 267 1739 157 2091 87 2395 8 518 7 856 0 0 0 0 0 0
36 4533 570 1066 228 1652 69 995 39 1231 10 635 0 0 0 0 0 0 0 0
36 4539 2118 3769 527 3400 289 3840 139 3808 21 1240 0 0 0 0 0 0 0 0
36 454110 2975 4183 461 3021 243 3191 131 3889 40 2733 36 5017 12 4265 6 4126 0 0
36 4542 155 221 19 124 20 296 14 538 4 324 5 754 0 0 0 0 0 0
36 454310 346 699 173 1198 137 1794 76 2200 13 887 11 1454 0 0 0 0 0 0
36 45439 1040 1627 162 1069 98 1289 30 853 8 557 0 0 0 0 0 0 0 0
36 481 96 163 43 287 47 662 42 1207 17 1195 16 2402 3 956 4 3381 7 25144
36 482 8714 12108 1656 11172 1381 18733 1072 32675 420 29516 297 45118 115 38283 53 37133 21 48500
36 483 53 107 33 227 25 322 17 476 0 0 4 723 3 1141 0 0 0 0
36 484 3834 4957 562 3802 497 6794 320 9857 109 7745 47 7034 10 3349 0 0 0 0
36 485 2302 2947 335 2272 254 3441 283 8571 118 8207 117 18185 51 17197 21 14532 4 5367
36 4853 1770 2148 184 1240 112 1489 94 2816 20 1351 5 715 0 0 0 0 0 0
36 486 34 79 14 89 9 109 5 112 0 0 0 0 0 0 0 0 0 0
36 487 135 156 21 134 16 224 9 300 4 250 3 505 0 0 0 0 0 0
36 488 1481 2586 456 3089 332 4494 204 6141 64 4393 34 4852 15 5034 8 5282 0 0
36 492 530 702 94 608 126 1645 108 3367 66 4693 57 8651 18 5639 8 5828 6 11725
36 493 249 411 98 664 75 1042 84 2644 39 2845 19 2766 14 4665 10 6980 0 0
36 5111 616 1052 196 1338 131 1791 138 4371 43 3098 43 6879 15 5023 10 7083 9 15618
36 51111 174 302 74 508 39 549 65 2006 16 1181 10 1624 0 0 0 0 3 5299
36 5112 498 666 133 913 107 1492 84 2575 62 4448 23 3659 14 4514 6 3848 0 0
36 5121 2240 2321 218 1425 158 2142 147 4539 69 4631 38 5605 8 3017 3 2342 3 4862
36 5122 426 526 61 387 35 462 14 450 11 822 0 0 0 0 0 0 0 0
36 515 212 338 79 527 68 949 77 2557 48 3322 44 6846 16 5992 13 8860 10 23401
36 517 2063 3533 672 4570 492 6414 226 6643 107 7282 93 13027 24 8542 10 6809 0 0
36 517311 998 1697 220 1407 128 1752 142 4368 88 6058 81 11246 23 8265 10 6809 0 0
36 5182 551 862 127 862 104 1443 108 3440 51 3575 47 7212 21 6945 7 5078 0 0
36 5191 739 1309 261 1818 210 3005 128 3899 60 4258 41 6220 24 8504 8 5936 10 22962
36 51912 210 487 160 1111 135 1932 62 1767 21 1424 5 833 0 0 0 0 0 0
36 51913 485 741 88 632 68 971 57 1878 33 2407 34 4962 22 7771 6 4719 9 21701
36 52 14622 25825 5770 38478 3139 41765 1495 45802 620 43032 494 75499 178 60026 101 69808 71 154339
36 522 3310 6662 3148 21591 1750 23468 544 16635 176 12424 145 22625 52 17717 35 24541 19 47958
36 5221 1546 3710 2547 17633 1505 20181 407 12410 114 8211 113 17722 40 13859 28 20257 15 32525
36 5241 711 1188 162 1060 164 2102 153 4756 104 7217 96 15042 49 16747 27 18851 18 28683
36 5242 5298 9753 1483 9460 646 8325 324 9754 116 7927 72 10442 9 3011 6 3719 6 11676
36 53 26104 40843 4450 28976 2136 28213 1121 33215 264 18112 111 16110 22 7200 8 5108 5 14022
36 531 24762 38606 3777 24707 1803 23713 918 27245 209 14348 91 13217 19 6354 5 2823 5 14022
36 5313 6166 9758 1313 8734 747 9883 411 12296 102 7154 56 7968 12 4090 0 0 0 0
36 532 1248 2095 660 4177 317 4253 197 5793 50 3438 17 2540 0 0 0 0 0 0
36 5321 360 647 224 1449 124 1596 80 2333 21 1455 0 0 0 0 0 0 0 0
36 5411 9709 16316 1901 12385 941 12556 541 16377 210 14151 119 18105 41 14346 15 9589 6 7582
36 5412 6327 10268 1465 9766 719 9550 313 9753 110 7445 79 11913 25 8422 11 8728 8 23628
36 5413 3802 6316 1012 6781 664 8944 376 11399 157 10852 83 12667 21 6996 9 6713 0 0
36 5414 3144 4276 356 2333 168 2215 67 1998 23 1503 9 1329 0 0 0 0 0 0
36 5415 5985 8119 695 4555 429 5860 362 11073 138 9416 107 16458 35 11907 14 9344 6 13725
36 5416 9896 11310 903 5795 576 7697 383 11390 127 8657 96 14869 34 11640 15 10359 7 12744
36 5417 545 885 149 963 111 1480 86 2524 55 3792 33 4748 12 4232 10 6790 8 14962
36 5418 2324 3472 479 3228 310 4272 259 8418 149 10388 107 16497 37 12364 25 17625 3 5638
36 5419 3136 4077 636 4324 558 7665 302 8748 64 4434 31 4633 10 3578 5 2820 0 0
36 54194 374 710 367 2575 387 5387 214 6180 27 1849 10 1393 0 0 0 0 0 0
36 55 1149 2036 335 2280 362 5099 480 15409 305 21399 232 35984 94 32229 45 30201 27 44198
36 561 17622 24268 3262 21362 2001 27173 1566 47735 733 51470 553 86764 243 84425 102 70332 76 286947
36 5613 1343 1937 308 2044 236 3272 322 10412 245 17343 225 34675 110 37616 49 34531 44 220556
36 5614 1280 2165 333 2195 181 2425 135 4178 60 3954 38 5529 20 7286 10 6628 4 11350
36 5615 1592 2417 262 1653 118 1574 64 1861 29 2120 23 3136 5 1516 0 0 0 0
36 5616 1107 1727 269 1778 223 3007 202 6048 106 7616 104 17447 51 18948 22 14828 14 30265
36 5617 9819 11871 1495 9692 823 11172 520 15371 140 9799 84 13071 32 10563 9 6579 12 21027
36 56173 6261 6480 702 4457 312 4167 136 3868 31 2169 9 1218 4 1414 0 0 0 0
36 562 736 1338 285 1885 206 2832 187 5731 79 5538 28 4590 3 985 0 0 0 0
36 611 4083 6371 1319 8735 1091 14902 1084 33815 478 33406 308 45769 92 32217 43 30831 61 230525
36 6111 222 450 167 1133 243 3517 482 15779 322 22668 206 30698 53 18138 10 6865 3 4668
36 621 21995 39632 8477 56124 4913 65084 2646 78718 710 49031 468 72997 165 58015 113 78600 64 133037
36 6211 8221 15322 3186 21228 2055 27430 1157 33925 207 14104 91 13935 17 5684 13 8741 6 9425
36 6212 4058 8781 2950 19578 1354 17238 279 7602 21 1211 6 733 0 0 0 0 0 0
36 6213 7920 12269 1658 10789 726 9613 246 7169 48 3387 37 5737 9 3129 4 2221 0 0
36 62131 1643 2996 278 1735 62 800 0 0 0 0 0 0 0 0 0 0 0 0
36 62132 502 1021 241 1664 86 1118 25 684 0 0 0 0 0 0 0 0 0 0
36 6214 601 1254 335 2283 431 5942 565 17334 171 11709 96 14176 17 5614 4 2661 0 0
36 6216 322 444 92 621 96 1419 172 5581 172 12192 187 30314 110 39525 84 59642 55 120081
36 622 9 14 5 43 8 121 8 263 10 829 21 4112 30 11400 64 45919 126 408095
36 6222 0 0 0 0 0 0 0 0 0 0 5 1027 13 5353 13 9532 6 9175
36 623 830 1569 1216 8642 1801 24194 1137 33403 330 23478 453 72737 171 55104 41 26341 8 9129
36 6231 73 93 27 183 18 250 55 1756 86 6580 311 52168 130 41545 30 19279 3 3321
36 6241 1933 3439 911 6190 895 12236 846 26549 399 28216 265 39824 80 27777 45 30246 35 75186
36 6242 422 821 201 1375 282 3855 234 7228 76 5102 31 4508 4 1452 0 0 0 0
36 6243 122 225 61 430 67 958 71 2394 36 2478 35 5659 4 1292 0 0 3 4488
36 6244 3180 5520 860 5724 983 13788 1042 31532 186 12154 60 8149 9 2641 0 0 3 4222
36 711 6173 6033 533 3402 318 4272 262 8195 165 11570 67 10337 26 9336 12 8250 4 8873
36 7111 1000 1146 163 1068 114 1551 110 3462 73 5271 34 5150 9 3023 0 0 0 0
36 7112 151 182 28 175 26 335 31 943 14 960 4 716 8 2977 4 2533 0 0
36 7115 3866 3107 162 1034 68 903 29 836 15 943 0 0 0 0 0 0 0 0
36 712 324 581 116 758 70 954 61 1947 32 2263 29 3929 10 3312 3 1913 0 0
36 713 2680 3600 852 5615 773 10765 775 24904 279 19339 133 19838 29 9591 3 1741 0 0
36 71395 60 132 51 367 65 958 52 1664 12 864 0 0 0 0 0 0 0 0
36 721 1289 1743 371 2496 512 7177 559 17076 198 13800 143 22109 48 16781 20 13540 7 13121
36 7211 905 1264 290 1987 474 6682 540 16559 190 13249 139 21483 48 16781 20 13540 7 13121
36 722 22271 40042 10000 66989 9102 126742 8139 246783 2066 135155 510 70935 38 12316 19 12196 4 5002
36 7224 1682 3388 856 5674 481 6471 304 8792 52 3297 12 1743 0 0 0 0 0 0
36 8111 6537 12511 1846 11976 807 10494 280 8089 30 1906 0 0 0 0 0 0 0 0
36 811192 510 742 147 1005 144 1971 88 2707 11 727 0 0 0 0 0 0 0 0
36 8112 504 795 94 616 44 585 29 853 4 326 6 761 0 0 0 0 0 0
36 8113 542 902 129 851 75 1007 45 1302 12 749 0 0 0 0 0 0 0 0
36 8114 1220 1804 152 979 61 781 9 217 5 326 0 0 0 0 0 0 0 0
36 8121 10569 18041 2870 18695 1237 16259 424 11479 55 3663 9 1146 0 0 0 0 0 0
36 812111 887 1372 85 548 20 254 11 272 0 0 0 0 0 0 0 0 0 0
36 812112 5038 8118 1212 7991 594 7872 222 6207 38 2520 4 492 0 0 0 0 0 0
36 8122 988 1834 289 1879 138 1878 56 1650 4 322 3 318 0 0 0 0 0 0
36 8123 4105 7680 524 3234 180 2392 98 2987 24 1579 23 3550 3 872 0 0 0 0
36 8129 2520 4198 806 5300 415 5484 174 5056 20 1332 14 2172 0 0 0 0 0 0
36 813 12364 22860 4053 27078 2396 32024 1204 35361 360 24346 168 25498 57 19027 19 12701 5 12587
36 8131 4944 9945 1757 11415 940 12701 517 15441 172 11793 58 8807 17 5468 8 5158 0 0
36 8139 4449 7546 1471 10288 978 12985 368 10607 69 4423 33 4766 15 5248 6 3966 0 0
36 81393 431 834 279 1819 212 2939 108 3224 28 1854 13 1953 5 1819 0 0 0 0
36 814 39349 70625 10763 70608 5353 70904 2319 66994 514 34549 228 34293 66 21554 23 15005 5 12587
37 111 491 882 181 1179 98 1268 35 920 5 327 3 349 0 0 0 0 0 0
37 112 491 882 181 1179 98 1268 35 920 5 327 3 349 0 0 0 0 0 0
37 113 257 526 137 904 74 950 18 452 0 0 0 0 0 0 0 0 0 0
37 1133 243 502 134 885 69 883 15 362 0 0 0 0 0 0 0 0 0 0
37 114 20 25 0 0 0 0 0 0 0 0 0 0 0 0 0 0 0 0
37 115 214 331 43 266 23 308 17 468 4 241 3 349 0 0 0 0 0 0
37 211 3 4 0 0 0 0 0 0 0 0 0 0 0 0 0 0 0 0
37 2121 38 65 35 231 36 511 49 1426 8 540 0 0 0 0 0 0 0 0
37 2122 38 65 35 231 36 511 49 1426 8 540 0 0 0 0 0 0 0 0
37 2123 36 63 35 231 36 511 49 1426 8 540 0 0 0 0 0 0 0 0
37 213 13 16 0 0 0 0 0 0 0 0 0 0 0 0 0 0 0 0
37 22 295 477 74 477 87 1150 88 2850 52 3356 26 3923 8 2882 0 0 4 4129
37 221 295 477 74 477 87 1150 88 2850 52 3356 26 3923 8 2882 0 0 4 4129
37 2211 239 365 46 293 64 854 73 2351 41 2644 25 3752 8 2882 0 0 4 4129
37 2212 11 19 5 36 7 88 14 473 9 598 0 0 0 0 0 0 0 0
37 2213 45 93 23 148 16 208 0 0 0 0 0 0 0 0 0 0 0 0
37 22132 10 27 3 17 4 50 0 0 0 0 0 0 0 0 0 0 0 0
37 23 16119 25840 4001 26286 2356 31769 1570 46739 436 29186 197 30165 39 11925 9 6370 3 10152
37 3 2948 5485 1397 9440 1210 16521 1295 41360 798 56368 644 100009 224 77180 102 70739 40 74151
37 31 2948 5485 1397 9440 1210 16521 1295 41360 798 56368 644 100009 224 77180 102 70739 40 74151
37 311 240 363 110 714 74 1037 89 2771 45 3128 35 5454 19 6594 15 11294 13 27159
37 3113 16 27 7 59 4 59 0 0 0 0 0 0 0 0 0 0 0 0
37 3114 12 20 7 43 6 76 7 265 4 285 3 527 0 0 0 0 0 0
37 3115 5 9 0 0 0 0 6 169 0 0 4 583 0 0 0 0 0 0
37 3116 19 29 12 79 14 210 12 360 8 558 11 1460 5 1692 9 6619 10 23582
37 3118 137 194 61 388 33 451 29 867 16 1088 9 1530 7 2648 0 0 0 0
37 311811 109 153 44 284 24 336 16 461 0 0 0 0 0 0 0 0 0 0
37 3121 117 211 64 436 73 963 42 1259 13 871 6 856 4 1409 0 0 0 0
37 3122 0 0 0 0 0 0 4 149 7 495 7 1108 0 0 0 0 0 0
37 3131 4 9 3 18 4 55 7 253 17 1263 17 2727 9 2911 0 0 0 0
37 3132 17 34 8 60 11 150 27 808 24 1729 26 4106 11 3448 0 0 0 0
37 3133 30 42 9 55 8 125 18 579 16 1105 13 2044 0 0 0 0 0 0
37 314 111 201 40 256 32 469 32 1090 16 1171 14 1958 5 1440 0 0 0 0
37 31411 4 6 3 16 0 0 0 0 0 0 0 0 0 0 0 0 0 0
37 315 68 109 16 112 24 323 21 718 18 1335 17 3018 4 1261 0 0 0 0
37 316 15 22 0 0 6 85 6 147 3 177 0 0 0 0 0 0 0 0
37 3162 15 22 0 0 6 85 6 147 3 177 0 0 0 0 0 0 0 0
37 3211 32 55 34 232 34 476 33 1039 18 1188 10 1597 0 0 0 0 0 0
37 3212 12 26 9 69 8 102 16 532 15 1051 10 1629 4 1506 0 0 0 0
37 3219 102 170 57 390 71 957 75 2390 34 2440 21 3224 5 1436 0 0 0 0
37 32199 46 74 26 179 27 363 22 685 9 637 9 1431 0 0 0 0 0 0
37 3221 0 0 0 0 0 0 3 82 0 0 3 487 4 1574 3 2145 0 0
37 3222 11 18 13 96 16 231 29 1087 31 2294 45 6726 9 2701 0 0 0 0
37 32221 4 6 4 31 7 102 20 728 24 1781 25 3698 7 1994 0 0 0 0
37 3231 356 697 158 1045 72 989 82 2516 31 2323 14 2020 3 1036 0 0 0 0
37 3241 21 55 12 84 6 74 3 114 0 0 0 0 0 0 0 0 0 0
37 32411 21 55 12 84 6 74 3 114 0 0 0 0 0 0 0 0 0 0
37 325 111 206 67 462 47 693 76 2484 53 3843 50 7508 19 6473 14 10317 7 13253
37 3252 10 21 7 57 6 90 10 332 17 1228 14 2167 3 858 0 0 0 0
37 3253 4 6 7 37 5 79 10 286 0 0 0 0 0 0 0 0 0 0
37 3254 21 34 7 53 4 64 11 342 6 429 8 1378 8 2771 8 5835 5 10641
37 3255 11 23 8 49 7 107 10 342 8 569 8 1150 3 1160 0 0 0 0
37 3256 33 58 15 100 9 136 10 307 5 370 7 1107 0 0 3 2256 0 0
37 3261 42 88 26 170 42 587 71 2550 73 4945 49 7603 13 4357 6 3901 0 0
37 3262 5 10 8 57 10 131 18 642 15 993 8 1231 5 1967 0 0 0 0
37 32621 0 0 4 25 6 80 6 212 3 197 3 450 0 0 0 0 0 0
37 327 159 359 114 830 114 1456 100 3125 36 2427 20 3125 6 1995 0 0 0 0
37 32711 24 30 6 35 0 0 3 119 0 0 0 0 0 0 0 0 0 0
37 327120 5 5 0 0 0 0 3 111 9 622 4 563 0 0 0 0 0 0
37 3272 20 24 6 44 0 0 8 274 0 0 8 1291 4 1333 0 0 0 0
37 3279 22 54 24 170 23 288 19 663 11 730 0 0 0 0 0 0 0 0
37 331 10 18 7 43 4 63 12 393 15 1109 13 2205 3 1368 0 0 0 0
37 3314 4 7 4 25 0 0 0 0 5 360 0 0 0 0 0 0 0 0
37 3315 5 9 0 0 0 0 7 229 4 321 4 761 0 0 0 0 0 0
37 332 507 1000 253 1688 224 3067 200 6323 107 7441 76 11456 13 4589 4 2948 0 0
37 3321 10 27 6 41 5 66 11 357 6 405 8 1288 0 0 0 0 0 0
37 3322 7 12 3 23 3 41 6 212 5 348 0 0 0 0 0 0 0 0
37 3327 268 510 128 850 87 1170 61 1814 24 1662 9 1299 0 0 0 0 0 0
37 3328 29 53 27 182 28 396 19 577 11 783 0 0 0 0 0 0 0 0
37 33299 34 73 16 111 12 175 15 483 7 446 11 2000 5 1707 0 0 0 0
37 333 135 251 83 558 77 1095 101 3201 56 3914 51 7938 17 5994 10 7146 3 4605
37 3331 13 15 12 90 0 0 9 307 4 250 3 382 3 1005 4 3012 0 0
37 33311 4 3 7 50 0 0 3 110 0 0 0 0 0 0 0 0 0 0
37 3333 15 28 5 31 5 62 0 0 0 0 0 0 0 0 0 0 0 0
37 3335 31 70 16 103 17 246 17 513 4 276 6 905 0 0 0 0 0 0
37 3336 10 17 3 22 5 72 4 135 0 0 6 1028 0 0 0 0 0 0
37 334 69 126 22 156 31 414 28 926 31 2245 20 3323 8 2724 0 0 0 0
37 3341 6 9 0 0 3 53 0 0 0 0 0 0 0 0 0 0 0 0
37 3345 35 67 8 57 14 175 11 342 14 1051 7 977 4 1214 0 0 0 0
37 335 42 81 18 136 22 292 15 496 16 1124 16 2558 9 3167 10 6542 0 0
37 336 114 188 48 333 36 489 39 1184 28 1999 23 3772 26 9608 15 10527 5 9372
37 33641 10 21 3 25 5 66 3 88 3 236 0 0 6 2041 5 3403 0 0
37 3366 26 47 13 86 7 98 7 214 4 282 0 0 3 1074 0 0 0 0
37 3369 17 27 3 22 6 78 0 0 0 0 0 0 0 0 0 0 0 0
37 337 264 476 110 729 94 1273 94 2904 57 4176 53 8304 14 4772 9 5783 3 4013
37 3391 167 329 44 285 25 310 25 722 4 290 14 2017 4 1306 3 2000 0 0
37 3399 184 337 58 395 43 587 29 876 16 1060 12 1888 3 1144 0 0 0 0
37 4 14204 26698 9213 62105 5887 77599 3096 89266 1344 97420 709 108360 136 41185 5 2903 0 0
37 42 5586 9652 2129 14311 1702 23412 1176 35695 430 29581 204 31116 52 18606 20 13551 10 16157
37 4231 261 461 145 996 127 1789 103 3208 31 2112 13 1777 0 0 0 0 0 0
37 4232 249 432 89 619 67 917 52 1558 25 1706 6 995 0 0 0 0 0 0
37 4233 235 436 135 935 162 2265 121 3639 35 2454 8 1294 0 0 0 0 0 0
37 4234 547 989 141 925 109 1506 101 3047 53 3763 19 2877 3 1147 0 0 3 4290
37 4235 105 202 48 317 48 670 37 1121 18 1217 3 418 0 0 0 0 0 0
37 4236 302 586 199 1466 142 1956 86 2547 39 2529 20 3074 6 2306 6 4193 0 0
37 4237 293 654 207 1330 132 1754 61 1720 16 963 8 1050 5 1713 0 0 0 0
37 4238 700 1353 364 2401 298 4070 198 6004 59 4238 28 3833 7 2666 0 0 0 0
37 4239 373 644 126 830 93 1276 60 1815 18 1266 6 853 0 0 0 0 0 0
37 42393 89 179 56 376 35 492 30 930 13 949 3 421 0 0 0 0 0 0
37 424 1540 2592 555 3720 456 6271 311 9694 125 8563 89 14380 29 10095 9 5881 5 8698
37 4241 128 232 41 279 42 542 26 790 16 1149 0 0 0 0 0 0 0 0
37 4243 174 286 56 393 31 399 29 872 15 916 9 1492 9 2979 0 0 0 0
37 4244 388 568 115 747 100 1405 95 3078 45 3223 28 4423 9 3673 4 2629 0 0
37 4245 62 105 24 153 13 155 9 280 0 0 0 0 0 0 0 0 0 0
37 4247 74 143 47 325 51 672 17 434 6 389 3 492 0 0 0 0 0 0
37 4248 47 90 13 75 14 193 14 476 10 771 20 3285 0 0 0 0 0 0
37 4249 375 665 139 918 118 1662 51 1525 10 655 15 2571 3 1073 0 0 3 4988
37 42491 82 169 57 407 56 806 17 535 3 173 5 773 0 0 0 0 0 0
37 4251 981 1303 120 772 68 938 46 1342 11 770 4 565 0 0 3 2185 0 0
37 4411 956 1672 192 1228 116 1618 240 8053 198 13697 98 14484 8 2477 0 0 0 0
37 4412 204 372 98 651 79 1065 57 1653 11 693 0 0 0 0 0 0 0 0
37 4413 553 1176 697 5201 783 10258 116 3298 8 553 0 0 0 0 0 0 0 0
37 442 920 1822 437 2941 311 4162 145 4319 20 1193 0 0 0 0 0 0 0 0
37 443141 105 247 39 260 24 319 15 348 0 0 0 0 0 0 0 0 0 0
37 443142 199 396 199 1273 63 879 19 565 32 2255 9 1075 0 0 0 0 0 0
37 4441 663 1339 514 3386 322 4225 127 3455 22 1400 155 27758 0 0 0 0 0 0
37 44413 190 356 149 975 101 1401 43 1085 3 218 0 0 0 0 0 0 0 0
37 4442 215 442 183 1242 169 2184 44 1193 6 384 0 0 0 0 0 0 0 0
37 44511 461 761 117 787 200 2805 207 6919 692 53445 259 34195 3 818 0 0 0 0
37 44512 639 1075 94 586 20 259 0 0 0 0 0 0 0 0 0 0 0 0
37 4452 329 524 116 762 53 685 30 765 4 208 0 0 0 0 0 0 0 0
37 4453 226 499 292 1893 101 1292 13 384 0 0 0 0 0 0 0 0 0 0
37 446 848 1787 876 5874 485 6742 631 15706 20 1356 0 0 0 0 0 0 0 0
37 44611 163 349 402 2845 365 5118 581 14042 7 541 0 0 0 0 0 0 0 0
37 447 1839 3904 1552 10292 861 10705 241 6521 13 828 3 460 0 0 0 0 0 0
37 4481 907 1792 761 5305 710 9201 370 11427 107 6464 0 0 0 0 0 0 0 0
37 44821 157 384 284 2015 239 3018 53 1419 0 0 0 0 0 0 0 0 0 0
37 4483 266 574 177 1182 100 1201 13 378 0 0 0 0 0 0 0 0 0 0
37 4511 570 1043 237 1549 132 1758 154 5049 32 1988 3 482 0 0 0 0 0 0
37 45113 69 137 31 194 18 251 9 263 0 0 0 0 0 0 0 0 0 0
37 45114 58 121 32 195 6 83 10 267 0 0 0 0 0 0 0 0 0 0
37 45121 120 251 49 305 39 502 24 804 0 0 0 0 0 0 0 0 0 0
37 45221 0 0 0 0 0 0 23 960 83 6160 44 6194 0 0 0 0 0 0
37 4523 213 288 1050 7131 394 5592 282 7868 44 3393 119 20772 113 33793 0 0 0 0
37 4531 236 433 96 609 22 277 4 122 0 0 0 0 0 0 0 0 0 0
37 45321 47 102 12 69 58 845 34 797 0 0 0 0 0 0 0 0 0 0
37 45322 426 705 197 1293 89 1120 16 406 5 298 0 0 0 0 0 0 0 0
37 4533 334 629 198 1373 126 1742 60 1776 5 300 0 0 0 0 0 0 0 0
37 4539 1138 2008 361 2332 138 1788 81 2136 4 264 0 0 0 0 0 0 0 0
37 454110 874 1218 165 1065 86 1190 43 1361 18 1193 8 1365 5 1644 0 0 0 0
37 4542 95 168 19 120 13 175 17 541 5 360 0 0 0 0 0 0 0 0
37 454310 146 328 118 827 102 1320 20 553 0 0 0 0 0 0 0 0 0 0
37 45439 518 759 83 554 52 672 16 470 4 291 0 0 0 0 0 0 0 0
37 481 31 38 7 48 8 129 16 503 5 344 9 1343 0 0 0 0 3 12395
37 482 3957 5843 842 5645 667 9279 553 16943 252 18079 154 22924 48 17305 24 17591 12 26195
37 483 10 12 5 32 0 0 0 0 0 0 0 0 0 0 0 0 0 0
37 484 2723 3851 434 2936 358 4930 304 9334 113 7979 49 7352 16 5636 5 3362 0 0
37 485 159 235 54 356 38 544 38 1210 15 1095 7 1097 0 0 0 0 0 0
37 4853 78 107 19 127 4 51 5 157 0 0 0 0 0 0 0 0 0 0
37 486 17 35 4 25 4 55 6 170 0 0 0 0 0 0 0 0 0 0
37 487 67 61 7 46 5 64 0 0 0 0 0 0 0 0 0 0 0 0
37 488 625 1129 192 1292 124 1677 86 2636 44 3121 26 3828 5 1652 0 0 0 0
37 492 167 192 47 312 57 816 36 1017 35 2723 38 5490 6 1982 4 3061 3 6286
37 493 158 290 92 598 72 1052 64 1998 38 2644 25 3814 18 7077 12 8824 4 4744
37 5111 252 428 63 418 62 834 44 1402 20 1464 13 2125 0 0 0 0 0 0
37 51111 120 250 29 191 45 613 28 890 11 842 6 863 0 0 0 0 0 0
37 5112 205 307 59 393 36 489 43 1329 31 2285 15 2480 6 1978 3 2055 0 0
37 5121 264 338 42 270 41 618 60 2016 19 1242 5 680 0 0 0 0 0 0
37 5122 62 87 9 56 3 51 0 0 0 0 0 0 0 0 0 0 0 0
37 515 94 198 50 340 37 499 25 857 12 928 11 1496 0 0 0 0 0 0
37 517 831 1708 358 2441 308 3969 151 4768 67 4745 34 5434 16 5641 9 5769 3 3757
37 517311 539 1033 121 817 116 1671 104 3485 53 3713 21 3516 10 3503 8 5090 0 0
37 5182 222 356 50 338 53 765 50 1552 31 2305 12 1992 5 1869 6 4203 0 0
37 5191 171 273 38 243 15 201 15 466 5 383 0 0 0 0 0 0 0 0
37 51912 16 41 12 74 3 43 0 0 0 0 0 0 0 0 0 0 0 0
37 51913 144 217 23 150 11 147 10 342 4 327 0 0 0 0 0 0 0 0
37 52 8171 15219 3011 19630 1289 16822 623 17638 158 10866 136 21458 46 15562 33 21653 29 54540
37 522 2212 5192 1897 12578 830 10802 331 9046 61 4258 61 9878 25 9061 21 13985 14 32897
37 5221 1018 2548 1389 9387 706 9221 268 7168 44 3098 50 8243 20 7228 19 12512 12 29465
37 5241 425 676 86 552 89 1186 62 1807 43 2975 36 5502 13 4022 9 5858 11 15787
37 5242 3080 5419 741 4726 239 3071 134 4002 27 1876 25 4068 0 0 0 0 0 0
37 53 10234 14657 1979 12396 620 8104 353 10584 80 5583 33 4654 4 1312 0 0 0 0
37 531 9546 13444 1458 9085 375 4889 213 6730 61 4222 26 3771 3 1000 0 0 0 0
37 5313 2194 3395 658 4009 154 2050 113 3543 33 2259 16 2379 0 0 0 0 0 0
37 532 654 1157 511 3249 241 3166 134 3590 15 1087 7 883 0 0 0 0 0 0
37 5321 199 350 130 824 92 1184 55 1445 5 373 5 661 0 0 0 0 0 0
37 5411 2997 5347 753 4862 292 3835 139 4301 44 2990 12 1813 3 1078 0 0 0 0
37 5412 2459 4180 689 4527 297 3981 121 3612 35 2340 31 4303 5 1811 3 2108 3 4036
37 5413 2062 3193 496 3292 373 5063 253 7810 84 5796 55 8398 8 2329 3 2107 0 0
37 5414 892 1302 122 772 31 409 10 289 0 0 0 0 0 0 0 0 0 0
37 5415 2641 3603 377 2513 238 3174 198 6271 61 4152 57 8730 11 3531 3 2231 5 10265
37 5416 4619 5339 397 2585 221 2943 156 4733 46 3103 40 6361 14 4740 3 1951 3 4694
37 5417 369 570 77 512 58 799 78 2264 32 2323 31 5340 12 4274 3 1978 6 12132
37 5418 739 1107 110 720 76 1048 49 1605 13 796 9 1190 4 1512 0 0 0 0
37 5419 1197 1603 328 2296 389 5445 222 6567 31 2162 5 676 0 0 0 0 0 0
37 54194 298 507 244 1730 349 4920 196 5699 18 1221 4 572 0 0 0 0 0 0
37 55 732 1342 264 1806 264 3661 255 8054 140 9540 121 18416 38 13316 18 13243 15 29060
37 561 7440 12001 2079 13670 1299 17359 1008 30954 465 32773 332 51728 128 43102 51 34484 23 49608
37 5613 712 1019 149 970 130 1803 228 7516 219 15749 209 32718 80 27096 34 23853 13 27625
37 5614 451 770 129 824 72 948 41 1287 23 1553 19 2975 13 4121 4 2369 4 6328
37 5615 240 395 63 445 23 292 19 544 5 401 0 0 0 0 0 0 0 0
37 5616 328 567 109 732 78 1041 70 2157 34 2582 26 3801 11 3739 5 3077 3 4485
37 5617 4531 7331 1323 8692 739 9817 467 13715 110 7359 41 6095 15 5003 7 4696 0 0
37 56173 2560 4190 725 4725 341 4485 192 5746 52 3496 14 2058 3 1015 0 0 0 0
37 562 367 637 158 1043 118 1604 92 2662 48 3302 16 2175 0 0 0 0 0 0
37 611 1579 2320 473 3180 415 5616 352 11136 154 10797 83 12526 34 12095 11 8281 10 41133
37 6111 86 143 58 412 96 1396 176 5938 115 8174 66 9933 12 3845 0 0 0 0
37 621 7462 12954 3978 26815 2756 37196 1702 50906 521 36033 201 30555 50 17136 16 11504 3 4441
37 6211 2419 4060 1128 7607 987 13780 668 20210 172 11778 67 10685 22 7343 6 3844 0 0
37 6212 927 1850 1441 9859 799 10304 187 5011 16 1056 4 539 0 0 0 0 0 0
37 6213 2943 5107 882 5734 421 5536 159 4325 35 2383 9 1413 0 0 0 0 0 0
37 62131 743 1491 208 1315 39 478 3 98 0 0 0 0 0 0 0 0 0 0
37 62132 280 609 223 1464 128 1599 29 737 3 200 0 0 0 0 0 0 0 0
37 6214 473 801 300 2070 305 4128 269 7605 57 3902 24 3421 4 1387 0 0 0 0
37 6216 238 378 107 736 149 2106 310 10229 195 13720 77 11383 14 4548 0 0 0 0
37 622 24 36 17 102 13 157 8 251 7 532 31 5646 26 9510 38 26965 46 153780
37 6222 0 0 0 0 0 0 0 0 0 0 5 943 0 0 0 0 3 4289
37 623 634 1198 395 2689 381 5334 458 15226 367 26185 272 38678 38 12791 0 0 0 0
37 6231 86 73 15 93 20 271 41 1454 161 12264 188 26006 0 0 0 0 0 0
37 6241 1026 1715 327 2263 302 4187 310 9734 160 10972 66 9066 6 1818 0 0 0 0
37 6242 191 399 88 579 95 1305 45 1223 14 894 4 555 0 0 0 0 0 0
37 6243 56 109 22 146 18 243 24 800 23 1637 13 1944 3 1159 0 0 0 0
37 6244 656 1232 534 3614 731 10329 581 16802 44 2641 0 0 0 0 0 0 0 0
37 711 868 1114 105 694 44 586 40 1221 20 1409 13 1890 7 2125 5 3522 0 0
37 7111 126 160 21 137 10 141 10 291 3 229 0 0 0 0 0 0 0 0
37 7112 130 179 30 201 12 161 11 361 10 759 6 1010 4 1310 3 2148 0 0
37 7115 389 445 18 119 9 119 4 109 0 0 0 0 0 0 0 0 0 0
37 712 120 220 29 191 32 431 15 441 6 437 5 670 0 0 0 0 0 0
37 713 1293 1807 464 3038 407 5610 325 9745 163 11706 88 13117 16 5079 3 1759 0 0
37 71395 8 11 7 47 25 380 28 776 8 534 0 0 0 0 0 0 0 0
37 721 726 1157 323 2284 458 6555 547 15885 104 7104 41 6272 10 3412 3 2365 0 0
37 7211 593 929 280 2008 421 6041 537 15556 98 6715 40 6172 10 3412 3 2365 0 0
37 722 5055 8085 3171 21847 4190 59744 5800 177729 1571 103023 239 30568 10 3387 0 0 0 0
37 7224 341 572 215 1472 111 1462 78 2304 20 1288 0 0 0 0 0 0 0 0
37 8111 3126 5896 1158 7684 545 7107 218 5758 18 1190 6 846 0 0 0 0 0 0
37 811192 311 445 66 458 80 1097 97 2521 9 567 0 0 0 0 0 0 0 0
37 8112 300 509 65 453 28 369 16 477 0 0 3 448 0 0 0 0 0 0
37 8113 463 831 132 848 77 1036 43 1227 6 407 3 418 0 0 0 0 0 0
37 8114 564 930 99 654 34 455 17 473 0 0 3 373 0 0 0 0 0 0
37 8121 2099 3010 631 4321 345 4553 145 4231 10 643 0 0 0 0 0 0 0 0
37 812111 96 107 26 180 18 243 3 96 0 0 0 0 0 0 0 0 0 0
37 812112 1209 1701 425 2943 222 2862 79 2254 5 306 0 0 0 0 0 0 0 0
37 8122 290 662 214 1537 126 1660 42 1072 0 0 0 0 0 0 0 0 0 0
37 8123 527 1084 216 1446 101 1344 40 1132 18 1379 14 1765 0 0 0 0 0 0
37 8129 932 1436 221 1459 142 1885 80 2350 13 878 0 0 0 0 0 0 0 0
37 813 7155 14089 2358 14987 994 13293 623 18680 161 10857 51 7387 13 4276 4 2575 0 0
37 8131 5459 11045 1896 11920 760 10199 486 14548 120 8069 38 5525 12 3981 3 1996 0 0
37 8139 645 1218 182 1219 80 1061 51 1538 17 1145 6 809 0 0 0 0 0 0
37 81393 72 166 48 316 17 225 7 209 0 0 0 0 0 0 0 0 0 0
37 814 15456 28447 5094 33389 2392 31702 1224 35400 230 15602 82 11456 17 5390 5 3427 0 0
38 111 91 102 14 84 4 55 3 91 0 0 0 0 0 0 0 0 0 0
38 112 91 102 14 84 4 55 3 91 0 0 0 0 0 0 0 0 0 0
38 113 3 5 0 0 0 0 0 0 0 0 0 0 0 0 0 0 0 0
38 1133 3 5 0 0 0 0 0 0 0 0 0 0 0 0 0 0 0 0
38 114 91 102 14 84 4 55 3 91 0 0 0 0 0 0 0 0 0 0
38 115 86 93 14 84 4 55 3 91 0 0 0 0 0 0 0 0 0 0
38 211 24 36 5 37 13 165 14 405 6 409 5 732 4 1169 0 0 0 0
38 2122 17 31 4 20 6 83 5 184 3 259 0 0 0 0 0 0 0 0
38 2123 15 30 4 20 5 70 3 119 3 259 0 0 0 0 0 0 0 0
38 213 174 266 51 360 65 902 76 2471 29 1937 20 2962 7 2287 4 2888 0 0
38 22 70 143 21 148 20 281 25 830 7 504 5 1075 0 0 0 0 0 0
38 221 70 143 21 148 20 281 25 830 7 504 5 1075 0 0 0 0 0 0
38 2211 30 84 12 85 19 263 21 667 7 504 4 844 0 0 0 0 0 0
38 2212 23 41 4 33 0 0 3 144 0 0 0 0 0 0 0 0 0 0
38 2213 17 18 5 30 0 0 0 0 0 0 0 0 0 0 0 0 0 0
38 22132 17 18 5 30 0 0 0 0 0 0 0 0 0 0 0 0 0 0
38 23 1965 2996 474 3120 242 3206 185 5562 55 3662 26 3609 3 1277 0 0 0 0
38 3 262 433 128 831 106 1435 106 3341 36 2576 45 7358 14 4547 7 4976 0 0
38 31 262 433 128 831 106 1435 106 3341 36 2576 45 7358 14 4547 7 4976 0 0
38 311 34 58 19 116 21 294 23 728 3 193 9 1601 5 1682 0 0 0 0
38 3114 3 3 0 0 0 0 0 0 0 0 0 0 0 0 0 0 0 0
38 3116 12 23 7 40 6 79 0 0 0 0 0 0 0 0 0 0 0 0
38 3118 11 11 6 33 4 65 5 152 0 0 4 859 0 0 0 0 0 0
38 311811 9 9 4 21 0 0 0 0 0 0 0 0 0 0 0 0 0 0
38 3121 9 4 5 32 0 0 0 0 0 0 0 0 0 0 0 0 0 0
38 3122 9 4 5 32 0 0 0 0 0 0 0 0 0 0 0 0 0 0
38 3131 262 433 128 831 106 1435 106 3341 36 2576 45 7358 14 4547 7 4976 0 0
38 3132 262 433 128 831 106 1435 106 3341 36 2576 45 7358 14 4547 7 4976 0 0
38 3133 262 433 128 831 106 1435 106 3341 36 2576 45 7358 14 4547 7 4976 0 0
38 314 7 10 5 36 3 49 0 0 0 0 0 0 0 0 0 0 0 0
38 31411 7 10 5 36 3 49 0 0 0 0 0 0 0 0 0 0 0 0
38 316 262 433 128 831 106 1435 106 3341 36 2576 45 7358 14 4547 7 4976 0 0
38 3162 262 433 128 831 106 1435 106 3341 36 2576 45 7358 14 4547 7 4976 0 0
38 3211 5 11 5 32 3 48 7 222 0 0 0 0 0 0 0 0 0 0
38 3212 0 0 0 0 0 0 5 151 0 0 0 0 0 0 0 0 0 0
38 3219 4 8 5 32 0 0 0 0 0 0 0 0 0 0 0 0 0 0
38 3231 17 35 11 68 10 128 0 0 0 0 0 0 0 0 0 0 0 0
38 325 4 4 3 15 0 0 3 97 3 208 0 0 0 0 0 0 0 0
38 3252 4 4 3 15 0 0 3 97 3 208 0 0 0 0 0 0 0 0
38 3253 4 4 3 15 0 0 3 97 3 208 0 0 0 0 0 0 0 0
38 3254 4 4 3 15 0 0 3 97 3 208 0 0 0 0 0 0 0 0
38 3255 4 4 3 15 0 0 3 97 3 208 0 0 0 0 0 0 0 0
38 3256 4 4 3 15 0 0 3 97 3 208 0 0 0 0 0 0 0 0
38 3261 8 15 0 0 0 0 6 222 4 310 3 597 0 0 0 0 0 0
38 327 37 67 18 107 8 113 5 136 0 0 3 435 0 0 0 0 0 0
38 32711 37 67 18 107 8 113 5 136 0 0 3 435 0 0 0 0 0 0
38 327120 37 67 18 107 8 113 5 136 0 0 3 435 0 0 0 0 0 0
38 3279 6 9 4 25 0 0 0 0 0 0 0 0 0 0 0 0 0 0
38 332 53 79 18 123 25 341 28 814 4 240 8 1209 0 0 0 0 0 0
38 3327 26 43 7 46 8 111 8 219 0 0 0 0 0 0 0 0 0 0
38 3328 4 4 0 0 0 0 0 0 0 0 0 0 0 0 0 0 0 0
38 33299 6 8 4 28 0 0 4 93 0 0 0 0 0 0 0 0 0 0
38 333 20 39 13 85 8 98 10 310 8 530 6 943 0 0 3 2481 0 0
38 3331 12 25 9 57 7 87 5 140 6 337 5 802 0 0 0 0 0 0
38 33311 8 14 7 41 4 49 3 91 5 290 3 461 0 0 0 0 0 0
38 3333 20 39 13 85 8 98 10 310 8 530 6 943 0 0 3 2481 0 0
38 3335 20 39 13 85 8 98 10 310 8 530 6 943 0 0 3 2481 0 0
38 334 3 8 4 23 4 55 0 0 0 0 0 0 0 0 0 0 0 0
38 3341 3 8 4 23 4 55 0 0 0 0 0 0 0 0 0 0 0 0
38 3345 0 0 3 17 0 0 0 0 0 0 0 0 0 0 0 0 0 0
38 335 3 4 0 0 0 0 0 0 0 0 0 0 0 0 0 0 0 0
38 3352 3 4 0 0 0 0 0 0 0 0 0 0 0 0 0 0 0 0
38 336 9 16 4 28 4 45 6 250 0 0 6 1093 0 0 0 0 0 0
38 3365 9 16 4 28 4 45 6 250 0 0 6 1093 0 0 0 0 0 0
38 3366 9 16 4 28 4 45 6 250 0 0 6 1093 0 0 0 0 0 0
38 3369 9 16 4 28 4 45 6 250 0 0 6 1093 0 0 0 0 0 0
38 337 22 35 11 83 7 91 6 189 0 0 3 479 0 0 0 0 0 0
38 3391 7 15 4 29 0 0 0 0 0 0 0 0 0 0 0 0 0 0
38 3399 19 23 7 45 4 67 0 0 0 0 0 0 0 0 0 0 0 0
38 4 1105 2244 891 6050 661 8934 315 8944 101 6740 66 9762 15 4987 0 0 0 0
38 42 682 1411 397 2682 320 4382 232 7094 53 3357 20 2738 0 0 0 0 0 0
38 4231 25 60 24 160 23 309 23 696 6 400 0 0 0 0 0 0 0 0
38 4232 5 9 0 0 0 0 0 0 0 0 0 0 0 0 0 0 0 0
38 4233 25 62 17 116 9 118 5 162 0 0 0 0 0 0 0 0 0 0
38 4234 28 49 22 139 14 187 9 280 0 0 0 0 0 0 0 0 0 0
38 4235 4 4 6 44 7 91 0 0 0 0 0 0 0 0 0 0 0 0
38 4236 19 31 15 112 10 139 13 393 0 0 0 0 0 0 0 0 0 0
38 4237 25 57 16 106 7 79 10 273 0 0 0 0 0 0 0 0 0 0
38 4238 122 258 85 560 97 1359 66 1971 12 788 5 604 0 0 0 0 0 0
38 4239 36 68 9 52 10 144 0 0 0 0 0 0 0 0 0 0 0 0
38 42393 12 28 6 32 5 67 0 0 0 0 0 0 0 0 0 0 0 0
38 424 350 761 192 1325 138 1881 93 2892 25 1531 11 1535 0 0 0 0 0 0
38 4241 10 29 8 58 3 44 0 0 0 0 0 0 0 0 0 0 0 0
38 4243 3 6 0 0 0 0 0 0 0 0 0 0 0 0 0 0 0 0
38 4244 35 75 8 62 16 227 18 620 7 425 7 1065 0 0 0 0 0 0
38 4245 109 265 74 512 54 742 23 666 4 238 0 0 0 0 0 0 0 0
38 4247 16 32 9 68 5 69 11 350 3 176 0 0 0 0 0 0 0 0
38 4248 3 3 0 0 6 95 8 279 0 0 0 0 0 0 0 0 0 0
38 4249 141 294 65 439 38 502 26 744 3 180 0 0 0 0 0 0 0 0
38 42491 118 253 60 409 33 440 24 701 0 0 0 0 0 0 0 0 0 0
38 4251 43 52 9 55 4 62 8 249 3 180 0 0 0 0 0 0 0 0
38 4411 64 117 25 166 23 298 23 662 26 1767 10 1295 0 0 0 0 0 0
38 4412 14 28 17 115 21 268 9 241 0 0 0 0 0 0 0 0 0 0
38 4413 70 160 65 448 54 687 11 288 0 0 0 0 0 0 0 0 0 0
38 442 63 170 37 223 32 486 10 279 4 223 0 0 0 0 0 0 0 0
38 443141 11 31 12 83 4 50 0 0 0 0 0 0 0 0 0 0 0 0
38 443142 27 69 23 172 3 38 0 0 3 184 0 0 0 0 0 0 0 0
38 4441 99 203 91 597 43 565 22 636 0 0 13 1899 0 0 0 0 0 0
38 44413 42 83 36 223 18 222 12 348 0 0 0 0 0 0 0 0 0 0
38 4442 40 69 24 165 20 251 4 126 0 0 0 0 0 0 0 0 0 0
38 44511 46 106 29 210 28 424 29 820 28 1926 18 2604 0 0 0 0 0 0
38 44512 6 11 3 16 0 0 0 0 0 0 0 0 0 0 0 0 0 0
38 4452 23 51 13 81 9 127 3 69 0 0 0 0 0 0 0 0 0 0
38 4453 22 50 30 202 25 325 12 283 0 0 0 0 0 0 0 0 0 0
38 446 88 202 96 681 56 724 18 530 0 0 0 0 0 0 0 0 0 0
38 44611 38 90 67 493 46 602 15 424 0 0 0 0 0 0 0 0 0 0
38 447 91 190 118 829 142 1973 87 2453 9 577 0 0 0 0 0 0 0 0
38 4481 77 162 75 515 63 802 28 868 4 242 0 0 0 0 0 0 0 0
38 44821 16 30 24 156 10 119 0 0 0 0 0 0 0 0 0 0 0 0
38 4483 20 38 23 164 5 60 0 0 0 0 0 0 0 0 0 0 0 0
38 4511 40 73 26 161 15 209 17 544 0 0 0 0 0 0 0 0 0 0
38 45113 8 16 0 0 3 50 0 0 0 0 0 0 0 0 0 0 0 0
38 45114 3 5 4 27 3 49 0 0 0 0 0 0 0 0 0 0 0 0
38 45121 9 13 3 22 0 0 3 90 0 0 0 0 0 0 0 0 0 0
38 45221 0 0 0 0 0 0 0 0 10 639 4 521 0 0 0 0 0 0
38 4523 26 21 44 286 23 388 15 422 6 482 14 2393 11 3470 0 0 0 0
38 4531 37 69 15 92 4 44 3 69 0 0 0 0 0 0 0 0 0 0
38 45321 6 12 3 18 5 71 0 0 0 0 0 0 0 0 0 0 0 0
38 45322 24 33 25 171 9 110 0 0 0 0 0 0 0 0 0 0 0 0
38 4533 19 30 14 103 21 296 5 114 0 0 0 0 0 0 0 0 0 0
38 4539 52 107 24 162 24 329 4 101 0 0 0 0 0 0 0 0 0 0
38 454110 20 42 6 37 3 35 0 0 5 370 0 0 0 0 0 0 0 0
38 4542 6 7 0 0 0 0 0 0 0 0 0 0 0 0 0 0 0 0
38 454310 16 52 12 82 4 62 3 72 0 0 0 0 0 0 0 0 0 0
38 45439 73 98 13 85 13 166 0 0 0 0 0 0 0 0 0 0 0 0
38 481 11 12 0 0 0 0 3 89 0 0 0 0 0 0 0 0 0 0
38 482 941 1377 201 1341 155 2134 123 3755 54 3737 17 2325 8 2759 0 0 0 0
38 483 3 2 0 0 0 0 0 0 0 0 0 0 0 0 0 0 0 0
38 484 737 1031 136 890 97 1325 68 2131 34 2386 10 1355 6 2058 0 0 0 0
38 485 19 33 15 106 9 115 9 304 3 170 4 548 0 0 0 0 0 0
38 4853 6 14 3 20 3 33 0 0 0 0 0 0 0 0 0 0 0 0
38 486 25 45 17 108 10 129 10 248 4 245 0 0 0 0 0 0 0 0
38 488 102 178 26 184 18 258 16 450 0 0 0 0 0 0 0 0 0 0
38 492 23 37 0 0 16 218 9 291 8 566 0 0 0 0 0 0 0 0
38 493 20 39 5 41 4 71 7 216 0 0 0 0 0 0 0 0 0 0
38 5111 39 86 25 174 5 61 8 229 0 0 0 0 0 0 0 0 0 0
38 51111 25 59 21 146 3 35 6 172 0 0 0 0 0 0 0 0 0 0
38 5112 7 14 5 32 0 0 0 0 0 0 0 0 4 1421 0 0 0 0
38 5121 16 35 8 49 9 130 5 166 0 0 0 0 0 0 0 0 0 0
38 515 11 25 10 59 15 213 6 165 6 390 0 0 0 0 0 0 0 0
38 517 44 96 21 136 24 328 13 371 8 505 3 445 0 0 0 0 0 0
38 517311 28 48 5 32 12 160 9 282 8 505 3 445 0 0 0 0 0 0
38 5182 14 24 4 32 0 0 0 0 3 196 0 0 0 0 0 0 0 0
38 5191 12 27 3 17 0 0 0 0 0 0 0 0 0 0 0 0 0 0
38 51913 6 15 0 0 0 0 0 0 0 0 0 0 0 0 0 0 0 0
38 52 1111 2083 297 1903 197 2678 91 2644 31 1943 10 1635 6 1809 3 2529 0 0
38 522 228 517 178 1186 150 2051 69 1993 22 1376 5 822 4 1215 0 0 0 0
38 5221 162 396 157 1065 130 1800 65 1835 19 1185 4 652 3 833 0 0 0 0
38 5241 57 96 16 96 12 171 9 250 7 448 3 400 0 0 0 0 0 0
38 5242 572 1015 72 439 27 351 6 183 0 0 0 0 0 0 0 0 0 0
38 53 868 1252 156 1039 59 738 38 1032 13 895 4 668 0 0 0 0 0 0
38 531 757 1056 92 605 33 414 22 598 7 452 0 0 0 0 0 0 0 0
38 5313 193 309 32 208 15 198 12 316 4 268 0 0 0 0 0 0 0 0
38 532 98 177 62 424 24 299 16 434 6 443 0 0 0 0 0 0 0 0
38 5321 21 39 16 110 7 80 0 0 0 0 0 0 0 0 0 0 0 0
38 5411 254 465 71 464 38 494 17 469 0 0 0 0 0 0 0 0 0 0
38 5412 200 359 59 394 27 375 11 343 4 246 0 0 0 0 0 0 0 0
38 5413 137 215 69 476 38 518 38 1117 10 658 5 662 0 0 0 0 0 0
38 5414 28 46 3 19 0 0 0 0 0 0 0 0 0 0 0 0 0 0
38 5415 118 184 23 150 22 305 9 297 3 223 4 592 0 0 0 0 0 0
38 5416 359 404 33 228 14 189 7 222 9 681 0 0 0 0 0 0 0 0
38 5417 21 31 7 41 3 36 5 163 0 0 0 0 0 0 0 0 0 0
38 5418 49 77 10 69 12 164 3 100 0 0 0 0 0 0 0 0 0 0
38 5419 97 163 31 204 27 357 16 376 0 0 0 0 0 0 0 0 0 0
38 54194 32 59 20 138 24 307 11 256 0 0 0 0 0 0 0 0 0 0
38 55 39 84 37 252 17 225 14 409 13 868 8 1305 5 1821 0 0 0 0
38 561 602 878 153 1007 91 1197 91 2846 29 2035 19 2715 0 0 0 0 0 0
38 5613 43 60 7 38 7 98 20 692 8 595 13 1910 0 0 0 0 0 0
38 5614 41 83 15 88 15 211 7 233 4 247 0 0 0 0 0 0 0 0
38 5615 19 29 7 48 3 48 5 147 0 0 0 0 0 0 0 0 0 0
38 5616 26 53 10 66 6 69 8 227 0 0 0 0 0 0 0 0 0 0
38 5617 399 523 84 573 46 586 33 934 11 758 0 0 0 0 0 0 0 0
38 56173 213 234 26 174 15 190 11 329 0 0 0 0 0 0 0 0 0 0
38 562 83 148 28 184 18 275 9 241 0 0 0 0 0 0 0 0 0 0
38 611 86 141 34 223 27 381 19 555 7 461 6 752 0 0 0 0 0 0
38 6111 10 30 7 47 7 107 10 294 4 279 5 628 0 0 0 0 0 0
38 621 504 959 294 1985 209 2754 97 2837 26 1825 19 2994 4 1690 0 0 0 0
38 6211 67 142 40 280 23 318 22 738 7 502 6 1003 3 1189 0 0 0 0
38 6212 73 129 108 748 88 1112 17 442 0 0 0 0 0 0 0 0 0 0
38 6213 300 568 106 672 44 599 19 522 0 0 0 0 0 0 0 0 0 0
38 62131 160 325 48 306 5 59 0 0 0 0 0 0 0 0 0 0 0 0
38 62132 23 64 22 140 15 201 4 98 0 0 0 0 0 0 0 0 0 0
38 6214 29 50 22 158 20 286 18 594 10 657 5 870 0 0 0 0 0 0
38 6216 5 6 5 35 6 76 5 128 0 0 0 0 0 0 0 0 0 0
38 622 0 0 0 0 0 0 3 105 15 1167 17 2332 5 1608 0 0 7 14531
38 6222 0 0 0 0 0 0 3 105 15 1167 17 2332 5 1608 0 0 7 14531
38 623 41 65 26 185 59 779 91 2604 53 3766 36 6002 7 2175 3 1654 0 0
38 6231 4 3 0 0 3 40 10 342 27 2041 25 4353 3 1027 0 0 0 0
38 6241 91 145 31 213 30 414 36 1097 13 866 5 830 0 0 0 0 0 0
38 6242 21 38 8 63 12 149 6 172 0 0 0 0 0 0 0 0 0 0
38 6243 3 6 0 0 0 0 8 272 5 346 0 0 0 0 0 0 0 0
38 6244 139 242 58 372 63 824 43 1300 9 607 0 0 0 0 0 0 0 0
38 711 52 57 9 59 10 134 4 123 0 0 0 0 0 0 0 0 0 0
38 7111 10 19 3 21 0 0 0 0 0 0 0 0 0 0 0 0 0 0
38 7112 7 10 0 0 0 0 0 0 0 0 0 0 0 0 0 0 0 0
38 7115 23 19 0 0 0 0 0 0 0 0 0 0 0 0 0 0 0 0
38 712 38 55 4 21 3 45 3 106 0 0 0 0 0 0 0 0 0 0
38 713 187 254 75 514 47 628 28 898 3 150 5 847 0 0 0 0 0 0
38 71395 7 9 0 0 5 73 5 194 0 0 0 0 0 0 0 0 0 0
38 721 131 229 48 360 87 1226 84 2348 17 1093 4 597 3 1162 0 0 0 0
38 7211 99 188 39 306 86 1211 80 2218 17 1093 4 597 3 1162 0 0 0 0
38 722 484 771 323 2164 405 5806 378 11240 95 6344 17 2112 0 0 0 0 0 0
38 7224 171 341 112 732 65 867 29 939 0 0 0 0 0 0 0 0 0 0
38 8111 380 679 125 774 48 625 22 588 0 0 0 0 0 0 0 0 0 0
38 811192 39 52 5 28 5 69 7 219 0 0 0 0 0 0 0 0 0 0
38 8112 15 26 7 44 5 66 0 0 0 0 0 0 0 0 0 0 0 0
38 8113 126 184 27 179 20 259 4 128 0 0 0 0 0 0 0 0 0 0
38 8114 40 61 0 0 0 0 0 0 0 0 0 0 0 0 0 0 0 0
38 8121 223 353 71 470 52 660 11 278 0 0 0 0 0 0 0 0 0 0
38 812111 6 9 4 28 0 0 0 0 0 0 0 0 0 0 0 0 0 0
38 812112 145 240 47 309 33 421 8 205 0 0 0 0 0 0 0 0 0 0
38 8122 46 86 16 93 7 105 0 0 0 0 0 0 0 0 0 0 0 0
38 8123 20 42 12 78 5 70 4 88 0 0 0 0 0 0 0 0 0 0
38 8129 52 77 19 130 12 159 4 107 0 0 0 0 0 0 0 0 0 0
38 813 747 1385 234 1494 108 1428 58 1751 9 578 0 0 0 0 0 0 0 0
38 8131 447 870 139 875 62 803 31 944 6 374 0 0 0 0 0 0 0 0
38 8139 125 215 39 248 8 107 8 255 0 0 0 0 0 0 0 0 0 0
38 81393 22 38 15 96 4 58 0 0 0 0 0 0 0 0 0 0 0 0
38 814 1649 2893 513 3273 258 3382 104 2965 13 838 3 486 0 0 0 0 0 0
39 111 226 342 43 276 17 227 10 252 3 181 0 0 0 0 0 0 0 0
39 112 226 342 43 276 17 227 10 252 3 181 0 0 0 0 0 0 0 0
39 113 65 108 17 111 5 69 3 88 0 0 0 0 0 0 0 0 0 0
39 1133 61 106 13 87 5 69 3 88 0 0 0 0 0 0 0 0 0 0
39 114 10 13 0 0 0 0 0 0 0 0 0 0 0 0 0 0 0 0
39 115 151 221 24 155 12 158 6 138 3 181 0 0 0 0 0 0 0 0
39 211 118 231 24 153 14 205 6 209 7 522 0 0 0 0 0 0 0 0
39 2121 10 18 9 65 10 138 9 317 0 0 0 0 0 0 0 0 0 0
39 2122 69 151 56 393 60 796 39 1181 9 597 6 1028 0 0 0 0 0 0
39 2123 59 133 47 328 50 658 30 864 7 455 4 716 0 0 0 0 0 0
39 213 123 227 33 229 40 590 24 752 12 817 9 1290 0 0 0 0 0 0
39 22 276 416 109 702 84 1112 146 4650 60 3861 30 4067 10 3001 4 2613 0 0
39 221 276 416 109 702 84 1112 146 4650 60 3861 30 4067 10 3001 4 2613 0 0
39 2211 191 257 57 367 53 693 97 3033 44 2848 22 2975 9 2700 4 2613 0 0
39 2212 43 85 27 177 18 232 35 1196 15 960 8 1092 0 0 0 0 0 0
39 2213 42 74 25 158 13 187 14 421 0 0 0 0 0 0 0 0 0 0
39 22132 4 6 0 0 3 34 0 0 0 0 0 0 0 0 0 0 0 0
39 23 12355 20002 3413 22345 2212 29776 1450 43958 416 28417 200 28875 38 13926 14 9359 4 5039
39 3 3987 8085 2343 15873 2217 30548 2404 75344 1231 86246 1038 158756 344 119506 137 92245 53 102347
39 31 3987 8085 2343 15873 2217 30548 2404 75344 1231 86246 1038 158756 344 119506 137 92245 53 102347
39 311 260 521 159 1079 160 2144 133 4057 67 4651 62 9510 37 13147 23 15059 4 4626
39 3113 19 48 11 80 14 191 11 324 5 365 0 0 0 0 0 0 0 0
39 3114 18 34 12 88 3 44 14 416 8 524 5 563 7 2416 4 2531 0 0
39 3115 10 20 3 21 4 56 8 249 12 835 10 1563 7 2539 0 0 0 0
39 3116 34 73 30 208 20 272 20 631 6 381 8 1293 7 2617 9 6537 0 0
39 3118 135 265 74 496 83 1079 40 1140 16 1177 19 3061 4 1291 0 0 0 0
39 311811 82 165 50 331 58 742 17 464 0 0 0 0 0 0 0 0 0 0
39 3121 87 150 69 461 62 815 47 1282 9 568 10 1794 0 0 3 1885 0 0
39 3122 89 153 69 461 62 815 47 1282 9 568 10 1794 0 0 3 1885 0 0
39 3131 3 4 0 0 0 0 0 0 0 0 0 0 0 0 0 0 0 0
39 3132 8 17 0 0 0 0 0 0 0 0 0 0 0 0 0 0 0 0
39 3133 7 6 6 43 3 35 3 103 3 191 0 0 0 0 0 0 0 0
39 314 94 176 33 216 24 330 22 665 0 0 5 832 0 0 0 0 0 0
39 31411 18 34 4 33 4 58 3 88 0 0 0 0 0 0 0 0 0 0
39 315 29 52 14 92 5 66 5 142 3 220 0 0 0 0 0 0 0 0
39 316 11 22 9 56 6 69 5 151 0 0 0 0 0 0 0 0 0 0
39 3162 11 22 9 56 6 69 5 151 0 0 0 0 0 0 0 0 0 0
39 3211 38 71 24 165 20 289 24 755 5 342 0 0 0 0 0 0 0 0
39 3212 7 14 6 48 5 78 16 528 8 510 6 813 0 0 0 0 0 0
39 3219 135 272 77 516 68 955 71 2261 35 2357 16 2117 0 0 0 0 0 0
39 32199 47 78 13 95 23 306 15 465 6 457 3 421 0 0 0 0 0 0
39 3221 0 0 0 0 0 0 5 144 5 359 5 718 0 0 0 0 0 0
39 3222 24 47 15 91 35 481 61 2048 58 4154 47 7100 4 1476 0 0 0 0
39 32221 14 23 3 16 16 238 39 1314 35 2510 29 4260 0 0 0 0 0 0
39 3231 479 962 213 1435 130 1758 123 3962 36 2620 42 5999 10 3422 4 2880 0 0
39 3241 51 127 35 226 22 302 16 544 9 662 7 986 3 1088 3 1652 0 0
39 32411 0 0 0 0 0 0 0 0 0 0 0 0 0 0 3 1652 0 0
39 325 132 275 82 570 95 1293 151 4768 96 6643 86 13127 27 8845 9 7239 0 0
39 3252 13 36 6 43 10 146 37 1245 19 1198 18 2862 0 0 0 0 0 0
39 3253 3 6 5 37 10 117 7 195 3 243 3 412 3 1049 0 0 0 0
39 3254 21 29 6 34 5 71 8 281 6 435 3 433 3 965 3 2208 0 0
39 3255 24 57 16 118 21 273 26 744 14 1077 17 2633 4 1487 0 0 0 0
39 3256 25 49 13 90 4 59 13 403 11 811 14 2285 6 1923 4 3041 0 0
39 3261 106 218 78 569 89 1295 133 4315 102 7090 104 15657 39 13312 13 9027 0 0
39 3262 26 56 20 141 25 348 41 1378 24 1601 27 4127 11 3622 3 1774 0 0
39 32621 5 10 0 0 10 140 3 103 0 0 3 459 0 0 0 0 0 0
39 327 142 262 119 830 141 1975 127 3995 57 3819 35 5332 11 3925 5 3580 0 0
39 32711 5 11 4 30 5 59 8 266 3 209 0 0 0 0 0 0 0 0
39 327120 5 14 6 38 9 141 18 619 15 1084 7 854 3 1070 0 0 0 0
39 3272 24 45 12 81 13 178 13 416 6 356 10 1712 5 1770 3 2404 0 0
39 3279 37 60 30 212 29 401 32 1049 9 547 11 1667 3 1085 0 0 0 0
39 331 44 85 30 186 49 718 77 2442 47 3585 72 11330 21 7436 12 8563 4 5952
39 3313 4 6 0 0 4 62 6 198 8 625 11 1829 0 0 0 0 0 0
39 3314 6 16 5 29 7 84 13 407 5 370 5 640 0 0 3 2208 0 0
39 3315 19 36 18 112 25 370 33 997 23 1810 26 4334 6 2237 5 3621 0 0
39 332 1002 2099 648 4416 629 8653 653 20360 256 17883 159 23734 41 13343 8 5130 5 8054
39 3321 29 52 31 212 44 622 50 1719 28 1943 18 2699 7 2174 0 0 0 0
39 3322 24 48 10 64 11 169 15 482 6 424 7 1072 0 0 0 0 0 0
39 3327 552 1142 341 2349 276 3746 254 7766 80 5526 39 5681 9 2689 0 0 0 0
39 3328 84 193 75 493 90 1225 95 2936 42 2870 21 3125 3 961 0 0 0 0
39 33299 80 161 52 341 47 627 52 1580 23 1660 7 1027 7 2370 0 0 0 0
39 333 372 771 235 1562 263 3669 296 9272 179 12682 121 18095 39 14160 8 4829 5 10828
39 3331 18 37 11 72 14 199 15 495 17 1224 13 1850 4 1305 0 0 0 0
39 33311 8 15 3 20 5 75 5 152 4 230 4 467 0 0 0 0 0 0
39 3333 29 49 10 71 12 154 15 545 9 644 0 0 0 0 0 0 0 0
39 3335 186 391 122 800 121 1683 104 3256 46 3155 17 2626 9 3570 3 1721 0 0
39 3336 9 21 10 64 6 85 15 494 14 1050 11 1518 0 0 0 0 0 0
39 334 98 203 66 450 80 1115 65 2029 47 3206 47 7319 11 3593 3 1983 0 0
39 3341 9 23 4 33 4 53 0 0 0 0 0 0 0 0 0 0 0 0
39 3345 56 116 37 248 48 703 38 1183 23 1481 27 4370 10 3309 0 0 0 0
39 335 55 102 39 293 43 602 65 2048 23 1558 27 4677 12 4220 0 0 4 9392
39 3352 3 6 3 17 0 0 3 116 0 0 0 0 0 0 0 0 4 9392
39 336 137 250 68 468 60 847 97 3046 94 6712 105 16764 58 20283 37 25071 22 48900
39 33641 40 82 15 101 13 197 10 308 8 483 14 1938 7 2433 6 4125 0 0
39 3366 5 13 0 0 0 0 0 0 0 0 0 0 0 0 0 0 0 0
39 3369 21 23 3 20 0 0 0 0 3 191 0 0 0 0 0 0 0 0
39 337 253 525 142 937 90 1187 70 2033 25 1822 13 1810 0 0 0 0 0 0
39 3391 122 267 55 361 32 449 34 981 11 742 17 2987 8 3091 0 0 0 0
39 3399 261 526 98 641 80 1061 62 1958 27 1887 19 3042 5 1889 4 2387 0 0
39 4 12824 25613 9364 63580 6850 90534 3579 102432 1010 69668 931 141360 187 56003 3 1702 4 5553
39 42 5866 10994 2682 18120 2112 29005 1567 47433 568 38766 320 47909 77 26085 19 12837 4 5116
39 4231 292 597 184 1253 170 2304 143 4285 60 4045 26 3643 8 2561 0 0 0 0
39 4232 131 240 59 394 47 616 42 1234 18 1189 10 1472 0 0 0 0 0 0
39 4233 216 441 149 1016 142 1921 82 2409 20 1381 5 608 0 0 0 0 0 0
39 4234 589 1069 203 1361 136 1909 135 4214 63 4522 37 5939 12 4236 3 1845 0 0
39 4235 185 365 110 712 94 1221 91 2815 44 2955 11 1322 0 0 0 0 0 0
39 4236 305 622 213 1443 157 2199 116 3373 32 2172 23 3675 6 2056 0 0 0 0
39 4237 299 618 175 1123 146 1967 89 2710 22 1437 15 2090 3 1332 0 0 0 0
39 4238 948 1867 570 3875 433 5981 325 9822 109 7252 41 5818 9 2801 0 0 0 0
39 4239 405 798 190 1287 151 2050 97 2833 35 2547 13 1922 5 1720 0 0 0 0
39 42393 123 265 93 638 63 864 56 1565 16 1098 4 467 0 0 0 0 0 0
39 424 1462 2805 675 4639 566 7898 396 12210 156 10687 133 20267 30 10008 8 5805 0 0
39 4241 147 282 66 455 53 766 43 1284 22 1399 5 777 0 0 0 0 0 0
39 4243 87 142 28 183 23 304 13 396 7 510 9 1301 0 0 0 0 0 0
39 4244 339 600 127 877 96 1438 102 3355 56 4043 50 8161 14 4604 5 3310 0 0
39 4245 88 200 58 404 54 677 26 725 3 177 0 0 0 0 0 0 0 0
39 4247 96 187 43 305 36 471 16 480 7 516 6 835 0 0 0 0 0 0
39 4248 26 57 15 97 15 199 20 631 10 722 16 2478 5 1666 0 0 0 0
39 4249 353 645 172 1197 145 1988 74 2220 17 1091 13 1669 0 0 0 0 0 0
39 42491 101 187 75 537 65 892 36 1036 0 0 0 0 0 0 0 0 0 0
39 4251 1034 1572 154 1017 70 939 51 1528 9 579 6 1153 0 0 3 1619 0 0
39 4411 762 1313 237 1552 157 2135 328 11505 280 19930 94 12858 8 2433 0 0 0 0
39 4412 155 321 81 571 73 996 58 1696 13 819 3 505 0 0 0 0 0 0
39 4413 574 1212 954 7033 673 8243 103 2948 8 474 0 0 0 0 0 0 0 0
39 442 738 1596 350 2358 228 3054 162 4540 31 1939 8 1344 0 0 0 0 0 0
39 443141 100 193 50 321 39 519 13 349 0 0 0 0 0 0 0 0 0 0
39 443142 287 652 289 1832 56 696 14 417 36 2580 12 1415 0 0 0 0 0 0
39 4441 691 1442 549 3658 422 5505 161 4332 20 1293 179 28215 0 0 0 0 0 0
39 44413 244 458 157 1049 155 2150 59 1430 3 165 0 0 0 0 0 0 0 0
39 4442 284 546 155 1027 199 2526 59 1559 5 302 3 429 0 0 0 0 0 0
39 44511 542 1138 202 1437 409 6066 308 9587 183 13466 320 46640 42 12040 0 0 0 0
39 44512 923 1766 218 1383 124 1672 9 211 0 0 0 0 0 0 0 0 0 0
39 4452 299 594 171 1132 124 1579 64 1787 6 400 0 0 0 0 0 0 0 0
39 4453 381 819 213 1381 56 674 8 210 0 0 0 0 0 0 0 0 0 0
39 446 936 1990 865 5706 448 6076 670 17297 39 2449 7 1417 0 0 0 0 0 0
39 44611 163 380 318 2221 289 4049 590 14549 30 1853 4 827 0 0 0 0 0 0
39 447 1098 2530 1150 8012 1324 17287 307 8150 25 1598 3 313 0 0 0 0 0 0
39 4481 714 1396 698 4848 722 9098 368 10985 122 7385 14 2015 0 0 0 0 0 0
39 44821 139 395 324 2117 192 2464 50 1496 3 196 0 0 0 0 0 0 0 0
39 4483 275 587 227 1587 108 1296 13 312 0 0 0 0 0 0 0 0 0 0
39 4511 553 979 249 1633 184 2540 191 6058 34 2133 6 890 0 0 0 0 0 0
39 45113 55 102 37 232 27 402 26 936 3 226 0 0 0 0 0 0 0 0
39 45114 52 110 38 257 14 197 13 315 0 0 0 0 0 0 0 0 0 0
39 45121 99 199 46 300 38 485 23 658 6 326 0 0 0 0 0 0 0 0
39 45221 0 0 0 0 0 0 7 290 74 5661 67 8496 3 950 0 0 0 0
39 4523 237 314 966 6434 428 6083 283 7606 54 3790 175 30355 114 33296 0 0 0 0
39 4531 271 616 152 991 47 598 8 212 0 0 0 0 0 0 0 0 0 0
39 45321 53 91 23 150 83 1302 16 352 0 0 0 0 0 0 0 0 0 0
39 45322 239 479 196 1363 129 1645 27 716 3 206 0 0 0 0 0 0 0 0
39 4533 240 458 165 1204 166 2335 143 3804 11 740 0 0 0 0 0 0 0 0
39 4539 963 1953 476 3167 216 2870 85 2343 7 417 0 0 0 0 0 0 0 0
39 454110 696 1078 185 1223 101 1407 60 1843 33 2347 20 3265 13 4995 0 0 3 3748
39 4542 90 141 18 113 11 119 11 388 7 547 11 2054 3 1008 0 0 0 0
39 454310 83 193 65 458 45 603 13 303 0 0 0 0 0 0 0 0 0 0
39 45439 402 622 90 589 47 643 17 478 4 232 0 0 0 0 0 0 0 0
39 481 33 60 10 62 5 67 14 421 7 512 10 1289 0 0 3 2458 3 5682
39 482 4115 6285 1192 8046 1086 14610 884 26949 383 27145 247 37392 90 30007 36 25395 18 30826
39 483 6 5 0 0 3 39 0 0 0 0 0 0 0 0 0 0 0 0
39 484 2787 3918 646 4363 559 7432 442 13330 167 11611 100 15168 29 9535 4 2935 0 0
39 485 171 280 62 413 88 1241 90 2682 28 2075 11 1711 6 2026 0 0 0 0
39 4853 55 72 19 129 18 244 15 437 5 397 0 0 0 0 0 0 0 0
39 486 36 68 23 143 26 325 7 172 4 274 0 0 0 0 0 0 0 0
39 487 17 18 3 22 6 81 4 96 0 0 0 0 0 0 0 0 0 0
39 488 637 1163 255 1697 210 2844 159 5064 59 4251 26 3848 7 2553 3 1925 0 0
39 492 198 323 69 485 69 922 55 1646 41 3019 37 5312 12 3832 6 4069 7 14357
39 493 230 450 122 846 120 1659 112 3503 77 5403 60 9701 34 11433 20 14008 6 8244
39 5111 192 344 94 612 82 1123 53 1669 18 1311 20 3119 3 855 0 0 0 0
39 51111 86 162 40 262 45 630 24 765 7 521 11 1664 0 0 0 0 0 0
39 5112 127 156 38 263 52 721 50 1588 15 979 16 2368 7 2316 3 1898 0 0
39 5121 182 274 56 374 60 845 60 1746 19 1323 0 0 0 0 0 0 0 0
39 5122 29 43 3 21 0 0 0 0 0 0 0 0 0 0 0 0 0 0
39 515 72 137 36 225 43 600 41 1282 15 1037 21 2874 0 0 0 0 0 0
39 517 1252 2506 477 3223 220 2895 129 4235 51 3690 27 3986 20 6954 6 3745 0 0
39 517311 717 1318 146 1040 83 1151 83 2984 44 3186 21 3287 17 5911 6 3745 0 0
39 5182 338 565 51 367 49 671 44 1447 32 2277 22 3169 6 2424 0 0 0 0
39 5191 118 194 28 181 17 221 14 420 6 468 5 721 0 0 0 0 0 0
39 51912 12 29 5 32 3 43 5 175 0 0 0 0 0 0 0 0 0 0
39 51913 98 152 21 137 9 113 8 223 6 468 4 602 0 0 0 0 0 0
39 52 9368 18085 4235 26834 1449 18453 666 19845 228 15804 142 22000 68 23908 48 32919 41 80968
39 522 2718 6304 2744 17422 854 10650 285 8608 104 7037 59 9026 31 10794 15 10481 17 36561
39 5221 1263 3211 2319 14828 748 9290 228 6775 83 5635 43 6378 19 6693 12 8043 14 30360
39 5241 484 831 153 1004 113 1505 96 2903 43 3009 40 6372 23 8205 29 19516 21 41005
39 5242 3566 6774 930 5814 341 4473 162 4682 54 3820 26 4062 10 3365 3 2036 3 3402
39 53 7660 12414 1857 11698 789 10255 372 10770 84 5786 42 6614 11 3950 4 3012 0 0
39 531 6852 10973 1180 7362 508 6695 237 7061 53 3712 30 4891 10 3559 3 2073 0 0
39 5313 1636 2736 367 2284 230 3114 121 3643 32 2245 20 3229 8 2935 0 0 0 0
39 532 752 1350 657 4212 274 3471 127 3483 29 1907 10 1335 0 0 0 0 0 0
39 5321 243 460 163 1045 87 1095 52 1421 16 1012 5 725 0 0 0 0 0 0
39 5411 3489 6133 740 4763 349 4629 189 5713 60 4062 27 4429 5 1462 0 0 0 0
39 5412 2538 4457 778 5242 440 5991 186 5483 79 5507 47 6920 9 2854 3 1886 0 0
39 5413 1667 2786 491 3283 385 5297 311 9695 123 8723 58 7974 20 6411 0 0 0 0
39 5414 580 827 98 621 50 645 23 654 7 444 0 0 0 0 0 0 0 0
39 5415 2334 3492 427 2803 287 3967 216 6513 84 5750 59 8947 20 6971 4 2309 3 5813
39 5416 3090 3792 375 2488 287 4032 180 5287 67 4685 41 6062 7 2220 6 4052 3 5535
39 5417 220 381 66 423 53 710 56 1784 28 1980 28 4563 7 2076 0 0 5 6701
39 5418 668 1033 168 1120 118 1542 68 2024 28 1641 15 2014 5 1995 0 0 0 0
39 5419 872 1404 419 2885 394 5360 214 6280 29 1870 14 2223 11 3987 0 0 0 0
39 54194 288 580 308 2135 350 4755 158 4512 17 1030 3 388 0 0 0 0 0 0
39 55 678 1276 304 1997 249 3440 363 11394 187 13198 164 25040 80 27826 47 34657 19 32628
39 561 7009 10276 1912 12650 1294 17549 1121 34845 548 38621 447 68708 160 53728 72 48130 30 104234
39 5613 689 1014 156 1079 166 2303 307 10320 247 17915 266 40501 94 31820 45 31042 20 89921
39 5614 370 645 164 1002 104 1406 87 2730 38 2543 41 6653 18 5961 4 2192 3 4501
39 5615 250 502 95 652 43 513 19 560 5 339 9 1501 0 0 0 0 0 0
39 5616 291 526 109 737 90 1271 88 2766 49 3505 31 4790 12 4028 5 2978 0 0
39 5617 4455 5962 1006 6559 627 8441 415 12235 118 8001 54 8567 21 7228 12 7432 0 0
39 56173 2826 3344 577 3761 288 3856 164 4853 44 2915 14 2038 4 1388 3 1969 0 0
39 562 419 804 180 1214 178 2542 120 3731 47 3277 26 3744 4 1077 0 0 0 0
39 611 1202 2115 491 3371 492 6852 495 15454 220 14957 88 12446 21 7346 15 9708 20 41664
39 6111 83 189 85 586 123 1809 278 9305 161 11038 64 8934 8 2447 0 0 0 0
39 621 8235 16254 4794 32007 3427 45420 2032 60298 614 42991 334 50045 104 36587 19 12682 5 6677
39 6211 2824 5395 1390 9118 1153 15444 750 21861 191 13465 101 15634 39 13752 10 6418 4 5228
39 6212 1281 2917 1635 11237 935 12056 214 5701 8 478 0 0 0 0 0 0 0 0
39 6213 2926 5751 1094 7128 509 6569 202 5630 32 2299 17 2683 6 2325 3 2066 0 0
39 62131 865 1857 305 1966 99 1253 8 226 0 0 0 0 0 0 0 0 0 0
39 62132 431 894 320 2092 132 1692 26 668 0 0 0 0 0 0 0 0 0 0
39 6214 496 1009 388 2623 455 6111 387 11676 114 8235 47 6831 10 3513 3 1870 0 0
39 6216 349 523 153 1033 263 3662 377 12248 224 15337 140 20582 38 12941 0 0 0 0
39 622 27 60 4 26 3 37 4 143 16 1246 63 10110 44 16018 43 31987 68 214995
39 6222 0 0 0 0 0 0 0 0 0 0 16 2731 8 3159 0 0 0 0
39 623 859 1791 724 4962 549 7297 482 15782 549 40409 459 66478 61 19883 8 5170 0 0
39 6231 63 86 22 181 47 747 103 3821 286 22208 327 46146 22 7107 0 0 0 0
39 6241 1039 1864 488 3239 438 6148 511 16097 225 15710 106 15155 17 5455 0 0 0 0
39 6242 247 478 118 785 103 1371 81 2516 14 958 8 1232 0 0 0 0 0 0
39 6243 83 133 50 337 31 444 65 2060 45 3253 39 5829 9 3149 5 3697 0 0
39 6244 685 1281 540 3812 815 11526 569 16119 37 2423 7 1134 0 0 0 0 0 0
39 711 584 839 126 828 65 898 41 1275 21 1510 18 2497 11 4132 4 2567 3 4112
39 7111 81 137 28 184 18 220 12 374 5 354 9 1202 0 0 0 0 0 0
39 7112 66 72 14 89 6 82 11 355 4 308 3 402 6 2347 0 0 3 4112
39 7115 235 294 25 171 8 109 6 160 0 0 0 0 0 0 0 0 0 0
39 712 140 246 41 280 33 431 16 442 14 995 10 1733 6 2098 0 0 0 0
39 713 1208 1783 436 2883 455 6204 413 12531 155 10472 73 10636 7 2127 3 2723 4 5932
39 71395 50 88 39 267 60 856 62 1753 8 549 0 0 0 0 0 0 0 0
39 721 592 903 255 1755 419 5837 384 11008 59 4066 45 6376 7 2208 0 0 0 0
39 7211 380 573 222 1540 398 5561 370 10611 59 4066 45 6376 7 2208 0 0 0 0
39 722 5775 9381 3640 24623 5196 72888 6065 186091 1771 116643 259 32854 9 2691 3 2252 0 0
39 7224 937 1928 493 3219 225 3032 115 3389 12 786 0 0 0 0 0 0 0 0
39 8111 3221 6506 1264 8291 598 7911 188 5383 18 1103 3 490 0 0 0 0 0 0
39 811192 325 539 96 684 82 1153 55 1595 7 440 0 0 0 0 0 0 0 0
39 8112 232 473 56 377 39 524 21 589 5 354 4 650 0 0 0 0 0 0
39 8113 464 836 178 1210 129 1771 71 2214 21 1507 4 530 0 0 0 0 0 0
39 8114 372 635 99 647 27 371 7 208 0 0 0 0 0 0 0 0 0 0
39 8121 2151 3762 1142 8024 673 8722 226 6193 26 1663 5 631 0 0 0 0 0 0
39 812111 83 120 17 120 6 66 4 99 0 0 0 0 0 0 0 0 0 0
39 812112 1327 2337 777 5580 501 6570 136 3774 25 1617 5 631 0 0 0 0 0 0
39 8122 582 1328 306 2052 166 2165 40 1030 6 349 0 0 0 0 0 0 0 0
39 8123 459 989 190 1270 104 1421 43 1205 18 1200 23 3072 0 0 0 0 0 0
39 8129 969 1673 305 2033 195 2646 83 2616 22 1375 5 813 0 0 0 0 0 0
39 813 7149 14747 2883 18817 1313 17199 710 21358 189 12525 66 9579 8 2791 4 2661 0 0
39 8131 4597 9891 1850 11846 744 9744 458 13723 122 7992 48 6920 6 2066 0 0 0 0
39 8139 1099 2064 365 2497 250 3363 112 3281 31 2022 4 670 0 0 0 0 0 0
39 81393 321 620 221 1512 178 2359 63 1819 14 927 3 554 0 0 0 0 0 0
39 814 15599 30949 6423 42721 3244 42730 1389 40796 307 20182 112 16076 11 3881 6 3865 0 0
40 111 116 161 25 171 11 168 9 281 0 0 0 0 0 0 0 0 0 0
40 112 116 161 25 171 11 168 9 281 0 0 0 0 0 0 0 0 0 0
40 113 17 32 12 86 5 74 3 81 0 0 0 0 0 0 0 0 0 0
40 1133 15 26 11 76 4 61 3 81 0 0 0 0 0 0 0 0 0 0
40 114 116 161 25 171 11 168 9 281 0 0 0 0 0 0 0 0 0 0
40 115 98 127 13 85 6 94 6 200 0 0 0 0 0 0 0 0 0 0
40 211 623 1097 148 975 87 1161 68 2103 19 1273 17 2724 5 1808 0 0 0 0
40 2121 3 6 0 0 0 0 0 0 0 0 0 0 0 0 0 0 0 0
40 2122 39 70 28 168 19 249 23 664 8 603 3 552 0 0 0 0 0 0
40 2123 35 61 28 168 18 233 21 594 8 603 3 552 0 0 0 0 0 0
40 213 988 1457 199 1321 136 1885 166 5301 59 3942 34 5538 7 2524 6 4439 3 4630
40 22 174 343 55 351 52 675 51 1627 29 1896 15 2082 0 0 0 0 0 0
40 221 174 343 55 351 52 675 51 1627 29 1896 15 2082 0 0 0 0 0 0
40 2211 99 152 30 185 31 387 33 1105 27 1781 13 1727 0 0 0 0 0 0
40 2212 22 52 12 85 11 153 15 422 0 0 0 0 0 0 0 0 0 0
40 2213 53 139 13 81 10 135 3 100 0 0 0 0 0 0 0 0 0 0
40 22132 9 25 0 0 3 40 0 0 0 0 0 0 0 0 0 0 0 0
40 23 5281 8473 1392 9041 840 11244 570 17791 148 10108 67 9342 16 5645 6 4538 0 0
40 3 1186 2247 612 4131 514 7013 521 16265 216 15387 199 31033 67 22093 30 19027 10 16667
40 31 1186 2247 612 4131 514 7013 521 16265 216 15387 199 31033 67 22093 30 19027 10 16667
40 311 109 204 54 346 33 425 35 1211 13 853 16 2849 11 3714 4 2529 0 0
40 3113 0 0 4 24 0 0 0 0 0 0 0 0 0 0 0 0 0 0
40 3114 4 8 0 0 3 44 0 0 0 0 0 0 0 0 0 0 0 0
40 3115 0 0 0 0 0 0 0 0 0 0 3 568 0 0 0 0 0 0
40 3116 21 46 12 79 5 59 9 348 3 215 3 598 6 2184 3 1883 0 0
40 3118 62 110 27 173 12 141 8 274 0 0 3 454 0 0 0 0 0 0
40 311811 56 102 18 119 8 93 3 122 0 0 0 0 0 0 0 0 0 0
40 3121 30 60 8 50 14 192 9 236 0 0 0 0 0 0 0 0 0 0
40 3122 31 60 8 50 14 192 9 236 0 0 0 0 0 0 0 0 0 0
40 3131 16 25 5 34 0 0 0 0 0 0 0 0 0 0 0 0 0 0
40 3132 16 25 5 34 0 0 0 0 0 0 0 0 0 0 0 0 0 0
40 3133 16 25 3 20 0 0 0 0 0 0 0 0 0 0 0 0 0 0
40 314 39 61 5 32 9 120 7 207 0 0 0 0 0 0 0 0 0 0
40 31411 8 20 0 0 0 0 3 99 0 0 0 0 0 0 0 0 0 0
40 315 15 15 3 20 0 0 0 0 0 0 0 0 0 0 0 0 0 0
40 316 3 10 0 0 0 0 3 57 0 0 0 0 0 0 0 0 0 0
40 3162 3 10 0 0 0 0 3 57 0 0 0 0 0 0 0 0 0 0
40 3211 3 5 5 32 5 62 0 0 0 0 0 0 0 0 0 0 0 0
40 3212 4 10 9 59 5 65 0 0 0 0 0 0 0 0 0 0 0 0
40 3219 25 47 20 124 14 189 10 325 0 0 0 0 0 0 0 0 0 0
40 32199 9 15 4 25 0 0 0 0 0 0 0 0 0 0 0 0 0 0
40 3222 3 7 5 37 0 0 7 260 0 0 6 755 0 0 0 0 0 0
40 32221 0 0 3 26 0 0 7 260 0 0 3 350 0 0 0 0 0 0
40 3231 137 283 60 407 41 558 12 356 9 574 0 0 0 0 0 0 0 0
40 3241 12 28 10 62 6 75 3 88 4 277 0 0 0 0 0 0 0 0
40 325 44 92 25 162 16 230 31 1005 12 917 9 1399 0 0 0 0 0 0
40 3252 0 0 0 0 3 50 3 96 0 0 3 425 0 0 0 0 0 0
40 3253 0 0 0 0 0 0 4 102 0 0 3 499 0 0 0 0 0 0
40 3254 5 10 4 26 0 0 0 0 0 0 0 0 0 0 0 0 0 0
40 3255 5 10 0 0 3 45 4 108 4 281 0 0 0 0 0 0 0 0
40 3256 6 15 4 26 0 0 0 0 0 0 0 0 0 0 0 0 0 0
40 3261 14 29 15 118 18 260 12 330 20 1468 10 1577 0 0 0 0 0 0
40 3262 3 7 0 0 0 0 7 224 0 0 0 0 0 0 0 0 0 0
40 32621 0 0 0 0 0 0 4 105 0 0 0 0 0 0 0 0 0 0
40 327 74 160 53 389 61 871 38 1188 10 635 11 1620 5 1566 0 0 0 0
40 327120 0 0 0 0 0 0 3 105 0 0 0 0 0 0 0 0 0 0
40 3272 7 13 0 0 3 47 0 0 0 0 0 0 3 996 0 0 0 0
40 3279 10 23 6 44 8 111 5 156 0 0 0 0 0 0 0 0 0 0
40 331 5 12 3 22 7 87 10 314 5 339 5 915 6 2181 0 0 0 0
40 3315 0 0 0 0 0 0 7 227 4 272 0 0 0 0 0 0 0 0
40 332 317 586 169 1165 145 1974 163 4971 62 4279 43 6360 12 3903 3 1661 0 0
40 3321 0 0 4 29 4 60 8 242 0 0 0 0 0 0 0 0 0 0
40 3327 170 319 86 589 62 864 41 1292 10 678 5 911 0 0 0 0 0 0
40 3328 29 53 9 59 15 190 14 411 4 279 4 598 0 0 0 0 0 0
40 33299 28 57 12 83 15 198 16 489 3 212 5 850 0 0 0 0 0 0
40 333 82 154 52 375 50 656 78 2477 44 3307 42 6802 8 2454 10 6755 0 0
40 3331 34 49 16 110 20 253 24 769 14 1041 14 2136 3 928 0 0 0 0
40 33311 7 8 4 24 4 49 3 111 0 0 0 0 0 0 0 0 0 0
40 3333 3 2 0 0 0 0 3 114 5 369 0 0 0 0 0 0 0 0
40 3335 10 24 11 87 8 90 5 144 5 377 0 0 0 0 0 0 0 0
40 3336 0 0 4 34 0 0 5 121 0 0 0 0 0 0 0 0 0 0
40 334 28 58 7 43 13 184 17 498 7 473 11 1828 0 0 0 0 0 0
40 3345 17 38 0 0 8 114 10 277 5 334 5 683 0 0 0 0 0 0
40 335 11 20 6 38 3 48 9 315 6 450 3 507 0 0 0 0 0 0
40 336 43 76 22 139 28 404 29 923 8 596 22 3327 8 2893 3 1958 0 0
40 33641 4 1 6 33 6 92 10 369 0 0 6 877 6 2106 0 0 0 0
40 3366 3 4 0 0 0 0 0 0 0 0 0 0 0 0 0 0 0 0
40 3369 7 13 0 0 0 0 0 0 0 0 0 0 0 0 0 0 0 0
40 337 46 80 29 188 14 183 19 573 4 307 3 339 0 0 0 0 0 0
40 3391 48 75 13 75 7 90 4 153 0 0 0 0 0 0 0 0 0 0
40 3399 74 143 32 203 19 257 15 463 3 246 0 0 3 1017 0 0 0 0
40 4 5326 10116 3549 23543 2190 28606 1364 39804 321 22147 203 30498 71 22514 3 2152 0 0
40 42 2144 4082 912 6117 687 9350 486 14495 126 8478 64 9632 17 5769 3 1573 0 0
40 4231 90 175 52 339 46 655 42 1255 14 900 11 1465 0 0 0 0 0 0
40 4232 35 58 27 185 17 222 3 86 0 0 0 0 0 0 0 0 0 0
40 4233 65 146 53 365 47 676 24 599 6 405 0 0 0 0 0 0 0 0
40 4234 212 367 59 402 35 463 27 834 15 1013 4 626 0 0 0 0 0 0
40 4235 66 121 38 246 37 524 30 891 9 614 3 316 0 0 0 0 0 0
40 4236 115 246 58 383 32 439 30 960 9 630 7 1274 0 0 0 0 0 0
40 4237 144 342 59 367 37 493 29 800 4 262 0 0 0 0 0 0 0 0
40 4238 378 812 222 1517 179 2375 117 3525 29 1994 11 1547 0 0 0 0 0 0
40 4239 100 188 38 276 20 273 24 630 4 301 0 0 0 0 0 0 0 0
40 42393 27 53 14 109 6 85 13 318 0 0 0 0 0 0 0 0 0 0
40 424 571 1102 240 1604 202 2736 142 4308 27 1847 24 3751 13 4466 0 0 0 0
40 4241 45 82 13 87 8 108 11 314 0 0 0 0 0 0 0 0 0 0
40 4243 24 36 8 53 6 72 6 172 0 0 3 460 0 0 0 0 0 0
40 4244 116 217 38 259 37 528 31 965 9 647 12 1685 4 1525 0 0 0 0
40 4245 57 123 24 165 17 223 16 483 0 0 0 0 0 0 0 0 0 0
40 4247 60 108 29 194 28 361 20 636 3 165 0 0 0 0 0 0 0 0
40 4248 11 17 6 40 7 96 6 206 3 225 3 502 6 1926 0 0 0 0
40 4249 119 240 61 417 48 626 18 537 0 0 0 0 0 0 0 0 0 0
40 42491 43 94 33 217 25 325 8 246 0 0 0 0 0 0 0 0 0 0
40 4251 368 525 66 433 35 494 18 607 7 379 0 0 0 0 0 0 0 0
40 4411 278 471 74 522 56 794 144 4802 81 5659 35 4792 0 0 0 0 0 0
40 4412 88 172 41 287 31 446 27 811 8 511 0 0 0 0 0 0 0 0
40 4413 282 606 244 1719 273 3588 31 787 0 0 0 0 0 0 0 0 0 0
40 442 254 545 124 848 81 1019 41 1151 3 206 0 0 0 0 0 0 0 0
40 443141 43 91 20 130 9 132 7 155 4 270 0 0 0 0 0 0 0 0
40 443142 73 190 78 512 31 372 15 492 13 892 3 436 0 0 0 0 0 0
40 4441 320 711 218 1426 143 1833 61 1749 9 549 47 7920 0 0 0 0 0 0
40 44413 101 191 59 391 42 611 22 507 0 0 0 0 0 0 0 0 0 0
40 4442 153 317 98 632 80 955 17 513 0 0 0 0 0 0 0 0 0 0
40 44511 90 139 54 364 93 1364 146 4658 85 6239 47 5958 3 1014 0 0 0 0
40 44512 89 116 33 209 12 155 0 0 0 0 0 0 0 0 0 0 0 0
40 4452 79 170 35 229 26 331 6 203 0 0 0 0 0 0 0 0 0 0
40 4453 307 634 92 586 22 263 3 90 0 0 0 0 0 0 0 0 0 0
40 446 426 817 324 2094 184 2485 195 5300 5 335 0 0 0 0 0 0 0 0
40 44611 117 262 148 979 146 2002 167 4357 3 205 0 0 0 0 0 0 0 0
40 447 614 1325 607 4110 403 5138 225 5815 7 435 0 0 0 0 0 0 0 0
40 4481 307 641 298 1990 209 2618 153 4769 36 2192 0 0 0 0 0 0 0 0
40 44821 55 143 124 815 62 761 10 282 0 0 0 0 0 0 0 0 0 0
40 4483 69 152 53 360 24 297 6 137 0 0 0 0 0 0 0 0 0 0
40 4511 205 363 69 444 44 641 56 1860 15 1051 3 454 0 0 0 0 0 0
40 45113 21 48 5 31 10 164 3 86 0 0 0 0 0 0 0 0 0 0
40 45114 24 50 7 49 7 96 4 113 0 0 0 0 0 0 0 0 0 0
40 45121 34 70 17 107 15 181 7 207 0 0 0 0 0 0 0 0 0 0
40 45221 0 0 0 0 0 0 9 371 27 2035 5 651 0 0 0 0 0 0
40 4523 67 85 456 2928 155 2002 83 2348 10 646 54 8715 60 19045 0 0 0 0
40 4531 119 216 42 265 8 96 3 82 0 0 0 0 0 0 0 0 0 0
40 45321 27 52 10 70 28 417 10 230 0 0 0 0 0 0 0 0 0 0
40 45322 98 184 71 464 17 218 8 240 0 0 0 0 0 0 0 0 0 0
40 4533 117 197 70 471 42 609 35 915 0 0 0 0 0 0 0 0 0 0
40 4539 637 907 183 1183 82 1090 39 1060 0 0 0 0 0 0 0 0 0 0
40 454110 176 268 44 308 19 271 14 410 5 323 0 0 3 957 0 0 0 0
40 4542 38 68 7 54 3 42 3 85 0 0 0 0 0 0 0 0 0 0
40 454310 72 175 28 185 12 159 0 0 0 0 0 0 0 0 0 0 0 0
40 45439 209 291 35 231 26 329 7 199 0 0 0 0 0 0 0 0 0 0
40 481 21 39 4 28 3 43 5 149 5 360 0 0 0 0 0 0 0 0
40 482 1600 2586 399 2692 323 4388 275 8377 117 8005 50 7216 15 4728 7 4153 6 11057
40 483 1600 2586 399 2692 323 4388 275 8377 117 8005 50 7216 15 4728 7 4153 6 11057
40 484 1082 1667 225 1554 172 2349 153 4750 62 4172 27 3935 6 1953 0 0 0 0
40 485 50 85 13 80 13 166 20 587 3 226 0 0 0 0 0 0 0 0
40 4853 15 18 3 21 0 0 0 0 0 0 0 0 0 0 0 0 0 0
40 486 78 138 23 148 30 390 25 725 6 396 3 388 0 0 0 0 0 0
40 487 1600 2586 399 2692 323 4388 275 8377 117 8005 50 7216 15 4728 7 4153 6 11057
40 488 231 426 94 610 58 763 42 1230 16 1096 3 390 0 0 0 0 0 0
40 492 57 63 14 100 18 258 15 478 13 938 7 1066 0 0 0 0 0 0
40 493 78 165 26 172 29 419 14 440 12 817 7 1027 6 1857 4 2327 0 0
40 5111 109 186 42 288 22 295 28 879 3 212 0 0 0 0 0 0 0 0
40 51111 64 117 31 208 19 252 24 734 0 0 0 0 0 0 0 0 0 0
40 5112 39 60 11 73 10 143 8 287 0 0 0 0 0 0 0 0 0 0
40 5121 78 99 14 98 22 307 21 621 6 412 0 0 0 0 0 0 0 0
40 5122 12 16 0 0 0 0 0 0 0 0 0 0 0 0 0 0 0 0
40 515 27 49 23 160 23 324 7 205 4 271 7 902 0 0 0 0 0 0
40 517 419 906 175 1207 146 1979 61 1839 21 1495 8 1087 4 1586 6 5035 0 0
40 517311 251 546 75 507 60 851 35 1106 19 1371 8 1087 0 0 4 3577 0 0
40 5182 69 124 25 179 12 192 21 633 3 211 9 1518 0 0 0 0 0 0
40 5191 48 67 8 47 5 68 0 0 0 0 0 0 0 0 0 0 0 0
40 51912 12 22 0 0 3 36 0 0 0 0 0 0 0 0 0 0 0 0
40 51913 33 42 5 28 0 0 0 0 0 0 0 0 0 0 0 0 0 0
40 52 4341 8234 1261 8288 654 8766 342 10412 95 6354 54 8137 12 4285 5 3167 0 0
40 522 1347 3074 742 5033 495 6711 237 7339 60 4036 29 4411 6 1954 3 1773 0 0
40 5221 252 734 546 3769 450 6115 219 6754 54 3631 24 3585 0 0 0 0 0 0
40 5241 120 208 51 330 40 524 35 1039 15 1076 15 2295 6 2331 0 0 0 0
40 5242 1848 3273 358 2212 87 1127 45 1305 12 758 7 1042 0 0 0 0 0 0
40 53 3383 4948 672 4390 243 3167 141 4180 31 2094 8 1157 0 0 0 0 0 0
40 531 2939 4128 419 2722 124 1622 76 2193 14 936 7 1003 0 0 0 0 0 0
40 5313 814 1186 138 913 42 533 44 1205 10 659 5 733 0 0 0 0 0 0
40 532 381 727 241 1591 115 1495 64 1948 15 1030 0 0 0 0 0 0 0 0
40 5321 82 159 37 231 24 312 20 632 5 337 0 0 0 0 0 0 0 0
40 5411 2036 3351 329 2144 140 1872 84 2539 8 513 7 1010 0 0 0 0 0 0
40 5412 1258 2137 318 2106 142 1875 55 1627 20 1394 12 2045 0 0 0 0 0 0
40 5413 968 1394 186 1235 136 1887 101 3070 27 1818 14 1912 0 0 0 0 0 0
40 5414 194 246 25 171 7 100 4 102 0 0 0 0 0 0 0 0 0 0
40 5415 620 951 108 709 75 1055 37 1128 16 1143 16 2516 3 870 0 0 0 0
40 5416 1405 1732 122 757 58 780 57 1607 15 1010 19 3264 0 0 0 0 0 0
40 5417 63 87 10 76 10 140 10 263 0 0 0 0 3 1065 0 0 0 0
40 5418 227 327 44 290 27 357 25 783 0 0 3 599 0 0 0 0 0 0
40 5419 435 743 204 1392 154 2052 56 1586 6 423 6 959 0 0 0 0 0 0
40 54194 197 434 173 1188 135 1813 43 1205 3 223 0 0 0 0 0 0 0 0
40 55 192 372 74 484 96 1299 85 2651 47 3294 43 6332 16 6229 6 4103 9 22889
40 561 2553 4127 697 4602 422 5592 304 9351 167 11606 134 20708 44 15443 11 6953 15 35501
40 5613 269 413 70 483 65 846 73 2464 76 5404 77 11584 25 8716 8 4992 12 31936
40 5614 207 342 58 355 34 464 18 524 9 642 8 1231 4 1075 0 0 0 0
40 5615 70 133 15 88 7 86 0 0 3 188 0 0 3 1192 0 0 0 0
40 5616 166 304 56 370 34 468 34 990 17 1230 8 1401 3 1179 0 0 0 0
40 5617 1235 1968 329 2198 200 2658 102 2944 32 2088 18 2937 3 1130 0 0 0 0
40 56173 631 974 164 1073 82 1083 31 954 10 657 6 1084 0 0 0 0 0 0
40 562 141 228 73 482 57 787 37 1147 7 538 4 586 0 0 0 0 0 0
40 611 385 594 128 886 116 1599 90 2867 26 1850 25 3920 4 1436 4 3246 3 4623
40 6111 30 56 14 97 29 450 41 1349 16 1101 18 2796 0 0 0 0 0 0
40 621 4041 7068 1684 11362 1086 14324 507 15006 151 10449 64 9395 15 4880 0 0 0 0
40 6211 1537 2443 499 3362 306 4148 131 3862 50 3495 18 2634 6 1722 0 0 0 0
40 6212 544 1131 536 3701 271 3424 56 1641 4 270 0 0 0 0 0 0 0 0
40 6213 1424 2543 373 2417 155 1964 56 1568 7 435 3 583 0 0 0 0 0 0
40 62131 372 805 83 514 9 107 0 0 0 0 0 0 0 0 0 0 0 0
40 62132 175 363 146 950 49 593 15 416 0 0 0 0 0 0 0 0 0 0
40 6214 202 389 122 833 153 2034 103 3080 30 2041 14 1827 0 0 0 0 0 0
40 6216 105 213 106 725 136 1894 111 3330 41 2861 25 3851 0 0 0 0 0 0
40 622 0 0 0 0 0 0 8 310 35 2522 51 8514 19 6496 23 15229 17 37245
40 6222 0 0 0 0 0 0 0 0 0 0 10 1719 3 949 0 0 0 0
40 623 169 405 135 1001 108 1589 209 7042 229 16360 85 11488 3 1002 0 0 0 0
40 6231 21 29 8 63 10 127 64 2495 171 12193 56 7086 0 0 0 0 0 0
40 6241 504 891 157 1048 107 1399 92 2863 44 3105 29 3948 5 1827 0 0 0 0
40 6242 165 387 62 405 30 397 22 636 4 279 0 0 0 0 0 0 0 0
40 6243 21 54 16 127 15 240 21 716 14 913 8 1400 0 0 0 0 0 0
40 6244 352 667 195 1324 250 3556 142 4073 24 1542 3 416 0 0 0 0 0 0
40 711 217 262 23 147 14 192 13 392 7 534 0 0 0 0 0 0 0 0
40 7111 36 55 6 42 5 71 3 102 5 397 0 0 0 0 0 0 0 0
40 7112 24 31 6 35 0 0 8 200 0 0 0 0 0 0 0 0 0 0
40 7115 102 98 5 36 0 0 0 0 0 0 0 0 0 0 0 0 0 0
40 712 57 123 17 102 11 155 6 169 0 0 4 642 0 0 0 0 0 0
40 713 307 505 136 904 123 1634 117 3552 74 5306 39 5581 6 2002 0 0 0 0
40 71395 5 5 10 69 11 145 9 244 0 0 0 0 0 0 0 0 0 0
40 721 374 706 148 1023 253 3605 175 4785 30 1988 20 3115 7 2698 3 2097 0 0
40 7211 286 539 137 957 247 3527 171 4675 30 1988 19 2987 7 2698 3 2097 0 0
40 722 1984 3454 1246 8526 1630 22991 2115 63033 515 34123 82 10918 3 879 0 0 0 0
40 7224 205 394 96 628 70 893 33 929 0 0 3 460 0 0 0 0 0 0
40 8111 1140 2060 427 2847 171 2162 56 1631 6 354 0 0 0 0 0 0 0 0
40 811192 104 163 64 433 24 281 18 523 3 162 0 0 0 0 0 0 0 0
40 8112 91 162 22 148 12 162 5 133 0 0 0 0 0 0 0 0 0 0
40 8113 268 448 73 502 59 789 24 727 4 312 0 0 0 0 0 0 0 0
40 8114 146 217 22 138 5 68 0 0 0 0 0 0 0 0 0 0 0 0
40 8121 629 999 203 1364 104 1348 30 859 0 0 0 0 0 0 0 0 0 0
40 812111 19 26 8 60 13 166 0 0 0 0 0 0 0 0 0 0 0 0
40 812112 380 589 134 909 46 584 17 476 0 0 0 0 0 0 0 0 0 0
40 8122 125 259 101 665 53 664 11 309 0 0 0 0 0 0 0 0 0 0
40 8123 139 308 64 424 54 741 21 573 4 290 9 1126 0 0 0 0 0 0
40 8129 294 463 77 506 48 646 21 618 0 0 4 551 0 0 0 0 0 0
40 813 2860 5654 887 5688 372 4953 245 7467 75 4988 26 3651 8 2685 0 0 0 0
40 8131 2057 4235 697 4459 304 4040 187 5748 59 3906 23 3045 7 2282 0 0 0 0
40 8139 366 661 78 539 36 487 27 747 7 467 0 0 0 0 0 0 0 0
40 81393 64 149 23 168 9 124 7 204 0 0 0 0 0 0 0 0 0 0
40 814 5692 10570 1876 12282 878 11533 414 12340 95 6337 43 5876 8 2685 0 0 0 0
41 111 881 1186 183 1215 129 1835 119 3526 34 2328 13 1651 4 1363 0 0 0 0
41 112 881 1186 183 1215 129 1835 119 3526 34 2328 13 1651 4 1363 0 0 0 0
41 113 408 607 111 737 75 1073 61 1747 10 625 7 791 0 0 0 0 0 0
41 1133 387 570 106 701 71 1016 58 1660 10 625 6 671 0 0 0 0 0 0
41 114 151 178 7 44 0 0 0 0 0 0 0 0 0 0 0 0 0 0
41 115 322 401 65 434 52 732 56 1723 24 1703 6 860 4 1363 0 0 0 0
41 211 56 103 26 170 20 280 21 588 3 178 0 0 0 0 0 0 0 0
41 2121 42 85 24 159 19 266 18 498 3 178 0 0 0 0 0 0 0 0
41 2123 40 80 23 151 19 266 18 498 3 178 0 0 0 0 0 0 0 0
41 213 13 17 0 0 0 0 3 90 0 0 0 0 0 0 0 0 0 0
41 22 124 254 41 286 33 473 38 1244 22 1539 11 1605 3 992 0 0 0 0
41 221 124 254 41 286 33 473 38 1244 22 1539 11 1605 3 992 0 0 0 0
41 2211 58 124 22 162 23 342 28 893 21 1473 10 1450 3 992 0 0 0 0
41 2212 3 7 7 50 5 59 8 281 0 0 0 0 0 0 0 0 0 0
41 2213 63 123 12 74 5 72 0 0 0 0 0 0 0 0 0 0 0 0
41 22132 4 6 0 0 0 0 0 0 0 0 0 0 0 0 0 0 0 0
41 23 9253 14739 2304 14947 1229 16351 685 20589 193 12867 82 12623 19 6979 5 3086 0 0
41 3 2188 3896 1004 6744 790 10855 730 22591 362 25363 260 39632 84 29713 30 21059 9 20520
41 31 2188 3896 1004 6744 790 10855 730 22591 362 25363 260 39632 84 29713 30 21059 9 20520
41 311 264 472 128 894 96 1333 96 3015 43 3286 42 6253 19 6788 6 3501 0 0
41 3113 35 58 14 90 9 115 6 146 0 0 0 0 0 0 0 0 0 0
41 3114 28 49 19 130 8 128 13 493 10 876 9 1222 5 1908 5 2795 0 0
41 3115 8 17 3 21 5 65 7 264 7 461 7 1093 0 0 0 0 0 0
41 3116 17 43 14 103 9 108 4 107 3 232 4 619 0 0 0 0 0 0
41 3118 103 165 42 290 34 482 26 694 7 535 11 1668 4 1335 0 0 0 0
41 311811 53 83 18 127 20 274 12 307 0 0 0 0 0 0 0 0 0 0
41 3121 211 383 112 775 86 1127 52 1606 26 1814 11 1593 0 0 0 0 0 0
41 3122 212 386 112 775 86 1127 52 1606 26 1814 11 1593 0 0 0 0 0 0
41 3133 3 8 0 0 0 0 0 0 0 0 0 0 0 0 0 0 0 0
41 314 39 67 22 131 11 154 3 90 3 182 0 0 0 0 0 0 0 0
41 31411 8 14 0 0 0 0 0 0 0 0 0 0 0 0 0 0 0 0
41 315 28 46 6 39 11 149 5 150 0 0 4 552 0 0 0 0 0 0
41 316 23 38 5 32 5 66 5 194 0 0 0 0 0 0 0 0 0 0
41 3162 3 5 0 0 0 0 0 0 0 0 0 0 0 0 0 0 0 0
41 3211 27 46 16 116 9 132 13 412 28 1833 20 3168 3 1135 0 0 0 0
41 3212 4 10 9 66 4 58 21 745 15 1082 16 2443 12 4175 0 0 0 0
41 3219 79 130 33 228 35 513 37 1198 14 1024 15 2566 5 1483 0 0 0 0
41 32199 43 64 13 84 9 127 10 299 3 197 5 898 0 0 0 0 0 0
41 3221 3 4 0 0 0 0 0 0 0 0 0 0 3 1123 0 0 0 0
41 3222 4 8 8 56 3 38 8 256 6 414 6 849 0 0 0 0 0 0
41 32221 3 6 4 32 0 0 3 94 4 287 4 566 0 0 0 0 0 0
41 3231 165 317 68 450 48 684 38 1120 16 1086 7 1046 0 0 0 0 0 0
41 3241 12 33 0 0 0 0 4 124 0 0 0 0 0 0 0 0 0 0
41 32411 12 33 0 0 0 0 4 124 0 0 0 0 0 0 0 0 0 0
41 325 98 182 37 268 33 445 37 1167 21 1383 9 1447 0 0 0 0 0 0
41 3252 4 1 6 42 3 53 7 235 0 0 0 0 0 0 0 0 0 0
41 3253 13 34 0 0 5 64 4 96 3 204 0 0 0 0 0 0 0 0
41 3254 13 33 9 65 6 87 6 218 5 302 0 0 0 0 0 0 0 0
41 3255 7 20 5 39 0 0 4 115 3 192 0 0 0 0 0 0 0 0
41 3256 27 36 8 58 8 113 6 178 0 0 0 0 0 0 0 0 0 0
41 3261 34 63 22 146 28 396 21 670 14 926 13 2018 0 0 0 0 0 0
41 3262 4 10 5 30 7 88 12 369 3 205 0 0 0 0 0 0 0 0
41 327 93 160 43 283 39 515 39 1127 13 957 8 1041 3 1139 0 0 0 0
41 32711 11 18 0 0 0 0 0 0 0 0 0 0 0 0 0 0 0 0
41 3272 34 55 6 36 5 70 5 169 0 0 4 589 0 0 0 0 0 0
41 3279 13 30 4 21 5 66 7 160 0 0 0 0 0 0 0 0 0 0
41 331 12 21 7 46 5 78 7 236 8 552 0 0 6 2182 6 4403 0 0
41 3313 0 0 0 0 0 0 0 0 3 226 0 0 0 0 0 0 0 0
41 3315 8 14 5 34 4 62 6 212 3 221 0 0 4 1308 4 3285 0 0
41 332 377 677 189 1281 141 1935 130 3876 49 3373 20 2995 3 1071 0 0 0 0
41 3321 8 16 8 54 8 106 6 235 0 0 0 0 0 0 0 0 0 0
41 3322 13 23 5 35 4 48 0 0 0 0 0 0 0 0 0 0 0 0
41 3327 181 303 65 453 61 860 36 1005 14 929 5 728 0 0 0 0 0 0
41 3328 31 71 19 130 17 223 20 647 6 455 0 0 0 0 0 0 0 0
41 33299 48 89 21 130 15 190 18 527 7 503 3 538 0 0 0 0 0 0
41 333 111 201 67 434 44 606 52 1621 29 1991 29 4422 6 1858 0 0 0 0
41 3331 22 45 8 50 9 127 6 166 6 420 4 676 0 0 0 0 0 0
41 33311 15 31 3 20 5 72 0 0 0 0 3 450 0 0 0 0 0 0
41 3333 15 19 3 17 7 89 6 206 3 232 0 0 0 0 0 0 0 0
41 3335 31 48 19 126 12 165 5 159 0 0 4 510 0 0 0 0 0 0
41 3336 4 5 0 0 3 49 4 103 0 0 0 0 0 0 0 0 0 0
41 334 67 121 42 274 38 514 31 980 17 1139 22 3588 8 3517 7 5111 0 0
41 3341 3 9 5 34 4 47 0 0 0 0 0 0 0 0 0 0 0 0
41 3345 26 51 12 81 15 201 14 402 8 513 10 1540 0 0 0 0 0 0
41 335 16 30 9 53 12 162 8 282 4 328 7 1132 0 0 0 0 0 0
41 3352 16 30 9 53 12 162 8 282 4 328 7 1132 0 0 0 0 0 0
41 336 79 132 45 296 26 364 29 926 19 1414 9 1333 6 1853 0 0 0 0
41 33641 15 23 7 49 0 0 4 109 5 325 0 0 0 0 0 0 0 0
41 3365 79 132 45 296 26 364 29 926 19 1414 9 1333 6 1853 0 0 0 0
41 3366 7 11 4 28 5 65 6 175 0 0 0 0 0 0 0 0 0 0
41 3369 17 21 5 30 5 61 0 0 0 0 0 0 0 0 0 0 0 0
41 337 161 274 43 288 43 598 40 1222 10 684 5 668 0 0 0 0 0 0
41 3391 109 190 31 189 22 324 15 445 7 510 6 966 0 0 0 0 0 0
41 3399 162 269 51 327 41 545 27 760 12 814 4 537 0 0 0 0 0 0
41 4 5589 10813 3844 25806 2454 32814 1485 44553 414 28057 296 43082 85 24385 0 0 0 0
41 42 2461 4438 1027 6821 788 10772 546 16581 178 12081 88 12503 20 6577 7 4460 0 0
41 4231 109 228 64 417 45 631 60 1870 19 1280 5 818 0 0 0 0 0 0
41 4232 53 85 29 202 26 344 12 386 5 305 0 0 0 0 0 0 0 0
41 4233 148 279 80 531 64 878 58 1752 17 1196 7 943 0 0 0 0 0 0
41 4234 221 406 61 421 54 742 34 1108 13 836 9 1381 0 0 0 0 0 0
41 4235 38 83 24 152 26 378 22 674 7 490 0 0 0 0 0 0 0 0
41 4236 134 281 103 674 55 759 26 804 16 1054 8 1136 0 0 0 0 0 0
41 4237 60 124 65 422 54 750 22 619 7 438 4 498 0 0 0 0 0 0
41 4238 268 540 167 1100 143 1946 84 2469 19 1345 12 1584 0 0 0 0 0 0
41 4239 197 348 56 384 46 640 33 1013 8 548 4 606 0 0 0 0 0 0
41 42393 25 43 12 91 10 140 15 486 6 382 0 0 0 0 0 0 0 0
41 424 726 1328 313 2118 237 3180 177 5351 63 4250 37 5221 15 5061 5 2883 0 0
41 4241 63 106 23 174 13 169 10 275 5 307 0 0 0 0 0 0 0 0
41 4243 43 86 23 161 8 113 13 390 5 344 0 0 0 0 0 0 0 0
41 4244 195 347 87 566 61 781 66 2080 29 2000 18 2950 5 1693 4 2296 0 0
41 4245 38 76 15 104 16 209 4 121 0 0 0 0 0 0 0 0 0 0
41 4247 31 59 22 139 14 168 14 427 5 335 0 0 0 0 0 0 0 0
41 4248 40 65 15 105 16 208 16 461 5 377 4 494 5 1530 0 0 0 0
41 4249 203 356 78 542 72 1015 32 946 7 435 7 880 0 0 0 0 0 0
41 42491 71 134 37 262 41 597 20 619 0 0 0 0 0 0 0 0 0 0
41 4251 507 736 65 400 38 524 18 535 4 339 0 0 0 0 0 0 0 0
41 4411 240 386 68 452 40 571 107 3542 82 5700 32 4327 3 815 0 0 0 0
41 4412 82 181 72 532 50 672 30 932 10 667 0 0 0 0 0 0 0 0
41 4413 198 450 225 1616 257 3416 74 2016 0 0 0 0 0 0 0 0 0 0
41 442 346 718 210 1393 131 1752 47 1435 9 572 0 0 3 931 0 0 0 0
41 443141 54 101 33 234 22 278 9 233 0 0 0 0 0 0 0 0 0 0
41 443142 125 281 85 568 23 289 8 236 9 686 7 839 0 0 0 0 0 0
41 4441 314 713 214 1437 170 2291 98 2720 10 598 41 6773 0 0 0 0 0 0
41 44413 94 192 48 314 56 812 39 971 4 241 0 0 0 0 0 0 0 0
41 4442 136 266 81 549 53 688 41 1231 8 540 0 0 0 0 0 0 0 0
41 44511 129 250 99 707 108 1551 160 4987 122 8716 122 15850 0 0 0 0 0 0
41 44512 391 819 371 2411 111 1359 10 245 0 0 0 0 0 0 0 0 0 0
41 4452 130 214 105 713 93 1249 29 806 5 321 0 0 0 0 0 0 0 0
41 4453 104 193 96 620 50 642 4 113 0 0 0 0 0 0 0 0 0 0
41 446 317 682 241 1628 176 2418 104 2841 10 597 0 0 0 0 0 0 0 0
41 44611 50 106 69 498 123 1727 77 1948 0 0 0 0 0 0 0 0 0 0
41 447 161 341 333 2313 314 4256 150 4553 9 638 4 463 0 0 0 0 0 0
41 4481 327 711 264 1780 235 3081 141 4266 53 3295 4 574 0 0 0 0 0 0
41 44821 68 169 106 661 41 487 18 468 3 227 0 0 0 0 0 0 0 0
41 4483 107 219 116 749 25 298 6 153 0 0 0 0 0 0 0 0 0 0
41 4511 365 739 169 1141 107 1528 92 2878 16 974 3 445 0 0 0 0 0 0
41 45113 34 63 21 135 17 256 21 626 0 0 0 0 0 0 0 0 0 0
41 45114 33 75 16 100 6 77 7 186 0 0 0 0 0 0 0 0 0 0
41 45121 59 106 28 180 10 131 13 376 0 0 0 0 0 0 0 0 0 0
41 45221 0 0 0 0 0 0 0 0 18 1272 12 1588 0 0 0 0 0 0
41 4523 54 96 62 424 39 524 169 5616 15 956 49 8684 68 19455 0 0 0 0
41 4531 93 190 41 274 11 143 3 70 0 0 0 0 0 0 0 0 0 0
41 45321 31 63 13 83 30 475 11 252 0 0 0 0 0 0 0 0 0 0
41 45322 161 294 120 779 37 470 8 206 0 0 0 0 0 0 0 0 0 0
41 4533 186 359 109 759 48 672 63 1962 11 645 0 0 0 0 0 0 0 0
41 4539 487 940 376 2442 173 2283 48 1297 5 309 0 0 0 0 0 0 0 0
41 454110 617 893 109 717 64 825 30 799 10 727 11 1915 0 0 0 0 0 0
41 4542 18 28 3 17 5 77 0 0 0 0 0 0 0 0 0 0 0 0
41 454310 26 66 23 151 11 135 0 0 0 0 0 0 0 0 0 0 0 0
41 45439 263 345 72 476 20 253 9 224 0 0 0 0 0 0 0 0 0 0
41 481 29 44 8 55 9 136 9 286 0 0 5 747 3 831 0 0 0 0
41 482 1885 2949 473 3093 396 5508 318 9915 115 8034 72 11226 22 7468 10 7284 3 5733
41 483 10 6 0 0 3 50 0 0 0 0 0 0 0 0 0 0 0 0
41 484 1200 1809 218 1420 184 2534 145 4541 44 3292 28 4450 5 1572 0 0 0 0
41 485 100 171 40 256 47 672 44 1410 22 1431 10 1285 3 985 0 0 0 0
41 4853 41 69 10 66 9 136 6 188 0 0 0 0 0 0 0 0 0 0
41 486 4 5 3 20 4 47 0 0 0 0 0 0 0 0 0 0 0 0
41 487 29 30 6 38 3 39 0 0 0 0 0 0 0 0 0 0 0 0
41 488 331 573 125 806 72 987 63 1879 15 1059 5 755 4 1351 0 0 0 0
41 492 93 128 36 241 39 515 20 643 15 950 15 2699 0 0 0 0 0 0
41 493 89 183 36 247 35 528 31 984 17 1170 7 1066 4 1792 5 3479 0 0
41 5111 123 210 53 357 39 489 24 734 7 463 6 832 0 0 0 0 0 0
41 51111 40 67 26 170 19 243 17 517 5 340 3 409 0 0 0 0 0 0
41 5112 198 289 50 319 39 519 38 1119 15 1107 16 2654 6 2091 3 1800 0 0
41 5121 218 254 30 192 34 437 31 860 13 826 0 0 0 0 0 0 0 0
41 5122 33 40 0 0 0 0 0 0 0 0 0 0 0 0 0 0 0 0
41 515 48 85 23 169 18 277 10 270 8 537 7 1017 0 0 0 0 0 0
41 517 441 970 183 1235 125 1692 62 1850 18 1248 5 698 3 1122 3 2061 0 0
41 517311 248 454 64 442 58 856 45 1404 15 1019 4 586 0 0 0 0 0 0
41 5182 143 247 29 207 28 383 22 695 12 870 6 1104 7 2490 0 0 0 0
41 5191 133 198 20 134 16 217 7 190 7 466 0 0 0 0 0 0 0 0
41 51912 13 16 0 0 3 42 0 0 0 0 0 0 0 0 0 0 0 0
41 51913 116 173 17 115 13 175 7 190 6 412 0 0 0 0 0 0 0 0
41 52 3626 6819 1381 8974 631 8096 255 7423 92 6117 57 8967 11 3850 9 6958 6 7902
41 522 770 1703 870 5790 387 4948 121 3502 43 2895 23 3804 6 2089 5 4063 0 0
41 5221 271 708 694 4638 306 3895 93 2678 30 1959 14 2411 5 1795 3 2385 0 0
41 5241 174 335 80 512 61 803 49 1444 19 1256 22 3673 0 0 4 2895 4 5078
41 5242 1453 2758 299 1815 111 1440 50 1514 21 1407 8 996 3 1044 0 0 0 0
41 53 5530 8097 855 5518 341 4527 170 5104 41 2752 14 2153 4 1309 0 0 0 0
41 531 5215 7574 684 4384 244 3259 122 3745 32 2187 10 1549 4 1309 0 0 0 0
41 5313 1211 1971 294 1937 125 1706 61 1807 17 1164 5 729 4 1309 0 0 0 0
41 532 298 499 162 1073 93 1221 46 1304 8 495 3 462 0 0 0 0 0 0
41 5321 87 168 52 336 21 286 23 649 3 206 0 0 0 0 0 0 0 0
41 5411 1801 3162 319 2102 134 1755 79 2354 22 1487 5 602 0 0 0 0 0 0
41 5412 1499 2421 425 2734 151 1981 58 1739 15 1112 10 1560 0 0 0 0 0 0
41 5413 1005 1587 281 1898 189 2660 117 3541 39 2530 23 3412 7 2017 0 0 0 0
41 5414 481 671 64 405 44 561 8 229 4 226 0 0 0 0 0 0 0 0
41 5415 1042 1520 184 1238 110 1473 83 2490 19 1324 14 2140 0 0 0 0 0 0
41 5416 2116 2593 233 1571 135 1773 91 2794 21 1520 8 1074 3 825 0 0 0 0
41 5417 156 262 40 271 25 337 29 853 13 910 3 334 0 0 0 0 0 0
41 5418 344 605 73 497 39 532 31 967 12 669 4 606 3 855 0 0 0 0
41 5419 616 832 207 1419 205 2829 106 2896 17 1147 7 1127 3 1131 0 0 0 0
41 54194 140 250 155 1076 168 2345 88 2396 10 643 4 672 0 0 0 0 0 0
41 55 243 406 97 648 113 1570 111 3642 54 3799 44 7070 13 3975 7 5513 10 31203
41 561 3500 5405 893 5787 530 7134 393 12055 186 13218 128 20489 38 13417 21 14395 6 10271
41 5613 274 351 63 411 66 925 96 3286 97 6917 81 13068 19 6411 13 8600 5 9273
41 5614 278 489 93 577 44 612 33 1043 9 528 11 1981 9 3473 3 2433 0 0
41 5615 125 205 40 268 17 245 13 380 5 390 3 417 0 0 0 0 0 0
41 5616 158 251 39 271 44 613 40 1228 16 1213 10 1367 4 1461 0 0 0 0
41 5617 2227 3453 573 3713 293 3878 176 5005 31 2168 13 2074 5 1746 0 0 0 0
41 56173 1206 1815 280 1839 126 1667 71 2083 17 1255 5 734 0 0 0 0 0 0
41 562 132 257 92 627 75 1036 71 2153 21 1361 5 748 0 0 0 0 0 0
41 611 829 1290 291 1961 243 3283 213 6741 61 4140 25 3728 10 3309 3 2190 7 11546
41 6111 92 194 49 341 75 1081 124 4009 31 2166 18 2561 4 1235 0 0 0 0
41 621 4315 7561 2002 13572 1306 17476 647 19499 224 15384 76 11553 20 6642 0 0 3 3098
41 6211 1205 2034 395 2635 313 4349 266 8097 89 6284 28 4036 5 1727 0 0 0 0
41 6212 579 1203 832 5676 498 6488 83 2252 4 224 0 0 0 0 0 0 0 0
41 6213 2076 3539 564 3806 286 3731 77 2195 8 485 0 0 0 0 0 0 0 0
41 62131 547 1053 165 1106 67 829 11 273 0 0 0 0 0 0 0 0 0 0
41 62132 120 264 103 708 57 751 8 205 0 0 0 0 0 0 0 0 0 0
41 6214 194 401 141 974 139 1936 151 4701 64 4173 27 3911 7 1922 0 0 0 0
41 6216 88 116 17 116 22 311 37 1242 35 2438 14 2348 3 1146 0 0 0 0
41 622 0 0 0 0 0 0 0 0 0 0 13 2264 19 6764 13 9470 21 52568
41 623 1117 2003 567 3804 429 5651 329 10901 192 13423 91 12908 9 2858 0 0 0 0
41 6231 28 42 6 37 8 103 23 910 62 4604 41 5744 4 1207 0 0 0 0
41 6241 604 1003 221 1445 173 2412 150 4656 44 3021 30 4391 5 1704 0 0 0 0
41 6242 112 221 64 430 47 632 31 973 9 591 6 1070 0 0 0 0 0 0
41 6243 65 116 55 379 22 317 28 922 21 1327 8 1197 0 0 0 0 0 0
41 6244 685 1288 261 1779 213 2990 161 4558 28 1690 0 0 0 0 0 0 0 0
41 711 487 604 61 381 31 414 32 986 11 801 5 853 3 1071 0 0 0 0
41 7111 92 147 19 115 9 108 14 413 5 356 4 742 0 0 0 0 0 0
41 7112 36 39 0 0 3 38 3 96 0 0 0 0 0 0 0 0 0 0
41 7115 260 272 17 110 5 70 0 0 0 0 0 0 0 0 0 0 0 0
41 712 68 117 33 224 16 238 10 263 5 395 3 590 0 0 0 0 0 0
41 713 629 1069 227 1510 204 2899 146 4543 66 4456 23 3227 4 1399 4 2653 0 0
41 71395 12 20 10 72 15 207 10 306 0 0 0 0 0 0 0 0 0 0
41 721 492 868 208 1399 264 3736 223 6726 67 4428 27 3527 9 3088 3 2126 0 0
41 7211 350 639 160 1074 241 3439 216 6539 65 4323 27 3527 9 3088 3 2126 0 0
41 722 2799 4591 2329 15777 2670 37613 2372 68970 384 25306 67 9254 4 1559 0 0 0 0
41 7224 243 524 350 2364 198 2748 64 1745 0 0 0 0 0 0 0 0 0 0
41 8111 1223 2401 598 3976 269 3459 84 2320 11 617 0 0 0 0 0 0 0 0
41 811192 116 194 68 470 27 355 14 389 0 0 0 0 0 0 0 0 0 0
41 8112 120 221 28 182 16 223 7 197 0 0 0 0 0 0 0 0 0 0
41 8113 186 294 55 384 41 554 11 305 4 306 0 0 0 0 0 0 0 0
41 8114 216 390 45 280 7 94 0 0 0 0 0 0 0 0 0 0 0 0
41 8121 1086 1749 373 2498 174 2365 53 1439 4 240 0 0 0 0 0 0 0 0
41 812111 39 43 14 89 11 135 3 78 0 0 0 0 0 0 0 0 0 0
41 812112 520 743 181 1272 103 1423 19 552 0 0 0 0 0 0 0 0 0 0
41 8122 93 219 61 420 20 271 7 186 0 0 0 0 0 0 0 0 0 0
41 8123 148 311 59 381 26 348 16 452 5 393 7 977 0 0 0 0 0 0
41 8129 481 794 117 779 69 923 18 545 7 472 0 0 0 0 0 0 0 0
41 813 2705 5096 950 6194 485 6372 209 6192 77 5123 23 3252 5 1585 0 0 0 0
41 8131 1465 2898 574 3744 257 3370 124 3801 47 3084 14 2013 3 957 0 0 0 0
41 8139 555 953 165 1065 96 1296 30 794 13 905 0 0 0 0 0 0 0 0
41 81393 74 152 68 442 46 649 15 404 7 476 0 0 0 0 0 0 0 0
41 814 6258 11475 2286 15094 1107 14609 406 11658 111 7328 37 5281 8 2649 0 0 0 0
42 111 422 691 57 365 33 422 12 381 7 420 3 442 0 0 0 0 0 0
42 112 422 691 57 365 33 422 12 381 7 420 3 442 0 0 0 0 0 0
42 113 198 320 26 162 16 191 3 89 0 0 0 0 0 0 0 0 0 0
42 1133 172 286 24 151 13 156 3 89 0 0 0 0 0 0 0 0 0 0
42 114 13 19 0 0 0 0 0 0 0 0 0 0 0 0 0 0 0 0
42 115 211 352 30 194 17 231 9 292 5 306 3 442 0 0 0 0 0 0
42 211 90 168 21 145 24 346 13 431 9 675 6 1077 3 1113 0 0 0 0
42 2121 56 116 33 214 28 379 27 888 11 743 4 597 3 1025 0 0 0 0
42 2122 148 309 78 505 100 1422 67 2027 23 1502 6 881 3 1025 0 0 0 0
42 2123 92 193 45 291 71 1022 39 1119 12 759 0 0 0 0 0 0 0 0
42 213 155 285 76 487 44 617 56 1795 30 2102 18 2982 9 3001 0 0 0 0
42 22 328 571 137 887 143 1924 151 4716 61 3933 42 5989 17 5934 7 5524 0 0
42 221 328 571 137 887 143 1924 151 4716 61 3933 42 5989 17 5934 7 5524 0 0
42 2211 197 309 53 340 63 824 91 2887 36 2177 30 4167 14 4739 6 4670 0 0
42 2212 47 96 31 219 33 487 33 1043 17 1193 7 1099 0 0 0 0 0 0
42 2213 84 166 53 328 47 613 27 786 8 563 5 723 0 0 0 0 0 0
42 22132 27 59 8 44 6 88 0 0 0 0 0 0 0 0 0 0 0 0
42 23 17967 28685 4245 27732 2680 36142 1647 49923 505 34632 230 34425 55 19806 9 5427 8 18356
42 3 4313 8393 2287 15569 2163 29956 2278 71275 1067 75446 898 139256 291 97622 91 59557 33 68428
42 31 4313 8393 2287 15569 2163 29956 2278 71275 1067 75446 898 139256 291 97622 91 59557 33 68428
42 311 387 714 214 1504 230 3124 195 6017 76 5211 103 17089 44 15945 23 15550 6 9843
42 3113 36 81 19 125 39 537 21 607 9 675 12 1850 8 2786 3 1717 0 0
42 3114 24 48 9 66 10 135 11 380 5 404 12 2092 8 3058 0 0 0 0
42 3115 27 41 9 55 8 114 15 494 6 424 17 2920 5 1771 0 0 0 0
42 3116 34 69 22 155 25 333 23 813 13 855 19 3282 5 1767 5 4052 5 8682
42 3118 198 340 106 752 89 1186 69 2079 19 1173 18 2594 6 2340 5 3449 0 0
42 311811 151 271 82 589 66 857 43 1265 7 410 0 0 0 0 0 0 0 0
42 3121 160 267 105 729 88 1230 62 1809 21 1448 18 3007 6 1575 3 2109 0 0
42 3122 0 0 3 26 0 0 0 0 0 0 0 0 0 0 0 0 0 0
42 3131 6 13 0 0 0 0 4 134 0 0 0 0 0 0 0 0 0 0
42 3132 10 23 0 0 10 138 11 339 8 567 5 639 0 0 0 0 0 0
42 3133 14 32 3 21 8 102 0 0 0 0 0 0 0 0 0 0 0 0
42 314 107 194 43 290 24 332 22 700 8 607 5 833 0 0 0 0 0 0
42 31411 3 6 0 0 0 0 0 0 0 0 0 0 0 0 0 0 0 0
42 315 58 96 30 205 16 248 17 555 4 262 3 442 0 0 0 0 0 0
42 316 23 28 13 87 3 43 5 163 0 0 0 0 0 0 0 0 0 0
42 3162 3 8 0 0 0 0 0 0 0 0 0 0 0 0 0 0 0 0
42 3211 111 217 57 414 44 617 36 1007 15 1031 4 596 0 0 0 0 0 0
42 3212 14 27 3 17 3 47 15 440 7 438 9 1246 0 0 0 0 0 0
42 3219 232 445 156 1061 115 1555 94 2823 26 1781 27 4343 8 2613 0 0 0 0
42 32199 117 211 63 440 49 676 28 832 4 294 15 2762 5 1482 0 0 0 0
42 3221 0 0 0 0 0 0 0 0 5 386 3 521 0 0 0 0 0 0
42 3222 21 34 17 122 17 225 55 1755 36 2628 40 6293 12 3943 3 2253 0 0
42 32221 11 17 10 71 6 82 27 856 23 1654 24 3954 3 976 0 0 0 0
42 3231 470 875 190 1238 126 1728 125 3996 48 3342 39 6128 13 4724 5 3812 0 0
42 3241 38 94 43 292 26 373 25 832 7 549 7 1014 0 0 0 0 0 0
42 325 136 268 73 521 89 1237 111 3400 75 5367 64 9699 10 2824 9 5483 0 0
42 3252 10 16 4 27 8 105 13 385 16 1090 9 1343 0 0 0 0 0 0
42 3253 7 16 6 37 10 150 4 130 5 356 0 0 0 0 0 0 0 0
42 3254 24 41 9 59 8 110 12 386 13 882 13 2189 4 1000 0 0 0 0
42 3255 21 52 9 75 12 163 21 663 6 428 12 1766 0 0 0 0 0 0
42 3256 22 41 17 127 13 212 10 289 3 239 9 1174 4 1283 4 2654 0 0
42 3261 89 182 50 352 79 1120 104 3499 90 6514 75 12030 26 8701 0 0 0 0
42 3262 15 31 9 59 15 224 23 736 8 671 4 470 7 2173 0 0 0 0
42 32621 4 9 3 21 5 70 6 207 4 344 0 0 3 843 0 0 0 0
42 327 201 419 133 890 161 2250 109 3392 50 3565 37 5103 9 3094 0 0 0 0
42 32711 15 31 5 30 4 56 4 126 3 194 0 0 0 0 0 0 0 0
42 327120 0 0 5 41 6 90 12 361 7 534 3 435 0 0 0 0 0 0
42 3272 24 31 14 83 9 131 7 261 11 771 10 1506 7 2425 0 0 0 0
42 3279 56 123 27 196 41 587 23 685 11 800 6 731 0 0 0 0 0 0
42 331 49 85 32 216 44 622 66 2247 62 4644 61 9530 21 6810 4 2815 5 9315
42 3313 3 6 0 0 0 0 0 0 5 304 6 990 0 0 0 0 0 0
42 3314 14 26 13 76 12 160 7 236 16 1122 15 2186 7 2408 0 0 0 0
42 3315 14 30 13 95 20 304 26 853 22 1803 13 1731 8 2424 0 0 0 0
42 332 866 1805 501 3419 488 6627 554 17110 214 15013 146 22872 35 11335 7 4156 0 0
42 3321 22 63 14 103 26 337 38 1234 20 1444 32 5327 9 2451 0 0 0 0
42 3322 21 45 6 36 8 119 8 248 3 210 5 821 0 0 0 0 0 0
42 3327 406 858 237 1636 217 2998 202 6093 48 3343 26 3736 4 1550 0 0 0 0
42 3328 57 132 57 376 50 687 53 1650 31 2083 7 978 0 0 0 0 0 0
42 33299 133 215 41 269 50 665 47 1365 19 1363 16 2506 4 1176 0 0 0 0
42 333 276 550 184 1248 195 2728 247 7679 110 7699 74 10788 19 5906 11 6998 0 0
42 3331 30 57 23 157 13 175 26 830 13 886 6 1057 3 901 4 2572 0 0
42 33311 22 40 18 120 5 57 5 150 0 0 0 0 0 0 0 0 0 0
42 3333 24 45 11 75 14 216 19 592 5 300 7 994 0 0 0 0 0 0
42 3335 108 226 63 421 70 976 82 2562 26 1851 8 1121 3 970 0 0 0 0
42 3336 5 13 7 51 7 117 6 188 5 375 5 788 0 0 0 0 0 0
42 334 135 234 80 549 73 1049 113 3641 52 3510 51 7680 23 7521 5 3419 3 4144
42 3341 14 22 4 28 3 33 8 256 0 0 0 0 0 0 0 0 0 0
42 3345 70 118 38 273 34 460 54 1700 26 1720 26 4068 13 4240 4 2574 0 0
42 335 70 139 32 218 40 584 40 1247 27 2037 28 4758 14 4699 0 0 0 0
42 3352 0 0 0 0 0 0 0 0 0 0 3 526 0 0 0 0 0 0
42 336 86 162 47 306 42 591 60 1911 43 3089 34 5477 18 6128 7 4564 6 13804
42 33641 5 11 3 21 0 0 7 236 8 547 3 420 3 1312 0 0 0 0
42 3365 4 6 0 0 5 69 6 167 12 854 5 832 0 0 0 0 0 0
42 3366 4 8 0 0 0 0 0 0 0 0 0 0 0 0 0 0 0 0
42 3369 14 33 10 67 4 56 0 0 0 0 0 0 0 0 0 0 0 0
42 337 259 525 116 767 98 1366 78 2436 34 2339 27 3504 3 1029 0 0 3 3333
42 3391 167 325 58 386 43 587 41 1342 17 1103 20 3032 5 1881 0 0 0 0
42 3399 309 600 91 599 84 1180 61 1905 18 1198 13 2045 6 2275 3 1673 0 0
42 4 16817 33281 10579 70706 7122 94671 4631 134632 1286 89015 1014 155213 172 55881 18 11658 0 0
42 42 6450 12268 2636 17667 2022 27618 1660 50263 550 38244 281 42470 90 30547 22 13897 12 18251
42 4231 297 612 210 1449 199 2772 171 5338 63 4376 19 2508 0 0 0 0 0 0
42 4232 141 256 68 438 66 912 48 1437 18 1118 5 971 0 0 0 0 0 0
42 4233 247 476 174 1247 147 2025 112 3301 27 1870 11 1552 0 0 0 0 0 0
42 4234 741 1415 187 1294 168 2327 132 4001 64 4570 31 4667 11 3948 0 0 4 4731
42 4235 180 354 104 693 56 792 65 2031 27 1808 7 991 0 0 0 0 0 0
42 4236 348 782 168 1146 132 1770 124 3658 31 2368 22 3403 8 2549 0 0 0 0
42 4237 314 730 225 1426 126 1684 103 3049 24 1617 6 981 3 1296 0 0 0 0
42 4238 892 1823 489 3249 373 5130 283 8554 82 5638 38 5396 13 4557 0 0 0 0
42 4239 544 1013 179 1184 141 1869 110 3339 24 1666 8 1283 3 957 0 0 0 0
42 42393 156 320 69 450 76 1027 63 1993 10 656 3 415 0 0 0 0 0 0
42 424 1651 3104 658 4415 530 7199 461 14140 171 11876 123 19158 44 14662 14 8855 6 10251
42 4241 140 299 60 419 49 636 49 1407 12 851 9 1388 0 0 0 0 0 0
42 4243 135 241 35 238 33 423 16 431 12 833 7 1188 0 0 0 0 0 0
42 4244 496 857 155 1033 155 2190 163 5214 65 4425 54 7939 22 7835 7 4284 4 5363
42 4245 44 58 15 90 7 97 6 187 0 0 0 0 0 0 0 0 0 0
42 4247 83 174 34 241 35 493 30 904 9 588 4 619 0 0 0 0 0 0
42 4248 67 152 28 191 20 257 22 667 11 807 7 1199 3 933 0 0 0 0
42 4249 370 696 168 1113 107 1431 76 2349 22 1477 8 1284 9 2854 0 0 0 0
42 42491 70 119 38 272 37 485 28 889 7 442 3 337 0 0 0 0 0 0
42 4251 1095 1703 174 1126 84 1138 51 1415 19 1337 11 1560 3 1049 0 0 0 0
42 4411 812 1448 292 1920 207 2733 421 14349 305 21468 113 14692 6 1912 0 0 0 0
42 4412 168 327 106 683 91 1243 50 1442 12 687 0 0 0 0 0 0 0 0
42 4413 582 1257 735 5302 635 8231 143 4124 12 710 0 0 0 0 0 0 0 0
42 442 974 2031 407 2726 240 3343 181 5325 24 1448 3 491 0 0 0 0 0 0
42 443141 142 314 76 498 52 668 15 389 5 320 0 0 0 0 0 0 0 0
42 443142 302 645 260 1614 78 986 25 743 37 2731 12 1232 0 0 0 0 0 0
42 4441 840 1807 667 4303 412 5497 214 5793 15 990 157 26317 0 0 0 0 0 0
42 44413 236 457 160 1048 143 1985 84 2147 3 195 0 0 0 0 0 0 0 0
42 4442 344 640 185 1221 204 2652 48 1295 9 560 0 0 0 0 0 0 0 0
42 44511 963 1513 230 1557 325 4774 320 10287 315 22655 398 61060 42 14772 6 3179 0 0
42 44512 798 1438 179 1215 95 1234 116 3226 5 361 0 0 0 0 0 0 0 0
42 4452 553 1038 306 1980 158 2117 63 1773 11 733 6 968 0 0 0 0 0 0
42 4453 965 2252 616 4023 224 2672 28 670 0 0 0 0 0 0 0 0 0 0
42 446 1275 2831 1178 7984 757 9886 726 17892 39 2640 6 1090 0 0 0 0 0 0
42 44611 343 887 595 4272 569 7431 635 14880 27 1929 4 735 0 0 0 0 0 0
42 447 1224 2798 1136 7746 894 11773 664 19916 41 2494 3 459 0 0 0 0 0 0
42 4481 915 1885 743 5182 855 11140 510 15334 163 10286 14 1855 3 968 0 0 0 0
42 44821 234 623 372 2449 248 3196 58 1536 7 450 0 0 0 0 0 0 0 0
42 4483 433 918 284 1831 97 1170 22 589 0 0 0 0 0 0 0 0 0 0
42 4511 684 1271 278 1768 208 2952 213 6786 35 2242 0 0 0 0 0 0 0 0
42 45113 60 113 25 159 33 492 23 721 0 0 0 0 0 0 0 0 0 0
42 45114 80 182 27 164 15 220 16 429 0 0 0 0 0 0 0 0 0 0
42 45121 175 310 79 513 33 403 31 1028 9 544 0 0 0 0 0 0 0 0
42 45221 0 0 0 0 0 0 3 142 62 4879 84 11869 4 1130 0 0 0 0
42 4523 377 670 828 5356 343 4755 298 8474 99 7030 176 28912 101 31258 0 0 0 0
42 4531 337 636 155 1018 50 657 15 452 0 0 0 0 0 0 0 0 0 0
42 45321 57 111 12 65 54 869 47 1176 0 0 0 0 0 0 0 0 0 0
42 45322 326 621 252 1742 109 1441 46 1241 4 298 0 0 0 0 0 0 0 0
42 4533 342 658 120 798 155 2192 98 2615 14 1088 3 393 0 0 0 0 0 0
42 4539 1222 2372 558 3753 263 3521 110 3117 10 677 0 0 0 0 0 0 0 0
42 454110 903 1364 199 1333 118 1566 70 2079 21 1626 26 3834 10 4092 12 8479 0 0
42 4542 89 145 29 184 18 240 20 666 8 490 3 582 0 0 0 0 0 0
42 454310 241 541 165 1093 135 1864 53 1502 14 982 0 0 0 0 0 0 0 0
42 45439 539 817 132 849 64 896 23 671 6 390 0 0 0 0 0 0 0 0
42 481 39 57 16 98 12 163 22 655 4 306 9 1464 0 0 0 0 0 0
42 482 5056 7433 1246 8270 1092 14997 1024 31682 497 34714 311 46918 85 30484 61 41880 15 32449
42 483 13 19 5 29 3 52 5 195 5 330 0 0 0 0 0 0 0 0
42 484 3499 4828 606 3996 530 7358 452 13892 169 11721 99 13943 18 6606 10 6318 0 0
42 485 353 591 148 1014 131 1805 215 6902 141 9830 77 11282 12 3882 0 0 0 0
42 4853 136 193 25 163 24 309 23 701 6 422 0 0 0 0 0 0 0 0
42 486 52 99 33 209 35 444 18 480 5 340 0 0 0 0 0 0 0 0
42 487 23 34 4 28 5 63 4 128 4 273 0 0 0 0 0 0 0 0
42 488 672 1128 275 1809 188 2556 135 4006 51 3519 26 3999 9 2990 5 3300 0 0
42 492 225 334 60 426 72 990 65 1962 45 3182 39 5690 12 3834 8 5604 6 13761
42 493 180 343 99 661 116 1566 108 3462 73 5213 58 9882 32 12486 35 24623 5 8964
42 5111 194 358 82 537 65 946 81 2605 28 1843 19 3023 7 2500 0 0 0 0
42 51111 65 140 34 230 35 510 42 1325 15 1000 11 1666 3 1090 0 0 0 0
42 5112 165 268 58 419 60 820 62 1891 33 2277 17 2748 6 2170 3 1987 0 0
42 5121 282 413 62 409 59 850 66 2072 19 1162 6 858 0 0 0 0 0 0
42 5122 54 85 8 55 3 34 0 0 0 0 0 0 0 0 0 0 0 0
42 515 93 178 42 312 36 511 41 1265 23 1728 15 2238 3 926 0 0 0 0
42 517 1385 2451 486 3325 298 3834 131 4098 74 5155 37 5317 16 6171 5 3139 3 6188
42 517311 892 1366 181 1260 105 1391 86 2861 58 3969 33 4655 16 6171 5 3139 0 0
42 5182 528 831 70 483 66 911 69 2169 38 2527 24 3748 5 1925 6 3929 0 0
42 5191 313 648 175 1187 115 1523 77 2172 10 664 10 1400 0 0 0 0 0 0
42 51912 160 412 144 980 101 1334 53 1447 6 391 4 575 0 0 0 0 0 0
42 51913 124 190 23 149 11 151 20 617 4 273 5 699 0 0 0 0 0 0
42 52 9597 19236 4688 30505 1835 24069 805 24608 317 21789 218 33689 87 30107 45 31592 32 78735
42 522 2527 6133 2881 18776 906 11666 315 9589 119 8474 73 10920 25 8331 14 9617 6 8662
42 5221 1528 4017 2625 17121 807 10312 256 7879 90 6460 60 8974 19 6216 10 6597 5 7691
42 5241 665 1172 165 1106 149 2052 138 4294 79 5424 75 11727 33 11450 21 15139 17 37978
42 5242 3766 7558 1065 6816 427 5772 220 6534 71 4710 49 7861 14 4931 7 4651 3 3966
42 53 7498 12428 1844 11681 859 11285 414 11802 115 7765 58 8748 5 1525 0 0 0 0
42 531 6698 10994 1252 7977 553 7285 240 6752 72 4811 36 5673 5 1525 0 0 0 0
42 5313 1808 2987 418 2654 241 3262 121 3417 36 2425 21 3280 0 0 0 0 0 0
42 532 753 1365 577 3606 303 3963 168 4870 40 2730 21 2872 0 0 0 0 0 0
42 5321 288 561 199 1244 131 1682 68 1950 22 1437 11 1481 0 0 0 0 0 0
42 5411 4295 7607 976 6425 505 6668 286 8575 86 5613 34 5009 14 5066 5 3333 0 0
42 5412 2543 4517 871 5790 479 6336 212 6690 59 4159 41 6317 9 2848 11 8231 3 3841
42 5413 2017 3472 696 4688 532 7195 445 13403 162 11337 72 10612 12 3715 3 1831 4 6303
42 5414 727 1079 90 586 48 618 27 852 0 0 0 0 0 0 0 0 0 0
42 5415 3113 4384 511 3337 350 4779 278 8426 134 9260 60 9344 21 6946 5 3608 5 8268
42 5416 4108 5386 564 3760 350 4763 248 7327 80 5586 52 7940 14 5193 4 2499 0 0
42 5417 348 570 110 719 83 1142 69 2197 37 2542 38 6430 13 4360 4 2581 0 0
42 5418 801 1307 183 1175 124 1680 80 2597 33 2273 16 2123 4 1286 0 0 0 0
42 5419 1549 2327 465 3179 393 5380 270 7900 38 2602 18 2760 4 1308 0 0 0 0
42 54194 363 714 287 2006 313 4269 193 5506 23 1562 7 1051 0 0 0 0 0 0
42 55 812 1482 277 1863 313 4271 343 10893 223 15892 197 30832 80 27387 37 26402 26 57345
42 561 8834 12800 2264 14911 1454 19524 1259 39006 557 38924 427 65943 138 48027 45 31295 21 49961
42 5613 806 1242 170 1123 179 2436 305 9850 250 17412 232 36014 70 24360 15 10290 11 30732
42 5614 495 876 186 1215 99 1314 100 2977 38 2695 29 4693 17 5798 3 1937 0 0
42 5615 354 648 127 822 66 804 39 1139 10 664 5 736 4 1610 0 0 0 0
42 5616 343 603 127 829 106 1474 106 3459 54 3930 51 7995 15 5091 11 7946 0 0
42 5617 5629 7331 1296 8481 764 10153 477 14338 131 9017 46 6768 15 5365 8 5505 4 7221
42 56173 3702 4321 668 4343 335 4480 169 5194 40 2694 13 1707 7 2555 0 0 0 0
42 562 497 966 239 1615 189 2596 130 4067 68 4901 35 5277 0 0 0 0 0 0
42 611 1576 2557 622 4227 568 7758 594 18751 301 20649 129 19253 54 17350 33 24186 46 159987
42 6111 143 294 96 664 165 2340 354 11340 224 15442 99 14727 21 6056 5 2990 0 0
42 621 11251 22144 5763 38567 4029 54831 2359 71409 700 48228 376 57207 96 32322 29 19870 15 23300
42 6211 3681 7030 1849 12553 1502 21120 957 29096 228 15415 113 17592 19 6559 10 7391 5 6440
42 6212 1928 4337 1826 12248 985 12776 163 4439 17 1030 3 314 0 0 0 0 0 0
42 6213 4187 8160 1432 9360 658 8696 279 8253 43 2953 19 2672 7 2531 0 0 0 0
42 62131 1309 2668 355 2196 78 969 15 407 0 0 0 0 0 0 0 0 0 0
42 62132 468 1061 294 1876 105 1360 30 837 0 0 0 0 0 0 0 0 0 0
42 6214 510 1062 383 2563 471 6435 449 13475 133 9087 56 8363 12 4292 3 2189 0 0
42 6216 340 432 109 749 171 2438 275 8948 203 14453 142 21186 46 14706 13 8401 7 10806
42 622 44 84 13 93 6 90 10 344 18 1484 51 8296 57 20784 58 43063 82 225485
42 6222 0 0 0 0 0 0 0 0 0 0 6 1018 15 5772 6 3648 0 0
42 623 831 1900 1099 7488 664 8898 632 19360 395 28652 515 79689 143 47053 18 11630 9 14464
42 6231 44 34 20 140 29 417 59 2136 148 11255 284 43782 39 12916 0 0 0 0
42 6241 1484 2549 679 4586 625 8629 731 22500 357 24794 224 32958 48 16294 17 11049 4 4915
42 6242 240 466 128 879 101 1360 89 2608 27 1848 5 802 0 0 0 0 0 0
42 6243 90 176 53 341 54 721 60 1845 34 2402 24 3790 8 2332 0 0 0 0
42 6244 1212 2441 830 5604 971 13396 751 20950 56 3493 12 1820 0 0 0 0 0 0
42 711 845 1229 174 1142 95 1293 69 2188 31 2066 21 3191 7 2765 5 3281 4 13875
42 7111 162 288 72 482 32 429 17 599 8 595 7 1106 0 0 0 0 0 0
42 7112 87 127 13 87 14 204 14 398 8 560 3 463 3 1197 0 0 3 3170
42 7115 382 492 33 192 18 265 7 199 0 0 0 0 0 0 0 0 0 0
42 712 208 378 67 452 46 665 31 964 12 828 12 1786 4 1301 0 0 0 0
42 713 1583 2106 551 3662 546 7442 462 14222 183 12993 91 13859 16 5498 8 5823 6 8799
42 71395 45 90 30 208 54 775 37 1091 6 428 0 0 0 0 0 0 0 0
42 721 722 1137 245 1673 369 5174 505 14930 70 4845 64 9478 19 6355 11 8133 4 5809
42 7211 460 728 172 1184 328 4632 487 14357 69 4774 64 9478 19 6355 11 8133 4 5809
42 722 9711 17162 4902 32626 5095 71323 5322 163903 1586 105796 282 37043 17 5382 3 1578 0 0
42 7224 1367 2729 539 3415 272 3624 140 4223 23 1570 4 445 0 0 0 0 0 0
42 8111 5101 10006 1522 9749 632 8408 225 6200 31 2043 3 338 0 0 0 0 0 0
42 811192 322 550 110 716 97 1273 37 1069 10 641 0 0 0 0 0 0 0 0
42 8112 294 493 68 427 40 546 19 597 4 266 4 695 0 0 0 0 0 0
42 8113 549 977 185 1209 126 1666 62 1859 9 640 8 1212 0 0 0 0 0 0
42 8114 449 678 80 513 21 261 9 222 3 212 0 0 0 0 0 0 0 0
42 8121 4522 8607 1939 12920 873 11456 277 7656 23 1501 5 648 0 0 0 0 0 0
42 812111 197 321 34 243 18 228 0 0 0 0 0 0 0 0 0 0 0 0
42 812112 2700 5208 1257 8508 634 8328 199 5494 15 1017 4 554 0 0 0 0 0 0
42 8122 952 1927 367 2475 145 1856 31 825 3 177 0 0 0 0 0 0 0 0
42 8123 723 1388 159 1036 71 980 54 1579 17 1138 19 2791 0 0 0 0 0 0
42 8129 1094 1824 345 2297 206 2777 91 2655 19 1088 11 1383 0 0 0 0 0 0
42 813 8561 17905 3725 24072 1691 22266 885 26352 229 15330 60 9034 10 3254 3 1767 0 0
42 8131 5600 12376 2270 14364 903 11898 529 16050 147 9587 30 4485 4 1358 0 0 0 0
42 8139 1014 1863 451 2956 282 3748 142 4063 30 2011 15 2455 3 993 0 0 0 0
42 81393 242 496 203 1360 167 2212 82 2350 8 524 5 767 0 0 0 0 0 0
42 814 22245 43805 8390 54698 3805 50216 1653 47945 338 22395 110 16101 14 4516 6 3725 0 0
44 111 35 59 0 0 4 46 0 0 0 0 0 0 0 0 0 0 0 0
44 112 35 59 0 0 4 46 0 0 0 0 0 0 0 0 0 0 0 0
44 113 35 59 0 0 4 46 0 0 0 0 0 0 0 0 0 0 0 0
44 1133 35 59 0 0 4 46 0 0 0 0 0 0 0 0 0 0 0 0
44 114 21 35 0 0 0 0 0 0 0 0 0 0 0 0 0 0 0 0
44 115 13 23 0 0 0 0 0 0 0 0 0 0 0 0 0 0 0 0
44 211 6 13 0 0 6 80 0 0 0 0 0 0 0 0 0 0 0 0
44 2121 5 12 0 0 6 80 0 0 0 0 0 0 0 0 0 0 0 0
44 2122 5 12 0 0 6 80 0 0 0 0 0 0 0 0 0 0 0 0
44 2123 5 12 0 0 6 80 0 0 0 0 0 0 0 0 0 0 0 0
44 213 6 13 0 0 6 80 0 0 0 0 0 0 0 0 0 0 0 0
44 22 13 21 7 42 8 119 10 260 3 195 0 0 0 0 0 0 0 0
44 221 13 21 7 42 8 119 10 260 3 195 0 0 0 0 0 0 0 0
44 2211 10 18 4 24 6 92 8 210 0 0 0 0 0 0 0 0 0 0
44 2213 3 3 0 0 0 0 0 0 0 0 0 0 0 0 0 0 0 0
44 22132 3 3 0 0 0 0 0 0 0 0 0 0 0 0 0 0 0 0
44 23 2437 3747 469 3058 232 3068 127 3693 30 2055 19 2852 3 882 0 0 0 0
44 3 452 858 218 1418 206 2790 215 6727 97 6760 51 8113 16 5091 5 3310 0 0
44 31 452 858 218 1418 206 2790 215 6727 97 6760 51 8113 16 5091 5 3310 0 0
44 311 56 110 28 180 22 292 23 692 5 358 0 0 3 1072 0 0 0 0
44 3113 7 15 3 17 0 0 0 0 0 0 0 0 0 0 0 0 0 0
44 3114 4 6 0 0 0 0 0 0 0 0 0 0 0 0 0 0 0 0
44 3115 3 4 0 0 0 0 0 0 0 0 0 0 0 0 0 0 0 0
44 3116 0 0 4 27 0 0 4 125 0 0 0 0 0 0 0 0 0 0
44 3118 31 62 17 113 13 177 14 443 0 0 0 0 0 0 0 0 0 0
44 311811 20 47 14 90 7 106 7 231 0 0 0 0 0 0 0 0 0 0
44 3121 11 12 6 35 6 77 5 148 0 0 0 0 0 0 0 0 0 0
44 3122 11 12 6 35 6 77 5 148 0 0 0 0 0 0 0 0 0 0
44 3131 4 7 0 0 0 0 0 0 0 0 0 0 0 0 0 0 0 0
44 3132 6 9 0 0 3 40 4 150 0 0 3 456 0 0 0 0 0 0
44 3133 0 0 0 0 3 41 4 107 0 0 0 0 0 0 0 0 0 0
44 314 20 32 6 41 6 92 4 88 0 0 0 0 0 0 0 0 0 0
44 315 6 7 0 0 0 0 0 0 0 0 0 0 0 0 0 0 0 0
44 316 3 5 0 0 0 0 0 0 0 0 0 0 0 0 0 0 0 0
44 3162 3 5 0 0 0 0 0 0 0 0 0 0 0 0 0 0 0 0
44 3211 3 4 0 0 0 0 0 0 0 0 0 0 0 0 0 0 0 0
44 3212 12 20 5 33 4 57 7 197 0 0 0 0 0 0 0 0 0 0
44 3219 8 11 3 21 3 43 6 169 0 0 0 0 0 0 0 0 0 0
44 32199 5 4 0 0 0 0 0 0 0 0 0 0 0 0 0 0 0 0
44 3221 0 0 5 28 7 96 0 0 7 460 0 0 0 0 0 0 0 0
44 3222 0 0 5 28 7 96 0 0 7 460 0 0 0 0 0 0 0 0
44 32221 0 0 4 23 4 61 0 0 5 311 0 0 0 0 0 0 0 0
44 3231 50 102 22 144 11 150 10 298 9 620 0 0 0 0 0 0 0 0
44 325 13 22 11 68 11 140 11 364 6 394 7 973 0 0 0 0 0 0
44 3252 0 0 0 0 4 50 0 0 3 221 0 0 0 0 0 0 0 0
44 3253 13 22 11 68 11 140 11 364 6 394 7 973 0 0 0 0 0 0
44 3254 0 0 0 0 0 0 0 0 0 0 3 394 0 0 0 0 0 0
44 3255 3 3 4 30 0 0 0 0 0 0 0 0 0 0 0 0 0 0
44 3256 4 5 0 0 3 37 0 0 0 0 0 0 0 0 0 0 0 0
44 3261 10 22 4 27 8 121 15 450 3 208 5 764 0 0 0 0 0 0
44 327 12 28 13 87 6 91 9 287 0 0 0 0 0 0 0 0 0 0
44 32711 12 28 13 87 6 91 9 287 0 0 0 0 0 0 0 0 0 0
44 327120 12 28 13 87 6 91 9 287 0 0 0 0 0 0 0 0 0 0
44 3272 5 12 8 47 0 0 0 0 0 0 0 0 0 0 0 0 0 0
44 3279 3 3 0 0 3 47 4 132 0 0 0 0 0 0 0 0 0 0
44 331 11 16 7 47 3 40 8 253 4 315 7 1143 0 0 0 0 0 0
44 3313 11 16 7 47 3 40 8 253 4 315 7 1143 0 0 0 0 0 0
44 3314 4 7 4 26 0 0 5 145 3 245 6 872 0 0 0 0 0 0
44 3315 7 9 0 0 0 0 3 108 0 0 0 0 0 0 0 0 0 0
44 332 85 163 38 263 45 635 42 1334 13 860 10 1764 0 0 0 0 0 0
44 3321 4 8 6 36 7 92 4 132 0 0 0 0 0 0 0 0 0 0
44 3322 4 10 0 0 0 0 3 78 0 0 0 0 0 0 0 0 0 0
44 3327 22 41 13 90 17 242 11 367 3 188 0 0 0 0 0 0 0 0
44 3328 16 30 4 30 11 148 8 258 6 407 0 0 0 0 0 0 0 0
44 33299 12 21 0 0 3 46 5 144 0 0 0 0 0 0 0 0 0 0
44 333 32 60 14 90 17 230 10 323 9 632 0 0 0 0 0 0 0 0
44 3331 32 60 14 90 17 230 10 323 9 632 0 0 0 0 0 0 0 0
44 33311 32 60 14 90 17 230 10 323 9 632 0 0 0 0 0 0 0 0
44 3335 16 30 5 32 4 60 3 92 3 177 0 0 0 0 0 0 0 0
44 3336 32 60 14 90 17 230 10 323 9 632 0 0 0 0 0 0 0 0
44 334 9 15 7 44 4 42 10 328 6 451 0 0 5 1457 0 0 0 0
44 3345 7 13 4 28 0 0 5 147 3 191 0 0 0 0 0 0 0 0
44 335 4 5 3 21 3 31 11 378 0 0 0 0 0 0 0 0 0 0
44 3352 4 5 3 21 3 31 11 378 0 0 0 0 0 0 0 0 0 0
44 336 10 22 7 49 10 139 5 157 0 0 0 0 0 0 0 0 0 0
44 33641 10 22 7 49 10 139 5 157 0 0 0 0 0 0 0 0 0 0
44 3365 10 22 7 49 10 139 5 157 0 0 0 0 0 0 0 0 0 0
44 3366 8 15 5 35 5 68 5 157 0 0 0 0 0 0 0 0 0 0
44 3369 10 22 7 49 10 139 5 157 0 0 0 0 0 0 0 0 0 0
44 337 15 26 9 53 5 62 7 208 3 237 3 489 0 0 0 0 0 0
44 3391 19 43 8 52 4 56 5 179 4 261 0 0 0 0 0 0 0 0
44 3399 60 121 22 135 25 321 22 686 13 892 4 659 0 0 0 0 0 0
44 4 1710 3188 782 5291 594 7827 370 10170 87 5406 98 14271 6 1687 0 0 0 0
44 42 640 1089 270 1784 188 2482 133 4026 39 2854 13 1968 7 2503 0 0 0 0
44 4231 40 75 15 115 13 168 11 317 3 183 0 0 0 0 0 0 0 0
44 4232 13 21 7 47 6 84 6 187 0 0 0 0 0 0 0 0 0 0
44 4233 20 29 13 82 10 130 5 165 0 0 0 0 0 0 0 0 0 0
44 4234 63 120 23 159 17 221 15 462 7 515 0 0 0 0 0 0 0 0
44 4235 12 22 9 61 0 0 6 164 0 0 0 0 0 0 0 0 0 0
44 4236 33 50 12 76 15 223 8 235 0 0 0 0 0 0 0 0 0 0
44 4237 17 36 19 131 17 234 7 190 0 0 0 0 0 0 0 0 0 0
44 4238 61 128 37 241 24 295 12 344 0 0 0 0 0 0 0 0 0 0
44 4239 75 120 38 235 25 335 18 575 5 311 3 450 0 0 0 0 0 0
44 42393 6 10 0 0 8 101 4 119 0 0 0 0 0 0 0 0 0 0
44 424 199 338 80 529 52 663 41 1263 21 1675 5 795 3 1087 0 0 0 0
44 4241 18 34 5 30 7 96 0 0 0 0 0 0 0 0 0 0 0 0
44 4243 19 38 4 32 5 61 0 0 0 0 0 0 0 0 0 0 0 0
44 4244 75 114 26 171 22 285 19 573 8 634 3 507 3 1087 0 0 0 0
44 4247 5 8 4 26 3 36 0 0 0 0 0 0 0 0 0 0 0 0
44 4248 14 31 4 27 4 46 0 0 4 344 0 0 0 0 0 0 0 0
44 4249 30 53 13 80 5 72 0 0 0 0 0 0 0 0 0 0 0 0
44 42491 30 53 13 80 5 72 0 0 0 0 0 0 0 0 0 0 0 0
44 4251 107 150 17 108 7 97 4 124 0 0 0 0 0 0 0 0 0 0
44 4411 83 160 26 153 7 84 19 544 32 2014 6 701 0 0 0 0 0 0
44 4412 35 57 16 115 7 79 5 134 0 0 0 0 0 0 0 0 0 0
44 4413 52 99 45 326 58 754 8 254 0 0 0 0 0 0 0 0 0 0
44 442 84 180 33 206 17 237 16 492 7 413 0 0 0 0 0 0 0 0
44 443141 12 24 4 34 5 69 0 0 0 0 0 0 0 0 0 0 0 0
44 443142 38 86 26 169 7 83 0 0 0 0 5 535 0 0 0 0 0 0
44 4441 77 175 51 342 28 398 19 542 3 173 15 2341 0 0 0 0 0 0
44 44413 13 33 9 62 7 103 6 156 0 0 0 0 0 0 0 0 0 0
44 4442 32 61 12 82 14 179 0 0 0 0 0 0 0 0 0 0 0 0
44 44511 63 106 18 94 30 415 27 877 10 713 45 6290 0 0 0 0 0 0
44 44512 94 174 9 55 14 187 0 0 0 0 0 0 0 0 0 0 0 0
44 4452 57 85 21 133 14 181 5 147 0 0 0 0 0 0 0 0 0 0
44 4453 119 247 71 493 39 531 5 120 0 0 0 0 0 0 0 0 0 0
44 446 103 205 66 463 54 704 102 2395 0 0 0 0 0 0 0 0 0 0
44 44611 14 36 29 222 40 537 95 2135 0 0 0 0 0 0 0 0 0 0
44 447 133 253 86 576 76 1045 10 243 0 0 0 0 0 0 0 0 0 0
44 4481 149 268 51 357 63 798 46 1321 15 942 0 0 0 0 0 0 0 0
44 44821 12 31 27 180 28 364 0 0 0 0 0 0 0 0 0 0 0 0
44 4483 51 118 22 153 10 121 0 0 0 0 0 0 0 0 0 0 0 0
44 4511 72 126 18 123 20 244 14 460 0 0 0 0 0 0 0 0 0 0
44 45113 0 0 4 23 0 0 0 0 0 0 0 0 0 0 0 0 0 0
44 45114 11 16 3 22 0 0 0 0 0 0 0 0 0 0 0 0 0 0
44 45121 11 18 9 61 3 37 4 106 0 0 0 0 0 0 0 0 0 0
44 45221 0 0 0 0 0 0 0 0 0 0 4 522 0 0 0 0 0 0
44 4523 27 29 32 214 20 264 40 1159 4 225 12 2174 4 1142 0 0 0 0
44 4531 34 55 13 81 4 46 0 0 0 0 0 0 0 0 0 0 0 0
44 45321 4 11 0 0 0 0 7 181 0 0 0 0 0 0 0 0 0 0
44 45322 60 114 17 116 14 188 6 156 0 0 0 0 0 0 0 0 0 0
44 4533 46 100 10 68 15 211 0 0 3 159 0 0 0 0 0 0 0 0
44 4539 98 146 37 262 22 284 8 193 0 0 0 0 0 0 0 0 0 0
44 454110 70 102 19 129 9 112 8 249 0 0 4 661 0 0 0 0 0 0
44 4542 9 11 0 0 0 0 0 0 0 0 0 0 0 0 0 0 0 0
44 454310 36 88 30 210 14 179 9 286 0 0 0 0 0 0 0 0 0 0
44 45439 48 59 13 96 0 0 0 0 0 0 0 0 0 0 0 0 0 0
44 482 464 662 97 659 66 896 52 1760 24 1633 19 2640 0 0 3 2040 0 0
44 483 5 5 3 27 0 0 0 0 0 0 0 0 0 0 0 0 0 0
44 484 266 357 32 217 27 387 17 599 6 430 6 733 0 0 0 0 0 0
44 485 67 112 21 140 10 126 10 348 8 574 6 833 0 0 0 0 0 0
44 4853 28 48 4 29 0 0 0 0 0 0 0 0 0 0 0 0 0 0
44 486 464 662 97 659 66 896 52 1760 24 1633 19 2640 0 0 3 2040 0 0
44 487 32 40 3 17 0 0 0 0 0 0 0 0 0 0 0 0 0 0
44 488 59 97 24 155 16 198 13 416 3 171 0 0 0 0 0 0 0 0
44 492 22 33 6 43 8 109 5 163 4 260 0 0 0 0 0 0 0 0
44 493 10 12 7 55 0 0 4 143 3 198 3 550 0 0 0 0 0 0
44 5111 23 47 8 50 5 70 6 191 0 0 0 0 0 0 0 0 0 0
44 51111 8 17 3 20 3 45 4 129 0 0 0 0 0 0 0 0 0 0
44 5112 22 43 6 35 13 176 3 110 0 0 3 551 0 0 0 0 0 0
44 5121 34 44 4 28 4 58 0 0 4 318 0 0 0 0 0 0 0 0
44 5122 4 4 0 0 0 0 0 0 0 0 0 0 0 0 0 0 0 0
44 515 8 22 4 29 0 0 4 96 3 217 0 0 0 0 0 0 0 0
44 517 90 165 40 277 17 235 6 188 5 308 0 0 0 0 0 0 0 0
44 517311 58 90 6 35 6 83 3 103 5 308 0 0 0 0 0 0 0 0
44 5182 24 31 10 79 5 63 5 151 0 0 0 0 0 0 0 0 0 0
44 5191 31 60 13 91 11 165 4 111 0 0 0 0 0 0 0 0 0 0
44 51912 12 36 11 79 11 165 4 111 0 0 0 0 0 0 0 0 0 0
44 51913 17 19 0 0 0 0 0 0 0 0 0 0 0 0 0 0 0 0
44 52 864 1507 324 2154 154 1930 73 2163 31 2129 46 7903 7 2196 9 6196 4 5593
44 522 280 492 199 1323 86 1025 32 933 12 803 11 1561 3 960 6 4267 0 0
44 5221 172 277 172 1151 69 797 18 530 7 490 10 1415 0 0 6 4267 0 0
44 5241 61 102 19 125 12 155 11 333 7 446 5 671 0 0 3 1929 0 0
44 5242 281 532 68 456 31 420 12 338 9 680 26 5138 0 0 0 0 0 0
44 53 831 1279 174 1111 87 1165 36 1086 8 519 0 0 0 0 0 0 0 0
44 531 746 1153 131 840 62 831 24 713 6 425 0 0 0 0 0 0 0 0
44 5313 199 323 52 336 33 445 17 517 4 271 0 0 0 0 0 0 0 0
44 532 83 124 42 263 22 288 12 373 0 0 0 0 0 0 0 0 0 0
44 5321 32 59 16 107 8 103 5 157 0 0 0 0 0 0 0 0 0 0
44 5411 559 994 131 901 56 731 24 638 5 314 5 627 0 0 0 0 0 0
44 5412 304 517 95 596 37 487 17 537 10 683 0 0 0 0 0 0 0 0
44 5413 272 462 57 363 49 633 28 781 7 515 3 475 0 0 0 0 0 0
44 5414 92 141 18 103 5 61 3 84 0 0 0 0 0 0 0 0 0 0
44 5415 241 330 37 250 38 465 35 1174 8 549 4 595 4 1360 0 0 0 0
44 5416 406 576 42 273 28 359 18 504 9 597 3 371 0 0 0 0 0 0
44 5417 39 55 9 58 12 157 8 240 0 0 0 0 0 0 0 0 0 0
44 5418 75 120 14 98 9 123 6 151 3 207 0 0 0 0 0 0 0 0
44 5419 95 150 37 231 26 370 16 466 0 0 0 0 0 0 0 0 0 0
44 54194 25 49 23 141 22 312 13 373 0 0 0 0 0 0 0 0 0 0
44 55 50 92 17 112 24 356 29 939 12 744 13 2082 5 1597 6 4155 0 0
44 561 1221 1519 212 1402 116 1586 102 3103 51 3593 31 5370 7 2399 4 2511 0 0
44 5613 76 121 16 95 18 244 22 738 21 1599 21 3677 0 0 0 0 0 0
44 5614 51 81 17 116 7 94 3 75 0 0 0 0 0 0 0 0 0 0
44 5615 45 74 12 81 10 143 9 229 3 192 0 0 0 0 0 0 0 0
44 5616 52 87 16 97 10 132 9 259 3 199 4 554 3 946 0 0 0 0
44 5617 885 992 121 806 58 796 40 1221 18 1174 3 539 0 0 0 0 0 0
44 56173 634 606 59 387 17 210 7 212 6 362 0 0 0 0 0 0 0 0
44 562 60 99 22 157 21 312 8 215 0 0 0 0 0 0 0 0 0 0
44 611 197 311 66 440 48 645 60 1905 22 1410 17 2546 3 954 3 2682 6 19419
44 6111 9 26 10 57 9 129 42 1392 20 1268 16 2386 0 0 0 0 0 0
44 621 911 1835 471 3148 307 4169 193 5579 52 3642 32 4645 11 3685 0 0 0 0
44 6211 304 648 150 996 95 1278 76 2044 13 918 5 739 4 1353 0 0 0 0
44 6212 98 232 155 1061 95 1247 16 429 0 0 0 0 0 0 0 0 0 0
44 6213 380 704 130 855 54 744 19 494 5 357 3 337 0 0 0 0 0 0
44 62131 75 162 24 141 5 64 0 0 0 0 0 0 0 0 0 0 0 0
44 62132 32 62 27 180 12 161 3 75 0 0 0 0 0 0 0 0 0 0
44 6214 31 58 14 91 35 507 45 1376 14 987 8 1194 0 0 0 0 0 0
44 6216 15 23 0 0 6 88 24 836 16 1106 12 1641 5 1699 0 0 0 0
44 622 0 0 0 0 0 0 0 0 0 0 0 0 0 0 7 5819 7 19319
44 6222 0 0 0 0 0 0 0 0 0 0 0 0 0 0 7 5819 7 19319
44 623 36 86 100 728 158 2140 34 1090 52 3844 66 9676 8 2346 0 0 0 0
44 6231 3 1 0 0 0 0 5 197 25 1931 44 6586 6 1730 0 0 0 0
44 6241 105 187 39 260 46 621 47 1547 30 2057 17 2552 0 0 0 0 0 0
44 6242 22 42 15 101 14 180 9 244 0 0 0 0 0 0 0 0 0 0
44 6243 10 16 0 0 6 87 8 263 0 0 0 0 0 0 0 0 0 0
44 6244 83 150 60 424 85 1158 51 1410 8 554 0 0 0 0 0 0 0 0
44 711 77 98 18 119 6 87 8 223 0 0 0 0 3 930 0 0 0 0
44 7111 12 17 4 26 0 0 4 114 0 0 0 0 0 0 0 0 0 0
44 7112 6 8 0 0 0 0 0 0 0 0 0 0 0 0 0 0 0 0
44 7115 37 41 6 43 0 0 0 0 0 0 0 0 0 0 0 0 0 0
44 712 32 61 12 72 8 103 0 0 3 229 0 0 0 0 0 0 0 0
44 713 227 321 63 424 61 791 54 1685 18 1330 9 1477 0 0 0 0 0 0
44 71395 3 7 0 0 3 37 5 173 0 0 0 0 0 0 0 0 0 0
44 721 110 131 28 180 26 380 35 1129 16 1066 11 1925 0 0 0 0 0 0
44 7211 78 77 23 144 26 380 35 1129 16 1066 11 1925 0 0 0 0 0 0
44 722 968 1582 532 3593 636 8712 668 19870 135 8834 16 2090 0 0 0 0 0 0
44 7224 101 187 62 415 42 564 21 632 3 193 0 0 0 0 0 0 0 0
44 8111 398 791 167 1069 70 907 20 614 3 187 0 0 0 0 0 0 0 0
44 811192 29 60 11 76 10 131 0 0 0 0 0 0 0 0 0 0 0 0
44 8112 32 64 5 31 3 49 0 0 0 0 0 0 0 0 0 0 0 0
44 8113 31 62 11 66 5 75 3 98 0 0 0 0 0 0 0 0 0 0
44 8114 89 155 14 84 5 71 3 99 0 0 0 0 0 0 0 0 0 0
44 8121 409 635 127 845 60 764 10 303 0 0 0 0 0 0 0 0 0 0
44 812111 15 12 3 21 0 0 0 0 0 0 0 0 0 0 0 0 0 0
44 812112 283 438 90 621 37 460 0 0 0 0 0 0 0 0 0 0 0 0
44 8122 55 108 29 191 13 167 3 77 0 0 0 0 0 0 0 0 0 0
44 8123 94 220 40 258 13 152 8 247 0 0 0 0 0 0 0 0 0 0
44 8129 150 237 34 229 19 257 7 184 4 267 0 0 0 0 0 0 0 0
44 813 611 1242 256 1684 104 1339 54 1697 11 679 3 412 0 0 0 0 0 0
44 8131 264 600 145 950 38 475 23 777 0 0 0 0 0 0 0 0 0 0
44 8139 141 258 51 344 27 369 11 279 4 265 0 0 0 0 0 0 0 0
44 81393 51 94 27 183 20 275 8 199 0 0 0 0 0 0 0 0 0 0
44 814 1869 3514 683 4457 292 3781 108 3319 23 1463 7 972 0 0 0 0 0 0
45 111 302 572 119 778 72 957 29 893 6 410 3 326 0 0 0 0 0 0
45 112 302 572 119 778 72 957 29 893 6 410 3 326 0 0 0 0 0 0
45 113 155 335 87 567 55 713 22 684 0 0 0 0 0 0 0 0 0 0
45 1133 131 293 77 505 54 697 22 684 0 0 0 0 0 0 0 0 0 0
45 114 14 15 3 18 4 57 0 0 0 0 0 0 0 0 0 0 0 0
45 115 133 222 29 193 13 187 6 190 4 254 0 0 0 0 0 0 0 0
45 211 29 58 16 106 16 230 26 783 0 0 0 0 0 0 0 0 0 0
45 2121 20 42 13 85 14 209 26 783 0 0 0 0 0 0 0 0 0 0
45 2123 18 39 13 85 14 209 26 783 0 0 0 0 0 0 0 0 0 0
45 213 8 15 3 21 0 0 0 0 0 0 0 0 0 0 0 0 0 0
45 22 171 238 49 310 42 583 66 1926 31 2046 17 2285 0 0 0 0 0 0
45 221 171 238 49 310 42 583 66 1926 31 2046 17 2285 0 0 0 0 0 0
45 2211 128 168 38 238 31 424 60 1748 29 1910 16 2168 0 0 0 0 0 0
45 2212 4 3 5 31 0 0 0 0 0 0 0 0 0 0 0 0 0 0
45 2213 39 67 6 41 10 144 4 100 0 0 0 0 0 0 0 0 0 0
45 22132 7 6 0 0 0 0 0 0 0 0 0 0 0 0 0 0 0 0
45 23 6560 10820 1798 11853 1076 14564 696 20852 189 12573 77 10569 10 3057 0 0 3 4479
45 3 1222 2354 590 4004 569 7897 573 18291 348 24705 318 51641 148 51970 59 41726 24 47509
45 31 1222 2354 590 4004 569 7897 573 18291 348 24705 318 51641 148 51970 59 41726 24 47509
45 311 75 123 42 290 29 430 28 866 10 637 21 3376 7 2416 5 3794 4 5823
45 3113 3 7 0 0 0 0 0 0 0 0 0 0 0 0 0 0 0 0
45 3114 5 8 0 0 0 0 3 96 0 0 0 0 0 0 0 0 0 0
45 3116 14 19 8 56 5 84 4 137 0 0 4 596 0 0 3 2203 3 4813
45 3118 31 59 20 139 14 202 9 288 4 262 6 1052 0 0 0 0 0 0
45 311811 16 31 14 103 9 130 5 148 0 0 0 0 0 0 0 0 0 0
45 3121 31 57 21 143 16 210 13 402 0 0 0 0 0 0 0 0 0 0
45 3122 32 57 21 143 17 227 13 402 0 0 0 0 0 0 0 0 0 0
45 3131 3 4 0 0 0 0 3 93 4 260 6 1148 0 0 0 0 0 0
45 3132 4 7 3 18 6 82 19 632 8 578 21 3516 4 1231 0 0 0 0
45 3133 7 6 5 32 3 39 8 262 6 401 6 910 5 1715 0 0 0 0
45 314 43 90 21 134 17 253 11 392 5 417 10 1668 0 0 0 0 0 0
45 315 13 19 6 40 4 49 7 243 0 0 0 0 0 0 0 0 0 0
45 316 9 14 0 0 0 0 0 0 0 0 0 0 0 0 0 0 0 0
45 3162 9 14 0 0 0 0 0 0 0 0 0 0 0 0 0 0 0 0
45 3211 11 17 4 26 10 132 5 160 8 506 11 1902 0 0 0 0 0 0
45 3212 7 18 0 0 3 41 6 192 5 402 6 882 0 0 0 0 0 0
45 3219 38 58 28 188 35 483 27 955 10 710 5 732 0 0 0 0 0 0
45 32199 14 24 11 77 10 140 5 179 3 257 0 0 0 0 0 0 0 0
45 3221 0 0 0 0 0 0 0 0 3 220 4 570 0 0 4 3063 0 0
45 3222 9 13 3 26 0 0 18 538 21 1574 9 1251 5 1887 0 0 0 0
45 32221 4 2 0 0 0 0 8 262 17 1281 4 535 3 940 0 0 0 0
45 3231 127 265 69 447 45 589 32 1020 9 564 3 403 4 1630 0 0 0 0
45 3241 15 29 7 49 0 0 0 0 0 0 0 0 0 0 0 0 0 0
45 32411 15 29 7 49 0 0 0 0 0 0 0 0 0 0 0 0 0 0
45 325 42 89 26 183 29 391 47 1530 40 2951 33 5474 19 6571 8 5330 0 0
45 3252 3 6 3 24 0 0 9 301 8 581 12 2045 4 1294 5 3667 0 0
45 3253 5 7 0 0 0 0 5 146 0 0 0 0 0 0 0 0 0 0
45 3254 5 12 4 24 3 41 0 0 5 377 5 797 9 3174 0 0 0 0
45 3255 3 7 3 22 5 61 6 220 9 712 0 0 0 0 0 0 0 0
45 3256 7 11 6 41 5 69 5 156 6 418 0 0 3 1036 0 0 0 0
45 3261 24 50 12 76 13 171 35 1146 31 2326 30 4779 13 4775 3 2071 0 0
45 3262 5 13 0 0 10 134 4 110 3 183 4 613 0 0 3 2469 3 3928
45 32621 0 0 0 0 0 0 3 85 0 0 0 0 0 0 0 0 3 3928
45 327 54 128 54 371 70 979 52 1604 20 1396 12 1949 0 0 0 0 0 0
45 32711 5 12 0 0 0 0 0 0 0 0 0 0 0 0 0 0 0 0
45 327120 0 0 0 0 0 0 0 0 3 201 0 0 0 0 0 0 0 0
45 3272 5 9 4 19 0 0 4 167 5 373 5 844 0 0 0 0 0 0
45 3279 8 10 5 34 9 113 11 335 3 215 0 0 0 0 0 0 0 0
45 331 10 22 7 60 15 190 7 242 10 700 11 1991 5 1748 0 0 0 0
45 3314 0 0 3 24 0 0 0 0 0 0 0 0 0 0 0 0 0 0
45 3315 0 0 0 0 5 57 0 0 0 0 0 0 0 0 0 0 0 0
45 332 248 495 126 856 126 1788 111 3337 58 4134 32 5028 18 6835 4 2942 0 0
45 3321 0 0 3 19 5 85 0 0 5 331 0 0 0 0 0 0 0 0
45 3322 4 7 0 0 0 0 0 0 0 0 0 0 0 0 0 0 0 0
45 3327 143 281 63 424 58 798 39 1182 13 931 6 759 0 0 0 0 0 0
45 3328 19 43 11 75 12 171 18 558 5 341 0 0 0 0 0 0 0 0
45 33299 23 42 12 92 8 112 7 192 8 591 7 1241 6 2422 3 2151 0 0
45 333 91 182 42 297 35 504 45 1473 40 2855 26 4303 14 4625 7 4595 0 0
45 3331 7 16 4 26 0 0 4 139 3 209 4 609 0 0 0 0 0 0
45 33311 3 8 4 26 0 0 0 0 0 0 0 0 0 0 0 0 0 0
45 3333 9 13 0 0 3 46 0 0 4 282 0 0 0 0 0 0 0 0
45 3335 25 56 11 69 11 153 16 509 11 843 0 0 3 960 0 0 0 0
45 3336 5 7 0 0 4 60 0 0 7 514 7 1091 3 881 0 0 0 0
45 334 36 66 4 24 6 87 11 411 7 498 7 1057 5 1932 0 0 0 0
45 3341 5 10 0 0 0 0 0 0 0 0 0 0 0 0 0 0 0 0
45 3345 20 35 0 0 0 0 7 293 4 285 0 0 0 0 0 0 0 0
45 335 22 42 5 32 10 133 9 259 5 317 8 1330 9 2943 7 4538 0 0
45 336 38 64 20 142 20 269 24 812 30 1983 34 5701 21 6783 9 6441 11 28997
45 33641 7 9 3 23 0 0 0 0 3 157 4 566 0 0 0 0 0 0
45 3366 14 15 0 0 4 43 0 0 0 0 8 1527 3 1000 0 0 0 0
45 3369 4 8 0 0 0 0 0 0 4 275 0 0 0 0 0 0 0 0
45 337 95 188 36 240 22 299 17 566 4 264 6 1031 0 0 0 0 0 0
45 3391 52 102 9 51 13 184 7 240 0 0 3 437 0 0 0 0 0 0
45 3399 110 186 33 224 26 360 21 616 6 463 8 1163 0 0 0 0 0 0
45 4 7317 14211 4725 31839 3016 39875 1630 47127 573 38458 380 55649 74 21597 0 0 0 0
45 42 2381 4302 1005 6682 761 10436 499 14992 164 11037 71 11123 17 5817 15 10170 0 0
45 4231 114 195 66 445 55 781 40 1131 15 937 6 830 0 0 0 0 0 0
45 4232 61 118 26 157 20 277 18 541 6 376 0 0 0 0 0 0 0 0
45 4233 92 146 69 476 70 971 39 1084 16 1086 0 0 0 0 0 0 0 0
45 4234 264 509 68 446 60 795 35 1155 15 1114 3 580 0 0 3 1923 0 0
45 4235 47 104 22 145 26 376 15 504 4 265 5 796 0 0 0 0 0 0
45 4236 156 287 81 586 62 908 36 1088 9 628 5 996 0 0 0 0 0 0
45 4237 145 323 94 612 54 692 20 544 8 567 0 0 0 0 0 0 0 0
45 4238 331 682 202 1332 152 2085 117 3382 19 1303 8 1061 0 0 0 0 0 0
45 4239 201 338 69 452 61 809 35 1159 14 898 5 827 0 0 0 0 0 0
45 42393 49 98 30 195 19 261 25 840 7 451 0 0 0 0 0 0 0 0
45 424 626 1137 279 1857 183 2485 131 4062 54 3627 32 4991 7 2542 9 6039 0 0
45 4241 57 107 20 127 13 165 14 434 7 505 0 0 0 0 0 0 0 0
45 4243 70 111 26 171 9 128 11 330 6 441 4 494 0 0 0 0 0 0
45 4244 152 263 45 294 29 402 39 1187 18 1089 10 1704 3 1167 6 4332 0 0
45 4245 23 44 4 24 3 41 0 0 0 0 0 0 0 0 0 0 0 0
45 4247 29 69 29 175 31 394 12 341 0 0 0 0 0 0 0 0 0 0
45 4248 21 45 8 59 7 87 6 168 11 801 8 1127 0 0 0 0 0 0
45 4249 169 305 76 533 46 605 14 440 4 289 0 0 0 0 0 0 0 0
45 42491 38 67 31 227 14 194 7 220 0 0 0 0 0 0 0 0 0 0
45 4251 344 463 29 174 18 257 13 342 4 236 0 0 0 0 0 0 0 0
45 4411 407 733 103 653 63 891 114 3744 99 6908 49 6507 0 0 0 0 0 0
45 4412 125 232 59 388 56 742 31 912 9 532 0 0 0 0 0 0 0 0
45 4413 299 580 305 2240 384 4985 52 1554 0 0 0 0 0 0 0 0 0 0
45 442 410 768 231 1584 182 2448 78 2236 3 187 0 0 0 0 0 0 0 0
45 443141 48 106 29 196 15 189 7 175 0 0 0 0 0 0 0 0 0 0
45 443142 86 189 93 595 27 354 4 124 11 790 3 347 0 0 0 0 0 0
45 4441 349 707 241 1576 157 2118 75 2068 8 515 79 13981 0 0 0 0 0 0
45 44413 119 233 69 463 64 902 31 726 0 0 0 0 0 0 0 0 0 0
45 4442 131 282 64 420 69 890 23 708 0 0 0 0 0 0 0 0 0 0
45 44511 172 330 59 398 78 1120 113 3796 279 18773 155 20538 0 0 0 0 0 0
45 44512 404 704 48 300 15 187 0 0 0 0 0 0 0 0 0 0 0 0
45 4452 143 278 64 437 36 517 16 468 0 0 0 0 0 0 0 0 0 0
45 4453 372 623 57 368 28 383 8 258 0 0 0 0 0 0 0 0 0 0
45 446 574 1141 403 2668 233 3279 312 7800 5 294 0 0 0 0 0 0 0 0
45 44611 99 254 180 1298 150 2156 287 6849 0 0 0 0 0 0 0 0 0 0
45 447 1026 2175 881 6000 544 6910 165 4336 17 1040 0 0 0 0 0 0 0 0
45 4481 570 1249 469 3294 388 4954 213 6790 62 3812 4 556 0 0 0 0 0 0
45 44821 87 177 152 1077 128 1600 21 550 0 0 0 0 0 0 0 0 0 0
45 4483 140 292 81 548 43 510 6 130 0 0 0 0 0 0 0 0 0 0
45 4511 238 439 109 720 58 749 84 2792 14 950 3 493 0 0 0 0 0 0
45 45113 31 69 13 86 9 108 5 142 0 0 0 0 0 0 0 0 0 0
45 45114 33 60 12 74 4 48 5 117 0 0 0 0 0 0 0 0 0 0
45 45121 43 82 30 202 16 199 12 355 0 0 0 0 0 0 0 0 0 0
45 45221 0 0 0 0 0 0 13 584 38 2620 23 2906 0 0 0 0 0 0
45 4523 154 323 675 4445 202 2726 129 3604 8 711 54 8961 67 19485 0 0 0 0
45 4531 119 232 38 231 8 99 4 100 0 0 0 0 0 0 0 0 0 0
45 45321 31 57 11 71 28 443 13 316 0 0 0 0 0 0 0 0 0 0
45 45322 183 376 104 697 32 410 12 346 0 0 0 0 0 0 0 0 0 0
45 4533 148 303 81 529 62 941 52 1339 0 0 0 0 0 0 0 0 0 0
45 4539 486 923 180 1154 77 1023 39 1074 0 0 0 0 0 0 0 0 0 0
45 454110 270 436 46 307 39 566 13 407 6 428 4 622 3 866 0 0 0 0
45 4542 33 50 10 78 3 56 5 142 3 209 0 0 0 0 0 0 0 0
45 454310 46 98 50 332 22 279 8 210 0 0 0 0 0 0 0 0 0 0
45 45439 223 326 52 331 23 307 6 166 0 0 0 0 0 0 0 0 0 0
45 481 18 22 6 37 8 118 8 264 6 415 3 448 0 0 0 0 0 0
45 482 1593 2444 379 2489 346 4772 308 9295 127 8881 85 12965 33 11152 19 13113 6 8809
45 483 5 3 0 0 0 0 0 0 0 0 0 0 0 0 0 0 0 0
45 484 907 1272 177 1135 182 2504 160 4843 56 3752 34 4899 6 1783 0 0 0 0
45 485 92 141 19 128 25 328 26 795 5 370 0 0 0 0 0 0 0 0
45 4853 36 50 4 25 6 71 4 136 0 0 0 0 0 0 0 0 0 0
45 486 13 28 3 23 0 0 0 0 0 0 0 0 0 0 0 0 0 0
45 487 45 53 7 47 5 65 6 166 3 228 0 0 0 0 0 0 0 0
45 488 353 662 99 662 61 856 57 1702 16 1165 10 1520 4 1434 0 0 0 0
45 492 76 93 20 143 20 272 18 570 8 584 18 2920 9 3229 3 2300 0 0
45 493 84 170 47 305 43 604 31 894 33 2367 18 2802 14 4706 12 8136 3 3444
45 5111 115 193 37 263 17 243 19 637 3 239 3 542 0 0 0 0 0 0
45 51111 55 103 21 148 11 158 15 514 0 0 3 542 0 0 0 0 0 0
45 5112 57 86 17 111 14 200 14 454 7 486 5 566 0 0 0 0 0 0
45 5121 75 106 10 63 12 164 27 846 7 368 0 0 0 0 0 0 0 0
45 5122 16 20 0 0 0 0 0 0 0 0 0 0 0 0 0 0 0 0
45 515 49 88 12 92 20 278 15 494 12 887 5 613 0 0 0 0 0 0
45 517 431 883 168 1174 132 1718 81 2562 18 1301 17 2847 6 2018 4 2482 4 4764
45 517311 214 414 73 512 47 691 53 1803 17 1218 14 2425 5 1682 4 2482 0 0
45 5182 101 155 20 123 20 280 17 446 5 322 8 1142 0 0 0 0 0 0
45 5191 78 97 10 71 12 171 7 177 0 0 0 0 0 0 0 0 0 0
45 51912 5 13 3 23 5 77 4 97 0 0 0 0 0 0 0 0 0 0
45 51913 44 53 4 27 6 80 3 80 0 0 0 0 0 0 0 0 0 0
45 52 4968 9491 1620 10430 649 8426 271 7634 70 4764 38 5696 16 5515 10 7159 6 16477
45 522 2167 4686 1046 6870 437 5633 161 4655 35 2359 21 3051 11 3887 9 6298 0 0
45 5221 445 1073 775 5218 364 4690 121 3424 30 2028 17 2559 7 2600 7 4845 0 0
45 5241 227 370 42 261 36 468 27 756 13 824 11 1862 3 979 0 0 4 11382
45 5242 1550 2789 410 2552 135 1767 57 1541 16 1132 6 783 0 0 0 0 0 0
45 53 5042 6846 838 5254 328 4218 134 3776 39 2601 20 2832 7 2406 0 0 0 0
45 531 4622 6086 585 3631 199 2577 87 2507 26 1691 17 2509 5 1704 0 0 0 0
45 5313 1194 1634 258 1544 83 1118 43 1239 12 757 10 1464 3 1075 0 0 0 0
45 532 408 744 250 1607 126 1597 46 1248 12 805 3 323 0 0 0 0 0 0
45 5321 88 172 61 380 56 728 20 573 7 495 0 0 0 0 0 0 0 0
45 5411 1864 3552 472 3077 178 2333 96 2793 30 2038 3 517 0 0 0 0 0 0
45 5412 1126 1977 331 2231 170 2194 60 1757 17 1116 4 601 3 843 0 0 0 0
45 5413 1006 1655 248 1641 172 2260 131 3865 42 3030 28 4041 9 3258 3 2185 3 4161
45 5414 361 529 27 170 13 175 6 212 0 0 0 0 0 0 0 0 0 0
45 5415 840 1205 143 953 85 1104 58 1760 26 1846 20 3146 3 1025 0 0 0 0
45 5416 1627 1910 138 907 93 1246 64 1967 21 1504 17 2407 4 1415 0 0 4 8770
45 5417 77 124 24 151 19 249 4 124 4 263 4 583 0 0 0 0 0 0
45 5418 329 510 65 423 29 391 22 724 7 518 0 0 0 0 0 0 0 0
45 5419 591 768 175 1166 182 2515 101 2884 6 405 0 0 0 0 0 0 0 0
45 54194 108 203 118 797 152 2105 88 2516 0 0 0 0 0 0 0 0 0 0
45 55 250 434 87 607 89 1200 84 2648 49 3313 41 6005 11 4066 10 7143 3 5388
45 561 3358 5561 959 6413 597 8206 492 15337 201 14022 158 25197 50 16781 45 31331 20 149911
45 5613 300 393 60 381 65 882 107 3486 93 6542 104 16771 40 13449 29 20843 11 132789
45 5614 207 327 61 392 26 357 20 632 9 677 13 2353 5 1602 5 3342 0 0
45 5615 118 187 37 246 14 194 8 250 3 218 0 0 0 0 0 0 0 0
45 5616 169 250 39 275 44 600 43 1465 16 1212 10 1521 0 0 6 3650 0 0
45 5617 2142 3733 643 4329 369 5068 252 7561 54 3714 19 2728 4 1320 5 3496 0 0
45 56173 1137 1962 294 1915 164 2296 98 2891 26 1734 0 0 0 0 0 0 0 0
45 562 192 344 77 522 76 1023 52 1525 21 1520 6 762 0 0 0 0 0 0
45 611 589 915 193 1293 200 2782 177 5393 69 4642 29 4443 4 1704 9 6223 3 4239
45 6111 46 69 30 210 52 761 120 3828 53 3491 22 3382 0 0 0 0 0 0
45 621 3672 6470 1881 12609 1301 17601 729 21474 192 12843 67 10028 10 3371 0 0 3 4487
45 6211 1264 1973 513 3402 391 5290 261 7933 79 5170 25 4041 4 1278 0 0 3 4487
45 6212 528 1083 711 4885 377 4818 75 1945 3 168 0 0 0 0 0 0 0 0
45 6213 1370 2579 428 2788 182 2450 64 1711 5 326 0 0 0 0 0 0 0 0
45 62131 436 888 115 716 24 287 3 76 0 0 0 0 0 0 0 0 0 0
45 62132 176 354 104 688 27 376 7 183 0 0 0 0 0 0 0 0 0 0
45 6214 183 325 126 805 185 2632 131 3657 19 1226 7 1080 0 0 0 0 0 0
45 6216 139 180 56 407 111 1596 139 4416 62 4316 25 3371 3 952 0 0 0 0
45 622 4 5 0 0 0 0 3 116 0 0 23 4101 21 6965 15 10054 23 57621
45 6222 0 0 0 0 0 0 0 0 0 0 5 874 4 1277 0 0 0 0
45 623 199 450 193 1330 151 2070 206 6895 97 6776 147 21945 14 4812 0 0 0 0
45 6231 23 40 11 77 5 70 29 977 43 3325 104 15067 4 1168 0 0 0 0
45 6241 435 749 168 1122 167 2216 149 4915 71 4833 25 3768 4 1580 0 0 0 0
45 6242 78 168 36 256 42 585 20 545 5 344 0 0 0 0 0 0 0 0
45 6243 36 64 7 51 9 136 12 413 4 238 3 467 0 0 0 0 0 0
45 6244 241 439 186 1275 274 3884 191 5479 22 1373 3 531 0 0 0 0 0 0
45 711 324 412 45 279 26 343 26 858 9 571 11 1574 0 0 0 0 0 0
45 7111 53 83 16 101 10 144 7 230 0 0 4 566 0 0 0 0 0 0
45 7112 43 52 7 43 6 81 8 286 4 202 0 0 0 0 0 0 0 0
45 7115 136 144 7 40 3 45 0 0 0 0 0 0 0 0 0 0 0 0
45 712 49 107 16 107 10 123 13 371 5 331 4 641 0 0 0 0 0 0
45 713 499 795 211 1448 213 2909 200 6305 88 6210 43 5887 3 815 0 0 0 0
45 71395 0 0 0 0 10 146 11 347 0 0 4 551 0 0 0 0 0 0
45 721 362 614 167 1127 298 4221 308 9220 62 4285 53 8113 5 1601 3 1887 0 0
45 7211 307 508 146 982 284 4045 297 8887 59 4081 52 7991 4 1223 3 1887 0 0
45 722 2425 3859 1568 10864 2095 30197 2813 86612 822 54439 140 18062 4 1354 3 1648 0 0
45 7224 166 279 89 611 59 831 40 1232 14 975 0 0 0 0 0 0 0 0
45 8111 1239 2415 574 3772 271 3563 86 2362 11 729 5 762 0 0 0 0 0 0
45 811192 112 165 53 362 41 574 39 1055 3 179 0 0 0 0 0 0 0 0
45 8112 125 216 28 177 14 183 8 222 0 0 3 418 0 0 0 0 0 0
45 8113 234 449 79 529 38 525 20 638 10 617 0 0 0 0 0 0 0 0
45 8114 289 442 45 295 13 170 3 74 0 0 0 0 0 0 0 0 0 0
45 8121 988 1472 353 2381 134 1784 45 1349 5 351 0 0 0 0 0 0 0 0
45 812111 57 64 9 63 5 61 3 103 0 0 0 0 0 0 0 0 0 0
45 812112 556 839 202 1409 91 1228 13 426 4 254 0 0 0 0 0 0 0 0
45 8122 137 271 103 698 75 951 21 544 5 279 0 0 0 0 0 0 0 0
45 8123 218 431 75 495 53 708 32 901 10 711 8 1140 0 0 0 0 0 0
45 8129 454 652 109 708 63 851 32 819 3 157 0 0 0 0 0 0 0 0
45 813 3433 6868 1276 8255 516 6824 358 10790 84 5519 36 5053 5 1434 0 0 0 0
45 8131 2617 5487 1049 6742 403 5302 268 8075 68 4362 24 3461 3 882 0 0 0 0
45 8139 334 575 101 664 41 558 44 1310 8 591 9 1154 0 0 0 0 0 0
45 81393 34 66 28 182 10 123 0 0 0 0 0 0 0 0 0 0 0 0
45 814 7117 13216 2642 17310 1177 15559 605 17699 130 8463 55 7736 8 2426 0 0 0 0
46 111 120 155 19 121 6 84 0 0 0 0 0 0 0 0 0 0 0 0
46 112 120 155 19 121 6 84 0 0 0 0 0 0 0 0 0 0 0 0
46 113 26 43 5 34 0 0 0 0 0 0 0 0 0 0 0 0 0 0
46 1133 26 43 5 34 0 0 0 0 0 0 0 0 0 0 0 0 0 0
46 114 7 15 0 0 0 0 0 0 0 0 0 0 0 0 0 0 0 0
46 115 87 97 13 81 6 84 0 0 0 0 0 0 0 0 0 0 0 0
46 2121 24 38 9 55 5 64 5 150 0 0 3 504 0 0 0 0 0 0
46 2122 24 38 9 55 5 64 5 150 0 0 3 504 0 0 0 0 0 0
46 2123 23 37 9 55 5 64 5 150 0 0 0 0 0 0 0 0 0 0
46 213 8 14 0 0 0 0 0 0 0 0 0 0 0 0 0 0 0 0
46 22 73 159 25 175 29 413 23 671 5 351 0 0 0 0 0 0 0 0
46 221 73 159 25 175 29 413 23 671 5 351 0 0 0 0 0 0 0 0
46 2211 53 125 15 107 20 287 20 570 5 351 0 0 0 0 0 0 0 0
46 2212 9 14 0 0 3 40 0 0 0 0 0 0 0 0 0 0 0 0
46 2213 11 20 10 68 6 86 0 0 0 0 0 0 0 0 0 0 0 0
46 22132 11 20 10 68 6 86 0 0 0 0 0 0 0 0 0 0 0 0
46 23 2379 3849 535 3499 259 3474 152 4569 25 1914 18 2481 0 0 0 0 0 0
46 3 371 646 159 1025 160 2165 156 4940 83 5927 45 7178 37 12558 7 5025 4 7286
46 31 371 646 159 1025 160 2165 156 4940 83 5927 45 7178 37 12558 7 5025 4 7286
46 311 39 79 22 145 24 321 20 568 4 254 4 586 6 1784 3 2342 0 0
46 3114 39 79 22 145 24 321 20 568 4 254 4 586 6 1784 3 2342 0 0
46 3115 0 0 0 0 0 0 3 102 0 0 0 0 3 902 0 0 0 0
46 3116 15 36 10 61 7 95 3 74 0 0 0 0 0 0 0 0 0 0
46 3118 8 12 5 35 0 0 0 0 0 0 0 0 0 0 0 0 0 0
46 311811 4 7 5 35 0 0 0 0 0 0 0 0 0 0 0 0 0 0
46 3121 13 18 8 53 6 80 0 0 0 0 0 0 0 0 0 0 0 0
46 3122 13 18 8 53 6 80 0 0 0 0 0 0 0 0 0 0 0 0
46 314 12 18 0 0 0 0 0 0 0 0 0 0 0 0 0 0 0 0
46 31411 12 18 0 0 0 0 0 0 0 0 0 0 0 0 0 0 0 0
46 315 4 2 0 0 0 0 0 0 0 0 0 0 0 0 0 0 0 0
46 316 4 2 0 0 0 0 0 0 0 0 0 0 0 0 0 0 0 0
46 3162 4 2 0 0 0 0 0 0 0 0 0 0 0 0 0 0 0 0
46 3211 6 9 0 0 3 40 3 82 0 0 0 0 0 0 0 0 0 0
46 3212 0 0 0 0 0 0 4 147 0 0 0 0 0 0 0 0 0 0
46 3219 17 31 3 19 8 111 6 186 3 242 0 0 0 0 0 0 0 0
46 32199 8 12 0 0 4 65 4 132 0 0 0 0 0 0 0 0 0 0
46 3221 0 0 0 0 0 0 3 78 0 0 4 559 0 0 0 0 0 0
46 3222 0 0 0 0 0 0 3 78 0 0 4 559 0 0 0 0 0 0
46 32221 0 0 0 0 0 0 3 78 0 0 4 559 0 0 0 0 0 0
46 3231 33 51 22 141 15 228 6 192 0 0 0 0 0 0 0 0 0 0
46 325 9 15 5 30 4 66 8 296 9 580 3 378 0 0 0 0 0 0
46 3252 9 15 5 30 4 66 8 296 9 580 3 378 0 0 0 0 0 0
46 3253 5 6 0 0 0 0 0 0 0 0 0 0 0 0 0 0 0 0
46 3255 9 15 5 30 4 66 8 296 9 580 3 378 0 0 0 0 0 0
46 3261 8 15 7 50 5 72 12 391 6 480 0 0 0 0 0 0 0 0
46 3262 0 0 3 23 0 0 0 0 0 0 0 0 0 0 0 0 0 0
46 32621 0 0 3 23 0 0 0 0 0 0 0 0 0 0 0 0 0 0
46 327 33 64 17 103 17 228 10 258 4 286 0 0 0 0 0 0 0 0
46 32711 3 5 0 0 0 0 0 0 0 0 0 0 0 0 0 0 0 0
46 327120 3 5 0 0 0 0 0 0 0 0 0 0 0 0 0 0 0 0
46 3272 33 64 17 103 17 228 10 258 4 286 0 0 0 0 0 0 0 0
46 3279 4 9 6 43 0 0 0 0 0 0 0 0 0 0 0 0 0 0
46 332 77 136 28 185 30 369 26 855 18 1343 4 771 3 946 0 0 0 0
46 3327 36 71 12 81 9 109 9 271 0 0 0 0 0 0 0 0 0 0
46 3328 3 3 0 0 0 0 0 0 0 0 0 0 0 0 0 0 0 0
46 33299 7 17 4 21 5 61 0 0 6 449 0 0 0 0 0 0 0 0
46 333 24 48 15 92 16 238 26 816 12 830 8 1365 9 2998 0 0 0 0
46 3331 11 21 8 45 8 135 7 208 5 318 3 462 4 1251 0 0 0 0
46 33311 8 13 7 40 4 59 6 180 3 215 0 0 0 0 0 0 0 0
46 3333 24 48 15 92 16 238 26 816 12 830 8 1365 9 2998 0 0 0 0
46 3335 0 0 0 0 4 45 6 209 0 0 0 0 0 0 0 0 0 0
46 334 6 10 0 0 0 0 4 124 5 315 0 0 3 1102 0 0 0 0
46 3341 6 10 0 0 0 0 4 124 5 315 0 0 3 1102 0 0 0 0
46 335 5 8 0 0 4 48 0 0 0 0 3 510 0 0 0 0 0 0
46 3352 5 8 0 0 4 48 0 0 0 0 3 510 0 0 0 0 0 0
46 336 10 19 4 25 10 130 7 247 4 292 4 545 5 1855 0 0 0 0
46 33641 10 19 4 25 10 130 7 247 4 292 4 545 5 1855 0 0 0 0
46 3365 10 19 4 25 10 130 7 247 4 292 4 545 5 1855 0 0 0 0
46 3366 10 19 4 25 10 130 7 247 4 292 4 545 5 1855 0 0 0 0
46 337 24 37 5 32 7 89 10 278 4 286 3 365 0 0 0 0 0 0
46 3391 17 29 5 33 0 0 3 126 0 0 0 0 0 0 0 0 0 0
46 3399 24 44 8 49 4 56 0 0 6 438 0 0 0 0 0 0 0 0
46 4 1497 2964 1043 7016 729 9761 378 10819 82 5671 49 7450 20 6664 4 2196 0 0
46 42 714 1351 298 1991 242 3320 206 6056 52 3340 17 2288 0 0 0 0 0 0
46 4231 36 67 20 133 23 296 17 537 6 320 0 0 0 0 0 0 0 0
46 4232 8 23 4 29 3 44 3 91 0 0 0 0 0 0 0 0 0 0
46 4233 28 63 9 54 10 131 11 310 0 0 0 0 0 0 0 0 0 0
46 4234 48 88 14 92 15 211 11 323 0 0 0 0 0 0 0 0 0 0
46 4235 4 4 3 15 0 0 0 0 0 0 0 0 0 0 0 0 0 0
46 4236 34 78 9 55 11 161 10 267 0 0 3 397 0 0 0 0 0 0
46 4237 25 45 23 158 17 204 9 241 0 0 0 0 0 0 0 0 0 0
46 4238 91 156 50 307 46 624 52 1526 6 436 0 0 0 0 0 0 0 0
46 4239 42 70 9 69 10 126 5 166 0 0 0 0 0 0 0 0 0 0
46 42393 8 12 3 20 4 52 3 90 0 0 0 0 0 0 0 0 0 0
46 424 335 657 152 1048 102 1463 71 2025 28 1892 8 1091 0 0 0 0 0 0
46 4241 16 28 0 0 5 61 0 0 0 0 0 0 0 0 0 0 0 0
46 4243 6 4 0 0 0 0 0 0 0 0 0 0 0 0 0 0 0 0
46 4244 53 104 11 81 6 92 7 216 9 647 0 0 0 0 0 0 0 0
46 4245 60 144 43 290 28 401 31 865 4 223 0 0 0 0 0 0 0 0
46 4247 20 37 11 75 4 44 5 133 0 0 0 0 0 0 0 0 0 0
46 4248 0 0 0 0 4 62 3 90 4 279 3 299 0 0 0 0 0 0
46 4249 158 292 65 458 49 710 21 588 6 401 3 423 0 0 0 0 0 0
46 42491 126 238 60 423 46 670 17 498 0 0 0 0 0 0 0 0 0 0
46 4251 63 100 5 31 3 40 15 502 6 339 0 0 0 0 0 0 0 0
46 4411 79 151 26 164 33 422 45 1330 16 998 12 1702 0 0 0 0 0 0
46 4412 36 67 26 190 20 257 12 348 0 0 0 0 0 0 0 0 0 0
46 4413 88 181 68 501 53 746 14 365 3 187 0 0 0 0 0 0 0 0
46 442 75 179 46 304 31 444 10 310 0 0 0 0 0 0 0 0 0 0
46 443141 17 32 16 100 7 103 0 0 0 0 0 0 0 0 0 0 0 0
46 443142 37 97 21 140 6 82 0 0 0 0 0 0 0 0 0 0 0 0
46 4441 124 279 90 587 51 670 23 651 3 198 11 1589 0 0 0 0 0 0
46 44413 40 84 29 184 24 323 9 259 0 0 0 0 0 0 0 0 0 0
46 4442 43 77 32 228 25 321 10 306 0 0 0 0 0 0 0 0 0 0
46 44511 38 76 27 178 49 717 41 1359 23 1605 9 1296 7 2897 0 0 0 0
46 44512 9 9 5 33 0 0 0 0 0 0 0 0 0 0 0 0 0 0
46 4452 23 43 23 158 15 209 3 101 0 0 0 0 0 0 0 0 0 0
46 4453 32 82 25 162 9 111 0 0 0 0 0 0 0 0 0 0 0 0
46 446 87 174 58 376 42 513 31 840 0 0 0 0 0 0 0 0 0 0
46 44611 28 56 35 229 28 350 27 718 0 0 0 0 0 0 0 0 0 0
46 447 123 280 191 1351 202 2687 91 2338 0 0 0 0 0 0 0 0 0 0
46 4481 113 214 84 569 44 564 30 875 0 0 0 0 0 0 0 0 0 0
46 44821 22 61 26 162 10 139 0 0 0 0 0 0 0 0 0 0 0 0
46 4483 14 41 20 128 7 82 0 0 0 0 0 0 0 0 0 0 0 0
46 4511 68 148 42 269 18 250 12 329 0 0 3 444 0 0 0 0 0 0
46 45113 9 28 0 0 0 0 0 0 0 0 0 0 0 0 0 0 0 0
46 45114 6 19 3 21 3 34 0 0 0 0 0 0 0 0 0 0 0 0
46 45121 7 14 0 0 3 37 0 0 0 0 0 0 0 0 0 0 0 0
46 45221 0 0 0 0 0 0 0 0 14 1072 0 0 0 0 0 0 0 0
46 4523 25 49 68 431 32 463 23 696 6 412 11 2021 11 3285 0 0 0 0
46 4531 40 75 21 127 4 51 0 0 0 0 0 0 0 0 0 0 0 0
46 45321 0 0 3 18 5 72 0 0 0 0 0 0 0 0 0 0 0 0
46 45322 66 96 16 115 10 118 0 0 0 0 0 0 0 0 0 0 0 0
46 4533 50 95 22 164 9 109 9 259 0 0 0 0 0 0 0 0 0 0
46 4539 97 165 38 245 16 187 6 171 0 0 0 0 0 0 0 0 0 0
46 454110 71 90 16 113 11 155 5 154 0 0 0 0 0 0 0 0 0 0
46 4542 5 12 3 20 0 0 0 0 0 0 0 0 0 0 0 0 0 0
46 454310 24 66 17 107 3 39 0 0 0 0 0 0 0 0 0 0 0 0
46 45439 82 110 11 65 12 187 4 95 0 0 0 0 0 0 0 0 0 0
46 481 14 19 4 26 3 34 3 74 0 0 0 0 0 0 0 0 0 0
46 482 854 1254 165 1100 135 1827 82 2389 27 1757 10 1594 0 0 0 0 0 0
46 483 854 1254 165 1100 135 1827 82 2389 27 1757 10 1594 0 0 0 0 0 0
46 484 699 1020 103 702 78 1049 39 1119 10 604 3 459 0 0 0 0 0 0
46 485 32 45 9 52 15 202 12 362 5 392 0 0 0 0 0 0 0 0
46 4853 13 14 0 0 4 49 0 0 0 0 0 0 0 0 0 0 0 0
46 486 6 8 8 54 0 0 0 0 0 0 0 0 0 0 0 0 0 0
46 487 11 12 0 0 0 0 0 0 0 0 0 0 0 0 0 0 0 0
46 488 61 99 26 174 18 248 8 178 0 0 0 0 0 0 0 0 0 0
46 492 13 20 9 54 15 208 15 487 5 339 0 0 0 0 0 0 0 0
46 493 18 31 6 38 4 52 4 135 4 256 3 481 0 0 0 0 0 0
46 5111 56 134 22 135 13 166 11 335 3 166 0 0 0 0 0 0 0 0
46 51111 38 93 15 90 8 106 10 310 0 0 0 0 0 0 0 0 0 0
46 5112 11 18 0 0 4 44 0 0 0 0 0 0 0 0 0 0 0 0
46 5121 28 30 7 53 9 133 8 233 0 0 0 0 0 0 0 0 0 0
46 5122 30 33 7 53 9 133 8 233 0 0 0 0 0 0 0 0 0 0
46 515 19 31 11 72 13 179 12 386 5 335 0 0 0 0 0 0 0 0
46 517 89 193 32 227 29 391 14 422 4 288 4 642 0 0 0 0 0 0
46 517311 57 114 13 90 16 228 9 306 4 288 3 523 0 0 0 0 0 0
46 5182 26 50 6 37 4 47 4 121 0 0 0 0 0 0 0 0 0 0
46 5191 15 16 0 0 0 0 0 0 0 0 0 0 0 0 0 0 0 0
46 51912 15 16 0 0 0 0 0 0 0 0 0 0 0 0 0 0 0 0
46 51913 11 12 0 0 0 0 0 0 0 0 0 0 0 0 0 0 0 0
46 52 1218 2326 388 2557 193 2551 105 3116 24 1646 31 4857 8 3101 5 3643 0 0
46 522 247 626 204 1367 149 1989 67 2006 14 995 20 3283 6 2314 4 2931 0 0
46 5221 155 439 182 1217 126 1657 55 1635 10 733 13 2191 0 0 0 0 0 0
46 5241 70 121 23 161 10 111 10 291 9 604 7 1001 0 0 0 0 0 0
46 5242 603 1067 119 761 22 282 18 512 0 0 3 427 0 0 0 0 0 0
46 53 961 1384 131 841 56 717 18 501 5 282 3 466 0 0 0 0 0 0
46 531 878 1250 90 577 39 471 13 368 4 229 0 0 0 0 0 0 0 0
46 5313 148 229 23 166 20 254 8 256 4 229 0 0 0 0 0 0 0 0
46 532 78 130 39 250 16 231 4 99 0 0 0 0 0 0 0 0 0 0
46 5321 24 36 14 93 4 56 0 0 0 0 0 0 0 0 0 0 0 0
46 5411 322 609 80 520 24 337 11 314 0 0 0 0 0 0 0 0 0 0
46 5412 177 298 64 435 35 441 19 508 3 222 3 346 0 0 0 0 0 0
46 5413 178 325 42 299 33 470 22 661 3 228 0 0 0 0 0 0 0 0
46 5414 31 56 4 28 0 0 0 0 0 0 0 0 0 0 0 0 0 0
46 5415 153 218 23 143 10 141 15 499 4 294 0 0 0 0 0 0 0 0
46 5416 324 385 28 168 10 129 8 262 3 210 0 0 0 0 0 0 0 0
46 5417 20 31 5 34 8 99 0 0 0 0 0 0 0 0 0 0 0 0
46 5418 46 82 15 103 8 106 9 245 0 0 0 0 0 0 0 0 0 0
46 5419 136 246 47 313 45 599 10 280 0 0 0 0 0 0 0 0 0 0
46 54194 53 120 33 219 38 496 9 256 0 0 0 0 0 0 0 0 0 0
46 55 53 99 23 173 24 317 24 690 7 482 4 518 0 0 0 0 3 3886
46 561 724 1083 148 972 87 1238 64 1917 24 1567 11 1633 3 1220 0 0 0 0
46 5613 61 89 6 41 5 79 10 325 8 507 3 589 0 0 0 0 0 0
46 5614 48 84 11 76 9 114 6 178 6 406 0 0 0 0 0 0 0 0
46 5615 35 69 6 35 6 78 0 0 0 0 0 0 0 0 0 0 0 0
46 5616 24 29 7 41 9 128 9 302 0 0 0 0 0 0 0 0 0 0
46 5617 421 596 92 610 43 617 26 692 7 467 3 380 0 0 0 0 0 0
46 56173 229 280 44 303 12 177 11 286 0 0 0 0 0 0 0 0 0 0
46 562 69 139 29 193 19 253 9 231 0 0 0 0 0 0 0 0 0 0
46 611 125 205 37 246 28 409 31 1018 7 521 10 1768 6 2273 0 0 0 0
46 6111 15 37 8 53 7 97 20 696 7 521 8 1276 4 1597 0 0 0 0
46 621 718 1288 304 2028 207 2770 131 3834 31 2132 14 2194 4 1343 0 0 0 0
46 6211 137 206 35 224 34 481 34 1073 11 816 8 1198 0 0 0 0 0 0
46 6212 104 181 109 760 80 1036 29 765 0 0 0 0 0 0 0 0 0 0
46 6213 397 739 107 673 46 588 20 533 0 0 0 0 0 0 0 0 0 0
46 62131 174 349 45 273 13 153 0 0 0 0 0 0 0 0 0 0 0 0
46 62132 57 124 31 200 13 162 8 207 0 0 0 0 0 0 0 0 0 0
46 6214 27 72 32 220 23 328 23 676 6 416 0 0 0 0 0 0 0 0
46 6216 15 15 7 51 10 143 11 306 7 467 3 470 0 0 0 0 0 0
46 622 0 0 0 0 0 0 6 219 17 1273 20 3187 10 3461 5 3422 6 20321
46 6222 0 0 0 0 0 0 6 219 17 1273 20 3187 10 3461 5 3422 6 20321
46 623 60 89 62 423 75 986 86 2749 60 4130 22 3099 3 888 0 0 0 0
46 6231 20 2 0 0 5 73 18 689 35 2494 9 1171 0 0 0 0 0 0
46 6241 136 239 32 211 28 387 22 634 12 894 0 0 0 0 0 0 0 0
46 6242 89 177 22 138 13 162 9 228 0 0 0 0 0 0 0 0 0 0
46 6243 8 12 3 22 0 0 4 94 0 0 0 0 0 0 0 0 0 0
46 6244 109 190 41 278 45 620 40 1268 13 835 3 412 0 0 0 0 0 0
46 711 97 95 19 138 14 187 0 0 0 0 0 0 0 0 0 0 0 0
46 7111 14 15 3 21 5 62 0 0 0 0 0 0 0 0 0 0 0 0
46 7112 13 7 3 21 0 0 0 0 0 0 0 0 0 0 0 0 0 0
46 7115 51 58 7 52 3 36 0 0 0 0 0 0 0 0 0 0 0 0
46 712 41 57 10 64 3 39 4 122 0 0 0 0 0 0 0 0 0 0
46 713 245 356 146 928 62 818 34 954 11 722 11 1523 0 0 0 0 0 0
46 71395 9 19 13 94 0 0 7 180 0 0 0 0 0 0 0 0 0 0
46 721 330 441 58 412 96 1395 96 2683 21 1319 16 2489 0 0 0 0 0 0
46 7211 220 306 50 357 90 1318 95 2661 21 1319 16 2489 0 0 0 0 0 0
46 722 548 813 393 2672 421 5897 435 13218 90 5979 14 1896 0 0 0 0 0 0
46 7224 117 200 116 797 54 684 23 700 3 160 0 0 0 0 0 0 0 0
46 8111 475 876 169 1083 44 569 12 309 0 0 0 0 0 0 0 0 0 0
46 811192 35 55 10 70 6 71 3 94 0 0 0 0 0 0 0 0 0 0
46 8112 24 41 6 35 4 51 0 0 0 0 0 0 0 0 0 0 0 0
46 8113 102 194 27 170 8 106 0 0 0 0 0 0 0 0 0 0 0 0
46 8114 52 97 4 22 0 0 0 0 0 0 0 0 0 0 0 0 0 0
46 8121 163 254 60 429 54 735 5 144 0 0 0 0 0 0 0 0 0 0
46 812111 6 12 0 0 0 0 0 0 0 0 0 0 0 0 0 0 0 0
46 812112 90 139 36 267 41 533 3 85 0 0 0 0 0 0 0 0 0 0
46 8122 63 124 22 147 5 54 0 0 0 0 0 0 0 0 0 0 0 0
46 8123 22 63 13 73 8 120 0 0 0 0 0 0 0 0 0 0 0 0
46 8129 65 90 21 142 7 103 0 0 0 0 0 0 0 0 0 0 0 0
46 813 876 1696 263 1723 130 1670 65 1969 10 653 0 0 0 0 0 0 0 0
46 8131 563 1196 179 1178 83 1093 46 1451 8 534 0 0 0 0 0 0 0 0
46 8139 143 248 28 172 19 230 0 0 0 0 0 0 0 0 0 0 0 0
46 81393 16 37 7 50 3 32 0 0 0 0 0 0 0 0 0 0 0 0
46 814 1842 3435 585 3824 262 3429 89 2658 15 986 0 0 0 0 0 0 0 0
47 111 157 279 48 322 18 260 7 218 0 0 0 0 0 0 0 0 0 0
47 112 157 279 48 322 18 260 7 218 0 0 0 0 0 0 0 0 0 0
47 113 92 196 27 187 14 212 4 103 0 0 0 0 0 0 0 0 0 0
47 1133 86 186 27 187 14 212 4 103 0 0 0 0 0 0 0 0 0 0
47 114 4 4 0 0 0 0 0 0 0 0 0 0 0 0 0 0 0 0
47 115 61 79 21 135 4 48 3 115 0 0 0 0 0 0 0 0 0 0
47 211 5 5 0 0 0 0 0 0 0 0 0 0 0 0 0 0 0 0
47 2121 7 12 0 0 0 0 0 0 0 0 0 0 0 0 0 0 0 0
47 2122 0 0 0 0 0 0 0 0 0 0 3 343 0 0 0 0 0 0
47 2123 31 56 39 274 45 646 21 638 3 182 0 0 0 0 0 0 0 0
47 213 14 34 6 37 3 41 0 0 0 0 0 0 0 0 0 0 0 0
47 22 46 94 24 148 34 459 29 873 18 1205 3 483 0 0 0 0 0 0
47 221 46 94 24 148 34 459 29 873 18 1205 3 483 0 0 0 0 0 0
47 2211 26 55 20 116 22 280 21 640 16 1028 0 0 0 0 0 0 0 0
47 2212 6 11 0 0 6 90 4 154 0 0 0 0 0 0 0 0 0 0
47 2213 14 28 3 23 6 89 4 79 0 0 0 0 0 0 0 0 0 0
47 22132 3 7 0 0 0 0 0 0 0 0 0 0 0 0 0 0 0 0
47 23 5952 10518 1931 12730 1332 18119 920 27509 277 18711 118 17117 25 7829 6 4159 0 0
47 3 1761 3514 933 6288 897 12388 877 27616 491 35151 420 66559 198 65663 86 58710 32 63488
47 31 1761 3514 933 6288 897 12388 877 27616 491 35151 420 66559 198 65663 86 58710 32 63488
47 311 112 191 57 387 51 707 54 1580 34 2529 24 3962 23 7952 15 11291 4 6382
47 3113 12 22 5 43 8 130 4 127 0 0 0 0 3 1186 0 0 0 0
47 3114 4 3 4 24 4 42 0 0 3 196 5 915 5 1813 0 0 0 0
47 3115 0 0 0 0 0 0 0 0 0 0 3 523 3 983 0 0 0 0
47 3116 17 26 11 68 6 80 7 183 5 403 6 926 3 1188 4 3196 3 4299
47 3118 50 98 23 155 25 352 23 626 6 442 4 705 4 1317 3 2128 0 0
47 311811 38 74 18 121 19 267 8 231 0 0 0 0 0 0 0 0 0 0
47 3121 62 77 39 282 39 513 25 739 10 650 7 974 3 1083 0 0 0 0
47 3132 3 7 0 0 3 42 5 206 4 327 0 0 0 0 0 0 0 0
47 3133 4 7 4 26 0 0 0 0 4 292 3 425 0 0 0 0 0 0
47 314 61 124 17 114 13 179 14 435 6 313 0 0 0 0 0 0 0 0
47 315 28 47 10 61 11 159 10 356 4 314 6 955 3 1042 0 0 0 0
47 316 17 36 0 0 6 86 0 0 0 0 0 0 0 0 0 0 0 0
47 3211 41 61 27 185 33 452 27 796 8 583 0 0 0 0 0 0 0 0
47 3212 6 17 7 52 8 97 5 174 4 262 3 383 0 0 0 0 0 0
47 3219 90 193 53 362 47 635 50 1613 25 1712 18 3025 5 1451 0 0 0 0
47 32199 36 67 14 103 17 218 11 370 4 297 7 1393 4 1142 0 0 0 0
47 3221 0 0 0 0 0 0 0 0 0 0 3 434 0 0 3 1598 0 0
47 3222 14 23 5 32 10 162 28 925 25 1868 31 4766 0 0 0 0 0 0
47 32221 7 12 0 0 5 75 18 589 16 1265 22 3188 0 0 0 0 0 0
47 3231 238 481 106 690 66 904 60 1802 26 1881 12 2005 4 1205 0 0 0 0
47 3241 24 64 16 114 10 136 5 189 0 0 0 0 0 0 0 0 0 0
47 32411 24 64 16 114 10 136 5 189 0 0 0 0 0 0 0 0 0 0
47 325 65 124 35 238 42 603 52 1661 33 2360 28 4509 13 4250 7 4819 0 0
47 3252 3 6 0 0 4 65 4 137 7 556 6 1001 0 0 0 0 0 0
47 3253 5 16 3 21 5 70 0 0 0 0 0 0 0 0 0 0 0 0
47 3254 13 25 0 0 5 73 3 99 0 0 0 0 3 1136 0 0 0 0
47 3255 3 6 3 24 7 104 13 377 3 218 3 467 0 0 0 0 0 0
47 3256 16 27 8 58 7 97 5 167 3 202 5 855 3 931 0 0 0 0
47 3261 45 97 21 151 23 336 57 1769 37 2700 37 5531 17 5553 4 2239 0 0
47 3262 7 10 8 61 12 154 6 166 8 652 10 1633 8 2983 5 4149 0 0
47 32621 3 3 3 22 7 85 0 0 0 0 0 0 0 0 3 2720 0 0
47 327 75 174 44 309 93 1257 65 1950 28 2004 14 2145 10 3104 3 1758 0 0
47 32711 4 7 0 0 0 0 0 0 0 0 0 0 0 0 0 0 0 0
47 327120 3 4 0 0 0 0 3 104 3 214 6 1018 3 856 0 0 0 0
47 3272 10 21 0 0 0 0 0 0 4 340 0 0 6 1963 3 1758 0 0
47 3279 28 58 14 103 21 277 20 612 8 625 0 0 0 0 0 0 0 0
47 331 12 26 5 33 13 176 21 718 17 1194 29 4813 7 2596 3 1884 0 0
47 3313 0 0 0 0 0 0 0 0 3 204 7 1072 0 0 0 0 0 0
47 3314 4 9 0 0 4 51 8 320 3 204 6 1104 0 0 0 0 0 0
47 3315 3 6 0 0 3 38 8 260 5 340 4 718 3 1005 0 0 0 0
47 332 311 672 208 1411 179 2564 175 5433 81 5629 57 9019 17 5161 0 0 3 8138
47 3321 14 33 9 54 4 48 12 430 6 367 10 1548 0 0 0 0 0 0
47 3322 0 0 4 25 3 43 3 114 3 178 0 0 0 0 0 0 0 0
47 3327 144 322 98 671 74 1060 53 1485 17 1251 6 896 0 0 0 0 0 0
47 3328 37 82 14 86 17 248 25 784 11 699 3 479 0 0 0 0 0 0
47 33299 25 39 13 92 19 238 12 376 11 840 9 1346 0 0 0 0 0 0
47 333 109 221 76 507 68 921 66 2111 32 2322 33 5379 15 4659 4 3104 5 7664
47 3331 15 31 5 31 5 62 6 197 0 0 5 811 3 883 3 2265 0 0
47 33311 7 18 0 0 5 62 0 0 0 0 0 0 0 0 0 0 0 0
47 3333 7 8 0 0 3 36 3 95 0 0 8 1353 0 0 0 0 0 0
47 3335 46 93 39 247 27 346 18 594 7 473 3 504 0 0 0 0 0 0
47 3336 3 7 0 0 3 43 0 0 0 0 0 0 0 0 0 0 0 0
47 334 34 49 13 81 13 178 17 553 13 836 8 1439 4 1140 0 0 0 0
47 3345 12 11 6 42 10 144 12 424 9 581 3 585 0 0 0 0 0 0
47 335 21 41 13 96 7 106 13 479 10 742 14 2343 9 3402 3 2459 0 0
47 3352 0 0 0 0 0 0 0 0 0 0 4 591 4 1507 3 2459 0 0
47 336 49 89 33 216 40 521 37 1226 37 2627 42 6958 38 12577 27 18005 10 21016
47 33641 5 12 0 0 0 0 0 0 0 0 0 0 0 0 0 0 0 0
47 3366 6 9 0 0 4 58 4 117 0 0 0 0 0 0 4 2391 0 0
47 3369 7 8 3 30 0 0 3 110 0 0 0 0 0 0 0 0 0 0
47 337 106 213 59 378 49 673 33 1052 16 1265 12 1622 5 1697 0 0 0 0
47 3391 88 203 17 115 25 343 18 552 11 793 13 1987 0 0 0 0 3 3871
47 3399 138 267 57 365 30 409 28 928 12 816 9 1239 4 1186 0 0 0 0
47 4 9271 18189 6168 41322 3961 52347 2107 61635 583 39811 451 66752 105 30909 3 2107 4 6303
47 42 2882 5534 1389 9362 1108 15110 803 24263 284 19318 148 23048 44 14678 12 7288 3 4120
47 4231 150 301 99 629 82 1081 95 2952 44 2930 23 3223 3 877 0 0 0 0
47 4232 78 152 33 242 38 504 25 742 6 399 4 538 0 0 0 0 0 0
47 4233 131 261 88 621 94 1310 66 1977 14 888 4 529 0 0 0 0 0 0
47 4234 331 605 109 728 103 1431 68 2028 27 1939 12 1903 7 2259 4 2573 0 0
47 4235 67 137 39 253 31 426 28 940 7 492 4 630 0 0 0 0 0 0
47 4236 200 396 116 825 88 1214 45 1410 22 1461 9 1481 3 1040 0 0 0 0
47 4237 141 326 125 801 60 739 35 968 7 482 7 936 0 0 0 0 0 0
47 4238 449 919 248 1664 226 3142 147 4289 36 2401 14 2008 3 831 0 0 0 0
47 4239 205 415 95 639 73 1028 58 1809 23 1568 6 1024 0 0 0 0 0 0
47 42393 56 110 36 236 41 574 32 1065 9 572 0 0 0 0 0 0 0 0
47 424 801 1490 364 2481 268 3621 209 6325 89 6131 63 10486 23 8146 0 0 3 4120
47 4241 69 127 37 265 26 350 33 974 6 450 6 871 0 0 0 0 0 0
47 4243 61 103 19 126 12 184 13 362 5 327 0 0 0 0 0 0 0 0
47 4244 203 324 71 474 52 704 45 1390 29 2026 22 3966 13 4862 0 0 0 0
47 4245 37 68 14 101 16 218 7 199 0 0 0 0 0 0 0 0 0 0
47 4247 48 85 37 262 20 246 16 524 5 311 3 479 0 0 0 0 0 0
47 4248 19 27 9 69 0 0 11 383 11 767 10 1612 3 994 0 0 0 0
47 4249 186 384 79 535 70 936 41 1194 8 545 5 916 0 0 0 0 0 0
47 42491 33 72 27 190 34 471 17 467 0 0 0 0 0 0 0 0 0 0
47 4251 329 532 73 479 45 614 27 823 9 627 0 0 0 0 0 0 0 0
47 4411 586 982 143 915 82 1073 135 4533 149 10520 60 8084 6 1818 0 0 0 0
47 4412 100 205 83 567 43 579 45 1325 6 393 0 0 0 0 0 0 0 0
47 4413 370 757 436 3243 484 6139 86 2465 5 324 0 0 0 0 0 0 0 0
47 442 465 954 271 1888 149 2034 96 2750 20 1228 3 373 0 0 0 0 0 0
47 443141 62 119 32 215 14 165 9 238 0 0 0 0 0 0 0 0 0 0
47 443142 110 280 146 919 39 509 11 309 12 817 8 1063 0 0 0 0 0 0
47 4441 459 1017 348 2263 261 3435 112 3111 14 976 97 16201 0 0 0 0 0 0
47 44413 130 260 79 475 80 1114 38 936 0 0 0 0 0 0 0 0 0 0
47 4442 117 215 95 605 161 2098 60 1784 5 321 0 0 0 0 0 0 0 0
47 44511 240 421 85 600 170 2530 179 5579 136 9649 156 21209 0 0 0 0 0 0
47 44512 392 590 39 250 18 239 0 0 0 0 0 0 0 0 0 0 0 0
47 4452 128 242 78 518 53 670 13 357 0 0 0 0 0 0 0 0 0 0
47 4453 375 747 220 1470 60 721 9 254 0 0 0 0 0 0 0 0 0 0
47 446 688 1355 501 3323 354 5018 446 12096 10 574 0 0 0 0 0 0 0 0
47 44611 197 415 224 1512 252 3672 399 10579 3 169 0 0 0 0 0 0 0 0
47 447 1724 3554 1064 7185 587 7534 115 3042 15 877 0 0 0 0 0 0 0 0
47 4481 628 1282 515 3618 482 6226 264 8065 70 4331 0 0 0 0 0 0 0 0
47 44821 107 284 204 1362 157 2033 28 712 3 237 0 0 0 0 0 0 0 0
47 4483 162 338 99 649 54 676 14 362 0 0 0 0 0 0 0 0 0 0
47 4511 310 582 140 937 78 1048 99 3344 21 1451 3 512 0 0 0 0 0 0
47 45113 22 48 19 118 10 131 9 297 0 0 0 0 0 0 0 0 0 0
47 45114 40 72 20 141 8 117 9 258 0 0 0 0 0 0 0 0 0 0
47 45121 71 136 38 242 28 341 16 516 0 0 0 0 0 0 0 0 0 0
47 45221 0 0 0 0 0 0 8 320 54 4034 24 3307 0 0 0 0 0 0
47 4523 153 303 866 5484 302 4134 158 4279 19 1310 79 13254 87 25408 0 0 0 0
47 4531 172 354 60 364 16 197 5 189 0 0 0 0 0 0 0 0 0 0
47 45321 26 53 20 129 40 614 14 330 0 0 0 0 0 0 0 0 0 0
47 45322 215 422 122 816 65 831 14 464 3 201 0 0 0 0 0 0 0 0
47 4533 204 403 97 671 42 594 62 2060 13 797 0 0 0 0 0 0 0 0
47 4539 654 1307 260 1705 121 1583 46 1286 0 0 0 0 0 0 0 0 0 0
47 454110 412 714 89 576 47 632 37 1125 18 1123 8 1170 0 0 3 2107 4 6303
47 4542 62 103 18 136 12 162 11 312 3 206 3 450 0 0 0 0 0 0
47 454310 60 180 41 285 19 253 3 82 0 0 0 0 0 0 0 0 0 0
47 45439 219 290 58 387 23 279 11 321 0 0 0 0 0 0 0 0 0 0
47 481 23 42 0 0 8 105 6 192 4 308 6 850 4 1472 0 0 0 0
47 482 2119 3389 693 4661 621 8420 570 17322 266 18401 183 28505 69 23277 31 20580 14 33514
47 483 3 3 0 0 0 0 0 0 0 0 0 0 0 0 0 0 0 0
47 484 1140 1753 332 2260 293 4066 274 8400 105 7259 72 10977 23 7842 13 8605 6 9741
47 485 163 263 46 310 46 598 34 1002 17 1120 7 1135 0 0 0 0 0 0
47 4853 38 60 7 46 5 55 3 96 0 0 0 0 0 0 0 0 0 0
47 486 33 54 16 108 6 82 4 108 0 0 0 0 0 0 0 0 0 0
47 487 21 33 5 35 4 56 3 107 0 0 0 0 0 0 0 0 0 0
47 488 443 804 152 1022 114 1517 90 2676 33 2260 17 2634 9 2750 0 0 0 0
47 492 176 252 64 405 77 988 85 2419 58 3822 33 5219 8 2628 6 4434 3 16469
47 493 117 185 74 498 71 985 74 2418 45 3351 43 6859 21 7248 8 4859 3 3485
47 5111 125 261 57 386 45 581 46 1368 11 703 9 1341 3 901 0 0 0 0
47 51111 47 111 32 220 26 326 25 724 9 572 4 594 0 0 0 0 0 0
47 5112 94 146 44 285 24 310 17 507 10 756 5 707 0 0 0 0 0 0
47 5121 152 224 34 216 42 592 48 1551 13 826 3 518 0 0 0 0 0 0
47 5122 188 295 27 194 12 152 7 213 5 371 0 0 0 0 0 0 0 0
47 515 85 184 48 345 34 447 32 1002 14 1017 11 1315 0 0 0 0 0 0
47 517 594 1306 339 2307 180 2606 122 3838 30 1998 12 1967 8 2943 3 2194 0 0
47 517311 371 769 99 694 93 1381 82 2770 24 1687 9 1561 5 1794 0 0 0 0
47 5182 128 232 51 346 29 386 23 723 10 746 12 1638 0 0 0 0 0 0
47 5191 73 97 21 138 8 109 12 378 3 216 0 0 0 0 0 0 0 0
47 51912 8 12 0 0 3 35 0 0 0 0 0 0 0 0 0 0 0 0
47 51913 58 77 16 109 0 0 9 292 3 216 0 0 0 0 0 0 0 0
47 52 6028 12480 2389 15474 1029 13237 458 13775 142 9662 98 15150 33 10738 22 16703 11 17967
47 522 2614 6173 1630 10687 700 8844 242 7321 73 4966 44 6561 14 4479 6 4820 0 0
47 5221 726 1854 1237 8294 502 6409 184 5482 61 4155 37 5334 8 2441 0 0 0 0
47 5241 289 480 74 490 75 1040 60 1833 25 1759 29 4548 12 4082 11 8491 8 14617
47 5242 2009 3848 474 2964 174 2305 95 2773 25 1745 19 3054 7 2177 3 1973 0 0
47 53 4351 7747 1145 7306 493 6341 207 5854 59 3812 21 2689 7 2675 0 0 0 0
47 531 3795 6683 796 5063 304 3905 101 2950 37 2433 11 1401 6 2197 0 0 0 0
47 5313 886 1627 241 1508 108 1401 56 1621 22 1470 6 772 5 1810 0 0 0 0
47 532 536 1034 340 2185 185 2371 106 2904 21 1300 8 969 0 0 0 0 0 0
47 5321 157 302 94 604 80 1033 35 926 9 538 5 645 0 0 0 0 0 0
47 5411 1908 3483 442 2958 165 2236 104 3077 23 1554 5 817 0 0 0 0 0 0
47 5412 1156 2099 335 2300 206 2887 105 3270 40 2660 18 2642 8 2521 4 2463 0 0
47 5413 840 1518 317 2102 177 2347 146 4407 45 3050 12 1759 5 1865 3 1683 0 0
47 5414 252 410 58 381 23 287 9 321 0 0 0 0 0 0 0 0 0 0
47 5415 869 1308 165 1087 133 1727 74 2143 40 2590 18 2546 7 2406 4 2939 0 0
47 5416 1504 1977 227 1467 148 2011 81 2510 43 2964 18 2640 6 1969 0 0 3 4041
47 5417 105 160 30 195 14 175 22 664 6 401 5 752 0 0 0 0 0 0
47 5418 325 593 84 544 52 740 36 1066 8 502 5 669 0 0 0 0 0 0
47 5419 439 742 235 1628 248 3319 150 4002 7 530 7 1263 3 1138 0 0 0 0
47 54194 178 366 184 1290 209 2798 125 3267 6 446 3 569 0 0 0 0 0 0
47 55 514 873 186 1222 177 2393 252 8071 150 10183 93 13777 46 15163 22 15748 18 27632
47 561 3468 5845 1071 7048 765 10349 677 20984 356 25040 312 48792 123 44313 58 39877 27 59309
47 5613 395 640 88 615 84 1213 181 5989 170 12132 174 27646 83 29865 34 23821 15 31009
47 5614 220 415 102 627 54 674 43 1371 22 1659 25 4256 7 2708 10 6611 5 6521
47 5615 113 197 28 189 22 313 15 483 0 0 5 588 0 0 0 0 0 0
47 5616 196 329 81 545 60 832 65 1881 30 2290 35 5353 11 3981 8 5793 3 3997
47 5617 2048 3420 632 4127 433 5779 276 8331 78 5211 31 4568 12 4019 4 2473 0 0
47 56173 1067 1725 313 2042 179 2310 96 2970 27 1740 8 1190 0 0 0 0 0 0
47 562 232 451 93 669 104 1463 60 1870 27 1956 10 1655 0 0 0 0 0 0
47 611 618 1009 218 1500 227 3117 186 5779 82 5766 69 10855 18 6195 12 8536 9 25219
47 6111 43 103 28 207 45 661 87 2828 62 4377 59 9396 10 3192 0 0 0 0
47 621 4897 9567 2818 19042 2095 27994 1231 36650 315 21463 148 22064 32 10702 11 7177 6 7981
47 6211 1951 3677 1002 6710 804 10864 504 15187 139 9436 61 8821 13 4281 5 3033 4 5182
47 6212 767 1754 931 6380 442 5753 75 1993 11 642 0 0 0 0 0 0 0 0
47 6213 1535 3041 539 3643 310 4085 118 3124 14 1087 7 960 0 0 0 0 0 0
47 62131 466 923 113 732 23 294 7 155 0 0 0 0 0 0 0 0 0 0
47 62132 230 517 132 887 76 992 14 394 0 0 0 0 0 0 0 0 0 0
47 6214 267 510 205 1391 324 4231 218 6529 52 3490 21 2820 3 1088 0 0 0 0
47 6216 95 130 45 307 125 1794 223 6743 55 3780 38 6255 10 3395 0 0 0 0
47 622 5 7 0 0 0 0 6 252 16 1087 34 5510 30 10802 25 16452 36 105561
47 6222 5 7 0 0 0 0 0 0 0 0 5 893 5 1655 3 1912 0 0
47 623 311 652 295 1935 196 2781 301 9882 219 15720 227 33595 21 6494 0 0 0 0
47 6231 21 20 11 66 4 69 36 1351 114 8801 155 21939 8 2303 0 0 0 0
47 6241 512 934 180 1235 191 2744 189 5959 112 7734 51 7221 8 2832 0 0 0 0
47 6242 120 234 62 414 45 577 27 840 5 347 0 0 0 0 0 0 0 0
47 6243 49 101 33 204 20 252 13 404 5 351 4 447 0 0 0 0 0 0
47 6244 374 681 263 1819 302 4267 264 7150 18 1094 0 0 3 1030 0 0 0 0
47 711 848 1147 179 1163 126 1666 69 2180 12 848 13 1902 4 1243 3 2142 0 0
47 7111 329 461 95 647 75 977 31 985 6 410 5 747 0 0 0 0 0 0
47 7112 20 23 4 21 4 60 4 143 0 0 3 429 0 0 0 0 0 0
47 7115 272 293 27 162 21 289 8 246 0 0 0 0 0 0 0 0 0 0
47 712 60 98 27 194 20 289 18 535 11 684 8 1420 0 0 0 0 0 0
47 713 645 1021 287 1918 218 3088 204 6319 55 3824 42 6128 4 1344 0 0 0 0
47 71395 5 10 15 103 5 78 21 644 3 186 0 0 0 0 0 0 0 0
47 721 575 956 293 1964 364 4838 317 9366 66 4465 43 6228 8 2641 4 2605 0 0
47 7211 453 763 251 1691 349 4628 308 9063 66 4465 43 6228 8 2641 4 2605 0 0
47 722 2939 4622 1821 12532 2639 38076 3735 113250 1010 67657 234 30172 4 1219 0 0 0 0
47 7224 117 204 77 479 66 896 65 1867 13 905 5 587 0 0 0 0 0 0
47 8111 1501 2849 754 5058 364 4700 105 3035 13 903 0 0 0 0 0 0 0 0
47 811192 132 215 103 752 61 800 21 685 4 217 0 0 0 0 0 0 0 0
47 8112 123 232 21 133 16 225 11 313 3 236 4 767 0 0 0 0 0 0
47 8113 163 302 62 409 55 771 36 1056 9 592 0 0 0 0 0 0 0 0
47 8114 236 380 38 246 14 167 3 89 3 212 0 0 0 0 0 0 0 0
47 8121 899 1569 439 3053 298 3907 110 3242 9 557 0 0 0 0 0 0 0 0
47 812111 32 46 24 193 20 289 0 0 0 0 0 0 0 0 0 0 0 0
47 812112 506 904 297 2065 165 2204 65 1966 9 557 0 0 0 0 0 0 0 0
47 8122 242 532 144 986 101 1361 28 905 3 178 0 0 0 0 0 0 0 0
47 8123 264 535 88 555 74 983 37 966 9 655 7 902 0 0 0 0 0 0
47 8129 430 753 135 886 77 1058 40 1043 8 493 0 0 0 0 0 0 0 0
47 813 4646 9040 1553 9873 698 9292 465 14240 145 9637 51 7202 6 2078 0 0 0 0
47 8131 3364 6661 1214 7668 515 6811 368 11270 124 8309 44 6168 5 1760 0 0 0 0
47 8139 527 960 131 860 72 977 39 1196 5 303 0 0 0 0 0 0 0 0
47 81393 111 225 54 359 43 583 10 280 0 0 0 0 0 0 0 0 0 0
47 814 8504 16192 3234 21199 1697 22464 835 24889 202 13463 68 9767 8 2681 6 3978 0 0
48 111 767 1244 199 1313 67 900 40 1183 17 1063 3 459 0 0 0 0 0 0
48 112 767 1244 199 1313 67 900 40 1183 17 1063 3 459 0 0 0 0 0 0
48 113 114 208 61 391 20 286 12 325 0 0 0 0 0 0 0 0 0 0
48 1133 97 186 57 370 18 251 12 325 0 0 0 0 0 0 0 0 0 0
48 114 136 174 11 77 3 42 3 119 0 0 0 0 0 0 0 0 0 0
48 115 517 862 127 845 44 572 25 739 17 1063 3 459 0 0 0 0 0 0
48 211 1448 2389 363 2339 221 2937 223 6746 87 5864 65 10055 23 7744 4 2998 7 10466
48 2121 7 9 0 0 0 0 5 172 0 0 0 0 0 0 0 0 0 0
48 2122 7 18 0 0 0 0 0 0 0 0 0 0 0 0 0 0 0 0
48 2123 107 198 69 449 101 1393 80 2467 22 1541 16 2316 0 0 0 0 0 0
48 213 2231 3620 703 4759 608 8294 697 21828 329 22218 229 34600 49 17493 20 13579 14 41335
48 22 920 1803 347 2329 268 3832 267 8346 131 9247 78 11700 25 8682 6 3841 3 5171
48 221 920 1803 347 2329 268 3832 267 8346 131 9247 78 11700 25 8682 6 3841 3 5171
48 2211 398 709 134 916 166 2395 185 5814 95 6587 52 7551 14 4710 6 3841 0 0
48 2212 73 124 41 311 47 697 55 1713 24 1797 21 3474 10 3705 0 0 0 0
48 2213 449 970 172 1102 55 740 27 819 12 863 5 675 0 0 0 0 0 0
48 22132 41 68 12 81 0 0 0 0 0 0 0 0 0 0 0 0 0 0
48 23 28272 47177 8133 53884 5268 71585 3768 115670 1435 98142 769 115622 210 74721 86 58151 41 106147
48 3 7415 13931 3397 22591 3023 41580 3093 97037 1527 107257 1147 177076 344 119312 159 104342 63 139796
48 31 7415 13931 3397 22591 3023 41580 3093 97037 1527 107257 1147 177076 344 119312 159 104342 63 139796
48 311 719 1400 359 2378 303 4164 252 7645 127 9019 101 16197 44 15997 32 20955 13 23492
48 3113 28 48 22 153 15 209 6 188 0 0 3 418 0 0 3 1884 0 0
48 3114 41 72 20 133 11 138 17 548 13 929 8 1310 7 2524 0 0 0 0
48 3115 18 34 11 76 14 208 5 166 7 502 12 1776 6 2495 3 1890 0 0
48 3116 81 158 43 288 37 513 37 1034 17 1221 20 2869 11 4296 16 10969 10 19362
48 3118 395 820 187 1224 154 2065 112 3246 39 2837 27 4601 13 4437 3 1896 0 0
48 311811 244 531 114 766 96 1320 64 1816 15 1067 0 0 0 0 0 0 0 0
48 3121 223 365 101 694 90 1204 67 2033 25 1807 19 3117 5 1612 5 3016 0 0
48 3122 0 0 0 0 0 0 3 70 0 0 0 0 0 0 0 0 0 0
48 3132 13 21 6 35 4 53 6 185 0 0 0 0 0 0 0 0 0 0
48 3133 29 57 7 46 5 73 9 254 3 234 0 0 0 0 0 0 0 0
48 314 223 416 85 559 46 597 50 1593 12 838 7 972 0 0 0 0 0 0
48 315 112 184 32 201 21 312 22 714 10 770 0 0 4 1546 0 0 0 0
48 316 67 130 20 135 15 192 15 465 0 0 5 630 3 949 0 0 0 0
48 3162 14 25 3 18 5 71 3 97 0 0 0 0 0 0 0 0 0 0
48 3211 37 78 15 100 22 289 27 877 9 661 8 1163 0 0 0 0 0 0
48 3212 13 32 4 28 14 191 22 672 10 697 13 1815 0 0 0 0 0 0
48 3219 196 355 88 576 93 1259 106 3212 48 3382 34 6028 11 3454 0 0 0 0
48 32199 75 121 25 163 24 318 28 857 18 1316 19 3789 5 1562 0 0 0 0
48 3221 3 3 0 0 3 39 0 0 0 0 0 0 0 0 3 2280 0 0
48 3222 28 50 26 170 34 490 42 1386 43 2996 39 5681 0 0 0 0 0 0
48 32221 13 26 9 56 18 260 24 795 33 2283 32 4697 0 0 0 0 0 0
48 3231 883 1690 370 2363 227 3096 152 4731 41 2819 31 4516 8 2357 0 0 0 0
48 3241 50 113 23 151 28 435 22 725 19 1326 17 2619 6 2076 9 6091 7 9165
48 32411 6 15 0 0 0 0 0 0 3 217 3 557 6 2076 7 4760 7 9165
48 325 321 612 183 1246 173 2359 207 6736 132 9644 116 17899 35 11636 17 11622 6 12722
48 3252 26 48 16 111 14 196 33 1200 17 1264 23 3636 11 3529 0 0 0 0
48 3253 17 32 13 89 16 219 11 369 4 325 6 894 0 0 0 0 0 0
48 3254 53 95 26 165 13 166 16 506 13 940 9 1324 8 2491 0 0 0 0
48 3255 40 81 18 118 27 395 28 922 15 1089 12 1938 0 0 0 0 0 0
48 3256 67 111 30 222 20 256 13 450 11 777 9 1284 0 0 3 1812 0 0
48 3261 141 298 67 452 120 1670 148 4896 103 7162 79 12374 14 4759 11 7009 3 5423
48 3262 35 77 17 107 10 149 35 1085 13 928 6 906 0 0 0 0 0 0
48 32621 11 19 4 28 0 0 14 457 0 0 0 0 0 0 0 0 0 0
48 327 435 854 199 1323 205 2814 242 7396 91 6117 62 9960 17 6046 3 1569 0 0
48 32711 14 23 8 50 0 0 0 0 3 238 0 0 0 0 0 0 0 0
48 327120 4 6 0 0 6 80 5 180 7 530 5 894 0 0 0 0 0 0
48 3272 32 55 19 112 17 226 11 357 7 439 8 1253 3 1077 0 0 0 0
48 3279 90 203 71 490 46 615 47 1525 16 1089 6 911 6 2386 0 0 0 0
48 331 77 130 29 218 33 484 64 2103 30 2206 33 5034 18 6029 8 5456 0 0
48 3313 9 15 5 35 0 0 5 149 4 292 3 460 0 0 0 0 0 0
48 3314 21 40 4 33 7 108 10 377 5 349 7 1015 0 0 0 0 0 0
48 3315 15 36 11 82 16 234 23 727 9 616 10 1485 4 1385 0 0 0 0
48 332 1461 2680 792 5342 750 10291 758 23612 341 23552 234 35216 40 14209 12 7327 0 0
48 3321 25 49 24 169 17 241 26 898 20 1304 16 2226 0 0 0 0 0 0
48 3322 15 21 4 29 6 77 6 168 3 199 0 0 0 0 0 0 0 0
48 3327 731 1372 351 2350 326 4461 231 7019 71 4707 27 3989 3 1237 0 0 0 0
48 3328 112 199 90 592 69 910 76 2454 36 2459 22 3127 0 0 0 0 0 0
48 33299 134 223 72 488 64 898 70 2099 24 1572 28 3626 7 2401 0 0 0 0
48 333 480 914 250 1681 240 3426 283 9107 148 10625 125 19073 45 15989 12 8043 6 9905
48 3331 128 241 58 400 75 1062 95 3084 39 2826 44 7121 21 7666 7 4709 0 0
48 33311 35 63 10 62 18 250 14 468 0 0 0 0 0 0 0 0 0 0
48 3333 37 70 22 143 16 251 17 576 10 767 12 1669 0 0 0 0 0 0
48 3335 108 212 53 350 43 586 22 714 9 591 6 816 0 0 0 0 0 0
48 3336 17 37 9 67 4 57 12 441 5 374 8 1191 4 1298 0 0 0 0
48 334 278 499 124 838 103 1429 117 3764 87 6038 61 9169 16 5931 12 7655 11 29319
48 3341 25 50 16 110 4 52 5 158 0 0 3 312 0 0 0 0 0 0
48 3345 123 217 59 397 51 711 49 1587 44 3190 30 4736 5 2113 5 3360 5 13464
48 335 127 249 55 358 54 705 50 1533 46 3341 23 3750 7 1960 4 3262 0 0
48 3352 11 16 5 35 5 78 0 0 0 0 3 393 0 0 0 0 0 0
48 336 229 395 102 693 108 1461 115 3646 80 5551 56 8838 33 11647 19 12620 11 39704
48 33641 39 66 17 124 14 200 20 674 17 1175 12 1865 10 3684 9 6353 4 23083
48 3365 0 0 0 0 0 0 0 0 0 0 0 0 4 1542 0 0 0 0
48 3366 22 39 8 57 14 188 12 381 11 688 9 1413 0 0 0 0 0 0
48 3369 24 33 6 35 4 50 0 0 0 0 0 0 0 0 0 0 0 0
48 337 339 646 139 921 115 1586 122 3769 37 2515 33 5033 14 4668 3 1878 0 0
48 3391 311 634 104 649 55 739 44 1308 17 1172 20 3261 9 3154 3 1653 0 0
48 3399 582 1045 199 1323 149 2030 111 3463 49 3369 19 2704 8 3003 0 0 0 0
48 4 33642 66768 20111 134352 13404 178099 8711 249412 2569 178218 1795 279525 610 202472 28 17112 8 16131
48 42 16283 29684 6310 42046 4820 65498 3405 103109 1145 78721 643 96552 135 47658 66 43551 19 30224
48 4231 734 1466 399 2702 329 4527 292 9181 95 6471 47 6756 3 1206 0 0 0 0
48 4232 457 797 181 1166 152 2061 102 3195 30 2088 13 1838 5 1648 0 0 0 0
48 4233 616 1216 359 2459 342 4662 253 7568 83 5631 26 3855 0 0 0 0 0 0
48 4234 1536 2611 410 2788 333 4541 192 5790 87 6240 47 7813 8 2603 3 1896 3 6248
48 4235 473 895 225 1470 172 2365 177 5480 68 4593 25 3703 5 1613 0 0 0 0
48 4236 1063 2110 505 3462 381 5169 277 8504 82 5686 54 7868 10 3278 7 4195 6 10245
48 4237 793 1712 437 2790 295 3925 177 5172 61 4158 26 4054 0 0 0 0 0 0
48 4238 2707 5326 1357 9108 1113 15053 743 22250 224 15071 105 15612 20 6978 6 4019 0 0
48 4239 1279 2326 438 2905 282 3793 169 4852 50 3538 38 5645 0 0 0 0 0 0
48 42393 314 665 144 1003 106 1464 89 2581 25 1752 12 1893 0 0 0 0 0 0
48 424 4456 8088 1624 10810 1234 16889 896 27387 338 23310 244 36428 70 24973 41 27087 4 4414
48 4241 315 567 86 570 94 1333 70 2019 19 1253 8 1134 0 0 0 0 0 0
48 4243 410 713 129 844 64 880 45 1421 16 1122 12 1828 3 1206 0 0 0 0
48 4244 1150 1998 350 2354 313 4354 289 8995 120 8349 93 14407 28 9828 16 10476 0 0
48 4245 186 358 72 498 45 614 35 1028 10 658 0 0 0 0 0 0 0 0
48 4247 326 619 147 1008 120 1572 105 3118 39 2693 21 3066 7 2756 7 4414 0 0
48 4248 95 142 27 179 28 386 36 1281 28 2044 35 5022 15 5243 6 4360 0 0
48 4249 1047 1968 418 2745 276 3699 111 3240 29 1899 21 2835 5 2039 0 0 0 0
48 42491 273 588 156 1039 114 1577 36 1026 8 561 3 488 0 0 0 0 0 0
48 4251 2169 3137 375 2386 187 2513 127 3730 27 1935 18 2980 10 3734 5 3619 0 0
48 4411 1870 3238 512 3334 348 4717 483 15982 435 31387 334 50409 37 11684 0 0 0 0
48 4412 381 738 207 1386 188 2607 160 4754 32 1987 6 704 0 0 0 0 0 0
48 4413 1527 2949 1453 10295 1686 22135 447 13024 31 1989 0 0 0 0 0 0 0 0
48 442 1840 3717 868 5775 574 7766 393 11874 88 5724 6 1022 7 2243 0 0 0 0
48 443141 225 489 125 839 55 718 65 1761 3 168 0 0 0 0 0 0 0 0
48 443142 679 1535 632 3999 157 2060 65 2103 100 7190 45 5449 0 0 0 0 0 0
48 4441 1342 2908 1099 7164 683 9091 373 10224 53 3634 327 57625 3 1000 0 0 0 0
48 44413 387 780 310 2016 195 2708 126 3195 6 468 0 0 0 0 0 0 0 0
48 4442 482 1064 306 2066 399 5383 115 3129 8 579 0 0 0 0 0 0 0 0
48 44511 895 1675 363 2496 392 5534 535 16472 631 45617 474 68311 201 72331 12 6974 0 0
48 44512 2410 4411 371 2408 131 1672 20 572 8 664 4 750 0 0 0 0 0 0
48 4452 565 1124 306 2057 190 2506 95 2634 12 806 0 0 0 0 0 0 0 0
48 4453 1336 2862 430 2826 164 2046 65 1739 5 304 0 0 0 0 0 0 0 0
48 446 2886 5615 1823 11837 818 11260 1731 44782 70 4366 10 1513 0 0 0 0 0 0
48 44611 839 1538 529 3498 405 5863 1523 37856 20 1200 3 419 0 0 0 0 0 0
48 447 4645 10815 3284 22245 2369 31140 997 25923 69 4288 24 4044 0 0 0 0 0 0
48 4481 2325 4899 2048 14105 1930 25400 1277 39241 469 29754 41 5597 7 2004 5 2990 0 0
48 44821 355 841 795 5279 529 6722 138 3756 52 3162 0 0 0 0 0 0 0 0
48 4483 762 1510 436 2918 232 2868 39 1063 4 242 0 0 0 0 0 0 0 0
48 4511 954 1805 464 2983 283 3809 361 11604 147 11361 24 3493 0 0 0 0 0 0
48 45113 110 214 50 314 34 467 37 1219 0 0 0 0 0 0 0 0 0 0
48 45114 117 270 64 390 30 412 43 1195 0 0 0 0 0 0 0 0 0 0
48 45121 211 367 95 610 62 814 57 1881 11 590 0 0 0 0 0 0 0 0
48 45221 0 0 0 0 0 0 10 426 164 11993 138 20186 11 3411 0 0 0 0
48 4523 645 1248 1998 13119 729 9740 459 13531 57 4408 321 54425 327 104399 0 0 0 0
48 4531 536 1100 191 1226 68 864 14 411 0 0 0 0 0 0 0 0 0 0
48 45321 123 257 41 261 166 2379 66 1441 0 0 0 0 0 0 0 0 0 0
48 45322 752 1576 395 2716 211 2763 85 2424 16 1104 3 370 0 0 0 0 0 0
48 4533 574 1027 274 1876 260 3794 249 6911 25 1634 4 539 0 0 0 0 0 0
48 4539 2018 3983 849 5563 385 5027 217 5902 23 1400 0 0 0 0 0 0 0 0
48 454110 1956 2858 380 2470 189 2485 99 3013 36 2405 20 3085 10 3297 7 4858 6 13462
48 4542 193 291 46 296 33 447 23 701 7 554 3 564 0 0 0 0 0 0
48 454310 165 380 100 689 53 719 17 478 3 228 0 0 0 0 0 0 0 0
48 45439 990 1486 219 1504 120 1633 56 1656 8 546 3 433 0 0 0 0 0 0
48 481 177 324 51 324 53 730 48 1455 13 813 18 2766 7 2495 5 4037 10 55224
48 482 11657 18176 3226 21184 2585 34714 2154 65476 832 57150 523 81339 186 63558 84 56727 47 126256
48 483 78 107 17 109 14 195 8 291 10 714 5 869 5 1685 0 0 0 0
48 484 7086 10256 1511 9865 1145 15485 1000 30815 339 23155 190 29760 62 21371 19 12016 3 7542
48 485 368 572 114 745 100 1313 100 3013 53 3691 44 6771 11 3467 5 3268 0 0
48 4853 185 298 34 219 25 311 17 487 7 473 5 761 0 0 0 0 0 0
48 486 287 473 166 1034 162 2077 111 3098 29 1956 12 1751 4 1258 3 2025 0 0
48 487 75 111 16 108 8 109 3 80 0 0 0 0 0 0 0 0 0 0
48 488 2542 4610 940 6226 711 9444 493 14786 191 12977 92 13805 36 12048 10 6391 6 13947
48 492 499 722 144 1008 150 2036 130 3807 67 4718 71 11272 26 8803 7 4813 14 29957
48 493 545 1001 267 1765 242 3325 261 8131 129 9063 91 14345 35 12431 35 24177 11 15581
48 5111 517 961 175 1106 118 1568 97 2871 28 1870 16 2441 3 988 0 0 0 0
48 51111 200 420 105 664 66 880 60 1792 13 883 4 560 0 0 0 0 0 0
48 5112 365 585 115 808 110 1533 120 3784 62 4481 59 9078 17 5637 13 8060 5 8477
48 5121 581 757 104 693 84 1178 157 5213 88 5934 50 7166 4 1034 0 0 0 0
48 5122 126 169 17 109 12 161 3 125 0 0 0 0 0 0 0 0 0 0
48 515 202 411 97 653 69 983 66 1956 67 4468 31 4555 0 0 0 0 0 0
48 517 2462 4835 1220 8234 902 12275 464 14591 152 10248 97 15517 35 11970 28 19381 7 12454
48 517311 1261 2383 382 2679 349 4814 280 9133 111 7557 71 11560 31 10572 17 12285 6 11282
48 5182 646 1095 162 1096 155 2231 130 4047 68 4922 60 9098 24 8508 16 12417 4 8270
48 5191 540 896 81 533 53 675 31 913 21 1484 13 1920 8 2787 0 0 0 0
48 51912 85 175 20 123 4 55 0 0 0 0 0 0 0 0 0 0 0 0
48 51913 367 563 48 322 49 620 25 752 18 1302 11 1564 8 2787 0 0 0 0
48 52 24938 46245 8630 55700 4469 57685 1861 55467 651 45134 421 63731 179 61256 85 58274 57 116424
48 522 7597 16254 5155 33861 2948 37603 953 28222 277 18951 172 25726 70 24179 41 28156 33 57666
48 5221 1627 3702 3330 22411 2368 30227 726 21315 196 13079 112 16448 25 8672 20 13385 18 26953
48 5241 1075 1734 338 2181 271 3604 227 6868 120 8615 79 12294 68 23026 29 19136 18 43005
48 5242 9279 17011 2217 13892 801 10504 391 11608 157 10790 108 16591 27 9449 5 3225 0 0
48 53 23838 37221 5515 35577 2301 29599 1077 31438 312 21516 171 26305 57 19326 13 8798 0 0
48 531 21194 32240 3960 25541 1405 17820 539 15750 186 13204 101 16366 43 14701 8 5543 0 0
48 5313 5175 8477 1488 9641 576 7405 245 7146 106 7549 52 8554 25 8499 6 3980 0 0
48 532 2351 4517 1515 9781 872 11433 520 15151 120 7880 65 9305 11 3533 5 3255 0 0
48 5321 638 1260 427 2691 247 3215 115 3414 31 1890 15 2245 0 0 0 0 0 0
48 5411 10781 18135 2180 14178 1002 13615 551 16787 165 11370 62 8609 10 3149 0 0 0 0
48 5412 7394 12406 1815 12238 832 11211 366 11206 123 8498 68 9637 20 6608 8 5762 10 15655
48 5413 5416 8715 1524 10218 1181 15981 900 27654 347 24325 187 27600 59 20054 25 17483 8 13844
48 5414 1600 2409 262 1734 96 1228 38 1057 11 739 3 391 0 0 0 0 0 0
48 5415 8791 11883 1132 7655 742 10276 593 18455 255 18047 183 27852 55 18502 21 14381 19 33936
48 5416 12561 15472 1230 7928 685 9181 511 15359 185 12651 138 21358 37 12516 17 12300 9 21413
48 5417 622 1039 157 1037 116 1579 83 2539 55 3926 31 4396 8 2673 8 5324 7 10663
48 5418 1637 2462 348 2259 255 3311 169 5012 50 3348 20 3038 9 3343 6 3803 0 0
48 5419 2615 3892 864 5858 919 12649 486 14058 75 5083 41 5826 7 2741 3 2231 0 0
48 54194 735 1429 583 4019 748 10308 389 11098 33 2119 8 1094 0 0 0 0 0 0
48 55 1656 2904 571 3822 640 8729 665 20979 406 28485 352 56341 147 49499 84 58842 50 96660
48 561 15360 25169 4375 28779 3046 41611 2493 77560 1220 85739 1036 161819 396 136922 172 117644 113 337296
48 5613 1804 2698 423 2858 431 6051 631 20415 528 37252 534 84412 231 79657 97 66558 66 245300
48 5614 1367 2520 475 3096 216 2873 171 5228 80 5553 71 11006 38 13986 33 21961 17 31236
48 5615 632 1012 154 1013 74 997 45 1430 21 1491 13 1785 6 1831 4 3312 3 6619
48 5616 1051 1670 330 2180 314 4335 239 7553 114 8306 124 19304 31 10712 13 8800 13 27623
48 5617 6808 11414 2050 13438 1338 17957 948 28429 277 18922 139 20742 43 14371 13 9054 11 20038
48 56173 2931 4988 919 5948 575 7706 413 12378 110 7279 61 8629 11 3718 0 0 0 0
48 562 813 1525 346 2371 284 4009 281 8494 96 6357 62 10014 10 3251 0 0 0 0
48 611 3599 5693 1326 8855 1186 16362 911 28199 386 25920 197 30516 37 13788 23 17133 19 61165
48 6111 201 373 174 1207 268 3821 445 14255 254 17136 145 22786 24 8910 5 3305 4 10215
48 621 28220 49339 12327 82477 7967 106434 4236 123945 1146 77652 607 93340 190 63408 77 52691 34 55321
48 6211 12888 21422 4417 29181 2870 38310 1506 43932 309 20595 126 18462 47 15140 12 7700 10 17137
48 6212 4978 9685 4161 28127 2150 27905 394 10300 23 1448 8 1174 0 0 0 0 0 0
48 6213 7178 12700 2143 14249 998 13206 405 11699 64 4182 32 4808 11 3824 4 2530 0 0
48 62131 1780 3461 475 3036 133 1680 18 452 4 219 0 0 0 0 0 0 0 0
48 62132 1018 2246 655 4398 308 4011 73 2008 4 241 0 0 0 0 0 0 0 0
48 6214 1011 1883 649 4400 782 10493 671 19191 169 11033 62 9465 13 5096 3 2311 0 0
48 6216 951 1496 499 3503 716 10236 908 28170 449 31110 314 49466 103 33615 49 34085 18 25168
48 622 13 11 3 19 5 62 19 769 82 6290 224 36288 86 30080 89 64331 112 276230
48 6222 0 0 0 0 0 0 0 0 11 818 24 4269 16 5467 10 6966 0 0
48 623 1164 2468 760 5104 543 7538 810 26587 919 66901 548 76323 41 13177 3 1841 4 4273
48 6231 186 147 41 295 112 1479 179 6546 635 47747 403 55602 12 3397 0 0 3 2984
48 6241 2137 3503 724 4830 656 8916 521 16033 249 17075 211 32924 79 28379 34 23508 10 13878
48 6242 446 850 162 1084 125 1736 111 3315 39 2799 21 3147 7 2106 0 0 0 0
48 6243 154 292 69 498 53 731 49 1398 19 1217 11 1499 6 1949 0 0 0 0
48 6244 1327 2123 1131 7918 1726 24020 1336 38714 125 7670 15 2333 6 1911 0 0 0 0
48 711 1637 2279 237 1546 137 1829 94 2875 36 2641 33 4890 20 6915 4 2905 4 4767
48 7111 279 427 74 473 41 552 29 854 7 517 14 2267 5 1504 0 0 0 0
48 7112 139 191 23 150 11 151 18 610 5 356 7 1032 10 3554 0 0 0 0
48 7115 763 982 59 393 29 374 9 249 0 0 0 0 0 0 0 0 0 0
48 712 246 455 79 493 49 652 48 1356 9 569 20 3017 7 2422 3 1979 0 0
48 713 2402 3620 1009 6684 882 11874 799 25111 341 23964 176 26423 31 11170 7 4069 3 7094
48 71395 18 32 16 114 29 412 60 1905 10 688 7 889 0 0 0 0 0 0
48 721 2238 3812 1012 6731 1440 20107 1132 32391 199 13583 157 23733 37 12828 23 16286 0 0
48 7211 1795 3049 885 5924 1369 19184 1091 31058 189 12931 151 22805 36 12546 23 16286 0 0
48 722 13877 21786 8582 58584 11310 160347 14184 429463 4576 307578 980 133126 47 15610 8 5044 4 5249
48 7224 930 1540 733 5020 634 8501 407 12464 80 5404 21 2667 0 0 0 0 0 0
48 8111 6937 13147 2991 19909 1490 19495 695 20247 141 8817 19 2869 0 0 0 0 0 0
48 811192 684 1089 247 1656 191 2622 245 7959 93 5798 4 730 0 0 0 0 0 0
48 8112 660 1143 167 1069 86 1069 45 1534 16 1066 17 2681 3 1163 0 0 0 0
48 8113 1120 2054 363 2421 293 3973 166 5100 66 4556 37 5333 6 2067 4 2428 6 10408
48 8114 1044 1792 228 1460 72 958 19 535 3 210 0 0 0 0 0 0 0 0
48 8121 5346 8542 1602 10909 987 13105 528 14646 63 3955 9 1048 0 0 0 0 0 0
48 812111 190 259 57 409 85 1154 27 740 4 241 0 0 0 0 0 0 0 0
48 812112 2890 4825 1093 7499 603 7806 258 7171 41 2682 5 551 0 0 0 0 0 0
48 8122 615 1349 358 2438 222 3008 74 2073 10 671 0 0 0 0 0 0 0 0
48 8123 1522 2954 546 3598 425 5609 170 4568 45 3127 26 3817 4 1490 0 0 0 0
48 8129 2216 3542 612 4072 396 5327 219 6315 50 3479 21 3352 6 2038 0 0 0 0
48 813 12491 23946 4235 27345 2215 29841 1532 46599 472 32760 198 28587 29 9573 9 5915 4 6049
48 8131 8029 15981 3104 20034 1597 21516 1223 37324 369 25408 155 22191 25 8114 6 3956 4 6049
48 8139 2047 3753 507 3255 256 3423 146 4297 33 2306 17 2667 0 0 0 0 0 0
48 81393 242 507 139 920 69 910 37 1051 4 259 4 678 0 0 0 0 0 0
48 814 31951 58469 11102 73221 6186 82385 3448 101617 866 58641 330 48007 51 17331 17 10898 11 18095
49 111 80 104 10 67 3 39 0 0 0 0 0 0 0 0 0 0 0 0
49 112 80 104 10 67 3 39 0 0 0 0 0 0 0 0 0 0 0 0
49 113 7 2 0 0 0 0 0 0 0 0 0 0 0 0 0 0 0 0
49 1133 6 2 0 0 0 0 0 0 0 0 0 0 0 0 0 0 0 0
49 114 8 20 0 0 0 0 0 0 0 0 0 0 0 0 0 0 0 0
49 115 65 82 10 67 3 39 0 0 0 0 0 0 0 0 0 0 0 0
49 211 26 40 3 21 4 58 3 66 3 247 0 0 0 0 0 0 0 0
49 2121 0 0 0 0 0 0 0 0 0 0 0 0 3 959 0 0 0 0
49 2122 4 1 3 18 0 0 0 0 0 0 0 0 0 0 0 0 0 0
49 2123 32 61 11 70 13 180 11 358 0 0 3 523 0 0 0 0 0 0
49 213 148 206 56 383 31 421 27 713 5 365 0 0 0 0 0 0 0 0
49 22 103 204 31 224 38 558 32 1102 8 541 5 697 0 0 0 0 0 0
49 221 103 204 31 224 38 558 32 1102 8 541 5 697 0 0 0 0 0 0
49 2211 58 123 23 173 31 457 31 1081 7 474 4 576 0 0 0 0 0 0
49 2213 43 77 7 44 7 101 0 0 0 0 0 0 0 0 0 0 0 0
49 22132 43 77 7 44 7 101 0 0 0 0 0 0 0 0 0 0 0 0
49 23 7049 10871 1719 11353 1027 13727 624 18933 196 13496 74 11115 22 7695 5 3453 3 5105
49 3 1357 2397 617 4144 522 7287 431 13584 224 15455 160 24667 65 22385 16 10184 19 28855
49 31 1357 2397 617 4144 522 7287 431 13584 224 15455 160 24667 65 22385 16 10184 19 28855
49 311 112 172 45 333 73 1017 48 1454 21 1396 25 3986 13 4220 5 2784 0 0
49 3113 12 16 9 64 14 191 5 164 0 0 0 0 0 0 0 0 0 0
49 3114 5 9 3 17 3 48 4 148 0 0 3 362 0 0 0 0 0 0
49 3115 8 4 0 0 3 41 0 0 4 285 3 632 5 1509 0 0 0 0
49 3116 14 35 8 63 6 88 3 94 0 0 4 764 0 0 0 0 0 0
49 3118 51 63 17 130 32 435 19 514 4 295 6 846 0 0 0 0 0 0
49 311811 15 23 15 115 17 233 11 308 0 0 0 0 0 0 0 0 0 0
49 3121 23 29 22 157 4 65 6 185 4 245 0 0 0 0 0 0 0 0
49 3122 23 29 24 169 4 65 6 185 4 245 0 0 0 0 0 0 0 0
49 3131 8 14 4 27 0 0 0 0 0 0 0 0 0 0 0 0 0 0
49 3133 5 11 3 20 0 0 0 0 0 0 0 0 0 0 0 0 0 0
49 314 30 44 10 64 6 76 4 162 3 273 0 0 0 0 0 0 0 0
49 31411 13 17 6 41 0 0 0 0 0 0 0 0 0 0 0 0 0 0
49 315 32 55 10 67 4 63 5 132 0 0 0 0 0 0 0 0 0 0
49 316 11 23 3 20 6 78 0 0 0 0 0 0 0 0 0 0 0 0
49 3162 11 23 3 20 6 78 0 0 0 0 0 0 0 0 0 0 0 0
49 3211 3 6 5 33 0 0 0 0 0 0 0 0 0 0 0 0 0 0
49 3212 0 0 0 0 3 33 8 283 4 311 0 0 0 0 0 0 0 0
49 3219 65 116 34 222 23 328 25 765 5 333 4 477 0 0 0 0 0 0
49 32199 31 49 11 76 6 83 7 204 0 0 0 0 0 0 0 0 0 0
49 3222 5 10 0 0 3 38 6 170 6 395 5 798 0 0 0 0 0 0
49 32221 0 0 0 0 0 0 0 0 3 177 4 583 0 0 0 0 0 0
49 3231 110 209 33 195 41 563 25 794 17 1255 7 938 0 0 0 0 0 0
49 3241 8 24 6 47 0 0 0 0 0 0 0 0 3 874 0 0 0 0
49 32411 0 0 0 0 0 0 0 0 0 0 0 0 3 874 0 0 0 0
49 325 53 85 38 256 32 479 28 898 17 1203 13 2102 9 3225 0 0 0 0
49 3252 0 0 0 0 3 51 4 128 0 0 0 0 0 0 0 0 0 0
49 3253 5 8 3 23 0 0 0 0 0 0 0 0 0 0 0 0 0 0
49 3254 18 29 10 64 12 179 14 475 9 674 9 1589 4 1710 0 0 0 0
49 3255 4 9 6 42 4 59 0 0 0 0 0 0 0 0 0 0 0 0
49 3256 12 11 6 45 5 79 3 79 0 0 0 0 3 875 0 0 0 0
49 3261 34 49 31 212 18 263 21 675 11 789 15 2294 5 1709 0 0 0 0
49 3262 4 4 4 28 3 39 3 72 0 0 0 0 0 0 0 0 0 0
49 327 60 110 26 175 29 384 20 667 18 1186 7 994 0 0 0 0 0 0
49 32711 6 8 0 0 0 0 0 0 0 0 0 0 0 0 0 0 0 0
49 3272 4 8 0 0 0 0 0 0 0 0 0 0 0 0 0 0 0 0
49 3279 17 36 10 73 13 155 6 191 3 193 0 0 0 0 0 0 0 0
49 331 19 20 8 57 5 67 8 274 0 0 6 1110 4 1727 0 0 0 0
49 3313 19 20 8 57 5 67 8 274 0 0 6 1110 4 1727 0 0 0 0
49 3314 3 5 4 27 0 0 0 0 0 0 3 503 0 0 0 0 0 0
49 3315 6 5 4 30 0 0 6 190 0 0 0 0 0 0 0 0 0 0
49 332 256 506 116 760 103 1447 85 2593 44 2871 17 2426 5 1725 0 0 0 0
49 3321 5 6 4 29 0 0 0 0 3 177 0 0 0 0 0 0 0 0
49 3322 10 16 0 0 0 0 0 0 0 0 0 0 0 0 0 0 0 0
49 3327 114 234 45 297 40 550 31 929 8 494 4 616 0 0 0 0 0 0
49 3328 19 48 13 94 12 155 6 217 0 0 0 0 0 0 0 0 0 0
49 33299 34 57 13 82 12 176 7 266 8 592 3 480 0 0 0 0 0 0
49 333 66 122 31 221 31 426 29 979 9 594 12 1685 6 1968 0 0 0 0
49 3331 5 13 7 49 9 115 5 124 0 0 3 412 0 0 0 0 0 0
49 3333 6 8 0 0 7 94 3 94 0 0 3 481 0 0 0 0 0 0
49 3335 21 41 9 68 4 53 0 0 0 0 0 0 0 0 0 0 0 0
49 334 44 83 26 169 13 182 18 637 20 1388 9 1235 5 1582 3 1990 5 9209
49 3341 7 17 4 23 0 0 0 0 0 0 0 0 0 0 0 0 0 0
49 3345 15 26 13 87 5 80 8 258 12 829 6 754 0 0 3 1990 4 7645
49 335 14 24 4 27 5 66 6 188 3 211 3 608 0 0 0 0 0 0
49 336 31 60 19 118 16 213 13 417 11 876 12 2076 4 1533 0 0 5 6872
49 33641 7 10 3 19 0 0 3 92 0 0 5 875 0 0 0 0 0 0
49 3365 31 60 19 118 16 213 13 417 11 876 12 2076 4 1533 0 0 5 6872
49 3366 3 7 0 0 0 0 0 0 0 0 0 0 0 0 0 0 0 0
49 3369 4 9 0 0 0 0 3 77 0 0 0 0 0 0 0 0 0 0
49 337 108 217 63 442 47 634 33 947 15 993 6 905 0 0 0 0 0 0
49 3391 120 205 29 194 22 317 16 502 4 294 9 1437 3 1113 0 0 4 6243
49 3399 137 204 46 296 29 428 19 607 6 431 6 920 5 1718 0 0 0 0
49 4 4531 6559 2155 14562 1832 24480 1012 30077 298 20568 262 38747 58 17258 3 2159 0 0
49 42 1805 3025 692 4629 549 7522 403 12399 117 8081 67 10032 12 4768 12 7957 0 0
49 4231 88 157 53 356 58 797 26 839 10 693 6 780 0 0 0 0 0 0
49 4232 53 87 23 148 17 214 8 221 3 214 0 0 0 0 0 0 0 0
49 4233 65 136 42 313 53 733 34 1079 3 242 0 0 0 0 0 0 0 0
49 4234 205 344 51 353 31 415 40 1222 14 905 4 617 0 0 0 0 0 0
49 4235 32 54 15 108 14 196 16 545 5 369 0 0 0 0 0 0 0 0
49 4236 110 207 59 403 47 644 28 846 9 653 5 745 0 0 0 0 0 0
49 4237 71 146 57 375 34 477 24 706 9 608 3 476 0 0 0 0 0 0
49 4238 204 426 136 902 97 1292 58 1694 17 1063 7 1047 0 0 0 0 0 0
49 4239 200 309 44 285 48 646 29 840 12 868 8 1175 0 0 0 0 0 0
49 42393 27 48 16 94 12 178 8 227 0 0 0 0 0 0 0 0 0 0
49 424 459 753 175 1153 127 1798 127 3991 31 2197 26 3949 5 2048 9 5950 0 0
49 4241 33 55 16 109 9 138 12 363 0 0 0 0 0 0 0 0 0 0
49 4243 46 73 16 106 11 148 10 263 3 245 0 0 0 0 0 0 0 0
49 4244 113 184 32 208 25 371 37 1203 10 654 9 1421 0 0 4 2586 0 0
49 4245 8 11 3 15 0 0 0 0 0 0 0 0 0 0 0 0 0 0
49 4247 18 34 12 72 9 123 11 324 0 0 0 0 0 0 0 0 0 0
49 4248 6 9 4 32 0 0 0 0 0 0 0 0 0 0 0 0 0 0
49 4249 113 198 37 232 31 441 19 630 4 227 4 721 0 0 0 0 0 0
49 42491 22 30 7 46 8 107 4 135 0 0 0 0 0 0 0 0 0 0
49 4251 318 406 37 233 23 310 13 416 4 269 4 726 0 0 0 0 0 0
49 4411 224 380 50 320 49 666 68 2247 52 3668 34 5238 0 0 0 0 0 0
49 4412 50 105 39 279 34 462 22 676 6 436 0 0 0 0 0 0 0 0
49 4413 106 234 160 1179 234 3150 51 1367 3 178 0 0 0 0 0 0 0 0
49 442 215 412 139 925 83 1104 46 1355 5 264 7 1037 0 0 0 0 0 0
49 443141 21 56 23 155 16 198 6 134 0 0 0 0 0 0 0 0 0 0
49 443142 73 122 79 547 22 260 13 394 10 684 5 578 0 0 0 0 0 0
49 4441 205 388 147 971 116 1543 67 1908 6 406 44 7029 0 0 0 0 0 0
49 44413 52 81 35 200 25 363 23 576 0 0 0 0 0 0 0 0 0 0
49 4442 38 77 28 183 31 379 30 893 0 0 0 0 0 0 0 0 0 0
49 44511 62 104 32 214 53 738 47 1649 78 5759 100 13483 0 0 0 0 0 0
49 44512 47 75 33 225 19 255 0 0 0 0 0 0 0 0 0 0 0 0
49 4452 63 88 39 280 56 799 22 544 0 0 0 0 0 0 0 0 0 0
49 4453 16 34 12 78 25 301 4 86 0 0 0 0 0 0 0 0 0 0
49 446 296 520 195 1207 111 1622 118 3440 4 275 3 408 0 0 0 0 0 0
49 44611 42 68 49 339 65 970 87 2336 0 0 3 408 0 0 0 0 0 0
49 447 138 293 248 1748 286 3765 84 2278 11 683 0 0 0 0 0 0 0 0
49 4481 250 516 211 1475 212 2637 148 4592 29 1813 0 0 0 0 0 0 0 0
49 44821 47 128 85 543 38 463 8 255 0 0 0 0 0 0 0 0 0 0
49 4483 74 142 44 300 17 197 6 156 0 0 0 0 0 0 0 0 0 0
49 4511 195 367 128 836 114 1629 84 2463 17 1058 4 699 0 0 0 0 0 0
49 45113 12 19 15 87 12 166 13 466 3 176 0 0 0 0 0 0 0 0
49 45114 16 30 14 101 6 83 7 204 0 0 0 0 0 0 0 0 0 0
49 45121 27 58 25 163 14 181 19 493 0 0 0 0 0 0 0 0 0 0
49 45221 0 0 0 0 0 0 3 131 37 2570 5 647 0 0 0 0 0 0
49 4523 37 74 61 443 37 577 54 1633 5 363 38 6554 46 13674 0 0 0 0
49 4531 38 70 32 202 13 152 5 159 0 0 0 0 0 0 0 0 0 0
49 45321 21 45 9 57 19 274 6 147 0 0 0 0 0 0 0 0 0 0
49 45322 63 114 47 340 31 431 6 166 0 0 0 0 0 0 0 0 0 0
49 4533 39 78 24 168 18 252 12 391 3 140 0 0 0 0 0 0 0 0
49 4539 220 432 103 673 54 716 24 645 0 0 0 0 0 0 0 0 0 0
49 454110 696 964 111 709 97 1287 42 1276 18 1347 8 1234 5 1695 0 0 0 0
49 4542 20 33 3 23 0 0 3 103 0 0 0 0 0 0 0 0 0 0
49 454310 11 28 16 111 3 35 3 95 0 0 0 0 0 0 0 0 0 0
49 45439 1239 622 32 208 28 378 9 327 4 275 4 507 0 0 0 0 0 0
49 481 15 22 7 53 3 37 6 185 3 155 0 0 0 0 0 0 0 0
49 482 1516 2199 325 2160 248 3397 214 6435 85 5987 66 10012 21 7825 17 12087 4 16328
49 484 1063 1473 186 1203 138 1887 116 3458 50 3610 29 4498 9 3402 3 2004 0 0
49 485 59 85 8 56 7 92 10 301 3 214 0 0 0 0 0 0 0 0
49 4853 28 34 0 0 3 40 0 0 0 0 0 0 0 0 0 0 0 0
49 486 10 14 3 18 4 48 0 0 0 0 4 609 0 0 0 0 0 0
49 487 10 8 3 22 0 0 0 0 0 0 0 0 0 0 0 0 0 0
49 488 229 379 69 477 46 627 29 873 7 450 10 1547 0 0 0 0 0 0
49 492 66 88 26 181 18 268 25 791 9 655 9 1293 3 967 0 0 0 0
49 493 63 130 23 150 29 398 24 715 13 903 10 1537 5 1863 10 6974 0 0
49 5111 62 102 20 128 13 173 9 258 5 416 4 561 0 0 0 0 0 0
49 51111 11 20 7 48 4 55 6 176 0 0 3 461 0 0 0 0 0 0
49 5112 128 189 47 320 29 407 43 1358 22 1523 22 3687 14 4814 7 4569 0 0
49 5121 204 220 24 159 18 244 35 1173 9 604 7 1020 0 0 0 0 0 0
49 5122 30 33 0 0 0 0 0 0 0 0 0 0 0 0 0 0 0 0
49 515 26 37 10 71 12 161 6 188 3 215 3 450 0 0 0 0 0 0
49 517 257 513 172 1158 74 1021 40 1279 17 1252 11 1519 4 1457 3 1965 0 0
49 517311 115 218 41 283 31 468 29 953 12 940 9 1268 0 0 0 0 0 0
49 5182 135 210 26 190 31 417 26 926 17 1202 9 1452 6 1926 0 0 0 0
49 5191 134 159 19 120 10 132 10 360 3 185 5 655 0 0 0 0 0 0
49 51912 3 5 0 0 0 0 0 0 0 0 0 0 0 0 0 0 0 0
49 51913 110 131 16 102 8 108 8 294 0 0 4 534 0 0 0 0 0 0
49 52 3445 5723 934 6114 543 7035 245 7163 76 5370 58 9724 25 8299 10 7163 10 15674
49 522 997 1808 547 3635 379 4869 141 4049 39 2845 28 4554 16 5414 7 5046 6 10037
49 5221 214 523 407 2743 299 3822 82 2182 18 1277 17 2768 3 1055 5 3623 0 0
49 5241 159 258 57 360 34 469 19 605 10 716 13 2268 0 0 0 0 0 0
49 5242 1385 2351 233 1492 85 1116 50 1491 18 1157 10 1688 7 2287 0 0 0 0
49 53 4981 5819 547 3621 247 3180 110 3180 39 2616 15 2203 0 0 0 0 0 0
49 531 4695 5356 411 2724 160 2068 65 1866 28 1829 10 1540 0 0 0 0 0 0
49 5313 1176 1582 203 1319 78 981 34 960 17 1096 3 468 0 0 0 0 0 0
49 532 265 429 130 855 80 1023 43 1244 10 725 5 663 0 0 0 0 0 0
49 5321 73 122 40 264 20 243 16 488 3 223 0 0 0 0 0 0 0 0
49 5411 1194 1714 207 1336 100 1347 51 1486 15 1068 11 1553 0 0 0 0 0 0
49 5412 1161 1640 205 1351 100 1299 61 1911 29 1801 18 2884 3 865 0 0 3 4371
49 5413 918 1211 206 1356 138 1886 115 3568 42 2873 14 1931 0 0 0 0 0 0
49 5414 390 460 52 351 15 185 10 292 0 0 0 0 0 0 0 0 0 0
49 5415 1064 1399 176 1181 118 1630 102 2936 39 2749 30 4385 6 2567 4 2793 0 0
49 5416 2811 2941 181 1168 97 1319 65 1995 20 1356 13 1957 0 0 0 0 0 0
49 5417 132 213 31 210 33 427 27 815 6 431 4 579 0 0 3 1983 0 0
49 5418 344 440 49 333 35 505 21 756 15 929 4 485 0 0 0 0 0 0
49 5419 722 765 76 514 106 1407 52 1506 12 811 8 1097 4 1229 0 0 0 0
49 54194 79 132 32 226 76 1046 36 1033 3 197 0 0 0 0 0 0 0 0
49 55 184 282 60 401 78 1093 71 2189 33 2367 36 5999 14 4757 5 2983 4 9059
49 561 2909 3665 659 4302 379 5131 281 8673 141 9767 116 18291 50 17739 25 17260 30 73039
49 5613 182 223 48 305 43 579 60 1895 64 4341 62 9707 24 8686 12 8071 21 55775
49 5614 256 369 77 492 39 515 28 784 19 1302 14 2244 12 4123 7 4963 4 4468
49 5615 110 154 34 225 17 231 15 497 4 318 0 0 3 1160 0 0 0 0
49 5616 114 165 31 206 17 244 15 453 12 855 13 2151 0 0 0 0 0 0
49 5617 1703 2104 364 2385 202 2724 118 3692 27 1777 14 2237 3 1092 0 0 0 0
49 56173 842 973 167 1123 104 1380 45 1430 10 614 4 633 0 0 0 0 0 0
49 562 110 208 46 322 41 583 22 710 8 579 3 392 3 903 0 0 0 0
49 611 604 799 179 1196 201 2781 157 4980 71 4951 47 6639 10 3470 3 1727 3 32298
49 6111 26 47 16 114 30 418 42 1493 47 3227 33 4420 5 1583 0 0 0 0
49 621 3721 5728 1295 8715 1027 13482 469 13773 117 8272 33 4988 8 2940 4 3010 0 0
49 6211 1341 1848 255 1697 251 3322 207 6203 40 2843 12 1678 4 1441 0 0 0 0
49 6212 662 1206 571 3958 440 5727 71 1897 4 297 0 0 0 0 0 0 0 0
49 6213 1396 2197 345 2218 179 2311 55 1589 9 621 0 0 0 0 0 0 0 0
49 62131 346 701 100 643 19 258 0 0 0 0 0 0 0 0 0 0 0 0
49 62132 117 215 59 375 40 500 0 0 0 0 0 0 0 0 0 0 0 0
49 6214 156 244 81 562 93 1246 67 1852 22 1536 5 825 0 0 0 0 0 0
49 6216 70 87 20 126 44 610 54 1713 26 1791 11 1662 0 0 0 0 0 0
49 622 0 0 0 0 0 0 0 0 5 335 22 3704 11 3661 10 6754 11 28316
49 6222 0 0 0 0 0 0 0 0 0 0 4 853 0 0 0 0 0 0
49 623 72 93 58 422 136 1881 151 4853 101 7177 73 10045 12 3779 0 0 0 0
49 6231 8 5 4 31 4 58 21 810 33 2305 36 4768 3 893 0 0 0 0
49 6241 353 485 83 532 68 925 54 1565 31 2248 7 1070 0 0 0 0 0 0
49 6242 39 68 7 44 21 294 14 412 3 158 3 441 0 0 0 0 0 0
49 6243 10 19 3 22 6 92 11 320 3 184 3 466 0 0 0 0 0 0
49 6244 223 343 96 672 122 1705 109 3056 14 852 0 0 0 0 0 0 0 0
49 711 443 478 38 246 29 391 12 366 12 700 7 1181 0 0 0 0 0 0
49 7111 54 51 9 65 7 106 5 175 4 239 0 0 0 0 0 0 0 0
49 7112 28 40 0 0 3 45 0 0 4 223 0 0 0 0 0 0 0 0
49 7115 289 283 9 62 8 111 0 0 0 0 0 0 0 0 0 0 0 0
49 712 15 18 11 74 3 47 3 82 3 230 3 523 0 0 0 0 0 0
49 713 319 409 118 780 111 1542 88 2745 53 3743 17 2396 5 2158 0 0 0 0
49 71395 3 8 5 45 11 162 10 337 6 432 0 0 0 0 0 0 0 0
49 721 242 402 109 737 156 2210 175 5287 38 2441 29 4491 8 3439 4 2422 0 0
49 7211 179 305 89 597 144 2030 174 5268 37 2365 28 4344 8 3439 4 2422 0 0
49 722 1281 1857 842 5983 1326 18711 1480 43538 382 25393 68 9052 4 1302 0 0 0 0
49 7224 43 79 48 334 39 513 18 540 3 218 0 0 0 0 0 0 0 0
49 8111 961 1785 356 2341 246 3278 71 2005 8 462 0 0 0 0 0 0 0 0
49 811192 95 120 28 194 28 394 19 666 4 223 0 0 0 0 0 0 0 0
49 8112 99 185 14 104 5 74 6 189 0 0 0 0 0 0 0 0 0 0
49 8113 154 243 46 289 30 393 17 434 4 291 0 0 0 0 0 0 0 0
49 8114 187 239 42 280 10 157 4 105 0 0 0 0 0 0 0 0 0 0
49 8121 827 1140 235 1601 139 1791 58 1802 5 300 0 0 0 0 0 0 0 0
49 812111 44 44 9 64 10 141 0 0 0 0 0 0 0 0 0 0 0 0
49 812112 511 670 133 909 79 1007 26 755 0 0 0 0 0 0 0 0 0 0
49 8122 54 120 27 199 19 269 7 187 0 0 0 0 0 0 0 0 0 0
49 8123 90 194 41 270 23 317 10 294 8 593 4 567 0 0 0 0 0 0
49 8129 329 463 77 515 51 696 16 575 3 183 0 0 0 0 0 0 0 0
49 813 748 1293 216 1355 96 1233 49 1468 23 1506 4 528 0 0 0 0 0 0
49 8131 221 398 72 444 29 360 23 687 8 537 0 0 0 0 0 0 0 0
49 8139 250 430 65 415 28 356 12 364 5 340 0 0 0 0 0 0 0 0
49 81393 43 93 20 133 9 110 3 102 0 0 0 0 0 0 0 0 0 0
49 814 3449 5662 1054 6954 619 8208 238 7059 54 3567 15 2039 0 0 0 0 0 0
50 111 113 170 18 112 5 67 0 0 0 0 0 0 0 0 0 0 0 0
50 112 113 170 18 112 5 67 0 0 0 0 0 0 0 0 0 0 0 0
50 113 66 110 11 65 0 0 0 0 0 0 0 0 0 0 0 0 0 0
50 1133 59 101 11 65 0 0 0 0 0 0 0 0 0 0 0 0 0 0
50 114 113 170 18 112 5 67 0 0 0 0 0 0 0 0 0 0 0 0
50 115 47 60 7 47 3 45 0 0 0 0 0 0 0 0 0 0 0 0
50 211 20 40 11 69 10 141 0 0 0 0 0 0 0 0 0 0 0 0
50 2121 20 40 11 69 9 126 0 0 0 0 0 0 0 0 0 0 0 0
50 2122 20 40 11 69 9 126 0 0 0 0 0 0 0 0 0 0 0 0
50 2123 20 40 11 69 9 126 0 0 0 0 0 0 0 0 0 0 0 0
50 213 20 40 11 69 10 141 0 0 0 0 0 0 0 0 0 0 0 0
50 22 29 56 12 80 11 167 7 187 0 0 4 588 0 0 0 0 0 0
50 221 29 56 12 80 11 167 7 187 0 0 4 588 0 0 0 0 0 0
50 2211 22 44 7 50 11 167 7 187 0 0 3 450 0 0 0 0 0 0
50 2212 29 56 12 80 11 167 7 187 0 0 4 588 0 0 0 0 0 0
50 2213 7 12 5 30 0 0 0 0 0 0 0 0 0 0 0 0 0 0
50 22132 7 12 5 30 0 0 0 0 0 0 0 0 0 0 0 0 0 0
50 23 1939 3025 411 2669 189 2455 104 3115 17 1216 11 1385 0 0 0 0 0 0
50 3 495 867 158 1047 150 2088 127 4061 59 4296 42 6250 20 6952 0 0 0 0
50 31 495 867 158 1047 150 2088 127 4061 59 4296 42 6250 20 6952 0 0 0 0
50 311 92 164 31 201 27 367 31 974 13 964 6 957 5 1971 0 0 0 0
50 3113 14 24 0 0 6 76 5 181 0 0 0 0 0 0 0 0 0 0
50 3114 6 6 0 0 0 0 0 0 0 0 0 0 0 0 0 0 0 0
50 3115 11 24 4 29 3 35 5 203 0 0 4 643 0 0 0 0 0 0
50 3116 3 3 0 0 0 0 5 175 0 0 0 0 0 0 0 0 0 0
50 3118 30 63 13 87 6 81 5 116 4 248 0 0 0 0 0 0 0 0
50 311811 16 35 6 41 3 33 0 0 0 0 0 0 0 0 0 0 0 0
50 3121 33 55 15 92 16 231 13 421 4 305 0 0 0 0 0 0 0 0
50 3122 33 55 15 92 16 231 13 421 4 305 0 0 0 0 0 0 0 0
50 3131 3 5 0 0 0 0 0 0 0 0 0 0 0 0 0 0 0 0
50 3132 4 8 0 0 0 0 0 0 0 0 0 0 0 0 0 0 0 0
50 3133 4 8 0 0 0 0 0 0 0 0 0 0 0 0 0 0 0 0
50 314 7 7 4 36 0 0 0 0 0 0 0 0 0 0 0 0 0 0
50 31411 7 7 4 36 0 0 0 0 0 0 0 0 0 0 0 0 0 0
50 315 3 1 0 0 0 0 3 79 0 0 0 0 0 0 0 0 0 0
50 316 6 6 0 0 0 0 0 0 0 0 0 0 0 0 0 0 0 0
50 3162 6 6 0 0 0 0 0 0 0 0 0 0 0 0 0 0 0 0
50 3211 15 17 4 28 7 99 6 213 0 0 0 0 0 0 0 0 0 0
50 3212 0 0 0 0 3 40 0 0 0 0 0 0 0 0 0 0 0 0
50 3219 31 45 8 53 13 212 5 145 4 329 0 0 0 0 0 0 0 0
50 32199 18 26 3 22 8 130 0 0 0 0 0 0 0 0 0 0 0 0
50 3231 35 78 9 58 10 123 9 324 0 0 0 0 0 0 0 0 0 0
50 3241 4 8 0 0 0 0 0 0 0 0 0 0 0 0 0 0 0 0
50 32411 4 8 0 0 0 0 0 0 0 0 0 0 0 0 0 0 0 0
50 325 23 41 7 54 7 92 5 160 0 0 0 0 0 0 0 0 0 0
50 3253 0 0 0 0 3 40 0 0 0 0 0 0 0 0 0 0 0 0
50 3254 6 8 0 0 0 0 0 0 0 0 0 0 0 0 0 0 0 0
50 3255 3 9 0 0 0 0 0 0 0 0 0 0 0 0 0 0 0 0
50 3256 7 10 0 0 0 0 0 0 0 0 0 0 0 0 0 0 0 0
50 3261 9 20 3 19 0 0 4 118 0 0 3 471 0 0 0 0 0 0
50 327 47 78 20 128 13 178 11 365 6 379 3 427 0 0 0 0 0 0
50 32711 3 2 5 30 0 0 0 0 0 0 0 0 0 0 0 0 0 0
50 327120 3 2 5 30 0 0 0 0 0 0 0 0 0 0 0 0 0 0
50 3272 11 23 0 0 3 37 0 0 0 0 0 0 0 0 0 0 0 0
50 3279 21 35 13 86 6 86 8 280 0 0 0 0 0 0 0 0 0 0
50 332 51 93 16 105 11 168 10 306 7 557 3 394 0 0 0 0 0 0
50 3322 51 93 16 105 11 168 10 306 7 557 3 394 0 0 0 0 0 0
50 3327 26 49 6 42 6 87 3 70 4 327 0 0 0 0 0 0 0 0
50 3328 6 14 0 0 0 0 0 0 0 0 0 0 0 0 0 0 0 0
50 333 20 34 7 55 11 147 8 307 5 355 8 1357 0 0 0 0 0 0
50 3331 20 34 7 55 11 147 8 307 5 355 8 1357 0 0 0 0 0 0
50 33311 20 34 7 55 11 147 8 307 5 355 8 1357 0 0 0 0 0 0
50 3335 7 12 4 31 3 37 0 0 0 0 0 0 0 0 0 0 0 0
50 334 15 27 8 60 3 42 0 0 3 216 0 0 0 0 0 0 0 0
50 3341 15 27 8 60 3 42 0 0 3 216 0 0 0 0 0 0 0 0
50 3345 7 17 6 45 0 0 0 0 0 0 0 0 0 0 0 0 0 0
50 335 0 0 0 0 4 53 4 137 3 174 3 435 0 0 0 0 0 0
50 3352 0 0 0 0 4 53 4 137 3 174 3 435 0 0 0 0 0 0
50 336 7 12 3 14 5 67 0 0 0 0 0 0 0 0 0 0 0 0
50 3365 7 12 3 14 5 67 0 0 0 0 0 0 0 0 0 0 0 0
50 3366 7 12 3 14 5 67 0 0 0 0 0 0 0 0 0 0 0 0
50 3369 7 12 3 14 5 67 0 0 0 0 0 0 0 0 0 0 0 0
50 337 37 68 9 64 6 87 0 0 4 279 0 0 0 0 0 0 0 0
50 3391 9 18 0 0 0 0 0 0 0 0 0 0 0 0 0 0 0 0
50 3399 41 75 7 41 8 92 5 126 3 214 0 0 0 0 0 0 0 0
50 4 1250 2491 820 5504 589 8038 266 7596 80 5488 57 8642 0 0 0 0 0 0
50 42 384 708 147 991 115 1553 63 1936 23 1639 16 2514 3 1029 0 0 0 0
50 4231 25 52 13 81 11 155 8 273 0 0 0 0 0 0 0 0 0 0
50 4232 7 14 0 0 0 0 3 98 0 0 0 0 0 0 0 0 0 0
50 4233 22 27 4 31 9 128 6 156 0 0 0 0 0 0 0 0 0 0
50 4234 32 56 13 80 9 129 4 127 0 0 0 0 0 0 0 0 0 0
50 4235 4 10 6 44 0 0 0 0 0 0 0 0 0 0 0 0 0 0
50 4236 30 67 10 71 8 117 0 0 0 0 0 0 0 0 0 0 0 0
50 4237 18 48 12 70 4 47 0 0 0 0 0 0 0 0 0 0 0 0
50 4238 52 111 14 96 21 272 11 310 3 201 0 0 0 0 0 0 0 0
50 4239 40 75 15 101 7 101 5 132 0 0 0 0 0 0 0 0 0 0
50 42393 4 4 4 31 0 0 0 0 0 0 0 0 0 0 0 0 0 0
50 424 110 192 51 361 39 520 20 629 15 1064 11 1796 3 1029 0 0 0 0
50 4241 7 17 0 0 0 0 0 0 0 0 0 0 0 0 0 0 0 0
50 4243 8 11 5 38 5 65 0 0 3 226 0 0 0 0 0 0 0 0
50 4244 38 56 17 122 10 130 6 143 6 449 4 615 0 0 0 0 0 0
50 4245 4 6 0 0 0 0 0 0 0 0 0 0 0 0 0 0 0 0
50 4247 5 13 8 58 0 0 0 0 0 0 0 0 0 0 0 0 0 0
50 4248 8 14 0 0 4 46 0 0 0 0 4 648 0 0 0 0 0 0
50 4249 24 42 7 52 11 152 4 118 0 0 0 0 0 0 0 0 0 0
50 42491 10 19 0 0 0 0 3 79 0 0 0 0 0 0 0 0 0 0
50 4251 44 56 7 45 5 61 0 0 0 0 0 0 0 0 0 0 0 0
50 4411 65 133 22 144 21 294 36 1208 18 1139 5 716 0 0 0 0 0 0
50 4412 17 38 11 77 9 131 4 101 0 0 0 0 0 0 0 0 0 0
50 4413 35 81 57 405 45 630 7 172 0 0 0 0 0 0 0 0 0 0
50 442 71 144 44 281 16 225 7 202 0 0 0 0 0 0 0 0 0 0
50 443141 6 11 9 51 8 97 0 0 0 0 0 0 0 0 0 0 0 0
50 443142 15 27 12 76 0 0 0 0 0 0 0 0 0 0 0 0 0 0
50 4441 74 159 56 355 59 825 21 621 0 0 6 838 0 0 0 0 0 0
50 44413 23 47 19 131 32 437 4 118 0 0 0 0 0 0 0 0 0 0
50 4442 29 58 25 182 19 263 6 137 0 0 0 0 0 0 0 0 0 0
50 44511 35 66 30 197 45 626 45 1377 30 2148 29 4413 0 0 0 0 0 0
50 44512 37 81 23 151 17 244 0 0 0 0 0 0 0 0 0 0 0 0
50 4452 33 56 14 94 7 93 0 0 0 0 0 0 0 0 0 0 0 0
50 4453 95 146 11 72 8 111 4 93 0 0 0 0 0 0 0 0 0 0
50 446 57 127 43 293 40 519 26 604 0 0 0 0 0 0 0 0 0 0
50 44611 9 25 30 211 35 452 23 522 0 0 0 0 0 0 0 0 0 0
50 447 94 228 160 1090 117 1651 17 454 0 0 0 0 0 0 0 0 0 0
50 4481 70 134 48 321 35 452 19 526 7 434 0 0 0 0 0 0 0 0
50 44821 9 31 17 119 8 104 0 0 0 0 0 0 0 0 0 0 0 0
50 4483 23 44 18 115 0 0 0 0 0 0 0 0 0 0 0 0 0 0
50 4511 90 182 36 235 31 399 12 354 3 242 0 0 0 0 0 0 0 0
50 45113 22 40 0 0 4 67 0 0 0 0 0 0 0 0 0 0 0 0
50 45114 4 8 3 22 0 0 0 0 0 0 0 0 0 0 0 0 0 0
50 45121 13 29 8 53 5 71 0 0 0 0 0 0 0 0 0 0 0 0
50 45221 0 0 0 0 0 0 3 122 4 316 0 0 0 0 0 0 0 0
50 4523 20 42 48 326 21 271 13 334 3 212 8 1441 0 0 0 0 0 0
50 4531 28 57 6 45 0 0 0 0 0 0 0 0 0 0 0 0 0 0
50 45321 3 6 0 0 4 67 0 0 0 0 0 0 0 0 0 0 0 0
50 45322 44 86 15 99 6 73 0 0 0 0 0 0 0 0 0 0 0 0
50 4533 55 97 16 107 5 78 5 160 0 0 0 0 0 0 0 0 0 0
50 4539 76 139 27 182 11 134 7 196 0 0 0 0 0 0 0 0 0 0
50 454110 85 154 23 157 9 114 9 284 3 183 5 766 0 0 0 0 0 0
50 454310 36 82 30 209 31 421 10 260 0 0 0 0 0 0 0 0 0 0
50 45439 34 50 8 51 5 72 0 0 0 0 0 0 0 0 0 0 0 0
50 481 3 10 0 0 0 0 0 0 0 0 0 0 0 0 0 0 0 0
50 482 275 455 67 444 56 741 48 1415 20 1447 7 1073 0 0 0 0 0 0
50 484 178 271 37 251 35 469 24 697 6 391 0 0 0 0 0 0 0 0
50 485 24 38 12 79 10 131 11 419 4 305 0 0 0 0 0 0 0 0
50 4853 12 14 5 34 5 58 0 0 0 0 0 0 0 0 0 0 0 0
50 486 275 455 67 444 56 741 48 1415 20 1447 7 1073 0 0 0 0 0 0
50 487 4 3 0 0 0 0 0 0 0 0 0 0 0 0 0 0 0 0
50 488 39 72 12 81 4 55 4 91 0 0 0 0 0 0 0 0 0 0
50 492 9 24 0 0 4 56 0 0 5 406 4 629 0 0 0 0 0 0
50 493 15 32 3 16 0 0 6 142 0 0 0 0 0 0 0 0 0 0
50 5111 32 59 10 68 10 134 11 330 0 0 0 0 0 0 0 0 0 0
50 51111 12 28 6 42 6 85 6 171 0 0 0 0 0 0 0 0 0 0
50 5112 15 18 5 29 4 66 5 169 0 0 3 346 0 0 0 0 0 0
50 5121 27 43 7 48 11 155 5 143 0 0 0 0 0 0 0 0 0 0
50 5122 9 16 0 0 0 0 0 0 0 0 0 0 0 0 0 0 0 0
50 515 15 32 9 65 13 177 4 132 4 272 0 0 0 0 0 0 0 0
50 517 94 192 32 229 16 215 12 363 0 0 4 539 0 0 0 0 0 0
50 517311 68 134 21 148 11 156 9 271 0 0 4 539 0 0 0 0 0 0
50 5182 20 31 0 0 7 106 3 74 4 259 0 0 3 909 0 0 0 0
50 5191 56 124 16 93 9 130 0 0 0 0 0 0 0 0 0 0 0 0
50 51912 36 90 15 87 7 105 0 0 0 0 0 0 0 0 0 0 0 0
50 51913 19 31 0 0 0 0 0 0 0 0 0 0 0 0 0 0 0 0
50 52 500 1037 249 1608 87 1132 40 1220 21 1554 5 619 3 1136 0 0 0 0
50 522 132 339 153 983 47 591 18 590 11 860 4 521 0 0 0 0 0 0
50 5221 100 296 147 944 38 475 18 590 11 860 4 521 0 0 0 0 0 0
50 5241 46 78 14 99 6 68 4 115 0 0 0 0 0 0 0 0 0 0
50 5242 169 367 52 338 23 316 14 407 7 478 0 0 0 0 0 0 0 0
50 53 594 957 106 673 51 690 24 654 0 0 0 0 0 0 0 0 0 0
50 531 547 866 72 459 35 492 18 492 0 0 0 0 0 0 0 0 0 0
50 5313 175 298 33 218 21 283 9 226 0 0 0 0 0 0 0 0 0 0
50 532 47 91 33 206 16 198 5 132 0 0 0 0 0 0 0 0 0 0
50 5321 14 34 3 16 11 137 0 0 0 0 0 0 0 0 0 0 0 0
50 5411 286 523 81 535 23 305 7 248 4 224 0 0 0 0 0 0 0 0
50 5412 176 282 57 378 25 336 12 330 3 187 0 0 0 0 0 0 0 0
50 5413 248 380 49 332 30 393 16 446 5 333 0 0 0 0 0 0 0 0
50 5414 81 135 12 81 3 32 0 0 0 0 0 0 0 0 0 0 0 0
50 5415 209 344 39 242 20 245 14 496 5 299 0 0 0 0 0 0 0 0
50 5416 280 404 28 184 18 240 9 275 3 181 3 407 0 0 0 0 0 0
50 5417 29 58 8 47 7 86 7 192 0 0 0 0 0 0 0 0 0 0
50 5418 54 94 10 70 6 83 5 148 0 0 0 0 0 0 0 0 0 0
50 5419 115 171 37 259 35 452 15 377 0 0 0 0 0 0 0 0 0 0
50 54194 48 87 31 218 35 452 13 319 0 0 0 0 0 0 0 0 0 0
50 55 32 57 10 69 8 121 11 396 9 715 4 560 0 0 0 0 0 0
50 561 824 1042 143 953 65 908 39 1113 17 1276 12 1883 0 0 0 0 0 0
50 5613 49 65 7 44 7 121 3 112 7 478 6 981 0 0 0 0 0 0
50 5614 33 55 12 76 3 32 0 0 0 0 0 0 0 0 0 0 0 0
50 5615 30 57 7 51 5 61 5 148 0 0 0 0 0 0 0 0 0 0
50 5616 22 37 8 46 4 56 5 141 0 0 3 374 0 0 0 0 0 0
50 5617 594 692 89 598 39 534 18 475 3 285 0 0 0 0 0 0 0 0
50 56173 434 429 45 294 15 201 7 194 0 0 0 0 0 0 0 0 0 0
50 562 45 90 27 167 18 250 9 308 0 0 0 0 0 0 0 0 0 0
50 611 208 341 62 411 62 804 50 1475 18 1256 13 2103 0 0 0 0 4 7089
50 6111 15 36 15 98 19 236 29 882 13 918 4 559 0 0 0 0 0 0
50 621 558 1026 292 1909 217 2997 107 3121 30 2214 18 2605 4 1682 0 0 0 0
50 6211 140 224 56 348 57 749 44 1288 6 427 3 347 0 0 0 0 0 0
50 6212 78 151 98 667 69 936 9 265 0 0 0 0 0 0 0 0 0 0
50 6213 266 494 84 547 41 551 12 310 0 0 0 0 0 0 0 0 0 0
50 62131 68 143 21 127 0 0 0 0 0 0 0 0 0 0 0 0 0 0
50 62132 27 66 11 72 8 108 0 0 0 0 0 0 0 0 0 0 0 0
50 6214 41 101 36 230 30 464 26 755 10 826 9 1290 0 0 0 0 0 0
50 6216 12 20 6 42 5 92 4 145 8 623 6 968 0 0 0 0 0 0
50 622 0 0 0 0 0 0 0 0 0 0 0 0 5 1883 7 5584 3 8285
50 6222 0 0 0 0 0 0 0 0 0 0 0 0 5 1883 7 5584 3 8285
50 623 24 44 39 276 64 867 46 1444 36 2674 17 2426 0 0 0 0 0 0
50 6231 3 10 5 34 3 45 11 400 21 1621 10 1494 0 0 0 0 0 0
50 6241 131 224 55 349 49 643 45 1324 15 1044 6 706 0 0 0 0 0 0
50 6242 35 65 21 136 16 225 8 232 3 183 0 0 0 0 0 0 0 0
50 6243 7 13 0 0 0 0 5 144 0 0 0 0 0 0 0 0 0 0
50 6244 75 165 74 486 60 792 30 861 4 298 0 0 0 0 0 0 0 0
50 711 122 167 13 83 12 154 5 161 0 0 0 0 0 0 0 0 0 0
50 7111 19 36 3 18 4 44 0 0 0 0 0 0 0 0 0 0 0 0
50 7112 3 3 0 0 0 0 0 0 0 0 0 0 0 0 0 0 0 0
50 7115 62 79 3 19 0 0 0 0 0 0 0 0 0 0 0 0 0 0
50 712 32 60 9 61 5 72 8 233 0 0 0 0 0 0 0 0 0 0
50 713 137 183 39 251 42 539 26 774 6 456 4 696 0 0 0 0 0 0
50 71395 0 0 0 0 5 56 0 0 0 0 0 0 0 0 0 0 0 0
50 721 217 347 68 470 44 605 62 1840 14 1018 9 1299 3 1128 3 2013 3 3761
50 7211 153 255 62 438 43 589 60 1788 14 1018 9 1299 3 1128 3 2013 3 3761
50 722 482 771 280 1929 389 5382 300 9012 57 3557 7 959 0 0 0 0 0 0
50 7224 41 86 33 212 19 246 9 248 0 0 0 0 0 0 0 0 0 0
50 8111 358 699 98 650 41 505 6 174 0 0 0 0 0 0 0 0 0 0
50 811192 19 33 4 23 3 34 0 0 0 0 0 0 0 0 0 0 0 0
50 8112 29 51 0 0 0 0 0 0 0 0 0 0 0 0 0 0 0 0
50 8113 38 57 8 51 0 0 0 0 0 0 0 0 0 0 0 0 0 0
50 8114 39 52 8 55 0 0 0 0 0 0 0 0 0 0 0 0 0 0
50 8121 172 298 48 338 20 253 7 183 0 0 0 0 0 0 0 0 0 0
50 812111 5 12 0 0 0 0 0 0 0 0 0 0 0 0 0 0 0 0
50 812112 99 184 34 244 13 169 5 120 0 0 0 0 0 0 0 0 0 0
50 8122 58 93 9 52 4 49 0 0 0 0 0 0 0 0 0 0 0 0
50 8123 32 64 7 46 3 33 0 0 0 0 0 0 0 0 0 0 0 0
50 8129 74 129 12 76 10 120 5 117 0 0 0 0 0 0 0 0 0 0
50 813 640 1246 207 1318 89 1215 29 827 6 432 0 0 0 0 0 0 0 0
50 8131 257 546 89 556 17 247 11 333 3 181 0 0 0 0 0 0 0 0
50 8139 137 249 31 203 17 246 6 150 0 0 0 0 0 0 0 0 0 0
50 81393 21 40 8 55 5 66 0 0 0 0 0 0 0 0 0 0 0 0
50 814 1440 2689 399 2599 169 2198 50 1384 8 545 0 0 0 0 0 0 0 0
51 111 437 760 115 764 56 715 24 746 0 0 3 546 0 0 0 0 0 0
51 112 437 760 115 764 56 715 24 746 0 0 3 546 0 0 0 0 0 0
51 113 213 424 75 483 48 621 17 500 0 0 0 0 0 0 0 0 0 0
51 1133 188 382 71 457 48 621 13 372 0 0 0 0 0 0 0 0 0 0
51 114 40 58 7 47 0 0 0 0 0 0 0 0 0 0 0 0 0 0
51 115 184 278 33 234 7 83 5 171 0 0 0 0 0 0 0 0 0 0
51 211 10 13 0 0 0 0 0 0 0 0 0 0 0 0 0 0 0 0
51 2121 16 26 4 27 3 49 5 177 7 427 0 0 0 0 0 0 0 0
51 2123 37 68 24 170 30 431 38 1168 0 0 0 0 0 0 0 0 0 0
51 213 31 57 11 62 8 109 7 185 3 193 0 0 0 0 0 0 0 0
51 22 132 236 50 301 31 423 72 2063 40 2895 21 2698 6 2001 5 3807 0 0
51 221 132 236 50 301 31 423 72 2063 40 2895 21 2698 6 2001 5 3807 0 0
51 2211 93 158 32 196 26 355 51 1476 34 2391 19 2454 6 2001 4 2947 0 0
51 2212 12 26 7 38 3 45 11 327 5 446 0 0 0 0 0 0 0 0
51 2213 27 52 11 67 0 0 10 260 0 0 0 0 0 0 0 0 0 0
51 22132 5 5 0 0 0 0 0 0 0 0 0 0 0 0 0 0 0 0
51 23 12929 21307 3180 20806 1943 26167 1414 42863 404 27673 185 26594 40 13903 16 10579 0 0
51 3 1782 3426 880 5875 747 10243 760 23887 328 22965 293 45435 115 40032 49 31587 23 57034
51 31 1782 3426 880 5875 747 10243 760 23887 328 22965 293 45435 115 40032 49 31587 23 57034
51 311 152 256 71 475 78 1091 58 1780 16 1165 23 3626 14 5244 16 10151 5 7692
51 3113 10 22 4 23 5 76 3 83 0 0 0 0 0 0 0 0 0 0
51 3114 9 12 8 50 0 0 0 0 0 0 0 0 0 0 0 0 0 0
51 3115 6 10 0 0 0 0 3 91 0 0 0 0 0 0 3 1865 0 0
51 3116 12 24 8 54 10 143 8 236 5 343 0 0 4 1686 8 4887 4 6637
51 3118 80 141 35 242 40 546 17 548 0 0 11 1549 4 1377 0 0 0 0
51 311811 48 70 26 170 29 382 12 385 0 0 0 0 0 0 0 0 0 0
51 3121 84 145 75 507 85 1195 52 1528 15 967 10 1616 0 0 0 0 0 0
51 3122 0 0 0 0 0 0 0 0 3 201 0 0 0 0 0 0 0 0
51 3131 0 0 0 0 0 0 3 84 0 0 3 431 0 0 0 0 0 0
51 3132 4 10 0 0 0 0 4 118 3 242 9 1446 0 0 0 0 0 0
51 3133 5 6 0 0 0 0 0 0 0 0 0 0 0 0 0 0 0 0
51 314 71 131 16 107 13 190 10 276 5 329 0 0 0 0 0 0 0 0
51 31411 22 44 5 30 6 84 5 138 3 202 0 0 0 0 0 0 0 0
51 315 28 39 7 42 5 71 4 130 0 0 0 0 0 0 0 0 0 0
51 316 12 14 3 18 3 40 0 0 0 0 0 0 0 0 0 0 0 0
51 3211 36 73 14 114 27 405 35 1131 24 1540 0 0 0 0 0 0 0 0
51 3212 3 2 8 56 3 40 16 531 4 319 7 1000 0 0 0 0 0 0
51 3219 81 128 42 284 44 608 54 1738 21 1460 11 1789 4 1081 0 0 0 0
51 32199 32 60 19 128 17 258 16 456 4 308 5 775 0 0 0 0 0 0
51 3221 0 0 0 0 0 0 0 0 0 0 3 409 4 1257 0 0 0 0
51 3222 11 29 6 48 6 97 18 592 10 754 16 2171 0 0 0 0 0 0
51 32221 4 10 5 38 0 0 11 353 6 467 9 1252 0 0 0 0 0 0
51 3231 211 467 101 640 66 857 46 1452 22 1589 9 1292 9 3040 0 0 0 0
51 3241 15 41 7 49 3 32 0 0 5 404 0 0 0 0 0 0 0 0
51 32411 15 41 7 49 3 32 0 0 5 404 0 0 0 0 0 0 0 0
51 325 45 80 20 138 30 405 24 796 16 1121 12 1904 10 3334 7 4794 0 0
51 3252 0 0 0 0 5 70 4 155 0 0 3 577 4 1461 0 0 0 0
51 3253 7 17 4 27 5 61 3 85 0 0 0 0 0 0 0 0 0 0
51 3254 7 8 3 19 0 0 0 0 6 403 0 0 0 0 0 0 0 0
51 3255 0 0 5 34 0 0 3 101 3 250 0 0 0 0 0 0 0 0
51 3256 6 6 0 0 4 45 0 0 0 0 3 338 0 0 0 0 0 0
51 3261 18 37 8 53 16 243 30 1026 16 1116 21 3103 16 5812 3 1654 0 0
51 3262 4 9 6 35 4 52 4 120 3 240 4 508 0 0 0 0 0 0
51 32621 0 0 0 0 4 52 0 0 0 0 0 0 0 0 0 0 0 0
51 327 94 199 63 419 73 985 65 2048 29 2032 16 2551 4 1279 0 0 0 0
51 32711 6 9 4 25 0 0 0 0 0 0 0 0 0 0 0 0 0 0
51 327120 0 0 0 0 0 0 4 114 3 222 0 0 0 0 0 0 0 0
51 3272 5 12 0 0 3 40 5 179 5 381 4 643 0 0 0 0 0 0
51 3279 18 34 13 91 15 205 14 485 7 464 0 0 0 0 0 0 0 0
51 331 12 22 6 48 4 52 4 141 4 311 6 931 5 1667 0 0 0 0
51 3313 0 0 0 0 0 0 0 0 0 0 3 502 0 0 0 0 0 0
51 3314 4 10 3 23 0 0 0 0 0 0 0 0 0 0 0 0 0 0
51 3315 3 7 0 0 0 0 0 0 0 0 0 0 0 0 0 0 0 0
51 332 249 508 157 1035 112 1537 128 3826 43 2814 30 4353 4 1391 0 0 0 0
51 3321 3 4 4 25 0 0 4 125 0 0 3 546 0 0 0 0 0 0
51 3322 5 12 0 0 4 63 3 122 0 0 0 0 0 0 0 0 0 0
51 3327 113 235 79 534 53 722 42 1294 13 826 6 772 0 0 0 0 0 0
51 3328 26 58 14 90 10 120 8 239 0 0 0 0 0 0 0 0 0 0
51 33299 27 56 7 45 6 86 12 373 0 0 0 0 0 0 0 0 0 0
51 333 77 149 58 410 33 455 40 1281 17 1223 31 5104 6 1752 0 0 0 0
51 3331 7 15 7 51 6 82 6 214 3 235 4 536 0 0 0 0 0 0
51 33311 3 7 0 0 0 0 0 0 0 0 0 0 0 0 0 0 0 0
51 3333 12 21 3 18 5 65 0 0 0 0 3 521 0 0 0 0 0 0
51 3335 13 26 11 65 8 123 6 180 0 0 0 0 0 0 0 0 0 0
51 3336 4 8 5 40 0 0 3 82 0 0 0 0 0 0 0 0 0 0
51 334 75 140 46 317 21 283 36 1164 16 1220 11 1616 3 1115 4 2679 0 0
51 3341 8 25 5 39 0 0 5 147 3 205 0 0 0 0 0 0 0 0
51 3345 27 42 18 121 10 125 17 547 8 602 4 550 0 0 4 2679 0 0
51 335 31 57 12 77 9 115 16 536 10 736 12 1912 7 2363 0 0 0 0
51 336 48 76 15 95 14 191 25 856 14 986 20 3200 12 4420 6 3933 5 30979
51 33641 5 5 0 0 0 0 0 0 0 0 0 0 0 0 0 0 0 0
51 3366 15 22 8 51 3 51 11 408 6 420 11 1766 4 1657 0 0 0 0
51 3369 7 9 0 0 3 39 0 0 0 0 0 0 0 0 0 0 0 0
51 337 156 290 59 399 36 494 40 1303 13 861 11 1799 7 2624 0 0 0 0
51 3391 130 265 26 175 27 346 15 462 0 0 6 1084 0 0 0 0 0 0
51 3399 128 252 51 311 30 395 28 821 9 616 10 1661 0 0 0 0 0 0
51 4 10227 19899 6856 46255 4602 60928 2838 82471 1081 75259 644 96822 124 38218 9 5828 3 4914
51 42 3277 5892 1293 8591 1008 14019 746 22350 230 15690 129 18884 34 11427 14 8865 0 0
51 4231 181 359 100 680 84 1113 77 2373 16 1068 6 911 0 0 0 0 0 0
51 4232 99 178 42 283 32 450 26 814 6 391 5 885 0 0 0 0 0 0
51 4233 133 294 91 615 118 1697 76 2278 16 1077 4 488 0 0 0 0 0 0
51 4234 354 615 114 763 85 1214 76 2311 29 1882 28 4054 3 915 0 0 0 0
51 4235 54 98 31 205 18 238 25 727 4 280 0 0 0 0 0 0 0 0
51 4236 178 361 121 791 100 1428 69 2117 19 1198 6 732 0 0 0 0 0 0
51 4237 194 470 148 940 69 907 41 1097 11 699 5 557 0 0 0 0 0 0
51 4238 400 814 179 1195 139 1970 122 3636 27 1823 12 1669 3 1092 0 0 0 0
51 4239 256 408 87 574 83 1147 41 1196 11 717 0 0 0 0 0 0 0 0
51 42393 39 63 25 159 35 492 23 653 0 0 0 0 0 0 0 0 0 0
51 424 959 1670 308 2063 248 3429 164 5004 89 6407 60 9182 19 6673 7 4388 0 0
51 4241 87 166 35 240 19 283 15 421 4 280 3 344 0 0 0 0 0 0
51 4243 73 118 20 139 12 178 9 334 5 358 0 0 0 0 0 0 0 0
51 4244 326 481 79 542 71 1007 57 1800 37 2799 21 3282 12 4284 5 3160 0 0
51 4245 22 40 5 31 5 61 5 102 0 0 3 408 0 0 0 0 0 0
51 4247 39 94 19 116 21 292 13 379 6 446 0 0 0 0 0 0 0 0
51 4248 47 99 10 65 14 184 18 578 15 1033 16 2423 0 0 0 0 0 0
51 4249 221 382 60 395 58 822 25 717 7 541 9 1392 0 0 0 0 0 0
51 42491 50 111 18 118 21 296 10 280 3 222 0 0 0 0 0 0 0 0
51 4251 469 625 72 482 32 426 29 797 0 0 0 0 0 0 0 0 0 0
51 4411 724 1239 163 1035 130 1810 173 5627 170 11640 109 16100 7 2049 0 0 0 0
51 4412 105 212 58 393 52 682 31 948 8 442 0 0 0 0 0 0 0 0
51 4413 395 825 498 3712 522 6754 103 3094 10 619 0 0 0 0 0 0 0 0
51 442 769 1516 273 1870 201 2660 149 4327 30 1866 5 655 0 0 0 0 0 0
51 443141 84 195 45 298 22 271 3 110 0 0 0 0 0 0 0 0 0 0
51 443142 216 433 214 1312 49 582 13 424 32 2254 15 1664 0 0 0 0 0 0
51 4441 414 879 319 2058 221 2966 109 2964 18 1132 118 20262 0 0 0 0 0 0
51 44413 108 205 75 464 73 1044 37 970 3 169 0 0 0 0 0 0 0 0
51 4442 130 237 123 844 144 1896 47 1293 7 514 4 588 0 0 0 0 0 0
51 44511 337 588 145 943 158 2236 189 6369 488 35696 187 25293 18 6196 0 0 0 0
51 44512 708 1293 258 1778 200 2422 32 903 0 0 0 0 0 0 0 0 0 0
51 4452 282 502 89 577 65 934 24 614 3 188 0 0 0 0 0 0 0 0
51 4453 82 199 238 1850 151 1968 11 287 0 0 0 0 0 0 0 0 0 0
51 446 750 1637 579 3775 320 4518 539 13396 16 1006 3 439 0 0 0 0 0 0
51 44611 107 267 191 1357 200 2903 485 11565 5 335 0 0 0 0 0 0 0 0
51 447 1041 2573 1073 7211 630 8046 305 8665 17 995 3 397 0 0 0 0 0 0
51 4481 606 1224 567 3925 586 7698 356 10973 117 7214 15 1842 0 0 0 0 0 0
51 44821 105 281 246 1651 191 2547 44 1231 3 187 0 0 0 0 0 0 0 0
51 4483 257 509 207 1392 71 906 19 481 0 0 0 0 0 0 0 0 0 0
51 4511 398 707 187 1226 121 1662 142 4569 19 1268 5 607 0 0 0 0 0 0
51 45113 38 79 23 153 25 367 13 409 0 0 0 0 0 0 0 0 0 0
51 45114 44 89 37 221 7 89 8 227 0 0 0 0 0 0 0 0 0 0
51 45121 92 174 38 257 30 397 27 815 3 169 0 0 0 0 0 0 0 0
51 45221 0 0 0 0 0 0 9 371 62 4728 39 5293 3 972 0 0 0 0
51 4523 190 284 565 3706 185 2588 211 6457 35 2504 126 21422 86 25816 0 0 0 0
51 4531 175 344 74 484 32 391 9 264 0 0 0 0 0 0 0 0 0 0
51 45321 46 95 14 91 52 739 28 612 0 0 0 0 0 0 0 0 0 0
51 45322 255 504 149 1022 80 1013 29 819 0 0 0 0 0 0 0 0 0 0
51 4533 265 487 144 973 106 1487 77 2321 9 626 0 0 0 0 0 0 0 0
51 4539 717 1389 352 2278 130 1696 77 2143 5 297 0 0 0 0 0 0 0 0
51 454110 571 781 102 655 57 761 30 873 13 836 7 1139 0 0 0 0 3 4914
51 4542 35 59 8 57 5 62 7 243 3 203 0 0 0 0 0 0 0 0
51 454310 67 140 46 311 53 719 24 689 3 209 0 0 0 0 0 0 0 0
51 45439 411 593 81 563 38 517 21 589 4 292 0 0 0 0 0 0 0 0
51 481 36 63 12 60 11 138 22 739 11 704 6 899 6 2340 0 0 4 8133
51 482 3076 4588 709 4666 619 8421 533 16594 221 14740 126 18834 39 13588 19 13650 11 17843
51 483 17 39 5 33 6 92 7 238 0 0 5 601 0 0 0 0 0 0
51 484 1929 2697 333 2174 296 4089 264 8223 93 6002 37 5622 5 1822 0 0 0 0
51 485 278 372 76 534 61 826 35 1074 24 1667 18 2713 6 1991 0 0 0 0
51 4853 139 181 38 280 25 315 13 376 8 548 0 0 0 0 0 0 0 0
51 486 26 47 10 56 10 122 4 95 0 0 0 0 0 0 0 0 0 0
51 487 26 32 4 30 6 89 0 0 0 0 0 0 0 0 0 0 0 0
51 488 524 940 166 1088 126 1682 98 3019 41 2764 12 1715 5 1566 4 2753 0 0
51 492 126 187 39 273 47 631 37 1147 22 1574 24 3606 7 2466 0 0 0 0
51 493 114 211 64 418 56 752 66 2059 26 1787 22 3465 10 3403 10 7201 0 0
51 5111 183 339 72 475 65 859 34 1030 20 1526 6 845 3 952 0 0 0 0
51 51111 54 113 33 225 33 443 15 479 9 674 0 0 0 0 0 0 0 0
51 5112 153 256 49 338 71 1022 69 2120 26 1935 22 3362 10 3277 5 3413 0 0
51 5121 183 247 27 189 32 417 50 1635 16 1005 10 1378 3 922 0 0 0 0
51 5122 43 63 4 24 0 0 0 0 0 0 0 0 0 0 0 0 0 0
51 515 78 159 35 230 28 374 26 920 12 836 9 1309 0 0 0 0 0 0
51 517 951 1740 318 2183 206 2620 131 4057 66 4586 26 3742 13 4636 8 5676 0 0
51 517311 627 995 133 878 84 1091 82 2669 42 2843 20 2931 10 3636 4 3199 0 0
51 5182 289 489 78 541 76 1052 89 2813 43 3168 38 5510 7 2396 7 5215 0 0
51 5191 222 344 54 358 18 240 27 737 11 741 5 859 7 2785 3 1740 0 0
51 51912 19 34 9 58 5 74 6 150 5 325 0 0 0 0 0 0 0 0
51 51913 139 229 37 252 7 94 16 440 5 366 4 744 7 2785 3 1740 0 0
51 52 6859 13221 2496 16306 1116 14546 508 15134 168 11450 99 14917 51 18278 24 17559 19 45565
51 522 2399 5493 1614 10791 700 9148 267 7829 85 5836 52 7781 28 9712 7 5482 9 25851
51 5221 1105 2983 1331 8987 590 7667 201 5903 62 4261 26 3934 13 4539 4 2904 4 9043
51 5241 380 645 76 503 83 1085 67 2022 32 2214 25 3952 11 4371 12 8267 7 15830
51 5242 2344 4332 540 3320 209 2690 93 2842 26 1838 14 2103 4 1504 4 2966 0 0
51 53 7667 11854 1602 10077 664 8630 308 8868 85 5671 31 4707 12 3944 3 2228 0 0
51 531 7134 10850 1232 7741 471 6137 203 5898 68 4542 24 3895 10 3206 0 0 0 0
51 5313 1844 3065 479 2967 187 2475 98 2904 39 2534 16 2514 6 1749 0 0 0 0
51 532 501 946 361 2280 186 2397 98 2720 16 1084 7 812 0 0 0 0 0 0
51 5321 186 342 132 814 85 1036 25 704 7 507 4 393 0 0 0 0 0 0
51 5411 2870 5169 723 4744 355 4675 140 4157 47 3320 18 2562 0 0 3 1832 0 0
51 5412 2076 3446 587 3972 264 3480 109 3154 44 3036 28 3883 9 3217 7 3944 10 15033
51 5413 1832 3034 529 3520 452 6280 384 11863 148 10074 89 13568 34 11937 15 9821 3 5655
51 5414 603 885 70 434 31 429 10 282 4 268 0 0 0 0 0 0 0 0
51 5415 6474 9168 841 5614 783 10714 683 21352 364 25364 266 41298 105 34617 23 14575 12 20755
51 5416 4670 6055 657 4346 395 5324 338 10337 154 10473 124 19585 32 10987 11 7482 10 22821
51 5417 281 447 81 534 83 1145 69 2123 42 2976 24 3260 15 5720 11 7950 0 0
51 5418 609 886 108 698 86 1117 76 2559 23 1441 8 1381 3 1027 0 0 0 0
51 5419 1434 1821 334 2241 342 4861 233 6782 40 2600 13 1961 9 3051 0 0 0 0
51 54194 238 412 197 1359 284 4079 181 5178 26 1731 3 405 0 0 0 0 0 0
51 55 486 870 163 1118 181 2428 187 5879 96 6851 88 13369 33 11738 20 13764 11 28006
51 561 5922 9645 1641 10891 1120 15018 933 29064 414 28908 343 53267 108 38942 36 24834 26 59860
51 5613 523 722 103 693 88 1234 192 6380 139 9790 137 21655 51 17698 13 9511 6 21870
51 5614 400 687 116 739 67 873 47 1466 19 1511 21 3064 17 6186 6 4851 0 0
51 5615 245 366 68 442 38 498 22 662 10 708 6 805 0 0 0 0 0 0
51 5616 321 554 94 622 108 1438 76 2407 47 3401 50 8287 17 6428 9 5435 8 18861
51 5617 3644 6020 1041 6931 636 8492 451 13623 129 8855 78 11403 13 5100 6 3635 3 5780
51 56173 1809 2912 492 3222 284 3815 181 5453 54 3655 19 2720 0 0 0 0 0 0
51 562 249 480 112 785 100 1376 72 2214 29 2103 7 982 3 864 0 0 0 0
51 611 1475 2335 531 3559 516 7232 356 11078 139 9479 78 11914 20 6959 16 11234 7 17871
51 6111 65 135 60 396 103 1560 136 4310 80 5541 43 6456 7 2394 0 0 0 0
51 621 6974 12774 3725 24998 2511 33576 1586 47317 440 29534 163 24453 30 9488 8 5705 4 4972
51 6211 2258 4112 1208 8042 935 12555 656 19670 172 11709 46 6996 9 2859 0 0 0 0
51 6212 1206 2624 1275 8590 637 8172 185 5168 20 1274 0 0 0 0 0 0 0 0
51 6213 2390 4324 825 5542 421 5685 179 5170 28 1760 10 1426 0 0 0 0 0 0
51 62131 502 1051 189 1214 33 398 4 155 0 0 0 0 0 0 0 0 0 0
51 62132 260 553 179 1242 101 1346 32 798 0 0 0 0 0 0 0 0 0 0
51 6214 324 583 196 1322 261 3534 188 5346 61 4115 18 2809 7 2154 0 0 0 0
51 6216 322 417 131 905 152 2170 301 9551 129 8538 72 10480 9 2729 0 0 0 0
51 622 0 0 0 0 0 0 0 0 5 391 24 4590 30 10876 22 16783 35 89581
51 6222 0 0 0 0 0 0 0 0 0 0 7 1481 5 1896 4 3106 0 0
51 623 330 596 325 2279 300 4182 228 7640 268 19734 212 31454 34 11466 4 2400 0 0
51 6231 48 50 14 107 13 175 21 743 93 7218 137 20081 10 3283 0 0 0 0
51 6241 707 1177 264 1779 270 3723 241 7569 84 5844 51 7342 8 2877 0 0 0 0
51 6242 137 297 66 476 58 789 54 1579 18 1193 0 0 0 0 0 0 0 0
51 6243 57 90 19 129 31 438 34 1144 16 1225 13 2122 3 1025 0 0 0 0
51 6244 646 1156 283 1972 471 6791 522 14807 43 2579 3 460 0 0 0 0 0 0
51 711 617 822 72 464 32 446 32 1016 18 1294 8 1089 4 1074 3 1832 0 0
51 7111 119 182 19 123 9 124 11 355 6 397 4 456 0 0 0 0 0 0
51 7112 58 79 9 63 5 62 10 309 5 365 0 0 0 0 0 0 0 0
51 7115 291 334 15 98 6 92 0 0 0 0 0 0 0 0 0 0 0 0
51 712 120 211 37 251 29 416 22 591 16 1140 5 568 0 0 0 0 0 0
51 713 935 1291 322 2161 339 4711 314 9670 139 9807 91 12880 9 2824 3 1588 0 0
51 71395 7 5 7 47 16 213 34 988 4 283 0 0 0 0 0 0 0 0
51 721 565 907 238 1581 401 5640 474 14026 88 5746 75 11696 15 5005 3 2297 0 0
51 7211 462 726 204 1360 373 5234 463 13707 88 5746 75 11696 15 5005 3 2297 0 0
51 722 4390 7479 2768 18734 3769 54049 4464 136148 1110 72019 258 33260 9 2907 3 2177 0 0
51 7224 54 71 35 230 44 619 55 1854 5 274 0 0 0 0 0 0 0 0
51 8111 2387 4593 1041 6857 501 6582 215 6111 29 1879 0 0 0 0 0 0 0 0
51 811192 210 313 49 327 53 734 61 1802 14 937 0 0 0 0 0 0 0 0
51 8112 217 396 59 393 28 410 22 611 7 454 5 678 0 0 0 0 0 0
51 8113 267 490 83 539 72 958 31 977 6 399 3 471 0 0 0 0 0 0
51 8114 586 930 105 649 24 326 6 158 0 0 0 0 0 0 0 0 0 0
51 8121 2627 4307 820 5503 546 7084 201 5634 10 622 0 0 0 0 0 0 0 0
51 812111 140 201 28 193 23 307 8 231 0 0 0 0 0 0 0 0 0 0
51 812112 1472 2455 529 3560 364 4645 127 3518 7 454 0 0 0 0 0 0 0 0
51 8122 201 466 150 1033 117 1587 39 1099 3 210 0 0 0 0 0 0 0 0
51 8123 597 1205 200 1268 83 1115 52 1470 16 1061 17 2213 0 0 0 0 0 0
51 8129 1042 1593 239 1547 145 1914 55 1505 17 1167 7 1015 0 0 0 0 0 0
51 813 5708 11195 2009 12932 997 13384 653 19915 205 13712 69 9846 11 3900 0 0 3 6648
51 8131 3709 7681 1375 8809 559 7480 389 11674 116 7714 16 2324 0 0 0 0 0 0
51 8139 919 1625 287 1895 227 3075 147 4605 58 3889 29 4282 5 2011 0 0 0 0
51 81393 117 215 63 401 37 495 9 218 4 259 4 573 0 0 0 0 0 0
51 814 13632 25175 4706 30721 2513 33360 1274 37480 293 19504 103 14489 14 4788 3 2137 3 6648
53 111 1059 1170 147 933 90 1187 70 2056 34 2418 20 2933 7 2152 0 0 0 0
53 112 1059 1170 147 933 90 1187 70 2056 34 2418 20 2933 7 2152 0 0 0 0
53 113 291 498 68 426 47 602 35 1058 14 886 0 0 0 0 0 0 0 0
53 1133 274 468 61 384 45 578 32 971 12 751 0 0 0 0 0 0 0 0
53 114 452 251 11 73 7 104 13 376 4 322 3 408 0 0 0 0 0 0
53 115 316 421 68 434 36 481 22 622 16 1210 15 2309 6 1887 0 0 0 0
53 211 5 4 0 0 0 0 0 0 0 0 0 0 0 0 0 0 0 0
53 2121 52 80 24 157 29 427 17 472 5 320 0 0 0 0 0 0 0 0
53 2122 6 6 0 0 0 0 0 0 0 0 0 0 0 0 0 0 0 0
53 2123 45 72 24 157 29 427 15 423 4 251 0 0 0 0 0 0 0 0
53 213 15 24 3 19 0 0 0 0 0 0 0 0 0 0 0 0 0 0
53 22 170 360 42 281 42 606 40 1266 15 1049 5 860 0 0 0 0 0 0
53 221 170 360 42 281 42 606 40 1266 15 1049 5 860 0 0 0 0 0 0
53 2211 50 89 25 164 27 394 26 796 13 903 5 860 0 0 0 0 0 0
53 2212 4 5 0 0 7 98 6 219 0 0 0 0 0 0 0 0 0 0
53 2213 116 266 16 110 8 114 8 251 0 0 0 0 0 0 0 0 0 0
53 22132 5 8 0 0 0 0 0 0 0 0 0 0 0 0 0 0 0 0
53 23 17169 25785 3831 25159 2078 27912 1346 40329 431 29310 210 30563 33 11192 21 14211 4 5277
53 3 2762 4950 1271 8518 1025 14065 923 28850 460 31571 343 53199 105 36450 38 26421 10 65950
53 31 2762 4950 1271 8518 1025 14065 923 28850 460 31571 343 53199 105 36450 38 26421 10 65950
53 311 255 432 135 915 129 1745 129 4006 84 5773 60 9214 21 7107 8 5685 0 0
53 3113 25 42 12 77 7 88 7 179 9 532 0 0 0 0 0 0 0 0
53 3114 13 16 6 38 6 85 11 415 8 640 19 2924 12 4071 0 0 0 0
53 3115 9 17 8 57 6 79 3 69 8 530 6 906 0 0 0 0 0 0
53 3116 21 49 11 76 7 102 9 257 6 441 3 452 0 0 3 2448 0 0
53 3118 118 178 55 390 61 823 39 1190 16 1107 5 776 3 915 0 0 0 0
53 311811 91 125 43 302 49 666 20 575 3 175 0 0 0 0 0 0 0 0
53 3121 306 506 155 1019 103 1383 78 2327 17 1142 8 1154 0 0 0 0 0 0
53 3131 4 6 0 0 0 0 0 0 0 0 0 0 0 0 0 0 0 0
53 3132 6 13 0 0 3 43 3 85 0 0 0 0 0 0 0 0 0 0
53 3133 3 3 0 0 0 0 0 0 0 0 0 0 0 0 0 0 0 0
53 314 81 146 29 199 13 183 16 487 4 291 0 0 0 0 0 0 0 0
53 31411 17 24 4 30 3 46 0 0 0 0 0 0 0 0 0 0 0 0
53 315 52 79 14 99 12 159 4 130 0 0 0 0 0 0 0 0 0 0
53 316 21 31 8 52 3 42 3 85 0 0 0 0 0 0 0 0 0 0
53 3162 0 0 0 0 0 0 3 85 0 0 0 0 0 0 0 0 0 0
53 3211 27 49 18 124 17 241 11 304 13 898 22 3614 0 0 0 0 0 0
53 3212 8 13 5 32 7 93 17 571 8 510 7 1008 0 0 0 0 0 0
53 3219 83 136 31 205 44 603 37 1146 12 764 11 1720 0 0 0 0 0 0
53 32199 41 69 13 91 21 288 8 257 0 0 4 653 0 0 0 0 0 0
53 3221 0 0 0 0 0 0 0 0 3 171 4 605 4 1569 0 0 0 0
53 3222 6 15 7 61 4 59 12 429 14 1042 17 2469 0 0 0 0 0 0
53 32221 0 0 0 0 0 0 6 194 7 574 14 2106 0 0 0 0 0 0
53 3231 237 463 87 587 74 990 41 1264 15 1095 4 575 0 0 0 0 0 0
53 3241 7 20 6 43 4 60 0 0 0 0 3 491 0 0 0 0 0 0
53 325 100 203 50 319 40 575 38 1143 21 1401 10 1690 4 1217 0 0 0 0
53 3252 7 16 0 0 0 0 3 97 3 166 0 0 0 0 0 0 0 0
53 3253 13 24 11 72 9 112 6 180 0 0 0 0 0 0 0 0 0 0
53 3254 21 39 10 61 5 76 8 233 9 674 4 714 0 0 0 0 0 0
53 3255 7 13 0 0 7 101 0 0 0 0 0 0 0 0 0 0 0 0
53 3256 29 60 15 92 6 92 5 140 0 0 0 0 0 0 0 0 0 0
53 3261 42 72 31 206 29 435 31 1094 32 2266 26 3962 6 2178 0 0 0 0
53 3262 6 12 3 18 0 0 4 122 0 0 0 0 0 0 0 0 0 0
53 327 114 196 63 423 46 644 45 1457 27 1770 14 2110 4 1375 0 0 0 0
53 32711 13 19 0 0 4 55 0 0 0 0 0 0 0 0 0 0 0 0
53 327120 3 6 0 0 0 0 0 0 0 0 0 0 0 0 0 0 0 0
53 3272 31 52 7 52 3 40 8 260 5 333 5 707 3 979 0 0 0 0
53 3279 16 26 10 66 10 156 9 295 3 153 3 554 0 0 0 0 0 0
53 331 17 32 8 54 8 130 11 371 7 589 10 1539 0 0 0 0 0 0
53 3314 0 0 0 0 3 49 0 0 0 0 3 479 0 0 0 0 0 0
53 3315 4 9 7 49 3 53 7 219 4 318 6 941 0 0 0 0 0 0
53 332 437 786 232 1550 188 2527 163 5072 63 4259 37 5995 10 3092 0 0 0 0
53 3321 4 5 0 0 8 112 0 0 0 0 0 0 0 0 0 0 0 0
53 3322 10 16 4 22 3 45 0 0 0 0 0 0 0 0 0 0 0 0
53 3327 199 358 88 603 73 954 58 1771 17 1119 13 2009 0 0 0 0 0 0
53 3328 33 62 23 147 27 376 12 383 8 559 4 988 3 999 0 0 0 0
53 33299 57 99 26 170 11 144 11 356 0 0 3 443 0 0 0 0 0 0
53 333 133 255 73 487 72 1028 66 2008 37 2495 23 3357 10 3955 0 0 0 0
53 3331 17 41 14 94 11 159 11 328 7 451 3 413 0 0 0 0 0 0
53 33311 10 30 12 81 7 110 4 119 0 0 0 0 0 0 0 0 0 0
53 3333 17 28 8 51 9 120 5 142 4 225 0 0 0 0 0 0 0 0
53 3335 32 61 11 69 13 173 14 399 3 209 0 0 3 1247 0 0 0 0
53 3336 6 12 0 0 0 0 0 0 0 0 0 0 0 0 0 0 0 0
53 334 113 198 38 243 43 588 42 1368 31 2139 24 3685 9 3163 9 7026 0 0
53 3341 13 20 0 0 3 39 3 98 3 187 0 0 0 0 0 0 0 0
53 3345 53 105 21 139 22 300 19 589 20 1354 9 1578 5 1801 4 2746 0 0
53 335 44 82 16 111 15 203 13 361 9 702 4 665 3 1255 0 0 0 0
53 3352 0 0 3 23 0 0 3 94 0 0 0 0 0 0 0 0 0 0
53 336 109 192 58 406 47 667 52 1710 29 2081 38 6160 14 4890 7 4297 7 60477
53 33641 32 56 20 152 8 122 13 419 13 1066 13 1890 10 3682 5 3120 7 60477
53 3365 109 192 58 406 47 667 52 1710 29 2081 38 6160 14 4890 7 4297 7 60477
53 3366 35 62 14 95 23 325 27 888 11 708 13 2242 0 0 0 0 0 0
53 3369 10 15 9 61 0 0 0 0 0 0 0 0 0 0 0 0 0 0
53 337 145 275 62 439 44 582 38 1191 17 1109 6 799 3 1004 0 0 0 0
53 3391 179 348 60 387 22 279 28 903 7 442 5 751 0 0 0 0 0 0
53 3399 226 385 77 507 57 793 36 1049 7 462 6 957 0 0 0 0 0 0
53 4 8712 16742 5260 35312 3807 51251 2130 64522 755 51982 521 74714 131 38556 7 4825 0 0
53 42 4449 7750 1706 11405 1338 18159 983 29733 294 20493 180 25765 38 12515 10 5833 5 5917
53 4231 181 345 85 595 92 1193 66 2065 16 1097 5 599 0 0 0 0 0 0
53 4232 129 203 56 396 41 574 29 937 11 759 13 1717 0 0 0 0 0 0
53 4233 207 363 130 871 129 1756 91 2715 20 1392 4 569 0 0 0 0 0 0
53 4234 398 733 128 870 99 1366 69 2103 29 2108 20 2608 0 0 0 0 0 0
53 4235 70 142 50 357 29 422 33 1024 12 841 4 526 0 0 0 0 0 0
53 4236 260 480 161 1099 92 1261 64 1852 14 997 20 2917 4 1316 0 0 0 0
53 4237 144 296 118 782 81 1046 46 1235 10 691 8 1002 0 0 0 0 0 0
53 4238 462 901 241 1572 210 2839 174 5198 32 2044 11 1478 0 0 0 0 0 0
53 4239 384 625 105 693 92 1246 57 1787 15 1063 6 904 0 0 0 0 0 0
53 42393 61 111 21 144 33 441 18 532 7 519 3 395 0 0 0 0 0 0
53 424 1433 2504 504 3358 410 5591 326 9943 123 8644 82 12265 23 7766 6 3433 3 3585
53 4241 85 160 30 201 30 405 21 682 7 418 6 779 0 0 0 0 0 0
53 4243 134 187 25 162 27 373 20 615 11 812 4 586 5 1652 0 0 0 0
53 4244 484 816 160 1052 128 1723 119 3618 53 3868 42 6356 11 3654 6 3433 0 0
53 4245 92 171 27 182 24 319 13 355 0 0 0 0 0 0 0 0 0 0
53 4247 40 96 21 136 23 329 21 660 4 273 0 0 0 0 0 0 0 0
53 4248 47 84 19 122 14 198 19 684 13 973 8 1260 4 1403 0 0 0 0
53 4249 348 622 127 859 109 1491 66 1942 24 1598 9 1407 0 0 0 0 0 0
53 42491 95 208 55 387 56 783 39 1136 12 839 4 560 0 0 0 0 0 0
53 4251 781 1158 128 812 63 865 28 874 12 857 7 1180 4 1354 0 0 0 0
53 4411 401 672 115 785 80 1100 131 4542 143 10030 73 10028 3 882 0 0 0 0
53 4412 143 278 92 607 77 1107 56 1696 12 795 0 0 0 0 0 0 0 0
53 4413 276 601 371 2715 469 6227 89 2308 3 235 0 0 0 0 0 0 0 0
53 442 491 950 244 1605 197 2743 93 2761 16 1091 5 823 0 0 0 0 0 0
53 443141 56 127 39 255 32 438 17 482 3 176 0 0 0 0 0 0 0 0
53 443142 159 320 127 825 37 466 13 385 19 1310 11 1286 0 0 0 0 0 0
53 4441 419 855 336 2228 267 3560 161 4766 22 1405 84 14040 0 0 0 0 0 0
53 44413 106 188 99 636 81 1093 61 1767 3 192 3 511 0 0 0 0 0 0
53 4442 153 286 103 681 89 1185 48 1394 7 412 0 0 0 0 0 0 0 0
53 44511 511 1059 182 1276 166 2354 212 6949 240 17346 196 24381 5 1234 0 0 0 0
53 44512 305 535 171 1116 59 744 8 195 0 0 0 0 0 0 0 0 0 0
53 4452 249 427 144 1004 203 2785 31 807 4 272 0 0 0 0 0 0 0 0
53 4453 138 258 76 468 28 377 19 535 0 0 0 0 0 0 0 0 0 0
53 446 564 1173 454 2902 345 4837 249 7233 12 746 0 0 0 0 0 0 0 0
53 44611 110 207 130 882 248 3503 191 5094 4 244 0 0 0 0 0 0 0 0
53 447 593 1354 774 5249 413 5306 90 2570 9 561 0 0 0 0 0 0 0 0
53 4481 505 1041 394 2702 359 4606 233 7230 83 5391 6 802 3 871 0 0 0 0
53 44821 93 239 167 1101 90 1127 21 579 3 205 0 0 0 0 0 0 0 0
53 4483 173 348 157 1022 55 670 6 198 0 0 0 0 0 0 0 0 0 0
53 4511 483 999 234 1546 167 2373 135 4176 31 1988 5 807 0 0 0 0 0 0
53 45113 65 112 35 221 16 226 25 804 3 167 0 0 0 0 0 0 0 0
53 45114 60 141 21 130 10 138 12 328 0 0 0 0 0 0 0 0 0 0
53 45121 76 128 48 307 18 234 26 761 0 0 0 0 0 0 0 0 0 0
53 45221 0 0 0 0 0 0 0 0 51 3743 30 4454 0 0 0 0 0 0
53 4523 71 106 26 181 52 768 144 4882 26 1814 76 13347 108 31955 0 0 0 0
53 4531 112 208 56 350 22 276 6 169 0 0 0 0 0 0 0 0 0 0
53 45321 33 55 16 107 45 687 19 413 0 0 0 0 0 0 0 0 0 0
53 45322 189 385 125 851 61 751 30 793 0 0 0 0 0 0 0 0 0 0
53 4533 295 658 128 900 74 1084 84 2669 32 1889 3 314 0 0 0 0 0 0
53 4539 827 1582 380 2540 238 3217 116 3196 13 775 0 0 0 0 0 0 0 0
53 454110 894 1355 177 1212 90 1223 61 1823 16 1107 19 2625 5 1418 5 3323 0 0
53 4542 30 44 3 15 5 66 7 231 3 199 0 0 0 0 0 0 0 0
53 454310 51 92 40 270 22 281 10 286 0 0 0 0 0 0 0 0 0 0
53 45439 422 607 81 492 47 659 13 398 0 0 0 0 0 0 0 0 0 0
53 481 48 87 19 130 17 243 10 284 6 446 5 939 3 1021 0 0 3 10203
53 482 3561 5054 797 5310 606 8349 532 16175 206 14614 133 20179 31 10527 12 8679 7 18433
53 483 31 41 11 78 7 91 12 326 6 394 10 1621 0 0 0 0 0 0
53 484 2349 3017 345 2285 268 3743 239 7391 84 5852 26 4060 0 0 0 0 0 0
53 485 135 192 34 232 42 592 44 1422 17 1190 8 1366 4 1775 0 0 0 0
53 4853 77 109 6 42 10 147 8 284 0 0 0 0 0 0 0 0 0 0
53 486 11 17 3 21 9 113 3 58 0 0 0 0 0 0 0 0 0 0
53 487 67 89 9 58 4 52 4 154 0 0 0 0 0 0 0 0 0 0
53 488 646 1178 258 1698 141 1863 109 3147 35 2483 27 3839 5 1685 4 2815 0 0
53 492 145 188 50 343 66 934 43 1277 26 1978 25 3775 9 3059 0 0 0 0
53 493 129 245 68 465 52 718 68 2116 31 2214 31 4460 7 2030 4 2971 0 0
53 5111 212 380 69 414 53 723 32 942 7 437 8 1275 3 1065 0 0 0 0
53 51111 99 208 39 235 26 325 16 489 3 179 6 980 0 0 0 0 0 0
53 5112 323 425 90 600 89 1173 74 2225 29 1930 23 3289 14 5205 6 4476 12 60529
53 5121 273 354 35 251 33 485 60 1965 21 1310 0 0 0 0 0 0 0 0
53 5122 59 70 6 41 0 0 0 0 3 199 0 0 0 0 0 0 0 0
53 515 58 124 22 149 27 380 16 489 11 780 11 1715 0 0 0 0 0 0
53 517 777 1639 287 1933 203 2757 104 3066 37 2577 20 3104 16 5680 8 5116 0 0
53 517311 415 723 96 684 67 970 61 1948 27 1878 12 1985 11 4016 5 3213 0 0
53 5182 237 415 83 581 69 964 57 1756 24 1711 18 3069 6 2078 5 2980 0 0
53 5191 231 355 46 316 30 422 28 942 13 904 15 2561 8 2819 5 3103 0 0
53 51912 8 17 4 24 0 0 0 0 0 0 0 0 0 0 0 0 0 0
53 51913 214 325 41 284 24 341 27 914 11 754 15 2561 7 2442 5 3103 0 0
53 52 5896 10924 2313 14879 1057 13412 472 13497 158 10611 95 13794 35 11934 12 7332 6 13448
53 522 1303 2880 1455 9508 719 8903 241 6899 63 4080 42 6086 14 4828 0 0 0 0
53 5221 554 1568 1152 7525 560 6866 158 4532 50 3298 31 4388 10 3531 0 0 0 0
53 5241 318 500 108 679 79 1038 62 1866 27 1896 23 3436 11 3758 8 4929 3 4743
53 5242 2184 4018 511 3201 156 2062 95 2637 49 3352 18 2680 7 2374 0 0 0 0
53 53 9832 14121 1548 9664 695 9061 284 8313 68 4456 36 5134 7 2546 0 0 0 0
53 531 9339 13242 1283 7990 505 6554 204 5993 53 3520 32 4536 6 2212 0 0 0 0
53 5313 2174 3693 470 2935 224 2932 104 3038 26 1760 15 2167 0 0 0 0 0 0
53 532 459 834 253 1592 186 2447 78 2267 14 880 4 598 0 0 0 0 0 0
53 5321 122 251 65 402 63 783 23 661 7 429 3 459 0 0 0 0 0 0
53 5411 2820 4720 599 3919 302 3982 136 3854 37 2600 11 1478 3 964 0 0 0 0
53 5412 2411 3703 515 3475 233 3024 102 3040 28 2006 12 1740 4 1729 3 2147 0 0
53 5413 1942 3002 496 3308 358 4827 259 7540 109 7405 38 5860 10 2958 0 0 0 0
53 5414 689 951 96 620 28 376 18 528 8 511 0 0 0 0 0 0 0 0
53 5415 2509 3331 424 2756 274 3639 201 6098 80 5542 50 7222 21 7873 9 7312 4 6462
53 5416 3694 4358 404 2691 230 3091 163 5118 48 3342 25 3853 5 1716 0 0 3 5432
53 5417 258 387 91 593 65 909 51 1683 28 1917 16 2377 11 4006 0 0 0 0
53 5418 498 766 83 576 63 878 56 1961 20 1215 11 1584 5 1578 0 0 0 0
53 5419 1130 1501 281 1895 267 3729 174 5154 28 1935 12 1636 0 0 0 0 0 0
53 54194 248 506 189 1287 234 3295 135 3922 15 1046 9 1301 0 0 0 0 0 0
53 55 417 714 152 1006 148 2039 145 4679 88 6151 73 11538 28 9339 26 16588 28 63855
53 561 6127 9110 1494 9633 932 12667 602 18356 263 18451 208 31826 60 20606 20 13510 6 10309
53 5613 544 795 87 597 95 1367 119 3915 115 8063 106 15993 32 10613 9 6192 3 4262
53 5614 425 728 167 1034 82 1134 46 1405 17 1194 13 2307 4 1463 4 2504 0 0
53 5615 228 345 83 550 36 491 22 725 11 848 4 482 4 1545 0 0 0 0
53 5616 225 380 72 489 66 938 54 1652 32 2358 31 4987 7 2738 0 0 0 0
53 5617 3861 5623 891 5682 515 6905 280 8212 63 4247 33 4844 12 3948 0 0 0 0
53 56173 2160 3141 452 2876 237 3202 112 3438 26 1785 8 1163 0 0 0 0 0 0
53 562 245 424 114 751 100 1365 74 2205 35 2455 13 2204 0 0 0 0 3 5803
53 611 1471 2221 564 3740 523 7084 328 9784 95 6481 43 6666 8 2638 4 2472 8 15652
53 6111 73 129 44 283 93 1293 97 2992 41 2953 30 4668 4 1131 0 0 0 0
53 621 6973 12209 3380 22939 2227 29687 1109 32464 359 24277 180 27150 38 13403 15 9373 3 4078
53 6211 1758 2961 581 3959 416 5708 355 10712 138 9368 54 7958 10 3312 7 4506 3 4078
53 6212 1093 2305 1385 9584 972 12671 192 5046 9 623 0 0 0 0 0 0 0 0
53 6213 3349 5580 1111 7378 514 6770 170 4778 14 962 7 905 0 0 0 0 0 0
53 62131 814 1658 369 2406 112 1465 17 411 0 0 0 0 0 0 0 0 0 0
53 62132 265 549 184 1178 94 1217 21 555 0 0 0 0 0 0 0 0 0 0
53 6214 319 622 189 1244 233 3228 250 7489 122 8280 56 8274 20 6731 5 2763 0 0
53 6216 142 204 25 175 25 368 75 2367 44 2856 37 5397 0 0 0 0 0 0
53 622 4 5 0 0 0 0 3 98 10 793 24 3960 23 8371 21 15117 35 90479
53 6222 0 0 0 0 0 0 0 0 3 229 0 0 0 0 0 0 0 0
53 623 1262 2293 352 2295 240 3298 321 10780 297 21697 167 24125 24 7642 3 1780 0 0
53 6231 69 106 23 148 17 244 27 942 78 6333 91 12731 3 954 0 0 0 0
53 6241 952 1504 242 1626 227 3113 203 6394 96 6821 72 10226 15 4876 7 4272 0 0
53 6242 179 367 122 837 76 1001 61 1898 10 642 4 551 0 0 0 0 0 0
53 6243 103 180 51 332 54 808 37 1216 22 1612 12 1786 0 0 0 0 0 0
53 6244 1126 1803 334 2271 363 5019 357 10156 35 2203 6 769 0 0 0 0 0 0
53 711 745 960 91 617 58 810 33 993 11 850 11 1543 8 2428 3 2074 0 0
53 7111 118 182 29 188 25 350 9 257 6 437 4 670 5 1444 0 0 0 0
53 7112 52 61 9 74 4 56 10 286 0 0 3 365 0 0 0 0 0 0
53 7115 409 438 17 106 11 153 3 100 0 0 0 0 0 0 0 0 0 0
53 712 93 188 24 162 24 317 21 666 7 473 4 640 3 940 0 0 0 0
53 713 926 1526 353 2377 279 3769 319 10065 113 8003 93 14392 14 4397 7 4689 5 6179
53 71395 13 30 6 38 9 129 28 966 9 620 3 384 0 0 0 0 0 0
53 721 664 1167 255 1758 318 4475 300 9327 86 5764 54 8488 16 5778 6 3866 3 4464
53 7211 424 783 197 1361 281 3995 290 9024 81 5462 54 8488 16 5778 6 3866 3 4464
53 722 4719 7909 3623 24400 3608 50311 3692 109764 711 47032 108 14798 5 1602 4 2628 0 0
53 7224 269 540 315 2124 236 3173 119 3359 12 752 0 0 0 0 0 0 0 0
53 8111 1936 3776 960 6432 437 5717 134 3642 5 328 4 664 0 0 0 0 0 0
53 811192 228 369 88 599 54 723 21 531 0 0 3 525 0 0 0 0 0 0
53 8112 146 267 33 232 15 215 7 219 3 202 0 0 0 0 0 0 0 0
53 8113 233 440 88 562 54 698 29 847 3 208 0 0 0 0 0 0 0 0
53 8114 426 700 75 487 30 384 21 611 0 0 0 0 0 0 0 0 0 0
53 8121 2615 4196 971 6493 430 5387 127 3425 14 1141 0 0 0 0 0 0 0 0
53 812111 66 77 38 262 27 312 0 0 0 0 0 0 0 0 0 0 0 0
53 812112 1257 1887 442 3081 241 3004 65 1729 11 922 0 0 0 0 0 0 0 0
53 8122 140 317 78 532 40 516 8 243 0 0 0 0 0 0 0 0 0 0
53 8123 391 778 111 720 28 358 21 610 5 333 13 1613 0 0 0 0 0 0
53 8129 872 1364 274 1835 152 2045 65 1971 13 934 6 1021 0 0 0 0 0 0
53 813 3971 7532 1477 9649 778 10256 398 11873 81 5528 34 4934 3 1084 3 2398 3 6874
53 8131 1928 3986 856 5613 438 5792 239 7011 50 3433 18 2585 0 0 0 0 0 0
53 8139 1020 1772 258 1637 143 1894 57 1763 18 1252 8 1254 0 0 0 0 0 0
53 81393 195 398 100 649 67 903 24 773 10 694 6 890 0 0 0 0 0 0
53 814 10730 19370 4067 26942 1964 25576 810 23441 126 8832 60 8671 5 1686 3 2398 3 6874
54 111 190 373 40 263 10 136 0 0 0 0 0 0 0 0 0 0 0 0
54 112 190 373 40 263 10 136 0 0 0 0 0 0 0 0 0 0 0 0
54 113 176 352 32 207 7 98 0 0 0 0 0 0 0 0 0 0 0 0
54 1133 172 342 32 207 7 98 0 0 0 0 0 0 0 0 0 0 0 0
54 114 190 373 40 263 10 136 0 0 0 0 0 0 0 0 0 0 0 0
54 115 14 21 8 56 3 38 0 0 0 0 0 0 0 0 0 0 0 0
54 211 81 153 30 216 11 129 15 446 8 566 3 421 0 0 0 0 0 0
54 2121 22 30 12 81 15 201 15 429 17 1101 15 2252 18 5646 5 2751 0 0
54 2122 24 31 16 112 24 319 25 796 20 1327 15 2252 18 5646 5 2751 0 0
54 2123 0 0 4 31 9 118 9 325 3 226 0 0 0 0 0 0 0 0
54 213 98 169 36 231 30 445 32 1146 11 781 12 1398 3 1048 0 0 0 0
54 22 81 148 50 326 46 573 30 948 19 1140 14 2361 0 0 0 0 0 0
54 221 81 148 50 326 46 573 30 948 19 1140 14 2361 0 0 0 0 0 0
54 2211 44 68 24 151 22 277 18 549 16 935 11 1935 0 0 0 0 0 0
54 2212 15 30 13 78 15 188 7 247 3 205 0 0 0 0 0 0 0 0
54 2213 22 50 13 97 9 108 5 152 0 0 0 0 0 0 0 0 0 0
54 23 1949 3255 541 3551 286 3824 165 4738 52 3593 30 4518 4 1325 0 0 0 0
54 3 368 724 199 1320 171 2414 183 5708 87 6149 68 10821 14 4977 15 10237 4 6551
54 31 368 724 199 1320 171 2414 183 5708 87 6149 68 10821 14 4977 15 10237 4 6551
54 311 34 59 21 137 12 166 11 301 0 0 3 494 0 0 0 0 0 0
54 3114 6 17 0 0 0 0 0 0 0 0 0 0 0 0 0 0 0 0
54 3116 9 13 8 45 0 0 0 0 0 0 0 0 0 0 0 0 0 0
54 3118 15 26 8 51 6 77 7 193 0 0 0 0 0 0 0 0 0 0
54 311811 13 25 7 46 3 40 4 104 0 0 0 0 0 0 0 0 0 0
54 3121 21 25 7 50 5 68 4 123 0 0 0 0 0 0 0 0 0 0
54 3122 21 25 8 55 5 68 4 123 0 0 0 0 0 0 0 0 0 0
54 3131 368 724 199 1320 171 2414 183 5708 87 6149 68 10821 14 4977 15 10237 4 6551
54 3132 368 724 199 1320 171 2414 183 5708 87 6149 68 10821 14 4977 15 10237 4 6551
54 3133 368 724 199 1320 171 2414 183 5708 87 6149 68 10821 14 4977 15 10237 4 6551
54 314 10 19 6 29 0 0 0 0 0 0 0 0 0 0 0 0 0 0
54 31411 3 7 0 0 0 0 0 0 0 0 0 0 0 0 0 0 0 0
54 315 5 12 0 0 0 0 0 0 0 0 0 0 0 0 0 0 0 0
54 316 368 724 199 1320 171 2414 183 5708 87 6149 68 10821 14 4977 15 10237 4 6551
54 3162 368 724 199 1320 171 2414 183 5708 87 6149 68 10821 14 4977 15 10237 4 6551
54 3211 22 47 6 45 17 233 12 426 6 429 3 434 0 0 0 0 0 0
54 3212 0 0 0 0 0 0 3 68 0 0 0 0 0 0 0 0 0 0
54 3219 14 32 5 32 11 156 18 522 10 702 3 413 0 0 0 0 0 0
54 32199 11 25 3 18 0 0 7 198 0 0 0 0 0 0 0 0 0 0
54 3231 39 87 22 145 12 165 3 68 3 194 0 0 0 0 0 0 0 0
54 3241 8 27 0 0 0 0 0 0 0 0 0 0 0 0 0 0 0 0
54 32411 8 27 0 0 0 0 0 0 0 0 0 0 0 0 0 0 0 0
54 325 12 24 10 65 10 140 20 720 8 519 10 1348 4 1447 0 0 0 0
54 3252 0 0 0 0 0 0 3 114 0 0 3 357 0 0 0 0 0 0
54 3256 3 3 0 0 0 0 0 0 0 0 3 499 0 0 0 0 0 0
54 3261 3 6 6 41 0 0 7 222 8 591 11 1725 0 0 0 0 0 0
54 3262 0 0 0 0 3 42 0 0 0 0 0 0 0 0 0 0 0 0
54 327 27 52 19 136 21 295 20 632 4 286 6 987 0 0 0 0 0 0
54 3272 3 6 0 0 0 0 4 172 0 0 0 0 0 0 0 0 0 0
54 3279 5 6 0 0 4 62 4 120 0 0 0 0 0 0 0 0 0 0
54 331 6 8 0 0 0 0 0 0 5 307 5 794 0 0 3 2086 0 0
54 3313 0 0 0 0 0 0 0 0 3 169 0 0 0 0 0 0 0 0
54 332 74 139 50 331 43 614 38 1217 17 1326 4 621 0 0 0 0 0 0
54 3327 34 68 18 113 17 221 17 521 7 532 0 0 0 0 0 0 0 0
54 3328 4 11 5 36 5 61 3 84 3 259 0 0 0 0 0 0 0 0
54 33299 11 20 5 35 0 0 3 106 0 0 0 0 0 0 0 0 0 0
54 333 16 24 17 118 12 182 19 565 5 414 7 1396 0 0 0 0 0 0
54 3331 7 6 8 55 5 73 13 361 3 259 4 852 0 0 0 0 0 0
54 33311 7 6 8 55 5 73 13 361 3 259 4 852 0 0 0 0 0 0
54 3333 3 6 3 19 0 0 0 0 0 0 0 0 0 0 0 0 0 0
54 3336 16 24 17 118 12 182 19 565 5 414 7 1396 0 0 0 0 0 0
54 334 6 10 0 0 3 39 0 0 4 266 0 0 0 0 0 0 0 0
54 3341 6 10 0 0 3 39 0 0 4 266 0 0 0 0 0 0 0 0
54 335 4 7 5 33 0 0 3 76 0 0 0 0 0 0 0 0 0 0
54 3352 4 7 5 33 0 0 3 76 0 0 0 0 0 0 0 0 0 0
54 336 9 24 0 0 4 60 6 172 6 370 3 559 0 0 5 3244 0 0
54 33641 0 0 0 0 0 0 0 0 0 0 0 0 0 0 3 1902 0 0
54 3366 9 24 0 0 4 60 6 172 6 370 3 559 0 0 5 3244 0 0
54 3369 9 24 0 0 4 60 6 172 6 370 3 559 0 0 5 3244 0 0
54 337 15 33 5 35 0 0 5 199 3 185 0 0 0 0 0 0 0 0
54 3391 19 47 6 40 5 71 3 91 0 0 0 0 0 0 0 0 0 0
54 3399 21 35 5 27 0 0 0 0 0 0 0 0 0 0 0 0 0 0
54 4 1925 4027 1885 12793 1123 14739 573 16616 155 10559 88 12836 30 8912 0 0 0 0
54 42 591 1177 309 2094 229 3137 173 5066 44 2842 21 3085 3 966 0 0 0 0
54 4231 27 59 21 158 15 199 15 501 4 237 3 376 0 0 0 0 0 0
54 4232 8 18 3 23 0 0 0 0 0 0 0 0 0 0 0 0 0 0
54 4233 40 81 24 173 18 255 10 257 0 0 0 0 0 0 0 0 0 0
54 4234 64 108 19 115 12 144 12 392 0 0 0 0 0 0 0 0 0 0
54 4235 12 27 7 48 9 111 0 0 0 0 0 0 0 0 0 0 0 0
54 4236 32 57 20 131 14 202 10 297 0 0 0 0 0 0 0 0 0 0
54 4237 38 103 30 190 13 179 0 0 0 0 0 0 0 0 0 0 0 0
54 4238 124 259 77 525 62 870 47 1343 10 675 0 0 0 0 0 0 0 0
54 4239 50 106 28 189 23 318 8 197 4 212 0 0 0 0 0 0 0 0
54 42393 26 62 21 150 13 179 5 126 3 161 0 0 0 0 0 0 0 0
54 424 165 305 73 502 54 739 61 1814 17 1091 10 1557 0 0 0 0 0 0
54 4241 14 32 6 41 3 35 0 0 0 0 0 0 0 0 0 0 0 0
54 4243 7 12 0 0 0 0 0 0 0 0 0 0 0 0 0 0 0 0
54 4244 46 87 8 55 14 205 18 626 9 585 3 522 0 0 0 0 0 0
54 4245 3 4 0 0 0 0 0 0 0 0 0 0 0 0 0 0 0 0
54 4247 24 43 8 50 4 57 8 245 0 0 3 371 0 0 0 0 0 0
54 4248 4 3 10 66 9 126 16 481 0 0 0 0 0 0 0 0 0 0
54 4249 27 50 15 101 6 73 6 131 0 0 0 0 0 0 0 0 0 0
54 42491 5 7 0 0 0 0 0 0 0 0 0 0 0 0 0 0 0 0
54 4251 31 54 7 40 7 91 5 117 0 0 0 0 0 0 0 0 0 0
54 4411 114 208 40 272 31 419 75 2371 36 2431 11 1512 0 0 0 0 0 0
54 4412 20 41 27 188 24 341 12 318 0 0 0 0 0 0 0 0 0 0
54 4413 129 279 166 1220 134 1692 16 449 0 0 0 0 0 0 0 0 0 0
54 442 114 225 44 308 34 445 17 433 0 0 0 0 0 0 0 0 0 0
54 443141 11 18 7 43 8 90 0 0 0 0 0 0 0 0 0 0 0 0
54 443142 13 35 41 240 6 65 0 0 5 322 0 0 0 0 0 0 0 0
54 4441 107 228 123 816 61 786 28 701 0 0 24 3869 0 0 0 0 0 0
54 44413 37 81 35 238 18 224 12 266 0 0 0 0 0 0 0 0 0 0
54 4442 43 91 40 262 41 531 5 104 0 0 0 0 0 0 0 0 0 0
54 44511 49 80 32 222 67 935 79 2608 50 3512 23 2944 0 0 0 0 0 0
54 44512 66 145 21 138 12 141 0 0 0 0 0 0 0 0 0 0 0 0
54 4452 29 48 12 77 8 105 7 204 0 0 0 0 0 0 0 0 0 0
54 4453 39 75 24 144 8 119 0 0 0 0 0 0 0 0 0 0 0 0
54 446 159 377 210 1436 127 1669 103 2653 0 0 0 0 0 0 0 0 0 0
54 44611 50 127 155 1086 104 1388 91 2237 0 0 0 0 0 0 0 0 0 0
54 447 217 510 349 2493 260 3453 101 2889 6 389 0 0 0 0 0 0 0 0
54 4481 85 184 99 703 78 982 27 909 17 981 0 0 0 0 0 0 0 0
54 44821 24 69 46 301 27 361 3 72 0 0 0 0 0 0 0 0 0 0
54 4483 31 70 37 246 9 100 0 0 0 0 0 0 0 0 0 0 0 0
54 4511 97 175 30 182 29 378 28 951 0 0 0 0 0 0 0 0 0 0
54 45113 9 18 0 0 4 51 0 0 0 0 0 0 0 0 0 0 0 0
54 45114 13 25 4 28 4 55 0 0 0 0 0 0 0 0 0 0 0 0
54 45121 29 49 15 96 10 124 3 75 0 0 0 0 0 0 0 0 0 0
54 45221 0 0 0 0 0 0 0 0 19 1356 3 344 0 0 0 0 0 0
54 4523 45 92 314 2034 69 948 34 876 12 899 22 3309 29 8663 0 0 0 0
54 4531 75 167 22 132 5 65 0 0 0 0 0 0 0 0 0 0 0 0
54 45321 8 14 4 26 6 91 0 0 0 0 0 0 0 0 0 0 0 0
54 45322 60 114 26 174 16 213 0 0 0 0 0 0 0 0 0 0 0 0
54 4533 64 109 32 216 12 160 10 262 0 0 0 0 0 0 0 0 0 0
54 4539 167 363 90 598 25 312 8 239 0 0 0 0 0 0 0 0 0 0
54 454110 42 87 11 72 0 0 0 0 0 0 0 0 0 0 0 0 0 0
54 4542 14 20 0 0 0 0 3 68 3 234 0 0 0 0 0 0 0 0
54 454310 17 46 13 99 6 74 0 0 0 0 0 0 0 0 0 0 0 0
54 45439 57 108 9 50 9 130 0 0 0 0 0 0 0 0 0 0 0 0
54 481 6 9 3 18 0 0 0 0 0 0 0 0 0 0 0 0 0 0
54 482 636 1004 223 1432 146 1956 117 3420 34 2301 17 2688 4 1440 0 0 0 0
54 483 636 1004 223 1432 146 1956 117 3420 34 2301 17 2688 4 1440 0 0 0 0
54 484 442 692 137 889 79 1061 70 2022 16 1059 4 541 0 0 0 0 0 0
54 485 18 15 8 46 6 77 4 113 0 0 0 0 0 0 0 0 0 0
54 4853 10 12 5 31 0 0 0 0 0 0 0 0 0 0 0 0 0 0
54 486 30 49 20 120 14 171 10 298 0 0 0 0 0 0 0 0 0 0
54 487 3 3 0 0 0 0 0 0 0 0 0 0 0 0 0 0 0 0
54 488 106 186 39 246 26 354 12 323 0 0 0 0 0 0 0 0 0 0
54 492 13 23 9 57 13 182 13 429 10 721 4 657 0 0 0 0 0 0
54 493 18 27 7 56 8 111 5 135 4 279 5 816 0 0 0 0 0 0
54 5111 43 95 16 110 9 115 7 248 3 280 3 417 0 0 0 0 0 0
54 51111 25 55 13 89 6 78 6 226 3 280 3 417 0 0 0 0 0 0
54 5112 8 18 0 0 3 35 0 0 0 0 0 0 0 0 0 0 0 0
54 5121 12 19 4 19 14 228 8 182 0 0 0 0 0 0 0 0 0 0
54 5122 13 22 4 19 14 228 8 182 0 0 0 0 0 0 0 0 0 0
54 515 14 27 8 57 15 183 11 374 3 262 0 0 0 0 0 0 0 0
54 517 235 422 90 635 65 865 30 953 6 366 0 0 0 0 0 0 0 0
54 517311 183 315 42 280 33 451 25 798 5 285 0 0 0 0 0 0 0 0
54 5182 15 27 6 42 4 53 0 0 0 0 0 0 0 0 0 0 0 0
54 5191 19 36 3 18 0 0 0 0 0 0 0 0 0 0 0 0 0 0
54 51912 8 15 0 0 0 0 0 0 0 0 0 0 0 0 0 0 0 0
54 51913 9 14 0 0 0 0 0 0 0 0 0 0 0 0 0 0 0 0
54 52 1146 2439 575 3862 194 2557 93 2636 33 2238 9 1312 4 1589 0 0 0 0
54 522 398 991 397 2745 137 1823 64 1800 16 984 4 690 0 0 0 0 0 0
54 5221 257 680 351 2449 121 1623 58 1638 16 984 4 690 0 0 0 0 0 0
54 5241 58 92 22 144 15 220 11 326 7 554 3 351 0 0 0 0 0 0
54 5242 511 1044 128 808 31 393 12 338 8 563 0 0 0 0 0 0 0 0
54 53 986 1687 264 1626 95 1196 28 853 3 209 0 0 0 0 0 0 0 0
54 531 886 1487 139 884 49 627 12 368 0 0 0 0 0 0 0 0 0 0
54 5313 175 285 30 195 14 195 0 0 0 0 0 0 0 0 0 0 0 0
54 532 94 185 120 710 44 547 16 485 0 0 0 0 0 0 0 0 0 0
54 5321 27 50 35 206 16 199 3 73 0 0 0 0 0 0 0 0 0 0
54 5411 609 1184 162 1055 58 759 38 1092 4 294 6 848 0 0 0 0 0 0
54 5412 302 551 118 799 66 838 22 612 7 410 3 361 0 0 0 0 0 0
54 5413 190 310 64 425 54 751 37 1096 13 940 5 844 0 0 0 0 0 0
54 5414 38 60 3 14 0 0 0 0 0 0 0 0 0 0 0 0 0 0
54 5415 171 280 35 240 29 409 23 699 9 683 4 569 0 0 0 0 0 0
54 5416 234 311 47 295 30 411 9 267 3 161 4 656 0 0 0 0 0 0
54 5417 23 49 5 40 5 60 5 163 0 0 4 517 0 0 0 0 0 0
54 5418 54 101 11 73 9 123 0 0 0 0 0 0 0 0 0 0 0 0
54 5419 83 161 48 333 55 726 28 829 3 242 0 0 0 0 0 0 0 0
54 54194 41 99 39 275 52 687 24 712 0 0 0 0 0 0 0 0 0 0
54 55 104 175 35 223 38 494 29 892 15 1076 4 650 0 0 0 0 0 0
54 561 771 1165 185 1246 131 1781 102 3180 47 3262 47 7663 14 4997 10 7142 0 0
54 5613 76 111 10 64 17 251 25 851 25 1699 27 4469 6 1984 0 0 0 0
54 5614 41 73 16 104 12 161 9 275 3 213 6 1174 3 1180 4 3098 0 0
54 5615 56 96 13 77 10 126 0 0 0 0 0 0 0 0 0 0 0 0
54 5616 54 89 10 74 16 190 11 371 8 575 5 883 3 1088 0 0 0 0
54 5617 418 555 103 690 56 774 33 960 3 242 7 881 0 0 0 0 0 0
54 56173 264 323 52 348 22 321 8 254 0 0 0 0 0 0 0 0 0 0
54 562 67 140 45 302 41 571 19 562 8 509 5 723 0 0 0 0 0 0
54 611 139 244 48 320 39 539 33 974 11 713 5 941 6 2117 0 0 0 0
54 6111 14 36 11 75 9 128 20 615 10 635 0 0 0 0 0 0 0 0
54 621 1139 2376 803 5372 510 6683 297 8687 74 4934 36 5226 8 2278 3 2021 0 0
54 6211 440 939 279 1886 177 2305 86 2388 28 1929 8 1275 0 0 0 0 0 0
54 6212 134 309 224 1530 125 1597 19 486 0 0 0 0 0 0 0 0 0 0
54 6213 358 750 197 1274 78 1005 35 1035 8 463 4 623 0 0 0 0 0 0
54 62131 84 169 35 230 9 114 0 0 0 0 0 0 0 0 0 0 0 0
54 62132 54 121 38 248 20 256 5 123 0 0 0 0 0 0 0 0 0 0
54 6214 127 240 73 479 79 1058 87 2536 16 1087 12 1693 5 1369 0 0 0 0
54 6216 17 33 12 91 20 284 43 1385 15 1006 8 1059 0 0 0 0 0 0
54 622 0 0 0 0 0 0 0 0 0 0 16 2806 17 5887 10 6653 17 37017
54 6222 0 0 0 0 0 0 0 0 0 0 0 0 3 885 0 0 0 0
54 623 212 497 182 1339 148 2089 81 2361 99 6826 43 5798 3 882 0 0 0 0
54 6231 15 39 15 112 7 97 8 281 67 4828 36 4819 3 882 0 0 0 0
54 6241 213 343 74 493 68 901 96 3023 55 3834 32 4906 3 888 0 0 0 0
54 6242 63 132 29 200 20 286 23 688 0 0 0 0 0 0 0 0 0 0
54 6243 46 85 15 101 14 207 12 425 6 457 6 839 0 0 0 0 0 0
54 6244 125 228 101 701 83 1169 54 1526 7 471 0 0 0 0 0 0 0 0
54 711 63 103 16 110 8 108 0 0 0 0 0 0 0 0 0 0 0 0
54 7111 13 24 6 39 4 52 0 0 0 0 0 0 0 0 0 0 0 0
54 7112 17 32 6 47 3 38 0 0 0 0 0 0 0 0 0 0 0 0
54 7115 15 22 0 0 0 0 0 0 0 0 0 0 0 0 0 0 0 0
54 712 24 42 6 39 3 36 0 0 0 0 0 0 0 0 0 0 0 0
54 713 287 656 180 1181 80 1056 44 1244 16 1033 3 429 0 0 0 0 0 0
54 71395 5 16 6 46 12 171 4 109 0 0 0 0 0 0 0 0 0 0
54 721 144 231 59 397 101 1472 92 2656 9 561 9 1217 3 957 3 2355 0 0
54 7211 95 162 51 344 98 1421 85 2435 9 561 9 1217 3 957 3 2355 0 0
54 722 789 1414 605 4159 797 11239 726 22306 208 13469 32 4199 0 0 0 0 0 0
54 7224 171 332 94 585 32 417 6 173 0 0 0 0 0 0 0 0 0 0
54 8111 522 1018 164 1033 57 722 19 541 0 0 0 0 0 0 0 0 0 0
54 811192 46 78 12 74 6 81 0 0 0 0 0 0 0 0 0 0 0 0
54 8112 21 45 7 43 10 138 0 0 0 0 0 0 0 0 0 0 0 0
54 8113 84 144 35 234 24 341 28 907 3 182 0 0 0 0 0 0 0 0
54 8114 35 43 5 27 0 0 0 0 0 0 0 0 0 0 0 0 0 0
54 8121 216 369 97 680 45 597 13 311 0 0 0 0 0 0 0 0 0 0
54 812111 12 16 0 0 0 0 0 0 0 0 0 0 0 0 0 0 0 0
54 812112 139 239 81 582 36 480 7 168 0 0 0 0 0 0 0 0 0 0
54 8122 150 358 106 715 35 430 3 118 0 0 0 0 0 0 0 0 0 0
54 8123 33 81 14 96 13 183 7 175 0 0 0 0 0 0 0 0 0 0
54 8129 87 138 32 201 8 119 0 0 0 0 0 0 0 0 0 0 0 0
54 813 1649 3290 458 2939 170 2196 80 2308 14 961 3 571 0 0 0 0 0 0
54 8131 1146 2265 271 1707 85 1080 51 1452 11 739 0 0 0 0 0 0 0 0
54 8139 232 450 76 491 47 629 9 251 0 0 0 0 0 0 0 0 0 0
54 81393 93 212 56 368 35 484 6 147 0 0 0 0 0 0 0 0 0 0
54 814 2797 5486 918 5968 362 4726 156 4556 23 1517 5 851 0 0 0 0 0 0
55 111 406 677 68 432 36 466 16 444 0 0 0 0 0 0 0 0 0 0
55 112 406 677 68 432 36 466 16 444 0 0 0 0 0 0 0 0 0 0
55 113 234 402 28 187 10 129 0 0 0 0 0 0 0 0 0 0 0 0
55 1133 231 398 28 187 10 129 0 0 0 0 0 0 0 0 0 0 0 0
55 114 17 27 0 0 0 0 0 0 0 0 0 0 0 0 0 0 0 0
55 115 155 248 40 245 26 337 13 352 0 0 0 0 0 0 0 0 0 0
55 211 62 124 26 175 17 236 34 972 11 771 7 847 0 0 0 0 0 0
55 2121 54 110 24 158 16 219 31 893 11 771 6 707 0 0 0 0 0 0
55 2122 54 110 24 158 16 219 31 893 11 771 6 707 0 0 0 0 0 0
55 2123 54 110 24 158 16 219 31 893 11 771 6 707 0 0 0 0 0 0
55 213 7 13 0 0 0 0 3 79 0 0 0 0 0 0 0 0 0 0
55 22 138 287 55 393 36 489 61 1916 31 2285 22 3798 4 1504 4 2473 0 0
55 221 138 287 55 393 36 489 61 1916 31 2285 22 3798 4 1504 4 2473 0 0
55 2211 99 186 38 277 29 392 54 1695 29 2103 19 3139 0 0 4 2473 0 0
55 2212 32 84 13 89 7 97 5 165 0 0 3 659 0 0 0 0 0 0
55 2213 7 17 4 27 0 0 0 0 0 0 0 0 0 0 0 0 0 0
55 22132 5 13 0 0 0 0 0 0 0 0 0 0 0 0 0 0 0 0
55 23 9322 15003 2226 14489 1251 16876 767 23200 211 14233 96 14339 25 8324 13 8651 4 4803
55 3 2439 4718 1319 8964 1304 18054 1488 47145 946 67365 791 122755 245 83170 115 76038 33 50643
55 31 2439 4718 1319 8964 1304 18054 1488 47145 946 67365 791 122755 245 83170 115 76038 33 50643
55 311 222 386 124 867 175 2394 175 5489 118 8295 121 19331 40 13820 22 14022 9 12362
55 3113 19 40 11 76 17 204 11 294 5 339 4 647 0 0 0 0 0 0
55 3114 26 43 12 72 9 132 17 539 15 1109 11 1509 5 1669 7 4602 0 0
55 3115 13 21 7 48 29 422 51 1704 47 3355 62 10043 13 4572 5 2972 0 0
55 3116 27 53 28 200 28 355 25 750 5 319 9 1274 12 4451 3 2211 6 8149
55 3118 81 115 33 224 52 714 27 841 15 1022 11 1751 0 0 0 0 0 0
55 311811 55 82 30 203 42 574 13 398 4 288 3 377 0 0 0 0 0 0
55 3121 69 109 56 381 36 491 27 780 11 676 7 946 0 0 0 0 0 0
55 3122 71 116 56 381 36 491 27 780 11 676 7 946 0 0 0 0 0 0
55 3131 8 8 4 31 3 37 4 132 4 329 3 422 0 0 0 0 0 0
55 3132 3 3 0 0 0 0 3 98 4 329 0 0 0 0 0 0 0 0
55 3133 3 5 0 0 0 0 0 0 0 0 0 0 0 0 0 0 0 0
55 314 53 86 20 129 16 210 7 218 4 243 0 0 0 0 0 0 0 0
55 31411 10 20 0 0 0 0 0 0 0 0 0 0 0 0 0 0 0 0
55 315 28 46 4 31 4 51 5 162 0 0 0 0 0 0 0 0 0 0
55 316 13 31 6 34 4 57 6 226 3 183 4 490 0 0 0 0 0 0
55 3211 29 57 20 132 35 491 19 549 8 535 3 319 0 0 0 0 0 0
55 3212 3 3 3 21 9 146 12 364 9 728 9 1516 0 0 0 0 0 0
55 3219 116 231 53 352 61 845 73 2228 34 2415 23 3394 6 1712 3 2109 0 0
55 32199 50 90 13 75 12 173 17 500 13 855 7 975 0 0 0 0 0 0
55 3221 0 0 0 0 0 0 0 0 8 640 12 2248 7 2347 3 1659 0 0
55 3222 12 25 4 22 15 201 43 1311 30 2272 39 5952 18 6335 4 3014 0 0
55 32221 6 12 3 16 5 74 16 476 14 1046 19 2874 6 1812 0 0 0 0
55 3231 269 555 102 686 90 1236 86 2847 59 4232 28 4373 17 5771 5 3423 0 0
55 3241 6 6 0 0 3 39 4 158 0 0 3 495 0 0 0 0 0 0
55 32411 6 6 0 0 3 39 4 158 0 0 3 495 0 0 0 0 0 0
55 325 94 206 49 336 46 635 75 2513 43 3217 32 5029 10 3772 3 2121 0 0
55 3252 7 13 8 60 5 76 11 385 4 270 5 771 0 0 0 0 0 0
55 3253 6 13 0 0 5 63 0 0 6 469 0 0 0 0 0 0 0 0
55 3254 20 33 8 53 8 107 17 618 5 425 9 1450 3 1038 0 0 0 0
55 3255 10 21 8 54 9 108 15 458 9 683 6 1119 0 0 0 0 0 0
55 3256 20 57 6 41 10 150 9 271 7 484 4 605 0 0 0 0 0 0
55 3261 57 122 47 330 41 587 80 2572 80 5791 70 10586 15 5050 6 3613 0 0
55 3262 6 20 12 76 3 39 11 367 7 446 6 994 0 0 0 0 0 0
55 32621 0 0 7 47 0 0 0 0 0 0 0 0 0 0 0 0 0 0
55 327 128 252 104 696 73 1019 56 1692 16 1138 14 2385 5 1571 0 0 0 0
55 32711 8 14 0 0 0 0 0 0 0 0 0 0 0 0 0 0 0 0
55 327120 0 0 3 25 0 0 0 0 0 0 0 0 0 0 0 0 0 0
55 3272 15 23 4 20 0 0 0 0 5 372 6 1100 4 1253 0 0 0 0
55 3279 20 27 20 133 18 257 15 505 3 243 4 634 0 0 0 0 0 0
55 331 16 30 16 108 15 205 26 817 30 2130 28 4249 8 3041 8 5278 0 0
55 3313 0 0 0 0 0 0 0 0 0 0 3 577 0 0 0 0 0 0
55 3314 4 5 0 0 0 0 0 0 3 178 0 0 0 0 0 0 0 0
55 3315 8 18 11 73 10 130 18 568 21 1546 20 2971 8 3041 6 3864 0 0
55 332 530 1047 324 2207 314 4392 354 11158 183 12776 160 23972 29 9203 8 5431 0 0
55 3321 9 15 13 92 13 178 31 991 21 1533 23 3344 3 906 0 0 0 0
55 3322 13 25 6 42 6 77 4 124 3 211 4 642 0 0 0 0 0 0
55 3327 290 575 160 1097 149 2054 142 4443 51 3527 42 5921 0 0 0 0 0 0
55 3328 56 122 40 278 38 574 51 1595 16 1125 16 2328 0 0 0 0 0 0
55 33299 59 108 40 281 32 436 44 1442 11 765 14 2249 0 0 0 0 0 0
55 333 220 412 141 955 166 2296 189 6028 143 10070 104 15812 35 12044 16 9691 4 5282
55 3331 19 39 12 84 15 209 25 824 16 1201 18 2738 6 2416 6 3752 0 0
55 33311 13 28 7 52 7 90 7 233 4 276 10 1627 0 0 5 3092 0 0
55 3333 10 16 3 22 11 167 9 264 12 892 6 807 0 0 0 0 0 0
55 3335 103 172 71 478 55 737 65 2096 32 2195 9 1346 0 0 0 0 0 0
55 3336 4 11 7 56 5 73 11 360 10 695 13 2145 3 1045 4 2590 0 0
55 334 71 144 28 195 29 414 49 1673 34 2225 29 5102 6 2109 7 4531 0 0
55 3341 5 12 4 31 4 58 0 0 4 322 3 538 0 0 0 0 0 0
55 3345 37 68 19 132 17 249 21 692 12 752 15 2791 3 1152 4 2534 0 0
55 335 38 79 19 124 18 266 28 892 21 1463 27 4317 12 4082 11 7277 4 4463
55 3352 0 0 0 0 0 0 0 0 0 0 3 333 0 0 3 1827 0 0
55 336 54 92 37 251 34 483 48 1617 32 2406 24 3686 21 7086 9 6836 5 9182
55 33641 0 0 0 0 3 44 9 264 0 0 0 0 0 0 0 0 0 0
55 3365 0 0 0 0 0 0 0 0 4 243 0 0 0 0 0 0 0 0
55 3366 4 7 6 38 0 0 3 102 3 219 0 0 3 1088 0 0 0 0
55 3369 10 13 4 24 4 57 0 0 0 0 0 0 0 0 3 2415 0 0
55 337 156 317 63 430 51 675 51 1566 27 2013 20 3384 7 2125 0 0 0 0
55 3391 89 178 28 194 21 251 15 427 14 1136 4 683 5 1747 0 0 0 0
55 3399 149 267 53 356 41 581 43 1300 26 1844 18 2690 0 0 0 0 0 0
55 4 7206 14218 4526 30433 3160 42138 2234 67066 676 46398 484 73260 84 25821 5 3396 4 8357
55 42 3008 5476 1315 8900 1073 14540 870 26532 313 21815 172 26091 43 14188 6 4245 0 0
55 4231 127 260 82 561 76 985 77 2398 42 2850 11 1465 0 0 0 0 0 0
55 4232 62 110 28 187 31 405 25 746 7 467 5 736 0 0 0 0 0 0
55 4233 124 240 60 428 74 998 46 1349 11 838 7 1093 0 0 0 0 0 0
55 4234 301 555 88 572 74 1026 61 1940 32 2234 19 3390 5 1580 0 0 0 0
55 4235 50 86 24 166 20 257 23 676 13 963 5 671 0 0 0 0 0 0
55 4236 172 298 98 668 80 1079 75 2334 23 1733 9 1371 3 900 0 0 0 0
55 4237 132 298 84 546 53 675 63 1936 13 882 3 502 0 0 0 0 0 0
55 4238 495 990 290 1989 229 3126 209 6204 49 3522 28 4253 3 1212 0 0 0 0
55 4239 214 369 89 565 73 942 44 1312 14 942 11 1710 4 1482 0 0 0 0
55 42393 64 126 47 304 42 538 20 588 6 420 5 815 0 0 0 0 0 0
55 424 860 1588 397 2719 321 4477 228 7066 103 6972 71 10466 23 7326 0 0 0 0
55 4241 76 131 25 162 20 259 18 544 7 452 3 489 0 0 0 0 0 0
55 4243 42 74 12 76 18 244 8 232 0 0 0 0 0 0 0 0 0 0
55 4244 226 437 84 573 76 1070 67 2098 34 2215 31 4361 17 5587 0 0 0 0
55 4245 45 96 30 210 15 218 16 491 0 0 0 0 0 0 0 0 0 0
55 4247 57 112 28 196 20 265 16 503 4 235 0 0 0 0 0 0 0 0
55 4248 31 43 5 38 12 159 8 290 19 1336 16 2535 0 0 0 0 0 0
55 4249 240 432 120 833 105 1488 63 1895 17 1239 9 1388 0 0 0 0 0 0
55 42491 121 224 81 586 67 955 43 1344 7 465 4 491 0 0 0 0 0 0
55 4251 471 682 75 499 42 570 19 571 6 412 3 434 0 0 0 0 0 0
55 4411 341 604 114 764 99 1404 198 6767 160 10699 51 7375 0 0 0 0 0 0
55 4412 158 291 100 711 94 1317 54 1663 10 588 0 0 0 0 0 0 0 0
55 4413 247 579 401 2959 311 4006 32 884 6 375 0 0 0 0 0 0 0 0
55 442 465 972 237 1582 141 1907 74 2163 18 1112 4 627 0 0 0 0 0 0
55 443141 76 169 57 373 30 402 9 323 0 0 0 0 0 0 0 0 0 0
55 443142 152 322 113 747 34 403 10 262 15 1044 9 1016 0 0 0 0 0 0
55 4441 404 894 326 2141 257 3399 144 4206 28 1798 82 12760 0 0 0 0 0 0
55 44413 117 231 111 727 121 1610 76 2024 10 625 0 0 0 0 0 0 0 0
55 4442 181 333 95 624 81 1012 39 1122 6 327 0 0 0 0 0 0 0 0
55 44511 219 411 103 678 150 2190 141 4678 173 12584 166 23695 13 4619 0 0 0 0
55 44512 95 153 17 114 8 94 6 156 0 0 0 0 0 0 0 0 0 0
55 4452 178 357 115 763 115 1613 41 1136 4 251 0 0 0 0 0 0 0 0
55 4453 258 522 91 601 45 571 8 239 0 0 0 0 0 0 0 0 0 0
55 446 478 907 337 2199 167 2252 356 10682 20 1214 3 487 0 0 0 0 0 0
55 44611 98 167 109 733 97 1352 318 9386 13 784 0 0 0 0 0 0 0 0
55 447 792 1916 767 5178 514 6727 463 12921 17 898 0 0 0 0 0 0 0 0
55 4481 373 791 313 2140 345 4423 178 5210 44 2788 0 0 0 0 0 0 0 0
55 44821 117 270 114 713 69 908 47 1496 4 267 0 0 0 0 0 0 0 0
55 4483 158 347 113 757 41 499 7 146 0 0 0 0 0 0 0 0 0 0
55 4511 404 719 173 1142 140 1947 103 3279 13 843 4 743 0 0 0 0 0 0
55 45113 41 94 18 114 16 260 13 428 0 0 0 0 0 0 0 0 0 0
55 45114 30 70 20 139 11 148 8 232 0 0 0 0 0 0 0 0 0 0
55 45121 74 128 26 158 10 122 11 356 3 178 0 0 0 0 0 0 0 0
55 45221 0 0 0 0 0 0 3 106 80 6340 27 3163 0 0 0 0 0 0
55 4523 90 141 274 1831 93 1386 110 3174 18 1462 117 20353 65 19217 0 0 0 0
55 4531 146 281 57 411 31 384 4 102 0 0 0 0 0 0 0 0 0 0
55 45321 18 37 6 44 36 480 4 79 0 0 0 0 0 0 0 0 0 0
55 45322 209 373 87 602 51 668 12 282 0 0 0 0 0 0 0 0 0 0
55 4533 184 338 73 508 62 861 77 2648 26 1532 0 0 0 0 0 0 0 0
55 4539 450 866 179 1163 92 1197 46 1213 0 0 0 0 0 0 0 0 0 0
55 454110 469 719 105 667 67 918 31 956 16 1116 8 1268 0 0 5 3396 4 8357
55 4542 46 72 15 88 7 91 6 208 4 327 3 463 0 0 0 0 0 0
55 454310 114 264 48 328 24 317 7 207 0 0 0 0 0 0 0 0 0 0
55 45439 310 442 70 447 46 640 13 402 0 0 0 0 0 0 0 0 0 0
55 481 17 25 0 0 6 88 8 245 7 531 5 650 0 0 0 0 0 0
55 482 3171 4766 838 5550 698 9392 634 19613 231 16066 127 19175 26 8242 18 12080 9 12325
55 484 2420 3525 503 3346 379 5070 318 9907 112 7782 58 8935 8 2480 7 4744 5 7303
55 485 172 251 79 526 105 1434 137 4256 46 3138 15 2240 6 1772 0 0 0 0
55 4853 48 60 23 159 32 424 27 803 3 220 0 0 0 0 0 0 0 0
55 486 27 41 9 51 4 50 0 0 0 0 0 0 0 0 0 0 0 0
55 487 29 18 0 0 5 65 0 0 0 0 0 0 0 0 0 0 0 0
55 488 283 501 134 888 89 1220 60 1880 15 1005 0 0 0 0 0 0 0 0
55 492 81 124 30 194 31 382 34 972 18 1312 28 4202 3 1096 0 0 0 0
55 493 141 281 79 519 77 1055 74 2273 32 2233 19 2945 9 2894 8 5676 0 0
55 5111 135 263 75 479 43 563 41 1246 15 1070 12 1993 0 0 0 0 0 0
55 51111 62 131 47 303 25 338 24 733 5 426 7 1059 0 0 0 0 0 0
55 5112 67 97 25 177 21 306 19 592 8 559 9 1347 3 1060 0 0 3 12296
55 5121 122 183 22 142 26 360 42 1299 10 638 6 823 0 0 0 0 0 0
55 5122 17 30 0 0 0 0 0 0 0 0 0 0 0 0 0 0 0 0
55 515 44 90 32 231 33 443 28 859 15 1071 6 795 0 0 0 0 0 0
55 517 786 1619 283 1977 181 2471 62 1916 19 1318 17 2788 4 1616 3 2428 0 0
55 517311 535 1032 114 825 98 1393 44 1405 14 1004 15 2380 3 1250 0 0 0 0
55 5182 107 182 24 166 17 226 25 754 9 700 13 2176 4 1639 0 0 0 0
55 5191 59 81 12 71 10 132 8 265 0 0 0 0 0 0 0 0 0 0
55 51912 0 0 0 0 3 39 0 0 0 0 0 0 0 0 0 0 0 0
55 51913 48 68 8 47 7 93 6 218 0 0 0 0 0 0 0 0 0 0
55 52 5165 9769 1992 12833 864 11111 473 14119 164 11111 105 16140 51 17233 22 15219 13 37645
55 522 1211 2708 1244 8090 561 7146 276 8189 83 5505 46 6827 25 8364 5 3213 0 0
55 5221 553 1417 1107 7214 517 6570 238 7034 70 4725 31 4535 19 6283 3 1940 0 0
55 5241 259 458 86 548 72 956 55 1680 29 1993 40 6477 18 6279 13 9039 11 34842
55 5242 2166 4008 454 2880 133 1716 83 2530 36 2651 13 1724 6 2013 3 2404 0 0
55 53 3736 5760 727 4777 392 5119 180 5255 45 2915 22 3306 0 0 0 0 0 0
55 531 3394 5186 543 3515 262 3448 126 3786 41 2687 13 2005 0 0 0 0 0 0
55 5313 778 1278 183 1226 110 1494 68 2106 15 1094 11 1726 0 0 0 0 0 0
55 532 325 552 178 1220 127 1626 51 1377 4 228 6 948 0 0 0 0 0 0
55 5321 86 161 56 372 50 646 20 506 0 0 0 0 0 0 0 0 0 0
55 5411 1379 2523 410 2676 181 2392 84 2303 21 1527 7 928 5 1572 0 0 0 0
55 5412 1126 2018 367 2397 242 3216 103 2971 28 1853 20 2728 4 1342 0 0 0 0
55 5413 885 1417 245 1650 170 2275 163 5016 61 4056 29 4458 3 1114 0 0 0 0
55 5414 313 478 52 348 20 267 9 281 0 0 0 0 0 0 0 0 0 0
55 5415 1161 1597 184 1218 129 1716 98 2972 32 2269 22 3622 8 2877 3 2437 0 0
55 5416 1523 1874 193 1237 95 1240 60 1896 18 1255 22 3253 0 0 0 0 0 0
55 5417 95 145 36 234 27 338 20 578 9 608 10 1398 0 0 0 0 4 5561
55 5418 325 530 74 506 48 624 51 1575 15 879 6 857 0 0 0 0 0 0
55 5419 628 983 229 1604 225 3074 109 3130 16 1072 6 712 0 0 0 0 0 0
55 54194 209 418 186 1315 192 2576 90 2556 9 575 0 0 0 0 0 0 0 0
55 55 322 603 138 905 140 1909 166 5284 95 6768 78 11197 30 10144 30 19331 14 20959
55 561 3981 5953 1028 6787 654 8998 519 16276 254 17966 183 27898 78 25547 26 17632 8 19076
55 5613 537 912 127 906 94 1338 179 6132 128 9378 102 15747 40 13009 16 10513 6 16271
55 5614 181 317 83 534 33 436 33 1029 11 727 17 2508 9 3051 3 1888 0 0
55 5615 128 237 52 337 24 335 15 472 0 0 5 882 0 0 0 0 0 0
55 5616 124 244 44 300 45 627 25 777 12 772 13 2045 4 1090 0 0 0 0
55 5617 2558 3488 571 3740 348 4733 175 5100 63 4285 28 3866 17 5627 4 3127 0 0
55 56173 1570 2030 298 1967 152 2049 60 1810 22 1558 5 738 3 1072 0 0 0 0
55 562 314 575 108 731 96 1332 53 1635 24 1733 10 1368 0 0 0 0 0 0
55 611 669 1115 322 2167 263 3590 261 7955 75 5040 42 6110 10 3615 9 6561 8 21430
55 6111 46 115 59 407 82 1190 147 4684 50 3400 32 4589 3 834 0 0 0 0
55 621 4236 7817 2075 13724 1468 19713 864 25274 304 20830 161 22054 46 16695 16 9909 4 5496
55 6211 1293 1959 416 2695 341 4695 297 8941 115 7660 64 8260 18 6094 5 3006 0 0
55 6212 558 1226 761 5154 498 6495 146 3733 15 961 3 363 0 0 0 0 0 0
55 6213 1824 3542 606 3844 235 3069 77 2137 21 1436 10 1358 6 2197 0 0 0 0
55 62131 776 1627 245 1473 44 539 6 139 0 0 0 0 0 0 0 0 0 0
55 62132 141 327 112 751 56 717 9 199 0 0 0 0 0 0 0 0 0 0
55 6214 300 654 188 1316 220 3022 183 5597 66 4610 34 4841 10 3797 5 3332 0 0
55 6216 110 171 41 303 78 1125 74 2284 59 4256 27 3952 6 2456 0 0 0 0
55 622 7 10 3 16 0 0 0 0 8 558 36 6093 49 17438 29 19596 31 71691
55 6222 0 0 0 0 0 0 0 0 0 0 3 418 4 1698 3 1991 0 0
55 623 638 1332 912 5987 627 8424 556 16996 246 17019 143 20605 29 9602 0 0 0 0
55 6231 41 39 29 199 18 241 63 2218 136 9765 81 11558 14 4177 0 0 0 0
55 6241 759 1278 323 2202 256 3444 309 9428 113 7769 63 8618 11 3293 0 0 0 0
55 6242 182 353 59 402 55 769 36 1033 7 446 0 0 0 0 0 0 0 0
55 6243 80 127 21 129 31 429 42 1290 26 1866 29 4368 5 1686 0 0 0 0
55 6244 507 843 313 2170 409 5515 328 9150 23 1469 4 448 0 0 0 0 0 0
55 711 483 628 71 474 41 514 21 675 16 1060 9 1612 0 0 3 1788 0 0
55 7111 111 166 14 94 16 210 9 266 6 393 4 713 0 0 0 0 0 0
55 7112 41 36 7 45 9 106 0 0 4 286 0 0 0 0 0 0 0 0
55 7115 196 241 19 126 3 31 4 126 0 0 0 0 0 0 0 0 0 0
55 712 123 201 30 207 27 337 18 553 3 199 4 597 0 0 0 0 0 0
55 713 993 1563 351 2378 303 4278 245 7376 93 6070 53 8640 14 5108 0 0 0 0
55 71395 58 109 43 307 46 647 60 1723 8 514 0 0 0 0 0 0 0 0
55 721 658 905 206 1437 297 4151 263 7966 54 3811 41 6212 12 4701 5 2980 3 4739
55 7211 462 617 160 1115 276 3879 249 7541 50 3582 41 6212 12 4701 5 2980 3 4739
55 722 4205 7021 2602 17740 2939 41133 2877 87741 716 46061 87 10950 0 0 3 1875 0 0
55 7224 1603 3037 679 4412 333 4375 106 3074 9 541 0 0 0 0 0 0 0 0
55 8111 2026 4075 783 5087 287 3655 108 3048 15 865 0 0 0 0 0 0 0 0
55 811192 115 178 43 307 27 372 22 687 7 388 0 0 0 0 0 0 0 0
55 8112 125 229 23 144 11 131 7 177 0 0 0 0 0 0 0 0 0 0
55 8113 336 573 84 550 59 759 22 695 8 502 3 388 0 0 0 0 0 0
55 8114 285 483 42 246 10 121 0 0 0 0 0 0 0 0 0 0 0 0
55 8121 1472 2708 657 4377 361 4689 109 3087 5 266 0 0 0 0 0 0 0 0
55 812111 60 81 24 168 37 516 4 110 0 0 0 0 0 0 0 0 0 0
55 812112 958 1817 420 2802 243 3139 77 2199 5 266 0 0 0 0 0 0 0 0
55 8122 363 739 113 702 56 698 11 286 0 0 0 0 0 0 0 0 0 0
55 8123 164 374 101 650 33 447 19 547 13 868 9 1194 0 0 0 0 0 0
55 8129 452 755 145 991 107 1457 43 1196 8 533 0 0 0 0 0 0 0 0
55 813 3318 6729 1490 9652 773 10326 444 13268 90 5960 36 5520 7 2536 0 0 0 0
55 8131 1961 4295 1057 6766 482 6400 310 9387 62 3999 21 3166 0 0 0 0 0 0
55 8139 645 1179 221 1446 154 2058 71 1973 13 892 8 1153 0 0 0 0 0 0
55 81393 152 297 114 771 112 1482 43 1160 6 416 3 385 0 0 0 0 0 0
55 814 8541 16665 3438 22399 1697 22283 764 22331 143 9240 52 7633 8 2772 0 0 0 0
56 111 74 104 12 84 0 0 0 0 0 0 0 0 0 0 0 0 0 0
56 112 74 104 12 84 0 0 0 0 0 0 0 0 0 0 0 0 0 0
56 113 18 39 4 24 0 0 0 0 0 0 0 0 0 0 0 0 0 0
56 1133 16 34 4 24 0 0 0 0 0 0 0 0 0 0 0 0 0 0
56 114 17 11 0 0 0 0 0 0 0 0 0 0 0 0 0 0 0 0
56 115 39 54 7 51 0 0 0 0 0 0 0 0 0 0 0 0 0 0
56 211 70 107 21 123 12 175 18 507 10 711 0 0 0 0 0 0 0 0
56 2121 4 1 0 0 0 0 0 0 0 0 7 1223 0 0 0 0 0 0
56 2123 10 17 4 29 5 61 11 385 0 0 0 0 0 0 0 0 0 0
56 213 236 392 76 528 64 848 69 2252 23 1577 9 1321 0 0 0 0 0 0
56 22 79 144 26 192 22 313 18 547 5 368 3 382 0 0 0 0 0 0
56 221 79 144 26 192 22 313 18 547 5 368 3 382 0 0 0 0 0 0
56 2211 37 74 18 129 16 221 16 484 4 281 3 382 0 0 0 0 0 0
56 2212 30 50 5 41 6 92 0 0 0 0 0 0 0 0 0 0 0 0
56 2213 12 20 3 22 0 0 0 0 0 0 0 0 0 0 0 0 0 0
56 22132 12 20 3 22 0 0 0 0 0 0 0 0 0 0 0 0 0 0
56 23 1817 2910 471 3035 269 3602 124 3578 26 1818 5 798 0 0 0 0 0 0
56 3 295 507 124 871 57 756 60 1801 20 1448 20 3060 3 1077 0 0 0 0
56 31 295 507 124 871 57 756 60 1801 20 1448 20 3060 3 1077 0 0 0 0
56 311 36 49 18 117 4 47 0 0 0 0 0 0 0 0 0 0 0 0
56 3113 0 0 3 16 0 0 0 0 0 0 0 0 0 0 0 0 0 0
56 3114 36 49 18 117 4 47 0 0 0 0 0 0 0 0 0 0 0 0
56 3115 36 49 18 117 4 47 0 0 0 0 0 0 0 0 0 0 0 0
56 3116 17 25 11 75 0 0 0 0 0 0 0 0 0 0 0 0 0 0
56 3118 11 16 0 0 0 0 0 0 0 0 0 0 0 0 0 0 0 0
56 311811 7 12 0 0 0 0 0 0 0 0 0 0 0 0 0 0 0 0
56 3121 18 36 6 48 3 36 4 115 0 0 0 0 0 0 0 0 0 0
56 3122 18 36 6 48 3 36 4 115 0 0 0 0 0 0 0 0 0 0
56 3131 295 507 124 871 57 756 60 1801 20 1448 20 3060 3 1077 0 0 0 0
56 3132 295 507 124 871 57 756 60 1801 20 1448 20 3060 3 1077 0 0 0 0
56 3133 295 507 124 871 57 756 60 1801 20 1448 20 3060 3 1077 0 0 0 0
56 314 15 26 0 0 0 0 0 0 0 0 0 0 0 0 0 0 0 0
56 31411 3 4 0 0 0 0 0 0 0 0 0 0 0 0 0 0 0 0
56 315 6 7 0 0 0 0 0 0 0 0 0 0 0 0 0 0 0 0
56 316 7 13 0 0 0 0 0 0 0 0 0 0 0 0 0 0 0 0
56 3162 7 13 0 0 0 0 0 0 0 0 0 0 0 0 0 0 0 0
56 3219 10 11 7 44 0 0 0 0 0 0 0 0 0 0 0 0 0 0
56 32199 7 8 4 27 0 0 0 0 0 0 0 0 0 0 0 0 0 0
56 3231 17 34 10 65 0 0 0 0 0 0 0 0 0 0 0 0 0 0
56 3241 0 0 5 40 0 0 0 0 0 0 0 0 0 0 0 0 0 0
56 325 12 18 8 59 4 47 5 142 0 0 5 765 0 0 0 0 0 0
56 3252 12 18 8 59 4 47 5 142 0 0 5 765 0 0 0 0 0 0
56 3254 3 4 0 0 0 0 0 0 0 0 0 0 0 0 0 0 0 0
56 3255 12 18 8 59 4 47 5 142 0 0 5 765 0 0 0 0 0 0
56 327 24 48 13 98 7 91 7 207 0 0 0 0 0 0 0 0 0 0
56 32711 24 48 13 98 7 91 7 207 0 0 0 0 0 0 0 0 0 0
56 327120 24 48 13 98 7 91 7 207 0 0 0 0 0 0 0 0 0 0
56 3272 24 48 13 98 7 91 7 207 0 0 0 0 0 0 0 0 0 0
56 3279 5 11 0 0 0 0 0 0 0 0 0 0 0 0 0 0 0 0
56 332 55 98 19 135 12 162 13 402 4 310 0 0 0 0 0 0 0 0
56 3321 55 98 19 135 12 162 13 402 4 310 0 0 0 0 0 0 0 0
56 3322 55 98 19 135 12 162 13 402 4 310 0 0 0 0 0 0 0 0
56 3327 23 38 8 66 3 34 4 122 0 0 0 0 0 0 0 0 0 0
56 3328 4 2 0 0 0 0 0 0 0 0 0 0 0 0 0 0 0 0
56 33299 10 19 0 0 3 43 4 136 0 0 0 0 0 0 0 0 0 0
56 333 18 36 7 52 8 112 11 330 0 0 6 961 0 0 0 0 0 0
56 3331 7 13 3 22 6 85 7 195 0 0 0 0 0 0 0 0 0 0
56 33311 4 10 0 0 0 0 0 0 0 0 0 0 0 0 0 0 0 0
56 3333 18 36 7 52 8 112 11 330 0 0 6 961 0 0 0 0 0 0
56 3335 3 8 0 0 0 0 0 0 0 0 0 0 0 0 0 0 0 0
56 334 8 12 3 24 0 0 3 86 3 225 0 0 0 0 0 0 0 0
56 335 4 7 0 0 0 0 0 0 0 0 0 0 0 0 0 0 0 0
56 3352 4 7 0 0 0 0 0 0 0 0 0 0 0 0 0 0 0 0
56 336 8 15 6 45 0 0 0 0 0 0 0 0 0 0 0 0 0 0
56 3365 8 15 6 45 0 0 0 0 0 0 0 0 0 0 0 0 0 0
56 3366 8 15 6 45 0 0 0 0 0 0 0 0 0 0 0 0 0 0
56 3369 8 15 6 45 0 0 0 0 0 0 0 0 0 0 0 0 0 0
56 337 18 33 6 41 0 0 0 0 0 0 0 0 0 0 0 0 0 0
56 3391 8 10 3 21 0 0 0 0 0 0 0 0 0 0 0 0 0 0
56 3399 24 38 5 27 6 72 0 0 0 0 0 0 0 0 0 0 0 0
56 4 1163 2121 664 4525 416 5527 209 6030 64 4528 32 3895 11 3381 0 0 0 0
56 42 399 807 188 1223 126 1714 70 2103 15 948 3 472 0 0 0 0 0 0
56 4231 15 32 6 41 8 110 9 276 0 0 0 0 0 0 0 0 0 0
56 4232 7 11 0 0 0 0 0 0 0 0 0 0 0 0 0 0 0 0
56 4233 14 34 9 59 5 76 0 0 0 0 0 0 0 0 0 0 0 0
56 4234 33 58 7 47 4 55 0 0 0 0 0 0 0 0 0 0 0 0
56 4235 10 27 6 43 5 64 0 0 0 0 0 0 0 0 0 0 0 0
56 4236 18 42 16 106 4 58 0 0 0 0 0 0 0 0 0 0 0 0
56 4237 24 52 15 96 0 0 0 0 0 0 0 0 0 0 0 0 0 0
56 4238 94 205 60 385 42 597 23 634 5 331 0 0 0 0 0 0 0 0
56 4239 28 55 9 54 9 125 0 0 0 0 0 0 0 0 0 0 0 0
56 42393 8 17 3 16 6 82 0 0 0 0 0 0 0 0 0 0 0 0
56 424 118 240 55 361 45 582 25 782 9 552 0 0 0 0 0 0 0 0
56 4241 9 22 4 25 0 0 0 0 0 0 0 0 0 0 0 0 0 0
56 4244 22 43 15 105 11 137 5 123 4 239 0 0 0 0 0 0 0 0
56 4245 10 24 0 0 3 34 0 0 0 0 0 0 0 0 0 0 0 0
56 4247 17 37 7 48 9 119 5 150 3 182 0 0 0 0 0 0 0 0
56 4248 3 4 0 0 10 139 6 177 0 0 0 0 0 0 0 0 0 0
56 4249 17 36 9 61 7 92 0 0 0 0 0 0 0 0 0 0 0 0
56 42491 7 18 3 21 5 65 0 0 0 0 0 0 0 0 0 0 0 0
56 4251 38 51 3 16 0 0 3 112 0 0 0 0 0 0 0 0 0 0
56 4411 51 75 14 93 9 163 32 1029 14 945 0 0 0 0 0 0 0 0
56 4412 27 56 13 90 12 150 4 129 0 0 0 0 0 0 0 0 0 0
56 4413 51 115 71 501 42 524 9 245 3 193 0 0 0 0 0 0 0 0
56 442 70 136 34 215 13 182 4 102 0 0 0 0 0 0 0 0 0 0
56 443141 5 11 4 33 8 91 0 0 0 0 0 0 0 0 0 0 0 0
56 443142 39 89 15 90 3 39 0 0 0 0 0 0 0 0 0 0 0 0
56 4441 71 160 54 360 42 563 20 522 0 0 8 1015 0 0 0 0 0 0
56 44413 24 47 11 69 14 208 9 236 0 0 0 0 0 0 0 0 0 0
56 4442 21 35 11 77 10 109 9 279 0 0 0 0 0 0 0 0 0 0
56 44511 10 20 13 105 12 174 23 680 21 1569 15 1684 0 0 0 0 0 0
56 44512 8 12 8 53 0 0 0 0 0 0 0 0 0 0 0 0 0 0
56 4452 21 34 8 50 9 130 0 0 0 0 0 0 0 0 0 0 0 0
56 4453 30 73 33 220 24 303 4 127 0 0 0 0 0 0 0 0 0 0
56 446 70 134 32 211 21 299 9 235 0 0 0 0 0 0 0 0 0 0
56 44611 9 13 19 129 16 233 7 177 0 0 0 0 0 0 0 0 0 0
56 447 72 140 102 750 104 1320 37 1029 5 374 0 0 0 0 0 0 0 0
56 4481 52 82 50 336 22 278 11 322 4 285 0 0 0 0 0 0 0 0
56 44821 11 22 14 92 5 68 0 0 0 0 0 0 0 0 0 0 0 0
56 4483 21 47 19 124 4 51 0 0 0 0 0 0 0 0 0 0 0 0
56 4511 79 165 25 163 16 223 13 389 0 0 0 0 0 0 0 0 0 0
56 45113 16 34 3 17 3 50 0 0 0 0 0 0 0 0 0 0 0 0
56 45114 6 16 0 0 0 0 0 0 0 0 0 0 0 0 0 0 0 0
56 45121 21 52 6 40 0 0 0 0 0 0 0 0 0 0 0 0 0 0
56 45221 0 0 0 0 0 0 4 167 4 212 0 0 0 0 0 0 0 0
56 4523 14 23 25 184 20 314 18 487 7 541 4 604 10 2895 0 0 0 0
56 4531 31 60 10 71 3 37 0 0 0 0 0 0 0 0 0 0 0 0
56 45321 10 17 0 0 5 75 0 0 0 0 0 0 0 0 0 0 0 0
56 45322 40 79 15 99 6 84 0 0 0 0 0 0 0 0 0 0 0 0
56 4533 22 42 15 91 4 60 0 0 0 0 0 0 0 0 0 0 0 0
56 4539 87 154 30 198 7 88 0 0 0 0 0 0 0 0 0 0 0 0
56 454110 107 114 8 46 5 73 3 83 0 0 0 0 0 0 0 0 0 0
56 4542 4 4 0 0 0 0 0 0 0 0 0 0 0 0 0 0 0 0
56 454310 20 57 20 130 0 0 0 0 0 0 0 0 0 0 0 0 0 0
56 45439 98 113 11 78 6 67 0 0 0 0 0 0 0 0 0 0 0 0
56 481 15 24 0 0 5 74 3 90 0 0 0 0 0 0 0 0 0 0
56 482 573 862 166 1112 113 1554 87 2498 14 926 9 1346 0 0 0 0 0 0
56 483 3 1 0 0 0 0 0 0 0 0 0 0 0 0 0 0 0 0
56 484 402 609 110 753 64 862 49 1395 6 389 0 0 0 0 0 0 0 0
56 485 22 18 0 0 0 0 3 110 0 0 0 0 0 0 0 0 0 0
56 4853 15 14 0 0 0 0 0 0 0 0 0 0 0 0 0 0 0 0
56 486 33 58 23 136 13 153 11 283 0 0 0 0 0 0 0 0 0 0
56 487 9 8 0 0 0 0 0 0 0 0 0 0 0 0 0 0 0 0
56 488 60 94 16 103 16 243 9 255 0 0 0 0 0 0 0 0 0 0
56 492 14 23 10 68 12 164 11 344 0 0 0 0 0 0 0 0 0 0
56 493 15 27 0 0 3 58 0 0 0 0 0 0 0 0 0 0 0 0
56 5111 24 38 6 35 11 144 5 173 3 212 0 0 0 0 0 0 0 0
56 51111 9 12 4 24 8 101 5 173 3 212 0 0 0 0 0 0 0 0
56 5112 21 19 0 0 0 0 3 117 0 0 0 0 0 0 0 0 0 0
56 5121 19 21 7 45 11 135 4 130 0 0 0 0 0 0 0 0 0 0
56 5122 4 6 0 0 0 0 0 0 0 0 0 0 0 0 0 0 0 0
56 515 17 38 12 78 8 109 4 113 0 0 0 0 0 0 0 0 0 0
56 517 105 224 40 289 24 331 14 435 0 0 0 0 0 0 0 0 0 0
56 517311 66 141 18 131 15 213 11 360 0 0 0 0 0 0 0 0 0 0
56 5182 25 33 0 0 4 54 0 0 0 0 0 0 0 0 0 0 0 0
56 5191 28 33 3 20 4 58 0 0 0 0 0 0 0 0 0 0 0 0
56 51912 28 33 3 20 4 58 0 0 0 0 0 0 0 0 0 0 0 0
56 51913 23 23 3 20 4 58 0 0 0 0 0 0 0 0 0 0 0 0
56 52 695 1240 230 1496 98 1268 50 1450 7 444 3 479 0 0 0 0 0 0
56 522 139 308 115 776 76 1000 45 1319 5 327 0 0 0 0 0 0 0 0
56 5221 57 146 97 668 69 913 43 1233 5 327 0 0 0 0 0 0 0 0
56 5241 55 98 8 50 9 103 0 0 0 0 0 0 0 0 0 0 0 0
56 5242 265 477 76 489 9 109 0 0 0 0 0 0 0 0 0 0 0 0
56 53 995 1448 144 915 64 873 25 685 9 612 0 0 0 0 0 0 0 0
56 531 884 1226 77 477 30 389 11 298 4 271 0 0 0 0 0 0 0 0
56 5313 163 210 21 134 11 152 5 115 0 0 0 0 0 0 0 0 0 0
56 532 108 219 66 433 34 484 14 387 4 277 0 0 0 0 0 0 0 0
56 5321 29 57 8 51 4 54 0 0 0 0 0 0 0 0 0 0 0 0
56 5411 445 684 65 407 22 277 5 138 0 0 0 0 0 0 0 0 0 0
56 5412 244 361 45 299 28 400 6 181 3 181 0 0 0 0 0 0 0 0
56 5413 240 377 81 525 38 520 24 743 0 0 0 0 0 0 0 0 0 0
56 5414 37 49 4 24 3 44 0 0 0 0 0 0 0 0 0 0 0 0
56 5415 231 269 21 137 11 142 6 201 0 0 0 0 0 0 0 0 0 0
56 5416 652 739 40 284 14 203 11 330 0 0 0 0 0 0 0 0 0 0
56 5417 24 31 6 42 0 0 0 0 0 0 0 0 0 0 0 0 0 0
56 5418 51 69 4 25 4 51 0 0 0 0 0 0 0 0 0 0 0 0
56 5419 173 242 45 289 27 363 15 425 0 0 0 0 0 0 0 0 0 0
56 54194 45 85 30 200 21 276 12 329 0 0 0 0 0 0 0 0 0 0
56 55 49 92 15 105 6 75 10 335 3 186 3 523 0 0 0 0 0 0
56 561 707 993 143 908 76 989 45 1233 19 1199 5 833 0 0 0 0 0 0
56 5613 45 45 3 17 3 33 8 230 12 804 0 0 0 0 0 0 0 0
56 5614 44 75 12 68 6 71 4 95 0 0 0 0 0 0 0 0 0 0
56 5615 27 32 9 60 0 0 0 0 0 0 0 0 0 0 0 0 0 0
56 5616 36 46 5 29 6 77 0 0 0 0 0 0 0 0 0 0 0 0
56 5617 406 581 90 576 48 651 21 581 4 216 0 0 0 0 0 0 0 0
56 56173 230 310 37 246 21 278 8 230 0 0 0 0 0 0 0 0 0 0
56 562 49 114 21 144 15 229 9 258 0 0 0 0 0 0 0 0 0 0
56 611 138 211 33 218 29 386 17 529 3 250 0 0 0 0 0 0 0 0
56 6111 0 0 5 30 8 116 8 285 0 0 0 0 0 0 0 0 0 0
56 621 696 1183 316 2058 182 2384 97 2935 13 889 3 426 0 0 0 0 0 0
56 6211 203 332 62 400 34 457 29 880 4 291 0 0 0 0 0 0 0 0
56 6212 90 161 90 613 57 717 9 231 0 0 0 0 0 0 0 0 0 0
56 6213 318 538 102 664 51 657 17 443 4 255 0 0 0 0 0 0 0 0
56 62131 82 160 20 118 7 85 0 0 0 0 0 0 0 0 0 0 0 0
56 62132 26 61 27 181 8 95 4 111 0 0 0 0 0 0 0 0 0 0
56 6214 31 56 33 204 18 260 21 632 0 0 0 0 0 0 0 0 0 0
56 6216 13 21 10 65 13 187 13 442 0 0 0 0 0 0 0 0 0 0
56 622 3 3 0 0 0 0 4 207 0 0 12 1872 7 2759 7 4757 0 0
56 6222 0 0 0 0 0 0 4 207 0 0 0 0 0 0 0 0 0 0
56 623 30 51 23 158 15 200 30 979 28 2124 10 1525 0 0 0 0 0 0
56 6231 0 0 0 0 0 0 6 259 11 903 5 783 0 0 0 0 0 0
56 6241 143 277 41 269 31 421 28 841 6 402 3 484 0 0 0 0 0 0
56 6242 30 68 8 50 10 129 5 153 0 0 0 0 0 0 0 0 0 0
56 6243 7 13 0 0 0 0 0 0 0 0 0 0 0 0 0 0 0 0
56 6244 107 218 68 437 27 365 30 857 0 0 0 0 0 0 0 0 0 0
56 711 89 107 8 58 4 44 3 85 0 0 0 0 0 0 0 0 0 0
56 7111 10 23 0 0 0 0 0 0 0 0 0 0 0 0 0 0 0 0
56 7112 6 6 0 0 0 0 0 0 0 0 0 0 0 0 0 0 0 0
56 7115 58 62 4 31 0 0 0 0 0 0 0 0 0 0 0 0 0 0
56 712 22 34 8 51 7 80 0 0 0 0 0 0 0 0 0 0 0 0
56 713 225 276 36 247 40 556 19 578 5 292 4 538 0 0 0 0 0 0
56 71395 3 9 3 23 5 73 4 132 0 0 0 0 0 0 0 0 0 0
56 721 228 321 86 599 86 1246 79 2322 23 1526 6 787 3 1155 0 0 0 0
56 7211 153 215 70 497 79 1144 77 2272 22 1455 6 787 3 1155 0 0 0 0
56 722 368 567 290 2004 297 4198 299 8784 57 3574 6 742 0 0 0 0 0 0
56 7224 58 141 71 465 22 273 10 302 0 0 0 0 0 0 0 0 0 0
56 8111 308 648 115 738 46 573 4 108 0 0 0 0 0 0 0 0 0 0
56 811192 43 96 6 39 6 66 0 0 0 0 0 0 0 0 0 0 0 0
56 8112 18 25 4 21 0 0 0 0 0 0 0 0 0 0 0 0 0 0
56 8113 86 146 23 148 11 176 0 0 0 0 0 0 0 0 0 0 0 0
56 8114 30 41 6 40 0 0 0 0 0 0 0 0 0 0 0 0 0 0
56 8121 131 202 40 258 10 123 0 0 0 0 0 0 0 0 0 0 0 0
56 812111 105 171 36 230 4 51 0 0 0 0 0 0 0 0 0 0 0 0
56 812112 91 145 34 220 4 51 0 0 0 0 0 0 0 0 0 0 0 0
56 8122 18 47 6 41 3 39 3 81 0 0 0 0 0 0 0 0 0 0
56 8123 24 45 7 49 10 141 0 0 3 228 0 0 0 0 0 0 0 0
56 8129 78 87 17 112 3 37 0 0 0 0 0 0 0 0 0 0 0 0
56 813 571 1042 175 1124 73 944 16 447 4 235 0 0 0 0 0 0 0 0
56 8131 259 488 100 641 38 491 12 324 0 0 0 0 0 0 0 0 0 0
56 8139 110 203 25 154 11 156 0 0 0 0 0 0 0 0 0 0 0 0
56 81393 31 64 9 53 6 82 0 0 0 0 0 0 0 0 0 0 0 0
56 814 1264 2283 393 2531 157 2045 30 850 9 570 0 0 0 0 0 0 0 0
