# Generated by utilities/UrbanPop-scripts/compute_workgroup_sizes.py
# source: 2019 CBP state file (cbp19st.txt); fallback default=20, cap=86
# columns: state_fips  naics_code  workgroup_size
# NOTE: rows that used the fallback default (no CBP coverage at any NAICS
# level for that state, e.g. most of NAICS 92x Public Administration) bake
# that default in at generation time -- overriding agent.workgroup_size at
# runtime will NOT change these rows, only (state, NAICS) pairs absent from
# this file entirely inherit the live runtime value.
12801
1 111 8
1 112 8
1 113 7
1 1133 7
1 114 5
1 115 11
1 211 12
1 2121 86
1 2122 40
1 2123 19
1 213 18
1 22 45
1 221 45
1 2211 55
1 2212 46
1 2213 10
1 22132 27
1 23 12
1 3 64
1 31 64
1 311 86
1 3113 16
1 3114 7
1 3115 86
1 3116 86
1 3118 17
1 311811 6
1 3121 25
1 3122 26
1 3131 86
1 3132 85
1 3133 16
1 314 62
1 31411 86
1 315 59
1 316 7
1 3162 7
1 3211 59
1 3212 58
1 3219 40
1 32199 64
1 3221 86
1 3222 77
1 32221 86
1 3231 9
1 3241 69
1 32411 86
1 325 70
1 3252 86
1 3253 37
1 3254 39
1 3255 38
1 3256 24
1 3261 86
1 3262 86
1 32621 86
1 327 26
1 32711 3
1 327120 56
1 3272 73
1 3279 20
1 33 20
1 331 86
1 3313 86
1 3314 86
1 3315 86
1 332 28
1 3321 63
1 3322 18
1 3327 15
1 3328 23
1 33299 38
1 333 41
1 3331 39
1 33311 37
1 3333 42
1 3335 20
1 3336 74
1 334 86
1 3341 81
1 3345 86
1 335 77
1 3352 86
1 336 86
1 33641 86
1 3365 86
1 3366 86
1 3369 76
1 337 37
1 3391 26
1 3399 26
1 4 13
1 42 15
1 4231 16
1 4232 9
1 4233 13
1 4234 14
1 4235 18
1 4236 13
1 4237 15
1 4238 13
1 4239 12
1 42393 14
1 424 22
1 4241 16
1 4243 15
1 4244 34
1 4245 7
1 4247 12
1 4248 76
1 4249 15
1 42491 11
1 4251 6
1 4411 21
1 4412 12
1 4413 8
1 442 7
1 443141 12
1 443142 12
1 4441 20
1 44413 7
1 4442 7
1 44511 41
1 44512 2
1 4452 6
1 4453 3
1 446 11
1 44611 14
1 447 6
1 4481 11
1 44821 10
1 4483 6
1 4511 14
1 45113 7
1 45114 7
1 45121 8
1 45221 86
1 4523 30
1 4531 4
1 45321 10
1 45322 7
1 4533 9
1 4539 5
1 454110 7
1 4542 8
1 454310 6
1 45439 4
1 481 19
1 482 22
1 483 21
1 484 15
1 485 19
1 4853 7
1 486 12
1 487 2
1 488 20
1 491 20
1 492 49
1 493 63
1 5111 27
1 51111 18
1 5112 27
1 5121 20
1 5122 3
1 515 18
1 517 14
1 517311 16
1 5182 28
1 5191 8
1 51912 7
1 51913 9
1 52 10
1 522 10
1 5221 16
1 5241 18
1 5242 8
1 53 5
1 531 5
1 5313 7
1 532 8
1 5321 9
1 5411 5
1 5412 7
1 5413 21
1 5414 2
1 5415 21
1 5416 7
1 5417 43
1 5418 11
1 5419 10
1 54194 11
1 55 33
1 561 37
1 5613 86
1 5614 32
1 5615 13
1 5616 34
1 5617 11
1 56173 7
1 562 16
1 611 28
1 6111 46
1 621 13
1 6211 13
1 6212 8
1 6213 6
1 62131 4
1 62132 6
1 6214 24
1 6216 37
1 622 86
1 6222 86
1 623 48
1 6231 86
1 6241 17
1 6242 11
1 6243 30
1 6244 12
1 711 13
1 7111 10
1 7112 18
1 7115 3
1 712 20
1 713 18
1 71395 26
1 721 19
1 7211 21
1 722 21
1 7224 8
1 8111 5
1 811192 7
1 8112 16
1 8113 10
1 8114 3
1 8121 5
1 812111 6
1 812112 5
1 8122 7
1 8123 14
1 8129 5
1 813 8
1 8131 9
1 8139 6
1 81393 6
1 814 7
1 92 20
1 9211 20
1 92113 20
1 92119 20
1 923 20
1 928 20
2 111 1
2 112 1
2 113 6
2 1133 6
2 114 1
2 115 5
2 211 86
2 2121 46
2 2122 65
2 2123 5
2 213 81
2 22 20
2 221 20
2 2211 20
2 2212 35
2 2213 14
2 22132 14
2 23 6
2 3 22
2 31 22
2 311 52
2 3113 9
2 3114 52
2 3115 8
2 3116 7
2 3118 13
2 311811 12
2 3121 10
2 3122 10
2 3131 22
2 3132 22
2 3133 22
2 314 7
2 31411 7
2 315 2
2 316 7
2 3162 7
2 3211 6
2 3212 13
2 3219 11
2 32199 11
2 3221 20
2 3222 20
2 32221 20
2 3231 6
2 3241 34
2 32411 86
2 325 10
2 3252 10
2 3253 10
2 3254 10
2 3255 10
2 3256 4
2 3261 10
2 3262 1
2 32621 1
2 327 6
2 32711 6
2 327120 6
2 3272 6
2 3279 6
2 33 20
2 331 20
2 3313 20
2 3314 20
2 3315 20
2 332 13
2 3321 13
2 3322 13
2 3327 9
2 3328 7
2 33299 11
2 333 18
2 3331 18
2 33311 18
2 3333 18
2 3335 18
2 3336 18
2 334 7
2 3341 7
2 3345 9
2 335 12
2 3352 12
2 336 17
2 33641 25
2 3365 17
2 3366 19
2 3369 17
2 337 3
2 3391 5
2 3399 6
2 4 14
2 42 12
2 4231 9
2 4232 8
2 4233 12
2 4234 7
2 4235 6
2 4236 10
2 4237 12
2 4238 10
2 4239 7
2 42393 4
2 424 16
2 4241 9
2 4243 10
2 4244 20
2 4245 16
2 4247 12
2 4248 49
2 4249 16
2 42491 16
2 4251 6
2 4411 32
2 4412 7
2 4413 10
2 442 6
2 443141 6
2 443142 10
2 4441 21
2 44413 10
2 4442 5
2 44511 28
2 44512 7
2 4452 5
2 4453 7
2 446 9
2 44611 15
2 447 9
2 4481 11
2 44821 7
2 4483 3
2 4511 11
2 45113 10
2 45114 7
2 45121 6
2 45221 86
2 4523 80
2 4531 4
2 45321 9
2 45322 4
2 4533 11
2 4539 5
2 454110 3
2 4542 16
2 454310 6
2 45439 2
2 481 28
2 482 17
2 483 9
2 484 11
2 485 27
2 4853 11
2 486 86
2 487 5
2 488 10
2 491 20
2 492 41
2 493 12
2 5111 10
2 51111 16
2 5112 7
2 5121 19
2 5122 18
2 515 11
2 517 18
2 517311 23
2 5182 28
2 5191 2
2 51912 2
2 51913 1
2 52 9
2 522 14
2 5221 17
2 5241 9
2 5242 5
2 53 5
2 531 4
2 5313 4
2 532 8
2 5321 9
2 5411 4
2 5412 4
2 5413 20
2 5414 2
2 5415 11
2 5416 10
2 5417 12
2 5418 6
2 5419 8
2 54194 17
2 55 30
2 561 20
2 5613 40
2 5614 7
2 5615 6
2 5616 34
2 5617 13
2 56173 4
2 562 11
2 611 11
2 6111 15
2 621 11
2 6211 10
2 6212 7
2 6213 6
2 62131 6
2 62132 7
2 6214 32
2 6216 29
2 622 86
2 6222 86
2 623 13
2 6231 73
2 6241 24
2 6242 12
2 6243 47
2 6244 12
2 711 14
2 7111 5
2 7112 3
2 7115 2
2 712 7
2 713 9
2 71395 20
2 721 11
2 7211 15
2 722 13
2 7224 8
2 8111 6
2 811192 5
2 8112 3
2 8113 4
2 8114 4
2 8121 5
2 812111 6
2 812112 6
2 8122 9
2 8123 10
2 8129 5
2 813 5
2 8131 6
2 8139 4
2 81393 6
2 814 5
2 92 20
2 9211 20
2 92113 20
2 92119 20
2 923 20
2 928 20
4 111 10
4 112 10
4 113 11
4 1133 7
4 114 3
4 115 11
4 211 1
4 2121 70
4 2122 86
4 2123 11
4 213 19
4 22 41
4 221 41
4 2211 79
4 2212 43
4 2213 11
4 22132 8
4 23 13
4 3 36
4 31 36
4 311 53
4 3113 11
4 3114 37
4 3115 86
4 3116 79
4 3118 36
4 311811 15
4 3121 33
4 3122 33
4 3131 24
4 3132 9
4 3133 8
4 314 14
4 31411 11
4 315 11
4 316 5
4 3162 4
4 3211 21
4 3212 55
4 3219 26
4 32199 43
4 3221 45
4 3222 74
4 32221 80
4 3231 13
4 3241 14
4 32411 14
4 325 42
4 3252 32
4 3253 48
4 3254 86
4 3255 15
4 3256 17
4 3261 43
4 3262 28
4 32621 13
4 327 23
4 32711 12
4 327120 8
4 3272 40
4 3279 16
4 33 20
4 331 57
4 3313 86
4 3314 59
4 3315 49
4 332 24
4 3321 48
4 3322 20
4 3327 17
4 3328 20
4 33299 34
4 333 28
4 3331 49
4 33311 56
4 3333 15
4 3335 27
4 3336 19
4 334 77
4 3341 11
4 3345 62
4 335 31
4 3352 86
4 336 86
4 33641 86
4 3365 86
4 3366 26
4 3369 10
4 337 26
4 3391 46
4 3399 14
4 4 19
4 42 15
4 4231 15
4 4232 12
4 4233 15
4 4234 15
4 4235 11
4 4236 25
4 4237 14
4 4238 15
4 4239 10
4 42393 15
4 424 19
4 4241 15
4 4243 10
4 4244 23
4 4245 8
4 4247 13
4 4248 71
4 4249 11
4 42491 13
4 4251 8
4 4411 44
4 4412 15
4 4413 11
4 442 12
4 443141 11
4 443142 16
4 4441 27
4 44413 15
4 4442 11
4 44511 63
4 44512 5
4 4452 7
4 4453 6
4 446 12
4 44611 21
4 447 13
4 4481 15
4 44821 9
4 4483 6
4 4511 12
4 45113 13
4 45114 8
4 45121 10
4 45221 86
4 4523 66
4 4531 5
4 45321 12
4 45322 8
4 4533 16
4 4539 7
4 454110 16
4 4542 8
4 454310 7
4 45439 4
4 481 86
4 482 28
4 483 6
4 484 16
4 485 36
4 4853 17
4 486 9
4 487 27
4 488 17
4 491 20
4 492 49
4 493 57
4 5111 20
4 51111 28
4 5112 32
4 5121 20
4 5122 2
4 515 23
4 517 21
4 517311 27
4 5182 30
4 5191 13
4 51912 8
4 51913 13
4 52 18
4 522 25
4 5221 25
4 5241 46
4 5242 9
4 53 5
4 531 4
4 5313 8
4 532 10
4 5321 11
4 5411 5
4 5412 7
4 5413 11
4 5414 3
4 5415 14
4 5416 6
4 5417 38
4 5418 7
4 5419 11
4 54194 12
4 55 61
4 561 35
4 5613 86
4 5614 43
4 5615 39
4 5616 35
4 5617 12
4 56173 12
4 562 19
4 611 29
4 6111 46
4 621 11
4 6211 9
4 6212 7
4 6213 5
4 62131 4
4 62132 5
4 6214 26
4 6216 34
4 622 86
4 6222 86
4 623 27
4 6231 77
4 6241 35
4 6242 23
4 6243 37
4 6244 15
4 711 14
4 7111 18
4 7112 45
4 7115 2
4 712 27
4 713 28
4 71395 21
4 721 41
4 7211 47
4 722 22
4 7224 12
4 8111 7
4 811192 11
4 8112 6
4 8113 10
4 8114 3
4 8121 6
4 812111 5
4 812112 6
4 8122 8
4 8123 12
4 8129 9
4 813 10
4 8131 10
4 8139 11
4 81393 9
4 814 8
4 92 20
4 9211 20
4 92113 20
4 92119 20
4 923 20
4 928 20
5 111 7
5 112 7
5 113 6
5 1133 6
5 114 3
5 115 9
5 211 12
5 2121 21
5 2122 21
5 2123 21
5 213 10
5 22 23
5 221 23
5 2211 34
5 2212 19
5 2213 5
5 22132 10
5 23 9
5 3 64
5 31 64
5 311 86
5 3113 7
5 3114 86
5 3115 77
5 3116 86
5 3118 70
5 311811 9
5 3121 15
5 3122 15
5 3131 28
5 3132 28
5 3133 2
5 314 34
5 31411 3
5 315 74
5 316 86
5 3162 86
5 3211 45
5 3212 40
5 3219 26
5 32199 25
5 3221 86
5 3222 86
5 32221 86
5 3231 19
5 3241 47
5 32411 86
5 325 54
5 3252 48
5 3253 33
5 3254 18
5 3255 23
5 3256 86
5 3261 86
5 3262 86
5 32621 86
5 327 14
5 32711 3
5 327120 33
5 3272 39
5 3279 13
5 33 20
5 331 86
5 3313 85
5 3314 64
5 3315 75
5 332 30
5 3321 48
5 3322 37
5 3327 12
5 3328 19
5 33299 61
5 333 78
5 3331 86
5 33311 86
5 3333 56
5 3335 22
5 3336 86
5 334 80
5 3341 80
5 3345 86
5 335 86
5 3352 86
5 336 86
5 33641 86
5 3365 86
5 3366 71
5 3369 34
5 337 24
5 3391 21
5 3399 19
5 4 13
5 42 15
5 4231 22
5 4232 12
5 4233 17
5 4234 10
5 4235 15
5 4236 13
5 4237 13
5 4238 13
5 4239 12
5 42393 15
5 424 16
5 4241 12
5 4243 24
5 4244 20
5 4245 13
5 4247 12
5 4248 38
5 4249 12
5 42491 12
5 4251 18
5 4411 21
5 4412 10
5 4413 7
5 442 8
5 443141 7
5 443142 11
5 4441 17
5 44413 7
5 4442 8
5 44511 36
5 44512 3
5 4452 6
5 4453 5
5 446 9
5 44611 11
5 447 8
5 4481 10
5 44821 8
5 4483 5
5 4511 13
5 45113 7
5 45114 6
5 45121 8
5 45221 86
5 4523 34
5 4531 4
5 45321 10
5 45322 5
5 4533 9
5 4539 5
5 454110 8
5 4542 10
5 454310 7
5 45439 4
5 481 17
5 482 23
5 483 3
5 484 22
5 485 20
5 4853 9
5 486 8
5 487 5
5 488 15
5 491 20
5 492 46
5 493 43
5 5111 19
5 51111 21
5 5112 58
5 5121 12
5 5122 1
5 515 19
5 517 12
5 517311 12
5 5182 41
5 5191 4
5 51912 10
5 51913 2
5 52 9
5 522 11
5 5221 12
5 5241 32
5 5242 5
5 53 4
5 531 3
5 5313 5
5 532 7
5 5321 9
5 5411 4
5 5412 6
5 5413 9
5 5414 2
5 5415 12
5 5416 5
5 5417 11
5 5418 10
5 5419 8
5 54194 9
5 55 34
5 561 23
5 5613 86
5 5614 17
5 5615 6
5 5616 25
5 5617 10
5 56173 6
5 562 12
5 611 26
5 6111 43
5 621 10
5 6211 10
5 6212 8
5 6213 5
5 62131 3
5 62132 6
5 6214 17
5 6216 36
5 622 86
5 6222 86
5 623 56
5 6231 85
5 6241 26
5 6242 9
5 6243 29
5 6244 15
5 711 19
5 7111 10
5 7112 54
5 7115 4
5 712 12
5 713 11
5 71395 18
5 721 13
5 7211 14
5 722 19
5 7224 8
5 8111 5
5 811192 7
5 8112 4
5 8113 6
5 8114 3
5 8121 5
5 812111 8
5 812112 4
5 8122 6
5 8123 11
5 8129 5
5 813 7
5 8131 7
5 8139 6
5 81393 5
5 814 6
5 92 20
5 9211 20
5 92113 20
5 92119 20
5 923 20
5 928 20
6 111 15
6 112 15
6 113 7
6 1133 6
6 114 3
6 115 17
6 211 32
6 2121 24
6 2122 51
6 2123 22
6 213 28
6 22 45
6 221 45
6 2211 75
6 2212 48
6 2213 10
6 22132 8
6 23 11
6 3 32
6 31 32
6 311 46
6 3113 50
6 3114 71
6 3115 77
6 3116 86
6 3118 24
6 311811 12
6 3121 25
6 3122 22
6 3131 8
6 3132 16
6 3133 22
6 314 12
6 31411 71
6 315 11
6 316 16
6 3162 10
6 3211 45
6 3212 36
6 3219 19
6 32199 15
6 3221 58
6 3222 54
6 32221 73
6 3231 13
6 3241 67
6 32411 86
6 325 48
6 3252 34
6 3253 21
6 3254 86
6 3255 23
6 3256 26
6 3261 43
6 3262 47
6 32621 11
6 327 29
6 32711 14
6 327120 25
6 3272 33
6 3279 27
6 33 20
6 331 44
6 3313 61
6 3314 39
6 3315 39
6 332 21
6 3321 36
6 3322 15
6 3327 16
6 3328 20
6 33299 21
6 333 30
6 3331 27
6 33311 26
6 3333 28
6 3335 19
6 3336 86
6 334 59
6 3341 32
6 3345 70
6 335 39
6 3352 22
6 336 86
6 33641 86
6 3365 86
6 3366 86
6 3369 20
6 337 19
6 3391 37
6 3399 14
6 4 16
6 42 14
6 4231 15
6 4232 13
6 4233 15
6 4234 20
6 4235 13
6 4236 21
6 4237 14
6 4238 12
6 4239 9
6 42393 12
6 424 15
6 4241 12
6 4243 10
6 4244 21
6 4245 11
6 4247 15
6 4248 33
6 4249 10
6 42491 15
6 4251 7
6 4411 39
6 4412 12
6 4413 10
6 442 10
6 443141 8
6 443142 15
6 4441 21
6 44413 10
6 4442 9
6 44511 39
6 44512 6
6 4452 8
6 4453 4
6 446 11
6 44611 14
6 447 9
6 4481 17
6 44821 11
6 4483 5
6 4511 11
6 45113 11
6 45114 9
6 45121 12
6 45221 86
6 4523 65
6 4531 4
6 45321 12
6 45322 8
6 4533 11
6 4539 6
6 454110 12
6 4542 12
6 454310 8
6 45439 7
6 481 86
6 482 22
6 483 44
6 484 9
6 485 23
6 4853 12
6 486 16
6 487 13
6 488 18
6 491 20
6 492 58
6 493 60
6 5111 14
6 51111 17
6 5112 57
6 5121 12
6 5122 8
6 515 40
6 517 16
6 517311 23
6 5182 37
6 5191 60
6 51912 9
6 51913 63
6 52 12
6 522 15
6 5221 18
6 5241 41
6 5242 7
6 53 5
6 531 5
6 5313 7
6 532 11
6 5321 11
6 5411 6
6 5412 8
6 5413 12
6 5414 4
6 5415 13
6 5416 6
6 5417 37
6 5418 13
6 5419 9
6 54194 13
6 55 70
6 561 38
6 5613 86
6 5614 15
6 5615 12
6 5616 44
6 5617 13
6 56173 11
6 562 24
6 611 29
6 6111 50
6 621 10
6 6211 7
6 6212 6
6 6213 6
6 62131 3
6 62132 5
6 6214 38
6 6216 25
6 622 86
6 6222 86
6 623 30
6 6231 79
6 6241 23
6 6242 16
6 6243 41
6 6244 9
6 711 4
6 7111 11
6 7112 30
6 7115 1
6 712 30
6 713 30
6 71395 35
6 721 39
6 7211 44
6 722 18
6 7224 13
6 8111 6
6 811192 12
6 8112 9
6 8113 8
6 8114 4
6 8121 5
6 812111 6
6 812112 5
6 8122 10
6 8123 9
6 8129 9
6 813 11
6 8131 11
6 8139 9
6 81393 15
6 814 8
6 92 20
6 9211 20
6 92113 20
6 92119 20
6 923 20
6 928 20
8 111 5
8 112 5
8 113 3
8 1133 3
8 114 1
8 115 6
8 211 21
8 2121 86
8 2122 53
8 2123 13
8 213 21
8 22 23
8 221 23
8 2211 37
8 2212 14
8 2213 5
8 22132 20
8 23 9
8 3 25
8 31 25
8 311 39
8 3113 26
8 3114 17
8 3115 81
8 3116 86
8 3118 28
8 311811 8
8 3121 20
8 3122 20
8 3131 14
8 3132 18
8 3133 13
8 314 11
8 31411 4
8 315 5
8 316 7
8 3162 4
8 3211 10
8 3212 32
8 3219 16
8 32199 10
8 3221 38
8 3222 39
8 32221 53
8 3231 13
8 3241 41
8 32411 41
8 325 26
8 3252 10
8 3253 9
8 3254 24
8 3255 20
8 3256 25
8 3261 27
8 3262 15
8 32621 20
8 327 26
8 32711 60
8 327120 24
8 3272 28
8 3279 19
8 33 20
8 331 64
8 3313 86
8 3314 15
8 3315 13
8 332 17
8 3321 10
8 3322 19
8 3327 13
8 3328 11
8 33299 8
8 333 39
8 3331 24
8 33311 28
8 3333 44
8 3335 15
8 3336 86
8 334 44
8 3341 32
8 3345 55
8 335 31
8 3352 31
8 336 65
8 33641 86
8 3365 65
8 3366 27
8 3369 8
8 337 16
8 3391 16
8 3399 11
8 4 15
8 42 14
8 4231 15
8 4232 13
8 4233 15
8 4234 21
8 4235 15
8 4236 18
8 4237 14
8 4238 14
8 4239 10
8 42393 14
8 424 16
8 4241 18
8 4243 12
8 4244 23
8 4245 6
8 4247 18
8 4248 41
8 4249 10
8 42491 11
8 4251 5
8 4411 33
8 4412 13
8 4413 10
8 442 11
8 443141 8
8 443142 14
8 4441 23
8 44413 13
8 4442 10
8 44511 57
8 44512 5
8 4452 7
8 4453 5
8 446 11
8 44611 18
8 447 9
8 4481 13
8 44821 9
8 4483 5
8 4511 12
8 45113 11
8 45114 6
8 45121 10
8 45221 86
8 4523 70
8 4531 6
8 45321 14
8 45322 6
8 4533 13
8 4539 9
8 454110 6
8 4542 8
8 454310 7
8 45439 5
8 481 86
8 482 21
8 483 1
8 484 9
8 485 26
8 4853 10
8 486 15
8 487 15
8 488 15
8 491 20
8 492 50
8 493 38
8 5111 11
8 51111 14
8 5112 41
8 5121 12
8 5122 7
8 515 27
8 517 27
8 517311 39
8 5182 30
8 5191 17
8 51912 16
8 51913 18
8 52 11
8 522 15
8 5221 14
8 5241 32
8 5242 8
8 53 4
8 531 3
8 5313 5
8 532 11
8 5321 12
8 5411 5
8 5412 6
8 5413 12
8 5414 3
8 5415 10
8 5416 5
8 5417 26
8 5418 7
8 5419 7
8 54194 11
8 55 61
8 561 30
8 5613 86
8 5614 34
8 5615 10
8 5616 30
8 5617 9
8 56173 7
8 562 15
8 611 19
8 6111 55
8 621 10
8 6211 11
8 6212 7
8 6213 4
8 62131 3
8 62132 8
8 6214 25
8 6216 53
8 622 86
8 6222 86
8 623 46
8 6231 86
8 6241 19
8 6242 12
8 6243 30
8 6244 14
8 711 9
8 7111 10
8 7112 17
8 7115 2
8 712 21
8 713 23
8 71395 22
8 721 33
8 7211 37
8 722 19
8 7224 11
8 8111 6
8 811192 10
8 8112 6
8 8113 6
8 8114 3
8 8121 6
8 812111 10
8 812112 5
8 8122 7
8 8123 9
8 8129 6
8 813 11
8 8131 13
8 8139 9
8 81393 11
8 814 8
8 92 20
8 9211 20
8 92113 20
8 92119 20
8 923 20
8 928 20
9 111 5
9 112 5
9 113 5
9 1133 2
9 114 4
9 115 4
9 211 12
9 2121 14
9 2122 14
9 2123 14
9 213 2
9 22 51
9 221 51
9 2211 65
9 2212 37
9 2213 26
9 22132 18
9 23 7
9 3 41
9 31 41
9 311 26
9 3113 51
9 3114 71
9 3115 40
9 3116 20
9 3118 17
9 311811 8
9 3121 13
9 3122 14
9 3131 8
9 3132 13
9 3133 54
9 314 13
9 31411 6
9 315 7
9 316 36
9 3162 36
9 3211 13
9 3212 11
9 3219 10
9 32199 8
9 3221 86
9 3222 40
9 32221 52
9 3231 18
9 3241 6
9 32411 6
9 325 37
9 3252 34
9 3253 18
9 3254 25
9 3255 29
9 3256 41
9 3261 41
9 3262 26
9 32621 14
9 327 21
9 32711 63
9 327120 86
9 3272 25
9 3279 16
9 33 20
9 331 60
9 3313 44
9 3314 49
9 3315 52
9 332 27
9 3321 37
9 3322 53
9 3327 20
9 3328 24
9 33299 36
9 333 38
9 3331 33
9 33311 33
9 3333 51
9 3335 22
9 3336 73
9 334 66
9 3341 27
9 3345 83
9 335 56
9 3352 48
9 336 86
9 33641 86
9 3365 86
9 3366 86
9 3369 3
9 337 11
9 3391 37
9 3399 16
9 4 15
9 42 18
9 4231 18
9 4232 11
9 4233 11
9 4234 16
9 4235 20
9 4236 19
9 4237 16
9 4238 14
9 4239 23
9 42393 22
9 424 24
9 4241 16
9 4243 17
9 4244 37
9 4245 9
9 4247 13
9 4248 33
9 4249 11
9 42491 13
9 4251 14
9 4411 28
9 4412 9
9 4413 10
9 442 11
9 443141 11
9 443142 13
9 4441 19
9 44413 10
9 4442 9
9 44511 47
9 44512 3
9 4452 7
9 4453 4
9 446 12
9 44611 18
9 447 6
9 4481 16
9 44821 10
9 4483 7
9 4511 10
9 45113 10
9 45114 7
9 45121 11
9 45221 86
9 4523 50
9 4531 5
9 45321 19
9 45322 8
9 4533 13
9 4539 6
9 454110 13
9 4542 12
9 454310 14
9 45439 5
9 481 58
9 482 28
9 483 38
9 484 11
9 485 39
9 4853 13
9 486 12
9 487 5
9 488 12
9 491 20
9 492 64
9 493 78
9 5111 21
9 51111 31
9 5112 26
9 5121 11
9 5122 2
9 515 74
9 517 14
9 517311 18
9 5182 28
9 5191 27
9 51912 15
9 51913 38
9 52 19
9 522 13
9 5221 13
9 5241 86
9 5242 9
9 53 6
9 531 6
9 5313 10
9 532 9
9 5321 8
9 5411 6
9 5412 9
9 5413 14
9 5414 3
9 5415 20
9 5416 9
9 5417 54
9 5418 14
9 5419 13
9 54194 14
9 55 50
9 561 17
9 5613 46
9 5614 14
9 5615 15
9 5616 38
9 5617 9
9 56173 4
9 562 14
9 611 53
9 6111 64
9 621 13
9 6211 13
9 6212 7
9 6213 7
9 62131 4
9 62132 7
9 6214 25
9 6216 62
9 622 86
9 6222 86
9 623 50
9 6231 86
9 6241 35
9 6242 12
9 6243 45
9 6244 16
9 711 11
9 7111 16
9 7112 12
9 7115 2
9 712 17
9 713 19
9 71395 24
9 721 50
9 7211 56
9 722 15
9 7224 8
9 8111 6
9 811192 8
9 8112 6
9 8113 8
9 8114 3
9 8121 5
9 812111 3
9 812112 6
9 8122 6
9 8123 8
9 8129 6
9 813 7
9 8131 7
9 8139 7
9 81393 8
9 814 6
9 92 20
9 9211 20
9 92113 20
9 92119 20
9 923 20
9 928 20
10 111 4
10 112 4
10 113 4
10 1133 4
10 114 1
10 115 5
10 211 18
10 2121 22
10 2122 22
10 2123 25
10 213 15
10 22 44
10 221 44
10 2211 47
10 2212 71
10 2213 29
10 22132 21
10 23 10
10 3 52
10 31 52
10 311 86
10 3113 20
10 3114 32
10 3115 86
10 3116 86
10 3118 12
10 311811 6
10 3121 22
10 3122 22
10 3131 11
10 3132 11
10 3133 11
10 314 4
10 31411 7
10 315 11
10 316 52
10 3162 52
10 3211 15
10 3212 31
10 3219 10
10 32199 6
10 3221 54
10 3222 54
10 32221 54
10 3231 8
10 3241 86
10 32411 86
10 325 82
10 3252 86
10 3253 16
10 3254 86
10 3255 82
10 3256 86
10 3261 48
10 3262 42
10 32621 42
10 327 16
10 32711 14
10 327120 17
10 3272 3
10 3279 9
10 33 20
10 331 54
10 3313 54
10 3314 54
10 3315 54
10 332 23
10 3321 24
10 3322 23
10 3327 10
10 3328 14
10 33299 35
10 333 19
10 3331 9
10 33311 9
10 3333 8
10 3335 19
10 3336 19
10 334 67
10 3341 67
10 3345 81
10 335 53
10 3352 53
10 336 44
10 33641 86
10 3365 44
10 3366 10
10 3369 44
10 337 37
10 3391 61
10 3399 13
10 4 16
10 42 14
10 4231 13
10 4232 13
10 4233 12
10 4234 6
10 4235 7
10 4236 7
10 4237 8
10 4238 11
10 4239 7
10 42393 12
10 424 26
10 4241 10
10 4243 8
10 4244 12
10 4245 14
10 4247 10
10 4248 32
10 4249 7
10 42491 9
10 4251 4
10 4411 34
10 4412 12
10 4413 10
10 442 12
10 443141 6
10 443142 14
10 4441 27
10 44413 10
10 4442 9
10 44511 42
10 44512 8
10 4452 6
10 4453 5
10 446 11
10 44611 16
10 447 12
10 4481 16
10 44821 9
10 4483 6
10 4511 11
10 45113 16
10 45114 7
10 45121 11
10 45221 86
10 4523 45
10 4531 6
10 45321 22
10 45322 8
10 4533 9
10 4539 6
10 454110 19
10 4542 10
10 454310 12
10 45439 5
10 481 4
10 482 18
10 483 6
10 484 9
10 485 13
10 4853 3
10 486 18
10 487 2
10 488 25
10 491 20
10 492 29
10 493 45
10 5111 23
10 51111 35
10 5112 7
10 5121 8
10 5122 4
10 515 13
10 517 11
10 517311 14
10 5182 10
10 5191 7
10 51912 10
10 51913 5
10 52 21
10 522 38
10 5221 50
10 5241 23
10 5242 8
10 53 5
10 531 4
10 5313 7
10 532 8
10 5321 9
10 5411 12
10 5412 8
10 5413 11
10 5414 3
10 5415 9
10 5416 7
10 5417 32
10 5418 6
10 5419 7
10 54194 17
10 55 10
10 561 20
10 5613 55
10 5614 20
10 5615 22
10 5616 40
10 5617 11
10 56173 10
10 562 19
10 611 21
10 6111 50
10 621 15
10 6211 14
10 6212 10
10 6213 7
10 62131 4
10 62132 10
10 6214 29
10 6216 52
10 622 86
10 6222 86
10 623 39
10 6231 86
10 6241 23
10 6242 11
10 6243 45
10 6244 15
10 711 5
10 7111 8
10 7112 9
10 7115 1
10 712 30
10 713 23
10 71395 30
10 721 24
10 7211 25
10 722 18
10 7224 11
10 8111 6
10 811192 13
10 8112 3
10 8113 8
10 8114 3
10 8121 7
10 812111 5
10 812112 8
10 8122 8
10 8123 9
10 8129 5
10 813 7
10 8131 7
10 8139 6
10 81393 6
10 814 7
10 92 20
10 9211 20
10 92113 20
10 92119 20
10 923 20
10 928 20
11 111 20
11 112 20
11 113 20
11 1133 20
11 114 20
11 115 20
11 211 20
11 2121 20
11 2122 20
11 2123 20
11 213 20
11 22 33
11 221 33
11 2211 31
11 2212 48
11 2213 33
11 22132 33
11 23 21
11 3 10
11 31 10
11 311 8
11 3113 8
11 3114 8
11 3115 8
11 3116 8
11 3118 11
11 311811 12
11 3121 10
11 3122 10
11 3131 10
11 3132 10
11 3133 10
11 314 10
11 31411 10
11 315 2
11 316 10
11 3162 10
11 3211 20
11 3212 20
11 3219 20
11 32199 20
11 3221 20
11 3222 20
11 32221 20
11 3231 8
11 3241 20
11 32411 20
11 325 20
11 3252 20
11 3253 20
11 3254 20
11 3255 20
11 3256 20
11 3261 20
11 3262 20
11 32621 20
11 327 30
11 32711 30
11 327120 30
11 3272 30
11 3279 30
11 33 20
11 331 20
11 3313 20
11 3314 20
11 3315 20
11 332 6
11 3321 6
11 3322 6
11 3327 6
11 3328 6
11 33299 6
11 333 20
11 3331 20
11 33311 20
11 3333 20
11 3335 20
11 3336 20
11 334 20
11 3341 20
11 3345 20
11 335 5
11 3352 5
11 336 20
11 33641 20
11 3365 20
11 3366 20
11 3369 20
11 337 33
11 3391 1
11 3399 2
11 4 13
11 42 9
11 4231 35
11 4232 7
11 4233 5
11 4234 7
11 4235 8
11 4236 9
11 4237 7
11 4238 3
11 4239 3
11 42393 3
11 424 13
11 4241 4
11 4243 3
11 4244 8
11 4245 13
11 4247 13
11 4248 32
11 4249 15
11 42491 15
11 4251 5
11 4411 6
11 4412 6
11 4413 7
11 442 9
11 443141 15
11 443142 15
11 4441 24
11 44413 19
11 4442 24
11 44511 30
11 44512 6
11 4452 8
11 4453 4
11 446 12
11 44611 16
11 447 6
11 4481 18
11 44821 9
11 4483 5
11 4511 16
11 45113 16
11 45114 16
11 45121 13
11 45221 61
11 4523 53
11 4531 6
11 45321 8
11 45322 8
11 4533 9
11 4539 4
11 454110 11
11 4542 1
11 454310 5
11 45439 5
11 481 15
11 482 25
11 483 25
11 484 5
11 485 46
11 4853 60
11 486 3
11 487 48
11 488 10
11 491 20
11 492 17
11 493 5
11 5111 47
11 51111 60
11 5112 41
11 5121 8
11 5122 5
11 515 62
11 517 12
11 517311 13
11 5182 23
11 5191 34
11 51912 39
11 51913 43
11 52 19
11 522 22
11 5221 10
11 5241 15
11 5242 24
11 53 7
11 531 7
11 5313 9
11 532 8
11 5321 8
11 5411 24
11 5412 18
11 5413 20
11 5414 6
11 5415 15
11 5416 15
11 5417 37
11 5418 12
11 5419 7
11 54194 24
11 55 38
11 561 28
11 5613 37
11 5614 12
11 5615 9
11 5616 66
11 5617 32
11 56173 5
11 562 17
11 611 85
11 6111 76
11 621 19
11 6211 16
11 6212 6
11 6213 6
11 62131 3
11 62132 6
11 6214 37
11 6216 86
11 622 86
11 6222 86
11 623 48
11 6231 86
11 6241 25
11 6242 20
11 6243 18
11 6244 15
11 711 36
11 7111 29
11 7112 86
11 7115 3
11 712 27
11 713 20
11 71395 20
11 721 86
11 7211 86
11 722 23
11 7224 23
11 8111 7
11 811192 9
11 8112 4
11 8113 7
11 8114 2
11 8121 7
11 812111 3
11 812112 8
11 8122 9
11 8123 7
11 8129 7
11 813 20
11 8131 12
11 8139 25
11 81393 58
11 814 17
11 92 20
11 9211 20
11 92113 20
11 92119 20
11 923 20
11 928 20
12 111 7
12 112 7
12 113 9
12 1133 10
12 114 2
12 115 9
12 211 7
12 2121 28
12 2122 48
12 2123 27
12 213 3
12 22 33
12 221 33
12 2211 48
12 2212 27
12 2213 11
12 22132 15
12 23 8
12 3 24
12 31 24
12 311 28
12 3113 37
12 3114 62
12 3115 33
12 3116 54
12 3118 18
12 311811 9
12 3121 32
12 3122 86
12 3131 2
12 3132 11
12 3133 13
12 314 8
12 31411 2
12 315 17
12 316 14
12 3162 7
12 3211 40
12 3212 58
12 3219 17
12 32199 21
12 3221 86
12 3222 43
12 32221 54
12 3231 13
12 3241 25
12 32411 25
12 325 32
12 3252 55
12 3253 40
12 3254 43
12 3255 15
12 3256 24
12 3261 31
12 3262 26
12 32621 25
12 327 22
12 32711 3
12 327120 12
12 3272 22
12 3279 20
12 33 20
12 331 47
12 3313 51
12 3314 45
12 3315 21
12 332 19
12 3321 27
12 3322 13
12 3327 11
12 3328 12
12 33299 15
12 333 28
12 3331 18
12 33311 7
12 3333 45
12 3335 14
12 3336 49
12 334 56
12 3341 35
12 3345 80
12 335 37
12 3352 8
12 336 44
12 33641 81
12 3365 21
12 3366 41
12 3369 7
12 337 12
12 3391 23
12 3399 13
12 4 15
12 42 11
12 4231 11
12 4232 9
12 4233 13
12 4234 11
12 4235 12
12 4236 12
12 4237 11
12 4238 10
12 4239 6
12 42393 10
12 424 14
12 4241 14
12 4243 9
12 4244 18
12 4245 7
12 4247 15
12 4248 52
12 4249 10
12 42491 9
12 4251 5
12 4411 31
12 4412 11
12 4413 8
12 442 10
12 443141 6
12 443142 13
12 4441 24
12 44413 11
12 4442 7
12 44511 53
12 44512 3
12 4452 7
12 4453 6
12 446 10
12 44611 16
12 447 8
12 4481 15
12 44821 10
12 4483 5
12 4511 9
12 45113 10
12 45114 8
12 45121 10
12 45221 86
12 4523 45
12 4531 4
12 45321 11
12 45322 8
12 4533 9
12 4539 6
12 454110 9
12 4542 6
12 454310 10
12 45439 5
12 481 80
12 482 18
12 483 53
12 484 8
12 485 12
12 4853 4
12 486 6
12 487 6
12 488 15
12 491 20
12 492 44
12 493 53
12 5111 15
12 51111 26
12 5112 42
12 5121 11
12 5122 3
12 515 33
12 517 16
12 517311 23
12 5182 26
12 5191 6
12 51912 10
12 51913 6
12 52 11
12 522 13
12 5221 15
12 5241 38
12 5242 7
12 53 5
12 531 4
12 5313 7
12 532 10
12 5321 12
12 5411 5
12 5412 6
12 5413 10
12 5414 3
12 5415 10
12 5416 5
12 5417 18
12 5418 8
12 5419 7
12 54194 11
12 55 56
12 561 52
12 5613 86
12 5614 24
12 5615 13
12 5616 30
12 5617 8
12 56173 7
12 562 18
12 611 24
12 6111 44
12 621 10
12 6211 10
12 6212 6
12 6213 5
12 62131 4
12 62132 4
12 6214 18
12 6216 28
12 622 86
12 6222 86
12 623 48
12 6231 86
12 6241 16
12 6242 17
12 6243 23
12 6244 14
12 711 12
12 7111 9
12 7112 28
12 7115 2
12 712 24
12 713 31
12 71395 24
12 721 47
12 7211 52
12 722 21
12 7224 12
12 8111 5
12 811192 9
12 8112 5
12 8113 8
12 8114 4
12 8121 4
12 812111 2
12 812112 5
12 8122 8
12 8123 9
12 8129 6
12 813 10
12 8131 12
12 8139 8
12 81393 8
12 814 7
12 92 20
12 9211 20
12 92113 20
12 92119 20
12 923 20
12 928 20
13 111 8
13 112 8
13 113 8
13 1133 8
13 114 5
13 115 9
13 211 1
13 2121 33
13 2122 33
13 2123 33
13 213 10
13 22 42
13 221 42
13 2211 48
13 2212 55
13 2213 11
13 22132 12
13 23 10
13 3 52
13 31 52
13 311 86
13 3113 65
13 3114 43
13 3115 51
13 3116 86
13 3118 43
13 311811 10
13 3121 35
13 3122 36
13 3131 86
13 3132 86
13 3133 71
13 314 77
13 31411 86
13 315 14
13 316 15
13 3162 39
13 3211 44
13 3212 50
13 3219 29
13 32199 30
13 3221 86
13 3222 72
13 32221 67
13 3231 18
13 3241 12
13 32411 12
13 325 56
13 3252 84
13 3253 37
13 3254 86
13 3255 31
13 3256 42
13 3261 80
13 3262 86
13 32621 86
13 327 32
13 32711 26
13 327120 60
13 3272 86
13 3279 32
13 33 20
13 331 83
13 3313 86
13 3314 28
13 3315 70
13 332 28
13 3321 51
13 3322 13
13 3327 12
13 3328 20
13 33299 39
13 333 58
13 3331 86
13 33311 86
13 3333 28
13 3335 12
13 3336 86
13 334 42
13 3341 20
13 3345 55
13 335 86
13 3352 86
13 336 86
13 33641 86
13 3365 86
13 3366 86
13 3369 86
13 337 23
13 3391 22
13 3399 17
13 4 14
13 42 16
13 4231 18
13 4232 19
13 4233 17
13 4234 20
13 4235 16
13 4236 17
13 4237 14
13 4238 15
13 4239 11
13 42393 16
13 424 21
13 4241 16
13 4243 13
13 4244 28
13 4245 18
13 4247 13
13 4248 63
13 4249 14
13 42491 12
13 4251 7
13 4411 28
13 4412 12
13 4413 10
13 442 10
13 443141 8
13 443142 10
13 4441 24
13 44413 8
13 4442 9
13 44511 51
13 44512 2
13 4452 7
13 4453 4
13 446 10
13 44611 13
13 447 6
13 4481 13
13 44821 10
13 4483 6
13 4511 13
13 45113 9
13 45114 7
13 45121 9
13 45221 86
13 4523 35
13 4531 4
13 45321 11
13 45322 9
13 4533 10
13 4539 6
13 454110 8
13 4542 10
13 454310 7
13 45439 4
13 481 86
13 482 29
13 483 4
13 484 14
13 485 18
13 4853 9
13 486 17
13 487 11
13 488 25
13 491 20
13 492 64
13 493 75
13 5111 11
13 51111 13
13 5112 51
13 5121 13
13 5122 3
13 515 28
13 517 23
13 517311 29
13 5182 32
13 5191 26
13 51912 11
13 51913 30
13 52 12
13 522 12
13 5221 13
13 5241 52
13 5242 7
13 53 5
13 531 4
13 5313 7
13 532 9
13 5321 12
13 5411 6
13 5412 10
13 5413 12
13 5414 3
13 5415 15
13 5416 8
13 5417 15
13 5418 19
13 5419 9
13 54194 14
13 55 85
13 561 31
13 5613 86
13 5614 26
13 5615 12
13 5616 38
13 5617 12
13 56173 8
13 562 15
13 611 29
13 6111 49
13 621 11
13 6211 12
13 6212 8
13 6213 5
13 62131 3
13 62132 5
13 6214 18
13 6216 31
13 622 86
13 6222 86
13 623 37
13 6231 79
13 6241 15
13 6242 14
13 6243 21
13 6244 16
13 711 8
13 7111 10
13 7112 39
13 7115 2
13 712 25
13 713 19
13 71395 33
13 721 21
13 7211 22
13 722 21
13 7224 12
13 8111 6
13 811192 12
13 8112 8
13 8113 11
13 8114 3
13 8121 5
13 812111 4
13 812112 5
13 8122 7
13 8123 7
13 8129 9
13 813 9
13 8131 9
13 8139 7
13 81393 8
13 814 7
13 92 20
13 9211 20
13 92113 20
13 92119 20
13 923 20
13 928 20
15 111 4
15 112 4
15 113 4
15 1133 4
15 114 1
15 115 6
15 211 26
15 2121 33
15 2122 33
15 2123 33
15 213 26
15 22 52
15 221 52
15 2211 86
15 2212 42
15 2213 7
15 22132 5
15 23 11
15 3 16
15 31 16
15 311 21
15 3113 27
15 3114 8
15 3115 52
15 3116 19
15 3118 21
15 311811 14
15 3121 34
15 3122 34
15 3131 16
15 3132 16
15 3133 16
15 314 6
15 31411 9
15 315 8
15 316 16
15 3162 16
15 3211 11
15 3212 25
15 3219 6
15 32199 3
15 3221 6
15 3222 6
15 32221 6
15 3231 10
15 3241 80
15 32411 80
15 325 14
15 3252 14
15 3253 19
15 3254 27
15 3255 14
15 3256 10
15 3261 13
15 3262 12
15 32621 12
15 327 26
15 32711 26
15 327120 26
15 3272 5
15 3279 11
15 33 20
15 331 20
15 3313 20
15 3314 20
15 3315 20
15 332 9
15 3321 9
15 3322 9
15 3327 7
15 3328 2
15 33299 6
15 333 9
15 3331 9
15 33311 9
15 3333 10
15 3335 9
15 3336 9
15 334 14
15 3341 14
15 3345 17
15 335 20
15 3352 20
15 336 31
15 33641 31
15 3365 31
15 3366 45
15 3369 31
15 337 7
15 3391 8
15 3399 7
15 4 16
15 42 12
15 4231 15
15 4232 10
15 4233 9
15 4234 8
15 4235 10
15 4236 8
15 4237 11
15 4238 8
15 4239 8
15 42393 16
15 424 16
15 4241 11
15 4243 6
15 4244 23
15 4245 4
15 4247 30
15 4248 43
15 4249 7
15 42491 12
15 4251 5
15 4411 37
15 4412 16
15 4413 11
15 442 8
15 443141 5
15 443142 15
15 4441 26
15 44413 11
15 4442 5
15 44511 41
15 44512 7
15 4452 8
15 4453 3
15 446 11
15 44611 16
15 447 12
15 4481 14
15 44821 12
15 4483 6
15 4511 7
15 45113 6
15 45114 5
15 45121 9
15 45221 86
15 4523 86
15 4531 6
15 45321 18
15 45322 9
15 4533 10
15 4539 6
15 454110 4
15 4542 4
15 454310 9
15 45439 3
15 481 86
15 482 34
15 483 86
15 484 17
15 485 32
15 4853 7
15 486 34
15 487 23
15 488 21
15 491 20
15 492 48
15 493 16
15 5111 12
15 51111 35
15 5112 6
15 5121 18
15 5122 2
15 515 18
15 517 19
15 517311 31
15 5182 11
15 5191 2
15 51912 2
15 51913 3
15 52 14
15 522 15
15 5221 22
15 5241 37
15 5242 8
15 53 7
15 531 6
15 5313 7
15 532 10
15 5321 14
15 5411 5
15 5412 5
15 5413 9
15 5414 2
15 5415 8
15 5416 7
15 5417 15
15 5418 8
15 5419 7
15 54194 14
15 55 34
15 561 36
15 5613 86
15 5614 8
15 5615 11
15 5616 52
15 5617 14
15 56173 11
15 562 14
15 611 33
15 6111 79
15 621 10
15 6211 7
15 6212 6
15 6213 5
15 62131 3
15 62132 5
15 6214 34
15 6216 41
15 622 86
15 6222 86
15 623 49
15 6231 86
15 6241 23
15 6242 15
15 6243 24
15 6244 11
15 711 14
15 7111 37
15 7112 1
15 7115 2
15 712 44
15 713 24
15 71395 36
15 721 86
15 7211 86
15 722 20
15 7224 9
15 8111 6
15 811192 10
15 8112 4
15 8113 4
15 8114 3
15 8121 6
15 812111 5
15 812112 6
15 8122 15
15 8123 25
15 8129 9
15 813 7
15 8131 8
15 8139 6
15 81393 14
15 814 7
15 92 20
15 9211 20
15 92113 20
15 92119 20
15 923 20
15 928 20
16 111 8
16 112 8
16 113 5
16 1133 4
16 114 1
16 115 11
16 211 1
16 2121 16
16 2122 32
16 2123 12
16 213 18
16 22 18
16 221 18
16 2211 24
16 2212 30
16 2213 5
16 22132 6
16 23 6
16 3 33
16 31 33
16 311 77
16 3113 86
16 3114 86
16 3115 86
16 3116 62
16 3118 24
16 311811 7
16 3121 13
16 3122 13
16 3131 5
16 3132 11
16 3133 1
16 314 6
16 31411 3
16 315 10
16 316 16
16 3162 16
16 3211 54
16 3212 32
16 3219 29
16 32199 29
16 3221 86
16 3222 86
16 32221 86
16 3231 10
16 3241 20
16 32411 20
16 325 39
16 3252 28
16 3253 53
16 3254 28
16 3255 11
16 3256 46
16 3261 38
16 3262 5
16 32621 6
16 327 13
16 32711 13
16 327120 13
16 3272 18
16 3279 15
16 33 20
16 331 18
16 3313 18
16 3314 28
16 3315 12
16 332 18
16 3321 3
16 3322 48
16 3327 8
16 3328 11
16 33299 32
16 333 29
16 3331 38
16 33311 32
16 3333 29
16 3335 12
16 3336 10
16 334 86
16 3341 84
16 3345 54
16 335 34
16 3352 6
16 336 45
16 33641 67
16 3365 45
16 3366 17
16 3369 20
16 337 14
16 3391 6
16 3399 9
16 4 14
16 42 15
16 4231 18
16 4232 9
16 4233 13
16 4234 23
16 4235 10
16 4236 11
16 4237 11
16 4238 13
16 4239 10
16 42393 10
16 424 18
16 4241 9
16 4243 5
16 4244 27
16 4245 9
16 4247 9
16 4248 44
16 4249 16
16 42491 14
16 4251 13
16 4411 24
16 4412 15
16 4413 9
16 442 10
16 443141 6
16 443142 10
16 4441 16
16 44413 10
16 4442 10
16 44511 47
16 44512 5
16 4452 7
16 4453 4
16 446 11
16 44611 14
16 447 12
16 4481 12
16 44821 6
16 4483 5
16 4511 11
16 45113 13
16 45114 7
16 45121 11
16 45221 65
16 4523 60
16 4531 5
16 45321 10
16 45322 5
16 4533 9
16 4539 5
16 454110 6
16 4542 3
16 454310 8
16 45439 2
16 481 48
16 482 11
16 483 11
16 484 8
16 485 27
16 4853 5
16 486 18
16 487 8
16 488 8
16 491 20
16 492 23
16 493 26
16 5111 16
16 51111 17
16 5112 28
16 5121 13
16 5122 1
16 515 17
16 517 12
16 517311 15
16 5182 32
16 5191 3
16 51912 14
16 51913 3
16 52 8
16 522 10
16 5221 13
16 5241 24
16 5242 4
16 53 3
16 531 3
16 5313 4
16 532 7
16 5321 10
16 5411 5
16 5412 5
16 5413 11
16 5414 3
16 5415 7
16 5416 5
16 5417 65
16 5418 8
16 5419 8
16 54194 10
16 55 36
16 561 16
16 5613 86
16 5614 25
16 5615 8
16 5616 15
16 5617 6
16 56173 5
16 562 21
16 611 28
16 6111 23
16 621 10
16 6211 11
16 6212 8
16 6213 5
16 62131 3
16 62132 6
16 6214 21
16 6216 30
16 622 86
16 6222 86
16 623 38
16 6231 70
16 6241 19
16 6242 8
16 6243 25
16 6244 9
16 711 7
16 7111 11
16 7112 7
16 7115 2
16 712 6
16 713 15
16 71395 13
16 721 23
16 7211 27
16 722 17
16 7224 7
16 8111 5
16 811192 7
16 8112 4
16 8113 5
16 8114 3
16 8121 5
16 812111 5
16 812112 6
16 8122 5
16 8123 12
16 8129 5
16 813 7
16 8131 9
16 8139 5
16 81393 5
16 814 6
16 92 20
16 9211 20
16 92113 20
16 92119 20
16 923 20
16 928 20
17 111 6
17 112 6
17 113 2
17 1133 2
17 114 6
17 115 6
17 211 6
17 2121 86
17 2122 28
17 2123 19
17 213 9
17 22 50
17 221 50
17 2211 59
17 2212 57
17 2213 17
17 22132 11
17 23 7
17 3 42
17 31 42
17 311 64
17 3113 86
17 3114 86
17 3115 76
17 3116 86
17 3118 34
17 311811 13
17 3121 24
17 3122 24
17 3131 5
17 3132 30
17 3133 20
17 314 11
17 31411 16
17 315 16
17 316 31
17 3162 31
17 3211 10
17 3212 55
17 3219 20
17 32199 15
17 3221 76
17 3222 68
17 32221 80
17 3231 22
17 3241 56
17 32411 86
17 325 66
17 3252 56
17 3253 26
17 3254 86
17 3255 45
17 3256 55
17 3261 64
17 3262 86
17 32621 86
17 327 21
17 32711 11
17 327120 22
17 3272 49
17 3279 29
17 33 20
17 331 83
17 3313 86
17 3314 59
17 3315 68
17 332 29
17 3321 44
17 3322 32
17 3327 20
17 3328 25
17 33299 42
17 333 47
17 3331 86
17 33311 86
17 3333 48
17 3335 23
17 3336 68
17 334 44
17 3341 42
17 3345 51
17 335 67
17 3352 86
17 336 86
17 33641 86
17 3365 86
17 3366 29
17 3369 9
17 337 19
17 3391 21
17 3399 26
17 4 16
17 42 19
17 4231 20
17 4232 15
17 4233 16
17 4234 29
17 4235 20
17 4236 26
17 4237 16
17 4238 17
17 4239 13
17 42393 16
17 424 21
17 4241 23
17 4243 10
17 4244 28
17 4245 8
17 4247 22
17 4248 55
17 4249 14
17 42491 13
17 4251 6
17 4411 32
17 4412 11
17 4413 9
17 442 10
17 443141 14
17 443142 12
17 4441 22
17 44413 11
17 4442 10
17 44511 36
17 44512 4
17 4452 8
17 4453 4
17 446 14
17 44611 20
17 447 9
17 4481 15
17 44821 10
17 4483 6
17 4511 11
17 45113 11
17 45114 8
17 45121 9
17 45221 86
17 4523 49
17 4531 4
17 45321 10
17 45322 7
17 4533 11
17 4539 6
17 454110 11
17 4542 10
17 454310 6
17 45439 5
17 481 86
17 482 16
17 483 30
17 484 7
17 485 27
17 4853 6
17 486 9
17 487 22
17 488 18
17 491 20
17 492 78
17 493 68
17 5111 25
17 51111 20
17 5112 46
17 5121 12
17 5122 4
17 515 28
17 517 15
17 517311 18
17 5182 34
17 5191 28
17 51912 13
17 51913 35
17 52 16
17 522 16
17 5221 18
17 5241 60
17 5242 13
17 53 6
17 531 5
17 5313 7
17 532 13
17 5321 10
17 5411 7
17 5412 11
17 5413 13
17 5414 4
17 5415 12
17 5416 10
17 5417 43
17 5418 16
17 5419 9
17 54194 13
17 55 86
17 561 30
17 5613 86
17 5614 21
17 5615 9
17 5616 49
17 5617 10
17 56173 4
17 562 17
17 611 40
17 6111 45
17 621 11
17 6211 12
17 6212 7
17 6213 6
17 62131 4
17 62132 6
17 6214 20
17 6216 42
17 622 86
17 6222 86
17 623 44
17 6231 86
17 6241 36
17 6242 17
17 6243 38
17 6244 13
17 711 11
17 7111 17
17 7112 29
17 7115 2
17 712 31
17 713 18
17 71395 18
17 721 32
17 7211 36
17 722 18
17 7224 8
17 8111 5
17 811192 8
17 8112 10
17 8113 13
17 8114 3
17 8121 6
17 812111 6
17 812112 6
17 8122 5
17 8123 8
17 8129 6
17 813 10
17 8131 9
17 8139 12
17 81393 11
17 814 8
17 92 20
17 9211 20
17 92113 20
17 92119 20
17 923 20
17 928 20
18 111 4
18 112 4
18 113 3
18 1133 3
18 114 4
18 115 5
18 211 6
18 2121 86
18 2122 28
18 2123 15
18 213 15
18 22 27
18 221 27
18 2211 38
18 2212 17
18 2213 8
18 22132 4
18 23 11
18 3 66
18 31 66
18 311 80
18 3113 62
18 3114 86
18 3115 86
18 3116 86
18 3118 44
18 311811 10
18 3121 26
18 3122 26
18 3131 16
18 3132 17
18 3133 16
18 314 27
18 31411 86
18 315 26
18 316 17
18 3162 17
18 3211 17
18 3212 51
18 3219 34
18 32199 34
18 3221 86
18 3222 78
18 32221 85
18 3231 27
18 3241 63
18 32411 86
18 325 70
18 3252 62
18 3253 18
18 3254 86
18 3255 50
18 3256 32
18 3261 86
18 3262 86
18 32621 86
18 327 32
18 32711 29
18 327120 27
18 3272 86
18 3279 28
18 33 20
18 331 86
18 3313 86
18 3314 86
18 3315 86
18 332 34
18 3321 56
18 3322 34
18 3327 21
18 3328 35
18 33299 45
18 333 51
18 3331 48
18 33311 44
18 3333 26
18 3335 20
18 3336 86
18 334 60
18 3341 86
18 3345 57
18 335 55
18 3352 10
18 336 86
18 33641 86
18 3365 86
18 3366 86
18 3369 13
18 337 49
18 3391 76
18 3399 29
18 4 16
18 42 17
18 4231 24
18 4232 21
18 4233 13
18 4234 19
18 4235 27
18 4236 19
18 4237 15
18 4238 15
18 4239 14
18 42393 17
18 424 20
18 4241 12
18 4243 14
18 4244 30
18 4245 12
18 4247 12
18 4248 50
18 4249 12
18 42491 11
18 4251 7
18 4411 24
18 4412 10
18 4413 10
18 442 9
18 443141 7
18 443142 11
18 4441 23
18 44413 10
18 4442 9
18 44511 38
18 44512 5
18 4452 7
18 4453 6
18 446 13
18 44611 19
18 447 9
18 4481 13
18 44821 9
18 4483 7
18 4511 11
18 45113 11
18 45114 9
18 45121 8
18 45221 86
18 4523 45
18 4531 5
18 45321 11
18 45322 7
18 4533 13
18 4539 7
18 454110 32
18 4542 19
18 454310 7
18 45439 5
18 481 58
18 482 25
18 483 86
18 484 16
18 485 16
18 4853 9
18 486 8
18 487 6
18 488 19
18 491 20
18 492 76
18 493 80
18 5111 24
18 51111 28
18 5112 46
18 5121 14
18 5122 2
18 515 21
18 517 11
18 517311 14
18 5182 24
18 5191 12
18 51912 15
18 51913 12
18 52 12
18 522 12
18 5221 12
18 5241 54
18 5242 8
18 53 5
18 531 4
18 5313 7
18 532 9
18 5321 10
18 5411 5
18 5412 8
18 5413 14
18 5414 5
18 5415 14
18 5416 7
18 5417 80
18 5418 7
18 5419 10
18 54194 12
18 55 59
18 561 30
18 5613 86
18 5614 23
18 5615 15
18 5616 31
18 5617 9
18 56173 7
18 562 18
18 611 41
18 6111 43
18 621 15
18 6211 16
18 6212 8
18 6213 7
18 62131 4
18 62132 6
18 6214 22
18 6216 45
18 622 86
18 6222 86
18 623 36
18 6231 86
18 6241 23
18 6242 12
18 6243 34
18 6244 11
18 711 14
18 7111 15
18 7112 36
18 7115 2
18 712 16
18 713 19
18 71395 17
18 721 23
18 7211 27
18 722 20
18 7224 9
18 8111 6
18 811192 9
18 8112 9
18 8113 11
18 8114 3
18 8121 6
18 812111 6
18 812112 6
18 8122 6
18 8123 11
18 8129 7
18 813 9
18 8131 9
18 8139 8
18 81393 10
18 814 8
18 92 20
18 9211 20
18 92113 20
18 92119 20
18 923 20
18 928 20
19 111 7
19 112 7
19 113 4
19 1133 4
19 114 3
19 115 7
19 211 12
19 2121 13
19 2122 13
19 2123 13
19 213 3
19 22 29
19 221 29
19 2211 33
19 2212 11
19 2213 13
19 22132 20
19 23 7
19 3 64
19 31 64
19 311 86
19 3113 25
19 3114 86
19 3115 86
19 3116 86
19 3118 32
19 311811 9
19 3121 18
19 3122 18
19 3131 23
19 3132 26
19 3133 23
19 314 20
19 31411 26
19 315 20
19 316 27
19 3162 27
19 3211 16
19 3212 46
19 3219 70
19 32199 9
19 3221 86
19 3222 84
19 32221 86
19 3231 20
19 3241 47
19 32411 47
19 325 65
19 3252 77
19 3253 68
19 3254 83
19 3255 31
19 3256 78
19 3261 74
19 3262 86
19 32621 86
19 327 18
19 32711 5
19 327120 35
19 3272 56
19 3279 21
19 33 20
19 331 86
19 3313 86
19 3314 86
19 3315 81
19 332 35
19 3321 47
19 3322 49
19 3327 23
19 3328 16
19 33299 38
19 333 86
19 3331 86
19 33311 86
19 3333 86
19 3335 20
19 3336 86
19 334 86
19 3341 86
19 3345 86
19 335 86
19 3352 86
19 336 86
19 33641 86
19 3365 58
19 3366 57
19 3369 77
19 337 41
19 3391 15
19 3399 14
19 4 16
19 42 14
19 4231 20
19 4232 12
19 4233 17
19 4234 10
19 4235 24
19 4236 15
19 4237 12
19 4238 14
19 4239 12
19 42393 10
19 424 15
19 4241 19
19 4243 8
19 4244 29
19 4245 10
19 4247 11
19 4248 41
19 4249 14
19 42491 13
19 4251 7
19 4411 23
19 4412 10
19 4413 8
19 442 8
19 443141 6
19 443142 9
19 4441 15
19 44413 9
19 4442 7
19 44511 74
19 44512 4
19 4452 8
19 4453 4
19 446 11
19 44611 17
19 447 13
19 4481 11
19 44821 7
19 4483 7
19 4511 12
19 45113 7
19 45114 10
19 45121 8
19 45221 74
19 4523 43
19 4531 4
19 45321 10
19 45322 5
19 4533 10
19 4539 6
19 454110 12
19 4542 6
19 454310 7
19 45439 3
19 481 23
19 482 17
19 483 17
19 484 14
19 485 15
19 4853 7
19 486 7
19 487 4
19 488 14
19 491 20
19 492 42
19 493 53
19 5111 21
19 51111 17
19 5112 30
19 5121 12
19 5122 3
19 515 17
19 517 12
19 517311 12
19 5182 54
19 5191 6
19 51912 5
19 51913 6
19 52 15
19 522 19
19 5221 18
19 5241 43
19 5242 6
19 53 5
19 531 4
19 5313 5
19 532 10
19 5321 11
19 5411 5
19 5412 8
19 5413 13
19 5414 3
19 5415 17
19 5416 8
19 5417 30
19 5418 11
19 5419 7
19 54194 9
19 55 57
19 561 25
19 5613 86
19 5614 46
19 5615 7
19 5616 29
19 5617 8
19 56173 4
19 562 9
19 611 42
19 6111 30
19 621 11
19 6211 17
19 6212 8
19 6213 5
19 62131 3
19 62132 6
19 6214 20
19 6216 33
19 622 86
19 6222 86
19 623 41
19 6231 69
19 6241 17
19 6242 9
19 6243 41
19 6244 15
19 711 6
19 7111 9
19 7112 8
19 7115 2
19 712 7
19 713 15
19 71395 11
19 721 24
19 7211 27
19 722 16
19 7224 6
19 8111 5
19 811192 8
19 8112 4
19 8113 5
19 8114 3
19 8121 5
19 812111 3
19 812112 5
19 8122 5
19 8123 12
19 8129 6
19 813 6
19 8131 6
19 8139 6
19 81393 8
19 814 6
19 92 20
19 9211 20
19 92113 20
19 92119 20
19 923 20
19 928 20
20 111 5
20 112 5
20 113 2
20 1133 2
20 114 1
20 115 5
20 211 5
20 2121 16
20 2122 16
20 2123 16
20 213 7
20 22 27
20 221 27
20 2211 32
20 2212 18
20 2213 10
20 22132 10
20 23 9
20 3 63
20 31 63
20 311 86
20 3113 86
20 3114 86
20 3115 57
20 3116 86
20 3118 36
20 311811 8
20 3121 17
20 3122 17
20 3131 7
20 3132 7
20 3133 9
20 314 19
20 31411 4
20 315 23
20 316 41
20 3162 41
20 3211 7
20 3212 21
20 3219 21
20 32199 18
20 3221 68
20 3222 67
20 32221 80
20 3231 26
20 3241 86
20 32411 86
20 325 78
20 3252 56
20 3253 44
20 3254 86
20 3255 26
20 3256 71
20 3261 86
20 3262 86
20 32621 86
20 327 29
20 32711 2
20 327120 56
20 3272 41
20 3279 38
20 33 20
20 331 68
20 3313 68
20 3314 86
20 3315 86
20 332 32
20 3321 43
20 3322 33
20 3327 21
20 3328 27
20 33299 20
20 333 70
20 3331 86
20 33311 77
20 3333 56
20 3335 37
20 3336 86
20 334 86
20 3341 10
20 3345 86
20 335 61
20 3352 61
20 336 86
20 33641 86
20 3365 43
20 3366 86
20 3369 9
20 337 35
20 3391 18
20 3399 14
20 4 15
20 42 15
20 4231 15
20 4232 15
20 4233 16
20 4234 16
20 4235 21
20 4236 16
20 4237 14
20 4238 15
20 4239 10
20 42393 9
20 424 16
20 4241 12
20 4243 20
20 4244 37
20 4245 10
20 4247 12
20 4248 34
20 4249 10
20 42491 10
20 4251 9
20 4411 24
20 4412 9
20 4413 8
20 442 12
20 443141 6
20 443142 13
20 4441 17
20 44413 10
20 4442 9
20 44511 50
20 44512 3
20 4452 8
20 4453 5
20 446 11
20 44611 16
20 447 12
20 4481 13
20 44821 8
20 4483 6
20 4511 14
20 45113 8
20 45114 8
20 45121 12
20 45221 86
20 4523 46
20 4531 4
20 45321 9
20 45322 6
20 4533 9
20 4539 6
20 454110 12
20 4542 15
20 454310 6
20 45439 5
20 481 9
20 482 24
20 483 1
20 484 12
20 485 69
20 4853 7
20 486 10
20 487 24
20 488 20
20 491 20
20 492 82
20 493 76
20 5111 13
20 51111 9
20 5112 29
20 5121 18
20 5122 4
20 515 20
20 517 23
20 517311 19
20 5182 29
20 5191 14
20 51912 3
20 51913 22
20 52 11
20 522 13
20 5221 14
20 5241 32
20 5242 7
20 53 4
20 531 4
20 5313 6
20 532 7
20 5321 8
20 5411 5
20 5412 7
20 5413 16
20 5414 3
20 5415 16
20 5416 6
20 5417 30
20 5418 9
20 5419 8
20 54194 10
20 55 44
20 561 23
20 5613 75
20 5614 29
20 5615 9
20 5616 28
20 5617 10
20 56173 7
20 562 12
20 611 28
20 6111 39
20 621 12
20 6211 14
20 6212 8
20 6213 6
20 62131 3
20 62132 7
20 6214 20
20 6216 32
20 622 86
20 6222 86
20 623 41
20 6231 59
20 6241 17
20 6242 6
20 6243 23
20 6244 14
20 711 8
20 7111 10
20 7112 8
20 7115 2
20 712 7
20 713 19
20 71395 20
20 721 17
20 7211 19
20 722 20
20 7224 9
20 8111 5
20 811192 10
20 8112 9
20 8113 6
20 8114 3
20 8121 6
20 812111 5
20 812112 6
20 8122 5
20 8123 11
20 8129 6
20 813 7
20 8131 8
20 8139 6
20 81393 8
20 814 6
20 92 20
20 9211 20
20 92113 20
20 92119 20
20 923 20
20 928 20
21 111 7
21 112 7
21 113 4
21 1133 4
21 114 6
21 115 8
21 211 11
21 2121 56
21 2122 42
21 2123 21
21 213 15
21 22 25
21 221 25
21 2211 28
21 2212 17
21 2213 12
21 22132 5
21 23 10
21 3 68
21 31 68
21 311 86
21 3113 42
21 3114 86
21 3115 86
21 3116 86
21 3118 77
21 311811 10
21 3121 50
21 3122 86
21 3131 50
21 3132 86
21 3133 6
21 314 25
21 31411 43
21 315 40
21 316 6
21 3162 6
21 3211 21
21 3212 26
21 3219 36
21 32199 18
21 3221 86
21 3222 86
21 32221 86
21 3231 33
21 3241 26
21 32411 86
21 325 65
21 3252 86
21 3253 16
21 3254 55
21 3255 61
21 3256 34
21 3261 86
21 3262 78
21 32621 16
21 327 32
21 32711 22
21 327120 62
21 3272 86
21 3279 41
21 33 20
21 331 86
21 3313 86
21 3314 86
21 3315 86
21 332 34
21 3321 86
21 3322 27
21 3327 16
21 3328 29
21 33299 43
21 333 60
21 3331 55
21 33311 64
21 3333 46
21 3335 23
21 3336 86
21 334 40
21 3341 40
21 3345 26
21 335 86
21 3352 86
21 336 86
21 33641 86
21 3365 86
21 3366 70
21 3369 48
21 337 34
21 3391 19
21 3399 19
21 4 15
21 42 17
21 4231 27
21 4232 18
21 4233 12
21 4234 14
21 4235 24
21 4236 15
21 4237 13
21 4238 14
21 4239 13
21 42393 14
21 424 21
21 4241 14
21 4243 16
21 4244 36
21 4245 12
21 4247 13
21 4248 48
21 4249 14
21 42491 10
21 4251 20
21 4411 23
21 4412 11
21 4413 9
21 442 8
21 443141 8
21 443142 11
21 4441 19
21 44413 8
21 4442 8
21 44511 39
21 44512 3
21 4452 7
21 4453 5
21 446 12
21 44611 15
21 447 8
21 4481 12
21 44821 9
21 4483 6
21 4511 11
21 45113 9
21 45114 6
21 45121 8
21 45221 86
21 4523 35
21 4531 5
21 45321 12
21 45322 7
21 4533 8
21 4539 6
21 454110 42
21 4542 18
21 454310 6
21 45439 3
21 481 86
21 482 38
21 483 86
21 484 15
21 485 21
21 4853 13
21 486 29
21 487 8
21 488 31
21 491 20
21 492 86
21 493 84
21 5111 15
21 51111 15
21 5112 23
21 5121 13
21 5122 3
21 515 17
21 517 14
21 517311 18
21 5182 26
21 5191 9
21 51912 15
21 51913 9
21 52 12
21 522 11
21 5221 13
21 5241 39
21 5242 8
21 53 4
21 531 4
21 5313 5
21 532 9
21 5321 10
21 5411 5
21 5412 9
21 5413 12
21 5414 3
21 5415 18
21 5416 7
21 5417 11
21 5418 10
21 5419 9
21 54194 11
21 55 65
21 561 30
21 5613 86
21 5614 50
21 5615 10
21 5616 36
21 5617 11
21 56173 7
21 562 18
21 611 33
21 6111 39
21 621 12
21 6211 13
21 6212 7
21 6213 6
21 62131 4
21 62132 7
21 6214 16
21 6216 29
21 622 86
21 6222 86
21 623 42
21 6231 84
21 6241 12
21 6242 12
21 6243 32
21 6244 13
21 711 12
21 7111 14
21 7112 20
21 7115 1
21 712 22
21 713 16
21 71395 17
21 721 18
21 7211 19
21 722 22
21 7224 8
21 8111 6
21 811192 9
21 8112 13
21 8113 9
21 8114 4
21 8121 6
21 812111 5
21 812112 6
21 8122 6
21 8123 12
21 8129 7
21 813 7
21 8131 8
21 8139 7
21 81393 9
21 814 7
21 92 20
21 9211 20
21 92113 20
21 92119 20
21 923 20
21 928 20
22 111 7
22 112 7
22 113 9
22 1133 7
22 114 5
22 115 5
22 211 17
22 2121 86
22 2122 20
22 2123 17
22 213 36
22 22 23
22 221 23
22 2211 35
22 2212 16
22 2213 7
22 22132 9
22 23 18
22 3 39
22 31 39
22 311 45
22 3113 66
22 3114 48
22 3115 86
22 3116 82
22 3118 20
22 311811 11
22 3121 21
22 3122 21
22 3131 14
22 3132 14
22 3133 12
22 314 10
22 31411 4
22 315 6
22 316 22
22 3162 22
22 3211 44
22 3212 86
22 3219 15
22 32199 12
22 3221 86
22 3222 74
22 32221 77
22 3231 9
22 3241 86
22 32411 86
22 325 86
22 3252 86
22 3253 86
22 3254 36
22 3255 35
22 3256 65
22 3261 37
22 3262 86
22 32621 22
22 327 20
22 32711 12
22 327120 16
22 3272 86
22 3279 15
22 33 20
22 331 86
22 3313 86
22 3314 86
22 3315 25
22 332 26
22 3321 26
22 3322 12
22 3327 15
22 3328 27
22 33299 39
22 333 37
22 3331 47
22 33311 19
22 3333 81
22 3335 8
22 3336 12
22 334 23
22 3341 23
22 3345 26
22 335 37
22 3352 37
22 336 49
22 33641 85
22 3365 86
22 3366 50
22 3369 37
22 337 7
22 3391 5
22 3399 22
22 4 14
22 42 14
22 4231 14
22 4232 7
22 4233 12
22 4234 9
22 4235 12
22 4236 11
22 4237 11
22 4238 14
22 4239 13
22 42393 19
22 424 19
22 4241 11
22 4243 13
22 4244 26
22 4245 15
22 4247 20
22 4248 60
22 4249 11
22 42491 14
22 4251 7
22 4411 34
22 4412 11
22 4413 8
22 442 8
22 443141 9
22 443142 10
22 4441 19
22 44413 8
22 4442 8
22 44511 37
22 44512 3
22 4452 9
22 4453 7
22 446 10
22 44611 14
22 447 8
22 4481 11
22 44821 8
22 4483 5
22 4511 14
22 45113 8
22 45114 7
22 45121 8
22 45221 86
22 4523 33
22 4531 4
22 45321 9
22 45322 6
22 4533 8
22 4539 5
22 454110 9
22 4542 11
22 454310 7
22 45439 5
22 481 46
22 482 20
22 483 44
22 484 10
22 485 25
22 4853 10
22 486 9
22 487 14
22 488 20
22 491 20
22 492 66
22 493 31
22 5111 11
22 51111 15
22 5112 17
22 5121 15
22 5122 3
22 515 24
22 517 13
22 517311 16
22 5182 22
22 5191 6
22 51912 9
22 51913 6
22 52 9
22 522 9
22 5221 13
22 5241 30
22 5242 7
22 53 6
22 531 4
22 5313 5
22 532 12
22 5321 9
22 5411 5
22 5412 8
22 5413 16
22 5414 3
22 5415 10
22 5416 5
22 5417 13
22 5418 9
22 5419 8
22 54194 11
22 55 48
22 561 23
22 5613 75
22 5614 14
22 5615 7
22 5616 31
22 5617 10
22 56173 6
22 562 21
22 611 35
22 6111 59
22 621 12
22 6211 11
22 6212 7
22 6213 7
22 62131 4
22 62132 6
22 6214 15
22 6216 33
22 622 86
22 6222 86
22 623 43
22 6231 86
22 6241 30
22 6242 12
22 6243 21
22 6244 13
22 711 21
22 7111 6
22 7112 34
22 7115 3
22 712 26
22 713 15
22 71395 35
22 721 36
22 7211 38
22 722 20
22 7224 8
22 8111 5
22 811192 9
22 8112 7
22 8113 14
22 8114 3
22 8121 5
22 812111 5
22 812112 5
22 8122 7
22 8123 11
22 8129 6
22 813 9
22 8131 10
22 8139 5
22 81393 5
22 814 8
22 92 20
22 9211 20
22 92113 20
22 92119 20
22 923 20
22 928 20
23 111 4
23 112 4
23 113 6
23 1133 6
23 114 2
23 115 3
23 211 4
23 2121 5
23 2122 5
23 2123 5
23 213 4
23 22 18
23 221 18
23 2211 19
23 2212 25
23 2213 8
23 22132 8
23 23 5
23 3 30
23 31 30
23 311 24
23 3113 7
23 3114 66
23 3115 29
23 3116 4
23 3118 18
23 311811 8
23 3121 17
23 3122 17
23 3131 14
23 3132 36
23 3133 28
23 314 14
23 31411 86
23 315 13
23 316 67
23 3162 86
23 3211 31
23 3212 76
23 3219 22
23 32199 24
23 3221 86
23 3222 86
23 32221 60
23 3231 15
23 3241 11
23 32411 11
23 325 31
23 3252 70
23 3253 17
23 3254 41
23 3255 31
23 3256 13
23 3261 50
23 3262 21
23 32621 21
23 327 16
23 32711 5
23 327120 14
23 3272 35
23 3279 12
23 33 20
23 331 29
23 3313 29
23 3314 29
23 3315 12
23 332 22
23 3321 22
23 3322 48
23 3327 19
23 3328 19
23 33299 26
23 333 36
23 3331 63
23 33311 63
23 3333 15
23 3335 26
23 3336 86
23 334 72
23 3341 72
23 3345 60
23 335 7
23 3352 7
23 336 86
23 33641 86
23 3365 86
23 3366 86
23 3369 86
23 337 14
23 3391 8
23 3399 9
23 4 14
23 42 13
23 4231 15
23 4232 15
23 4233 11
23 4234 18
23 4235 7
23 4236 9
23 4237 13
23 4238 10
23 4239 6
23 42393 6
23 424 15
23 4241 13
23 4243 11
23 4244 13
23 4245 3
23 4247 13
23 4248 50
23 4249 19
23 42491 9
23 4251 7
23 4411 21
23 4412 9
23 4413 10
23 442 7
23 443141 8
23 443142 10
23 4441 17
23 44413 9
23 4442 9
23 44511 50
23 44512 7
23 4452 5
23 4453 6
23 446 9
23 44611 12
23 447 10
23 4481 11
23 44821 8
23 4483 6
23 4511 10
23 45113 6
23 45114 5
23 45121 7
23 45221 72
23 4523 36
23 4531 3
23 45321 16
23 45322 3
23 4533 7
23 4539 4
23 454110 17
23 4542 12
23 454310 10
23 45439 4
23 481 26
23 482 15
23 483 5
23 484 9
23 485 17
23 4853 8
23 486 5
23 487 2
23 488 9
23 491 20
23 492 52
23 493 64
23 5111 14
23 51111 23
23 5112 22
23 5121 10
23 5122 3
23 515 18
23 517 14
23 517311 13
23 5182 22
23 5191 5
23 51912 5
23 51913 5
23 52 15
23 522 16
23 5221 16
23 5241 52
23 5242 7
23 53 4
23 531 3
23 5313 6
23 532 7
23 5321 12
23 5411 6
23 5412 6
23 5413 8
23 5414 2
23 5415 8
23 5416 4
23 5417 32
23 5418 7
23 5419 7
23 54194 11
23 55 50
23 561 10
23 5613 35
23 5614 19
23 5615 11
23 5616 15
23 5617 5
23 56173 4
23 562 10
23 611 38
23 6111 44
23 621 14
23 6211 18
23 6212 9
23 6213 5
23 62131 4
23 62132 8
23 6214 25
23 6216 47
23 622 86
23 6222 86
23 623 26
23 6231 86
23 6241 20
23 6242 10
23 6243 17
23 6244 7
23 711 5
23 7111 8
23 7112 10
23 7115 2
23 712 6
23 713 10
23 71395 15
23 721 11
23 7211 14
23 722 13
23 7224 9
23 8111 4
23 811192 4
23 8112 3
23 8113 5
23 8114 5
23 8121 5
23 812111 9
23 812112 5
23 8122 5
23 8123 8
23 8129 5
23 813 6
23 8131 6
23 8139 5
23 81393 8
23 814 5
23 92 20
23 9211 20
23 92113 20
23 92119 20
23 923 20
23 928 20
24 111 5
24 112 5
24 113 3
24 1133 4
24 114 2
24 115 7
24 211 18
24 2121 50
24 2122 21
24 2123 17
24 213 2
24 22 50
24 221 50
24 2211 53
24 2212 86
24 2213 10
24 22132 7
24 23 11
24 3 34
24 31 34
24 311 41
24 3113 34
24 3114 72
24 3115 86
24 3116 86
24 3118 22
24 311811 10
24 3121 18
24 3122 21
24 3131 38
24 3132 78
24 3133 16
24 314 9
24 31411 10
24 315 25
24 316 20
24 3162 20
24 3211 16
24 3212 52
24 3219 28
24 32199 42
24 3221 76
24 3222 53
24 32221 76
24 3231 21
24 3241 18
24 32411 18
24 325 60
24 3252 27
24 3253 16
24 3254 86
24 3255 66
24 3256 43
24 3261 75
24 3262 55
24 32621 18
24 327 26
24 32711 4
24 327120 24
24 3272 14
24 3279 26
24 33 20
24 331 18
24 3313 12
24 3314 18
24 3315 19
24 332 22
24 3321 17
24 3322 22
24 3327 16
24 3328 9
24 33299 14
24 333 47
24 3331 45
24 33311 57
24 3333 18
24 3335 24
24 3336 86
24 334 79
24 3341 21
24 3345 86
24 335 38
24 3352 38
24 336 47
24 33641 86
24 3365 47
24 3366 15
24 3369 12
24 337 25
24 3391 17
24 3399 15
24 4 17
24 42 17
24 4231 14
24 4232 15
24 4233 18
24 4234 18
24 4235 15
24 4236 15
24 4237 11
24 4238 14
24 4239 13
24 42393 19
24 424 24
24 4241 19
24 4243 11
24 4244 34
24 4245 14
24 4247 17
24 4248 35
24 4249 12
24 42491 7
24 4251 8
24 4411 45
24 4412 10
24 4413 11
24 442 10
24 443141 6
24 443142 13
24 4441 25
24 44413 10
24 4442 13
24 44511 42
24 44512 6
24 4452 7
24 4453 5
24 446 10
24 44611 15
24 447 10
24 4481 16
24 44821 10
24 4483 6
24 4511 12
24 45113 12
24 45114 10
24 45121 9
24 45221 86
24 4523 54
24 4531 6
24 45321 15
24 45322 7
24 4533 14
24 4539 7
24 454110 16
24 4542 20
24 454310 17
24 45439 6
24 481 86
24 482 23
24 483 16
24 484 11
24 485 21
24 4853 12
24 486 9
24 487 6
24 488 17
24 491 20
24 492 57
24 493 63
24 5111 21
24 51111 26
24 5112 34
24 5121 12
24 5122 4
24 515 30
24 517 15
24 517311 19
24 5182 34
24 5191 17
24 51912 29
24 51913 16
24 52 13
24 522 14
24 5221 11
24 5241 42
24 5242 8
24 53 7
24 531 6
24 5313 9
24 532 13
24 5321 14
24 5411 6
24 5412 8
24 5413 21
24 5414 4
24 5415 16
24 5416 12
24 5417 50
24 5418 9
24 5419 11
24 54194 15
24 55 44
24 561 26
24 5613 75
24 5614 19
24 5615 8
24 5616 40
24 5617 13
24 56173 9
24 562 18
24 611 38
24 6111 56
24 621 12
24 6211 13
24 6212 7
24 6213 7
24 62131 4
24 62132 7
24 6214 19
24 6216 31
24 622 86
24 6222 86
24 623 42
24 6231 86
24 6241 24
24 6242 17
24 6243 53
24 6244 13
24 711 14
24 7111 22
24 7112 30
24 7115 2
24 712 18
24 713 23
24 71395 22
24 721 37
24 7211 40
24 722 19
24 7224 10
24 8111 7
24 811192 11
24 8112 8
24 8113 10
24 8114 4
24 8121 7
24 812111 7
24 812112 8
24 8122 9
24 8123 8
24 8129 10
24 813 10
24 8131 9
24 8139 14
24 81393 16
24 814 8
24 92 20
24 9211 20
24 92113 20
24 92119 20
24 923 20
24 928 20
25 111 4
25 112 4
25 113 5
25 1133 4
25 114 2
25 115 5
25 211 6
25 2121 12
25 2122 12
25 2123 12
25 213 16
25 22 40
25 221 40
25 2211 49
25 2212 45
25 2213 12
25 22132 12
25 23 8
25 3 37
25 31 37
25 311 36
25 3113 15
25 3114 41
25 3115 50
25 3116 86
25 3118 28
25 311811 13
25 3121 25
25 3122 25
25 3131 9
25 3132 18
25 3133 38
25 314 15
25 31411 9
25 315 29
25 316 35
25 3162 64
25 3211 15
25 3212 8
25 3219 14
25 32199 9
25 3221 86
25 3222 68
25 32221 82
25 3231 16
25 3241 17
25 32411 17
25 325 53
25 3252 57
25 3253 15
25 3254 86
25 3255 21
25 3256 21
25 3261 53
25 3262 58
25 32621 13
25 327 24
25 32711 25
25 327120 54
25 3272 22
25 3279 25
25 33 20
25 331 28
25 3313 30
25 3314 44
25 3315 19
25 332 25
25 3321 45
25 3322 70
25 3327 17
25 3328 32
25 33299 49
25 333 44
25 3331 18
25 33311 4
25 3333 36
25 3335 19
25 3336 62
25 334 85
25 3341 45
25 3345 86
25 335 58
25 3352 28
25 336 52
25 33641 86
25 3365 86
25 3366 16
25 3369 33
25 337 15
25 3391 36
25 3399 27
25 4 16
25 42 21
25 4231 17
25 4232 13
25 4233 15
25 4234 33
25 4235 14
25 4236 24
25 4237 13
25 4238 14
25 4239 12
25 42393 14
25 424 28
25 4241 27
25 4243 32
25 4244 25
25 4245 5
25 4247 33
25 4248 41
25 4249 15
25 42491 15
25 4251 10
25 4411 26
25 4412 10
25 4413 10
25 442 11
25 443141 9
25 443142 14
25 4441 20
25 44413 10
25 4442 8
25 44511 62
25 44512 3
25 4452 8
25 4453 6
25 446 13
25 44611 19
25 447 7
25 4481 16
25 44821 11
25 4483 5
25 4511 11
25 45113 10
25 45114 8
25 45121 9
25 45221 86
25 4523 49
25 4531 4
25 45321 20
25 45322 8
25 4533 8
25 4539 6
25 454110 23
25 4542 6
25 454310 11
25 45439 7
25 481 86
25 482 25
25 483 11
25 484 10
25 485 33
25 4853 13
25 486 13
25 487 10
25 488 15
25 491 20
25 492 69
25 493 57
25 5111 36
25 51111 34
25 5112 67
25 5121 12
25 5122 3
25 515 30
25 517 17
25 517311 18
25 5182 38
25 5191 40
25 51912 10
25 51913 50
25 52 19
25 522 17
25 5221 20
25 5241 83
25 5242 10
25 53 7
25 531 6
25 5313 10
25 532 9
25 5321 9
25 5411 7
25 5412 11
25 5413 15
25 5414 4
25 5415 18
25 5416 12
25 5417 45
25 5418 14
25 5419 17
25 54194 25
25 55 86
25 561 19
25 5613 70
25 5614 16
25 5615 15
25 5616 42
25 5617 7
25 56173 4
25 562 16
25 611 71
25 6111 65
25 621 17
25 6211 18
25 6212 8
25 6213 7
25 62131 3
25 62132 6
25 6214 34
25 6216 60
25 622 86
25 6222 86
25 623 38
25 6231 86
25 6241 33
25 6242 17
25 6243 37
25 6244 14
25 711 16
25 7111 15
25 7112 86
25 7115 2
25 712 19
25 713 20
25 71395 22
25 721 32
25 7211 36
25 722 17
25 7224 12
25 8111 5
25 811192 7
25 8112 14
25 8113 6
25 8114 4
25 8121 6
25 812111 3
25 812112 6
25 8122 6
25 8123 8
25 8129 9
25 813 8
25 8131 8
25 8139 7
25 81393 8
25 814 7
25 92 20
25 9211 20
25 92113 20
25 92119 20
25 923 20
25 928 20
26 111 7
26 112 7
26 113 5
26 1133 5
26 114 4
26 115 10
26 211 10
26 2121 18
26 2122 86
26 2123 10
26 213 11
26 22 56
26 221 56
26 2211 73
26 2212 35
26 2213 8
26 22132 12
26 23 8
26 3 50
26 31 50
26 311 43
26 3113 34
26 3114 82
26 3115 82
26 3116 77
26 3118 20
26 311811 10
26 3121 25
26 3122 4
26 3131 33
26 3132 55
26 3133 18
26 314 12
26 31411 63
26 315 5
26 316 31
26 3162 31
26 3211 18
26 3212 60
26 3219 20
26 32199 14
26 3221 86
26 3222 76
26 32221 84
26 3231 17
26 3241 27
26 32411 86
26 325 75
26 3252 81
26 3253 27
26 3254 86
26 3255 68
26 3256 38
26 3261 86
26 3262 74
26 32621 24
26 327 28
26 32711 15
26 327120 31
26 3272 86
26 3279 33
26 33 20
26 331 86
26 3313 86
26 3314 35
26 3315 86
26 332 28
26 3321 66
26 3322 17
26 3327 23
26 3328 33
26 33299 22
26 333 38
26 3331 51
26 33311 27
26 3333 32
26 3335 30
26 3336 86
26 334 43
26 3341 14
26 3345 52
26 335 51
26 3352 86
26 336 86
26 33641 86
26 3365 29
26 3366 86
26 3369 48
26 337 56
26 3391 32
26 3399 12
26 4 14
26 42 17
26 4231 33
26 4232 13
26 4233 16
26 4234 14
26 4235 23
26 4236 18
26 4237 14
26 4238 16
26 4239 10
26 42393 13
26 424 21
26 4241 11
26 4243 24
26 4244 29
26 4245 12
26 4247 15
26 4248 54
26 4249 13
26 42491 15
26 4251 7
26 4411 30
26 4412 12
26 4413 9
26 442 10
26 443141 10
26 443142 10
26 4441 20
26 44413 10
26 4442 8
26 44511 33
26 44512 5
26 4452 7
26 4453 4
26 446 9
26 44611 12
26 447 7
26 4481 12
26 44821 9
26 4483 5
26 4511 12
26 45113 14
26 45114 13
26 45121 9
26 45221 86
26 4523 43
26 4531 6
26 45321 12
26 45322 8
26 4533 10
26 4539 5
26 454110 10
26 4542 13
26 454310 8
26 45439 4
26 481 86
26 482 18
26 483 20
26 484 11
26 485 23
26 4853 7
26 486 7
26 487 4
26 488 16
26 491 20
26 492 50
26 493 40
26 5111 20
26 51111 18
26 5112 39
26 5121 14
26 5122 3
26 515 26
26 517 12
26 517311 17
26 5182 23
26 5191 9
26 51912 14
26 51913 18
26 52 13
26 522 16
26 5221 14
26 5241 51
26 5242 8
26 53 6
26 531 6
26 5313 10
26 532 8
26 5321 11
26 5411 6
26 5412 9
26 5413 26
26 5414 6
26 5415 15
26 5416 11
26 5417 86
26 5418 14
26 5419 9
26 54194 13
26 55 82
26 561 33
26 5613 86
26 5614 19
26 5615 15
26 5616 36
26 5617 9
26 56173 5
26 562 16
26 611 29
26 6111 57
26 621 13
26 6211 13
26 6212 8
26 6213 8
26 62131 4
26 62132 7
26 6214 23
26 6216 28
26 622 86
26 6222 86
26 623 32
26 6231 86
26 6241 21
26 6242 15
26 6243 51
26 6244 11
26 711 12
26 7111 16
26 7112 25
26 7115 2
26 712 23
26 713 15
26 71395 19
26 721 27
26 7211 33
26 722 18
26 7224 10
26 8111 6
26 811192 8
26 8112 9
26 8113 9
26 8114 3
26 8121 6
26 812111 4
26 812112 6
26 8122 8
26 8123 10
26 8129 7
26 813 8
26 8131 8
26 8139 9
26 81393 11
26 814 7
26 92 20
26 9211 20
26 92113 20
26 92119 20
26 923 20
26 928 20
27 111 5
27 112 5
27 113 5
27 1133 5
27 114 4
27 115 4
27 211 36
27 2121 44
27 2122 86
27 2123 10
27 213 6
27 22 36
27 221 36
27 2211 42
27 2212 30
27 2213 9
27 22132 7
27 23 8
27 3 45
27 31 45
27 311 70
27 3113 78
27 3114 73
27 3115 81
27 3116 86
27 3118 36
27 311811 16
27 3121 20
27 3122 20
27 3131 25
27 3132 26
27 3133 27
27 314 18
27 31411 52
27 315 15
27 316 46
27 3162 86
27 3211 15
27 3212 50
27 3219 41
27 32199 20
27 3221 86
27 3222 84
27 32221 78
27 3231 33
27 3241 86
27 32411 86
27 325 42
27 3252 54
27 3253 11
27 3254 84
27 3255 27
27 3256 31
27 3261 59
27 3262 40
27 32621 24
27 327 31
27 32711 16
27 327120 16
27 3272 86
27 3279 56
27 33 20
27 331 80
27 3313 86
27 3314 67
27 3315 86
27 332 29
27 3321 62
27 3322 57
27 3327 21
27 3328 25
27 33299 31
27 333 49
27 3331 61
27 33311 50
27 3333 28
27 3335 29
27 3336 69
27 334 86
27 3341 86
27 3345 86
27 335 81
27 3352 86
27 336 78
27 33641 63
27 3365 11
27 3366 86
27 3369 86
27 337 20
27 3391 59
27 3399 20
27 4 16
27 42 19
27 4231 22
27 4232 16
27 4233 22
27 4234 37
27 4235 22
27 4236 33
27 4237 15
27 4238 16
27 4239 11
27 42393 11
27 424 20
27 4241 15
27 4243 11
27 4244 34
27 4245 11
27 4247 18
27 4248 48
27 4249 14
27 42491 14
27 4251 7
27 4411 30
27 4412 11
27 4413 9
27 442 10
27 443141 7
27 443142 14
27 4441 18
27 44413 10
27 4442 9
27 44511 49
27 44512 3
27 4452 9
27 4453 8
27 446 12
27 44611 18
27 447 13
27 4481 13
27 44821 10
27 4483 6
27 4511 13
27 45113 12
27 45114 9
27 45121 12
27 45221 86
27 4523 64
27 4531 5
27 45321 9
27 45322 7
27 4533 13
27 4539 6
27 454110 11
27 4542 10
27 454310 7
27 45439 4
27 481 86
27 482 19
27 483 21
27 484 9
27 485 34
27 4853 12
27 486 7
27 487 6
27 488 16
27 491 20
27 492 57
27 493 49
27 5111 28
27 51111 18
27 5112 50
27 5121 11
27 5122 10
27 515 27
27 517 15
27 517311 19
27 5182 39
27 5191 12
27 51912 6
27 51913 16
27 52 18
27 522 23
27 5221 26
27 5241 68
27 5242 10
27 53 5
27 531 5
27 5313 8
27 532 9
27 5321 10
27 5411 8
27 5412 11
27 5413 15
27 5414 3
27 5415 10
27 5416 6
27 5417 86
27 5418 13
27 5419 7
27 54194 12
27 55 86
27 561 23
27 5613 86
27 5614 23
27 5615 14
27 5616 45
27 5617 8
27 56173 5
27 562 12
27 611 37
27 6111 41
27 621 17
27 6211 25
27 6212 9
27 6213 5
27 62131 4
27 62132 7
27 6214 30
27 6216 45
27 622 86
27 6222 86
27 623 24
27 6231 86
27 6241 28
27 6242 12
27 6243 48
27 6244 14
27 711 13
27 7111 14
27 7112 37
27 7115 3
27 712 14
27 713 18
27 71395 22
27 721 27
27 7211 32
27 722 20
27 7224 10
27 8111 6
27 811192 13
27 8112 12
27 8113 6
27 8114 3
27 8121 6
27 812111 4
27 812112 7
27 8122 4
27 8123 14
27 8129 8
27 813 9
27 8131 9
27 8139 9
27 81393 14
27 814 8
27 92 20
27 9211 20
27 92113 20
27 92119 20
27 923 20
27 928 20
28 111 7
28 112 7
28 113 8
28 1133 7
28 114 6
28 115 6
28 211 10
28 2121 64
28 2122 21
28 2123 16
28 213 12
28 22 16
28 221 16
28 2211 33
28 2212 16
28 2213 5
28 22132 13
28 23 12
28 3 72
28 31 72
28 311 86
28 3113 4
28 3114 86
28 3115 86
28 3116 86
28 3118 19
28 311811 6
28 3121 19
28 3122 19
28 3131 58
28 3132 85
28 3133 31
28 314 23
28 31411 25
28 315 53
28 316 60
28 3162 60
28 3211 44
28 3212 86
28 3219 26
28 32199 29
28 3221 86
28 3222 60
28 32221 61
28 3231 9
28 3241 86
28 32411 86
28 325 55
28 3252 46
28 3253 68
28 3254 86
28 3255 14
28 3256 26
28 3261 51
28 3262 86
28 32621 86
28 327 24
28 32711 10
28 327120 15
28 3272 86
28 3279 38
28 33 20
28 331 86
28 3313 86
28 3314 86
28 3315 52
28 332 37
28 3321 57
28 3322 15
28 3327 18
28 3328 37
28 33299 65
28 333 79
28 3331 51
28 33311 66
28 3333 72
28 3335 10
28 3336 86
28 334 72
28 3341 83
28 3345 84
28 335 86
28 3352 86
28 336 86
28 33641 86
28 3365 86
28 3366 86
28 3369 86
28 337 86
28 3391 13
28 3399 21
28 4 12
28 42 14
28 4231 22
28 4232 14
28 4233 10
28 4234 13
28 4235 13
28 4236 18
28 4237 6
28 4238 13
28 4239 9
28 42393 11
28 424 18
28 4241 9
28 4243 33
28 4244 25
28 4245 14
28 4247 10
28 4248 40
28 4249 15
28 42491 9
28 4251 7
28 4411 20
28 4412 11
28 4413 7
28 442 7
28 443141 6
28 443142 9
28 4441 18
28 44413 7
28 4442 9
28 44511 40
28 44512 4
28 4452 6
28 4453 3
28 446 10
28 44611 12
28 447 7
28 4481 10
28 44821 8
28 4483 6
28 4511 13
28 45113 7
28 45114 6
28 45121 10
28 45221 86
28 4523 29
28 4531 4
28 45321 10
28 45322 5
28 4533 8
28 4539 5
28 454110 9
28 4542 10
28 454310 9
28 45439 3
28 481 5
28 482 20
28 483 86
28 484 13
28 485 16
28 4853 2
28 486 10
28 487 4
28 488 17
28 491 20
28 492 68
28 493 55
28 5111 10
28 51111 12
28 5112 14
28 5121 15
28 5122 15
28 515 14
28 517 12
28 517311 12
28 5182 28
28 5191 5
28 51912 5
28 51913 5
28 52 7
28 522 8
28 5221 12
28 5241 25
28 5242 4
28 53 4
28 531 3
28 5313 5
28 532 7
28 5321 9
28 5411 5
28 5412 7
28 5413 8
28 5414 5
28 5415 11
28 5416 4
28 5417 7
28 5418 8
28 5419 9
28 54194 11
28 55 25
28 561 27
28 5613 86
28 5614 23
28 5615 3
28 5616 28
28 5617 9
28 56173 6
28 562 14
28 611 29
28 6111 36
28 621 12
28 6211 12
28 6212 7
28 6213 7
28 62131 4
28 62132 7
28 6214 18
28 6216 35
28 622 86
28 6222 86
28 623 54
28 6231 86
28 6241 19
28 6242 8
28 6243 81
28 6244 13
28 711 4
28 7111 6
28 7112 10
28 7115 2
28 712 9
28 713 14
28 71395 16
28 721 39
28 7211 42
28 722 20
28 7224 7
28 8111 5
28 811192 7
28 8112 4
28 8113 7
28 8114 3
28 8121 4
28 812111 7
28 812112 4
28 8122 6
28 8123 11
28 8129 5
28 813 6
28 8131 7
28 8139 4
28 81393 5
28 814 6
28 92 20
28 9211 20
28 92113 20
28 92119 20
28 923 20
28 928 20
29 111 6
29 112 6
29 113 2
29 1133 2
29 114 2
29 115 8
29 211 2
29 2121 15
29 2122 86
29 2123 13
29 213 9
29 22 42
29 221 42
29 2211 50
29 2212 56
29 2213 13
29 22132 4
29 23 10
29 3 49
29 31 49
29 311 84
29 3113 24
29 3114 86
29 3115 86
29 3116 86
29 3118 26
29 311811 11
29 3121 38
29 3122 38
29 3131 1
29 3132 47
29 3133 6
29 314 14
29 31411 15
29 315 31
29 316 48
29 3162 86
29 3211 8
29 3212 20
29 3219 22
29 32199 11
29 3221 86
29 3222 83
29 32221 86
29 3231 23
29 3241 23
29 32411 23
29 325 66
29 3252 43
29 3253 79
29 3254 86
29 3255 52
29 3256 70
29 3261 56
29 3262 76
29 32621 21
29 327 27
29 32711 31
29 327120 33
29 3272 40
29 3279 33
29 33 20
29 331 75
29 3313 86
29 3314 58
29 3315 86
29 332 30
29 3321 33
29 3322 21
29 3327 16
29 3328 18
29 33299 37
29 333 80
29 3331 57
29 33311 34
29 3333 71
29 3335 31
29 3336 85
29 334 58
29 3341 24
29 3345 56
29 335 86
29 3352 5
29 336 86
29 33641 86
29 3365 70
29 3366 86
29 3369 56
29 337 22
29 3391 30
29 3399 13
29 4 15
29 42 18
29 4231 20
29 4232 14
29 4233 13
29 4234 15
29 4235 16
29 4236 17
29 4237 15
29 4238 16
29 4239 13
29 42393 13
29 424 26
29 4241 86
29 4243 21
29 4244 27
29 4245 12
29 4247 14
29 4248 45
29 4249 13
29 42491 10
29 4251 8
29 4411 23
29 4412 11
29 4413 8
29 442 9
29 443141 7
29 443142 11
29 4441 21
29 44413 9
29 4442 9
29 44511 46
29 44512 4
29 4452 7
29 4453 5
29 446 11
29 44611 16
29 447 12
29 4481 12
29 44821 9
29 4483 6
29 4511 13
29 45113 9
29 45114 9
29 45121 9
29 45221 86
29 4523 43
29 4531 4
29 45321 9
29 45322 7
29 4533 9
29 4539 6
29 454110 12
29 4542 10
29 454310 6
29 45439 5
29 481 66
29 482 19
29 483 29
29 484 14
29 485 31
29 4853 15
29 486 4
29 487 5
29 488 13
29 491 20
29 492 50
29 493 42
29 5111 28
29 51111 16
29 5112 24
29 5121 14
29 5122 4
29 515 24
29 517 18
29 517311 23
29 5182 32
29 5191 17
29 51912 10
29 51913 23
29 52 13
29 522 15
29 5221 18
29 5241 45
29 5242 7
29 53 5
29 531 5
29 5313 8
29 532 8
29 5321 11
29 5411 6
29 5412 9
29 5413 14
29 5414 3
29 5415 26
29 5416 10
29 5417 30
29 5418 13
29 5419 12
29 54194 11
29 55 64
29 561 25
29 5613 85
29 5614 35
29 5615 22
29 5616 41
29 5617 11
29 56173 6
29 562 14
29 611 48
29 6111 41
29 621 12
29 6211 13
29 6212 7
29 6213 5
29 62131 3
29 62132 7
29 6214 22
29 6216 15
29 622 86
29 6222 86
29 623 43
29 6231 80
29 6241 6
29 6242 15
29 6243 43
29 6244 13
29 711 15
29 7111 18
29 7112 49
29 7115 4
29 712 19
29 713 19
29 71395 16
29 721 24
29 7211 27
29 722 20
29 7224 9
29 8111 6
29 811192 9
29 8112 9
29 8113 7
29 8114 3
29 8121 6
29 812111 6
29 812112 6
29 8122 6
29 8123 12
29 8129 7
29 813 8
29 8131 9
29 8139 7
29 81393 9
29 814 7
29 92 20
29 9211 20
29 92113 20
29 92119 20
29 923 20
29 928 20
30 111 3
30 112 3
30 113 3
30 1133 3
30 114 1
30 115 3
30 211 9
30 2121 86
30 2122 86
30 2123 11
30 213 7
30 22 15
30 221 15
30 2211 19
30 2212 12
30 2213 3
30 22132 4
30 23 5
30 3 15
30 31 15
30 311 17
30 3113 56
30 3114 9
30 3115 29
30 3116 11
30 3118 16
30 311811 10
30 3121 11
30 3122 11
30 3131 6
30 3132 6
30 3133 9
30 314 10
30 31411 7
30 315 1
30 316 4
30 3162 4
30 3211 34
30 3212 38
30 3219 8
30 32199 7
30 3221 20
30 3222 20
30 32221 20
30 3231 12
30 3241 86
30 32411 86
30 325 19
30 3252 15
30 3253 10
30 3254 47
30 3255 19
30 3256 5
30 3261 22
30 3262 20
30 32621 20
30 327 12
30 32711 4
30 327120 4
30 3272 1
30 3279 14
30 33 20
30 331 60
30 3313 60
30 3314 86
30 3315 30
30 332 10
30 3321 6
30 3322 4
30 3327 8
30 3328 2
30 33299 11
30 333 22
30 3331 10
30 33311 12
30 3333 16
30 3335 21
30 3336 22
30 334 23
30 3341 23
30 3345 28
30 335 34
30 3352 34
30 336 20
30 33641 26
30 3365 20
30 3366 4
30 3369 1
30 337 6
30 3391 9
30 3399 12
30 4 13
30 42 10
30 4231 12
30 4232 4
30 4233 10
30 4234 5
30 4235 10
30 4236 7
30 4237 10
30 4238 10
30 4239 7
30 42393 12
30 424 13
30 4241 10
30 4243 14
30 4244 20
30 4245 9
30 4247 13
30 4248 38
30 4249 7
30 42491 6
30 4251 5
30 4411 22
30 4412 13
30 4413 8
30 442 7
30 443141 8
30 443142 7
30 4441 14
30 44413 13
30 4442 12
30 44511 39
30 44512 6
30 4452 6
30 4453 6
30 446 9
30 44611 13
30 447 11
30 4481 8
30 44821 6
30 4483 4
30 4511 11
30 45113 6
30 45114 5
30 45121 10
30 45221 66
30 4523 72
30 4531 5
30 45321 10
30 45322 6
30 4533 7
30 4539 5
30 454110 4
30 4542 3
30 454310 7
30 45439 4
30 481 19
30 482 9
30 483 9
30 484 6
30 485 16
30 4853 6
30 486 6
30 487 5
30 488 7
30 491 20
30 492 29
30 493 10
30 5111 11
30 51111 15
30 5112 23
30 5121 9
30 5122 4
30 515 15
30 517 12
30 517311 15
30 5182 17
30 5191 3
30 51912 4
30 51913 2
30 52 8
30 522 12
30 5221 15
30 5241 12
30 5242 6
30 53 3
30 531 2
30 5313 4
30 532 6
30 5321 8
30 5411 4
30 5412 5
30 5413 7
30 5414 2
30 5415 6
30 5416 3
30 5417 9
30 5418 5
30 5419 6
30 54194 8
30 55 24
30 561 10
30 5613 49
30 5614 20
30 5615 5
30 5616 9
30 5617 4
30 56173 3
30 562 7
30 611 15
30 6111 27
30 621 10
30 6211 17
30 6212 7
30 6213 4
30 62131 3
30 62132 6
30 6214 18
30 6216 30
30 622 86
30 6222 86
30 623 30
30 6231 66
30 6241 14
30 6242 8
30 6243 32
30 6244 7
30 711 4
30 7111 12
30 7112 4
30 7115 1
30 712 5
30 713 9
30 71395 14
30 721 15
30 7211 17
30 722 15
30 7224 8
30 8111 5
30 811192 5
30 8112 5
30 8113 4
30 8114 2
30 8121 5
30 812111 3
30 812112 4
30 8122 5
30 8123 11
30 8129 3
30 813 6
30 8131 6
30 8139 4
30 81393 5
30 814 5
30 92 20
30 9211 20
30 92113 20
30 92119 20
30 923 20
30 928 20
31 111 7
31 112 7
31 113 3
31 1133 3
31 114 7
31 115 8
31 211 4
31 2121 13
31 2122 13
31 2123 13
31 213 5
31 22 8
31 221 8
31 2211 9
31 2212 8
31 2213 9
31 22132 9
31 23 7
31 3 57
31 31 57
31 311 86
31 3113 75
31 3114 86
31 3115 80
31 3116 86
31 3118 36
31 311811 11
31 3121 13
31 3122 13
31 3131 12
31 3132 16
31 3133 5
31 314 5
31 31411 4
31 315 9
31 316 30
31 3162 30
31 3211 19
31 3212 86
31 3219 25
31 32199 32
31 3221 77
31 3222 86
31 32221 86
31 3231 17
31 3241 5
31 32411 5
31 325 57
31 3252 29
31 3253 30
31 3254 86
31 3255 15
31 3256 20
31 3261 55
31 3262 86
31 32621 14
31 327 21
31 32711 80
31 327120 86
31 3272 25
31 3279 12
31 33 20
31 331 75
31 3313 75
31 3314 75
31 3315 47
31 332 33
31 3321 16
31 3322 8
31 3327 13
31 3328 45
31 33299 60
31 333 53
31 3331 74
31 33311 78
31 3333 7
31 3335 20
31 3336 31
31 334 86
31 3341 86
31 3345 86
31 335 63
31 3352 63
31 336 86
31 33641 86
31 3365 86
31 3366 86
31 3369 86
31 337 24
31 3391 72
31 3399 11
31 4 16
31 42 13
31 4231 17
31 4232 7
31 4233 11
31 4234 13
31 4235 24
31 4236 11
31 4237 11
31 4238 13
31 4239 11
31 42393 11
31 424 14
31 4241 9
31 4243 6
31 4244 28
31 4245 11
31 4247 15
31 4248 55
31 4249 11
31 42491 9
31 4251 8
31 4411 21
31 4412 8
31 4413 8
31 442 12
31 443141 5
31 443142 13
31 4441 17
31 44413 9
31 4442 9
31 44511 51
31 44512 3
31 4452 6
31 4453 5
31 446 11
31 44611 16
31 447 11
31 4481 11
31 44821 8
31 4483 8
31 4511 16
31 45113 8
31 45114 8
31 45121 9
31 45221 76
31 4523 47
31 4531 4
31 45321 8
31 45322 7
31 4533 9
31 4539 6
31 454110 19
31 4542 11
31 454310 5
31 45439 4
31 481 29
31 482 13
31 483 13
31 484 9
31 485 21
31 4853 7
31 486 14
31 487 5
31 488 17
31 491 20
31 492 36
31 493 44
31 5111 21
31 51111 15
31 5112 48
31 5121 14
31 5122 5
31 515 21
31 517 12
31 517311 15
31 5182 47
31 5191 42
31 51912 4
31 51913 51
31 52 16
31 522 23
31 5221 16
31 5241 58
31 5242 5
31 53 5
31 531 4
31 5313 10
31 532 8
31 5321 9
31 5411 6
31 5412 8
31 5413 14
31 5414 3
31 5415 11
31 5416 6
31 5417 25
31 5418 11
31 5419 10
31 54194 10
31 55 60
31 561 25
31 5613 86
31 5614 31
31 5615 34
31 5616 28
31 5617 8
31 56173 5
31 562 11
31 611 32
31 6111 28
31 621 11
31 6211 15
31 6212 7
31 6213 6
31 62131 3
31 62132 6
31 6214 17
31 6216 25
31 622 86
31 6222 86
31 623 57
31 6231 74
31 6241 15
31 6242 9
31 6243 20
31 6244 13
31 711 12
31 7111 14
31 7112 27
31 7115 3
31 712 23
31 713 16
31 71395 14
31 721 15
31 7211 17
31 722 17
31 7224 7
31 8111 5
31 811192 8
31 8112 4
31 8113 5
31 8114 3
31 8121 5
31 812111 4
31 812112 5
31 8122 5
31 8123 12
31 8129 7
31 813 8
31 8131 8
31 8139 5
31 81393 8
31 814 6
31 92 20
31 9211 20
31 92113 20
31 92119 20
31 923 20
31 928 20
32 111 5
32 112 5
32 113 5
32 1133 5
32 114 3
32 115 6
32 211 5
32 2121 86
32 2122 86
32 2123 15
32 213 19
32 22 38
32 221 38
32 2211 38
32 2212 78
32 2213 8
32 22132 8
32 23 17
32 3 26
32 31 26
32 311 27
32 3113 14
32 3114 18
32 3115 52
32 3116 17
32 3118 21
32 311811 9
32 3121 28
32 3122 27
32 3131 8
32 3132 9
32 3133 8
32 314 11
32 31411 9
32 315 4
32 316 3
32 3162 3
32 3211 8
32 3212 76
32 3219 10
32 32199 5
32 3221 51
32 3222 57
32 32221 28
32 3231 19
32 3241 25
32 32411 25
32 325 20
32 3252 16
32 3253 11
32 3254 23
32 3255 37
32 3256 14
32 3261 41
32 3262 22
32 32621 8
32 327 30
32 32711 8
32 327120 8
32 3272 22
32 3279 32
32 33 20
32 331 86
32 3313 86
32 3314 86
32 3315 86
32 332 19
32 3321 11
32 3322 9
32 3327 17
32 3328 12
32 33299 15
32 333 21
32 3331 38
32 33311 38
32 3333 4
32 3335 15
32 3336 17
32 334 68
32 3341 13
32 3345 86
32 335 25
32 3352 25
32 336 16
32 33641 23
32 3365 16
32 3366 16
32 3369 2
32 337 17
32 3391 8
32 3399 36
32 4 17
32 42 13
32 4231 15
32 4232 8
32 4233 12
32 4234 12
32 4235 15
32 4236 15
32 4237 13
32 4238 14
32 4239 13
32 42393 11
32 424 17
32 4241 11
32 4243 22
32 4244 22
32 4245 6
32 4247 14
32 4248 56
32 4249 10
32 42491 4
32 4251 4
32 4411 41
32 4412 16
32 4413 12
32 442 13
32 443141 8
32 443142 17
32 4441 26
32 44413 12
32 4442 13
32 44511 66
32 44512 6
32 4452 10
32 4453 7
32 446 12
32 44611 19
32 447 12
32 4481 17
32 44821 13
32 4483 8
32 4511 13
32 45113 12
32 45114 11
32 45121 10
32 45221 86
32 4523 72
32 4531 5
32 45321 11
32 45322 12
32 4533 15
32 4539 8
32 454110 9
32 4542 13
32 454310 7
32 45439 4
32 481 86
32 482 31
32 483 31
32 484 11
32 485 67
32 4853 86
32 486 8
32 487 36
32 488 21
32 491 20
32 492 47
32 493 56
32 5111 8
32 51111 20
32 5112 20
32 5121 10
32 5122 2
32 515 27
32 517 15
32 517311 19
32 5182 16
32 5191 5
32 51912 5
32 51913 5
32 52 9
32 522 13
32 5221 16
32 5241 25
32 5242 7
32 53 6
32 531 5
32 5313 7
32 532 13
32 5321 15
32 5411 5
32 5412 7
32 5413 10
32 5414 5
32 5415 5
32 5416 4
32 5417 41
32 5418 9
32 5419 11
32 54194 16
32 55 60
32 561 28
32 5613 86
32 5614 27
32 5615 13
32 5616 48
32 5617 11
32 56173 13
32 562 25
32 611 16
32 6111 47
32 621 9
32 6211 8
32 6212 7
32 6213 5
32 62131 4
32 62132 7
32 6214 19
32 6216 23
32 622 86
32 6222 86
32 623 31
32 6231 86
32 6241 23
32 6242 17
32 6243 47
32 6244 17
32 711 10
32 7111 20
32 7112 20
32 7115 3
32 712 17
32 713 29
32 71395 12
32 721 86
32 7211 86
32 722 21
32 7224 16
32 8111 6
32 811192 10
32 8112 4
32 8113 6
32 8114 4
32 8121 6
32 812111 3
32 812112 6
32 8122 8
32 8123 18
32 8129 7
32 813 9
32 8131 10
32 8139 9
32 81393 10
32 814 7
32 92 20
32 9211 20
32 92113 20
32 92119 20
32 923 20
32 928 20
33 111 5
33 112 5
33 113 5
33 1133 6
33 114 1
33 115 5
33 211 7
33 2121 8
33 2122 8
33 2123 8
33 213 4
33 22 26
33 221 26
33 2211 25
33 2212 63
33 2213 10
33 22132 4
33 23 7
33 3 39
33 31 39
33 311 26
33 3113 58
33 3114 10
33 3115 73
33 3116 24
33 3118 14
33 311811 7
33 3121 19
33 3122 19
33 3131 82
33 3132 83
33 3133 86
33 314 6
33 31411 6
33 315 10
33 316 16
33 3162 18
33 3211 19
33 3212 13
33 3219 18
33 32199 15
33 3221 86
33 3222 32
33 32221 12
33 3231 16
33 3241 6
33 32411 6
33 325 35
33 3252 23
33 3253 5
33 3254 86
33 3255 27
33 3256 14
33 3261 48
33 3262 86
33 32621 86
33 327 22
33 32711 15
33 327120 11
33 3272 37
33 3279 19
33 33 20
33 331 80
33 3313 73
33 3314 86
33 3315 86
33 332 35
33 3321 20
33 3322 35
33 3327 18
33 3328 18
33 33299 86
33 333 57
33 3331 9
33 33311 8
33 3333 79
33 3335 25
33 3336 86
33 334 60
33 3341 86
33 3345 73
33 335 71
33 3352 71
33 336 85
33 33641 86
33 3365 85
33 3366 28
33 3369 13
33 337 18
33 3391 61
33 3399 26
33 4 17
33 42 14
33 4231 13
33 4232 9
33 4233 12
33 4234 19
33 4235 13
33 4236 13
33 4237 13
33 4238 13
33 4239 12
33 42393 14
33 424 19
33 4241 10
33 4243 38
33 4244 24
33 4245 19
33 4247 17
33 4248 56
33 4249 15
33 42491 7
33 4251 5
33 4411 26
33 4412 12
33 4413 10
33 442 11
33 443141 6
33 443142 15
33 4441 24
33 44413 9
33 4442 9
33 44511 86
33 44512 4
33 4452 8
33 4453 9
33 446 10
33 44611 15
33 447 8
33 4481 14
33 44821 9
33 4483 6
33 4511 10
33 45113 10
33 45114 7
33 45121 8
33 45221 86
33 4523 47
33 4531 5
33 45321 18
33 45322 6
33 4533 8
33 4539 7
33 454110 14
33 4542 5
33 454310 17
33 45439 4
33 481 26
33 482 18
33 483 18
33 484 9
33 485 29
33 4853 14
33 486 2
33 487 8
33 488 12
33 491 20
33 492 47
33 493 32
33 5111 20
33 51111 21
33 5112 38
33 5121 15
33 5122 4
33 515 14
33 517 17
33 517311 24
33 5182 30
33 5191 7
33 51912 6
33 51913 6
33 52 14
33 522 12
33 5221 12
33 5241 43
33 5242 8
33 53 5
33 531 5
33 5313 8
33 532 9
33 5321 14
33 5411 6
33 5412 8
33 5413 17
33 5414 4
33 5415 10
33 5416 6
33 5417 18
33 5418 15
33 5419 9
33 54194 11
33 55 41
33 561 25
33 5613 86
33 5614 18
33 5615 8
33 5616 23
33 5617 6
33 56173 5
33 562 12
33 611 41
33 6111 49
33 621 14
33 6211 13
33 6212 8
33 6213 6
33 62131 3
33 62132 8
33 6214 43
33 6216 46
33 622 86
33 6222 86
33 623 49
33 6231 72
33 6241 27
33 6242 9
33 6243 16
33 6244 12
33 711 8
33 7111 6
33 7112 11
33 7115 3
33 712 7
33 713 18
33 71395 13
33 721 16
33 7211 21
33 722 17
33 7224 20
33 8111 5
33 811192 6
33 8112 5
33 8113 6
33 8114 4
33 8121 6
33 812111 6
33 812112 6
33 8122 4
33 8123 14
33 8129 6
33 813 7
33 8131 6
33 8139 6
33 81393 8
33 814 6
33 92 20
33 9211 20
33 92113 20
33 92119 20
33 923 20
33 928 20
34 111 4
34 112 4
34 113 3
34 1133 3
34 114 4
34 115 4
34 211 18
34 2121 19
34 2122 19
34 2123 20
34 213 13
34 22 52
34 221 52
34 2211 53
34 2212 85
34 2213 31
34 22132 15
34 23 8
34 3 31
34 31 31
34 311 34
34 3113 28
34 3114 54
34 3115 43
34 3116 43
34 3118 25
34 311811 11
34 3121 27
34 3122 27
34 3131 9
34 3132 19
34 3133 21
34 314 17
34 31411 20
34 315 26
34 316 8
34 3162 8
34 3211 5
34 3212 37
34 3219 15
34 32199 10
34 3221 86
34 3222 56
34 32221 64
34 3231 18
34 3241 48
34 32411 86
34 325 57
34 3252 32
34 3253 19
34 3254 80
34 3255 19
34 3256 68
34 3261 56
34 3262 39
34 32621 24
34 327 29
34 32711 20
34 327120 6
34 3272 55
34 3279 20
34 33 20
34 331 56
34 3313 86
34 3314 42
34 3315 73
34 332 21
34 3321 28
34 3322 30
34 3327 12
34 3328 18
34 33299 32
34 333 27
34 3331 10
34 33311 18
34 3333 38
34 3335 14
34 3336 38
34 334 52
34 3341 11
34 3345 81
34 335 37
34 3352 3
34 336 30
34 33641 52
34 3365 50
34 3366 61
34 3369 5
34 337 16
34 3391 38
34 3399 16
34 4 15
34 42 21
34 4231 22
34 4232 13
34 4233 21
34 4234 27
34 4235 13
34 4236 25
34 4237 14
34 4238 13
34 4239 12
34 42393 17
34 424 27
34 4241 18
34 4243 14
34 4244 25
34 4245 4
34 4247 15
34 4248 46
34 4249 15
34 42491 9
34 4251 10
34 4411 30
34 4412 11
34 4413 9
34 442 11
34 443141 8
34 443142 12
34 4441 22
34 44413 7
34 4442 7
34 44511 31
34 44512 7
34 4452 7
34 4453 6
34 446 11
34 44611 14
34 447 9
34 4481 15
34 44821 10
34 4483 5
34 4511 11
34 45113 8
34 45114 8
34 45121 9
34 45221 86
34 4523 45
34 4531 4
34 45321 15
34 45322 8
34 4533 10
34 4539 6
34 454110 19
34 4542 9
34 454310 12
34 45439 5
34 481 86
34 482 25
34 483 22
34 484 11
34 485 26
34 4853 9
34 486 10
34 487 7
34 488 19
34 491 20
34 492 84
34 493 58
34 5111 24
34 51111 26
34 5112 25
34 5121 12
34 5122 4
34 515 49
34 517 24
34 517311 32
34 5182 30
34 5191 10
34 51912 11
34 51913 10
34 52 17
34 522 16
34 5221 17
34 5241 62
34 5242 11
34 53 6
34 531 5
34 5313 7
34 532 14
34 5321 15
34 5411 7
34 5412 10
34 5413 14
34 5414 3
34 5415 16
34 5416 8
34 5417 67
34 5418 14
34 5419 9
34 54194 15
34 55 86
34 561 25
34 5613 86
34 5614 16
34 5615 6
34 5616 40
34 5617 8
34 56173 4
34 562 19
34 611 28
34 6111 53
34 621 12
34 6211 10
34 6212 7
34 6213 6
34 62131 4
34 62132 5
34 6214 23
34 6216 62
34 622 86
34 6222 86
34 623 44
34 6231 86
34 6241 28
34 6242 15
34 6243 43
34 6244 16
34 711 12
34 7111 11
34 7112 29
34 7115 3
34 712 14
34 713 19
34 71395 22
34 721 40
34 7211 45
34 722 14
34 7224 9
34 8111 5
34 811192 9
34 8112 8
34 8113 8
34 8114 4
34 8121 6
34 812111 3
34 812112 6
34 8122 6
34 8123 7
34 8129 8
34 813 8
34 8131 9
34 8139 6
34 81393 7
34 814 7
34 92 20
34 9211 20
34 92113 20
34 92119 20
34 923 20
34 928 20
35 111 4
35 112 4
35 113 2
35 1133 2
35 114 4
35 115 4
35 211 26
35 2121 86
35 2122 86
35 2123 27
35 213 25
35 22 20
35 221 20
35 2211 38
35 2212 23
35 2213 6
35 22132 18
35 23 10
35 3 20
35 31 20
35 311 30
35 3113 8
35 3114 41
35 3115 86
35 3116 10
35 3118 22
35 311811 6
35 3121 12
35 3122 12
35 3131 3
35 3132 1
35 3133 5
35 314 16
35 31411 1
35 315 4
35 316 3
35 3162 3
35 3211 8
35 3212 13
35 3219 22
35 32199 33
35 3221 45
35 3222 33
35 32221 38
35 3231 6
35 3241 56
35 32411 56
35 325 35
35 3252 35
35 3253 10
35 3254 38
35 3255 35
35 3256 13
35 3261 38
35 3262 9
35 32621 9
35 327 20
35 32711 5
35 327120 9
35 3272 11
35 3279 15
35 33 20
35 331 38
35 3313 38
35 3314 63
35 3315 3
35 332 11
35 3321 25
35 3322 5
35 3327 8
35 3328 12
35 33299 5
35 333 28
35 3331 51
35 33311 13
35 3333 15
35 3335 16
35 3336 7
35 334 56
35 3341 1
35 3345 36
35 335 42
35 3352 42
35 336 14
35 33641 22
35 3365 14
35 3366 14
35 3369 14
35 337 8
35 3391 17
35 3399 11
35 4 15
35 42 12
35 4231 13
35 4232 8
35 4233 12
35 4234 8
35 4235 8
35 4236 13
35 4237 8
35 4238 11
35 4239 8
35 42393 11
35 424 16
35 4241 11
35 4243 3
35 4244 24
35 4245 11
35 4247 8
35 4248 57
35 4249 11
35 42491 8
35 4251 7
35 4411 24
35 4412 11
35 4413 10
35 442 9
35 443141 10
35 443142 12
35 4441 21
35 44413 10
35 4442 9
35 44511 56
35 44512 4
35 4452 6
35 4453 8
35 446 13
35 44611 19
35 447 11
35 4481 12
35 44821 7
35 4483 5
35 4511 10
35 45113 7
35 45114 7
35 45121 6
35 45221 86
35 4523 46
35 4531 4
35 45321 10
35 45322 5
35 4533 8
35 4539 5
35 454110 5
35 4542 11
35 454310 6
35 45439 4
35 481 22
35 482 14
35 483 2
35 484 11
35 485 28
35 4853 8
35 486 11
35 487 13
35 488 8
35 491 20
35 492 29
35 493 19
35 5111 12
35 51111 18
35 5112 7
35 5121 13
35 5122 2
35 515 14
35 517 14
35 517311 12
35 5182 11
35 5191 5
35 51912 4
35 51913 3
35 52 9
35 522 9
35 5221 14
35 5241 33
35 5242 6
35 53 4
35 531 3
35 5313 4
35 532 8
35 5321 9
35 5411 5
35 5412 6
35 5413 12
35 5414 2
35 5415 9
35 5416 5
35 5417 86
35 5418 5
35 5419 8
35 54194 10
35 55 31
35 561 20
35 5613 51
35 5614 41
35 5615 16
35 5616 23
35 5617 9
35 56173 8
35 562 16
35 611 15
35 6111 40
35 621 12
35 6211 10
35 6212 8
35 6213 6
35 62131 3
35 62132 7
35 6214 20
35 6216 49
35 622 86
35 6222 86
35 623 37
35 6231 78
35 6241 33
35 6242 14
35 6243 39
35 6244 15
35 711 12
35 7111 10
35 7112 76
35 7115 2
35 712 11
35 713 22
35 71395 19
35 721 26
35 7211 28
35 722 21
35 7224 13
35 8111 6
35 811192 12
35 8112 8
35 8113 8
35 8114 3
35 8121 5
35 812111 3
35 812112 5
35 8122 8
35 8123 12
35 8129 5
35 813 7
35 8131 8
35 8139 5
35 81393 6
35 814 7
35 92 20
35 9211 20
35 92113 20
35 92119 20
35 923 20
35 928 20
36 111 5
36 112 5
36 113 3
36 1133 3
36 114 2
36 115 6
36 211 5
36 2121 17
36 2122 17
36 2123 16
36 213 10
36 22 56
36 221 56
36 2211 67
36 2212 45
36 2213 10
36 22132 17
36 23 8
36 3 28
36 31 28
36 311 25
36 3113 23
36 3114 64
36 3115 71
36 3116 21
36 3118 16
36 311811 9
36 3121 17
36 3122 29
36 3131 4
36 3132 55
36 3133 10
36 314 13
36 31411 10
36 315 9
36 316 12
36 3162 8
36 3211 18
36 3212 38
36 3219 15
36 32199 15
36 3221 86
36 3222 64
36 32221 76
36 3231 13
36 3241 10
36 32411 10
36 325 75
36 3252 39
36 3253 20
36 3254 86
36 3255 18
36 3256 53
36 3261 54
36 3262 70
36 32621 86
36 327 25
36 32711 34
36 327120 43
36 3272 38
36 3279 22
36 33 20
36 331 69
36 3313 86
36 3314 71
36 3315 35
36 332 23
36 3321 29
36 3322 29
36 3327 17
36 3328 20
36 33299 32
36 333 48
36 3331 49
36 33311 56
36 3333 33
36 3335 26
36 3336 86
36 334 73
36 3341 86
36 3345 66
36 335 44
36 3352 86
36 336 76
36 33641 86
36 3365 86
36 3366 15
36 3369 7
36 337 13
36 3391 22
36 3399 14
36 4 12
36 42 12
36 4231 12
36 4232 11
36 4233 12
36 4234 17
36 4235 11
36 4236 12
36 4237 11
36 4238 11
36 4239 7
36 42393 12
36 424 15
36 4241 12
36 4243 12
36 4244 16
36 4245 11
36 4247 15
36 4248 39
36 4249 8
36 42491 10
36 4251 4
36 4411 28
36 4412 9
36 4413 8
36 442 9
36 443141 9
36 443142 11
36 4441 17
36 44413 7
36 4442 8
36 44511 19
36 44512 4
36 4452 6
36 4453 4
36 446 10
36 44611 12
36 447 7
36 4481 15
36 44821 11
36 4483 5
36 4511 10
36 45113 7
36 45114 7
36 45121 7
36 45221 86
36 4523 32
36 4531 4
36 45321 12
36 45322 6
36 4533 6
36 4539 6
36 454110 9
36 4542 12
36 454310 12
36 45439 4
36 481 86
36 482 20
36 483 23
36 484 9
36 485 23
36 4853 5
36 486 8
36 487 10
36 488 15
36 491 20
36 492 42
36 493 39
36 5111 39
36 51111 35
36 5112 26
36 5121 11
36 5122 9
36 515 86
36 517 16
36 517311 26
36 5182 35
36 5191 39
36 51912 16
36 51913 57
36 52 21
36 522 21
36 5221 23
36 5241 64
36 5242 9
36 53 6
36 531 5
36 5313 7
36 532 10
36 5321 11
36 5411 9
36 5412 11
36 5413 12
36 5414 4
36 5415 12
36 5416 8
36 5417 40
36 5418 22
36 5419 9
36 54194 14
36 55 62
36 561 27
36 5613 86
36 5614 22
36 5615 7
36 5616 48
36 5617 8
36 56173 4
36 562 15
36 611 51
36 6111 61
36 621 16
36 6211 10
36 6212 6
36 6213 5
36 62131 3
36 62132 5
36 6214 28
36 6216 86
36 622 86
36 6222 86
36 623 43
36 6231 86
36 6241 46
36 6242 20
36 6243 45
36 6244 13
36 711 9
36 7111 15
36 7112 33
36 7115 2
36 712 30
36 713 18
36 71395 17
36 721 34
36 7211 40
36 722 14
36 7224 9
36 8111 5
36 811192 8
36 8112 7
36 8113 6
36 8114 3
36 8121 5
36 812111 3
36 812112 5
36 8122 5
36 8123 5
36 8129 6
36 813 10
36 8131 10
36 8139 8
36 81393 15
36 814 7
36 92 20
36 9211 20
36 92113 20
36 92119 20
36 923 20
36 928 20
37 111 6
37 112 6
37 113 6
37 1133 6
37 114 2
37 115 6
37 211 10
37 2121 21
37 2122 21
37 2123 21
37 213 6
37 22 33
37 221 33
37 2211 37
37 2212 26
37 2213 9
37 22132 6
37 23 9
37 3 52
37 31 52
37 311 86
37 3113 22
37 3114 86
37 3115 67
37 3116 86
37 3118 33
37 311811 7
37 3121 20
37 3122 86
37 3131 86
37 3132 86
37 3133 56
37 314 28
37 31411 77
37 315 44
37 316 21
37 3162 21
37 3211 30
37 3212 66
37 3219 30
37 32199 28
37 3221 86
37 3222 85
37 32221 86
37 3231 16
37 3241 19
37 32411 19
37 325 86
37 3252 71
37 3253 47
37 3254 86
37 3255 62
37 3256 86
37 3261 80
37 3262 86
37 32621 86
37 327 27
37 32711 17
37 327120 60
37 3272 86
37 3279 26
37 33 20
37 331 86
37 3313 86
37 3314 86
37 3315 86
37 332 28
37 3321 47
37 3322 30
37 3327 13
37 3328 17
37 33299 56
37 333 65
37 3331 86
37 33311 86
37 3333 42
37 3335 23
37 3336 86
37 334 72
37 3341 33
37 3345 42
37 335 86
37 3352 86
37 336 86
37 33641 86
37 3365 46
37 3366 35
37 3369 7
37 337 46
37 3391 25
37 3399 18
37 4 15
37 42 17
37 4231 15
37 4232 14
37 4233 16
37 4234 20
37 4235 15
37 4236 26
37 4237 13
37 4238 15
37 4239 10
37 42393 15
37 424 22
37 4241 14
37 4243 26
37 4244 27
37 4245 7
37 4247 12
37 4248 50
37 4249 21
37 42491 28
37 4251 7
37 4411 24
37 4412 10
37 4413 10
37 442 9
37 443141 7
37 443142 13
37 4441 23
37 44413 8
37 4442 9
37 44511 52
37 44512 3
37 4452 6
37 4453 7
37 446 11
37 44611 15
37 447 7
37 4481 12
37 44821 10
37 4483 6
37 4511 11
37 45113 7
37 45114 6
37 45121 9
37 45221 86
37 4523 36
37 4531 4
37 45321 12
37 45322 5
37 4533 8
37 4539 5
37 454110 8
37 4542 11
37 454310 9
37 45439 4
37 481 86
37 482 21
37 483 13
37 484 12
37 485 17
37 4853 5
37 486 9
37 487 3
37 488 15
37 491 20
37 492 56
37 493 64
37 5111 15
37 51111 15
37 5112 45
37 5121 13
37 5122 3
37 515 22
37 517 22
37 517311 26
37 5182 37
37 5191 9
37 51912 7
37 51913 9
37 52 14
37 522 20
37 5221 25
37 5241 50
37 5242 6
37 53 4
37 531 4
37 5313 6
37 532 9
37 5321 10
37 5411 6
37 5412 8
37 5413 11
37 5414 3
37 5415 12
37 5416 7
37 5417 45
37 5418 10
37 5419 9
37 54194 13
37 55 53
37 561 22
37 5613 78
37 5614 28
37 5615 7
37 5616 33
37 5617 10
37 56173 7
37 562 16
37 611 34
37 6111 50
37 621 14
37 6211 15
37 6212 9
37 6213 6
37 62131 3
37 62132 7
37 6214 16
37 6216 40
37 622 86
37 6222 86
37 623 41
37 6231 80
37 6241 19
37 6242 15
37 6243 41
37 6244 14
37 711 13
37 7111 7
37 7112 30
37 7115 2
37 712 17
37 713 19
37 71395 25
37 721 22
37 7211 24
37 722 20
37 7224 9
37 8111 6
37 811192 11
37 8112 6
37 8113 7
37 8114 4
37 8121 5
37 812111 5
37 812112 5
37 8122 7
37 8123 9
37 8129 6
37 813 8
37 8131 8
37 8139 8
37 81393 7
37 814 7
37 92 20
37 9211 20
37 92113 20
37 92119 20
37 923 20
37 928 20
38 111 3
38 112 3
38 113 2
38 1133 2
38 114 3
38 115 4
38 211 42
38 2121 86
38 2122 46
38 2123 17
38 213 33
38 22 26
38 221 26
38 2211 35
38 2212 15
38 2213 3
38 22132 3
38 23 8
38 3 38
38 31 38
38 311 45
38 3113 86
38 3114 86
38 3115 62
38 3116 22
38 3118 46
38 311811 6
38 3121 14
38 3122 14
38 3131 38
38 3132 38
38 3133 38
38 314 16
38 31411 16
38 315 5
38 316 38
38 3162 38
38 3211 70
38 3212 42
38 3219 86
38 32199 7
38 3221 20
38 3222 20
38 32221 20
38 3231 14
38 3241 86
38 32411 86
38 325 73
38 3252 73
38 3253 73
38 3254 73
38 3255 73
38 3256 73
38 3261 61
38 3262 68
38 32621 68
38 327 16
38 32711 16
38 327120 16
38 3272 86
38 3279 8
38 33 20
38 331 39
38 3313 39
38 3314 39
38 3315 39
38 332 21
38 3321 72
38 3322 11
38 3327 14
38 3328 10
38 33299 17
38 333 85
38 3331 86
38 33311 58
38 3333 85
38 3335 85
38 3336 86
38 334 86
38 3341 86
38 3345 18
38 335 29
38 3352 29
38 336 63
38 33641 64
38 3365 63
38 3366 63
38 3369 63
38 337 18
38 3391 6
38 3399 9
38 4 15
38 42 13
38 4231 17
38 4232 11
38 4233 10
38 4234 11
38 4235 21
38 4236 17
38 4237 10
38 4238 14
38 4239 6
38 42393 8
38 424 12
38 4241 16
38 4243 11
38 4244 27
38 4245 10
38 4247 16
38 4248 28
38 4249 8
38 42491 8
38 4251 9
38 4411 27
38 4412 11
38 4413 8
38 442 10
38 443141 6
38 443142 11
38 4441 15
38 44413 9
38 4442 8
38 44511 34
38 44512 3
38 4452 8
38 4453 10
38 446 9
38 44611 10
38 447 14
38 4481 10
38 44821 6
38 4483 5
38 4511 20
38 45113 9
38 45114 10
38 45121 11
38 45221 80
38 4523 54
38 4531 5
38 45321 7
38 45322 6
38 4533 9
38 4539 7
38 454110 25
38 4542 7
38 454310 8
38 45439 4
38 481 16
38 482 12
38 483 1
38 484 10
38 485 22
38 4853 13
38 486 14
38 487 11
38 488 10
38 491 20
38 492 27
38 493 44
38 5111 13
38 51111 15
38 5112 82
38 5121 11
38 5122 15
38 515 22
38 517 19
38 517311 27
38 5182 20
38 5191 4
38 51912 6
38 51913 3
38 52 11
38 522 16
38 5221 17
38 5241 35
38 5242 5
38 53 5
38 531 4
38 5313 7
38 532 10
38 5321 8
38 5411 5
38 5412 7
38 5413 16
38 5414 2
38 5415 18
38 5416 5
38 5417 12
38 5418 10
38 5419 7
38 54194 10
38 55 37
38 561 13
38 5613 48
38 5614 20
38 5615 8
38 5616 13
38 5617 6
38 56173 4
38 562 7
38 611 24
38 6111 32
38 621 14
38 6211 28
38 6212 8
38 6213 5
38 62131 3
38 62132 8
38 6214 36
38 6216 27
38 622 86
38 6222 86
38 623 55
38 6231 86
38 6241 22
38 6242 9
38 6243 66
38 6244 11
38 711 16
38 7111 11
38 7112 10
38 7115 2
38 712 5
38 713 13
38 71395 15
38 721 20
38 7211 22
38 722 17
38 7224 8
38 8111 5
38 811192 8
38 8112 5
38 8113 6
38 8114 2
38 8121 5
38 812111 6
38 812112 5
38 8122 4
38 8123 14
38 8129 5
38 813 6
38 8131 6
38 8139 5
38 81393 6
38 814 6
38 92 20
38 9211 20
38 92113 20
38 92119 20
38 923 20
38 928 20
39 111 4
39 112 4
39 113 4
39 1133 4
39 114 4
39 115 4
39 211 10
39 2121 40
39 2122 20
39 2123 16
39 213 20
39 22 32
39 221 32
39 2211 36
39 2212 34
39 2213 9
39 22132 6
39 23 10
39 3 50
39 31 50
39 311 61
39 3113 36
39 3114 86
39 3115 86
39 3116 86
39 3118 29
39 311811 9
39 3121 26
39 3122 26
39 3131 3
39 3132 35
39 3133 25
39 314 16
39 31411 33
39 315 14
39 316 33
39 3162 33
39 3211 15
39 3212 41
39 3219 22
39 32199 19
39 3221 72
39 3222 69
39 32221 70
39 3231 22
39 3241 38
39 32411 86
39 325 63
39 3252 60
39 3253 61
39 3254 81
39 3255 68
39 3256 86
39 3261 79
39 3262 79
39 32621 82
39 327 41
39 32711 49
39 327120 61
39 3272 86
39 3279 37
39 33 20
39 331 86
39 3313 86
39 3314 86
39 3315 86
39 332 30
39 3321 54
39 3322 50
39 3327 20
39 3328 30
39 33299 31
39 333 50
39 3331 67
39 33311 85
39 3333 40
39 3335 28
39 3336 73
39 334 56
39 3341 27
39 3345 60
39 335 86
39 3352 86
39 336 86
39 33641 86
39 3365 78
39 3366 12
39 3369 37
39 337 22
39 3391 36
39 3399 24
39 4 16
39 42 18
39 4231 23
39 4232 20
39 4233 14
39 4234 21
39 4235 18
39 4236 19
39 4237 16
39 4238 17
39 4239 15
39 42393 15
39 424 22
39 4241 16
39 4243 24
39 4244 33
39 4245 10
39 4247 14
39 4248 60
39 4249 13
39 42491 11
39 4251 7
39 4411 28
39 4412 13
39 4413 9
39 442 10
39 443141 8
39 443142 11
39 4441 22
39 44413 8
39 4442 9
39 44511 45
39 44512 4
39 4452 8
39 4453 5
39 446 12
39 44611 17
39 447 10
39 4481 14
39 44821 9
39 4483 6
39 4511 12
39 45113 13
39 45114 8
39 45121 9
39 45221 86
39 4523 39
39 4531 5
39 45321 11
39 45322 8
39 4533 12
39 4539 6
39 454110 18
39 4542 41
39 454310 8
39 45439 5
39 481 86
39 482 26
39 483 39
39 484 14
39 485 23
39 4853 14
39 486 22
39 487 7
39 488 18
39 491 20
39 492 69
39 493 71
39 5111 53
39 51111 24
39 5112 37
39 5121 13
39 5122 4
39 515 27
39 517 15
39 517311 20
39 5182 25
39 5191 33
39 51912 11
39 51913 39
39 52 16
39 522 17
39 5221 19
39 5241 84
39 5242 8
39 53 6
39 531 5
39 5313 9
39 532 9
39 5321 12
39 5411 6
39 5412 9
39 5413 15
39 5414 5
39 5415 14
39 5416 9
39 5417 44
39 5418 11
39 5419 15
39 54194 12
39 55 72
39 561 31
39 5613 86
39 5614 33
39 5615 10
39 5616 33
39 5617 10
39 56173 6
39 562 18
39 611 37
39 6111 44
39 621 15
39 6211 16
39 6212 8
39 6213 7
39 62131 4
39 62132 6
39 6214 22
39 6216 45
39 622 86
39 6222 86
39 623 44
39 6231 86
39 6241 23
39 6242 13
39 6243 58
39 6244 14
39 711 21
39 7111 20
39 7112 78
39 7115 4
39 712 27
39 713 20
39 71395 16
39 721 20
39 7211 23
39 722 20
39 7224 7
39 8111 6
39 811192 8
39 8112 8
39 8113 11
39 8114 4
39 8121 7
39 812111 4
39 812112 7
39 8122 6
39 8123 11
39 8129 7
39 813 8
39 8131 8
39 8139 8
39 81393 11
39 814 7
39 92 20
39 9211 20
39 92113 20
39 92119 20
39 923 20
39 928 20
40 111 5
40 112 5
40 113 7
40 1133 7
40 114 5
40 115 5
40 211 12
40 2121 15
40 2122 19
40 2123 20
40 213 19
40 22 26
40 221 26
40 2211 28
40 2212 46
40 2213 6
40 22132 12
40 23 9
40 3 40
40 31 40
40 311 57
40 3113 4
40 3114 10
40 3115 86
40 3116 86
40 3118 20
40 311811 5
40 3121 20
40 3122 19
40 3131 3
40 3132 3
40 3133 3
40 314 14
40 31411 24
40 315 10
40 316 11
40 3162 11
40 3211 29
40 3212 22
40 3219 13
40 32199 17
40 3221 86
40 3222 58
40 32221 43
40 3231 12
40 3241 64
40 32411 86
40 325 30
40 3252 49
40 3253 86
40 3254 28
40 3255 28
40 3256 11
40 3261 59
40 3262 86
40 32621 86
40 327 26
40 32711 34
40 327120 83
40 3272 86
40 3279 13
40 33 20
40 331 86
40 3313 17
40 3314 73
40 3315 76
40 332 28
40 3321 25
40 3322 11
40 3327 13
40 3328 21
40 33299 30
40 333 73
40 3331 60
40 33311 11
40 3333 79
40 3335 21
40 3336 75
40 334 40
40 3341 86
40 3345 31
40 335 84
40 3352 86
40 336 78
40 33641 86
40 3365 46
40 3366 86
40 3369 6
40 337 15
40 3391 10
40 3399 18
40 4 14
40 42 13
40 4231 19
40 4232 10
40 4233 11
40 4234 12
40 4235 15
40 4236 17
40 4237 11
40 4238 13
40 4239 10
40 42393 14
40 424 17
40 4241 11
40 4243 17
40 4244 25
40 4245 10
40 4247 13
40 4248 72
40 4249 12
40 42491 9
40 4251 6
40 4411 26
40 4412 11
40 4413 8
40 442 12
40 443141 9
40 443142 14
40 4441 18
40 44413 8
40 4442 8
40 44511 38
40 44512 4
40 4452 6
40 4453 4
40 446 10
40 44611 13
40 447 9
40 4481 12
40 44821 8
40 4483 7
40 4511 12
40 45113 8
40 45114 7
40 45121 8
40 45221 83
40 4523 40
40 4531 4
40 45321 10
40 45322 6
40 4533 9
40 4539 5
40 454110 13
40 4542 13
40 454310 6
40 45439 4
40 481 86
40 482 19
40 483 19
40 484 13
40 485 14
40 4853 5
40 486 15
40 487 19
40 488 12
40 491 20
40 492 44
40 493 49
40 5111 11
40 51111 13
40 5112 20
40 5121 12
40 5122 2
40 515 21
40 517 18
40 517311 21
40 5182 29
40 5191 7
40 51912 8
40 51913 7
40 52 9
40 522 12
40 5221 17
40 5241 36
40 5242 4
40 53 5
40 531 4
40 5313 5
40 532 9
40 5321 10
40 5411 5
40 5412 8
40 5413 9
40 5414 3
40 5415 11
40 5416 7
40 5417 21
40 5418 10
40 5419 11
40 54194 9
40 55 84
40 561 26
40 5613 86
40 5614 19
40 5615 17
40 5616 23
40 5617 8
40 56173 6
40 562 12
40 611 27
40 6111 48
40 621 10
40 6211 9
40 6212 7
40 6213 5
40 62131 3
40 62132 6
40 6214 17
40 6216 29
40 622 86
40 6222 86
40 623 41
40 6231 67
40 6241 17
40 6242 9
40 6243 40
40 6244 12
40 711 11
40 7111 12
40 7112 40
40 7115 2
40 712 16
40 713 30
40 71395 16
40 721 21
40 7211 23
40 722 19
40 7224 8
40 8111 5
40 811192 7
40 8112 6
40 8113 7
40 8114 3
40 8121 5
40 812111 7
40 812112 5
40 8122 7
40 8123 12
40 8129 7
40 813 8
40 8131 9
40 8139 6
40 81393 7
40 814 7
40 92 20
40 9211 20
40 92113 20
40 92119 20
40 923 20
40 928 20
41 111 10
41 112 10
41 113 8
41 1133 8
41 114 2
41 115 14
41 211 11
41 2121 12
41 2122 4
41 2123 12
41 213 7
41 22 30
41 221 30
41 2211 40
41 2212 45
41 2213 4
41 22132 2
41 23 8
41 3 33
41 31 33
41 311 39
41 3113 16
41 3114 86
41 3115 69
41 3116 38
41 3118 23
41 311811 8
41 3121 15
41 3122 15
41 3131 5
41 3132 21
41 3133 4
41 314 11
41 31411 17
41 315 23
41 316 15
41 3162 42
41 3211 59
41 3212 86
41 3219 37
41 32199 26
41 3221 86
41 3222 46
41 32221 55
41 3231 14
41 3241 25
41 32411 25
41 325 23
41 3252 27
41 3253 15
41 3254 26
41 3255 27
41 3256 14
41 3261 45
41 3262 33
41 32621 22
41 327 22
41 32711 6
41 327120 55
41 3272 33
41 3279 26
41 33 20
41 331 86
41 3313 86
41 3314 86
41 3315 86
41 332 18
41 3321 17
41 3322 71
41 3327 12
41 3328 17
41 33299 20
41 333 42
41 3331 31
41 33311 25
41 3333 50
41 3335 15
41 3336 32
41 334 86
41 3341 60
41 3345 70
41 335 45
41 3352 45
41 336 49
41 33641 76
41 3365 49
41 3366 38
41 3369 14
41 337 20
41 3391 22
41 3399 13
41 4 15
41 42 15
41 4231 18
41 4232 11
41 4233 15
41 4234 15
41 4235 18
41 4236 24
41 4237 13
41 4238 14
41 4239 11
41 42393 21
41 424 19
41 4241 11
41 4243 24
41 4244 27
41 4245 8
41 4247 18
41 4248 32
41 4249 12
41 42491 11
41 4251 5
41 4411 28
41 4412 13
41 4413 10
41 442 9
41 443141 9
41 443142 12
41 4441 18
41 44413 10
41 4442 10
41 44511 44
41 44512 5
41 4452 9
41 4453 6
41 446 10
41 44611 14
41 447 13
41 4481 14
41 44821 11
41 4483 6
41 4511 10
41 45113 12
41 45114 7
41 45121 11
41 45221 86
41 4523 78
41 4531 5
41 45321 10
41 45322 6
41 4533 11
41 4539 7
41 454110 8
41 4542 10
41 454310 7
41 45439 4
41 481 82
41 482 19
41 483 26
41 484 11
41 485 23
41 4853 9
41 486 9
41 487 7
41 488 14
41 491 20
41 492 47
41 493 42
41 5111 12
41 51111 16
41 5112 27
41 5121 9
41 5122 4
41 515 21
41 517 13
41 517311 13
41 5182 27
41 5191 9
41 51912 7
41 51913 9
41 52 11
41 522 14
41 5221 16
41 5241 40
41 5242 6
41 53 5
41 531 4
41 5313 7
41 532 8
41 5321 10
41 5411 5
41 5412 6
41 5413 11
41 5414 5
41 5415 9
41 5416 5
41 5417 36
41 5418 11
41 5419 10
41 54194 13
41 55 84
41 561 18
41 5613 69
41 5614 23
41 5615 9
41 5616 26
41 5617 7
41 56173 6
41 562 17
41 611 23
41 6111 29
41 621 11
41 6211 13
41 6212 8
41 6213 6
41 62131 4
41 62132 7
41 6214 26
41 6216 36
41 622 86
41 6222 86
41 623 19
41 6231 74
41 6241 15
41 6242 15
41 6243 25
41 6244 9
41 711 8
41 7111 16
41 7112 20
41 7115 2
41 712 14
41 713 18
41 71395 20
41 721 21
41 7211 24
41 722 15
41 7224 9
41 8111 6
41 811192 7
41 8112 7
41 8113 9
41 8114 3
41 8121 5
41 812111 5
41 812112 5
41 8122 6
41 8123 11
41 8129 6
41 813 8
41 8131 9
41 8139 6
41 81393 11
41 814 7
41 92 20
41 9211 20
41 92113 20
41 92119 20
41 923 20
41 928 20
42 111 5
42 112 5
42 113 4
42 1133 3
42 114 2
42 115 7
42 211 33
42 2121 28
42 2122 20
42 2123 14
42 213 29
42 22 33
42 221 33
42 2211 41
42 2212 34
42 2213 16
42 22132 9
42 23 9
42 3 42
42 31 42
42 311 59
42 3113 64
42 3114 86
42 3115 85
42 3116 86
42 3118 27
42 311811 10
42 3121 26
42 3122 30
42 3131 22
42 3132 49
42 3133 27
42 314 19
42 31411 86
42 315 20
42 316 15
42 3162 56
42 3211 16
42 3212 43
42 3219 22
42 32199 24
42 3221 86
42 3222 86
42 32221 73
42 3231 25
42 3241 37
42 32411 86
42 325 66
42 3252 56
42 3253 25
42 3254 86
42 3255 44
42 3256 73
42 3261 68
42 3262 59
42 32621 60
42 327 27
42 32711 20
42 327120 54
42 3272 64
42 3279 21
42 33 20
42 331 86
42 3313 86
42 3314 74
42 3315 62
42 332 29
42 3321 71
42 3322 42
42 3327 18
42 3328 24
42 33299 24
42 333 41
42 3331 56
42 33311 27
42 3333 40
42 3335 23
42 3336 72
42 334 59
42 3341 57
42 3345 67
42 335 86
42 3352 86
42 336 86
42 33641 86
42 3365 86
42 3366 79
42 3369 86
42 337 26
42 3391 34
42 3399 20
42 4 16
42 42 18
42 4231 21
42 4232 17
42 4233 16
42 4234 21
42 4235 17
42 4236 20
42 4237 13
42 4238 16
42 4239 11
42 42393 14
42 424 26
42 4241 16
42 4243 16
42 4244 35
42 4245 6
42 4247 15
42 4248 27
42 4249 17
42 42491 17
42 4251 8
42 4411 27
42 4412 10
42 4413 9
42 442 9
42 443141 8
42 443142 11
42 4441 20
42 44413 10
42 4442 8
42 44511 46
42 44512 6
42 4452 8
42 4453 5
42 446 11
42 44611 14
42 447 11
42 4481 15
42 44821 9
42 4483 6
42 4511 11
42 45113 11
42 45114 8
42 45121 9
42 45221 86
42 4523 39
42 4531 5
42 45321 13
42 45322 8
42 4533 11
42 4539 6
42 454110 20
42 4542 15
42 454310 10
42 45439 5
42 481 86
42 482 27
42 483 27
42 484 13
42 485 35
42 4853 11
42 486 14
42 487 13
42 488 18
42 491 20
42 492 67
42 493 86
42 5111 31
42 51111 34
42 5112 39
42 5121 12
42 5122 4
42 515 30
42 517 16
42 517311 22
42 5182 24
42 5191 13
42 51912 11
42 51913 18
42 52 17
42 522 13
42 5221 14
42 5241 67
42 5242 9
42 53 6
42 531 5
42 5313 7
42 532 11
42 5321 13
42 5411 8
42 5412 12
42 5413 16
42 5414 4
42 5415 13
42 5416 8
42 5417 32
42 5418 13
42 5419 9
42 54194 13
42 55 76
42 561 21
42 5613 65
42 5614 25
42 5615 12
42 5616 44
42 5617 9
42 56173 5
42 562 17
42 611 70
42 6111 51
42 621 15
42 6211 15
42 6212 7
42 6213 6
42 62131 4
42 62132 6
42 6214 25
42 6216 63
42 622 86
42 6222 86
42 623 51
42 6231 86
42 6241 31
42 6242 13
42 6243 36
42 6244 13
42 711 25
42 7111 14
42 7112 51
42 7115 3
42 712 20
42 713 22
42 71395 15
42 721 29
42 7211 34
42 722 16
42 7224 7
42 8111 5
42 811192 7
42 8112 14
42 8113 10
42 8114 3
42 8121 6
42 812111 3
42 812112 6
42 8122 5
42 8123 9
42 8129 7
42 813 8
42 8131 7
42 8139 10
42 81393 12
42 814 7
42 92 20
42 9211 20
42 92113 20
42 92119 20
42 923 20
42 928 20
44 111 4
44 112 4
44 113 4
44 1133 4
44 114 3
44 115 6
44 211 11
44 2121 11
44 2122 11
44 2123 11
44 213 11
44 22 29
44 221 29
44 2211 31
44 2212 52
44 2213 16
44 22132 16
44 23 6
44 3 31
44 31 31
44 311 21
44 3113 5
44 3114 15
44 3115 18
44 3116 53
44 3118 16
44 311811 10
44 3121 17
44 3122 17
44 3131 13
44 3132 42
44 3133 42
44 314 11
44 31411 28
44 315 1
44 316 20
44 3162 20
44 3211 13
44 3212 14
44 3219 15
44 32199 8
44 3221 33
44 3222 33
44 32221 37
44 3231 15
44 3241 8
44 32411 8
44 325 55
44 3252 41
44 3253 55
44 3254 86
44 3255 18
44 3256 24
44 3261 46
44 3262 56
44 32621 56
44 327 12
44 32711 12
44 327120 12
44 3272 5
44 3279 17
44 33 20
44 331 45
44 3313 45
44 3314 55
44 3315 15
44 332 42
44 3321 26
44 3322 36
44 3327 17
44 3328 25
44 33299 32
44 333 25
44 3331 25
44 33311 25
44 3333 13
44 3335 13
44 3336 25
44 334 81
44 3341 86
44 3345 86
44 335 27
44 3352 27
44 336 21
44 33641 21
44 3365 21
44 3366 18
44 3369 21
44 337 26
44 3391 38
44 3399 26
44 4 13
44 42 16
44 4231 12
44 4232 16
44 4233 11
44 4234 14
44 4235 10
44 4236 32
44 4237 21
44 4238 11
44 4239 23
44 42393 22
44 424 16
44 4241 16
44 4243 11
44 4244 22
44 4245 14
44 4247 9
44 4248 18
44 4249 9
44 42491 9
44 4251 6
44 4411 21
44 4412 6
44 4413 9
44 442 10
44 443141 9
44 443142 12
44 4441 21
44 44413 10
44 4442 6
44 44511 45
44 44512 4
44 4452 6
44 4453 6
44 446 13
44 44611 19
44 447 7
44 4481 12
44 44821 9
44 4483 5
44 4511 8
44 45113 11
44 45114 5
44 45121 8
44 45221 86
44 4523 37
44 4531 4
44 45321 17
44 45322 6
44 4533 8
44 4539 6
44 454110 12
44 4542 1
44 454310 11
44 45439 5
44 481 35
44 482 17
44 483 7
44 484 10
44 485 26
44 4853 8
44 486 17
44 487 2
44 488 9
44 491 20
44 492 46
44 493 56
44 5111 18
44 51111 32
44 5112 30
44 5121 10
44 5122 2
44 515 28
44 517 14
44 517311 21
44 5182 11
44 5191 8
44 51912 11
44 51913 2
44 52 21
44 522 23
44 5221 27
44 5241 57
44 5242 18
44 53 5
44 531 4
44 5313 7
44 532 7
44 5321 8
44 5411 6
44 5412 6
44 5413 10
44 5414 4
44 5415 13
44 5416 6
44 5417 14
44 5418 8
44 5419 8
44 54194 12
44 55 86
44 561 14
44 5613 50
44 5614 8
44 5615 34
44 5616 33
44 5617 5
44 56173 3
44 562 10
44 611 72
44 6111 55
44 621 14
44 6211 14
44 6212 8
44 6213 6
44 62131 4
44 62132 8
44 6214 31
44 6216 68
44 622 86
44 6222 86
44 623 44
44 6231 86
44 6241 31
44 6242 12
44 6243 26
44 6244 14
44 711 22
44 7111 26
44 7112 11
44 7115 3
44 712 9
44 713 14
44 71395 25
44 721 34
44 7211 40
44 722 15
44 7224 9
44 8111 6
44 811192 6
44 8112 4
44 8113 8
44 8114 5
44 8121 4
44 812111 2
44 812112 4
44 8122 6
44 8123 10
44 8129 5
44 813 7
44 8131 6
44 8139 8
44 81393 8
44 814 6
44 92 20
44 9211 20
44 92113 20
44 92119 20
44 923 20
44 928 20
45 111 7
45 112 7
45 113 8
45 1133 8
45 114 5
45 115 6
45 211 19
45 2121 22
45 2122 86
45 2123 16
45 213 4
45 22 29
45 221 29
45 2211 33
45 2212 25
45 2213 6
45 22132 5
45 23 9
45 3 65
45 31 65
45 311 80
45 3113 16
45 3114 86
45 3115 58
45 3116 86
45 3118 28
45 311811 9
45 3121 16
45 3122 16
45 3131 86
45 3132 86
45 3133 86
45 314 32
45 31411 86
45 315 14
45 316 8
45 3162 8
45 3211 67
45 3212 70
45 3219 26
45 32199 26
45 3221 86
45 3222 86
45 32221 82
45 3231 17
45 3241 7
45 32411 7
45 325 86
45 3252 86
45 3253 14
45 3254 86
45 3255 43
45 3256 59
45 3261 86
45 3262 86
45 32621 86
45 327 30
45 32711 86
45 327120 41
45 3272 67
45 3279 20
45 33 20
45 331 86
45 3313 86
45 3314 79
45 3315 45
45 332 35
45 3321 36
45 3322 72
45 3327 14
45 3328 23
45 33299 86
45 333 75
45 3331 86
45 33311 86
45 3333 70
45 3335 36
45 3336 86
45 334 69
45 3341 56
45 3345 78
45 335 86
45 3352 86
45 336 86
45 33641 86
45 3365 86
45 3366 86
45 3369 86
45 337 16
45 3391 26
45 3399 19
45 4 14
45 42 15
45 4231 17
45 4232 16
45 4233 15
45 4234 15
45 4235 18
45 4236 18
45 4237 12
45 4238 14
45 4239 12
45 42393 15
45 424 20
45 4241 17
45 4243 23
45 4244 35
45 4245 4
45 4247 11
45 4248 54
45 4249 7
45 42491 9
45 4251 6
45 4411 23
45 4412 10
45 4413 9
45 442 8
45 443141 8
45 443142 12
45 4441 23
45 44413 9
45 4442 8
45 44511 53
45 44512 3
45 4452 7
45 4453 4
45 446 10
45 44611 15
45 447 8
45 4481 12
45 44821 9
45 4483 5
45 4511 12
45 45113 7
45 45114 6
45 45121 8
45 45221 86
45 4523 31
45 4531 4
45 45321 11
45 45322 6
45 4533 9
45 4539 5
45 454110 18
45 4542 14
45 454310 8
45 45439 4
45 481 27
45 482 26
45 483 7
45 484 15
45 485 13
45 4853 6
45 486 5
45 487 8
45 488 19
45 491 20
45 492 71
45 493 82
45 5111 13
45 51111 19
45 5112 43
45 5121 13
45 5122 1
45 515 22
45 517 23
45 517311 29
45 5182 30
45 5191 10
45 51912 21
45 51913 11
45 52 10
45 522 10
45 5221 15
45 5241 49
45 5242 6
45 53 4
45 531 4
45 5313 6
45 532 8
45 5321 11
45 5411 6
45 5412 6
45 5413 16
45 5414 3
45 5415 10
45 5416 11
45 5417 14
45 5418 7
45 5419 8
45 54194 12
45 55 49
45 561 46
45 5613 86
45 5614 31
45 5615 6
45 5616 36
45 5617 11
45 56173 7
45 562 28
45 611 25
45 6111 36
45 621 11
45 6211 13
45 6212 8
45 6213 5
45 62131 3
45 62132 5
45 6214 15
45 6216 30
45 622 86
45 6222 86
45 623 44
45 6231 86
45 6241 20
45 6242 10
45 6243 19
45 6244 14
45 711 12
45 7111 12
45 7112 14
45 7115 2
45 712 17
45 713 19
45 71395 37
45 721 26
45 7211 27
45 722 21
45 7224 11
45 8111 6
45 811192 10
45 8112 9
45 8113 11
45 8114 3
45 8121 5
45 812111 4
45 812112 5
45 8122 8
45 8123 11
45 8129 5
45 813 8
45 8131 8
45 8139 9
45 81393 5
45 814 7
45 92 20
45 9211 20
45 92113 20
45 92119 20
45 923 20
45 928 20
46 111 3
46 112 3
46 113 2
46 1133 2
46 114 3
46 115 3
46 211 10
46 2121 19
46 2122 19
46 2123 15
46 213 11
46 22 17
46 221 17
46 2211 15
46 2212 56
46 2213 8
46 22132 8
46 23 6
46 3 46
46 31 46
46 311 86
46 3113 12
46 3114 86
46 3115 86
46 3116 86
46 3118 64
46 311811 7
46 3121 12
46 3122 12
46 3131 86
46 3132 86
46 3133 86
46 314 32
46 31411 32
46 315 3
46 316 1
46 3162 1
46 3211 33
46 3212 44
46 3219 23
46 32199 19
46 3221 73
46 3222 73
46 32221 81
46 3231 17
46 3241 13
46 32411 13
46 325 36
46 3252 36
46 3253 5
46 3254 29
46 3255 36
46 3256 14
46 3261 43
46 3262 21
46 32621 8
46 327 19
46 32711 2
46 327120 2
46 3272 19
46 3279 22
46 33 20
46 331 86
46 3313 86
46 3314 86
46 3315 45
46 332 28
46 3321 23
46 3322 16
46 3327 12
46 3328 15
46 33299 25
46 333 64
46 3331 53
46 33311 35
46 3333 64
46 3335 27
46 3336 86
46 334 85
46 3341 85
46 3345 86
46 335 62
46 3352 62
46 336 71
46 33641 71
46 3365 71
46 3366 71
46 3369 6
46 337 45
46 3391 53
46 3399 57
46 4 14
46 42 12
46 4231 15
46 4232 10
46 4233 11
46 4234 12
46 4235 13
46 4236 16
46 4237 9
46 4238 12
46 4239 10
46 42393 12
46 424 12
46 4241 7
46 4243 7
46 4244 15
46 4245 12
46 4247 16
46 4248 44
46 4249 10
46 42491 9
46 4251 11
46 4411 24
46 4412 11
46 4413 9
46 442 8
46 443141 8
46 443142 7
46 4441 14
46 44413 9
46 4442 8
46 44511 47
46 44512 4
46 4452 8
46 4453 8
46 446 9
46 44611 12
46 447 11
46 4481 8
46 44821 7
46 4483 6
46 4511 14
46 45113 9
46 45114 8
46 45121 8
46 45221 80
46 4523 44
46 4531 4
46 45321 9
46 45322 5
46 4533 7
46 4539 5
46 454110 7
46 4542 6
46 454310 6
46 45439 4
46 481 10
46 482 8
46 483 8
46 484 6
46 485 17
46 4853 6
46 486 7
46 487 2
46 488 8
46 491 20
46 492 30
46 493 25
46 5111 10
46 51111 11
46 5112 24
46 5121 9
46 5122 8
46 515 17
46 517 18
46 517311 21
46 5182 12
46 5191 12
46 51912 12
46 51913 15
46 52 13
46 522 24
46 5221 20
46 5241 29
46 5242 4
46 53 4
46 531 3
46 5313 7
46 532 6
46 5321 5
46 5411 4
46 5412 7
46 5413 9
46 5414 3
46 5415 8
46 5416 4
46 5417 20
46 5418 8
46 5419 6
46 54194 9
46 55 54
46 561 9
46 5613 22
46 5614 22
46 5615 6
46 5616 10
46 5617 6
46 56173 4
46 562 8
46 611 33
46 6111 62
46 621 12
46 6211 17
46 6212 9
46 6213 5
46 62131 3
46 62132 6
46 6214 25
46 6216 36
46 622 86
46 6222 86
46 623 34
46 6231 50
46 6241 13
46 6242 6
46 6243 36
46 6244 14
46 711 10
46 7111 4
46 7112 6
46 7115 2
46 712 7
46 713 10
46 71395 13
46 721 15
46 7211 18
46 722 17
46 7224 9
46 8111 4
46 811192 8
46 8112 4
46 8113 4
46 8114 2
46 8121 6
46 812111 3
46 812112 6
46 8122 4
46 8123 10
46 8129 4
46 813 6
46 8131 6
46 8139 4
46 81393 5
46 814 5
46 92 20
46 9211 20
46 92113 20
46 92119 20
46 923 20
46 928 20
47 111 7
47 112 7
47 113 5
47 1133 5
47 114 1
47 115 10
47 211 4
47 2121 62
47 2122 86
47 2123 13
47 213 6
47 22 21
47 221 21
47 2211 23
47 2212 29
47 2213 11
47 22132 6
47 23 11
47 3 60
47 31 60
47 311 86
47 3113 86
47 3114 86
47 3115 86
47 3116 86
47 3118 57
47 311811 8
47 3121 26
47 3122 86
47 3131 86
47 3132 80
47 3133 46
47 314 18
47 31411 23
47 315 41
47 316 12
47 3162 48
47 3211 17
47 3212 30
47 3219 35
47 32199 39
47 3221 86
47 3222 72
47 32221 80
47 3231 21
47 3241 18
47 32411 18
47 325 86
47 3252 86
47 3253 16
47 3254 82
47 3255 37
47 3256 64
47 3261 76
47 3262 86
47 32621 86
47 327 38
47 32711 29
47 327120 86
47 3272 86
47 3279 18
47 33 20
47 331 86
47 3313 86
47 3314 65
47 3315 86
47 332 38
47 3321 50
47 3322 54
47 3327 16
47 3328 22
47 33299 86
47 333 66
47 3331 86
47 33311 86
47 3333 72
47 3335 25
47 3336 70
47 334 70
47 3341 53
47 3345 60
47 335 86
47 3352 86
47 336 86
47 33641 86
47 3365 86
47 3366 86
47 3369 15
47 337 38
47 3391 48
47 3399 21
47 4 14
47 42 18
47 4231 27
47 4232 15
47 4233 15
47 4234 20
47 4235 19
47 4236 19
47 4237 14
47 4238 14
47 4239 14
47 42393 16
47 424 24
47 4241 19
47 4243 40
47 4244 36
47 4245 11
47 4247 18
47 4248 60
47 4249 14
47 42491 14
47 4251 8
47 4411 24
47 4412 11
47 4413 10
47 442 9
47 443141 7
47 443142 13
47 4441 21
47 44413 9
47 4442 11
47 44511 42
47 44512 2
47 4452 7
47 4453 5
47 446 11
47 44611 15
47 447 6
47 4481 12
47 44821 10
47 4483 6
47 4511 12
47 45113 10
47 45114 9
47 45121 8
47 45221 86
47 4523 33
47 4531 4
47 45321 11
47 45322 7
47 4533 12
47 4539 6
47 454110 23
47 4542 13
47 454310 7
47 45439 5
47 481 66
47 482 35
47 483 86
47 484 27
47 485 18
47 4853 7
47 486 12
47 487 23
47 488 20
47 491 20
47 492 72
47 493 66
47 5111 19
47 51111 22
47 5112 19
47 5121 13
47 5122 8
47 515 24
47 517 16
47 517311 17
47 5182 19
47 5191 11
47 51912 8
47 51913 12
47 52 12
47 522 11
47 5221 13
47 5241 64
47 5242 7
47 53 6
47 531 5
47 5313 8
47 532 9
47 5321 11
47 5411 6
47 5412 12
47 5413 14
47 5414 4
47 5415 14
47 5416 10
47 5417 44
47 5418 10
47 5419 12
47 54194 12
47 55 65
47 561 38
47 5613 86
47 5614 51
47 5615 10
47 5616 51
47 5617 15
47 56173 7
47 562 18
47 611 47
47 6111 62
47 621 14
47 6211 15
47 6212 7
47 6213 7
47 62131 3
47 62132 6
47 6214 22
47 6216 40
47 622 86
47 6222 86
47 623 46
47 6231 86
47 6241 24
47 6242 10
47 6243 20
47 6244 13
47 711 10
47 7111 10
47 7112 50
47 7115 4
47 712 27
47 713 18
47 71395 21
47 721 21
47 7211 23
47 722 22
47 7224 14
47 8111 6
47 811192 8
47 8112 17
47 8113 11
47 8114 4
47 8121 7
47 812111 8
47 812112 7
47 8122 8
47 8123 10
47 8129 11
47 813 8
47 8131 9
47 8139 7
47 81393 7
47 814 8
47 92 20
47 9211 20
47 92113 20
47 92119 20
47 923 20
47 928 20
48 111 6
48 112 6
48 113 6
48 1133 6
48 114 3
48 115 7
48 211 21
48 2121 66
48 2122 10
48 2123 22
48 213 34
48 22 27
48 221 27
48 2211 35
48 2212 48
48 2213 8
48 22132 5
48 23 15
48 3 41
48 31 41
48 311 52
48 3113 41
48 3114 68
48 3115 86
48 3116 86
48 3118 23
48 311811 10
48 3121 26
48 3122 15
48 3131 25
48 3132 57
48 3133 16
48 314 13
48 31411 25
48 315 23
48 316 32
48 3162 84
48 3211 32
48 3212 51
48 3219 34
48 32199 42
48 3221 86
48 3222 54
48 32221 63
48 3231 13
48 3241 86
48 32411 86
48 325 63
48 3252 86
48 3253 29
48 3254 57
48 3255 37
48 3256 37
48 3261 64
48 3262 28
48 32621 23
48 327 30
48 32711 56
48 327120 74
48 3272 41
48 3279 27
48 33 20
48 331 79
48 3313 86
48 3314 86
48 3315 62
48 332 29
48 3321 48
48 3322 40
48 3327 15
48 3328 25
48 33299 40
48 333 50
48 3331 65
48 33311 24
48 3333 30
48 3335 15
48 3336 86
48 334 80
48 3341 65
48 3345 80
48 335 41
48 3352 34
48 336 86
48 33641 86
48 3365 86
48 3366 68
48 3369 6
48 337 26
48 3391 24
48 3399 16
48 4 16
48 42 16
48 4231 18
48 4232 14
48 4233 16
48 4234 15
48 4235 18
48 4236 21
48 4237 14
48 4238 15
48 4239 12
48 42393 14
48 424 20
48 4241 12
48 4243 12
48 4244 26
48 4245 10
48 4247 28
48 4248 69
48 4249 10
48 42491 9
48 4251 9
48 4411 30
48 4412 13
48 4413 10
48 442 11
48 443141 9
48 443142 13
48 4441 24
48 44413 9
48 4442 10
48 44511 63
48 44512 4
48 4452 8
48 4453 5
48 446 11
48 44611 15
48 447 9
48 4481 15
48 44821 11
48 4483 6
48 4511 16
48 45113 10
48 45114 9
48 45121 10
48 45221 86
48 4523 44
48 4531 5
48 45321 11
48 45322 7
48 4533 12
48 4539 6
48 454110 14
48 4542 9
48 454310 7
48 45439 5
48 481 86
48 482 25
48 483 37
48 484 14
48 485 30
48 4853 9
48 486 20
48 487 5
48 488 19
48 491 20
48 492 61
48 493 56
48 5111 16
48 51111 16
48 5112 49
48 5121 21
48 5122 4
48 515 25
48 517 20
48 517311 29
48 5182 41
48 5191 17
48 51912 5
48 51913 21
48 52 14
48 522 16
48 5221 19
48 5241 54
48 5242 8
48 53 6
48 531 5
48 5313 8
48 532 12
48 5321 11
48 5411 6
48 5412 9
48 5413 17
48 5414 4
48 5415 14
48 5416 8
48 5417 31
48 5418 12
48 5419 10
48 54194 12
48 55 71
48 561 36
48 5613 86
48 5614 39
48 5615 20
48 5616 41
48 5617 13
48 56173 10
48 562 19
48 611 27
48 6111 54
48 621 13
48 6211 10
48 6212 7
48 6213 7
48 62131 4
48 62132 6
48 6214 20
48 6216 54
48 622 86
48 6222 86
48 623 43
48 6231 76
48 6241 32
48 6242 21
48 6243 26
48 6244 15
48 711 14
48 7111 15
48 7112 38
48 7115 2
48 712 24
48 713 21
48 71395 29
48 721 21
48 7211 23
48 722 21
48 7224 13
48 8111 7
48 811192 14
48 8112 11
48 8113 19
48 8114 4
48 8121 6
48 812111 9
48 812112 6
48 8122 8
48 8123 10
48 8129 8
48 813 10
48 8131 11
48 8139 7
48 81393 9
48 814 9
48 92 20
48 9211 20
48 92113 20
48 92119 20
48 923 20
48 928 20
49 111 5
49 112 5
49 113 3
49 1133 4
49 114 15
49 115 4
49 211 23
49 2121 86
49 2122 86
49 2123 22
49 213 9
49 22 21
49 221 21
49 2211 21
49 2212 86
49 2213 5
49 22132 5
49 23 9
49 3 38
49 31 38
49 311 51
49 3113 20
49 3114 83
49 3115 86
49 3116 86
49 3118 27
49 311811 13
49 3121 18
49 3122 17
49 3131 11
49 3132 4
49 3133 14
49 314 12
49 31411 9
49 315 6
49 316 10
49 3162 10
49 3211 11
49 3212 37
49 3219 14
49 32199 9
49 3221 52
49 3222 83
49 32221 86
49 3231 19
49 3241 57
49 32411 86
49 325 48
49 3252 44
49 3253 16
49 3254 73
49 3255 16
49 3256 40
49 3261 44
49 3262 24
49 32621 14
49 327 28
49 32711 4
49 327120 44
49 3272 13
49 3279 36
49 33 20
49 331 73
49 3313 73
49 3314 86
49 3315 49
49 332 20
49 3321 19
49 3322 8
49 3327 13
49 3328 12
49 33299 29
49 333 39
49 3331 36
49 33311 67
49 3333 57
49 3335 22
49 3336 84
49 334 86
49 3341 20
49 3345 86
49 335 63
49 3352 82
49 336 86
49 33641 86
49 3365 86
49 3366 34
49 3369 43
49 337 24
49 3391 50
49 3399 24
49 4 15
49 42 17
49 4231 16
49 4232 16
49 4233 15
49 4234 14
49 4235 16
49 4236 16
49 4237 14
49 4238 13
49 4239 16
49 42393 13
49 424 25
49 4241 15
49 4243 12
49 4244 32
49 4245 6
49 4247 16
49 4248 38
49 4249 20
49 42491 9
49 4251 6
49 4411 27
49 4412 14
49 4413 12
49 442 11
49 443141 9
49 443142 13
49 4441 21
49 44413 9
49 4442 14
49 44511 59
49 44512 7
49 4452 11
49 4453 9
49 446 10
49 44611 17
49 447 12
49 4481 13
49 44821 8
49 4483 6
49 4511 14
49 45113 17
49 45114 10
49 45121 11
49 45221 74
49 4523 84
49 4531 7
49 45321 10
49 45322 9
49 4533 11
49 4539 6
49 454110 12
49 4542 9
49 454310 8
49 45439 2
49 481 86
49 482 27
49 483 86
49 484 18
49 485 17
49 4853 6
49 486 32
49 487 6
49 488 14
49 491 20
49 492 53
49 493 72
49 5111 14
49 51111 28
49 5112 64
49 5121 34
49 5122 1
49 515 24
49 517 19
49 517311 30
49 5182 34
49 5191 15
49 51912 3
49 51913 16
49 52 14
49 522 20
49 5221 19
49 5241 23
49 5242 8
49 53 4
49 531 3
49 5313 4
49 532 9
49 5321 10
49 5411 6
49 5412 10
49 5413 9
49 5414 3
49 5415 13
49 5416 4
49 5417 21
49 5418 8
49 5419 14
49 54194 12
49 55 60
49 561 34
49 5613 86
49 5614 42
49 5615 32
49 5616 64
49 5617 7
49 56173 5
49 562 16
49 611 46
49 6111 59
49 621 9
49 6211 10
49 6212 7
49 6213 5
49 62131 3
49 62132 5
49 6214 15
49 6216 34
49 622 86
49 6222 86
49 623 47
49 6231 81
49 6241 12
49 6242 16
49 6243 40
49 6244 12
49 711 9
49 7111 12
49 7112 35
49 7115 1
49 712 33
49 713 26
49 71395 31
49 721 30
49 7211 34
49 722 20
49 7224 11
49 8111 6
49 811192 9
49 8112 7
49 8113 7
49 8114 3
49 8121 5
49 812111 6
49 812112 5
49 8122 8
49 8123 13
49 8129 6
49 813 25
49 8131 64
49 8139 7
49 81393 6
49 814 10
49 92 20
49 9211 20
49 92113 20
49 92119 20
49 923 20
49 928 20
50 111 4
50 112 4
50 113 2
50 1133 3
50 114 4
50 115 5
50 211 11
50 2121 11
50 2122 11
50 2123 11
50 213 11
50 22 19
50 221 19
50 2211 20
50 2212 19
50 2213 4
50 22132 4
50 23 5
50 3 29
50 31 29
50 311 27
50 3113 28
50 3114 17
50 3115 60
50 3116 22
50 3118 15
50 311811 6
50 3121 14
50 3122 14
50 3131 12
50 3132 12
50 3133 12
50 314 5
50 31411 5
50 315 40
50 316 7
50 3162 7
50 3211 15
50 3212 37
50 3219 18
50 32199 18
50 3221 86
50 3222 34
50 32221 34
50 3231 15
50 3241 5
50 32411 5
50 325 29
50 3252 29
50 3253 9
50 3254 50
50 3255 10
50 3256 44
50 3261 43
50 3262 31
50 32621 31
50 327 16
50 32711 21
50 327120 20
50 3272 8
50 3279 12
50 33 20
50 331 20
50 3313 20
50 3314 20
50 3315 20
50 332 24
50 3321 30
50 3322 24
50 3327 28
50 3328 10
50 33299 35
50 333 50
50 3331 50
50 33311 50
50 3333 69
50 3335 68
50 3336 54
50 334 86
50 3341 86
50 3345 78
50 335 62
50 3352 62
50 336 86
50 33641 86
50 3365 86
50 3366 86
50 3369 86
50 337 18
50 3391 40
50 3399 22
50 4 12
50 42 15
50 4231 13
50 4232 15
50 4233 8
50 4234 9
50 4235 22
50 4236 8
50 4237 7
50 4238 10
50 4239 11
50 42393 7
50 424 25
50 4241 16
50 4243 32
50 4244 30
50 4245 8
50 4247 10
50 4248 43
50 4249 12
50 42491 11
50 4251 4
50 4411 22
50 4412 11
50 4413 9
50 442 7
50 443141 8
50 443142 7
50 4441 13
50 44413 9
50 4442 10
50 44511 41
50 44512 6
50 4452 6
50 4453 4
50 446 10
50 44611 13
50 447 9
50 4481 10
50 44821 8
50 4483 5
50 4511 9
50 45113 4
50 45114 8
50 45121 8
50 45221 63
50 4523 23
50 4531 4
50 45321 12
50 45322 4
50 4533 6
50 4539 5
50 454110 12
50 4542 14
50 454310 11
50 45439 4
50 481 27
50 482 12
50 483 30
50 484 7
50 485 21
50 4853 7
50 486 12
50 487 3
50 488 7
50 491 20
50 492 55
50 493 10
50 5111 12
50 51111 13
50 5112 29
50 5121 8
50 5122 2
50 515 15
50 517 10
50 517311 12
50 5182 70
50 5191 7
50 51912 5
50 51913 13
50 52 10
50 522 11
50 5221 13
50 5241 29
50 5242 7
50 53 4
50 531 4
50 5313 4
50 532 7
50 5321 7
50 5411 5
50 5412 6
50 5413 6
50 5414 3
50 5415 7
50 5416 6
50 5417 9
50 5418 5
50 5419 7
50 54194 9
50 55 29
50 561 7
50 5613 26
50 5614 11
50 5615 9
50 5616 18
50 5617 4
50 56173 3
50 562 9
50 611 36
50 6111 36
50 621 14
50 6211 15
50 6212 8
50 6213 5
50 62131 3
50 62132 6
50 6214 31
50 6216 57
50 622 86
50 6222 86
50 623 35
50 6231 68
50 6241 17
50 6242 10
50 6243 17
50 6244 11
50 711 5
50 7111 8
50 7112 6
50 7115 2
50 712 10
50 713 24
50 71395 21
50 721 30
50 7211 35
50 722 14
50 7224 8
50 8111 4
50 811192 4
50 8112 2
50 8113 3
50 8114 2
50 8121 4
50 812111 3
50 812112 5
50 8122 3
50 8123 6
50 8129 4
50 813 5
50 8131 5
50 8139 5
50 81393 6
50 814 5
50 92 20
50 9211 20
50 92113 20
50 92119 20
50 923 20
50 928 20
51 111 7
51 112 7
51 113 7
51 1133 8
51 114 11
51 115 4
51 211 16
51 2121 65
51 2122 16
51 2123 18
51 213 12
51 22 40
51 221 40
51 2211 45
51 2212 48
51 2213 9
51 22132 6
51 23 10
51 3 48
51 31 48
51 311 73
51 3113 55
51 3114 62
51 3115 86
51 3116 86
51 3118 29
51 311811 9
51 3121 26
51 3122 86
51 3131 73
51 3132 86
51 3133 39
51 314 20
51 31411 27
51 315 15
51 316 15
51 3162 30
51 3211 29
51 3212 52
51 3219 28
51 32199 24
51 3221 86
51 3222 62
51 32221 58
51 3231 24
51 3241 21
51 32411 21
51 325 85
51 3252 86
51 3253 12
51 3254 86
51 3255 63
51 3256 67
51 3261 86
51 3262 86
51 32621 86
51 327 28
51 32711 4
51 327120 49
51 3272 62
51 3279 33
51 33 20
51 331 86
51 3313 83
51 3314 68
51 3315 86
51 332 24
51 3321 50
51 3322 25
51 3327 14
51 3328 12
51 33299 22
51 333 57
51 3331 51
51 33311 34
51 3333 28
51 3335 21
51 3336 35
51 334 50
51 3341 23
51 3345 68
51 335 75
51 3352 4
51 336 86
51 33641 86
51 3365 86
51 3366 86
51 3369 8
51 337 26
51 3391 19
51 3399 17
51 4 16
51 42 16
51 4231 16
51 4232 16
51 4233 15
51 4234 18
51 4235 13
51 4236 18
51 4237 10
51 4238 14
51 4239 12
51 42393 12
51 424 21
51 4241 15
51 4243 14
51 4244 29
51 4245 17
51 4247 16
51 4248 41
51 4249 13
51 42491 10
51 4251 7
51 4411 27
51 4412 11
51 4413 10
51 442 9
51 443141 7
51 443142 12
51 4441 26
51 44413 10
51 4442 13
51 44511 52
51 44512 5
51 4452 6
51 4453 9
51 446 12
51 44611 17
51 447 9
51 4481 15
51 44821 10
51 4483 6
51 4511 12
51 45113 10
51 45114 7
51 45121 10
51 45221 86
51 4523 45
51 4531 6
51 45321 11
51 45322 8
51 4533 11
51 4539 6
51 454110 15
51 4542 11
51 454310 12
51 45439 5
51 481 86
51 482 21
51 483 27
51 484 11
51 485 20
51 4853 8
51 486 10
51 487 7
51 488 18
51 491 20
51 492 48
51 493 59
51 5111 20
51 51111 22
51 5112 43
51 5121 18
51 5122 3
51 515 33
51 517 18
51 517311 19
51 5182 38
51 5191 22
51 51912 15
51 51913 31
51 52 15
51 522 17
51 5221 15
51 5241 56
51 5242 7
51 53 5
51 531 5
51 5313 7
51 532 10
51 5321 9
51 5411 7
51 5412 14
51 5413 22
51 5414 3
51 5415 19
51 5416 15
51 5417 54
51 5418 10
51 5419 10
51 54194 14
51 55 66
51 561 26
51 5613 72
51 5614 31
51 5615 12
51 5616 65
51 5617 12
51 56173 8
51 562 15
51 611 26
51 6111 43
51 621 12
51 6211 13
51 6212 8
51 6213 6
51 62131 4
51 62132 7
51 6214 20
51 6216 32
51 622 86
51 6222 86
51 623 47
51 6231 86
51 6241 19
51 6242 14
51 6243 47
51 6244 14
51 711 13
51 7111 26
51 7112 18
51 7115 2
51 712 20
51 713 23
51 71395 24
51 721 26
51 7211 28
51 722 19
51 7224 17
51 8111 6
51 811192 11
51 8112 10
51 8113 10
51 8114 3
51 8121 6
51 812111 5
51 812112 6
51 8122 9
51 8123 9
51 8129 6
51 813 10
51 8131 8
51 8139 14
51 81393 11
51 814 8
51 92 20
51 9211 20
51 92113 20
51 92119 20
51 923 20
51 928 20
53 111 11
53 112 11
53 113 9
53 1133 9
53 114 3
53 115 20
53 211 2
53 2121 13
53 2122 23
53 2123 12
53 213 11
53 22 30
53 221 30
53 2211 56
53 2212 24
53 2213 5
53 22132 8
53 23 8
53 3 39
53 31 39
53 311 44
53 3113 20
53 3114 86
53 3115 41
53 3116 86
53 3118 20
53 311811 9
53 3121 13
53 3122 19
53 3131 2
53 3132 26
53 3133 9
53 314 11
53 31411 6
53 315 10
53 316 8
53 3162 26
53 3211 53
53 3212 47
53 3219 23
53 32199 16
53 3221 86
53 3222 68
53 32221 86
53 3231 12
53 3241 86
53 32411 86
53 325 30
53 3252 20
53 3253 26
53 3254 50
53 3255 14
53 3256 14
53 3261 54
53 3262 16
53 32621 6
53 327 25
53 32711 7
53 327120 35
53 3272 39
53 3279 25
53 33 20
53 331 77
53 3313 86
53 3314 86
53 3315 51
53 332 21
53 3321 24
53 3322 9
53 3327 17
53 3328 32
53 33299 14
53 333 38
53 3331 24
53 33311 21
53 3333 18
53 3335 32
53 3336 16
53 334 67
53 3341 19
53 3345 71
53 335 37
53 3352 17
53 336 86
53 33641 86
53 3365 86
53 3366 39
53 3369 18
53 337 19
53 3391 12
53 3399 12
53 4 16
53 42 15
53 4231 15
53 4232 16
53 4233 14
53 4234 16
53 4235 18
53 4236 16
53 4237 14
53 4238 13
53 4239 13
53 42393 15
53 424 20
53 4241 16
53 4243 25
53 4244 24
53 4245 9
53 4247 17
53 4248 47
53 4249 13
53 42491 15
53 4251 7
53 4411 30
53 4412 12
53 4413 10
53 442 10
53 443141 10
53 443142 13
53 4441 21
53 44413 12
53 4442 10
53 44511 36
53 44512 5
53 4452 9
53 4453 6
53 446 11
53 44611 15
53 447 8
53 4481 15
53 44821 9
53 4483 6
53 4511 12
53 45113 11
53 45114 8
53 45121 10
53 45221 86
53 4523 86
53 4531 5
53 45321 11
53 45322 8
53 4533 13
53 4539 7
53 454110 13
53 4542 14
53 454310 8
53 45439 4
53 481 86
53 482 18
53 483 41
53 484 8
53 485 24
53 4853 12
53 486 10
53 487 9
53 488 18
53 491 20
53 492 43
53 493 43
53 5111 14
53 51111 16
53 5112 86
53 5121 11
53 5122 8
53 515 25
53 517 20
53 517311 22
53 5182 33
53 5191 33
53 51912 8
53 51913 34
53 52 11
53 522 13
53 5221 13
53 5241 36
53 5242 7
53 53 4
53 531 4
53 5313 6
53 532 9
53 5321 11
53 5411 6
53 5412 6
53 5413 14
53 5414 4
53 5415 14
53 5416 7
53 5417 37
53 5418 12
53 5419 9
53 54194 14
53 55 86
53 561 15
53 5613 47
53 5614 16
53 5615 24
53 5616 34
53 5617 7
53 56173 5
53 562 27
53 611 19
53 6111 35
53 621 12
53 6211 16
53 6212 8
53 6213 5
53 62131 5
53 62132 6
53 6214 32
53 6216 37
53 622 86
53 6222 86
53 623 28
53 6231 70
53 6241 23
53 6242 13
53 6243 26
53 6244 10
53 711 11
53 7111 18
53 7112 34
53 7115 2
53 712 19
53 713 26
53 71395 32
53 721 26
53 7211 32
53 722 16
53 7224 10
53 8111 6
53 811192 7
53 8112 6
53 8113 7
53 8114 4
53 8121 5
53 812111 5
53 812112 5
53 8122 6
53 8123 8
53 8129 7
53 813 9
53 8131 10
53 8139 7
53 81393 11
53 814 7
53 92 20
53 9211 20
53 92113 20
53 92119 20
53 923 20
53 928 20
54 111 3
54 112 3
54 113 3
54 1133 3
54 114 3
54 115 5
54 211 13
54 2121 86
54 2122 86
54 2123 26
54 213 24
54 22 24
54 221 24
54 2211 31
54 2212 19
54 2213 11
54 22132 7
54 23 9
54 3 44
54 31 44
54 311 34
54 3113 10
54 3114 5
54 3115 76
54 3116 83
54 3118 15
54 311811 8
54 3121 7
54 3122 11
54 3131 44
54 3132 44
54 3133 44
54 314 4
54 31411 3
54 315 9
54 316 44
54 3162 44
54 3211 24
54 3212 86
54 3219 51
54 32199 44
54 3221 46
54 3222 43
54 32221 43
54 3231 23
54 3241 36
54 32411 36
54 325 86
54 3252 86
54 3253 86
54 3254 86
54 3255 26
54 3256 86
54 3261 86
54 3262 43
54 32621 8
54 327 31
54 32711 86
54 327120 60
54 3272 41
54 3279 33
54 33 20
54 331 86
54 3313 86
54 3314 86
54 3315 31
54 332 22
54 3321 61
54 3322 9
54 3327 16
54 3328 31
54 33299 13
54 333 36
54 3331 40
54 33311 40
54 3333 38
54 3335 23
54 3336 36
54 334 39
54 3341 39
54 3345 40
54 335 19
54 3352 19
54 336 86
54 33641 86
54 3365 38
54 3366 86
54 3369 86
54 337 16
54 3391 24
54 3399 9
54 4 14
54 42 13
54 4231 21
54 4232 12
54 4233 10
54 4234 10
54 4235 13
54 4236 11
54 4237 12
54 4238 12
54 4239 10
54 42393 11
54 424 16
54 4241 8
54 4243 7
54 4244 21
54 4245 3
54 4247 17
54 4248 21
54 4249 13
54 42491 6
54 4251 13
54 4411 23
54 4412 11
54 4413 9
54 442 7
54 443141 6
54 443142 10
54 4441 19
54 44413 8
54 4442 8
54 44511 35
54 44512 5
54 4452 8
54 4453 5
54 446 10
54 44611 12
54 447 10
54 4481 13
54 44821 8
54 4483 5
54 4511 11
54 45113 6
54 45114 5
54 45121 6
54 45221 75
54 4523 32
54 4531 4
54 45321 9
54 45322 5
54 4533 6
54 4539 5
54 454110 9
54 4542 16
54 454310 7
54 45439 5
54 481 6
54 482 14
54 483 14
54 484 9
54 485 9
54 4853 6
54 486 14
54 487 13
54 488 9
54 491 20
54 492 37
54 493 73
54 5111 16
54 51111 20
54 5112 7
54 5121 12
54 5122 12
54 515 18
54 517 10
54 517311 10
54 5182 37
54 5191 3
54 51912 4
54 51913 2
54 52 8
54 522 9
54 5221 11
54 5241 21
54 5242 5
54 53 5
54 531 4
54 5313 7
54 532 8
54 5321 7
54 5411 6
54 5412 7
54 5413 13
54 5414 4
54 5415 12
54 5416 11
54 5417 38
54 5418 8
54 5419 11
54 54194 12
54 55 25
54 561 25
54 5613 58
54 5614 86
54 5615 11
54 5616 31
54 5617 8
54 56173 5
54 562 15
54 611 29
54 6111 24
54 621 13
54 6211 12
54 6212 8
54 6213 8
54 62131 4
54 62132 7
54 6214 25
54 6216 34
54 622 86
54 6222 86
54 623 26
54 6231 73
54 6241 28
54 6242 10
54 6243 21
54 6244 12
54 711 12
54 7111 5
54 7112 9
54 7115 2
54 712 5
54 713 9
54 71395 13
54 721 29
54 7211 33
54 722 18
54 7224 5
54 8111 4
54 811192 4
54 8112 7
54 8113 11
54 8114 4
54 8121 6
54 812111 6
54 812112 6
54 8122 6
54 8123 11
54 8129 4
54 813 5
54 8131 5
54 8139 6
54 81393 6
54 814 5
54 92 20
54 9211 20
54 92113 20
54 92119 20
54 923 20
54 928 20
55 111 7
55 112 7
55 113 3
55 1133 3
55 114 3
55 115 11
55 211 45
55 2121 47
55 2122 47
55 2123 47
55 213 19
55 22 37
55 221 37
55 2211 40
55 2212 31
55 2213 8
55 22132 3
55 23 9
55 3 55
55 31 55
55 311 77
55 3113 39
55 3114 86
55 3115 86
55 3116 86
55 3118 28
55 311811 13
55 3121 22
55 3122 22
55 3131 37
55 3132 46
55 3133 29
55 314 10
55 31411 11
55 315 15
55 316 46
55 3162 86
55 3211 18
55 3212 86
55 3219 36
55 32199 24
55 3221 86
55 3222 86
55 32221 86
55 3231 39
55 3241 41
55 32411 41
55 325 54
55 3252 57
55 3253 49
55 3254 68
55 3255 57
55 3256 54
55 3261 76
55 3262 48
55 32621 9
55 327 25
55 32711 25
55 327120 8
55 3272 86
55 3279 31
55 33 20
55 331 86
55 3313 86
55 3314 36
55 3315 86
55 332 38
55 3321 75
55 3322 62
55 3327 22
55 3328 34
55 33299 32
55 333 61
55 3331 86
55 33311 86
55 3333 82
55 3335 23
55 3336 86
55 334 70
55 3341 86
55 3345 65
55 335 86
55 3352 86
55 336 86
55 33641 75
55 3365 44
55 3366 86
55 3369 86
55 337 47
55 3391 34
55 3399 23
55 4 17
55 42 18
55 4231 24
55 4232 17
55 4233 17
55 4234 24
55 4235 21
55 4236 23
55 4237 18
55 4238 16
55 4239 16
55 42393 15
55 424 21
55 4241 14
55 4243 16
55 4244 31
55 4245 15
55 4247 10
55 4248 51
55 4249 14
55 42491 13
55 4251 6
55 4411 29
55 4412 11
55 4413 9
55 442 9
55 443141 8
55 443142 11
55 4441 20
55 44413 12
55 4442 9
55 44511 51
55 44512 5
55 4452 9
55 4453 5
55 446 13
55 44611 20
55 447 11
55 4481 13
55 44821 10
55 4483 6
55 4511 11
55 45113 11
55 45114 10
55 45121 8
55 45221 86
55 4523 62
55 4531 5
55 45321 10
55 45322 6
55 4533 14
55 4539 6
55 454110 26
55 4542 15
55 454310 6
55 45439 5
55 481 67
55 482 19
55 483 12
55 484 14
55 485 26
55 4853 14
55 486 6
55 487 3
55 488 11
55 491 20
55 492 48
55 493 43
55 5111 19
55 51111 21
55 5112 86
55 5121 15
55 5122 12
55 515 26
55 517 12
55 517311 12
55 5182 38
55 5191 13
55 51912 11
55 51913 15
55 52 16
55 522 15
55 5221 16
55 5241 86
55 5242 7
55 53 6
55 531 5
55 5313 8
55 532 9
55 5321 9
55 5411 7
55 5412 9
55 5413 13
55 5414 4
55 5415 12
55 5416 7
55 5417 54
55 5418 12
55 5419 9
55 54194 11
55 55 76
55 561 22
55 5613 60
55 5614 33
55 5615 15
55 5616 27
55 5617 9
55 56173 5
55 562 12
55 611 35
55 6111 36
55 621 15
55 6211 17
55 6212 9
55 6213 6
55 62131 4
55 62132 6
55 6214 30
55 6216 39
55 622 86
55 6222 86
55 623 26
55 6231 74
55 6241 22
55 6242 9
55 6243 42
55 6244 12
55 711 12
55 7111 12
55 7112 43
55 7115 2
55 712 10
55 713 18
55 71395 15
55 721 24
55 7211 28
55 722 16
55 7224 6
55 8111 5
55 811192 9
55 8112 7
55 8113 7
55 8114 3
55 8121 6
55 812111 7
55 812112 6
55 8122 5
55 8123 12
55 8129 7
55 813 9
55 8131 9
55 8139 8
55 81393 10
55 814 7
55 92 20
55 9211 20
55 92113 20
55 92119 20
55 923 20
55 928 20
56 111 2
56 112 2
56 113 3
56 1133 3
56 114 1
56 115 3
56 211 14
56 2121 86
56 2122 21
56 2123 57
56 213 17
56 22 17
56 221 17
56 2211 24
56 2212 8
56 2213 3
56 22132 3
56 23 7
56 3 18
56 31 18
56 311 11
56 3113 56
56 3114 11
56 3115 11
56 3116 4
56 3118 5
56 311811 6
56 3121 10
56 3122 10
56 3131 18
56 3132 18
56 3133 18
56 314 6
56 31411 1
56 315 7
56 316 2
56 3162 2
56 3211 44
56 3212 20
56 3219 6
56 32199 5
56 3221 20
56 3222 20
56 32221 20
56 3231 4
56 3241 86
56 32411 86
56 325 64
56 3252 64
56 3253 86
56 3254 13
56 3255 64
56 3256 54
56 3261 18
56 3262 16
56 32621 16
56 327 15
56 32711 15
56 327120 15
56 3272 15
56 3279 3
56 33 20
56 331 28
56 3313 28
56 3314 28
56 3315 26
56 332 14
56 3321 14
56 3322 14
56 3327 12
56 3328 2
56 33299 19
56 333 31
56 3331 28
56 33311 7
56 3333 31
56 3335 30
56 3336 23
56 334 25
56 3341 8
56 3345 47
56 335 13
56 3352 13
56 336 7
56 33641 16
56 3365 7
56 3366 7
56 3369 7
56 337 6
56 3391 3
56 3399 4
56 4 12
56 42 9
56 4231 15
56 4232 7
56 4233 7
56 4234 5
56 4235 8
56 4236 7
56 4237 5
56 4238 12
56 4239 6
56 42393 8
56 424 10
56 4241 4
56 4243 27
56 4244 11
56 4245 6
56 4247 13
56 4248 17
56 4249 6
56 42491 7
56 4251 6
56 4411 21
56 4412 8
56 4413 9
56 442 5
56 443141 8
56 443142 5
56 4441 14
56 44413 10
56 4442 11
56 44511 45
56 44512 6
56 4452 6
56 4453 8
56 446 7
56 44611 11
56 447 12
56 4481 14
56 44821 6
56 4483 5
56 4511 7
56 45113 5
56 45114 3
56 45121 5
56 45221 47
56 4523 52
56 4531 4
56 45321 7
56 45322 5
56 4533 7
56 4539 4
56 454110 3
56 4542 3
56 454310 6
56 45439 2
56 481 21
56 482 10
56 483 2
56 484 7
56 485 15
56 4853 1
56 486 8
56 487 7
56 488 10
56 491 20
56 492 20
56 493 58
56 5111 16
56 51111 24
56 5112 6
56 5121 10
56 5122 2
56 515 8
56 517 10
56 517311 12
56 5182 9
56 5191 3
56 51912 3
56 51913 3
56 52 6
56 522 10
56 5221 13
56 5241 14
56 5242 4
56 53 4
56 531 3
56 5313 4
56 532 8
56 5321 5
56 5411 3
56 5412 4
56 5413 6
56 5414 3
56 5415 3
56 5416 3
56 5417 4
56 5418 3
56 5419 6
56 54194 8
56 55 15
56 561 6
56 5613 20
56 5614 6
56 5615 3
56 5616 10
56 5617 5
56 56173 4
56 562 10
56 611 9
56 6111 32
56 621 8
56 6211 8
56 6212 7
56 6213 5
56 62131 3
56 62132 8
56 6214 12
56 6216 15
56 622 86
56 6222 86
56 623 37
56 6231 81
56 6241 11
56 6242 8
56 6243 27
56 6244 8
56 711 3
56 7111 4
56 7112 9
56 7115 2
56 712 9
56 713 13
56 71395 16
56 721 17
56 7211 20
56 722 15
56 7224 7
56 8111 4
56 811192 4
56 8112 3
56 8113 5
56 8114 2
56 8121 4
56 812111 3
56 812112 4
56 8122 7
56 8123 11
56 8129 3
56 813 5
56 8131 5
56 8139 4
56 81393 5
56 814 4
56 92 20
56 9211 20
56 92113 20
56 92119 20
56 923 20
56 928 20
