geometry_id,STATEFP,COUNTYFP,hurs,huss,model,n_observations,pr,rlds,rsds,scenario,sfcWind,tas,tasmax,tasmin,week,week_start
1592,25,1,68.2038623614189,0.0027657236230786,b'HadGEM3-GC31-LL',5,0.0002180014483713,280.2865454747127,67.1547009370266,b'ssp245',8.40264197389285,274.73776020147864,281.54226464491626,270.32934360015093,b'2014-12-30/2015-01-05',1419897600
1592,25,1,79.20448284184103,0.0027861443284317,b'HadGEM3-GC31-LL',7,0.0004687075460764,266.44024780119736,77.86601236015012,b'ssp245',11.016627246752766,271.8723722045675,283.4932903876672,254.6223537983039,b'2015-01-06/2015-01-12',1420502400
1592,25,1,74.05139713322286,0.0024119330661623,b'HadGEM3-GC31-LL',7,3.846491058748023e-05,253.453304105626,99.60015205935244,b'ssp245',6.580875504038709,271.133754052522,279.8904319665371,254.31693500127548,b'2015-01-13/2015-01-19',1421107200
1592,25,1,76.45647101873881,0.0022135480725902,b'HadGEM3-GC31-LL',7,0.0001454201173349,264.6553041052906,84.79891788129842,b'ssp245',7.677662115721476,270.0461558666858,276.9638417072785,263.2489097301777,b'2015-01-20/2015-01-26',1421712000
1592,25,1,68.21418891022931,0.0020540688064711,b'HadGEM3-GC31-LL',7,8.385637094567628e-06,239.9233467046158,126.112421303005,b'ssp245',6.766290656867482,270.330986623799,279.36938099983416,262.4734308291704,b'2015-01-27/2015-02-02',1422316800
1592,25,1,73.14485231685988,0.0032913433297525,b'HadGEM3-GC31-LL',7,0.0004084602504878,269.27252165825814,115.61890227803384,b'ssp245',7.962016882040563,275.5578107519464,284.3990471179669,264.7103432875413,b'2015-02-03/2015-02-09',1422921600
1592,25,1,63.613629849402464,0.0027939341276318,b'HadGEM3-GC31-LL',7,1.3208065948078504e-06,249.78372471847817,149.18092224973466,b'ssp245',6.847904362084667,275.22341434073536,280.4743418571276,267.6565983112042,b'2015-02-10/2015-02-16',1423526400
1592,25,1,67.71494413208177,0.0029175320405722,b'HadGEM3-GC31-LL',7,4.025100323063341e-05,242.4523394518283,156.68800395399663,b'ssp245',7.781540213050425,274.9341709849599,282.91218327253296,264.7144264808068,b'2015-02-17/2015-02-23',1424131200
1592,25,1,68.81663964868903,0.0020249922736749,b'HadGEM3-GC31-LL',7,2.3717073207129844e-06,227.89559970757904,171.77189434317006,b'ssp245',9.402976835276185,271.0455543182709,281.3160229707376,257.8223932217329,b'2015-02-24/2015-03-02',1424736000
1592,25,1,77.69052565752806,0.0033878893612251,b'HadGEM3-GC31-LL',7,0.0004194913973403,271.82503699907016,142.6954656992203,b'ssp245',9.009114981134298,274.76148405529204,284.7053666237074,266.8239022279397,b'2015-03-03/2015-03-09',1425340800
1592,25,1,81.99474226424111,0.0036919993443193,b'HadGEM3-GC31-LL',7,0.0008297154854724,281.1674864527944,127.78364706738094,b'ssp245',10.346657989498896,275.2901188986642,281.97627082237835,268.1342459947635,b'2015-03-10/2015-03-16',1425945600
1592,25,1,78.88624142028473,0.0042845935005017,b'HadGEM3-GC31-LL',7,8.031478909364099e-05,278.7305286358565,189.41351682362543,b'ssp245',6.173605038460358,278.9881094768371,283.32587129641803,273.1704480097844,b'2015-03-17/2015-03-23',1426550400
1592,25,1,79.58660309655328,0.0051160830662277,b'HadGEM3-GC31-LL',7,0.0003229948307913,287.16486228691355,182.3766281281636,b'ssp245',7.685484952869871,279.9906716259408,292.6681543496939,264.7854470962133,b'2015-03-24/2015-03-30',1427155200
1592,25,1,82.87164037218898,0.0058438151994005,b'HadGEM3-GC31-LL',7,0.0004603323550823,302.497914212964,185.5818905917716,b'ssp245',6.21232382734835,282.1550312671033,292.0261958195613,273.7855326334636,b'2015-03-31/2015-04-06',1427760000
1592,25,1,86.70501673701918,0.0059985351984792,b'HadGEM3-GC31-LL',7,0.0012050361993036,305.98800685728867,156.24715486812943,b'ssp245',12.566638868479505,282.19903480613624,291.20581318781933,274.057877613948,b'2015-04-07/2015-04-13',1428364800
1592,25,1,77.76973333725563,0.0054954245481631,b'HadGEM3-GC31-LL',7,0.0001577483140944,276.0671467030005,232.22300996186536,b'ssp245',6.705226239267288,282.68846367217685,289.6846580016308,274.82515775240387,b'2015-04-14/2015-04-20',1428969600
1592,25,1,91.8954905153631,0.0083382604544557,b'HadGEM3-GC31-LL',7,0.0001881988945078,316.32656020559244,226.96826939705093,b'ssp245',4.880153953919917,286.5312219417139,292.19390125763726,279.6605813931197,b'2015-04-21/2015-04-27',1429574400
1592,25,1,82.91912369501026,0.0077207593722549,b'HadGEM3-GC31-LL',7,3.467534602358696e-06,290.5779041038765,271.5047439044212,b'ssp245',3.2014005224565016,287.0036245213324,292.7545540638459,280.5676381037786,b'2015-04-28/2015-05-04',1430179200
1592,25,1,74.73150453724705,0.0072728574675534,b'HadGEM3-GC31-LL',7,0.0002362555103342,298.157891479604,272.09081858331035,b'ssp245',5.295965500312411,286.98642934023684,295.37115282890124,277.2302078833947,b'2015-05-05/2015-05-11',1430784000
1592,25,1,81.1387901638017,0.0087975808594122,b'HadGEM3-GC31-LL',7,0.0001879620075723,319.184114938254,275.222992565169,b'ssp245',6.303473214253837,288.8415127569066,296.8774549533159,281.2628688323192,b'2015-05-12/2015-05-18',1431388800
1592,25,1,90.44326537869354,0.0108746030613533,b'HadGEM3-GC31-LL',7,0.0001831831281956,335.65765047597364,272.82722387907705,b'ssp245',4.958393056204905,290.83226238152923,297.8382759094238,282.4987400739621,b'2015-05-19/2015-05-25',1431993600
1592,25,1,87.63980423749149,0.0117694467162003,b'HadGEM3-GC31-LL',7,0.0003364868855896,327.36598501100644,307.1024703141097,b'ssp245',5.697507433074735,292.9132879906959,299.5464863410363,285.56801683474805,b'2015-05-26/2015-06-01',1432598400
1592,25,1,88.36152768921066,0.01287793935871,b'HadGEM3-GC31-LL',7,0.0001076589766426,348.7936952961234,274.82537523556107,b'ssp245',4.847175242372485,293.9849544846532,301.38785147055603,286.47971911308093,b'2015-06-02/2015-06-08',1433203200
1592,25,1,90.97741730833228,0.0139628379002738,b'HadGEM3-GC31-LL',7,0.0004163269516695,364.6710394206065,265.53487511519546,b'ssp245',5.411573389729301,294.96198824648457,301.5324126023513,285.82586092826654,b'2015-06-09/2015-06-15',1433808000
1592,25,1,81.7903601607997,0.0133456164218771,b'HadGEM3-GC31-LL',7,0.0005908021506922,343.73817554236336,312.4195806622069,b'ssp245',4.405753643958123,295.67383878658984,301.53824400290466,285.50358405480017,b'2015-06-16/2015-06-22',1434412800
1592,25,1,76.6310486356854,0.013421038936247,b'HadGEM3-GC31-LL',7,0.000234404534935,344.9109327993987,309.44656522632084,b'ssp245',5.312164054821919,296.4237023587629,301.7874214465802,289.7193414737017,b'2015-06-23/2015-06-29',1435017600
1592,25,1,87.56524405985962,0.0160164721785607,b'HadGEM3-GC31-LL',7,4.164958498656747e-05,362.2372571085836,312.1493060492771,b'ssp245',4.40249360213568,297.9682713183728,303.6569685324645,291.61791913937304,b'2015-06-30/2015-07-06',1435622400
1592,25,1,85.7497183630318,0.0162082763754202,b'HadGEM3-GC31-LL',7,0.0002757896480988,377.9193592560597,281.66984451210106,b'ssp245',6.660632421245507,298.8387334914434,304.4962249168983,291.88704627599475,b'2015-07-07/2015-07-13',1436227200
1592,25,1,88.62264570823083,0.0181348195477327,b'HadGEM3-GC31-LL',7,0.0001841130291403,382.85404048123206,292.6839370378208,b'ssp245',5.858616796878232,299.2707393073337,305.81925754058057,291.10172878167566,b'2015-07-14/2015-07-20',1436832000
1592,25,1,81.7319963004563,0.0159231482816504,b'HadGEM3-GC31-LL',7,0.0001871137053412,371.2217338128841,279.63671730376865,b'ssp245',4.330661343785869,299.2765769679031,303.590047738491,291.2970805045886,b'2015-07-21/2015-07-27',1437436800
1592,25,1,80.36566703747482,0.0156850116278365,b'HadGEM3-GC31-LL',7,0.0001877119158987,374.3597256936433,269.98649827377267,b'ssp245',4.818637901637362,299.7465771965055,304.3649069468181,292.4605084932768,b'2015-07-28/2015-08-03',1438041600
1592,25,1,92.2193128267924,0.0183094364493716,b'HadGEM3-GC31-LL',7,0.0005340907660119,391.1385689340669,234.4762588438097,b'ssp245',6.705738137220289,299.8099864219135,304.61450288234613,294.1442978198712,b'2015-08-04/2015-08-10',1438646400
1592,25,1,83.83457912717547,0.0164605208620131,b'HadGEM3-GC31-LL',7,8.816158348501074e-05,374.9161946223333,256.7678223075448,b'ssp245',4.293282771885614,299.6448760748784,304.27795170515014,292.79447222978644,b'2015-08-11/2015-08-17',1439251200
1592,25,1,90.47055030829742,0.0180203772517562,b'HadGEM3-GC31-LL',7,0.0002045591344279,390.51630568591673,233.64143092466364,b'ssp245',3.879182196744196,299.7300497341506,305.22477575448846,293.2186867151505,b'2015-08-18/2015-08-24',1439856000
1592,25,1,86.07065009896135,0.0169068745681981,b'HadGEM3-GC31-LL',7,0.0001698942475609,385.8894785926456,220.6664932795933,b'ssp245',5.4560412279306325,299.2623772463956,305.9619797437619,288.96720622136047,b'2015-08-25/2015-08-31',1440460800
1592,25,1,79.73705090183917,0.0132113806673089,b'HadGEM3-GC31-LL',7,0.0005982340350223,360.6979446061802,217.41207502875136,b'ssp245',6.567934075554649,295.95172437730724,303.06744976532764,286.3131037981082,b'2015-09-01/2015-09-07',1441065600
1592,25,1,78.59879270665375,0.0126401309440792,b'HadGEM3-GC31-LL',7,7.358604018347064e-05,358.2443641550812,221.19147405519595,b'ssp245',5.137432829582648,295.38545625987075,303.5730227445945,286.8752036461464,b'2015-09-08/2015-09-14',1441670400
1592,25,1,85.74104057214198,0.01379643007324,b'HadGEM3-GC31-LL',7,4.238470550100023e-06,361.4014187138597,209.5635322878213,b'ssp245',2.606632676152956,296.7283237932366,301.02703221639,291.8996004446959,b'2015-09-15/2015-09-21',1442275200
1592,25,1,76.01379082403777,0.0100557605600352,b'HadGEM3-GC31-LL',7,0.0003427039878017,341.4596150017483,196.5812560734732,b'ssp245',5.766296997720942,292.4329620892312,301.1652495555389,284.088502737192,b'2015-09-22/2015-09-28',1442880000
1592,25,1,78.66436497894401,0.0093404644611546,b'HadGEM3-GC31-LL',7,0.0002388049236292,338.6094811827272,160.0400978077899,b'ssp245',6.200639012150276,290.2841355250432,298.165641002166,280.33841397212103,b'2015-09-29/2015-10-05',1443484800
1592,25,1,78.0768541171874,0.0090773532881559,b'HadGEM3-GC31-LL',7,1.858019806748145e-05,330.35748268658426,172.96129029661748,b'ssp245',4.74481743039229,290.8631663479648,296.5938855684721,279.30710088289703,b'2015-10-06/2015-10-12',1444089600
1592,25,1,79.70462295685934,0.0085972187604162,b'HadGEM3-GC31-LL',7,8.067205092766054e-05,336.67436337733005,138.84514244135485,b'ssp245',7.2112108306897875,289.4745899731423,296.0878884731195,280.5823296767015,b'2015-10-13/2015-10-19',1444694400
1592,25,1,76.73438318308457,0.0072196346106162,b'HadGEM3-GC31-LL',7,6.487218120973457e-05,315.5154388902825,145.8555241504432,b'ssp245',6.5886186229222,287.4713927747566,294.2412579365265,278.2160995679024,b'2015-10-20/2015-10-26',1445299200
1592,25,1,70.60576727276757,0.0061297589114946,b'HadGEM3-GC31-LL',7,8.614147783388898e-05,307.9998801514343,123.94237297183864,b'ssp245',6.770113695999642,285.5255608471322,292.85807663355126,274.66667101933405,b'2015-10-27/2015-11-02',1445904000
1592,25,1,63.82649688755638,0.0043743027103578,b'HadGEM3-GC31-LL',7,3.7671568482376366e-05,290.3343806284251,115.694681876745,b'ssp245',5.770942936340968,281.96967366676193,290.2874959309896,275.722335326366,b'2015-11-03/2015-11-09',1446508800
1592,25,1,80.79185337898059,0.0057225927678337,b'HadGEM3-GC31-LL',7,0.0002510705282525,311.3481957851313,95.27627002450572,b'ssp245',6.408043282645527,282.6355174906525,288.9145566500151,273.0993074759459,b'2015-11-10/2015-11-16',1447113600
1592,25,1,65.16678846712078,0.0040363078831819,b'HadGEM3-GC31-LL',7,0.0001526967829512,283.9645162240053,96.56090028294716,b'ssp245',5.477043933429561,279.82284876365804,289.103540518345,272.5360205723689,b'2015-11-17/2015-11-23',1447718400
1592,25,1,81.11674452526665,0.005986834488508,b'HadGEM3-GC31-LL',7,0.0005325985038144,321.3834195329156,84.13526562544017,b'ssp245',7.348073296985784,282.5416291554769,291.18103154500324,272.0555543655004,b'2015-11-24/2015-11-30',1448323200
1592,25,1,77.5017562139602,0.0043948138367866,b'HadGEM3-GC31-LL',7,0.0001577838599191,285.4839478587057,82.62657248318851,b'ssp245',8.340625991806007,278.7886923905258,288.0935769203382,270.85967308435687,b'2015-12-01/2015-12-07',1448928000
1592,25,1,80.40774550979391,0.0044523305477656,b'HadGEM3-GC31-LL',7,0.0006499400772343,293.13782350658937,70.64834645466928,b'ssp245',8.271197997606718,279.1897432236445,286.1445075304081,273.5660057067871,b'2015-12-08/2015-12-14',1449532800
1592,25,1,80.52124807686161,0.0051677544599022,b'HadGEM3-GC31-LL',7,9.527356694259374e-05,296.17166763347586,74.83143897370978,b'ssp245',9.267273937280365,281.3384828881903,289.29551598964593,274.78922726557806,b'2015-12-15/2015-12-21',1450137600
1592,25,1,68.07964674631755,0.0029665812250437,b'HadGEM3-GC31-LL',7,0.0001909152381934,255.2488359444308,89.29533128424006,b'ssp245',8.53628741319363,274.8870824876723,287.5251750946045,265.72203919826416,b'2015-12-22/2015-12-28',1450742400
1592,25,1,67.74377208489639,0.0033328852872854,b'HadGEM3-GC31-LL',7,0.0005542784869749,259.4306093083197,92.01870497329767,b'ssp245',6.63397728960156,276.74636767460754,285.491432776818,271.1828414721367,b'2015-12-29/2016-01-04',1451347200
1592,25,1,78.7692133865077,0.0031861083845043,b'HadGEM3-GC31-LL',7,0.0002899992870055,279.109541005704,75.17384849625194,b'ssp245',6.856674944579384,274.2604500836942,282.029823987912,266.2367129692665,b'2016-01-05/2016-01-11',1451952000
1592,25,1,79.16685645484226,0.0027261962800716,b'HadGEM3-GC31-LL',7,0.0005037883056741,269.9175180847392,79.07169465529614,b'ssp245',11.391062198322771,271.7656190124624,285.3050036308093,258.02995828481824,b'2016-01-12/2016-01-18',1452556800
1592,25,1,81.87171699363235,0.0046246456135948,b'HadGEM3-GC31-LL',7,0.0017669134374186,293.82794750129784,83.51950351571863,b'ssp245',10.07299790856166,279.85087812514536,287.1542717371232,274.85267580472504,b'2016-01-19/2016-01-25',1453161600
1592,25,1,68.33410893255102,0.0035308707427,b'HadGEM3-GC31-LL',7,0.0004895255340849,288.07855184785615,94.53648737236696,b'ssp245',10.875192002389896,277.477662579044,287.84616724650067,270.95555926591925,b'2016-01-26/2016-02-01',1453766400
1592,25,1,65.08360395239387,0.0021074268248751,b'HadGEM3-GC31-LL',7,3.186394706835344e-06,236.67401919172804,129.3827503172906,b'ssp245',7.738047982091869,271.37626475379585,280.6124936128274,260.94832024207483,b'2016-02-02/2016-02-08',1454371200
1592,25,1,79.72319298349457,0.0032636991893593,b'HadGEM3-GC31-LL',7,0.0003502775864097,270.59793017111417,119.10263013315726,b'ssp245',8.399338936521895,274.4489133506468,282.8314829117213,263.123868453197,b'2016-02-09/2016-02-15',1454976000
1592,25,1,72.51051389079392,0.0027758238768147,b'HadGEM3-GC31-LL',7,0.0002307956887241,264.8684776781243,132.73391732016765,b'ssp245',8.447884921735024,272.75594498211655,282.454431729439,265.2412959856865,b'2016-02-16/2016-02-22',1455580800
1592,25,1,78.74964549340609,0.0021818894440648,b'HadGEM3-GC31-LL',7,3.1559506953754e-05,239.9094430623037,155.0993574687413,b'ssp245',11.451720173323986,269.2502161382319,281.7617213909443,256.46634282821265,b'2016-02-23/2016-02-29',1456185600
1592,25,1,78.33078969005264,0.003290029144236,b'HadGEM3-GC31-LL',7,0.000364753791282,274.1453694179382,145.49065285986595,b'ssp245',7.751841940722623,274.26812068533985,284.9726985051082,263.0358973772098,b'2016-03-01/2016-03-07',1456790400
1592,25,1,81.90655585523055,0.0045610903501625,b'HadGEM3-GC31-LL',7,0.0008586165333694,291.3635743459066,150.07655893926656,b'ssp245',7.57422617285243,278.920645577567,287.9309408725837,267.1316608037705,b'2016-03-08/2016-03-14',1457395200
1592,25,1,80.18143248645379,0.0048764953888686,b'HadGEM3-GC31-LL',7,0.0001701309052144,279.0365504624643,187.45360307728416,b'ssp245',8.640829514234495,280.478705619281,287.4844970214062,271.5939307579628,b'2016-03-15/2016-03-21',1458000000
1592,25,1,83.14896968782168,0.0050989875930059,b'HadGEM3-GC31-LL',7,0.0002089333376654,279.5431943725754,191.814575949868,b'ssp245',5.54700426653628,280.82749595222896,288.5834665542994,271.2864131927491,b'2016-03-22/2016-03-28',1458604800
1592,25,1,78.81080755820642,0.0046711679881812,b'HadGEM3-GC31-LL',7,0.0002762503176654,281.2898145123716,197.8430333993374,b'ssp245',8.244045921024822,279.22424651764254,289.22990975013147,267.5640046046331,b'2016-03-29/2016-04-04',1459209600
1592,25,1,77.3232186443203,0.00522233994864,b'HadGEM3-GC31-LL',7,1.0132751721031882e-05,261.8205565777454,243.8774864490216,b'ssp245',6.271229230331414,282.19709942716383,289.9384144514035,276.91823568099585,b'2016-04-05/2016-04-11',1459814400
1592,25,1,86.6386076434628,0.0072436337379504,b'HadGEM3-GC31-LL',7,0.0005210047221233,311.08175492199354,222.5026703230191,b'ssp245',8.370108023995446,284.9005450853062,292.60928682180554,269.35551364605243,b'2016-04-12/2016-04-18',1460419200
1592,25,1,89.73280192469504,0.0079449807647009,b'HadGEM3-GC31-LL',7,0.0001182260233178,317.6648675897619,221.11712520026464,b'ssp245',5.279293263406108,285.38131154937184,293.6523228669778,272.66311161334704,b'2016-04-19/2016-04-25',1461024000
1592,25,1,90.53583464605032,0.0084684736546531,b'HadGEM3-GC31-LL',7,0.0001383874629876,317.35991862230685,234.7563218511505,b'ssp245',3.973321493564945,286.6912179115492,292.1794462448511,280.8915273715288,b'2016-04-26/2016-05-02',1461628800
1592,25,1,83.61663719323965,0.0090052035349146,b'HadGEM3-GC31-LL',7,0.0002309980302665,308.1621116316799,262.84394654074873,b'ssp245',6.288160502910615,289.2612677074614,298.0286656893217,282.64125633239746,b'2016-05-03/2016-05-09',1462233600
1592,25,1,78.93745063338089,0.0087483515781725,b'HadGEM3-GC31-LL',7,9.222120495613383e-05,310.8521194597741,276.21591851300815,b'ssp245',5.941409050544976,289.8665074079465,297.54511847862835,281.56836206485065,b'2016-05-10/2016-05-16',1462838400
1592,25,1,85.37314414454032,0.010980423481456,b'HadGEM3-GC31-LL',7,0.0002739599962071,336.44885844974726,265.17407344287136,b'ssp245',6.556899923708413,291.76422032506474,300.16235586313104,279.7225332993728,b'2016-05-17/2016-05-23',1463443200
1592,25,1,80.42254970885895,0.0101689246341145,b'HadGEM3-GC31-LL',7,8.54792847778987e-05,320.7822354634603,303.258723300892,b'ssp245',4.90919023522964,291.70920435587567,298.83956004411743,280.329390794803,b'2016-05-24/2016-05-30',1464048000
1592,25,1,84.39954217274985,0.0120727508623091,b'HadGEM3-GC31-LL',7,0.0003226822510431,334.6038713629866,295.20603110065395,b'ssp245',4.79879937962298,293.4214070218824,301.3496792622102,285.3150233733349,b'2016-05-31/2016-06-06',1464652800
1592,25,1,91.13477827253796,0.0132898989723288,b'HadGEM3-GC31-LL',7,0.000551687437708,358.4350767030821,257.60811580755774,b'ssp245',5.408238632010891,293.7383362067925,302.22588852124335,282.172044705122,b'2016-06-07/2016-06-13',1465257600
1592,25,1,89.26428465266805,0.0145312820875934,b'HadGEM3-GC31-LL',7,9.845389610755973e-05,357.47545771197093,281.3665808443622,b'ssp245',3.678041567677981,295.73558550963907,303.100672355065,287.63798889747034,b'2016-06-14/2016-06-20',1465862400
1592,25,1,79.22640219188872,0.0133416066440879,b'HadGEM3-GC31-LL',7,0.0004435607609911,348.7340534825029,309.82837664076703,b'ssp245',5.762557457381989,295.3032149150695,302.60062457353644,286.9004206535144,b'2016-06-21/2016-06-27',1466467200
1592,25,1,83.6308461859986,0.0157464576325201,b'HadGEM3-GC31-LL',7,3.21028146725684e-06,360.7545516883934,321.761426744007,b'ssp245',4.697981581583129,298.456509076632,304.9840300633357,289.0609100537423,b'2016-06-28/2016-07-04',1467072000
1592,25,1,83.17417402057858,0.0158534553993643,b'HadGEM3-GC31-LL',7,0.0001618495813678,371.8243772066557,299.5856795048976,b'ssp245',4.399500512050622,298.374505402841,305.3864123515594,285.2972869383984,b'2016-07-05/2016-07-11',1467676800
1592,25,1,76.75152868490954,0.0141214596437231,b'HadGEM3-GC31-LL',7,0.0002328880908628,355.9119632008312,314.5293521252308,b'ssp245',5.206777650467205,297.8702675606305,303.06217844058307,288.0132089272523,b'2016-07-12/2016-07-18',1468281600
1592,25,1,84.25159073923972,0.0157512641446186,b'HadGEM3-GC31-LL',7,0.0003037400814973,371.189565106626,272.7358553261111,b'ssp245',4.502386030478355,298.2888720865215,303.3757923321847,291.2388587853848,b'2016-07-19/2016-07-25',1468886400
1592,25,1,81.53160896231404,0.0153709774966532,b'HadGEM3-GC31-LL',7,0.0001103049948514,367.6213819273226,294.056941752032,b'ssp245',4.659840555418106,298.21171131064176,303.897284434392,290.4452134156839,b'2016-07-26/2016-08-01',1469491200
1592,25,1,79.51289414835502,0.0145176510209722,b'HadGEM3-GC31-LL',7,9.412675559649058e-05,358.85745415320764,294.69581688542075,b'ssp245',4.977244067213911,297.78151463938286,303.7167166196383,290.42578276609765,b'2016-08-02/2016-08-08',1470096000
1592,25,1,86.00977980784883,0.0162154042384596,b'HadGEM3-GC31-LL',7,0.0003711561177233,377.82834671355874,242.18861831413523,b'ssp245',4.4661822496425545,298.3062139448229,303.6681295541617,291.07309351211944,b'2016-08-09/2016-08-15',1470700800
1592,25,1,77.30028977935568,0.0135671756193621,b'HadGEM3-GC31-LL',7,0.0001106568757433,369.0756472283668,244.3150568497487,b'ssp245',5.684154189222462,296.9009729671828,304.23123599321417,288.99482257549585,b'2016-08-16/2016-08-22',1471305600
1592,25,1,71.55147459218792,0.0109133301842223,b'HadGEM3-GC31-LL',7,0.0001490677038833,345.48882173531223,243.5822659132682,b'ssp245',4.870406787692409,294.500362773518,301.1190436925644,287.5416478377122,b'2016-08-23/2016-08-29',1471910400
1592,25,1,75.14759747711295,0.0107826459696584,b'HadGEM3-GC31-LL',7,0.0003474741896247,360.1576073824704,184.39858892112423,b'ssp245',5.299870879986348,293.3904071849781,299.2942121456831,288.1007592127873,b'2016-08-30/2016-09-05',1472515200
1592,25,1,82.6496696192703,0.0126963664424492,b'HadGEM3-GC31-LL',7,0.0004430918952646,357.66631815285047,225.4241157992856,b'ssp245',5.127131152174849,294.5342410230811,300.5129740299324,285.1489568367983,b'2016-09-06/2016-09-12',1473120000
1592,25,1,79.29440578174243,0.011533481532225,b'HadGEM3-GC31-LL',7,0.0006870077596357,357.4277587722946,193.51181628677872,b'ssp245',5.10387685982299,293.6229566427378,300.4011572324313,286.1190884908041,b'2016-09-13/2016-09-19',1473724800
1592,25,1,83.29084551814711,0.0106127880052697,b'HadGEM3-GC31-LL',7,0.0003026363863934,358.1987389016064,171.34695616571895,b'ssp245',7.279235401542196,291.68127719473927,298.59631714454065,285.6575476328532,b'2016-09-20/2016-09-26',1474329600
1592,25,1,73.47976607979436,0.0089530035653603,b'HadGEM3-GC31-LL',7,0.0002734365771625,344.9733672229362,170.46703658959808,b'ssp245',5.656828953669622,291.66728083292645,297.75297311636126,286.15395492162463,b'2016-09-27/2016-10-03',1474934400
1592,25,1,85.15137881673738,0.0108136822127961,b'HadGEM3-GC31-LL',7,8.278513086660648e-05,341.21748614747884,176.0987775282109,b'ssp245',3.986902217070262,292.65232450184806,296.89431904523803,287.1034549321884,b'2016-10-04/2016-10-10',1475539200
1592,25,1,85.10165315669973,0.010158503593343,b'HadGEM3-GC31-LL',7,0.0002120397614771,351.89096903538973,153.9867657567119,b'ssp245',4.9222796499565415,291.2637696598039,297.4859443077675,281.46452541840387,b'2016-10-11/2016-10-17',1476144000
1592,25,1,69.60585630857028,0.007080949963716,b'HadGEM3-GC31-LL',7,7.039452333164795e-05,320.0749885014126,150.20602029059836,b'ssp245',8.032942562531202,288.3114329537193,296.51139851105523,281.03397413400506,b'2016-10-18/2016-10-24',1476748800
1592,25,1,72.96522886761817,0.0063948496056152,b'HadGEM3-GC31-LL',7,0.0001023701119482,313.92470711229487,132.70099663297773,b'ssp245',6.953842185574137,285.94702068789974,292.68763194940027,278.981335028624,b'2016-10-25/2016-10-31',1477353600
1592,25,1,75.45628431952481,0.0061730740796782,b'HadGEM3-GC31-LL',7,0.0004862835072237,321.22759647159785,112.17693853552964,b'ssp245',8.83318211383872,284.827596119472,293.9383908785307,278.17008414635296,b'2016-11-01/2016-11-07',1477958400
1592,25,1,78.02138181134458,0.0062894228617267,b'HadGEM3-GC31-LL',7,0.0001791845612324,313.4885233575172,109.38140971320016,b'ssp245',5.560137636932262,284.9490033244039,291.81640175061347,277.5096791096223,b'2016-11-08/2016-11-14',1478563200
1592,25,1,76.48682513603798,0.005384748896896,b'HadGEM3-GC31-LL',7,0.0008167663457799,315.96930496159933,81.09716195501252,b'ssp245',9.831724924154772,282.568566772964,291.70107107896075,276.0095146374825,b'2016-11-15/2016-11-21',1479168000
1592,25,1,77.04994910802598,0.0045773111017366,b'HadGEM3-GC31-LL',7,0.0006358116590229,305.15748498378656,82.41615998439302,b'ssp245',8.265932633599519,279.2910154852676,290.1316442245093,270.4680677071596,b'2016-11-22/2016-11-28',1479772800
1592,25,1,77.15018978747693,0.0042953834891994,b'HadGEM3-GC31-LL',7,1.1793443905507054e-05,289.4326772759686,92.84999172329466,b'ssp245',5.748960124431077,279.0740321232723,286.94860429030206,271.453300182636,b'2016-11-29/2016-12-05',1480377600
1592,25,1,71.76442948802487,0.0040788627832762,b'HadGEM3-GC31-LL',7,0.0001725229385907,277.7060674206241,84.24314180049268,b'ssp245',8.158401831929938,278.97601376348365,287.51683729122846,268.578000386556,b'2016-12-06/2016-12-12',1480982400
1592,25,1,66.72034820968852,0.0027079101675999,b'HadGEM3-GC31-LL',7,0.0001594128992063,259.76777771890386,80.65220820074117,b'ssp245',8.852010140543458,274.4837610782721,279.9775818555784,268.92133605174524,b'2016-12-13/2016-12-19',1481587200
1592,25,1,70.81819019125496,0.0031810887388721,b'HadGEM3-GC31-LL',7,8.62826284078758e-05,264.05864968492,79.70071617936914,b'ssp245',7.64393325712218,276.0926485585643,282.5281881185678,271.197454892672,b'2016-12-20/2016-12-26',1482192000
1592,25,1,77.42859739960332,0.0028687860681218,b'HadGEM3-GC31-LL',7,0.0003394078420525,266.5787219826556,79.196640370093,b'ssp245',12.08360430903924,272.5946739881467,283.12094385196,266.22844246106274,b'2016-12-27/2017-01-02',1482796800
1592,25,1,76.20702506247021,0.0032883515940115,b'HadGEM3-GC31-LL',7,0.0010433964933478,274.3176585047236,79.85798970115927,b'ssp245',9.241132934560708,274.1793114379212,285.98733706352044,264.6290568816356,b'2017-01-03/2017-01-09',1483401600
1592,25,1,75.6943486514109,0.0033448737849406,b'HadGEM3-GC31-LL',7,0.0001650355627807,278.6729654375014,82.66729350666424,b'ssp245',8.134330941589324,275.5119018973885,283.7354591076191,267.0435002155794,b'2017-01-10/2017-01-16',1484006400
1592,25,1,74.79928627468291,0.0018257401211335,b'HadGEM3-GC31-LL',7,3.528463569023844e-05,240.7870578765869,96.8724092852065,b'ssp245',8.954545772774315,267.7905395703438,279.73246520604846,259.2060624636137,b'2017-01-17/2017-01-23',1484611200
1592,25,1,76.6958481226212,0.0032883448426957,b'HadGEM3-GC31-LL',7,0.0003443536071929,272.75413479298464,100.39144259582072,b'ssp245',8.207260399074345,274.8069375006708,284.2392049447084,263.7328867790027,b'2017-01-24/2017-01-30',1485216000
1592,25,1,68.02204711358627,0.0025119257053509,b'HadGEM3-GC31-LL',7,0.0001335097048542,257.1653592385652,112.1749430541154,b'ssp245',7.118736528214955,272.92294779627315,281.65538098261914,263.8460286947397,b'2017-01-31/2017-02-06',1485820800
1592,25,1,87.46041010587645,0.0019651629845078,b'HadGEM3-GC31-LL',7,0.0004716268776672,241.64271430480176,121.7244685228928,b'ssp245',13.27011369960212,266.5595044565725,283.7028280893961,257.5557836385874,b'2017-02-07/2017-02-13',1486425600
1592,25,1,67.63758902148012,0.0022260582408683,b'HadGEM3-GC31-LL',7,1.0638197978324754e-05,260.1835060503894,132.02229778932565,b'ssp245',8.479066876046389,272.09723337753354,278.68461755605847,265.666263922667,b'2017-02-14/2017-02-20',1487030400
1592,25,1,70.33867830758568,0.0033681642643863,b'HadGEM3-GC31-LL',7,0.0003038236992992,272.50415693359935,140.6365662022825,b'ssp245',8.902631205298528,276.50712401002323,285.0525028033135,270.04854794037647,b'2017-02-21/2017-02-27',1487635200
1592,25,1,72.61595750903037,0.003589565165551,b'HadGEM3-GC31-LL',7,0.0002484095610453,254.9450071879796,161.6138771951417,b'ssp245',7.877978755877569,276.92397074996336,284.7217188126002,270.178379596808,b'2017-02-28/2017-03-06',1488240000
1592,25,1,75.51239485967729,0.0025105587290573,b'HadGEM3-GC31-LL',7,0.000660825963868,259.59244448274046,143.66221592801833,b'ssp245',10.505266143070472,271.8888759682904,279.3433760618553,260.54813869182885,b'2017-03-07/2017-03-13',1488844800
1592,25,1,81.52610822649669,0.0040323033649239,b'HadGEM3-GC31-LL',7,0.0007825752007686,280.54934978135776,155.61037471268205,b'ssp245',10.588536937431105,277.3811205699768,282.53869672921985,270.9238211313884,b'2017-03-14/2017-03-20',1489449600
1592,25,1,74.34133044791311,0.003335238140191,b'HadGEM3-GC31-LL',7,0.0002147820578211,268.11541029472494,174.6148098833832,b'ssp245',8.162692246201274,275.40773007459256,283.0783767700196,265.6612826127273,b'2017-03-21/2017-03-27',1490054400
1592,25,1,82.44743023861896,0.0048981911222187,b'HadGEM3-GC31-LL',7,0.0004896617043881,298.58848753429595,169.07075068365526,b'ssp245',9.03950559383347,279.64745374127625,287.43355731475054,273.6183570470566,b'2017-03-28/2017-04-03',1490659200
1592,25,1,74.5468104706579,0.0041291788785424,b'HadGEM3-GC31-LL',7,0.0002203110377264,281.85459840166703,182.6228506696093,b'ssp245',6.848493024761424,277.466359107049,286.28056540856,270.9450727120424,b'2017-04-04/2017-04-10',1491264000
1592,25,1,90.10442093964464,0.0067318017139728,b'HadGEM3-GC31-LL',7,0.0002158234570666,305.3067453440293,207.2377721940205,b'ssp245',5.095776309924466,283.1393805633098,290.1190869258001,273.25823289920123,b'2017-04-11/2017-04-17',1491868800
1592,25,1,76.67351075581144,0.0056239584204569,b'HadGEM3-GC31-LL',7,3.7052580526510446e-05,288.969217377268,234.52373433025767,b'ssp245',4.787036869333777,283.31326898987044,288.9253938136957,277.6537959759052,b'2017-04-18/2017-04-24',1492473600
1592,25,1,82.1260368972471,0.0065317274934369,b'HadGEM3-GC31-LL',7,0.0004240817258647,305.5412410274967,206.4479562895639,b'ssp245',6.084283466959174,283.7695932982169,290.1751263936361,276.67258125696435,b'2017-04-25/2017-05-01',1493078400
1592,25,1,85.25189895769617,0.0077850419091744,b'HadGEM3-GC31-LL',7,0.0001418937392089,303.29558213901174,255.46473649831924,b'ssp245',6.595693778587786,286.13992583446014,292.84819906185834,276.4223292913193,b'2017-05-02/2017-05-08',1493683200
1592,25,1,88.20690963032482,0.0086382471440545,b'HadGEM3-GC31-LL',7,0.0002852303073684,316.22415585220955,250.97429208091765,b'ssp245',6.084753775716702,286.90628254369943,294.00524784968457,279.46382786677435,b'2017-05-09/2017-05-15',1494288000
1592,25,1,89.18437096138142,0.0093947513798258,b'HadGEM3-GC31-LL',7,0.0005188082723921,326.6791101602408,259.73766763568364,b'ssp245',5.075183656980923,288.37145497947387,294.5674716264774,280.005149107713,b'2017-05-16/2017-05-22',1494892800
1592,25,1,84.44920956782805,0.0096686157138229,b'HadGEM3-GC31-LL',7,0.000270972244302,322.331810493609,269.73468993609646,b'ssp245',3.837055722162837,290.7210825406588,295.8864108354618,285.34128154852453,b'2017-05-23/2017-05-29',1495497600
1592,25,1,89.48677672047317,0.010992684947615,b'HadGEM3-GC31-LL',7,0.0003424495661365,337.19068221906167,293.62047493763464,b'ssp245',4.605531647855983,290.6167878301153,297.5263165204953,283.19335081638434,b'2017-05-30/2017-06-05',1496102400
1592,25,1,89.22803279331754,0.0121231812490371,b'HadGEM3-GC31-LL',7,0.0005588910587185,343.30471278459606,283.64263313069887,b'ssp245',5.439022122503638,293.1114625616388,298.7262273446108,284.9277411240798,b'2017-06-06/2017-06-12',1496707200
1592,25,1,89.27775919393743,0.0139838635749626,b'HadGEM3-GC31-LL',7,2.1012606284241925e-05,347.5889916123052,313.44891654353444,b'ssp245',3.722191854765564,295.1879200428834,300.97076851282367,287.5379800062913,b'2017-06-13/2017-06-19',1497312000
1592,25,1,89.82438855468136,0.0135323126930845,b'HadGEM3-GC31-LL',7,0.0001651915148327,365.6726000859188,261.1224340536656,b'ssp245',6.754045330561125,293.8597617586017,303.01976507137994,284.55387800167773,b'2017-06-20/2017-06-26',1497916800
1592,25,1,90.7696403636164,0.0135881303018129,b'HadGEM3-GC31-LL',7,0.0003411069427796,361.6172832866292,284.7745401116955,b'ssp245',3.494941954593082,294.23008643489186,301.1425414452186,285.36004183842584,b'2017-06-27/2017-07-03',1498521600
1592,25,1,86.01789879711556,0.0138593050118214,b'HadGEM3-GC31-LL',7,0.0005745913552328,362.3096600766584,281.54973525442045,b'ssp245',4.650403534427231,295.2149242638669,300.94555781437805,288.6845826858129,b'2017-07-04/2017-07-10',1499126400
1592,25,1,93.47606602867882,0.0168667729976398,b'HadGEM3-GC31-LL',7,0.0001422008439741,378.5514241871817,279.73291365305585,b'ssp245',4.7069729686110895,297.8709557851156,302.6481489034799,290.87099852928753,b'2017-07-11/2017-07-17',1499731200
1592,25,1,96.82320003369789,0.0178391624002413,b'HadGEM3-GC31-LL',7,0.0004188053336446,395.1973995516152,236.905826495244,b'ssp245',3.632595511282976,297.75775764800693,303.7338380080003,290.9401852534368,b'2017-07-18/2017-07-24',1500336000
1592,25,1,88.22840773578966,0.016368927784612,b'HadGEM3-GC31-LL',7,0.0001404420465195,374.1523057148134,283.1715103959863,b'ssp245',4.589106218718784,297.5911591777872,304.46855784685187,289.564681224334,b'2017-07-25/2017-07-31',1500940800
1592,25,1,90.81177321458476,0.0170501657708755,b'HadGEM3-GC31-LL',7,2.032735042888909e-05,377.4613891433884,274.03725081922374,b'ssp245',4.970099115218872,298.3662733210749,303.8402765714206,291.89123608515814,b'2017-08-01/2017-08-07',1501545600
1592,25,1,78.55687495291015,0.0135598016460169,b'HadGEM3-GC31-LL',7,7.921258685553514e-05,355.762536583366,280.45978327461216,b'ssp245',4.107662904557292,296.5649367321979,302.3855211795905,290.2258344796988,b'2017-08-08/2017-08-14',1502150400
1592,25,1,85.16816208214115,0.0154817480606285,b'HadGEM3-GC31-LL',7,0.0002256761798206,370.3530609074966,241.1247911767645,b'ssp245',4.778490424783894,297.44170150477373,302.9572502527481,290.10785723955206,b'2017-08-15/2017-08-21',1502755200
1592,25,1,79.77235732759748,0.0134134128540088,b'HadGEM3-GC31-LL',7,6.980571751339172e-05,360.3399968129812,247.026498350905,b'ssp245',4.383994288060255,296.78585732288855,302.3057357592461,290.2945185441238,b'2017-08-22/2017-08-28',1503360000
1592,25,1,81.41994215891911,0.0131764489188943,b'HadGEM3-GC31-LL',7,0.0007802412581137,355.0820523705675,228.9709291021466,b'ssp245',5.364203214481637,295.0065209455106,302.4770168891321,285.7471321790647,b'2017-08-29/2017-09-04',1503964800
1592,25,1,75.1239155867161,0.0102085961865161,b'HadGEM3-GC31-LL',7,0.0001952547888988,348.6300113384541,205.7069722828848,b'ssp245',5.658523220991914,292.7218784290356,299.4999767694718,286.7908435234657,b'2017-09-05/2017-09-11',1504569600
1592,25,1,75.26763857502642,0.0103200446080199,b'HadGEM3-GC31-LL',7,2.963543281959292e-05,337.1013845087408,222.71072715368027,b'ssp245',4.46595527406359,292.61196564754727,299.5052807147688,285.0023335187863,b'2017-09-12/2017-09-18',1505174400
1592,25,1,87.51254563279204,0.0120681673635885,b'HadGEM3-GC31-LL',7,0.0001128837550794,361.3084194546655,193.3821265042484,b'ssp245',6.794312423074638,293.0313454023648,299.1885108947754,284.22615134410376,b'2017-09-19/2017-09-25',1505779200
1592,25,1,80.69791691643852,0.0099532073964927,b'HadGEM3-GC31-LL',7,5.54105265579006e-05,347.1667251027984,174.31413468511116,b'ssp245',3.429660477726669,291.9328702151121,296.84257370386376,286.5219425788293,b'2017-09-26/2017-10-02',1506384000
1592,25,1,84.30395040057955,0.0107545574848546,b'HadGEM3-GC31-LL',7,2.039617668445569e-06,344.5720379937699,182.1865529315376,b'ssp245',3.063353421787421,292.7683826208989,297.4098582145496,287.0837946182643,b'2017-10-03/2017-10-09',1506988800
1592,25,1,84.74456294202979,0.0102640771562482,b'HadGEM3-GC31-LL',7,0.0001170606317148,350.87261229295,153.265325376839,b'ssp245',6.906750040722417,291.7188279567621,297.997543726212,284.9873577509171,b'2017-10-10/2017-10-16',1507593600
1592,25,1,85.18903104202217,0.0101022659012051,b'HadGEM3-GC31-LL',7,0.0003040318854986,350.1360443101261,134.76680718236793,b'ssp245',4.257853299979763,291.62521200913653,295.9330998934233,284.7364103855232,b'2017-10-17/2017-10-23',1508198400
1592,25,1,71.32704297352187,0.0075173228437544,b'HadGEM3-GC31-LL',7,0.000629203937995,321.8989978971936,133.67279151071122,b'ssp245',6.189672188226121,289.42187936664067,296.039628982544,281.0176753997804,b'2017-10-24/2017-10-30',1508803200
1592,25,1,73.04047128307077,0.0064902113178734,b'HadGEM3-GC31-LL',7,4.786283969046497e-07,301.5784807519599,130.61150031037386,b'ssp245',5.34957974717949,286.3916314652552,293.1207117912097,279.5873834658892,b'2017-10-31/2017-11-06',1509408000
1592,25,1,82.13641962288936,0.0069204008365782,b'HadGEM3-GC31-LL',7,0.0012987924083761,321.03502411196087,88.1087483888144,b'ssp245',11.421158388202446,285.9237340710539,292.83196014013043,279.39373647249664,b'2017-11-07/2017-11-13',1510012800
1592,25,1,67.54502724203871,0.0041904922324443,b'HadGEM3-GC31-LL',7,5.078087547639179e-05,288.9597873897343,97.80737309665471,b'ssp245',8.072377936307328,280.55654214852024,286.7948419130766,274.2118370838655,b'2017-11-14/2017-11-20',1510617600
1592,25,1,80.14126783412893,0.0054379530501979,b'HadGEM3-GC31-LL',7,0.0001791614675968,290.8113406184829,93.76299685348958,b'ssp245',7.450486041960263,282.7981205755101,288.19792385590387,276.49550555302545,b'2017-11-21/2017-11-27',1511222400
1592,25,1,74.54222731013876,0.0043333407351576,b'HadGEM3-GC31-LL',7,0.000190767402878,293.74768441588014,79.09269271840107,b'ssp245',8.20600620245104,280.33103958940336,285.5175893734664,273.94016187618945,b'2017-11-28/2017-12-04',1511827200
1592,25,1,80.52726671023247,0.0045726705889853,b'HadGEM3-GC31-LL',7,0.0011769970144474,293.647500195346,79.1786239042387,b'ssp245',9.703358562601792,279.3989817790496,286.86702694037024,272.9909974611723,b'2017-12-05/2017-12-11',1512432000
1592,25,1,80.98366452311423,0.004513836000541,b'HadGEM3-GC31-LL',7,6.75754878619509e-05,296.0600882449867,82.83044478657483,b'ssp245',4.5176195329798885,280.4489146920788,284.4169526222425,276.50613999978094,b'2017-12-12/2017-12-18',1513036800
1592,25,1,89.37361849096669,0.0053659882228019,b'HadGEM3-GC31-LL',7,0.0010513788550382,329.1218513376984,55.09267972065852,b'ssp245',9.651083774619051,281.4513815156707,285.6818110637176,276.4785064306015,b'2017-12-19/2017-12-25',1513641600
1592,25,1,74.81301173709689,0.0036880111418499,b'HadGEM3-GC31-LL',7,0.000102965527214,289.75420853331855,75.64386353038607,b'ssp245',7.362705087159581,278.1546150598771,282.5165675236629,273.90712713583923,b'2017-12-26/2018-01-01',1514246400
1592,25,1,77.50329788962564,0.004058978592347,b'HadGEM3-GC31-LL',7,0.0005554774879707,300.8723276857928,74.06473988403768,b'ssp245',8.616466382975544,278.6105444771903,284.9218994531876,270.37383407201526,b'2018-01-02/2018-01-08',1514851200
1592,25,1,68.14609806179564,0.0020465180528084,b'HadGEM3-GC31-LL',7,6.962242741209571e-05,254.751362608466,85.71724671234578,b'ssp245',10.242950149508188,270.6009284358322,279.2669129982973,261.86317815536114,b'2018-01-09/2018-01-15',1515456000
1592,25,1,76.62688260724693,0.0031606663129229,b'HadGEM3-GC31-LL',7,0.0003899321023375,276.29158606197376,95.44486878293776,b'ssp245',6.986066028530345,274.7365030141977,281.3172501784105,263.7570609068259,b'2018-01-16/2018-01-22',1516060800
1592,25,1,77.83828592999079,0.003472116430136,b'HadGEM3-GC31-LL',7,0.0006160450169004,295.5568437820826,75.70362542138433,b'ssp245',7.942779442056633,275.76168603862163,284.27549151885205,269.22102443988507,b'2018-01-23/2018-01-29',1516665600
1592,25,1,72.57058895463909,0.0036546681947803,b'HadGEM3-GC31-LL',7,4.0874336134615735e-05,270.57634937370216,121.97770779473444,b'ssp245',6.051579529221678,277.72261537824363,283.60978742746204,270.3961047148093,b'2018-01-30/2018-02-05',1517270400
1592,25,1,70.44389498626794,0.0024840665448455,b'HadGEM3-GC31-LL',7,0.0002360273084386,245.1321108332484,130.9408867682293,b'ssp245',12.280101514452108,272.04221076406407,283.79414533957464,258.32442352099304,b'2018-02-06/2018-02-12',1517875200
1592,25,1,81.86761590063354,0.0021090581531797,b'HadGEM3-GC31-LL',7,0.0001594191716749,243.22641016362792,128.20251679158474,b'ssp245',10.432183137525133,268.66915297595574,280.0066822247628,258.7531679104536,b'2018-02-13/2018-02-19',1518480000
1592,25,1,83.1876555956327,0.0037542532383947,b'HadGEM3-GC31-LL',7,0.0004296045808206,289.7835718650958,116.08433817157815,b'ssp245',9.08248597088751,276.31172015291435,282.344794737987,267.4845621157915,b'2018-02-20/2018-02-26',1519084800
1592,25,1,73.01934234563248,0.0030900540526793,b'HadGEM3-GC31-LL',7,0.0002565626429838,263.01386723151575,154.94631390344531,b'ssp245',9.439999603526497,273.8501512716105,285.37588104834924,260.54101141905176,b'2018-02-27/2018-03-05',1519689600
1592,25,1,72.78746201703838,0.0035906933639718,b'HadGEM3-GC31-LL',7,0.0006506837793311,263.92758655548096,166.115091474065,b'ssp245',8.890752180701211,276.36789336571326,286.2299417349009,267.91244673117615,b'2018-03-06/2018-03-12',1520294400
1592,25,1,84.2948297685756,0.0045729353361367,b'HadGEM3-GC31-LL',7,0.000352235910196,274.44393681606533,162.38319018646914,b'ssp245',5.537702767894818,278.6985542590802,286.9275978773068,269.5777557079609,b'2018-03-13/2018-03-19',1520899200
1592,25,1,83.47252030774351,0.0047284343009434,b'HadGEM3-GC31-LL',7,0.0006857013331798,273.55063125764065,180.6478759500133,b'ssp245',7.282295921292061,278.9252422458523,287.4973977895884,265.8671167324751,b'2018-03-20/2018-03-26',1521504000
1592,25,1,94.18178547345676,0.00604974564025,b'HadGEM3-GC31-LL',7,0.0005450902927827,326.0397431509836,147.63269758748487,b'ssp245',6.967806035345727,281.9528148148086,291.0929415287116,276.7542035518549,b'2018-03-27/2018-04-02',1522108800
1592,25,1,89.2139145445911,0.0065325716024924,b'HadGEM3-GC31-LL',7,3.465214837846021e-05,297.9401851975438,212.9075544552925,b'ssp245',6.450535163774596,283.86223131396395,289.566152719351,276.3169536590577,b'2018-04-03/2018-04-09',1522713600
1592,25,1,75.46546898744046,0.0059533193830597,b'HadGEM3-GC31-LL',7,3.221240967613644e-05,277.1233054255391,239.38719471732333,b'ssp245',7.679855465670646,283.86629791399497,291.9734593904936,273.0313156323556,b'2018-04-10/2018-04-16',1523318400
1592,25,1,80.91844180128078,0.0061937083099796,b'HadGEM3-GC31-LL',7,0.0002217600814845,293.0310866247604,212.03672957333012,b'ssp245',5.977629037021281,283.41818335816106,290.1361683087472,274.0560957590739,b'2018-04-17/2018-04-23',1523923200
1592,25,1,82.74610781756951,0.007448572933464,b'HadGEM3-GC31-LL',7,0.0001111857212126,292.87981257945194,254.1798072856861,b'ssp245',5.714440786576533,286.3671359876137,293.1570290296506,279.7923047481439,b'2018-04-24/2018-04-30',1524528000
1592,25,1,90.15202740959197,0.0085515909127408,b'HadGEM3-GC31-LL',7,0.0006507199203053,322.7554704994509,213.4543462795216,b'ssp245',5.222622515517714,286.9631655766414,292.0385630680965,280.288632612962,b'2018-05-01/2018-05-07',1525132800
1592,25,1,84.79114445836555,0.0087962334275402,b'HadGEM3-GC31-LL',7,0.0002817534734791,309.8670519804344,262.1954081923097,b'ssp245',5.1001732637048205,288.57933029063025,295.2322024320945,282.5338779840713,b'2018-05-08/2018-05-14',1525737600
1592,25,1,93.54548461969956,0.0113760122134701,b'HadGEM3-GC31-LL',7,0.0004761522544235,343.27020934387883,236.3148992175148,b'ssp245',5.678191022558528,291.2734494750753,297.22386942154327,284.2364520537548,b'2018-05-15/2018-05-21',1526342400
1592,25,1,83.94141866173938,0.0105950629872511,b'HadGEM3-GC31-LL',7,0.000102608841478,324.46190400176,302.3018245627155,b'ssp245',4.895561957970644,292.0330356486115,298.331167563414,286.2099549709223,b'2018-05-22/2018-05-28',1526947200
1592,25,1,80.58668217816196,0.0108161101082762,b'HadGEM3-GC31-LL',7,0.000273522148209,323.6503813747085,305.06257120069574,b'ssp245',5.557348419676771,292.6775803129316,300.3599515083509,285.77904755029925,b'2018-05-29/2018-06-04',1527552000
1592,25,1,92.09929002684989,0.0142738986975724,b'HadGEM3-GC31-LL',7,6.20509753059942e-05,362.2440915439592,297.02072580218754,b'ssp245',3.987412670374791,295.0251235263252,303.5915367908967,287.2434742267316,b'2018-06-05/2018-06-11',1528156800
1592,25,1,74.14597356887091,0.0115365250127375,b'HadGEM3-GC31-LL',7,0.000428658188462,338.27614460061324,311.0219169379155,b'ssp245',5.481010124796913,294.5982800578023,302.218433771378,286.45472663488147,b'2018-06-12/2018-06-18',1528761600
1592,25,1,86.99682611772866,0.0133738833447174,b'HadGEM3-GC31-LL',7,0.0003618396428032,357.34499359130865,272.95477888785,b'ssp245',6.096729371028069,294.26149635175216,302.6161267696283,287.3096634791448,b'2018-06-19/2018-06-25',1529366400
1592,25,1,87.44341693605698,0.0153543264837508,b'HadGEM3-GC31-LL',7,0.0003376807270404,361.2006396129455,290.24684125250513,b'ssp245',4.796756997158676,297.14534192906194,302.6833853110289,289.0180950164795,b'2018-06-26/2018-07-02',1529971200
1592,25,1,82.95722115694822,0.0163576871123856,b'HadGEM3-GC31-LL',7,6.516474065475766e-05,365.426132397774,325.04604496798675,b'ssp245',5.068882042125906,298.67296054686386,306.43417343726526,291.446581424811,b'2018-07-03/2018-07-09',1530576000
1592,25,1,78.5488009828351,0.0157976069642425,b'HadGEM3-GC31-LL',7,0.0003549648037735,373.50997806032063,283.5623155356327,b'ssp245',4.646557230052058,299.14111007438913,306.4826568701328,290.56833624228454,b'2018-07-10/2018-07-16',1531180800
1592,25,1,81.60210117053637,0.0156015159138784,b'HadGEM3-GC31-LL',7,5.280097496291766e-05,362.87048350323687,316.37050866906026,b'ssp245',3.6731384906358335,298.39987209166367,304.7187965588692,291.1467390794021,b'2018-07-17/2018-07-23',1531785600
1592,25,1,83.52163075178099,0.0163864535949066,b'HadGEM3-GC31-LL',7,7.00020861384332e-05,369.1164083376037,296.8584348867228,b'ssp245',4.122856946982744,299.4850090641679,303.7467900300638,293.8631188808343,b'2018-07-24/2018-07-30',1532390400
1592,25,1,91.91621449578814,0.0188277183286504,b'HadGEM3-GC31-LL',7,0.0003847994359618,387.97080670171607,255.71248265500472,b'ssp245',4.43512973025605,300.2890261905098,305.196980549739,293.4899482237987,b'2018-07-31/2018-08-06',1532995200
1592,25,1,92.03748647284594,0.0186381791816382,b'HadGEM3-GC31-LL',7,0.0010624978192465,395.0248158143991,206.5468844878368,b'ssp245',6.448442307256518,300.1359631884229,304.90125147501635,291.6983810326993,b'2018-08-07/2018-08-13',1533600000
1592,25,1,92.75237366393374,0.0169878058410982,b'HadGEM3-GC31-LL',7,0.0004435764794258,393.3575653523316,207.03554899264608,b'ssp245',3.673070016688917,298.4957290551601,303.855650975154,291.062118725899,b'2018-08-14/2018-08-20',1534204800
1592,25,1,84.47519601046385,0.0152816914163543,b'HadGEM3-GC31-LL',7,0.0002031191353994,372.7525316175524,225.58545124836456,b'ssp245',4.001536190073133,297.2866129683051,304.95115999075085,289.0572989048103,b'2018-08-21/2018-08-27',1534809600
1592,25,1,76.53117544397767,0.0124732927313063,b'HadGEM3-GC31-LL',7,6.585804225809858e-05,357.98559773623293,229.08457882151063,b'ssp245',5.559891378268218,296.13202009794924,302.9867746402057,285.88829363309424,b'2018-08-28/2018-09-03',1535414400
1592,25,1,79.3259842596648,0.0127199146518783,b'HadGEM3-GC31-LL',7,0.0005718799808048,357.2301377795992,212.286841911274,b'ssp245',3.5666382159669325,295.68067668034485,301.2913249578231,289.1002281873655,b'2018-09-04/2018-09-10',1536019200
1592,25,1,73.49170411113417,0.0110427510407377,b'HadGEM3-GC31-LL',7,0.0002433412890573,349.1068872235197,210.2502769078964,b'ssp245',4.326726346116364,294.0283336988736,301.60201190068176,287.0591385670198,b'2018-09-11/2018-09-17',1536624000
1592,25,1,72.97972227016213,0.0097349201106882,b'HadGEM3-GC31-LL',7,5.268034328291075e-05,340.08105153653213,203.996910577292,b'ssp245',4.79082944672623,292.5087059915284,299.0243002573649,283.17099312024243,b'2018-09-18/2018-09-24',1537228800
1592,25,1,80.91340780956841,0.0107529360122744,b'HadGEM3-GC31-LL',7,5.227202625781921e-05,347.1310341593984,183.1243121213529,b'ssp245',5.605126818457803,292.9910536196643,299.19866654811767,284.8494475438045,b'2018-09-25/2018-10-01',1537833600
1592,25,1,87.42557017357795,0.0105111338925247,b'HadGEM3-GC31-LL',7,0.0009814526588917,362.5530547536774,127.87013773691088,b'ssp245',7.972310158741344,291.4369594727681,296.47067299867297,285.4472007262401,b'2018-10-02/2018-10-08',1538438400
1592,25,1,87.20248162091434,0.0094874751105505,b'HadGEM3-GC31-LL',7,0.0005045855044545,346.34751587473,139.16590885539634,b'ssp245',6.954261761445267,290.1240983061739,294.9603881835937,285.02346772413995,b'2018-10-09/2018-10-15',1539043200
1592,25,1,81.23357707152874,0.008164595112468,b'HadGEM3-GC31-LL',7,0.0005613268248934,334.9344287704636,128.25286722357893,b'ssp245',7.46728169677895,288.5944864321978,294.480864353669,282.1985453092135,b'2018-10-16/2018-10-22',1539648000
1592,25,1,80.89262904177656,0.007984464550169,b'HadGEM3-GC31-LL',7,0.0002923210506824,322.51637311383485,146.75845228272047,b'ssp245',6.701206496401585,288.55527451623493,294.43281237284344,283.009793257102,b'2018-10-23/2018-10-29',1540252800
1592,25,1,81.73249217966101,0.0081129865958602,b'HadGEM3-GC31-LL',7,0.0003163946421655,320.79124095064384,121.22897736755483,b'ssp245',7.916363850727188,288.17881294921204,294.834767757318,277.5163607964149,b'2018-10-30/2018-11-05',1540857600
1592,25,1,78.9863181585794,0.0061284474503579,b'HadGEM3-GC31-LL',7,0.0002638602799242,310.0276046305786,109.79564402653624,b'ssp245',8.22955297823354,284.01308330773435,291.6718139648437,276.3714739970672,b'2018-11-06/2018-11-12',1541462400
1592,25,1,85.53652441981949,0.0066166259537087,b'HadGEM3-GC31-LL',7,7.085421171402719e-05,331.4769681783823,92.60978331932655,b'ssp245',7.38783148384138,285.2962104531872,289.7844363970635,277.72557419997,b'2018-11-13/2018-11-19',1542067200
1592,25,1,70.16796933512985,0.0038956657464397,b'HadGEM3-GC31-LL',7,0.0002997417691845,298.88695984445656,81.03939543800914,b'ssp245',8.14344056229015,278.8571457146725,285.4238468072353,274.4564258379814,b'2018-11-20/2018-11-26',1542672000
1592,25,1,72.58252043252465,0.0043416941624164,b'HadGEM3-GC31-LL',7,0.0004137430468003,286.3003069070669,84.77775306492062,b'ssp245',8.742884153084004,279.28874263134634,292.1929990328276,269.2294157468356,b'2018-11-27/2018-12-03',1543276800
1592,25,1,70.08923289278052,0.0035566671706877,b'HadGEM3-GC31-LL',7,5.735571999055404e-05,258.6539044956585,90.15812758124356,b'ssp245',7.36684456347546,277.76802772130725,281.9598290370061,271.7248718066093,b'2018-12-04/2018-12-10',1543881600
1592,25,1,78.18857638565176,0.0039380108683895,b'HadGEM3-GC31-LL',7,0.0003293476219134,292.20390031975273,71.2662642447503,b'ssp245',7.819181416552146,277.18070655515345,284.8911773486016,270.6366539001465,b'2018-12-11/2018-12-17',1544486400
1592,25,1,78.9207854952131,0.0040612883635347,b'HadGEM3-GC31-LL',7,0.0003380256713573,283.21076379852855,79.11476500479729,b'ssp245',10.245871647810327,277.7290052896018,285.0115242004395,270.6737537873097,b'2018-12-18/2018-12-24',1545091200
1592,25,1,76.70949716707727,0.0039422251179113,b'HadGEM3-GC31-LL',7,0.0001833244217712,283.8700618359632,68.71232257221209,b'ssp245',7.353334432392766,277.9004512479454,284.95079617622577,266.6773323156895,b'2018-12-25/2018-12-31',1545696000
1592,25,1,72.90234665818267,0.0036309289644389,b'HadGEM3-GC31-LL',7,0.0001605851907196,279.3588509122968,80.42787440792547,b'ssp245',8.053144732019403,277.1328998956925,284.91494076068585,263.1007715371939,b'2019-01-01/2019-01-07',1546300800
1592,25,1,73.2433614206838,0.0030315196829591,b'HadGEM3-GC31-LL',7,0.0003186099019496,267.17562181521686,89.16452366091832,b'ssp245',6.579175334492009,274.49876554021034,285.76367632548016,267.9286896632268,b'2019-01-08/2019-01-14',1546905600
1592,25,1,71.7921165861053,0.0032855362172221,b'HadGEM3-GC31-LL',7,0.0006916902842877,278.8650863354023,85.1616224971883,b'ssp245',8.747118140860792,275.63555739825466,288.2172049008884,267.16079325553704,b'2019-01-15/2019-01-21',1547510400
1592,25,1,70.78672084703551,0.0032892931500473,b'HadGEM3-GC31-LL',7,0.0005476416800243,260.4754524545355,112.89834650095568,b'ssp245',8.397450720325057,275.5474590469193,288.26279571728827,264.85735531342334,b'2019-01-22/2019-01-28',1548115200
1592,25,1,71.52426055848818,0.0027333779952984,b'HadGEM3-GC31-LL',7,0.0002484702533693,259.3853621500316,109.87416951822274,b'ssp245',8.977299230766821,273.16910438397866,282.80154873774603,260.83406101129,b'2019-01-29/2019-02-04',1548720000
1592,25,1,74.74411342956208,0.0030668268841392,b'HadGEM3-GC31-LL',7,0.0003065750118675,260.05908742143123,115.45336234613217,b'ssp245',10.044231775261109,274.331658974672,281.899861800365,265.5039751101763,b'2019-02-05/2019-02-11',1549324800
1592,25,1,81.8050445951385,0.0030773706867865,b'HadGEM3-GC31-LL',7,0.0001973512164788,268.1740098715702,121.7818305920332,b'ssp245',9.532989551241585,273.16911810571025,282.9908397381123,258.41768939678485,b'2019-02-12/2019-02-18',1549929600
1592,25,1,87.13425692883168,0.0036362804466689,b'HadGEM3-GC31-LL',7,0.0007649514129593,284.9445358143621,110.67992185323668,b'ssp245',8.744973468201938,273.9461666777894,285.44487894498394,259.84812545776373,b'2019-02-19/2019-02-25',1550534400
1592,25,1,80.13346310674926,0.0030453370653468,b'HadGEM3-GC31-LL',7,0.0005619890577737,263.3247928933783,143.7456610752986,b'ssp245',8.712767100487001,273.03890488173937,287.6216507447072,262.7600447336833,b'2019-02-26/2019-03-04',1551139200
1592,25,1,77.470036200988,0.003660890015973,b'HadGEM3-GC31-LL',7,0.0004941521466156,260.2264745907906,167.14641705886788,b'ssp245',9.741611504729416,275.0096080486591,288.3560740642058,262.6497450608473,b'2019-03-05/2019-03-11',1551744000
1592,25,1,75.4282086288536,0.0035980028893897,b'HadGEM3-GC31-LL',7,0.0003127721855774,263.1972695130568,174.84800284598776,b'ssp245',9.119533134576605,276.40496096069563,286.8834941081512,268.0398364433876,b'2019-03-12/2019-03-18',1552348800
1592,25,1,80.09536090962617,0.0030549145692783,b'HadGEM3-GC31-LL',7,0.0004475480348082,264.2294747244308,176.88564931604017,b'ssp245',9.135901940392923,273.3042518489964,279.06941741552106,267.05520067459497,b'2019-03-19/2019-03-25',1552953600
1592,25,1,73.93360965941852,0.0030041531762644,b'HadGEM3-GC31-LL',7,0.0001003978343917,258.0852766281519,192.8307759962676,b'ssp245',7.420572742001042,274.134311571226,283.3888873564892,261.3760777008839,b'2019-03-26/2019-04-01',1553558400
1592,25,1,81.7856621628716,0.0053772200255026,b'HadGEM3-GC31-LL',7,0.0002094187676457,279.6111586713966,211.10228430220496,b'ssp245',7.79547138353844,280.73143693553664,292.20899146642444,270.97907139704785,b'2019-04-02/2019-04-08',1554163200
1592,25,1,85.88957218372778,0.0060725339211611,b'HadGEM3-GC31-LL',7,0.0001709106245084,299.29852704338106,197.7396365417229,b'ssp245',6.618138079569017,282.3820248977606,290.99912315759906,274.47465906387725,b'2019-04-09/2019-04-15',1554768000
1592,25,1,85.79644961933514,0.0065089674430281,b'HadGEM3-GC31-LL',7,0.0001883028000763,311.7673627483103,191.59461340013445,b'ssp245',6.504787808700359,282.82148830707257,290.9189807207157,273.09056658622546,b'2019-04-16/2019-04-22',1555372800
1592,25,1,89.41727371879551,0.0076174534981576,b'HadGEM3-GC31-LL',7,0.0002727528118547,316.17972364181134,215.73266799109325,b'ssp245',5.482874287954181,284.91204619494994,291.6507735130115,277.6215416345841,b'2019-04-23/2019-04-29',1555977600
1592,25,1,76.66837221362216,0.0060085669668832,b'HadGEM3-GC31-LL',7,0.0006458283413253,293.86635381398185,218.92545745136977,b'ssp245',6.808071967992155,283.0189322517032,291.0409739567684,273.0743968181121,b'2019-04-30/2019-05-06',1556582400
1592,25,1,79.6381816252684,0.006839993559809,b'HadGEM3-GC31-LL',7,5.047226385357089e-05,287.472300854358,284.4333454697997,b'ssp245',4.324194060249643,285.0569612132761,290.29252238151355,275.9621398632343,b'2019-05-07/2019-05-13',1557187200
1592,25,1,84.14921600216039,0.0086611382024244,b'HadGEM3-GC31-LL',7,6.858228561358059e-05,306.95990784613645,296.0843878945152,b'ssp245',5.447822867131933,287.90573120815856,294.8886513832288,281.14204035049835,b'2019-05-14/2019-05-20',1557792000
1592,25,1,89.43212322787052,0.0099094074631822,b'HadGEM3-GC31-LL',7,0.0004287111326503,334.4684979085957,232.5106494260795,b'ssp245',4.1614571296142575,288.92748950776604,295.5148357978234,279.08626585740313,b'2019-05-21/2019-05-27',1558396800
1592,25,1,86.44299904505412,0.0102268440679615,b'HadGEM3-GC31-LL',7,0.0001572195042526,328.7586523901412,286.5946353835501,b'ssp245',4.579400012617583,290.25807301727406,296.64008898612786,283.3270004957151,b'2019-05-28/2019-06-03',1559001600
1592,25,1,81.34995998655049,0.0104426649186312,b'HadGEM3-GC31-LL',7,0.0005491243209128,325.5258681468475,305.62740205408454,b'ssp245',4.69814133371189,291.3596620594626,299.68469639313525,282.44349460112744,b'2019-06-04/2019-06-10',1559606400
1592,25,1,88.20795294653365,0.0128367642649012,b'HadGEM3-GC31-LL',7,0.0001946257613214,349.3869921366374,277.1886126479823,b'ssp245',4.063769409098687,293.788913608034,300.0714165125138,287.1064254076053,b'2019-06-11/2019-06-17',1560211200
1592,25,1,93.25368573115422,0.0137699200038715,b'HadGEM3-GC31-LL',7,0.0005175256969369,365.79811993274063,246.69280337239363,b'ssp245',4.934210069177352,294.6333581833613,301.37037834754364,288.4590546045548,b'2019-06-18/2019-06-24',1560816000
1592,25,1,91.2230919237102,0.0150012479162853,b'HadGEM3-GC31-LL',7,0.0001177470054093,374.063094338218,285.6536616755056,b'ssp245',4.709594204148531,295.615599272452,303.7146074833014,286.56123004815515,b'2019-06-25/2019-07-01',1561420800
1592,25,1,80.04074966514504,0.0132120359175575,b'HadGEM3-GC31-LL',7,0.0003455531476215,356.6357402102852,296.11659828297826,b'ssp245',6.212656871248514,295.5655553768843,305.3977369161753,284.1659822219458,b'2019-07-02/2019-07-08',1562025600
1592,25,1,93.68824834439344,0.0151132984880456,b'HadGEM3-GC31-LL',7,0.0005303608964108,375.87367424598114,271.1294193547287,b'ssp245',4.868669197072477,295.1390093569354,302.27829610384424,285.7748579367613,b'2019-07-09/2019-07-15',1562630400
1592,25,1,90.4601475589878,0.0164983982858657,b'HadGEM3-GC31-LL',7,0.0002105937191204,377.2521492814843,289.58130736578084,b'ssp245',5.491063018830923,297.4540755373218,303.27374472984906,290.904255157862,b'2019-07-16/2019-07-22',1563235200
1592,25,1,85.08052280970982,0.0158606836322401,b'HadGEM3-GC31-LL',7,0.0002209518831185,374.1171985807873,277.53888848413044,b'ssp245',5.062336569140247,297.9839011950371,303.8949331625914,289.4114695328933,b'2019-07-23/2019-07-29',1563840000
1592,25,1,85.44575582755793,0.0144390140812768,b'HadGEM3-GC31-LL',7,0.0003972321144373,371.3105414184459,244.9191599224077,b'ssp245',5.020675167004704,296.0800392094986,302.2607044317784,290.02575624906103,b'2019-07-30/2019-08-05',1564444800
1592,25,1,93.39175978335706,0.0177343370036422,b'HadGEM3-GC31-LL',7,0.000225310402635,383.0412535545154,256.88591476761815,b'ssp245',3.820846071883,298.7828666910585,303.6077976226807,293.6466780931522,b'2019-08-06/2019-08-12',1565049600
1592,25,1,79.04372315703732,0.0140690023225352,b'HadGEM3-GC31-LL',7,0.0001925097876348,363.3728459396642,256.1872981354431,b'ssp245',4.76085611091647,297.3843224214547,304.30863972199273,289.53895798707623,b'2019-08-13/2019-08-19',1565654400
1592,25,1,88.13856876289454,0.0157475175149226,b'HadGEM3-GC31-LL',7,0.0001255266172514,374.6274264339127,234.78271981473367,b'ssp245',3.009203100924964,298.23703346671647,302.5201848347982,292.0745305281419,b'2019-08-20/2019-08-26',1566259200
1592,25,1,82.54975101100658,0.0153066113417636,b'HadGEM3-GC31-LL',7,0.0003500368865536,375.36215704614,221.99002291780693,b'ssp245',5.172294401805916,297.7780809088068,304.446315520849,288.36297573187414,b'2019-08-27/2019-09-02',1566864000
1592,25,1,72.80403791853797,0.0114083777221461,b'HadGEM3-GC31-LL',7,6.877537260221218e-06,346.669920421782,229.82526500059137,b'ssp245',3.6674889101213592,295.67012636652805,301.164339750241,288.52224237490924,b'2019-09-03/2019-09-09',1567468800
1592,25,1,86.11826311013638,0.0146277719085622,b'HadGEM3-GC31-LL',7,0.0002848235583906,370.97350075131374,205.89042648203647,b'ssp245',5.67823487503843,296.6403780507518,302.25293526282684,289.17481828347235,b'2019-09-10/2019-09-16',1568073600
1592,25,1,85.8112225881863,0.0116998849870745,b'HadGEM3-GC31-LL',7,0.0005056768916244,372.0546860397954,154.00527164263605,b'ssp245',6.738313182533443,292.5788915305784,300.35988881037787,284.7690849793263,b'2019-09-17/2019-09-23',1568678400
1592,25,1,69.28436417195387,0.0088043284692866,b'HadGEM3-GC31-LL',7,0.0003073063156211,329.8945839221661,193.6288780869145,b'ssp245',4.134337012065855,292.0205550420852,298.4729691040822,285.8910130720872,b'2019-09-24/2019-09-30',1569283200
1592,25,1,78.73525581604396,0.0085002863151745,b'HadGEM3-GC31-LL',7,0.0004115265517704,328.18051696609666,164.32659977434324,b'ssp245',5.959677821932695,289.104850824936,297.636053965642,278.86507102770685,b'2019-10-01/2019-10-07',1569888000
1592,25,1,77.22115537622473,0.0082662309832945,b'HadGEM3-GC31-LL',7,0.0003161605057758,320.17988522148835,158.04228675758446,b'ssp245',6.085825215929595,289.39087421990143,295.73426672128534,279.6242795112805,b'2019-10-08/2019-10-14',1570492800
1592,25,1,76.42906980724126,0.0073241417624794,b'HadGEM3-GC31-LL',7,0.0001361469982976,300.1983683170417,168.28367537194558,b'ssp245',5.456803302461411,287.3783474108239,294.7653105809139,279.0772010607597,b'2019-10-15/2019-10-21',1571097600
1592,25,1,90.3026542523842,0.0097934287862302,b'HadGEM3-GC31-LL',7,1.0831348012593422e-05,337.5643017388089,148.37843362927,b'ssp245',3.552924672052974,290.3684814089821,294.82646594903406,283.407226171249,b'2019-10-22/2019-10-28',1571702400
1592,25,1,81.10703442646908,0.0083816239652743,b'HadGEM3-GC31-LL',7,0.0005047721526803,329.22519162635666,129.71218722556537,b'ssp245',6.6697072222992615,287.8915087381999,295.501081613394,276.95992440443774,b'2019-10-29/2019-11-04',1572307200
1592,25,1,70.44712857187014,0.0055917068689484,b'HadGEM3-GC31-LL',7,0.0002120607843878,301.9629312382513,120.27987766789867,b'ssp245',8.660342542133927,284.1459934807523,293.0659681955974,277.5725606282553,b'2019-11-05/2019-11-11',1572912000
1592,25,1,76.65647478243372,0.0059670672152615,b'HadGEM3-GC31-LL',7,0.0006603624002907,309.85678925007693,100.16987442358946,b'ssp245',6.329360395451606,284.3646100641608,290.6397152436085,277.73438321627106,b'2019-11-12/2019-11-18',1573516800
1592,25,1,76.21373651141212,0.0050680806991774,b'HadGEM3-GC31-LL',7,0.0003787177173717,301.1979170509311,90.731237584418,b'ssp245',9.31974481466489,281.31056142814,290.72774691459466,274.55130714025256,b'2019-11-19/2019-11-25',1574121600
1592,25,1,66.34838651300787,0.0033375339936178,b'HadGEM3-GC31-LL',7,0.0001010933625513,286.2087755517645,82.75868600454088,b'ssp245',7.520479093541156,277.4443022479942,281.905806419177,271.94975618215705,b'2019-11-26/2019-12-02',1574726400
1592,25,1,73.74278657078307,0.0040343207545,b'HadGEM3-GC31-LL',7,0.0003463945690226,286.9385536634005,83.30126414805544,b'ssp245',7.689801010347549,278.3429714524266,288.9141355172182,270.8817121554644,b'2019-12-03/2019-12-09',1575331200
1592,25,1,75.46316842281774,0.0043387582014214,b'HadGEM3-GC31-LL',7,0.0001759537467507,277.91371433202164,83.42786675407774,b'ssp245',5.51065115963583,280.0532877436488,285.00711934994433,272.99420845814245,b'2019-12-10/2019-12-16',1575936000
1592,25,1,76.9748091575427,0.0040857507886693,b'HadGEM3-GC31-LL',7,0.000415829811427,294.7030553747883,73.2902323003217,b'ssp245',7.784743468075882,278.9414664816944,284.5903504200471,270.3985267541348,b'2019-12-17/2019-12-23',1576540800
1592,25,1,73.5740900598603,0.0039068226540574,b'HadGEM3-GC31-LL',7,2.7751393508660494e-06,275.5803775123624,88.87300371687056,b'ssp245',7.561645768064283,278.6572705363179,284.59975765912964,270.6116051307092,b'2019-12-24/2019-12-30',1577145600
1592,25,1,61.251655236268654,0.0027584668964547,b'HadGEM3-GC31-LL',1,1.647951821089814e-06,246.2275718542245,94.38649764427772,b'ssp245',7.803981501322528,276.1598124870887,280.08917969923755,272.2304409222725,b'2019-12-31/2020-01-06',1577750400
2855,25,3,68.60452676995337,0.002235171874285,b'HadGEM3-GC31-LL',5,8.162527792025405e-05,245.38633574750256,77.47874833876308,b'ssp245',7.240783372997913,272.72864738815844,275.6452525896108,269.6065251489103,b'2014-12-30/2015-01-05',1419897600
2855,25,3,75.37834912894664,0.0020334130339543,b'HadGEM3-GC31-LL',7,0.0004219990078462,234.38969193558364,85.98017744674021,b'ssp245',8.0489071186842,266.91340462939013,279.8021172141856,247.9830536881113,b'2015-01-06/2015-01-12',1420502400
2855,25,3,84.60328739199242,0.0018696845146374,b'HadGEM3-GC31-LL',7,8.388580340990001e-06,224.8482324962293,103.1378842298562,b'ssp245',4.299526190446998,263.69261707006103,275.87839401231327,243.61366646895027,b'2015-01-13/2015-01-19',1421107200
2855,25,3,82.05116916764302,0.0012847112634462,b'HadGEM3-GC31-LL',7,1.847884944311164e-05,211.18855527059875,106.38005079012682,b'ssp245',4.855060298176085,261.03047653751565,270.7292199276973,247.38732855020604,b'2015-01-20/2015-01-26',1421712000
2855,25,3,79.41799475827021,0.0016043662548904,b'HadGEM3-GC31-LL',7,4.905689561481631e-06,214.17587276138264,124.58003268732315,b'ssp245',4.457500378721559,264.0236748825705,274.89903131086976,250.46208008970345,b'2015-01-27/2015-02-02',1422316800
2855,25,3,65.54216277520877,0.0026334714978589,b'HadGEM3-GC31-LL',7,0.000255529515651,239.2716845803944,124.04539344818116,b'ssp245',5.713044607834687,273.16738987695106,284.11119615783963,262.077878543678,b'2015-02-03/2015-02-09',1422921600
2855,25,3,65.10046053788079,0.0024804192536021,b'HadGEM3-GC31-LL',7,4.468770429777155e-06,231.2914801900472,147.64282565449784,b'ssp245',4.554211737217633,273.79501664135466,280.33666021800184,265.20318429838346,b'2015-02-10/2015-02-16',1423526400
2855,25,3,59.73402113452359,0.0023649785976566,b'HadGEM3-GC31-LL',7,4.014430751192229e-05,223.34645197335817,160.8679457470161,b'ssp245',5.737532384288834,273.14724159216104,283.50046928702113,260.6954256383384,b'2015-02-17/2015-02-23',1424131200
2855,25,3,56.83179156650096,0.0012449203852831,b'HadGEM3-GC31-LL',7,3.252038012626831e-06,195.2907342264645,184.450134675108,b'ssp245',6.958392944531619,267.1153395698676,278.44194189276686,255.5531906913612,b'2015-02-24/2015-03-02',1424736000
2855,25,3,75.8967837211716,0.0024947909612024,b'HadGEM3-GC31-LL',7,0.0001926346778312,235.1017804787626,163.6835717902612,b'ssp245',5.594446098593715,270.10598289380454,281.22702293775046,247.4658584112289,b'2015-03-03/2015-03-09',1425340800
2855,25,3,90.66532880916245,0.0029107319771566,b'HadGEM3-GC31-LL',7,0.0006612284291368,252.703110454036,136.14324366537147,b'ssp245',5.8189922664254405,269.80617887187054,277.13671990784843,251.92313199616163,b'2015-03-10/2015-03-16',1425945600
2855,25,3,84.02964258827784,0.0036403299501009,b'HadGEM3-GC31-LL',7,7.002506816678322e-05,252.3764106296603,198.9855044634823,b'ssp245',3.72812186513259,274.613951278019,280.8674960941911,265.1454437448833,b'2015-03-17/2015-03-23',1426550400
2855,25,3,79.89187067760191,0.0045392175948793,b'HadGEM3-GC31-LL',7,0.000637991782993,266.2689548462402,171.8172434581481,b'ssp245',5.462093117745064,276.8744309095893,292.9580766493496,261.98689646320287,b'2015-03-24/2015-03-30',1427155200
2855,25,3,85.33383103490166,0.0056812294891301,b'HadGEM3-GC31-LL',7,0.0003172769412501,288.5339459202523,183.61961372228785,b'ssp245',4.057045406734639,280.35858772997545,291.9216144289535,271.62966028504684,b'2015-03-31/2015-04-06',1427760000
2855,25,3,85.87395996554525,0.0052282353563856,b'HadGEM3-GC31-LL',7,0.0008067216966076,289.4241965807458,172.03998692190436,b'ssp245',7.255737246167413,279.86300734006625,290.3372328843527,273.91699111235494,b'2015-04-07/2015-04-13',1428364800
2855,25,3,79.21316190122218,0.0049831876457328,b'HadGEM3-GC31-LL',7,0.0001381147857251,259.5046761916797,244.41395564515568,b'ssp245',3.980626294637191,280.1943276080797,293.5402509487741,269.54715255282434,b'2015-04-14/2015-04-20',1428969600
2855,25,3,87.13606463255212,0.0076138318876511,b'HadGEM3-GC31-LL',7,0.0002926053018923,304.1945047116399,213.2337982417968,b'ssp245',4.103717907149801,285.0234279694104,295.87845992697385,275.79696079105975,b'2015-04-21/2015-04-27',1429574400
2855,25,3,85.85970970584061,0.0075413374867131,b'HadGEM3-GC31-LL',7,0.0001039305057911,292.6907669797929,241.6355652985749,b'ssp245',2.5593756345152494,285.4106281480876,293.4642623722176,276.68620756540406,b'2015-04-28/2015-05-04',1430179200
2855,25,3,79.11313812279488,0.0069902695450175,b'HadGEM3-GC31-LL',7,0.0001657200161907,290.5466253458107,260.09678755053886,b'ssp245',4.14062974711113,284.56173904543,298.32709765757323,272.35851857806495,b'2015-05-05/2015-05-11',1430784000
2855,25,3,79.2757995109248,0.0074253800366679,b'HadGEM3-GC31-LL',7,0.000154415140798,291.50934579071185,269.3995544319384,b'ssp245',4.672822152280641,285.5535406156238,296.6726779954974,269.9502711515762,b'2015-05-12/2015-05-18',1431388800
2855,25,3,83.59331515404867,0.0103211770412736,b'HadGEM3-GC31-LL',7,0.0002293533052881,320.4350404541236,281.842486883782,b'ssp245',4.00368644439231,290.58821083312034,299.4452697698771,273.4359523149471,b'2015-05-19/2015-05-25',1431993600
2855,25,3,79.59581423710355,0.0103150304287415,b'HadGEM3-GC31-LL',7,0.0003798801922852,318.9089281075015,308.68806371665454,b'ssp245',4.493525520557433,291.0920592694609,302.27029137753533,273.4359523149471,b'2015-05-26/2015-06-01',1432598400
2855,25,3,86.86782782762984,0.0117080058596747,b'HadGEM3-GC31-LL',7,0.0003052959373818,346.4385912800807,255.9237006061045,b'ssp245',3.778222558067328,292.49806935458906,300.7683949319758,280.996432420684,b'2015-06-02/2015-06-08',1433203200
2855,25,3,88.14729824600288,0.0141098120843887,b'HadGEM3-GC31-LL',7,0.0005353217107913,355.4533289073589,285.0009629262741,b'ssp245',3.3248127993190955,295.4222592678604,305.90577952756246,283.5136680706406,b'2015-06-09/2015-06-15',1433808000
2855,25,3,77.09582653629009,0.0114864964342925,b'HadGEM3-GC31-LL',7,0.0002996276408116,331.96336378333086,326.42258710439074,b'ssp245',3.094301512355511,293.095686596122,302.50401381963843,280.6907274751051,b'2015-06-16/2015-06-22',1434412800
2855,25,3,76.15960674258812,0.0107228211234787,b'HadGEM3-GC31-LL',7,0.0002586626417819,330.6707620397969,296.88106084063764,b'ssp245',4.112109010397103,291.84764317497616,299.65672138217553,280.56051470335257,b'2015-06-23/2015-06-29',1435017600
2855,25,3,82.03887708671077,0.0141465374618212,b'HadGEM3-GC31-LL',7,7.672488522849514e-05,357.3799401535681,314.2794833122368,b'ssp245',3.2465357283251195,296.06316200578294,306.5080024422884,278.8789010672496,b'2015-06-30/2015-07-06',1435622400
2855,25,3,84.92558695790319,0.0147978423348621,b'HadGEM3-GC31-LL',7,0.0006431709521382,369.0018443148095,267.8695193300679,b'ssp245',4.548926767787251,297.1737090398887,304.20053202586865,282.5215554448432,b'2015-07-07/2015-07-13',1436227200
2855,25,3,82.15875951156782,0.0166019704041441,b'HadGEM3-GC31-LL',7,0.0004244965277722,377.94647868185103,274.4589498167669,b'ssp245',3.7966018285208594,299.90270287600737,312.56040743696,287.4568339471033,b'2015-07-14/2015-07-20',1436832000
2855,25,3,81.58625523981577,0.0131515869713337,b'HadGEM3-GC31-LL',7,0.0003780411200582,354.87335032976154,257.75449539206227,b'ssp245',3.388582270473706,294.4791810649458,301.10100502351867,284.1498447270036,b'2015-07-21/2015-07-27',1437436800
2855,25,3,80.67902070627716,0.0136555747241636,b'HadGEM3-GC31-LL',7,0.0003182225554016,357.5722453390218,257.381022413064,b'ssp245',3.147740417502744,294.82983069198946,304.2092559456071,282.575704710701,b'2015-07-28/2015-08-03',1438041600
2855,25,3,87.22688084138501,0.015322705151859,b'HadGEM3-GC31-LL',7,0.0006004498318242,371.9650101139247,240.5977564609993,b'ssp245',3.252208545848252,297.36889599996897,305.43657763583656,287.90351196399325,b'2015-08-04/2015-08-10',1438646400
2855,25,3,82.49387231231857,0.0144939114775804,b'HadGEM3-GC31-LL',7,0.0002394715014069,363.75718386703375,248.4550141637164,b'ssp245',3.1320900770753,296.4005756680927,305.67820457175924,282.15808394930866,b'2015-08-11/2015-08-17',1439251200
2855,25,3,87.65936134762725,0.0166404975561602,b'HadGEM3-GC31-LL',7,0.0004435969915662,383.3640729741968,217.0068652539088,b'ssp245',2.552342671173621,299.44976830664007,306.89521198221007,291.3569865791024,b'2015-08-18/2015-08-24',1439856000
2855,25,3,77.63176541507497,0.0138848090634722,b'HadGEM3-GC31-LL',7,0.0001368204633592,363.1794219470544,236.2090985746995,b'ssp245',3.567340481864327,296.9802959155137,306.2528685145046,283.9252107063714,b'2015-08-25/2015-08-31',1440460800
2855,25,3,76.4357229624891,0.0107114684092213,b'HadGEM3-GC31-LL',7,0.0004966482527061,339.62285023766924,226.5840437068587,b'ssp245',4.202321793836445,292.004506830739,302.6654417732328,278.8427628514566,b'2015-09-01/2015-09-07',1441065600
2855,25,3,71.58754413194664,0.0106572670839723,b'HadGEM3-GC31-LL',7,2.10196862616298e-06,335.912201089203,233.68883592283387,b'ssp245',3.520333961388851,292.9817337664285,307.49661241098903,278.6377772992004,b'2015-09-08/2015-09-14',1441670400
2855,25,3,81.88769880967503,0.0116859641185003,b'HadGEM3-GC31-LL',7,3.9884334019713486e-05,344.7134459314999,218.4381889848344,b'ssp245',1.8775022142947848,293.18443506083065,302.0392126894901,281.6408720352462,b'2015-09-15/2015-09-21',1442275200
2855,25,3,71.8784933416347,0.0085103802776795,b'HadGEM3-GC31-LL',7,7.397427465303555e-05,322.9849051410174,207.4566798410133,b'ssp245',3.917520214179389,289.52769501917834,302.0856564736301,277.6668077863436,b'2015-09-22/2015-09-28',1442880000
2855,25,3,69.15942993981251,0.0068052822268118,b'HadGEM3-GC31-LL',7,5.838399600796822e-05,305.7290874485631,183.03655473209685,b'ssp245',4.99709704294868,286.17757018499486,298.335754890752,271.08504482638006,b'2015-09-29/2015-10-05',1443484800
2855,25,3,71.73951130796976,0.0076530359739864,b'HadGEM3-GC31-LL',7,2.448174644566781e-05,305.0350165480966,187.34733076264183,b'ssp245',3.3466073710282456,287.58795913891225,299.90145642453734,274.25874514696073,b'2015-10-06/2015-10-12',1444089600
2855,25,3,77.06421881919523,0.0080598306458513,b'HadGEM3-GC31-LL',7,0.000109310108707,315.1198198646095,151.7950319119585,b'ssp245',3.959643155655594,288.37339012194235,296.82362838510784,276.34766799389183,b'2015-10-13/2015-10-19',1444694400
2855,25,3,72.12260568303466,0.0060389226898387,b'HadGEM3-GC31-LL',7,7.067914963125555e-05,290.63204492521464,156.225955304953,b'ssp245',4.539656416833561,284.03750313800566,296.42410735946135,271.4518139571247,b'2015-10-20/2015-10-26',1445299200
2855,25,3,69.9166548267797,0.0048482341229494,b'HadGEM3-GC31-LL',7,3.15831310459164e-05,281.962301851165,132.85172956887328,b'ssp245',5.285722663132108,281.62810232901137,292.6645214215203,271.64190194148034,b'2015-10-27/2015-11-02',1445904000
2855,25,3,68.47288968938753,0.003475696367609,b'HadGEM3-GC31-LL',7,3.142138485183754e-05,256.2221426496753,130.62121069565143,b'ssp245',4.0576271879733,277.1906075511444,286.9916824299469,266.65233476289023,b'2015-11-03/2015-11-09',1446508800
2855,25,3,75.92162647707598,0.0039927521448006,b'HadGEM3-GC31-LL',7,4.808209522894856e-05,270.9241746761426,109.88958012640803,b'ssp245',4.81666898542811,277.1074212645696,286.5761009429959,268.2559250139824,b'2015-11-10/2015-11-16',1447113600
2855,25,3,68.27051432195178,0.0030170382109844,b'HadGEM3-GC31-LL',7,0.0001615996288704,256.81345361228875,103.68222798795324,b'ssp245',4.287523929065758,275.3191250279144,285.36181001051546,267.1844619158268,b'2015-11-17/2015-11-23',1447718400
2855,25,3,78.44943732540904,0.0051014387766412,b'HadGEM3-GC31-LL',7,0.0002836283644052,294.77097801713575,87.34221586797726,b'ssp245',6.097351598745776,279.3128896829681,290.2519504784891,269.4923399776193,b'2015-11-24/2015-11-30',1448323200
2855,25,3,83.99963872173336,0.0034151029982059,b'HadGEM3-GC31-LL',7,0.0001477229322691,262.91021186217193,84.87123055285153,b'ssp245',5.388486133850625,272.5612488620003,285.70565969575705,262.635030276084,b'2015-12-01/2015-12-07',1448928000
2855,25,3,82.41819124791618,0.0038306517391898,b'HadGEM3-GC31-LL',7,0.0005829758853411,270.8205169567463,69.80482540064156,b'ssp245',4.914086545509035,275.18117595361974,282.01995331334325,268.3620178994555,b'2015-12-08/2015-12-14',1449532800
2855,25,3,80.25133632256731,0.0050501965934833,b'HadGEM3-GC31-LL',7,0.0002713718276516,289.8169015118161,70.05992891964165,b'ssp245',6.446160635250984,279.5510292619348,288.94889943192646,271.61840880961705,b'2015-12-15/2015-12-21',1450137600
2855,25,3,65.9832219241865,0.0021494835089373,b'HadGEM3-GC31-LL',7,5.655141945223329e-05,225.1431919402623,93.60547060492053,b'ssp245',6.808088203663516,272.28558264542954,287.1174855081476,264.80926466806574,b'2015-12-22/2015-12-28',1450742400
2855,25,3,72.37836000937493,0.0029207523798014,b'HadGEM3-GC31-LL',7,0.0003794786527295,242.592223368886,85.17586524127482,b'ssp245',4.766559790789596,274.20153009914577,284.896830764674,267.3804714130515,b'2015-12-29/2016-01-04',1451347200
2855,25,3,81.98944194782378,0.0023586078106638,b'HadGEM3-GC31-LL',7,0.0002513262841379,243.91909307011449,88.7210125718244,b'ssp245',4.930112999352289,268.80693955470053,276.6413331070566,256.28823441778525,b'2016-01-05/2016-01-11',1451952000
2855,25,3,79.34362193171724,0.0019579741650021,b'HadGEM3-GC31-LL',7,0.000396720061383,225.6176045558455,92.0590931061299,b'ssp245',7.026939087859245,265.3953382448006,283.40251138992096,244.4464836361824,b'2016-01-12/2016-01-18',1452556800
2855,25,3,75.2778908816564,0.0039802036008495,b'HadGEM3-GC31-LL',7,0.0003424561269751,274.7912025683033,87.68088375342123,b'ssp245',4.761602269094026,277.882153794479,282.39471104733013,273.5853987145014,b'2016-01-19/2016-01-25',1453161600
2855,25,3,67.81248038254148,0.0031288681692852,b'HadGEM3-GC31-LL',7,0.0005030373882847,261.9731318559596,96.64622048203104,b'ssp245',8.290005852628761,275.70840931024867,286.5921213758239,267.4673231447076,b'2016-01-26/2016-02-01',1453766400
2855,25,3,59.32266242095833,0.0015518359737997,b'HadGEM3-GC31-LL',7,0.0,208.67470019364265,142.0387703805358,b'ssp245',6.056540513933973,268.958491856182,280.974380644787,258.31027478060423,b'2016-02-02/2016-02-08',1454371200
2855,25,3,77.95823023460467,0.002819795970083,b'HadGEM3-GC31-LL',7,0.0003031030954687,250.19893943086592,115.21294211922866,b'ssp245',5.67544921319213,270.63886522782167,282.61520344390453,254.35389294576945,b'2016-02-09/2016-02-15',1454976000
2855,25,3,83.04859652970279,0.0021277957607812,b'HadGEM3-GC31-LL',7,0.0001953347131883,232.26135885603185,138.245658409797,b'ssp245',5.709373444184162,266.67280956883167,276.8771688707691,250.5613888238288,b'2016-02-16/2016-02-22',1455580800
2855,25,3,76.25926058251467,0.0016910637571155,b'HadGEM3-GC31-LL',7,4.5762506648145977e-05,216.6539229706712,161.6742589204507,b'ssp245',8.256281306134728,263.6334312282419,277.973068030546,251.2219728712789,b'2016-02-23/2016-02-29',1456185600
2855,25,3,84.38974426029297,0.0024875487647677,b'HadGEM3-GC31-LL',7,0.0003624379252212,239.98545964017407,147.34155537990128,b'ssp245',5.10409980420836,267.95901262807854,278.74640835397605,251.2219728712789,b'2016-03-01/2016-03-07',1456790400
2855,25,3,79.74791588058993,0.0043005222193982,b'HadGEM3-GC31-LL',7,0.0003369997053668,270.39151119912015,160.48421813417423,b'ssp245',5.193492043139872,276.6680060650152,285.25929584175805,262.21308417867294,b'2016-03-08/2016-03-14',1457395200
2855,25,3,75.24348784852971,0.0045597120862721,b'HadGEM3-GC31-LL',7,0.0001903216334219,268.1147263571591,178.7913363608472,b'ssp245',6.85498109044129,279.13194077004766,289.7566265598976,268.4476288861805,b'2016-03-15/2016-03-21',1458000000
2855,25,3,83.17993948711612,0.0053685868695206,b'HadGEM3-GC31-LL',7,0.0003197115113459,277.19753337549474,172.66344193259056,b'ssp245',3.920031007174015,280.09659412485934,289.1648887076028,267.99785343159823,b'2016-03-22/2016-03-28',1458604800
2855,25,3,77.75822265798283,0.0040295242348387,b'HadGEM3-GC31-LL',7,0.0002973229966086,256.1534081278254,213.74249119302627,b'ssp245',6.061141709909697,277.14527058745983,287.4492172889054,265.1084065424394,b'2016-03-29/2016-04-04',1459209600
2855,25,3,74.72445522755834,0.0049824474621234,b'HadGEM3-GC31-LL',7,1.8467642456734684e-05,243.9656468597069,251.76683719648292,b'ssp245',4.281333470024559,280.8154012965823,294.00595770941834,269.70769999020786,b'2016-04-05/2016-04-11',1459814400
2855,25,3,85.80666659093392,0.0074873605841843,b'HadGEM3-GC31-LL',7,0.000508236158932,297.8967862131057,215.9404808031634,b'ssp245',6.257672812280569,284.1597932999419,298.477854603782,267.744802721363,b'2016-04-12/2016-04-18',1460419200
2855,25,3,85.7807296396517,0.0093678126057181,b'HadGEM3-GC31-LL',7,0.0002455803233298,320.77253168834403,228.00427457972145,b'ssp245',4.171037268463235,289.23913476549893,300.72103046530947,278.5168203407294,b'2016-04-19/2016-04-25',1461024000
2855,25,3,84.81096638142792,0.0090523423326072,b'HadGEM3-GC31-LL',7,0.0002228436718191,311.73038839373925,236.0177529916284,b'ssp245',3.441972233830982,288.92106781025547,298.20449443152063,280.41103177643504,b'2016-04-26/2016-05-02',1461628800
2855,25,3,81.01954555573009,0.0084866461406439,b'HadGEM3-GC31-LL',7,0.0007454891437931,311.3282925414645,235.99160637820447,b'ssp245',4.846777659859991,288.10666181835325,298.09348576243326,277.7124055140494,b'2016-05-03/2016-05-09',1462233600
2855,25,3,78.28159067919675,0.0076312332567086,b'HadGEM3-GC31-LL',7,0.000186383120546,298.8655730023632,262.8495177179017,b'ssp245',4.25601392103666,286.82935964062773,300.0141280397382,274.4715159897774,b'2016-05-10/2016-05-16',1462838400
2855,25,3,82.39392183623569,0.0089858135838623,b'HadGEM3-GC31-LL',7,0.0007896024229341,317.74763421228363,238.4577885360806,b'ssp245',4.383362847461225,288.92505058065075,302.3363820586855,279.02805499978825,b'2016-05-17/2016-05-23',1463443200
2855,25,3,77.98940326229403,0.0087789556438578,b'HadGEM3-GC31-LL',7,0.0001520521863962,304.7707383503743,307.9152836934384,b'ssp245',4.12286499676081,288.7064505929192,299.17052100645924,275.726438803186,b'2016-05-24/2016-05-30',1464048000
2855,25,3,78.06160944368717,0.0104799531568463,b'HadGEM3-GC31-LL',7,0.0002528350129333,312.5997935674285,335.8684999488341,b'ssp245',3.355376712382724,290.96638512202173,303.4910793287213,276.48658053597137,b'2016-05-31/2016-06-06',1464652800
2855,25,3,89.81643720964782,0.0127299718282599,b'HadGEM3-GC31-LL',7,0.0004578670863932,352.5540903652386,264.13470200240675,b'ssp245',3.3797833080644955,292.6190636359517,306.6222732392322,277.45929101187573,b'2016-06-07/2016-06-13',1465257600
2855,25,3,80.82859254729472,0.0125493752972158,b'HadGEM3-GC31-LL',7,3.266989767410902e-05,344.044862493913,311.7803411795133,b'ssp245',2.3363005462223856,293.84081241235,306.88565854673027,281.9545481060686,b'2016-06-14/2016-06-20',1465862400
2855,25,3,80.08730598535362,0.0122135286064978,b'HadGEM3-GC31-LL',7,0.0003477578598112,347.6424273999064,292.4758666094264,b'ssp245',4.025496656455629,293.7272658772061,303.4917068826043,283.93577968525045,b'2016-06-21/2016-06-27',1466467200
2855,25,3,72.71079241892554,0.0133565998324783,b'HadGEM3-GC31-LL',7,0.0001067180927711,352.57882958231374,325.5834897413362,b'ssp245',3.3080021475404133,296.6513007726803,306.1594780815972,283.2821195717857,b'2016-06-28/2016-07-04',1467072000
2855,25,3,81.94071216462642,0.0141705651040425,b'HadGEM3-GC31-LL',7,0.0003323646093415,361.1268338350992,288.20979883280364,b'ssp245',3.461843897118262,296.38357935408374,307.07860206114674,280.7383173638458,b'2016-07-05/2016-07-11',1467676800
2855,25,3,70.94480382890019,0.0110603597018507,b'HadGEM3-GC31-LL',7,0.0001444209389052,335.78126749375167,300.771742864676,b'ssp245',3.763527654758467,292.25096518092806,302.54078824561026,278.2956889771941,b'2016-07-12/2016-07-18',1468281600
2855,25,3,80.7354069600368,0.0129619010404792,b'HadGEM3-GC31-LL',7,0.000282121779004,354.76402876407565,261.65149488558626,b'ssp245',3.047344953264016,294.0205965730079,303.49118094371045,280.78310732682115,b'2016-07-19/2016-07-25',1468886400
2855,25,3,74.53943516722278,0.0124028462001755,b'HadGEM3-GC31-LL',7,0.0001500233878526,353.06260684499864,272.5420694325352,b'ssp245',3.56684458706514,293.9554600771634,306.87702372619015,283.428232056877,b'2016-07-26/2016-08-01',1469491200
2855,25,3,71.96689080742807,0.0119246882872657,b'HadGEM3-GC31-LL',7,0.0002212504972125,345.3825988336322,276.3778486203833,b'ssp245',3.1231326761669083,293.55929230677566,306.3584410573516,278.890121142931,b'2016-08-02/2016-08-08',1470096000
2855,25,3,84.58949319463126,0.0141195847931323,b'HadGEM3-GC31-LL',7,0.000715712148536,366.67499199903057,223.8807374661561,b'ssp245',2.8331875988922977,296.2114737295677,304.75776491794045,285.5986253416204,b'2016-08-09/2016-08-15',1470700800
2855,25,3,81.09801927390045,0.0128305565997532,b'HadGEM3-GC31-LL',7,0.0001334524204113,363.6684401715581,223.1995148146163,b'ssp245',3.721796315152317,295.0159602916568,306.80403405993286,285.3742086381231,b'2016-08-16/2016-08-22',1471305600
2855,25,3,68.18182974960713,0.0086852334856079,b'HadGEM3-GC31-LL',7,5.227204755439904e-05,323.1623478602833,247.1740045098277,b'ssp245',3.3157868927441068,289.719671359907,300.4971511964875,278.4490133421638,b'2016-08-23/2016-08-29',1471910400
2855,25,3,83.8322681373343,0.0098097762264813,b'HadGEM3-GC31-LL',7,0.000412697614558,348.460804040239,172.072843592249,b'ssp245',3.5449751285695,290.712472488102,299.48686398830944,283.7061497964832,b'2016-08-30/2016-09-05',1472515200
2855,25,3,82.91696817149713,0.012128108860712,b'HadGEM3-GC31-LL',7,0.0002398129534727,355.41754485930386,202.42407304146224,b'ssp245',3.660859788459475,293.8742242218187,302.2387201021465,282.91715618846854,b'2016-09-06/2016-09-12',1473120000
2855,25,3,79.5532397335307,0.0101823801901765,b'HadGEM3-GC31-LL',7,0.0003895349003779,339.9910230746129,203.33024779706324,b'ssp245',3.584550974337973,290.88352179641123,300.6834040282541,275.97216774820737,b'2016-09-13/2016-09-19',1473724800
2855,25,3,79.19192495824814,0.008747283815614,b'HadGEM3-GC31-LL',7,0.0003681639427811,327.29415529265617,193.5991140422952,b'ssp245',4.215990956298212,288.63308815064465,297.5136028727433,278.34576581422544,b'2016-09-20/2016-09-26',1474329600
2855,25,3,76.39551012425872,0.0076987905000431,b'HadGEM3-GC31-LL',7,6.283580745271987e-05,316.8750394968113,181.305218830372,b'ssp245',3.5747542721730747,287.82549327732687,295.0422388367967,279.4023947504693,b'2016-09-27/2016-10-03',1474934400
2855,25,3,83.72858739979175,0.0099353580394895,b'HadGEM3-GC31-LL',7,4.818877443962142e-05,327.74970713915826,183.34511587724083,b'ssp245',2.6868893128700413,289.9098512120578,299.8944854047132,278.05289763163745,b'2016-10-04/2016-10-10',1475539200
2855,25,3,82.43226251172655,0.0097290858043342,b'HadGEM3-GC31-LL',7,0.0002394684578986,340.17902015393616,149.77292912574654,b'ssp245',3.6486009837489135,290.43959272057026,297.830821022647,278.8488854715817,b'2016-10-11/2016-10-17',1476144000
2855,25,3,70.8134212968949,0.0058997405964795,b'HadGEM3-GC31-LL',7,3.3617307076650444e-05,294.44066876352235,148.90321477303456,b'ssp245',6.01554341823274,284.9256452500612,295.219804910248,277.2126848036465,b'2016-10-18/2016-10-24',1476748800
2855,25,3,72.83832798602273,0.0050433506562203,b'HadGEM3-GC31-LL',7,8.392390382453658e-05,282.42033037891355,135.17957339875696,b'ssp245',5.099302007884637,281.896112571733,289.3231388081703,272.46699222058135,b'2016-10-25/2016-10-31',1477353600
2855,25,3,76.96816086384509,0.0050268015925935,b'HadGEM3-GC31-LL',7,0.0003964571600816,296.58913302006204,111.6989234759894,b'ssp245',5.63972604448587,281.1977071512252,289.414937888596,274.3640469462352,b'2016-11-01/2016-11-07',1477958400
2855,25,3,81.12173300248482,0.0058490767124196,b'HadGEM3-GC31-LL',7,0.0001976058911521,287.3383599080829,116.32386018519462,b'ssp245',3.834544258219824,281.9350637528708,291.6898665044796,273.8590068868828,b'2016-11-08/2016-11-14',1478563200
2855,25,3,80.38052548930204,0.0049098587001146,b'HadGEM3-GC31-LL',7,0.0007822743119493,298.11022059959595,79.444952533174,b'ssp245',6.922218927461449,279.914284027135,289.51299861366937,272.76856425353395,b'2016-11-15/2016-11-21',1479168000
2855,25,3,79.62544859540218,0.0037151888491046,b'HadGEM3-GC31-LL',7,0.0006224744387737,273.4929035879409,89.23621674017193,b'ssp245',5.995918797560546,275.0203153300337,281.73041209812726,265.6549742990716,b'2016-11-22/2016-11-28',1479772800
2855,25,3,82.99041534199345,0.0039797979134189,b'HadGEM3-GC31-LL',7,8.59942403454368e-06,272.0713481186805,87.20828641487068,b'ssp245',3.8372163677972457,275.4258665881597,287.1029849720087,263.0500468983775,b'2016-11-29/2016-12-05',1480377600
2855,25,3,73.8338321440142,0.0034917338250019,b'HadGEM3-GC31-LL',7,6.37310503688189e-05,255.58164697229387,85.57383273699803,b'ssp245',6.501154568291029,276.126644881314,288.24466918283684,267.454979873285,b'2016-12-06/2016-12-12',1480982400
2855,25,3,67.97521794646889,0.002085678967105,b'HadGEM3-GC31-LL',7,9.062751022978584e-06,226.51587496334264,89.90081663497232,b'ssp245',5.808992622713686,271.2115454649768,277.68925466425475,264.08847101034075,b'2016-12-13/2016-12-19',1481587200
2855,25,3,73.7963792094724,0.0025802794538638,b'HadGEM3-GC31-LL',7,5.824094517839908e-05,238.91983561331813,85.36934161213908,b'ssp245',5.2219076284301975,272.5274051435379,277.25261318134415,266.1373945475701,b'2016-12-20/2016-12-26',1482192000
2855,25,3,75.99577653791107,0.00209597003991,b'HadGEM3-GC31-LL',7,0.0001986662135961,232.6739112597032,86.05963700053644,b'ssp245',7.96988808851824,268.67145517752664,276.7201875791748,263.46810747679007,b'2016-12-27/2017-01-02',1482796800
2855,25,3,79.32606335230251,0.002408952989174,b'HadGEM3-GC31-LL',7,0.0003481521579936,245.2083009785568,85.20733687277377,b'ssp245',6.4762230812311,268.8251036613091,282.0572849401182,257.3503370276419,b'2017-01-03/2017-01-09',1483401600
2855,25,3,71.01995351714831,0.0024282153816037,b'HadGEM3-GC31-LL',7,0.0001084872446769,243.27956880792703,94.21879287879224,b'ssp245',5.505633932742045,271.26424405300656,280.8130677317108,261.8313859424401,b'2017-01-10/2017-01-16',1484006400
2855,25,3,71.133065473158,0.0010326201851126,b'HadGEM3-GC31-LL',7,3.241286812125407e-05,195.920969595954,113.9286317331804,b'ssp245',6.132725065239691,260.77270765571626,272.55854029599453,249.75295925398828,b'2017-01-17/2017-01-23',1484611200
2855,25,3,71.55785150019672,0.0026994087424194,b'HadGEM3-GC31-LL',7,0.0004013077050898,249.72654987393784,98.52183271805106,b'ssp245',6.07574777612995,272.261629383,284.27100061487266,260.0815957886955,b'2017-01-24/2017-01-30',1485216000
2855,25,3,64.38710005481191,0.0017600211557392,b'HadGEM3-GC31-LL',7,0.0001609046092998,219.64806814042348,121.78328760855732,b'ssp245',4.991065134493239,269.3858624147067,276.2821368568096,261.54002469966514,b'2017-01-31/2017-02-06',1485820800
2855,25,3,75.68343454977052,0.0012022195953993,b'HadGEM3-GC31-LL',7,0.000271597615294,209.52743436739755,135.25755038712467,b'ssp245',9.57005256184425,260.9356663066782,277.03571408486295,251.41134049468133,b'2017-02-07/2017-02-13',1486425600
2855,25,3,75.27292056003067,0.0017980168105462,b'HadGEM3-GC31-LL',7,4.800693970049372e-06,221.4370408815666,149.91384839254712,b'ssp245',6.426186503987417,266.26794908547924,274.3717200357632,256.57059974291354,b'2017-02-14/2017-02-20',1487030400
2855,25,3,78.25840971844936,0.0028456186495821,b'HadGEM3-GC31-LL',7,0.0003515057645353,248.40460986232029,141.53843079026797,b'ssp245',6.877912353617035,271.1943066722885,278.9329753762015,259.18308484801963,b'2017-02-21/2017-02-27',1487635200
2855,25,3,81.6735467451713,0.0029073931038348,b'HadGEM3-GC31-LL',7,0.0002641474873763,244.2929511144709,154.54121260102107,b'ssp245',5.262352737646316,271.0903134308472,278.19722013809485,261.3624560072708,b'2017-02-28/2017-03-06',1488240000
2855,25,3,78.70821730726563,0.001702230207211,b'HadGEM3-GC31-LL',7,0.0002509175356437,220.12526140398845,163.52128885121232,b'ssp245',7.246167292301386,265.52780130494403,274.1103297563534,254.03198894166468,b'2017-03-07/2017-03-13',1488844800
2855,25,3,86.96342549980616,0.0033472308258113,b'HadGEM3-GC31-LL',7,0.0004022554359497,253.3547163040411,166.38012984282338,b'ssp245',6.323893855842317,272.386253582399,278.9892312922559,263.26602183878686,b'2017-03-14/2017-03-20',1489449600
2855,25,3,78.0810172878122,0.0023161721454757,b'HadGEM3-GC31-LL',7,5.338283970159842e-05,221.40469667338945,215.2222199419696,b'ssp245',4.978356241087618,269.1351711712801,277.9710440838132,256.1616105904101,b'2017-03-21/2017-03-27',1490054400
2855,25,3,89.29443404271164,0.0039963553962666,b'HadGEM3-GC31-LL',7,0.0002758042462069,268.29388080379823,187.3019099455216,b'ssp245',5.360904097203239,274.33293722312453,280.69989283836514,266.32105537007925,b'2017-03-28/2017-04-03',1490659200
2855,25,3,81.58033296489332,0.0034369343624264,b'HadGEM3-GC31-LL',7,0.000236270571551,253.63241929425803,198.4478532902147,b'ssp245',4.511556157513208,273.636605194206,280.7116961113052,264.50865436612537,b'2017-04-04/2017-04-10',1491264000
2855,25,3,91.129093809641,0.0070213505237835,b'HadGEM3-GC31-LL',7,0.0002585062507808,299.97478658095497,217.19400552731665,b'ssp245',2.911773886830133,282.163860742931,294.16593821455785,266.057389835678,b'2017-04-11/2017-04-17',1491868800
2855,25,3,77.590201355839,0.0048970293498478,b'HadGEM3-GC31-LL',7,1.3359121357789818e-05,274.0851184088332,227.5400261725744,b'ssp245',3.864813231671144,279.9543961955587,289.49998447931665,272.6146969954603,b'2017-04-18/2017-04-24',1492473600
2855,25,3,87.0614174274125,0.0061913919376716,b'HadGEM3-GC31-LL',7,0.0005751460236348,294.6896980847831,205.340953916992,b'ssp245',3.802598214854054,282.2941555683344,291.07382058795764,274.37485579272703,b'2017-04-25/2017-05-01',1493078400
2855,25,3,84.65475605939923,0.007650927573614,b'HadGEM3-GC31-LL',7,0.0002157437380824,298.5534511737968,245.8544191170206,b'ssp245',4.31293188877945,285.3436805409052,295.8864848094688,273.4255516376168,b'2017-05-02/2017-05-08',1493683200
2855,25,3,85.31408446446464,0.008082883186907,b'HadGEM3-GC31-LL',7,0.0005984981810853,305.88353312284744,241.93039544558795,b'ssp245',4.159203869340527,286.1515480520987,297.3615231949031,275.7238223964067,b'2017-05-09/2017-05-15',1494288000
2855,25,3,85.48065771953814,0.0084780181692243,b'HadGEM3-GC31-LL',7,0.0004758069118036,311.756326344355,250.3641220783938,b'ssp245',3.843573471256526,287.01279721892035,297.5784010090264,275.4060848963185,b'2017-05-16/2017-05-22',1494892800
2855,25,3,78.60427541679867,0.0085335097420257,b'HadGEM3-GC31-LL',7,0.0001704235545386,313.554931368885,275.7778500606051,b'ssp245',2.9998919432479214,288.0726472581643,298.3987274032082,273.9869729087712,b'2017-05-23/2017-05-29',1495497600
2855,25,3,82.98700672168856,0.0105903593470326,b'HadGEM3-GC31-LL',7,0.0006568730421839,330.37173415442584,281.1524777985308,b'ssp245',3.761152916792085,291.2422959045496,298.91600448760016,281.39488530352827,b'2017-05-30/2017-06-05',1496102400
2855,25,3,85.90549709523381,0.01201034423684,b'HadGEM3-GC31-LL',7,0.0004154274020851,339.188305259997,290.8919894082697,b'ssp245',3.341593448031808,292.91836865669154,300.71801790893886,281.9408166294391,b'2017-06-06/2017-06-12',1496707200
2855,25,3,79.44697946510802,0.0126550277877261,b'HadGEM3-GC31-LL',7,7.815109930120255e-05,341.99322781899394,327.5511444402919,b'ssp245',3.06782740310694,294.39428683369675,306.1907272545625,280.74519975312467,b'2017-06-13/2017-06-19',1497312000
2855,25,3,76.68903896377569,0.0124922986648921,b'HadGEM3-GC31-LL',7,0.0001315851241499,347.63974563769943,309.7322717583676,b'ssp245',4.4855700736354125,294.209973425723,306.9556841208467,280.3503354562761,b'2017-06-20/2017-06-26',1497916800
2855,25,3,79.20057908906244,0.0127536734424993,b'HadGEM3-GC31-LL',7,0.0001871789029359,351.4574791483301,298.81010616793293,b'ssp245',3.0205872686067106,294.8308496616751,306.37071130161576,284.4958089744064,b'2017-06-27/2017-07-03',1498521600
2855,25,3,76.6285549808216,0.0124191371006497,b'HadGEM3-GC31-LL',7,0.0001246580015008,351.3646518157396,294.0226907054444,b'ssp245',3.952106834027148,294.1972963591824,303.51437846582644,282.5437619864886,b'2017-07-04/2017-07-10',1499126400
2855,25,3,88.26006943715866,0.0156350324870478,b'HadGEM3-GC31-LL',7,0.000558787605008,373.654761648775,248.12006331997728,b'ssp245',2.9311052437274125,297.77189898321683,304.40521852240005,285.539893780082,b'2017-07-11/2017-07-17',1499731200
2855,25,3,91.2156641181476,0.0165688042965322,b'HadGEM3-GC31-LL',7,0.0004240366276556,376.3766675184335,259.42059934633073,b'ssp245',2.1636018996577766,298.5567582135723,308.17364678387173,289.5973751133589,b'2017-07-18/2017-07-24',1500336000
2855,25,3,80.08889418722721,0.0140107484265886,b'HadGEM3-GC31-LL',7,0.0001833848095659,365.6059546761704,258.27259074058634,b'ssp245',3.9095454314767593,295.95381576689704,307.4037037808935,280.0676214395607,b'2017-07-25/2017-07-31',1500940800
2855,25,3,85.05457595074957,0.0153274861285658,b'HadGEM3-GC31-LL',7,0.0004077639054905,371.53954373570247,244.7348065584886,b'ssp245',3.3312344280484867,297.99075268548387,306.6961666338058,290.20754221956685,b'2017-08-01/2017-08-07',1501545600
2855,25,3,77.07699026318731,0.0125851019064836,b'HadGEM3-GC31-LL',7,0.0001329650970105,351.44950339169264,264.1383179671872,b'ssp245',3.059634992931408,294.2271797710856,304.664990019346,283.1573959391938,b'2017-08-08/2017-08-14',1502150400
2855,25,3,76.24578095860811,0.0126318027633018,b'HadGEM3-GC31-LL',7,0.0004250015450347,354.6454414410012,237.8892741413143,b'ssp245',3.735503093460049,294.87114423061894,303.07845360842936,283.9154021858414,b'2017-08-15/2017-08-21',1502755200
2855,25,3,76.8621865347718,0.0121150275343563,b'HadGEM3-GC31-LL',7,0.000133700241622,349.07998856502525,246.00789445716345,b'ssp245',3.186824143263644,293.5471631821885,303.4615814291688,281.1678528548794,b'2017-08-22/2017-08-28',1503360000
2855,25,3,74.29833011033996,0.0105412466676754,b'HadGEM3-GC31-LL',7,0.0003364810400982,339.1926424068579,223.6541075234506,b'ssp245',4.072024438008598,291.35579769711967,303.2300738960962,274.7845361945644,b'2017-08-29/2017-09-04',1503964800
2855,25,3,73.23862388749662,0.0082786017056548,b'HadGEM3-GC31-LL',7,4.840003240328765e-05,318.04733234621625,225.70315964684391,b'ssp245',3.4037287224029806,288.41862341880426,296.9144674437264,277.5457785174776,b'2017-09-05/2017-09-11',1504569600
2855,25,3,73.96662914006843,0.008870392437466,b'HadGEM3-GC31-LL',7,2.623175958124505e-05,323.85219072338714,222.11774543528864,b'ssp245',3.667875756431602,288.56993063054,300.7399442788169,276.2357334043921,b'2017-09-12/2017-09-18',1505174400
2855,25,3,78.92684128195535,0.010495295831704,b'HadGEM3-GC31-LL',7,0.0003019755157897,344.55285038433004,194.5892506736157,b'ssp245',4.4646630384703885,292.0161176093979,302.84149503492506,278.7291196635314,b'2017-09-19/2017-09-25',1505779200
2855,25,3,79.81213607817621,0.0084961976464546,b'HadGEM3-GC31-LL',7,0.0,317.70682429836586,195.5767659851775,b'ssp245',2.235503494608769,287.8072215420059,298.3948998869057,277.5065849600553,b'2017-09-26/2017-10-02',1506384000
2855,25,3,82.02907231048177,0.0100283899919834,b'HadGEM3-GC31-LL',7,1.7589159964923696e-05,333.54508549001906,182.94917437368423,b'ssp245',2.417730141876743,290.62642818248594,299.6531429687059,279.4736019365401,b'2017-10-03/2017-10-09',1506988800
2855,25,3,82.21733887608796,0.0092306910090509,b'HadGEM3-GC31-LL',7,0.0005048347458167,318.9965815310909,164.8475970126595,b'ssp245',3.80423732764768,289.34323979839377,299.55448074134057,276.66196351365767,b'2017-10-10/2017-10-16',1507593600
2855,25,3,84.70269159446731,0.0085557936771272,b'HadGEM3-GC31-LL',7,0.0002009881016835,330.42764755211607,133.08931162902223,b'ssp245',3.079112491741197,288.192013521843,295.8361273871527,279.72484747827207,b'2017-10-17/2017-10-23',1508198400
2855,25,3,77.104887756198,0.0066337686251756,b'HadGEM3-GC31-LL',7,0.0006607080580778,296.61970901833854,137.73685736612498,b'ssp245',4.499731167745153,285.04435747899555,293.251403918865,274.9201147119096,b'2017-10-24/2017-10-30',1508803200
2855,25,3,79.62551155046026,0.0063704661055673,b'HadGEM3-GC31-LL',7,1.0514743617000165e-05,291.1358677530184,132.72767205656166,b'ssp245',3.492297494652994,283.8733782008288,292.1160234487476,273.18208714100075,b'2017-10-31/2017-11-06',1509408000
2855,25,3,82.19715408953347,0.0056209577914412,b'HadGEM3-GC31-LL',7,0.0006524321475773,292.37862340612304,95.68345515524004,b'ssp245',6.612672870121304,281.2048560307554,290.9202408898275,272.4418115245401,b'2017-11-07/2017-11-13',1510012800
2855,25,3,77.8278732516409,0.0036843377250527,b'HadGEM3-GC31-LL',7,1.9946607619894807e-05,259.8123830100431,113.17974489817296,b'ssp245',5.434172927679469,275.53001799406826,286.1643060617007,267.1713195084017,b'2017-11-14/2017-11-20',1510617600
2855,25,3,79.42028444600052,0.0048661257576253,b'HadGEM3-GC31-LL',7,0.0,272.96918058376923,103.62970007033574,b'ssp245',4.531705927088854,280.01463843038084,286.9450745897026,272.59299541359667,b'2017-11-21/2017-11-27',1511222400
2855,25,3,80.93467045261069,0.0037366310920246,b'HadGEM3-GC31-LL',7,0.0001414240118738,265.7962858815672,85.34167360548726,b'ssp245',5.112789659042299,275.3794685626648,280.67429914879386,269.61185957745806,b'2017-11-28/2017-12-04',1511827200
2855,25,3,79.75912744372194,0.0038422115115504,b'HadGEM3-GC31-LL',7,0.0006434051814747,265.92299498015177,81.29303926307163,b'ssp245',5.832237140519155,275.74897646980907,282.0680310698167,269.8611130132907,b'2017-12-05/2017-12-11',1512432000
2855,25,3,83.1487491719414,0.0048144035895134,b'HadGEM3-GC31-LL',7,2.4487325808593908e-05,280.56473159740807,80.71842031987161,b'ssp245',3.2977576109344287,279.11238902928,285.67269886433803,272.8616458441399,b'2017-12-12/2017-12-18',1513036800
2855,25,3,84.91338869420494,0.0055348110374842,b'HadGEM3-GC31-LL',7,0.0015117611747451,305.80801806694177,53.01288395073201,b'ssp245',6.121995968270384,280.6132786546865,286.746016780643,271.77712309715866,b'2017-12-19/2017-12-25',1513641600
2855,25,3,74.39608620409658,0.0034061207823384,b'HadGEM3-GC31-LL',7,5.51811900401077e-05,264.2611132543123,79.81345536678371,b'ssp245',5.3090230768489,275.94782799280046,280.6082263315919,271.9642766247812,b'2017-12-26/2018-01-01',1514246400
2855,25,3,75.65182941322064,0.003301591695327,b'HadGEM3-GC31-LL',7,0.0003414591655287,261.5663371256573,81.10650478958205,b'ssp245',5.945407805096366,274.97039338477515,280.0846544108955,269.35724191226285,b'2018-01-02/2018-01-08',1514851200
2855,25,3,69.703285044494,0.0016387274411676,b'HadGEM3-GC31-LL',7,6.341876239711996e-05,224.3743125983462,95.8365933847421,b'ssp245',7.55232578346015,266.40080625716445,275.4082858560315,256.56109780412373,b'2018-01-09/2018-01-15',1515456000
2855,25,3,80.5599457478274,0.0025533721170368,b'HadGEM3-GC31-LL',7,0.0002420461444159,245.8964293161536,101.35383424206324,b'ssp245',4.186583679773712,269.7204383754594,277.9288578464194,254.84800018613788,b'2018-01-16/2018-01-22',1516060800
2855,25,3,79.48644079665458,0.0029981656858807,b'HadGEM3-GC31-LL',7,0.0004830553111339,262.71799741423285,87.17490794129765,b'ssp245',4.955538737418528,272.7103601313665,280.577984652222,265.20065930649946,b'2018-01-23/2018-01-29',1516665600
2855,25,3,75.65761162736581,0.0033933805635271,b'HadGEM3-GC31-LL',7,4.312559438784911e-05,258.3221270868525,110.32773696125544,b'ssp245',4.527771036184007,275.09913285733313,282.3838347975154,263.15835171555653,b'2018-01-30/2018-02-05',1517270400
2855,25,3,58.47374446512976,0.0016906088460748,b'HadGEM3-GC31-LL',7,0.000241535160646,214.55455261065052,138.2258839180799,b'ssp245',9.636002746300935,269.5711050197253,279.1537164896591,256.4495027399106,b'2018-02-06/2018-02-12',1517875200
2855,25,3,75.48748616400587,0.0014958536339784,b'HadGEM3-GC31-LL',7,8.463398706459473e-05,210.637298018844,144.7168184300825,b'ssp245',7.394646641146306,263.15715505550986,277.5482529499774,252.32874796384067,b'2018-02-13/2018-02-19',1518480000
2855,25,3,86.19953237433388,0.0036121496766002,b'HadGEM3-GC31-LL',7,0.0006014315428367,268.73504160960914,118.82644064205816,b'ssp245',5.707518137659713,273.7399448065438,283.4754191797492,255.0033840741137,b'2018-02-20/2018-02-26',1519084800
2855,25,3,76.14427106785672,0.0024456428112128,b'HadGEM3-GC31-LL',7,0.0002329945594546,236.3226228015686,156.71600387874517,b'ssp245',6.6410240562735305,269.4521657461534,280.312255528561,251.28762435568484,b'2018-02-27/2018-03-05',1519689600
2855,25,3,70.89141653614483,0.0030414566227242,b'HadGEM3-GC31-LL',7,0.0007187631705452,244.400898902766,169.12233092785183,b'ssp245',6.564067889619817,273.6669239532041,284.5542824184345,263.9659061311275,b'2018-03-06/2018-03-12',1520294400
2855,25,3,83.68551791598831,0.004334458849483,b'HadGEM3-GC31-LL',7,0.0003373380610418,263.420335047721,160.2226952515751,b'ssp245',3.387322436734036,276.92540664663,287.22363846390334,266.84045057288137,b'2018-03-13/2018-03-19',1520899200
2855,25,3,77.3739770723629,0.0044037053447437,b'HadGEM3-GC31-LL',7,0.0002354125054868,255.1141290254848,201.75015824027847,b'ssp245',5.072079918925755,277.80855704147683,288.23689263127574,264.50817479630683,b'2018-03-20/2018-03-26',1521504000
2855,25,3,90.0804292405862,0.0062851673073235,b'HadGEM3-GC31-LL',7,0.0006287479827362,309.5785753203601,153.46664727526425,b'ssp245',3.946610581276416,282.0185834840584,288.71497954908745,275.9860732053569,b'2018-03-27/2018-04-02',1522108800
2855,25,3,80.80736925826871,0.0076852261598617,b'HadGEM3-GC31-LL',7,4.976493198880567e-05,292.208514243222,225.26952481488283,b'ssp245',5.174301775244223,286.31210478771453,297.1402002350102,272.95657503012603,b'2018-04-03/2018-04-09',1522713600
2855,25,3,71.21388524639204,0.0060893345113957,b'HadGEM3-GC31-LL',7,5.88590540106023e-05,270.38960766469233,234.40928847209176,b'ssp245',5.759338513176307,284.45250721300226,298.3608708575489,271.09312713264666,b'2018-04-10/2018-04-16',1523318400
2855,25,3,77.33950343460002,0.0053262608476748,b'HadGEM3-GC31-LL',7,0.0002353935343229,274.2007133473056,219.6327703763691,b'ssp245',4.782671874777734,281.4910284424615,291.4882206834967,271.12834425239595,b'2018-04-17/2018-04-23',1523923200
2855,25,3,81.98873767663254,0.0072477431091697,b'HadGEM3-GC31-LL',7,0.0002544212968152,294.6915615021236,228.04740692308013,b'ssp245',4.240042849592522,285.3815555058074,294.2776779271292,271.2397875281853,b'2018-04-24/2018-04-30',1524528000
2855,25,3,83.38696494245855,0.0074292319469948,b'HadGEM3-GC31-LL',7,0.0002777215979424,291.857067872669,232.89449708165463,b'ssp245',3.866483182626503,285.77779500766604,295.1913742988952,275.7850399413621,b'2018-05-01/2018-05-07',1525132800
2855,25,3,83.04383316660314,0.0084026048473959,b'HadGEM3-GC31-LL',7,0.0001965509086045,306.65659706311646,246.8307348850204,b'ssp245',3.5394219616518154,287.54828838644244,303.02828640407984,273.4837459298868,b'2018-05-08/2018-05-14',1525737600
2855,25,3,89.3217821572885,0.0107456440741698,b'HadGEM3-GC31-LL',7,0.0005377858996103,324.9414635516856,244.2466177217329,b'ssp245',3.069279969561591,290.50428569743,299.5810560934588,278.8154484336184,b'2018-05-15/2018-05-21',1526342400
2855,25,3,79.41653651012145,0.0087650223513267,b'HadGEM3-GC31-LL',7,0.0001293373329714,310.89210758561205,277.190442175723,b'ssp245',3.376129305736528,288.66244979033326,299.1269323939984,278.4280285787883,b'2018-05-22/2018-05-28',1526947200
2855,25,3,74.56965924601566,0.0092384887328362,b'HadGEM3-GC31-LL',7,0.0001685892208202,313.2625743764064,303.1351628398907,b'ssp245',4.279791121021949,290.2930971057757,302.45468845384653,276.335356370328,b'2018-05-29/2018-06-04',1527552000
2855,25,3,80.49882164006387,0.0144512914743715,b'HadGEM3-GC31-LL',7,2.835098364400824e-05,356.784879748691,327.65052614840926,b'ssp245',3.3443733030849154,297.6689250659044,308.49444894351285,284.6937245934959,b'2018-06-05/2018-06-11',1528156800
2855,25,3,70.32734612388477,0.0095774846785813,b'HadGEM3-GC31-LL',7,0.000168847266917,324.2133794261003,298.8601392646777,b'ssp245',4.358933909260268,291.6281702915673,303.0204107186335,280.2239309033512,b'2018-06-12/2018-06-18',1528761600
2855,25,3,84.19666271084184,0.0123616524617832,b'HadGEM3-GC31-LL',7,0.0003084606776638,343.01046289396464,298.892611123682,b'ssp245',3.52586435856304,293.10252430583904,305.1900619879001,278.9802864991336,b'2018-06-19/2018-06-25',1529366400
2855,25,3,80.19356360135808,0.0135522966044414,b'HadGEM3-GC31-LL',7,0.000185190077279,352.9504014213464,304.310642539278,b'ssp245',3.10310367332426,295.6774794592951,304.978146712416,283.63528020595135,b'2018-06-26/2018-07-02',1529971200
2855,25,3,71.22857304138742,0.0143943875460781,b'HadGEM3-GC31-LL',7,2.2059437011545583e-05,359.38647922107765,344.7299786453355,b'ssp245',3.5763734795229096,298.2521453436028,313.2179024549034,282.2671910452218,b'2018-07-03/2018-07-09',1530576000
2855,25,3,70.60742775186874,0.0134673363123276,b'HadGEM3-GC31-LL',7,0.0007039943828504,360.99263769433577,280.8224950916675,b'ssp245',3.48284806370166,297.3373119685553,310.2657417221551,281.72425978745866,b'2018-07-10/2018-07-16',1531180800
2855,25,3,78.15186950766295,0.0125880805916861,b'HadGEM3-GC31-LL',7,0.0001981927476141,348.77221823434,292.19922551790006,b'ssp245',2.637924311745319,293.5418494137537,302.1657521317644,285.02576284572245,b'2018-07-17/2018-07-23',1531785600
2855,25,3,84.74492132502196,0.0146630645786929,b'HadGEM3-GC31-LL',7,0.0003036078396344,364.0843209780974,261.4267402380139,b'ssp245',2.8478433670944083,296.36748540181463,303.6956249812538,286.72880902932155,b'2018-07-24/2018-07-30',1532390400
2855,25,3,87.5751576765166,0.0153815473225181,b'HadGEM3-GC31-LL',7,0.0006406380753889,369.7112269424318,241.7298559153644,b'ssp245',2.7284083279629243,297.4431215277147,303.98065590793846,289.67121185605976,b'2018-07-31/2018-08-06',1532995200
2855,25,3,88.5768374153715,0.0151976671325616,b'HadGEM3-GC31-LL',7,0.0009662601384315,372.0300772451927,211.8117214138392,b'ssp245',3.125289366374186,297.24100919224577,303.0930422788928,287.4229780436638,b'2018-08-07/2018-08-13',1533600000
2855,25,3,91.27597138349094,0.0154039830680667,b'HadGEM3-GC31-LL',7,0.0004501609243826,378.1179705324565,204.61867207640265,b'ssp245',2.323633287303416,297.5368785496326,305.0424837493207,290.00317250486955,b'2018-08-14/2018-08-20',1534204800
2855,25,3,83.84017067482307,0.0136723039683315,b'HadGEM3-GC31-LL',7,0.000136632686072,360.6886150199131,216.6297349387068,b'ssp245',2.6118802246639445,295.4728569004178,304.12016725066337,283.12632667382985,b'2018-08-21/2018-08-27',1534809600
2855,25,3,75.86069546762413,0.0108475759698147,b'HadGEM3-GC31-LL',7,0.0006682087598628,343.4354388327702,221.20512088662892,b'ssp245',3.524946645792568,292.4620026339714,303.55334552602926,278.96077644878824,b'2018-08-28/2018-09-03',1535414400
2855,25,3,83.85328830369964,0.0119196506667098,b'HadGEM3-GC31-LL',7,0.0004072239093715,348.25751122703457,215.1612677697843,b'ssp245',2.194404907758228,292.8054253133531,301.09113731487656,282.373572317673,b'2018-09-04/2018-09-10',1536019200
2855,25,3,72.69375876577949,0.0088698573493799,b'HadGEM3-GC31-LL',7,0.0001539798613652,320.8851080449077,225.84798163693245,b'ssp245',3.07483319190721,289.3080235608148,304.5299058481714,276.807256600398,b'2018-09-11/2018-09-17',1536624000
2855,25,3,76.24635311593885,0.0087933281517927,b'HadGEM3-GC31-LL',7,3.844625817456053e-05,324.15369458111775,211.8802114662193,b'ssp245',3.2141296876786,288.7617202780449,298.9195067311797,277.00865001040955,b'2018-09-18/2018-09-24',1537228800
2855,25,3,77.71887596623637,0.0096416286615769,b'HadGEM3-GC31-LL',7,4.251450889463668e-05,328.7937277236251,194.9377023871905,b'ssp245',3.4102656491449808,290.69375689904416,300.4702886428074,278.43200832459985,b'2018-09-25/2018-10-01',1537833600
2855,25,3,84.58209806061477,0.0086761110541931,b'HadGEM3-GC31-LL',7,0.000336252427406,333.47285050862155,143.9194180533753,b'ssp245',4.407168084751453,288.84630706507494,295.147441805432,279.4475170710976,b'2018-10-02/2018-10-08',1538438400
2855,25,3,85.73120122996433,0.0085006285860705,b'HadGEM3-GC31-LL',7,0.0003319321836892,330.3866594240486,147.17217955353613,b'ssp245',3.767614467341848,288.3967618766269,295.4561496035085,281.1176951338605,b'2018-10-09/2018-10-15',1539043200
2855,25,3,81.2427026352616,0.0075590719388606,b'HadGEM3-GC31-LL',7,0.0003831018345818,317.21471646149274,140.18873206697472,b'ssp245',5.099024601114351,286.7444902479856,295.0848117680192,278.5229763454861,b'2018-10-16/2018-10-22',1539648000
2855,25,3,81.5793827641224,0.0070857416400568,b'HadGEM3-GC31-LL',7,0.0002509375693628,303.2745243298467,141.30220584571552,b'ssp245',4.311505106991069,285.7115830556702,294.791955163916,275.9777426784277,b'2018-10-23/2018-10-29',1540252800
2855,25,3,77.33911220241875,0.0072694335281627,b'HadGEM3-GC31-LL',7,0.000322253023798,307.2557432042012,116.8532082305014,b'ssp245',6.044089432885099,285.50248694041414,296.9510027464166,273.89844954713783,b'2018-10-30/2018-11-05',1540857600
2855,25,3,77.74751819064652,0.0049283884979249,b'HadGEM3-GC31-LL',7,0.0001184135387019,275.8384075118028,120.273041575874,b'ssp245',5.29684364169563,279.847894518679,291.09124788940755,271.171578259972,b'2018-11-06/2018-11-12',1541462400
2855,25,3,83.7533617146416,0.0056847380619033,b'HadGEM3-GC31-LL',7,8.287899890159745e-05,294.25970176020377,99.55256453556063,b'ssp245',3.776482172790135,281.99884867326625,288.97632412104963,271.00810422268444,b'2018-11-13/2018-11-19',1542067200
2855,25,3,78.1498756443151,0.0029979085973728,b'HadGEM3-GC31-LL',7,0.0001840680236995,256.180873585818,95.06430855540708,b'ssp245',5.263387765249354,272.26731000430874,278.7588179811445,261.7339517236725,b'2018-11-20/2018-11-26',1542672000
2855,25,3,78.1854139995784,0.0036420574280475,b'HadGEM3-GC31-LL',7,0.0005213923400755,263.0894002881199,86.39442534083041,b'ssp245',6.486102984572767,274.0543854275677,291.0956803539796,263.8708647716767,b'2018-11-27/2018-12-03',1543276800
2855,25,3,85.4505977731533,0.0028436808628272,b'HadGEM3-GC31-LL',7,2.002079752670256e-05,243.43935582240573,89.8050685059964,b'ssp245',4.477701161565865,269.85415676588053,276.8489732199568,264.0805333800001,b'2018-12-04/2018-12-10',1543881600
2855,25,3,82.22603535304485,0.0032188095951796,b'HadGEM3-GC31-LL',7,0.0001840463185919,263.6262717803904,77.25026593840279,b'ssp245',5.244617091530999,272.5780089906699,278.301069333732,264.77901708918205,b'2018-12-11/2018-12-17',1544486400
2855,25,3,80.4771186423957,0.0033398995819313,b'HadGEM3-GC31-LL',7,0.0002784779913601,264.63945554348555,74.66208143009034,b'ssp245',6.44829714216714,274.1464883880871,280.96803905345774,265.72575649961004,b'2018-12-18/2018-12-24',1545091200
2855,25,3,76.32402753171527,0.0032348080164373,b'HadGEM3-GC31-LL',7,0.0001482438098278,259.99751081674657,68.8698141196725,b'ssp245',5.395383019526706,274.65910526619734,280.9077965272043,265.5646731437814,b'2018-12-25/2018-12-31',1545696000
2855,25,3,75.05099031254157,0.0028769650696592,b'HadGEM3-GC31-LL',7,0.0002722902984327,252.38596442746007,80.67862596609065,b'ssp245',5.315981519285332,273.2598859034041,283.57527967003296,262.77643213728686,b'2019-01-01/2019-01-07',1546300800
2855,25,3,67.23036901946834,0.0023916985618672,b'HadGEM3-GC31-LL',7,0.0003251532943777,245.9227170138101,83.92914390687034,b'ssp245',4.810296601396266,271.9404853233015,282.87091348401685,264.2823115540929,b'2019-01-08/2019-01-14',1546905600
2855,25,3,74.30062671168602,0.0027757727528018,b'HadGEM3-GC31-LL',7,0.0006720025156333,251.92886693789305,86.28406122217241,b'ssp245',6.389883970103582,271.6251651509405,287.51389691112485,260.1826028798007,b'2019-01-15/2019-01-21',1547510400
2855,25,3,69.85962115061453,0.0025026613088436,b'HadGEM3-GC31-LL',7,0.0001861376374039,236.2443343696786,107.91881920497852,b'ssp245',6.253627029230154,271.55620532910245,287.03422233491943,260.08253681627383,b'2019-01-22/2019-01-28',1548115200
2855,25,3,67.00563189321555,0.001830407827905,b'HadGEM3-GC31-LL',7,0.0002712958414701,229.8302622544164,109.65290336298747,b'ssp245',6.368945178039182,269.5455263664313,279.1849349796395,259.3836924648543,b'2019-01-29/2019-02-04',1548720000
2855,25,3,82.41257040250498,0.0021884156071509,b'HadGEM3-GC31-LL',7,0.0001777794467491,234.5110626949281,123.46719685848764,b'ssp245',5.841251636354488,267.7648441375248,277.57273383687607,251.20899247993933,b'2019-02-05/2019-02-11',1549324800
2855,25,3,77.70166828284987,0.0023912447372193,b'HadGEM3-GC31-LL',7,0.0001872751604505,237.80318295661823,130.33173896020602,b'ssp245',7.1646279669651,267.96094249371384,277.67077620178054,252.37287424530325,b'2019-02-12/2019-02-18',1549929600
2855,25,3,80.65238251527948,0.0030604583866227,b'HadGEM3-GC31-LL',7,0.0005930088554517,250.29666069366496,119.98019036226448,b'ssp245',6.012600999752896,270.42509528384204,283.8905674108214,251.02190572158,b'2019-02-19/2019-02-25',1550534400
2855,25,3,87.31743780734969,0.0021264470420297,b'HadGEM3-GC31-LL',7,0.0004571363541266,229.5907137530252,160.18317104668935,b'ssp245',5.489386970973165,265.4204638307979,279.30192856758475,248.05745151867816,b'2019-02-26/2019-03-04',1551139200
2855,25,3,79.16731791213829,0.0028114106364229,b'HadGEM3-GC31-LL',7,0.000771418202427,242.93311163212715,154.4229758746671,b'ssp245',6.415608747372519,269.4430995089021,285.9260081607367,253.80336556783533,b'2019-03-05/2019-03-11',1551744000
2855,25,3,79.19507322509544,0.0027595728040024,b'HadGEM3-GC31-LL',7,0.0002765272610656,239.4266515799008,185.3040499449053,b'ssp245',5.6993474604345336,272.0050924775954,281.86708979964146,264.35279265888767,b'2019-03-12/2019-03-18',1552348800
2855,25,3,85.85422165265527,0.0023042897379135,b'HadGEM3-GC31-LL',7,5.00296235153583e-05,229.04076748901,205.6192238109006,b'ssp245',5.619382712929952,267.1394223971187,276.486329668798,257.22122630711164,b'2019-03-19/2019-03-25',1552953600
2855,25,3,81.04447104266603,0.0023413240876645,b'HadGEM3-GC31-LL',7,6.590581152921525e-05,229.22961983241976,210.97345251697985,b'ssp245',4.760261733095973,268.91462493081264,280.76018515210376,256.4754116950857,b'2019-03-26/2019-04-01',1553558400
2855,25,3,80.66393032509643,0.0047357271914042,b'HadGEM3-GC31-LL',7,0.0002485976441751,263.7065465643815,205.5267759178635,b'ssp245',5.499981193669242,278.5231866367648,292.36648686382284,266.53961396669627,b'2019-04-02/2019-04-08',1554163200
2855,25,3,78.56421905253714,0.0052623277331345,b'HadGEM3-GC31-LL',7,0.0001379056162276,267.72264779849365,226.8675599058208,b'ssp245',5.434194442887109,280.784569323209,291.5577783765508,270.9058250144676,b'2019-04-09/2019-04-15',1554768000
2855,25,3,89.6597441415938,0.0069456246362957,b'HadGEM3-GC31-LL',7,0.0003258084495404,302.32262179140486,186.8107749652456,b'ssp245',3.883938316130333,282.7030386851516,296.06046466775695,268.83255900837,b'2019-04-16/2019-04-22',1555372800
2855,25,3,84.93359134569216,0.0080328790709767,b'HadGEM3-GC31-LL',7,0.0004809238159625,304.70002217082947,226.89842399865952,b'ssp245',4.3614210337265815,286.8172500419345,296.3375738155981,278.54010379174423,b'2019-04-23/2019-04-29',1555977600
2855,25,3,78.65203004887003,0.0053061201871544,b'HadGEM3-GC31-LL',7,0.0007681102273412,278.6733975943972,218.4374630020148,b'ssp245',5.360581207866129,281.0022572098831,292.1745161351149,272.08657222151646,b'2019-04-30/2019-05-06',1556582400
2855,25,3,79.63863507589687,0.0058950544811485,b'HadGEM3-GC31-LL',7,4.4969444118396826e-05,286.0349806626699,237.86896678428823,b'ssp245',3.1604908537073952,282.6614565532397,291.45428894098103,274.1599223370367,b'2019-05-07/2019-05-13',1557187200
2855,25,3,80.50599810415305,0.0080779839375815,b'HadGEM3-GC31-LL',7,0.0001790871729649,300.20168076516546,275.91794962187026,b'ssp245',4.170417859579212,287.56898341595485,300.1106175644072,276.43742082521726,b'2019-05-14/2019-05-20',1557792000
2855,25,3,81.54101479402709,0.0091030103573208,b'HadGEM3-GC31-LL',7,0.0006346002116728,319.12868403366934,248.5721534219984,b'ssp245',3.4492630381202027,288.63636194756606,298.64119151872666,274.8702855166165,b'2019-05-21/2019-05-27',1558396800
2855,25,3,77.41258987818614,0.0085718735338847,b'HadGEM3-GC31-LL',7,0.0001711613922276,305.44603778574754,298.8690841227812,b'ssp245',3.532563396231837,288.5440799498007,299.5113190441596,276.7896552081569,b'2019-05-28/2019-06-03',1559001600
2855,25,3,77.10666312290199,0.0089833988519768,b'HadGEM3-GC31-LL',7,0.0004493443571638,307.84113981961,318.8982414396243,b'ssp245',3.396325869996527,288.8805787030736,301.24071780431336,276.3141200505836,b'2019-06-04/2019-06-10',1559606400
2855,25,3,82.79932815014185,0.0114017482789285,b'HadGEM3-GC31-LL',7,0.0002862452333608,340.86185417810333,270.9580052762604,b'ssp245',3.383913697804431,292.13002867778044,303.8820628758045,280.6959512464184,b'2019-06-11/2019-06-17',1560211200
2855,25,3,89.99778812539886,0.0126080896115514,b'HadGEM3-GC31-LL',7,0.0007009676520983,353.3515119327393,255.74963440736929,b'ssp245',3.2314921583663505,292.92650668146314,302.9408256716844,279.5158537026451,b'2019-06-18/2019-06-24',1560816000
2855,25,3,84.899462840806,0.0156859475520752,b'HadGEM3-GC31-LL',7,0.0001187992172673,377.2784424458246,287.3695004500486,b'ssp245',3.443292700578234,297.91636570876204,310.0446637299217,287.3432656609484,b'2019-06-25/2019-07-01',1561420800
2855,25,3,72.22931335504353,0.0110327502981703,b'HadGEM3-GC31-LL',7,0.0002290555246966,337.32904683249825,293.2130176358599,b'ssp245',4.184232320858134,292.84421319453264,306.64597029026925,280.6582270538688,b'2019-07-02/2019-07-08',1562025600
2855,25,3,87.33777207647665,0.0155514591925277,b'HadGEM3-GC31-LL',7,0.0003707968346394,372.3157936299996,280.68689306290906,b'ssp245',3.0590931668806443,297.0465471674079,309.0518668156652,280.83764248704085,b'2019-07-09/2019-07-15',1562630400
2855,25,3,76.60674897845074,0.0145292109399379,b'HadGEM3-GC31-LL',7,0.0003190653606979,367.3758011760211,276.1238261188502,b'ssp245',4.515269833174747,297.98273738083765,307.49375845229395,285.3778494651401,b'2019-07-16/2019-07-22',1563235200
2855,25,3,80.10967993653193,0.0143190733293989,b'HadGEM3-GC31-LL',7,0.0003934277344515,365.74058649090426,257.51726798307266,b'ssp245',3.791265334940245,297.2065089027994,305.1932421841918,284.923826415795,b'2019-07-23/2019-07-29',1563840000
2855,25,3,86.0071256034281,0.0127497108324838,b'HadGEM3-GC31-LL',7,0.0002827331256687,359.3843401550615,234.656486844998,b'ssp245',2.733697810054886,293.34086715810474,305.2671146823569,282.61457605542853,b'2019-07-30/2019-08-05',1564444800
2855,25,3,89.16580881218952,0.0162856863059967,b'HadGEM3-GC31-LL',7,0.0005815382746919,378.15843428905765,233.26109489611244,b'ssp245',2.7087161689131376,298.23012290774415,306.45216905823025,289.22192785302684,b'2019-08-06/2019-08-12',1565049600
2855,25,3,75.92336167844897,0.0121769770096031,b'HadGEM3-GC31-LL',7,0.0002576780574018,349.4216247550717,259.301977825374,b'ssp245',2.9635873066562115,294.3718496754117,305.6851581687203,282.37172800286345,b'2019-08-13/2019-08-19',1565654400
2855,25,3,85.49712821772395,0.0139269426780883,b'HadGEM3-GC31-LL',7,0.0001204493799824,363.2993187298235,232.5476080677496,b'ssp245',2.023289901885021,295.470342069245,304.036534255113,285.6270021957218,b'2019-08-20/2019-08-26',1566259200
2855,25,3,74.10023293794855,0.0124326503899557,b'HadGEM3-GC31-LL',7,0.0002943765427056,353.50280453352974,228.96041204551213,b'ssp245',4.062347224549733,294.8096560838684,307.2237310917827,281.94346432569546,b'2019-08-27/2019-09-02',1566864000
2855,25,3,74.19039072629205,0.0097059217456029,b'HadGEM3-GC31-LL',7,5.208227855243151e-06,328.0379936995083,238.1004214186501,b'ssp245',2.481952784799548,290.0962484992078,301.72859008568514,277.39114388153155,b'2019-09-03/2019-09-09',1567468800
2855,25,3,78.94513900880891,0.0120975003637981,b'HadGEM3-GC31-LL',7,0.0002226006319226,351.36805363762284,216.7480644908377,b'ssp245',3.646585987650789,294.35043976109694,305.76004838814254,281.88204123506483,b'2019-09-10/2019-09-16',1568073600
2855,25,3,77.29318007999488,0.0088900099066178,b'HadGEM3-GC31-LL',7,0.0003145261167678,330.3726688689732,183.74118411007163,b'ssp245',3.999996764134677,289.14035474477174,299.32877278866374,279.0442706954942,b'2019-09-17/2019-09-23',1568678400
2855,25,3,76.66160316580509,0.0079087228735396,b'HadGEM3-GC31-LL',7,0.0005197098780281,312.64247256781243,191.65281531727376,b'ssp245',3.2048177909875686,287.1349842496373,296.3174255701907,275.6537403082568,b'2019-09-24/2019-09-30',1569283200
2855,25,3,78.06022498918081,0.0068307006595818,b'HadGEM3-GC31-LL',7,0.0002146136125589,310.02131777871784,166.7532358005871,b'ssp245',4.123595174165952,285.53486600810135,295.07751376626715,274.6688754556409,b'2019-10-01/2019-10-07',1569888000
2855,25,3,79.29148651587761,0.0076623241079266,b'HadGEM3-GC31-LL',7,0.0003302226411785,308.6679111490066,165.3300201419954,b'ssp245',3.968249500651623,286.43063323773754,297.2449511740804,276.1303616379872,b'2019-10-08/2019-10-14',1570492800
2855,25,3,75.04421849680924,0.0062512789034689,b'HadGEM3-GC31-LL',7,1.1347551332488698e-05,284.6162320662658,172.60480040755633,b'ssp245',3.825452311575251,284.03205900528235,295.5981300581438,271.5418729015374,b'2019-10-15/2019-10-21',1571097600
2855,25,3,84.18618249936262,0.0093568121194853,b'HadGEM3-GC31-LL',7,1.6680879248996876e-05,321.2292858974935,153.29505017564006,b'ssp245',2.749331872899204,288.9749595454037,298.5385378016581,276.8210123642781,b'2019-10-22/2019-10-28',1571702400
2855,25,3,77.98784514282083,0.0075728886859083,b'HadGEM3-GC31-LL',7,0.0003561989857659,309.61116946037384,124.5516222349396,b'ssp245',5.404169583692905,285.9957972738354,298.35304722014905,272.92391022197165,b'2019-10-29/2019-11-04',1572307200
2855,25,3,73.00074963502566,0.0048636949168579,b'HadGEM3-GC31-LL',7,9.434522466942844e-05,275.9290625118935,120.64251661331424,b'ssp245',6.071519189503041,280.96241013362857,290.0367573890582,269.4137441192323,b'2019-11-05/2019-11-11',1572912000
2855,25,3,82.12647146002709,0.005785515075791,b'HadGEM3-GC31-LL',7,0.0005242933953245,296.2078752782301,100.3576912244284,b'ssp245',4.594255413081756,282.626262314782,288.95975801076776,272.0248577390152,b'2019-11-12/2019-11-18',1573516800
2855,25,3,76.25030035535079,0.0044660865188767,b'HadGEM3-GC31-LL',7,0.0005451603433378,283.12212893547184,90.46048157943387,b'ssp245',6.957122130399519,278.7400137339734,289.5158830899425,269.39886314716006,b'2019-11-19/2019-11-25',1574121600
2855,25,3,72.7076719704713,0.0027791336923632,b'HadGEM3-GC31-LL',7,1.5874178290135572e-05,251.884874352487,91.68454048805565,b'ssp245',5.700475520819352,273.0838615288502,277.69072824700413,269.2681858300516,b'2019-11-26/2019-12-02',1574726400
2855,25,3,75.98206913094316,0.0036507229510177,b'HadGEM3-GC31-LL',7,0.0003664621628476,264.6443233098625,83.18809630329613,b'ssp245',5.229713542920756,275.20713335727163,288.61156212066675,267.0645634514206,b'2019-12-03/2019-12-09',1575331200
2855,25,3,79.49498335065063,0.0038570786944034,b'HadGEM3-GC31-LL',7,0.0001071786848206,257.92470987782445,83.53582924402117,b'ssp245',4.327954949863742,276.61617665100687,283.057236861838,270.3156187200502,b'2019-12-10/2019-12-16',1575936000
2855,25,3,78.36798803851532,0.0037137372581939,b'HadGEM3-GC31-LL',7,0.0002174579553081,272.70331652153067,70.70100821518317,b'ssp245',5.145761993811628,276.6882489349999,282.5848247800308,269.6167912677051,b'2019-12-17/2019-12-23',1576540800
2855,25,3,75.20878337309242,0.0036725403471424,b'HadGEM3-GC31-LL',7,1.6255967538854712e-06,267.7181106451204,79.9237989611988,b'ssp245',5.399583661090113,276.6652534850137,284.0632188033713,270.9634018151094,b'2019-12-24/2019-12-30',1577145600
2855,25,3,68.57832246141166,0.0024969415253746,b'HadGEM3-GC31-LL',1,0.0,228.755749572368,94.1123341850687,b'ssp245',5.308699709936208,274.69184992651515,278.07611351392234,271.30757933688136,b'2019-12-31/2020-01-06',1577750400
1559,25,5,68.9302606101658,0.0027761927022314,b'HadGEM3-GC31-LL',5,0.0001819459743465,272.22610237453296,69.7301857127314,b'ssp245',8.18637338043987,275.0611931046195,280.7750208757925,270.5652403900589,b'2014-12-30/2015-01-05',1419897600
1559,25,5,78.09509404816242,0.0026930200446041,b'HadGEM3-GC31-LL',7,0.0004321516125924,260.8481463477725,80.4546381111224,b'ssp245',10.429640413169782,271.61599314434926,283.797472879161,253.2165006112361,b'2015-01-06/2015-01-12',1420502400
1559,25,5,78.7179684909481,0.002396411138252,b'HadGEM3-GC31-LL',7,2.4925635986052663e-05,248.24422496850937,100.25310906830782,b'ssp245',5.981802419994188,269.74219301591,279.3632299008576,252.611915123981,b'2015-01-13/2015-01-19',1421107200
1559,25,5,76.80114363676272,0.0020934723918981,b'HadGEM3-GC31-LL',7,9.10268243870448e-05,255.22464870982043,89.71333559877382,b'ssp245',7.109128175709805,269.0071563404786,275.78179467242694,260.8775612651438,b'2015-01-20/2015-01-26',1421712000
1559,25,5,69.17880918293511,0.0020131988445822,b'HadGEM3-GC31-LL',7,3.912314920575082e-06,235.0064725698151,126.7871006904428,b'ssp245',6.242762100721245,269.69295908294106,278.89345110464785,261.06342485953064,b'2015-01-27/2015-02-02',1422316800
1559,25,5,70.01324039482923,0.0032755654652778,b'HadGEM3-GC31-LL',7,0.0003819947892554,267.08716425925303,115.782118999884,b'ssp245',7.469183284550226,275.952295686394,285.120971502774,265.66972550101906,b'2015-02-03/2015-02-09',1422921600
1559,25,5,64.33774305466046,0.0028241508206743,b'HadGEM3-GC31-LL',7,2.1430512547801522e-07,248.293340969678,148.66218947574467,b'ssp245',6.298913039430575,275.65006972919093,281.18405991706294,267.7750494030939,b'2015-02-10/2015-02-16',1423526400
1559,25,5,64.71905892887472,0.0028400265450702,b'HadGEM3-GC31-LL',7,3.681140218087302e-05,241.89534300494145,157.79908899342792,b'ssp245',7.220667663518933,275.0420915497015,283.7564703015313,264.1918600773465,b'2015-02-17/2015-02-23',1424131200
1559,25,5,63.83189581955935,0.0018287430780333,b'HadGEM3-GC31-LL',7,2.704113128764721e-07,220.56038050997083,176.7819013575836,b'ssp245',8.886481781183562,270.4529732524485,281.0275779834692,256.4331959600034,b'2015-02-24/2015-03-02',1424736000
1559,25,5,77.2180714640805,0.0032286073182907,b'HadGEM3-GC31-LL',7,0.0003328342510843,264.0726985639173,151.33320742620938,b'ssp245',8.051566976642016,273.7304925322286,284.019078086079,259.200431182419,b'2015-03-03/2015-03-09',1425340800
1559,25,5,85.31238425750416,0.0036172732162263,b'HadGEM3-GC31-LL',7,0.0008048523517468,277.47682032930675,128.4018595093279,b'ssp245',9.465862957685877,274.1330758926044,280.530383035411,262.44874882352525,b'2015-03-10/2015-03-16',1425945600
1559,25,5,80.01930529829384,0.0041654271775987,b'HadGEM3-GC31-LL',7,9.166753865811448e-05,271.4289043766124,194.7881061530261,b'ssp245',5.56207146002886,278.2169228184544,282.66054585774737,272.7306434520777,b'2015-03-17/2015-03-23',1426550400
1559,25,5,79.74321882275568,0.0050106662641303,b'HadGEM3-GC31-LL',7,0.0004530520032329,284.0128124671446,177.2868526798351,b'ssp245',7.199236438387915,279.2615843020611,292.7504837699558,263.251041003241,b'2015-03-24/2015-03-30',1427155200
1559,25,5,83.73909155962136,0.0059836104042214,b'HadGEM3-GC31-LL',7,0.0004204801792732,300.49367179475706,186.00137796026823,b'ssp245',5.719473887970729,282.1527448760797,292.4615921241649,273.32481583305025,b'2015-03-31/2015-04-06',1427760000
1559,25,5,86.86010711385596,0.0058239014732494,b'HadGEM3-GC31-LL',7,0.0011618775893914,303.0604833567364,158.9032527299648,b'ssp245',11.63517268409887,281.9135304642513,291.52669124879696,274.4161380049111,b'2015-04-07/2015-04-13',1428364800
1559,25,5,78.43161492515547,0.0054293517393539,b'HadGEM3-GC31-LL',7,0.0001325888494358,276.2578841720802,234.4547503737929,b'ssp245',5.971060241774248,282.3093525446226,290.672537319902,274.3534918743631,b'2015-04-14/2015-04-20',1428969600
1559,25,5,90.35692994174995,0.0081454551981194,b'HadGEM3-GC31-LL',7,0.0002133943859122,316.0273408182906,223.11921453377224,b'ssp245',4.743001380124694,286.4820192830656,293.3979840264804,279.9577206818953,b'2015-04-21/2015-04-27',1429574400
1559,25,5,83.87177441046104,0.0078075371772304,b'HadGEM3-GC31-LL',7,2.3019286095569586e-05,296.3342138697148,262.20232959060195,b'ssp245',2.9369530438389586,286.97762889032776,292.9083906975345,280.04162394205724,b'2015-04-28/2015-05-04',1430179200
1559,25,5,76.12663873471088,0.007177914855481,b'HadGEM3-GC31-LL',7,0.0002399512439223,298.0932955029094,271.0292533953491,b'ssp245',5.070229928686011,286.4497280965928,296.1303875909335,276.5372424139493,b'2015-05-05/2015-05-11',1430784000
1559,25,5,79.93966118632883,0.0084842632138063,b'HadGEM3-GC31-LL',7,0.0001414364189049,313.8857137612921,273.80486090365895,b'ssp245',6.029458045959472,288.3302173116932,297.02554821069685,279.4860377214957,b'2015-05-12/2015-05-18',1431388800
1559,25,5,88.22466794600396,0.010718531752734,b'HadGEM3-GC31-LL',7,0.0001618770996895,333.5432365654418,275.53030093175283,b'ssp245',4.703783481066765,290.9909718768197,298.47343763268515,281.3591250212296,b'2015-05-19/2015-05-25',1431993600
1559,25,5,84.99752734008537,0.0113292189621545,b'HadGEM3-GC31-LL',7,0.0002944830026719,327.15656427418963,308.22007049181445,b'ssp245',5.402269502801678,292.615357683707,299.50151146045624,282.26593720809274,b'2015-05-26/2015-06-01',1432598400
1559,25,5,87.17652980417445,0.0126612148980376,b'HadGEM3-GC31-LL',7,0.0001582797364986,350.59799184858423,273.5769711196299,b'ssp245',4.624442859959651,294.01910333416225,301.88008940323533,287.1876606374547,b'2015-06-02/2015-06-08',1433203200
1559,25,5,89.5788631336536,0.0142289721640308,b'HadGEM3-GC31-LL',7,0.0003804082309472,365.24208499126553,275.4457679037722,b'ssp245',4.932503581293868,295.4540571888041,303.73162492392714,285.0901908100515,b'2015-06-09/2015-06-15',1433808000
1559,25,5,80.4291744619176,0.0131066730099403,b'HadGEM3-GC31-LL',7,0.0004567200976095,345.384025659028,315.69590588682183,b'ssp245',4.050437758329245,295.6446624439942,302.17236359084865,286.9896361862403,b'2015-06-16/2015-06-22',1434412800
1559,25,5,76.32589486637471,0.0127897573239699,b'HadGEM3-GC31-LL',7,0.0002131337694924,343.6166047595796,303.66602313750525,b'ssp245',5.125689286524218,295.6189561484516,301.3582481052564,288.0124651480412,b'2015-06-23/2015-06-29',1435017600
1559,25,5,85.7582073709239,0.015844390893405,b'HadGEM3-GC31-LL',7,4.287486986799116e-05,365.0778075729591,311.38981630313464,b'ssp245',4.161617011905457,298.1542305577122,304.2933676899343,288.569082110861,b'2015-06-30/2015-07-06',1435622400
1559,25,5,85.12689665642337,0.0161675869456374,b'HadGEM3-GC31-LL',7,0.000363858569925,378.7965111394847,277.8306833776628,b'ssp245',6.32315532252902,299.10297117371493,304.28726408585254,291.29426269531245,b'2015-07-07/2015-07-13',1436227200
1559,25,5,86.64535884975646,0.0182951616345061,b'HadGEM3-GC31-LL',7,0.0002437652619154,385.7702813695429,290.6284073760544,b'ssp245',5.375317644480593,300.14256057265385,308.1291365913723,290.7856157828068,b'2015-07-14/2015-07-20',1436832000
1559,25,5,82.11501116861221,0.0156468053658802,b'HadGEM3-GC31-LL',7,0.0002977498084432,371.12623476142966,271.3172335227824,b'ssp245',4.070402114583839,298.86296416414945,303.82009706358974,292.2638926188151,b'2015-07-21/2015-07-27',1437436800
1559,25,5,80.60802654321643,0.0156646286989667,b'HadGEM3-GC31-LL',7,0.0002783481482329,374.2753888874567,260.5248175295243,b'ssp245',4.488633346039316,299.1370676360515,304.3476634149966,292.2053028493688,b'2015-07-28/2015-08-03',1438041600
1559,25,5,91.52185217657936,0.0181981336595354,b'HadGEM3-GC31-LL',7,0.0006175382222074,390.3430464782083,233.0476002568784,b'ssp245',5.8635727915457805,300.2042784380864,305.0626595759737,295.45119646597595,b'2015-08-04/2015-08-10',1438646400
1559,25,5,83.08116740351137,0.0163982345007251,b'HadGEM3-GC31-LL',7,0.0001089666524606,375.1663590140965,253.0179917613912,b'ssp245',4.012713568156303,299.40911973277974,304.86276483950405,290.8731120676234,b'2015-08-11/2015-08-17',1439251200
1559,25,5,88.77189320629428,0.0180929395306554,b'HadGEM3-GC31-LL',7,0.0002461808668137,391.29776961995947,231.64528007112423,b'ssp245',3.535811603957822,300.2776424558019,306.2598500569662,293.51292507890344,b'2015-08-18/2015-08-24',1439856000
1559,25,5,83.05007109869095,0.0166014037498004,b'HadGEM3-GC31-LL',7,0.0001682835818217,383.2555697928797,225.224377716254,b'ssp245',5.023598346947142,299.5161276112432,306.3531139871348,289.87239388728483,b'2015-08-25/2015-08-31',1440460800
1559,25,5,78.76566481975294,0.0129400292131856,b'HadGEM3-GC31-LL',7,0.0008964393213486,358.8291444892962,217.1781430578133,b'ssp245',6.0009071714883016,295.5555697865614,302.6971585481063,284.0479678388955,b'2015-09-01/2015-09-07',1441065600
1559,25,5,75.7250388799,0.0124091151434596,b'HadGEM3-GC31-LL',7,4.595989724267396e-05,356.51526749573384,223.0788944157508,b'ssp245',4.755512669318457,295.56796181878195,305.6726378952247,285.79900499426805,b'2015-09-08/2015-09-14',1441670400
1559,25,5,84.50977047274571,0.0135399701044842,b'HadGEM3-GC31-LL',7,1.792765457020837e-05,361.2164625779936,210.68246912038103,b'ssp245',2.3745468084609778,296.31353843799536,301.71446533203124,289.6124783280967,b'2015-09-15/2015-09-21',1442275200
1559,25,5,74.5061484169022,0.0099038586935401,b'HadGEM3-GC31-LL',7,0.0002130795846257,341.56043246883286,199.06224904188704,b'ssp245',5.317328799881549,292.28109971198484,301.97203979492184,283.8867751854053,b'2015-09-22/2015-09-28',1442880000
1559,25,5,75.16314048530151,0.0087958802636827,b'HadGEM3-GC31-LL',7,0.0001220575705846,332.02779920747804,166.68926041723532,b'ssp245',6.010378479463959,289.7678534719021,299.0912100529325,279.393340577941,b'2015-09-29/2015-10-05',1443484800
1559,25,5,76.10792145028124,0.008972566243932,b'HadGEM3-GC31-LL',7,2.287367305707053e-05,329.925991075725,175.41283746565347,b'ssp245',4.281841553614994,290.61106674794576,297.808154296875,279.3483176411062,b'2015-10-06/2015-10-12',1444089600
1559,25,5,78.21575679581603,0.0086308678618861,b'HadGEM3-GC31-LL',7,6.790045297524214e-05,334.7041890904524,140.7961199584708,b'ssp245',6.162425415264153,289.86674773727634,296.8539109382076,281.0785103175951,b'2015-10-13/2015-10-19',1444694400
1559,25,5,74.33166400285486,0.0069774931583044,b'HadGEM3-GC31-LL',7,4.326163295142275e-05,310.8990356382129,150.59381138266488,b'ssp245',5.939746236110078,286.8951527028844,295.4680612315302,277.1269529923149,b'2015-10-20/2015-10-26',1445299200
1559,25,5,69.1770722872969,0.0058330150860058,b'HadGEM3-GC31-LL',7,5.231766416187199e-05,301.2916031041747,127.9488342616869,b'ssp245',6.477557564176634,284.91608683268225,293.6638777580814,274.3567709660185,b'2015-10-27/2015-11-02',1445904000
1559,25,5,62.785730733140895,0.0040917108568129,b'HadGEM3-GC31-LL',7,3.530079400256316e-05,281.42218616872594,124.4802528855223,b'ssp245',5.4434537855981535,281.1852574002915,290.74210037010306,273.4912283634793,b'2015-11-03/2015-11-09',1446508800
1559,25,5,77.65903161722187,0.0052619910549263,b'HadGEM3-GC31-LL',7,0.0001509450111855,302.16102835771704,101.51992881569556,b'ssp245',6.044810054070214,281.6260975271031,289.23709115290984,271.2187831270522,b'2015-11-10/2015-11-16',1447113600
1559,25,5,65.54416879531513,0.0039075410102954,b'HadGEM3-GC31-LL',7,0.0001459717477324,278.2923810022958,100.6544962778348,b'ssp245',5.073339255009131,279.1850322462757,289.41397435285046,271.99062155018686,b'2015-11-17/2015-11-23',1447718400
1559,25,5,80.0419376065272,0.0059989948146233,b'HadGEM3-GC31-LL',7,0.0004231720526215,317.56641414792387,84.39643905829199,b'ssp245',7.094090816002208,282.44721089554616,291.91435365538666,272.4345454119254,b'2015-11-24/2015-11-30',1448323200
1559,25,5,79.04584904072446,0.0043086770081248,b'HadGEM3-GC31-LL',7,0.0001320826262121,283.55510507903483,82.60054892072026,b'ssp245',7.463555026399916,277.90063927060083,288.94563912654263,269.35922179291214,b'2015-12-01/2015-12-07',1448928000
1559,25,5,81.2299886731134,0.0044870352696464,b'HadGEM3-GC31-LL',7,0.0006018274189424,291.3624129617189,69.70169365845358,b'ssp245',7.438836137108181,278.9790177370944,286.5298419897107,272.97068229343574,b'2015-12-08/2015-12-14',1449532800
1559,25,5,80.31813248975924,0.0053536224956517,b'HadGEM3-GC31-LL',7,0.0001119739752974,298.48568940409467,72.52932913328057,b'ssp245',8.620829831591305,281.5499575976259,290.4237809775532,274.64595266148666,b'2015-12-15/2015-12-21',1450137600
1559,25,5,67.09465826046393,0.0028944131347502,b'HadGEM3-GC31-LL',7,0.0001461683945202,250.40836761032324,90.9406334539378,b'ssp245',8.000437327102599,274.9208194582605,288.2953131191972,266.32759580750394,b'2015-12-22/2015-12-28',1450742400
1559,25,5,69.17749249239145,0.0034243503368534,b'HadGEM3-GC31-LL',7,0.0005360613421557,259.99052791555965,90.59170231078724,b'ssp245',6.126675712790795,276.7651185661616,287.0035280974015,270.3209463810575,b'2015-12-29/2016-01-04',1451347200
1559,25,5,78.47587032436583,0.0031342660440864,b'HadGEM3-GC31-LL',7,0.0002880117165117,272.4370792902281,78.84487001091304,b'ssp245',6.506818584082784,274.0881392326908,281.1917131064595,265.4297656957653,b'2016-01-05/2016-01-11',1451952000
1559,25,5,76.01278247398865,0.0026373589157216,b'HadGEM3-GC31-LL',7,0.0004749207453216,259.99786503319905,82.54196180655596,b'ssp245',10.40784442084176,271.4351551822007,285.6540128846099,257.15232831429745,b'2016-01-12/2016-01-18',1452556800
1559,25,5,80.54749491278923,0.0046324597097986,b'HadGEM3-GC31-LL',7,0.0012117936058008,290.2338067538496,84.18006297046352,b'ssp245',8.52194461121569,280.06480123389576,287.47279189842334,274.85859255583387,b'2016-01-19/2016-01-25',1453161600
1559,25,5,68.77695941569642,0.0035994411837579,b'HadGEM3-GC31-LL',7,0.0005314594210144,282.17727434620355,96.02285456055192,b'ssp245',10.17151330065283,277.8308075898923,287.9785587918931,270.752692048446,b'2016-01-26/2016-02-01',1453766400
1559,25,5,62.19689540033755,0.0019768122220522,b'HadGEM3-GC31-LL',7,2.715663680172166e-07,229.6099411105517,134.488283365064,b'ssp245',7.382718789454079,271.3857300752438,281.3140513102214,260.6675794518512,b'2016-02-02/2016-02-08',1454371200
1559,25,5,78.80759508279046,0.0032511688202935,b'HadGEM3-GC31-LL',7,0.0003337469919813,267.7963862575112,117.63535743223706,b'ssp245',7.744329030864234,274.2940893074493,283.29150762143337,263.4823168326115,b'2016-02-09/2016-02-15',1454976000
1559,25,5,73.99042304534596,0.0027230943387805,b'HadGEM3-GC31-LL',7,0.0002229110491939,259.14299318933587,134.40196443166792,b'ssp245',7.790633285415837,272.08394940931106,280.97292192984315,261.6622951341712,b'2016-02-16/2016-02-22',1455580800
1559,25,5,75.08515279070932,0.0020504224750909,b'HadGEM3-GC31-LL',7,2.3378324648254e-05,232.6463189229708,159.917094724667,b'ssp245',10.730648366462123,268.432957234195,281.17040011640904,256.4092412091684,b'2016-02-23/2016-02-29',1456185600
1559,25,5,77.44820076130932,0.0031550505123338,b'HadGEM3-GC31-LL',7,0.0003791379892433,267.7782857164339,145.08228883447114,b'ssp245',7.041794149920066,273.5206144913383,283.3025292880293,261.5925137284873,b'2016-03-01/2016-03-07',1456790400
1559,25,5,80.60146372540396,0.0046140673168303,b'HadGEM3-GC31-LL',7,0.0006313409478867,289.75685292751393,152.999569954882,b'ssp245',6.913415964098944,279.0922567553155,287.0682482733243,268.7857301131539,b'2016-03-08/2016-03-14',1457395200
1559,25,5,78.89886414111277,0.004838768392512,b'HadGEM3-GC31-LL',7,0.0001853461706279,278.13197262844926,183.81329715325964,b'ssp245',8.215377065014888,280.3978430327421,287.9828034331833,271.2016119473222,b'2016-03-15/2016-03-21',1458000000
1559,25,5,84.22414338169138,0.0051977917933296,b'HadGEM3-GC31-LL',7,0.000210104323275,282.16090640745296,183.42237567467225,b'ssp245',5.066910297233866,280.6404643119985,288.4312883902287,270.36725017160603,b'2016-03-22/2016-03-28',1458604800
1559,25,5,78.36604025072685,0.0045465628282931,b'HadGEM3-GC31-LL',7,0.0003011156703178,277.1919548113647,202.0146958787496,b'ssp245',7.753633782779701,278.8877965196566,288.8919038192085,266.5748390971751,b'2016-03-29/2016-04-04',1459209600
1559,25,5,77.09791577578085,0.0051730073592191,b'HadGEM3-GC31-LL',7,4.948647261514544e-06,258.3388591979601,248.3586645311944,b'ssp245',5.759471830818224,281.67577986628373,290.27542092143625,273.830124830163,b'2016-04-05/2016-04-11',1459814400
1559,25,5,86.58495747978888,0.0073397029658844,b'HadGEM3-GC31-LL',7,0.0004918326361946,310.06918679942254,219.0325895100153,b'ssp245',7.940283397413929,285.1354235536563,293.19564837027286,270.4211288231006,b'2016-04-12/2016-04-18',1460419200
1559,25,5,88.28042101336807,0.0081877738872723,b'HadGEM3-GC31-LL',7,0.0001298051938194,320.42498681362616,225.47585904455084,b'ssp245',4.959931991756826,286.50065449779817,295.8683687071869,274.6949481908826,b'2016-04-19/2016-04-25',1461024000
1559,25,5,88.46798480174061,0.008533384896406,b'HadGEM3-GC31-LL',7,0.0001177508628446,318.0685290982264,232.74544466385927,b'ssp245',3.888610349333311,287.4658900164176,293.7684991808905,280.9063298322152,b'2016-04-26/2016-05-02',1461628800
1559,25,5,82.8765348462091,0.0088030605210573,b'HadGEM3-GC31-LL',7,0.0003537730916597,311.7604335808606,254.5324330331869,b'ssp245',5.982326156851173,289.0510081731508,297.79101593459865,280.9043990425442,b'2016-05-03/2016-05-09',1462233600
1559,25,5,78.23111787878949,0.0085406219057437,b'HadGEM3-GC31-LL',7,8.860987673586718e-05,312.1686001542686,274.91505282068346,b'ssp245',5.591713489903674,289.6086236167892,298.4914201819378,281.2664545473845,b'2016-05-10/2016-05-16',1462838400
1559,25,5,84.45478167405533,0.0107375863221267,b'HadGEM3-GC31-LL',7,0.0005931004893549,334.0797823761808,257.53482111265447,b'ssp245',6.057221234017524,291.7377993313175,299.4751555511917,279.55623142408285,b'2016-05-17/2016-05-23',1463443200
1559,25,5,79.20673518526381,0.0098317539091867,b'HadGEM3-GC31-LL',7,0.000108291713503,317.7712698484306,308.78699586919623,b'ssp245',4.836319369114704,291.18756123734306,299.3088421365489,279.40719622183536,b'2016-05-24/2016-05-30',1464048000
1559,25,5,82.28976026104597,0.0116456720121898,b'HadGEM3-GC31-LL',7,0.0002769833669758,329.81175897254707,309.1254481977064,b'ssp245',4.470179184253171,292.9383267925886,301.5275845734969,283.42999019899224,b'2016-05-31/2016-06-06',1464652800
1559,25,5,90.68304518073737,0.0133021377946787,b'HadGEM3-GC31-LL',7,0.0004241941649642,360.3990516741577,257.5792861780518,b'ssp245',4.757768385898992,293.8511561612905,303.9393153978431,280.56136713442595,b'2016-06-07/2016-06-13',1465257600
1559,25,5,86.28348399886927,0.0140980829540678,b'HadGEM3-GC31-LL',7,5.605385614848128e-05,356.5287712081372,291.1027111551036,b'ssp245',3.318974256811675,295.5452692762418,304.56928361533346,287.06101259977913,b'2016-06-14/2016-06-20',1465862400
1559,25,5,80.17085344776604,0.0132715594688696,b'HadGEM3-GC31-LL',7,0.0003915013131926,352.14983619705737,302.2237461477086,b'ssp245',5.395696803452312,295.0588372777461,302.9188374394956,286.43783989505494,b'2016-06-21/2016-06-27',1466467200
1559,25,5,79.46219265149986,0.0153763216463212,b'HadGEM3-GC31-LL',7,2.251550480983444e-05,362.57178636633824,324.3621270853046,b'ssp245',4.29898310472753,298.6802771716384,305.16844898168586,289.0406888657722,b'2016-06-28/2016-07-04',1467072000
1559,25,5,83.19430571846341,0.015746336244625,b'HadGEM3-GC31-LL',7,0.0001993739965444,372.32898299886574,297.66978640033096,b'ssp245',4.199223364337384,298.4496395577061,306.1821339040563,285.62698328875115,b'2016-07-05/2016-07-11',1467676800
1559,25,5,75.24204070760597,0.0136361807658034,b'HadGEM3-GC31-LL',7,0.000211423107335,353.1921389941103,311.71063355629485,b'ssp245',4.884032392106934,296.99643119353925,303.3758318030316,286.79102318805195,b'2016-07-12/2016-07-18',1468281600
1559,25,5,82.81751926809116,0.0153904095159044,b'HadGEM3-GC31-LL',7,0.0002949261047938,370.52855200599686,269.203752183618,b'ssp245',4.128428580647423,297.8518007140229,304.14048541525136,290.3373138427734,b'2016-07-19/2016-07-25',1468886400
1559,25,5,79.77354122343516,0.0149929501484562,b'HadGEM3-GC31-LL',7,0.0001474489480094,367.2357258798666,285.552599794376,b'ssp245',4.38184074143692,297.8080252447977,304.957951421323,289.1566853841146,b'2016-07-26/2016-08-01',1469491200
1559,25,5,77.27675879816091,0.0141866305735015,b'HadGEM3-GC31-LL',7,0.0001088370434062,358.1637868308626,291.8328286370382,b'ssp245',4.571432651347996,297.3361738122028,305.098131881935,287.2786242056584,b'2016-08-02/2016-08-08',1470096000
1559,25,5,85.6623755097636,0.0161948296262672,b'HadGEM3-GC31-LL',7,0.0005078236395705,378.6056313777316,237.93448128710128,b'ssp245',4.080247229917696,298.54611209213857,304.45156073086497,291.0146642712579,b'2016-08-09/2016-08-15',1470700800
1559,25,5,77.68791090055035,0.0137572075502549,b'HadGEM3-GC31-LL',7,9.561159963595854e-05,371.70466547426975,238.6627774193173,b'ssp245',5.352591337476459,297.0542070977189,306.1835853023805,288.95837778284925,b'2016-08-16/2016-08-22',1471305600
1559,25,5,71.18300999469638,0.0107118778867843,b'HadGEM3-GC31-LL',7,0.0001436602136284,344.3486134594272,242.2007809877889,b'ssp245',4.454098400812959,294.1027584605089,301.60133764294613,285.1593622622282,b'2016-08-23/2016-08-29',1471910400
1559,25,5,78.20791089865484,0.0108790700992966,b'HadGEM3-GC31-LL',7,0.000378336471291,360.6920678748848,178.94612260585492,b'ssp245',5.049528580373365,293.3350621004282,299.813170236781,287.5538727248924,b'2016-08-30/2016-09-05',1472515200
1559,25,5,82.84577383195392,0.0129022904806702,b'HadGEM3-GC31-LL',7,0.0002866449752291,361.6767093887487,216.6883080302805,b'ssp245',4.74491088064561,294.97915540738626,301.4531582155089,284.9907953234686,b'2016-09-06/2016-09-12',1473120000
1559,25,5,78.64868285848488,0.0114763426892343,b'HadGEM3-GC31-LL',7,0.0005252356762096,355.9519727181697,200.65699974360177,b'ssp245',4.7575197991377065,293.5368465889561,300.737522114187,284.19107223731885,b'2016-09-13/2016-09-19',1473724800
1559,25,5,82.30965164216161,0.0103436470594773,b'HadGEM3-GC31-LL',7,0.0003235266031707,352.4720578211435,177.01176826998312,b'ssp245',6.598899646427319,291.4852822060911,299.01239593063576,284.7400366299394,b'2016-09-20/2016-09-26',1474329600
1559,25,5,74.13991188696946,0.008798253150005,b'HadGEM3-GC31-LL',7,0.000169925602282,340.6367203169481,173.92754982579075,b'ssp245',5.078557304862123,291.26297477264086,296.97237208269644,284.9681552168252,b'2016-09-27/2016-10-03',1474934400
1559,25,5,84.64824223488755,0.0108028643967016,b'HadGEM3-GC31-LL',7,6.89133817677825e-05,341.34664112667616,177.15748567127045,b'ssp245',3.6107290562635614,292.32408527508534,298.2053456182065,285.25728007883265,b'2016-10-04/2016-10-10',1475539200
1559,25,5,84.56543300620764,0.0102399518024985,b'HadGEM3-GC31-LL',7,0.000154041687381,351.262843250093,152.67650483093894,b'ssp245',4.620453547888414,291.44741702504285,297.5312836577927,281.1040136807207,b'2016-10-11/2016-10-17',1476144000
1559,25,5,68.9027928804512,0.0068368666397511,b'HadGEM3-GC31-LL',7,4.602699650151236e-05,315.7112564497606,150.3605064344702,b'ssp245',7.539383641335781,287.902172990566,296.7124883679376,281.2667759992074,b'2016-10-18/2016-10-24',1476748800
1559,25,5,71.74674174148844,0.0060785589908397,b'HadGEM3-GC31-LL',7,7.881706121251214e-05,306.6691418191661,134.55727793691568,b'ssp245',6.518371939856566,285.40155875322483,292.6381907145182,277.8470506308735,b'2016-10-25/2016-10-31',1477353600
1559,25,5,75.61355731719276,0.0059846608634405,b'HadGEM3-GC31-LL',7,0.0004105492311433,316.3748704614106,113.17352255274297,b'ssp245',8.158493322072315,284.451843546044,293.6921933381454,278.64285464079484,b'2016-11-01/2016-11-07',1477958400
1559,25,5,79.6309182856147,0.006355957672343,b'HadGEM3-GC31-LL',7,0.0001825100532245,307.76114323775954,110.82795677737911,b'ssp245',5.003132863271803,284.58878139077257,292.49380913333613,275.6848631927932,b'2016-11-08/2016-11-14',1478563200
1559,25,5,77.64116127535422,0.0054430643097529,b'HadGEM3-GC31-LL',7,0.0007860217513364,312.21416159683133,82.3480445909204,b'ssp245',9.347284355321532,282.52321983321605,291.7603127299875,274.8679521201313,b'2016-11-15/2016-11-21',1479168000
1559,25,5,77.5062026124563,0.004504777039941,b'HadGEM3-GC31-LL',7,0.0007186261778089,299.5986037986866,85.87961524031424,b'ssp245',7.714048155099461,279.0568521882683,289.7493411299111,269.8969051195227,b'2016-11-22/2016-11-28',1479772800
1559,25,5,77.84473651388417,0.0043190869663245,b'HadGEM3-GC31-LL',7,1.12201901237168e-05,288.72636034157955,90.63132966162009,b'ssp245',5.396156915571872,279.0893176850818,287.656909356601,271.01685233738107,b'2016-11-29/2016-12-05',1480377600
1559,25,5,72.4428041240937,0.0040981771169407,b'HadGEM3-GC31-LL',7,0.0001236464357248,274.1708271066101,86.22963478293725,b'ssp245',7.71906255303456,278.9764732218677,288.64090554057685,269.05467847741164,b'2016-12-06/2016-12-12',1480982400
1559,25,5,66.21153109137809,0.0026052938145633,b'HadGEM3-GC31-LL',7,9.513564324626476e-05,252.064343843006,84.60278975287333,b'ssp245',8.02823904449155,274.309592350867,280.3084108214447,268.1141090724779,b'2016-12-13/2016-12-19',1481587200
1559,25,5,71.9003672913735,0.0031539645902117,b'HadGEM3-GC31-LL',7,6.429569163622322e-05,259.6776668951378,82.01993472808142,b'ssp245',7.026767407391629,275.9534018253934,282.19849490842955,271.81673460144924,b'2016-12-20/2016-12-26',1482192000
1559,25,5,75.99920030992716,0.0027504761072066,b'HadGEM3-GC31-LL',7,0.0002619713950024,259.75577559698195,82.16820224027455,b'ssp245',11.063248123243977,272.3808298683561,282.1779717929121,266.00422487120693,b'2016-12-27/2017-01-02',1482796800
1559,25,5,75.50375474412495,0.0032175964832509,b'HadGEM3-GC31-LL',7,0.0008270865966965,268.8312123521761,82.68692680816967,b'ssp245',8.672397527043122,273.760661110572,286.6446343021116,264.2928522082343,b'2017-01-03/2017-01-09',1483401600
1559,25,5,74.42665700339876,0.0033276276971458,b'HadGEM3-GC31-LL',7,0.000119717716884,275.0773109420239,84.33144648297232,b'ssp245',7.505470977560086,275.54985260578417,284.2722950810972,266.6458044964334,b'2017-01-10/2017-01-16',1484006400
1559,25,5,71.16060018598662,0.0016676023255167,b'HadGEM3-GC31-LL',7,2.24220933621316e-05,229.55842859177363,104.29786047135822,b'ssp245',8.323905007488731,267.0574930258172,278.8702579664147,258.0697973721269,b'2017-01-17/2017-01-23',1484611200
1559,25,5,74.50710205014941,0.0032673246233471,b'HadGEM3-GC31-LL',7,0.0003952189401035,269.08910606178927,100.06019355742332,b'ssp245',7.721067263818428,275.0518619955943,285.3778743135756,263.96813429680424,b'2017-01-24/2017-01-30',1485216000
1559,25,5,66.22076777029729,0.0024033961189991,b'HadGEM3-GC31-LL',7,0.0001493696285933,250.24858354209124,113.72628582782626,b'ssp245',6.668376909674571,272.8756302732858,280.5529037254444,264.43742397142495,b'2017-01-31/2017-02-06',1485820800
1559,25,5,82.05499839229859,0.0018010467905733,b'HadGEM3-GC31-LL',7,0.0004144438204397,235.05205921623275,126.64941737173012,b'ssp245',12.292727184295654,265.6800522450828,282.4159094769022,256.51843704002493,b'2017-02-07/2017-02-13',1486425600
1559,25,5,67.80264548702516,0.0021418890675749,b'HadGEM3-GC31-LL',7,4.110622136608257e-06,247.98941953986812,143.04202587688437,b'ssp245',8.148214012939736,271.28562666930515,278.0605996836786,265.2094795558763,b'2017-02-14/2017-02-20',1487030400
1559,25,5,70.7958426197123,0.0033131787327347,b'HadGEM3-GC31-LL',7,0.0003345011722399,267.6577921644254,141.32125893192014,b'ssp245',8.405567188243195,276.2185039575549,284.4331817184669,269.41276315882584,b'2017-02-21/2017-02-27',1487635200
1559,25,5,72.53027624284259,0.0034172571087776,b'HadGEM3-GC31-LL',7,0.000235696444548,252.4561051331198,160.38818093530878,b'ssp245',7.211642883628544,276.3376323881604,283.2865861975628,269.195673226619,b'2017-02-28/2017-03-06',1488240000
1559,25,5,73.3594291450074,0.0022831044215024,b'HadGEM3-GC31-LL',7,0.0006083751237635,248.5695935014365,150.19262377500038,b'ssp245',9.976304509476844,271.0896804651612,278.38463378021686,259.1369287905485,b'2017-03-07/2017-03-13',1488844800
1559,25,5,84.34649909988939,0.0039320624995046,b'HadGEM3-GC31-LL',7,0.0007455618665434,275.4742681120247,159.68971117228946,b'ssp245',9.563474523947107,276.49078364717786,282.0457274063774,270.93874586906986,b'2017-03-14/2017-03-20',1489449600
1559,25,5,73.12209122146385,0.0031225248735,b'HadGEM3-GC31-LL',7,0.0001747675627485,256.1162397238532,186.81105695767928,b'ssp245',7.508622221818375,274.77142330825205,282.2066302755604,265.71528342426683,b'2017-03-21/2017-03-27',1490054400
1559,25,5,84.55893706643556,0.0047179108496184,b'HadGEM3-GC31-LL',7,0.0004125135892763,292.33571571997726,174.30269912498585,b'ssp245',8.188259552082906,278.71342133389743,286.25792820142664,273.13441847649176,b'2017-03-28/2017-04-03',1490659200
1559,25,5,75.83327386986396,0.0039960092665843,b'HadGEM3-GC31-LL',7,0.0002292403581219,275.5198321324698,187.28146410482023,b'ssp245',6.341070771957776,277.0440576841619,284.916064099298,270.96111016757243,b'2017-04-04/2017-04-10',1491264000
1559,25,5,90.599511969904,0.0069259877178786,b'HadGEM3-GC31-LL',7,0.0002112360889368,306.26074377024395,210.65860134148448,b'ssp245',4.581525375754197,283.2238542702874,292.13196632274685,272.66423631751013,b'2017-04-11/2017-04-17',1491868800
1559,25,5,75.93685135930221,0.0054785187187455,b'HadGEM3-GC31-LL',7,3.237456874548234e-05,289.3160822897964,230.7863665057512,b'ssp245',4.622369014994698,282.942439279497,289.1620670042176,276.95637689120525,b'2017-04-18/2017-04-24',1492473600
1559,25,5,83.92781832677237,0.0064680014508457,b'HadGEM3-GC31-LL',7,0.0004722324009207,305.82874326844143,205.7034343743176,b'ssp245',5.654120956790125,283.4990369208357,290.4050992219344,276.0859760671422,b'2017-04-25/2017-05-01',1493078400
1559,25,5,85.21500774723155,0.007747167712328,b'HadGEM3-GC31-LL',7,0.0001549636390256,303.8826432822407,250.09586008202217,b'ssp245',5.914182214411149,286.0069975606156,293.0217156893965,275.9012068596439,b'2017-05-02/2017-05-08',1493683200
1559,25,5,87.64268396823796,0.008548008009799,b'HadGEM3-GC31-LL',7,0.0003748356194924,315.14889784787255,249.1544942662336,b'ssp245',5.664414476114277,286.8954960287975,294.60703328450523,279.11159256644873,b'2017-05-09/2017-05-15',1494288000
1559,25,5,88.3493332398851,0.0091783764278496,b'HadGEM3-GC31-LL',7,0.0004674117448539,325.8328872333155,253.4671958828565,b'ssp245',4.669963231590224,288.12769832887506,295.4102786299111,280.9910016488338,b'2017-05-16/2017-05-22',1494892800
1559,25,5,82.66540391973332,0.0093956655484293,b'HadGEM3-GC31-LL',7,0.0002478081794468,324.87427615211124,265.49718142681235,b'ssp245',3.555961902146507,290.31152103653113,296.5291194307631,282.67226367895154,b'2017-05-23/2017-05-29',1495497600
1559,25,5,86.9037154630104,0.0109323061574596,b'HadGEM3-GC31-LL',7,0.0003709736351164,337.8100807648021,292.7631485459227,b'ssp245',4.508640422287935,291.16108496371754,298.4538974043252,283.4598412555197,b'2017-05-30/2017-06-05',1496102400
1559,25,5,87.93760123874829,0.0122240408223438,b'HadGEM3-GC31-LL',7,0.0004059729760695,344.9814537032544,286.99927247167864,b'ssp245',4.914912893806679,293.45817059187164,299.3920989990234,283.6582028596298,b'2017-06-06/2017-06-12',1496707200
1559,25,5,85.49449862683534,0.0137295847891696,b'HadGEM3-GC31-LL',7,4.056736963231901e-05,348.4589051493453,319.0684116276648,b'ssp245',3.5111121271461188,295.2730091355602,302.2972007862036,287.0048676863961,b'2017-06-13/2017-06-19',1497312000
1559,25,5,85.98473605517275,0.0135022292702263,b'HadGEM3-GC31-LL',7,0.0001310486405134,364.2967100281647,273.87372420727587,b'ssp245',6.276791359771112,294.62044319484545,304.8927621150362,285.0470933997113,b'2017-06-20/2017-06-26',1497916800
1559,25,5,87.99461313883464,0.0137609402417719,b'HadGEM3-GC31-LL',7,0.0003046075619314,362.3324943905785,290.3522599435494,b'ssp245',3.3690511958199254,294.96552800085726,303.65258567920625,284.5007460442142,b'2017-06-27/2017-07-03',1498521600
1559,25,5,83.36713456337496,0.0137870114497207,b'HadGEM3-GC31-LL',7,0.0004035474950282,361.2936050825732,285.8578847122982,b'ssp245',4.642827962693714,295.50244681474834,302.6101897751076,286.2243849160015,b'2017-07-04/2017-07-10',1499126400
1559,25,5,91.49433279570586,0.0169305063325209,b'HadGEM3-GC31-LL',7,0.0002087151658958,380.1536579582262,271.40311638178537,b'ssp245',4.323392468505764,298.47075477742254,303.8385922639266,289.978374226888,b'2017-07-11/2017-07-17',1499731200
1559,25,5,95.6108296759627,0.0181533800160384,b'HadGEM3-GC31-LL',7,0.0004362661670606,392.930674272936,242.15037682258807,b'ssp245',3.0852473156052347,298.70700736667794,305.7288909469826,290.87630681576934,b'2017-07-18/2017-07-24',1500336000
1559,25,5,85.71088059545797,0.0162519916224892,b'HadGEM3-GC31-LL',7,0.0001480620207497,375.1262070176023,278.7463192009778,b'ssp245',4.465701679660173,297.9992537599172,305.72187252321106,288.7795978933141,b'2017-07-25/2017-07-31',1500940800
1559,25,5,88.4854322919194,0.017039620998946,b'HadGEM3-GC31-LL',7,5.176270674877266e-05,379.1504656489592,268.27213530293653,b'ssp245',4.703343806355636,299.0415261152121,305.35122981417004,292.7209992781929,b'2017-08-01/2017-08-07',1501545600
1559,25,5,76.78712233865237,0.0136362970399806,b'HadGEM3-GC31-LL',7,7.854842156260914e-05,358.9966538897212,274.0704086177344,b'ssp245',3.843967438484571,296.6097360678094,303.7006527665733,288.75812170056327,b'2017-08-08/2017-08-14',1502150400
1559,25,5,81.28758049880001,0.0150702623152954,b'HadGEM3-GC31-LL',7,0.0002567946978113,369.7043969006272,239.7649738509216,b'ssp245',4.510483661275472,297.525071315094,303.88149100041045,289.857063757855,b'2017-08-15/2017-08-21',1502755200
1559,25,5,77.63645316177274,0.0133309723685955,b'HadGEM3-GC31-LL',7,5.375268892073332e-05,360.8605931252426,246.32962164395096,b'ssp245',4.176691771047209,296.5280255430233,303.37461092299304,289.184539219953,b'2017-08-22/2017-08-28',1503360000
1559,25,5,78.49944624811965,0.0127951908900978,b'HadGEM3-GC31-LL',7,0.0006681252340293,353.4416224825209,229.98159644085425,b'ssp245',5.060639941963843,294.68924625625766,302.7400514906731,284.9510716977327,b'2017-08-29/2017-09-04',1503964800
1559,25,5,74.10419267295063,0.0099532706907893,b'HadGEM3-GC31-LL',7,0.0001403417059497,343.5000178556265,213.0840244522253,b'ssp245',5.22712028836118,292.3950506301153,299.4506400288015,286.6244465261266,b'2017-09-05/2017-09-11',1504569600
1559,25,5,74.65340617872913,0.0102708566694772,b'HadGEM3-GC31-LL',7,1.752914880922696e-05,338.24954392964304,222.66956173598643,b'ssp245',4.281551755980181,292.1115824444693,299.62145943019704,283.6248921269955,b'2017-09-12/2017-09-18',1505174400
1559,25,5,84.53268578570821,0.0119180681304446,b'HadGEM3-GC31-LL',7,0.0002132308833063,359.35794150153055,194.38353757364652,b'ssp245',6.268749517584932,293.3932014733861,300.27630902718806,283.78354443536284,b'2017-09-19/2017-09-25',1505779200
1559,25,5,80.80508548902428,0.0098060110225254,b'HadGEM3-GC31-LL',7,3.3834644400024215e-05,345.1099109657556,175.38412325841298,b'ssp245',3.0571300648014,291.38565647922934,297.7350754889889,285.24102438221803,b'2017-09-26/2017-10-02',1506384000
1559,25,5,83.85498052561505,0.010798357814882,b'HadGEM3-GC31-LL',7,1.8834267437348207e-06,345.3426645977897,180.89298473855723,b'ssp245',2.834859225221796,292.594597384056,298.5854264853657,285.78212912739184,b'2017-10-03/2017-10-09',1506988800
1559,25,5,83.81523307500171,0.0101770375450343,b'HadGEM3-GC31-LL',7,0.0002540028943725,345.45803122194656,155.41108841037158,b'ssp245',6.119236916587466,291.6934092140593,298.69431187726445,282.97954220979113,b'2017-10-10/2017-10-16',1507593600
1559,25,5,84.2609657145435,0.0098595555137078,b'HadGEM3-GC31-LL',7,0.0002153929112092,347.8574950350491,135.2645110831251,b'ssp245',4.060894315040383,291.2935880609674,296.63943959111754,283.9023693582285,b'2017-10-17/2017-10-23',1508198400
1559,25,5,73.11484393165225,0.0074993143339234,b'HadGEM3-GC31-LL',7,0.0006945569581177,317.73284181077537,135.48775587062164,b'ssp245',5.781604756874573,288.7070337204706,296.21864792091264,280.6517183607903,b'2017-10-24/2017-10-30',1508803200
1559,25,5,74.52355780117753,0.0065504994433311,b'HadGEM3-GC31-LL',7,3.5921802045645625e-08,300.2004059596092,132.87215749610286,b'ssp245',4.894207409746158,286.12869367579736,293.3666499041129,278.41596931789235,b'2017-10-31/2017-11-06',1509408000
1559,25,5,82.4955535762305,0.0066739332120803,b'HadGEM3-GC31-LL',7,0.0010032614465696,316.93781484915854,87.29574041820707,b'ssp245',10.424066472695232,285.23908080422854,292.3448400525079,278.20247758506,b'2017-11-07/2017-11-13',1510012800
1559,25,5,70.69141620217395,0.0041636339708387,b'HadGEM3-GC31-LL',7,3.014992591036956e-05,283.2521365874549,103.0057743348937,b'ssp245',7.353548368410541,279.7617775168725,287.1909428693246,272.8937768023947,b'2017-11-14/2017-11-20',1510617600
1559,25,5,79.89539986367551,0.0053890733874554,b'HadGEM3-GC31-LL',7,6.221732727272615e-05,288.1702550599788,97.7210278694674,b'ssp245',6.584870233249467,282.6177997723376,288.54189439856486,276.4833735369254,b'2017-11-21/2017-11-27',1511222400
1559,25,5,77.14229839001135,0.0044257823076565,b'HadGEM3-GC31-LL',7,0.0001774516952483,291.452867072759,78.12813200466874,b'ssp245',7.3629190247004574,280.11571360207,284.943540976704,272.9322995393173,b'2017-11-28/2017-12-04',1511827200
1559,25,5,80.19834898638676,0.0045912333702432,b'HadGEM3-GC31-LL',7,0.0010443640045538,291.9905940117056,79.0119894545024,b'ssp245',8.685929408428832,279.390561715515,287.3825834854789,272.9967000767804,b'2017-12-05/2017-12-11',1512432000
1559,25,5,81.85267147751327,0.0046902720428864,b'HadGEM3-GC31-LL',7,4.171890739827914e-05,290.4793513138101,83.36823487686567,b'ssp245',4.152816377515378,280.6036711509184,285.18439127604165,275.63560273543646,b'2017-12-12/2017-12-18',1513036800
1559,25,5,89.07990803373033,0.0056053412196035,b'HadGEM3-GC31-LL',7,0.0013225853853893,326.1494784526943,52.206814382485966,b'ssp245',8.666669080568395,282.1360212306305,286.78367247650584,276.3189245693925,b'2017-12-19/2017-12-25',1513641600
1559,25,5,75.38995191838679,0.0038166577518024,b'HadGEM3-GC31-LL',7,7.638135277698049e-05,284.2969841998556,76.73243796465066,b'ssp245',6.677070035253252,278.55963446259744,282.91189482315724,274.72450826893686,b'2017-12-26/2018-01-01',1514246400
1559,25,5,77.41342624324695,0.0041375968573946,b'HadGEM3-GC31-LL',7,0.0005152301762098,294.227590127317,75.31801776056705,b'ssp245',7.902157854935149,278.81178757566846,285.81667887369787,270.93669084189594,b'2018-01-02/2018-01-08',1514851200
1559,25,5,67.13247172669594,0.0020250785101144,b'HadGEM3-GC31-LL',7,5.715033405794123e-05,249.0539790309487,89.40435162024963,b'ssp245',9.75711279201705,270.6961888220493,279.24607893349463,261.7375633350317,b'2018-01-09/2018-01-15',1515456000
1559,25,5,77.28693301593788,0.003131541321377,b'HadGEM3-GC31-LL',7,0.0003570300008043,269.8711924298209,96.98426846016514,b'ssp245',6.278278497534016,274.25113603738026,280.71493348937105,262.7751348523126,b'2018-01-16/2018-01-22',1516060800
1559,25,5,78.27690496188019,0.0035996781653429,b'HadGEM3-GC31-LL',7,0.0005805938487947,292.41501624065893,78.42387261874434,b'ssp245',7.085281962292041,276.2657892262713,284.7734058324841,269.9352533755095,b'2018-01-23/2018-01-29',1516665600
1559,25,5,73.31853570168063,0.0037807622184498,b'HadGEM3-GC31-LL',7,3.311584697040297e-05,269.59184130872006,118.24986417940192,b'ssp245',5.634127358422762,277.96885991382794,284.38009068585825,271.01820877738623,b'2018-01-30/2018-02-05',1517270400
1559,25,5,65.34563679586532,0.0023269827254444,b'HadGEM3-GC31-LL',7,0.0002543367941932,239.6238197121314,133.80263420878975,b'ssp245',11.644744635319364,272.3510868680649,283.68712675675096,258.09965263034985,b'2018-02-06/2018-02-12',1517875200
1559,25,5,79.83586399244224,0.0020060214346951,b'HadGEM3-GC31-LL',7,0.0001404272800297,235.66188246448587,135.28372028895785,b'ssp245',9.73528426330282,267.7516669358279,279.67969010947405,257.5592971580616,b'2018-02-13/2018-02-19',1518480000
1559,25,5,85.09354378046703,0.0037860452285225,b'HadGEM3-GC31-LL',7,0.0004332841492629,286.2181209303577,115.7522402374394,b'ssp245',8.259691421437708,275.81836480877166,283.28403682985163,261.81015722302425,b'2018-02-20/2018-02-26',1519084800
1559,25,5,72.47406638167165,0.0030152567045273,b'HadGEM3-GC31-LL',7,0.0002778557271827,257.6137634719627,155.47071942473545,b'ssp245',8.77984257287367,273.48595462901744,284.8507915994395,258.773399552055,b'2018-02-27/2018-03-05',1519689600
1559,25,5,71.85181445483094,0.0035691602587001,b'HadGEM3-GC31-LL',7,0.0007200280453539,261.2607414040259,165.19549733669368,b'ssp245',8.343924818177154,276.28904259091325,286.356954646456,268.30969087904776,b'2018-03-06/2018-03-12',1520294400
1559,25,5,84.97632448184564,0.0046336938951484,b'HadGEM3-GC31-LL',7,0.0003887541445441,276.452959383694,156.9614312940009,b'ssp245',4.919110342631923,278.50945557146093,287.0272561335909,269.08867448447404,b'2018-03-13/2018-03-19',1520899200
1559,25,5,81.6183981285332,0.0047309072123257,b'HadGEM3-GC31-LL',7,0.0005839700942632,271.7026765021725,185.1938774187866,b'ssp245',6.77701010689232,278.8905308377915,287.3694650843523,266.1917346456776,b'2018-03-20/2018-03-26',1521504000
1559,25,5,93.1291054767111,0.0061199088956905,b'HadGEM3-GC31-LL',7,0.0006745707883147,323.8220886293652,147.01609413510278,b'ssp245',6.196957137174981,282.36809092140595,289.9508383930593,277.374049089957,b'2018-03-27/2018-04-02',1522108800
1559,25,5,87.01474963359952,0.0067534340937924,b'HadGEM3-GC31-LL',7,3.179298722324861e-05,299.1053697353071,213.8660431950729,b'ssp245',6.08139969626322,284.63911797501777,291.5085629670516,276.1055954642917,b'2018-04-03/2018-04-09',1522713600
1559,25,5,74.02824956131771,0.0059831791772365,b'HadGEM3-GC31-LL',7,2.893825251479596e-05,276.97711043269,236.23804467558617,b'ssp245',7.218706463977663,284.33763895923306,293.6981412141219,272.541528497226,b'2018-04-10/2018-04-16',1523318400
1559,25,5,79.59326988520336,0.0059753781236615,b'HadGEM3-GC31-LL',7,0.0002429842379878,290.920016046686,209.8681050270981,b'ssp245',5.678683629045821,283.2676641049592,290.1229352868121,274.16264100005657,b'2018-04-17/2018-04-23',1523923200
1559,25,5,82.85562566753252,0.0074096433102976,b'HadGEM3-GC31-LL',7,0.0001511698414507,296.43565522503894,240.19336656211075,b'ssp245',5.357744089861094,286.3155151999021,293.6072584953861,277.3951360730157,b'2018-04-24/2018-04-30',1524528000
1559,25,5,88.5096622569714,0.0083297664641863,b'HadGEM3-GC31-LL',7,0.0004854912172075,317.696960752499,218.9410026850414,b'ssp245',4.865594243608399,287.0873589304416,292.3900904116423,280.9671991320624,b'2018-05-01/2018-05-07',1525132800
1559,25,5,84.40884791467008,0.0087416871989774,b'HadGEM3-GC31-LL',7,0.0002394909057953,312.0948754604806,254.9938703643609,b'ssp245',4.637334175929273,288.4945002838198,297.494809446473,281.132476143215,b'2018-05-08/2018-05-14',1525737600
1559,25,5,92.18078096283148,0.0112757382503715,b'HadGEM3-GC31-LL',7,0.0003950257336722,339.59652828745715,239.4732265969981,b'ssp245',4.923862989447378,291.3658409418773,297.36233905294665,282.8605152074841,b'2018-05-15/2018-05-21',1526342400
1559,25,5,81.07527142321348,0.0101476232771901,b'HadGEM3-GC31-LL',7,8.809564068290297e-05,325.7466285405445,297.1764615771686,b'ssp245',4.331800230393498,291.83089790423213,299.09177060334576,284.8411076642464,b'2018-05-22/2018-05-28',1526947200
1559,25,5,78.11372823458528,0.0104622734416522,b'HadGEM3-GC31-LL',7,0.000228086447087,324.534648091255,303.99846795439464,b'ssp245',5.298321409995511,292.4201308098392,302.0278857687245,284.23058745895605,b'2018-05-29/2018-06-04',1527552000
1559,25,5,87.83848745373712,0.0144889600200898,b'HadGEM3-GC31-LL',7,3.540774432671558e-05,364.32287677899154,307.8654919863241,b'ssp245',3.892081619098813,296.36817341996027,305.5951757016389,286.9245804938717,b'2018-06-05/2018-06-11',1528156800
1559,25,5,71.9625674372134,0.0110803442476914,b'HadGEM3-GC31-LL',7,0.0002453851193432,338.19750409175646,305.62719130743113,b'ssp245',5.297853262083871,294.29932499919124,303.6053633095561,286.9731340048969,b'2018-06-12/2018-06-18',1528761600
1559,25,5,86.39401135336045,0.0132855805117196,b'HadGEM3-GC31-LL',7,0.0002325926632101,357.2040486464096,278.90942940721845,b'ssp245',5.574940319485792,294.37160574397683,304.42508390122566,287.3945262964221,b'2018-06-19/2018-06-25',1529366400
1559,25,5,84.67791915640821,0.0151533810385188,b'HadGEM3-GC31-LL',7,0.0002393388437587,362.73847342228544,293.859674413456,b'ssp245',4.413216343034621,297.3797945389837,303.9953931725543,287.31501119862423,b'2018-06-26/2018-07-02',1529971200
1559,25,5,77.98162377240988,0.0160524009032787,b'HadGEM3-GC31-LL',7,4.169480777383559e-05,367.5249101405805,332.9459506775282,b'ssp245',4.701231714558651,299.1247538817348,309.08864781476444,289.50434689729104,b'2018-07-03/2018-07-09',1530576000
1559,25,5,75.22420643002843,0.0155222886531202,b'HadGEM3-GC31-LL',7,0.0004490068537901,374.316631555656,284.54383350474984,b'ssp245',4.37882120234132,299.54381701862343,308.3414978469627,290.6841923810433,b'2018-07-10/2018-07-16',1531180800
1559,25,5,80.35515562574808,0.0151580970772921,b'HadGEM3-GC31-LL',7,0.0001023421402918,363.0388618485034,306.12093354219235,b'ssp245',3.4068268625138955,297.79365841567386,304.0379662555196,290.7431366851364,b'2018-07-17/2018-07-23',1531785600
1559,25,5,83.442378201692,0.0162253018054054,b'HadGEM3-GC31-LL',7,0.0001077196236795,370.15962130781526,287.1732242813268,b'ssp245',3.871022829259157,299.14230479364807,303.9880146413609,293.0455714571303,b'2018-07-24/2018-07-30',1532390400
1559,25,5,90.28081914771418,0.0183848236889942,b'HadGEM3-GC31-LL',7,0.0004711427284469,386.16565449400713,251.794007497594,b'ssp245',3.917811632255096,300.30110037667407,305.5412388898324,293.9037194735762,b'2018-07-31/2018-08-06',1532995200
1559,25,5,91.76387429563157,0.0184442673194728,b'HadGEM3-GC31-LL',7,0.0012147060759264,393.9506739772378,202.11174933707983,b'ssp245',5.5396805743499815,300.3944511840062,304.8679622042006,292.5343180338541,b'2018-08-07/2018-08-13',1533600000
1559,25,5,92.8911476135254,0.0171460193724565,b'HadGEM3-GC31-LL',7,0.0004788204583077,392.96880721887936,202.77085267376947,b'ssp245',3.4335143380036754,298.9663194297017,304.97453131191975,292.4848543913468,b'2018-08-14/2018-08-20',1534204800
1559,25,5,83.92721394446077,0.0151294244966212,b'HadGEM3-GC31-LL',7,0.0001498812154585,370.9646540102751,224.6156294639066,b'ssp245',3.6760735222518313,297.2773043172453,305.1470054737036,288.0158760402513,b'2018-08-21/2018-08-27',1534809600
1559,25,5,75.40347203398836,0.0123096448207354,b'HadGEM3-GC31-LL',7,0.0001190190866697,357.5825715374996,227.79306409689704,b'ssp245',5.098794929433312,295.77670308304624,303.7403125707653,284.84301921457484,b'2018-08-28/2018-09-03',1535414400
1559,25,5,80.94726064140998,0.0129359388756748,b'HadGEM3-GC31-LL',7,0.0006716528645107,359.8182923121482,209.2281859972462,b'ssp245',3.285243486395533,295.4718065407952,301.6146454299705,287.3891491433848,b'2018-09-04/2018-09-10',1536019200
1559,25,5,72.88050253573905,0.0107006984398416,b'HadGEM3-GC31-LL',7,0.0001689759717286,345.4126869912473,215.735629032364,b'ssp245',3.9539178076244537,293.45871626891454,302.5697738868603,284.6850282530854,b'2018-09-11/2018-09-17',1536624000
1559,25,5,73.66802205466828,0.0097005857201003,b'HadGEM3-GC31-LL',7,4.8003969877227326e-05,338.7637432406408,208.09356575091184,b'ssp245',4.341779146431396,291.85883698078413,299.49973874299417,281.18255699268286,b'2018-09-18/2018-09-24',1537228800
1559,25,5,79.57381259136318,0.0106922648738159,b'HadGEM3-GC31-LL',7,3.47500624216543e-05,346.4149012532047,184.8317304433503,b'ssp245',5.076412857294576,292.9739378871878,299.73786072661915,285.1739470108696,b'2018-09-25/2018-10-01',1537833600
1559,25,5,86.68931300319252,0.0101221833784927,b'HadGEM3-GC31-LL',7,0.0006852396808233,356.960113291612,130.28776583938125,b'ssp245',7.3284589048744975,291.2704852181192,296.53117352914114,283.8590481523154,b'2018-10-02/2018-10-08',1538438400
1559,25,5,86.5580941684004,0.0093631883018782,b'HadGEM3-GC31-LL',7,0.0004346934143184,344.94424327905625,141.34586134411038,b'ssp245',6.143241707829461,290.2466060472571,295.8136383941208,284.6866602800895,b'2018-10-09/2018-10-15',1539043200
1559,25,5,82.15632932042976,0.0082455009632737,b'HadGEM3-GC31-LL',7,0.0005469640056131,333.20645212998795,130.32648926886958,b'ssp245',6.835639510934644,288.6614242458936,295.1633598880492,281.73606770833334,b'2018-10-16/2018-10-22',1539648000
1559,25,5,81.40044027292949,0.0079514729013323,b'HadGEM3-GC31-LL',7,0.0003102640467595,321.4688195585958,145.2668749128069,b'ssp245',6.082719260812053,288.47130145276304,294.7678908196049,281.9994337883548,b'2018-10-23/2018-10-29',1540252800
1559,25,5,80.26093160972832,0.0080939707719367,b'HadGEM3-GC31-LL',7,0.0002994259444996,322.4454952137317,117.64309535451062,b'ssp245',7.391011395464278,288.01452788990724,296.2317669412364,275.99031734742977,b'2018-10-30/2018-11-05',1540857600
1559,25,5,78.46801707265786,0.0059234033379217,b'HadGEM3-GC31-LL',7,0.0002105705133886,306.0848704336099,110.48063025464675,b'ssp245',7.485450204016011,283.61235035013704,292.1341904349949,275.50328130307406,b'2018-11-06/2018-11-12',1541462400
1559,25,5,85.09490287733374,0.0064830144288839,b'HadGEM3-GC31-LL',7,6.497796598552398e-05,323.6765110118542,92.15183368785536,b'ssp245',6.323470868481858,285.18015843109066,290.28622520557343,277.7006271141163,b'2018-11-13/2018-11-19',1542067200
1559,25,5,71.63198946682316,0.0037657131906116,b'HadGEM3-GC31-LL',7,0.0002405033401948,288.83725929655145,86.9605526815537,b'ssp245',7.555198328934347,278.06990699531127,284.07168981579764,274.0709596495697,b'2018-11-20/2018-11-26',1542672000
1559,25,5,73.91625833452117,0.0043032997226106,b'HadGEM3-GC31-LL',7,0.0004482872811936,283.2100206236908,85.74029693445557,b'ssp245',8.165578429447198,278.5473558761565,292.6042637479477,269.3015663036402,b'2018-11-27/2018-12-03',1543276800
1559,25,5,72.39484575322942,0.0034820035991295,b'HadGEM3-GC31-LL',7,2.7954212440738995e-05,257.5527081665292,90.8669479378015,b'ssp245',6.664437942722075,276.84798600412057,281.5973891990772,271.2546494193699,b'2018-12-04/2018-12-10',1543881600
1559,25,5,79.0407472977727,0.0038604104768013,b'HadGEM3-GC31-LL',7,0.0002615137790864,286.52051701832016,72.13829841850706,b'ssp245',7.139339209442059,276.928114473647,284.31885707689366,270.71392264988106,b'2018-12-11/2018-12-17',1544486400
1559,25,5,79.09679773934879,0.0040555343324487,b'HadGEM3-GC31-LL',7,0.0003135490370368,282.2442782226309,77.9024945347946,b'ssp245',9.278669463921778,277.93802763818456,285.03891698864925,271.0362964574841,b'2018-12-18/2018-12-24',1545091200
1559,25,5,76.78420804420612,0.0039558546907339,b'HadGEM3-GC31-LL',7,0.0001646066724876,281.2709784561062,67.29525029042246,b'ssp245',6.806914596725448,278.0823071655526,284.7291219517804,267.4504417530004,b'2018-12-25/2018-12-31',1545696000
1559,25,5,73.10501118772518,0.0036409608815848,b'HadGEM3-GC31-LL',7,0.0001754305065965,276.7623372016733,79.57805692858331,b'ssp245',7.262861265652421,277.256632613346,286.0314337688943,263.4087555816208,b'2019-01-01/2019-01-07',1546300800
1559,25,5,70.46923580525083,0.002968606703233,b'HadGEM3-GC31-LL',7,0.0003266294561813,266.9855349617715,86.27898216247557,b'ssp245',6.11389528984362,274.91280972498544,286.5993448893229,268.9788425611413,b'2019-01-08/2019-01-14',1546905600
1559,25,5,71.9404517969483,0.0033297608215091,b'HadGEM3-GC31-LL',7,0.0007486774302891,275.2543878843572,85.13383433655922,b'ssp245',8.218414431230375,275.55509594903475,288.8836767666582,265.9299531356148,b'2019-01-15/2019-01-21',1547510400
1559,25,5,70.98073384934578,0.0032854578544059,b'HadGEM3-GC31-LL',7,0.000426541043819,258.42407672321326,109.17361988991684,b'ssp245',7.766900871209723,275.2759590543822,288.7807095734969,263.23210347493483,b'2019-01-22/2019-01-28',1548115200
1559,25,5,68.7135250889243,0.0025869949785876,b'HadGEM3-GC31-LL',7,0.0002564692052286,254.93472761071249,108.4017592870424,b'ssp245',8.48587797912258,273.312845783747,282.5245424574699,260.9371854478035,b'2019-01-29/2019-02-04',1548720000
1559,25,5,76.03912847135871,0.0029643499506463,b'HadGEM3-GC31-LL',7,0.0002785782310939,257.1332165325157,117.20624098057084,b'ssp245',9.033346518621189,273.4757402376605,281.36077867590865,263.7860773058905,b'2019-02-05/2019-02-11',1549324800
1559,25,5,80.20448315069542,0.0029575773973237,b'HadGEM3-GC31-LL',7,0.0001797984491755,259.7606094549902,126.9124198534474,b'ssp245',8.969093719624585,272.3329980948944,281.67082280698025,257.21053917926287,b'2019-02-12/2019-02-18',1549929600
1559,25,5,85.78983268500856,0.0036070231714875,b'HadGEM3-GC31-LL',7,0.0007690519488099,277.1518556235493,111.93599467465104,b'ssp245',8.039333702318416,273.3492955620491,285.4076267850572,258.0196645985479,b'2019-02-19/2019-02-25',1550534400
1559,25,5,82.39617494223775,0.0029292436621265,b'HadGEM3-GC31-LL',7,0.0006023734488655,258.5648863292876,147.03285791938103,b'ssp245',8.005051296443424,271.6595123291016,286.6481687241706,260.415237692128,b'2019-02-26/2019-03-04',1551139200
1559,25,5,75.8019421903243,0.0035577188037705,b'HadGEM3-GC31-LL',7,0.0006600338801997,259.1027928796614,162.4435405407386,b'ssp245',8.983760261881178,274.2424884930407,288.89730918994843,260.6385627193727,b'2019-03-05/2019-03-11',1551744000
1559,25,5,76.64815429782274,0.0034956279008766,b'HadGEM3-GC31-LL',7,0.0003182398581548,261.2196323465856,174.89064738429605,b'ssp245',8.254486819774714,276.091864184267,286.7016052246093,267.26022785573764,b'2019-03-12/2019-03-18',1552348800
1559,25,5,82.99345530318423,0.0029260430888968,b'HadGEM3-GC31-LL',7,0.0003123927196786,257.6494937114834,183.8350584737016,b'ssp245',8.239349128592828,272.05169991124,277.96509969960084,265.05846712416496,b'2019-03-19/2019-03-25',1552953600
1559,25,5,76.30191442438286,0.0029317223387393,b'HadGEM3-GC31-LL',7,9.851341095472362e-05,253.19473376224747,198.53051937727204,b'ssp245',6.800700627202573,273.5991786980481,282.8927283245584,262.8124156122622,b'2019-03-26/2019-04-01',1553558400
1559,25,5,81.6205467547936,0.0052932860324926,b'HadGEM3-GC31-LL',7,0.0002143184451279,276.9974554310674,210.96660114391003,b'ssp245',7.319125599890762,280.3108705698333,292.85834248860675,268.9057031161543,b'2019-04-02/2019-04-08',1554163200
1559,25,5,83.12782533381049,0.0058907089421359,b'HadGEM3-GC31-LL',7,0.0001325951254336,292.64199929563154,210.6534068200405,b'ssp245',6.326064504599719,282.34731116758866,291.2671307107676,273.9322393887285,b'2019-04-09/2019-04-15',1554768000
1559,25,5,87.25929009257882,0.0067020426892846,b'HadGEM3-GC31-LL',7,0.000202553453214,311.7670266192892,190.31935086141704,b'ssp245',5.790767348281592,282.9423921257319,292.8337596948596,272.2330509793931,b'2019-04-16/2019-04-22',1555372800
1559,25,5,87.91745014072205,0.0076817278855327,b'HadGEM3-GC31-LL',7,0.0002989997291221,314.2378441725705,216.97823426619817,b'ssp245',5.248689174257203,285.7028671612157,293.3941361137058,277.45764522828915,b'2019-04-23/2019-04-29',1555977600
1559,25,5,77.496791008738,0.0058291366234166,b'HadGEM3-GC31-LL',7,0.0007088926970124,290.6030951837575,220.34629127707785,b'ssp245',6.475706037083027,282.68523322000755,290.8608508123868,273.93390688688856,b'2019-04-30/2019-05-06',1556582400
1559,25,5,78.88489752506864,0.0065927653600447,b'HadGEM3-GC31-LL',7,3.214872060043226e-05,291.6770538393261,267.55405622525734,b'ssp245',3.998379159911572,284.82199001272767,290.9489160067793,276.10409470710204,b'2019-05-07/2019-05-13',1557187200
1559,25,5,82.41947471034204,0.0085608065162069,b'HadGEM3-GC31-LL',7,0.0001189085329863,309.8418886109662,287.6910277814845,b'ssp245',5.11988478778065,288.2987815272487,296.6469483748726,281.11944978133494,b'2019-05-14/2019-05-20',1557792000
1559,25,5,86.82887796911393,0.0097790514656938,b'HadGEM3-GC31-LL',7,0.0004044286650609,334.5821375307829,235.363120533566,b'ssp245',3.870219523047808,289.20677606491813,296.9848596545233,280.14803325266075,b'2019-05-21/2019-05-27',1558396800
1559,25,5,83.92558713798444,0.0099279244658854,b'HadGEM3-GC31-LL',7,0.0001622702617577,323.5862879909096,291.9605811867408,b'ssp245',4.258082990592063,290.3542193110685,297.2927656533061,282.75174370364863,b'2019-05-28/2019-06-03',1559001600
1559,25,5,80.3133455612151,0.0102004211974439,b'HadGEM3-GC31-LL',7,0.0006193284284404,324.06456324101475,306.9087520370325,b'ssp245',4.37391722740347,290.99643305744934,300.64077842822974,283.24131522800604,b'2019-06-04/2019-06-10',1559606400
1559,25,5,86.16300304878818,0.012616682605814,b'HadGEM3-GC31-LL',7,0.0001680988808592,348.47406507535504,281.3682640249438,b'ssp245',3.8671619965669777,293.7020682261844,300.7274211496546,286.23069993171134,b'2019-06-11/2019-06-17',1560211200
1559,25,5,92.81171106847916,0.0137240957302922,b'HadGEM3-GC31-LL',7,0.0006395055487581,365.9881990294525,242.31128284462244,b'ssp245',4.531990964072091,294.55008151921174,302.034142447209,287.394318555749,b'2019-06-18/2019-06-24',1560816000
1559,25,5,89.6223172884797,0.0155495111001404,b'HadGEM3-GC31-LL',7,0.0001059337208264,378.8240887564902,286.53715951102123,b'ssp245',4.408495779955609,296.67010568812265,305.67820912236755,287.5671158942623,b'2019-06-25/2019-07-01',1561420800
1559,25,5,78.42025041599945,0.0129089536748856,b'HadGEM3-GC31-LL',7,0.000327420587265,355.07021322625513,290.8600666591099,b'ssp245',5.668898083457789,295.43171371554735,306.3759646650674,284.05693907806835,b'2019-07-02/2019-07-08',1562025600
1559,25,5,92.21197278830329,0.0156498876731942,b'HadGEM3-GC31-LL',7,0.000408840116338,377.8678747331133,277.9480506186159,b'ssp245',4.512008214095611,296.0597473586815,305.00254136237544,286.0972903486611,b'2019-07-09/2019-07-15',1562630400
1559,25,5,86.21937723100555,0.0164723489759393,b'HadGEM3-GC31-LL',7,0.0002803235067285,377.8011399168405,288.39772074760606,b'ssp245',5.227047285999077,298.4238615174224,304.6877229994621,291.1645491005718,b'2019-07-16/2019-07-22',1563235200
1559,25,5,83.5808905180937,0.0160429765641935,b'HadGEM3-GC31-LL',7,0.0002632243547486,375.8722262301553,270.8309476548347,b'ssp245',4.833231190618274,298.70107729578115,305.4819484102553,289.6599884033203,b'2019-07-23/2019-07-29',1563840000
1559,25,5,85.22675410521448,0.0144011689286377,b'HadGEM3-GC31-LL',7,0.0003794297735199,372.1519684216991,239.31398547312733,b'ssp245',4.527222101880897,296.1637523769592,303.52152050958165,289.12927798948425,b'2019-07-30/2019-08-05',1564444800
1559,25,5,92.2837060063522,0.0179979029977327,b'HadGEM3-GC31-LL',7,0.0003276482690758,385.9398619404984,244.80106189482947,b'ssp245',3.54036755838256,299.3923587206728,304.9373435642408,292.9157668846241,b'2019-08-06/2019-08-12',1565049600
1559,25,5,77.784298050527,0.0139381910608714,b'HadGEM3-GC31-LL',7,0.0002051394901502,362.7359985541112,254.08136418818435,b'ssp245',4.392447570416744,297.2614988528423,305.4456547833871,287.8007650181867,b'2019-08-13/2019-08-19',1565654400
1559,25,5,87.59680927979525,0.0155569753611525,b'HadGEM3-GC31-LL',7,0.0001111053789237,374.1508835755026,232.5005346831327,b'ssp245',2.7158994290646064,297.78968081898813,303.2355016293733,290.2712712826936,b'2019-08-20/2019-08-26',1566259200
1559,25,5,79.91661233526825,0.0149082032691756,b'HadGEM3-GC31-LL',7,0.0003380830182809,372.39013544876383,222.4682218310749,b'ssp245',4.886720586612851,297.5830025935519,305.9418292059414,288.1319105949954,b'2019-08-27/2019-09-02',1566864000
1559,25,5,72.24933061619477,0.0111663053940217,b'HadGEM3-GC31-LL',7,5.296227851905986e-06,345.7272369005665,231.94794238862536,b'ssp245',3.317660592160117,294.7248186636662,301.8706928640172,286.32111736795173,b'2019-09-03/2019-09-09',1567468800
1559,25,5,83.43025123169704,0.0142766895993201,b'HadGEM3-GC31-LL',7,0.0002410995327031,368.9846685121272,208.8587490674132,b'ssp245',5.232194090086973,296.6989533671188,303.5659035060716,288.7857095469599,b'2019-09-10/2019-09-16',1568073600
1559,25,5,84.25198180710059,0.0112488791741831,b'HadGEM3-GC31-LL',7,0.0004554980989929,365.3260464686044,159.1289296784016,b'ssp245',6.018243085375484,292.43475889596874,300.25303963923795,284.153731636379,b'2019-09-17/2019-09-23',1568678400
1559,25,5,71.68856322562965,0.0088340771968782,b'HadGEM3-GC31-LL',7,0.0004060044356633,329.89042849333384,194.26552935614103,b'ssp245',3.9026903109027233,291.20834500330574,298.20476069795905,284.9567040927168,b'2019-09-24/2019-09-30',1569283200
1559,25,5,77.97113119879619,0.0082075782447058,b'HadGEM3-GC31-LL',7,0.0002831770554541,326.356998666325,165.16150369269013,b'ssp245',5.481518138960529,288.7240467268981,297.83813901154883,278.8227819028108,b'2019-10-01/2019-10-07',1569888000
1559,25,5,77.95530403721652,0.0083081993901056,b'HadGEM3-GC31-LL',7,0.0003191214544766,320.1804172934459,160.8456701022004,b'ssp245',5.349869626649418,288.9919135431325,296.65610917685683,279.63062673375225,b'2019-10-08/2019-10-14',1570492800
1559,25,5,75.34639308763587,0.0071459929989052,b'HadGEM3-GC31-LL',7,8.544783966176444e-05,299.0458760516244,170.51379812489384,b'ssp245',4.9420784389997365,286.8143284641684,295.82500464397924,277.8609754479449,b'2019-10-15/2019-10-21',1571097600
1559,25,5,88.02567401672742,0.0098489270795244,b'HadGEM3-GC31-LL',7,6.08833849914054e-06,335.4521315738528,149.31927262774164,b'ssp245',3.3441009540488755,290.4783820932202,296.78885997827496,281.5590156444605,b'2019-10-22/2019-10-28',1571702400
1559,25,5,79.9289960335994,0.008358256537255,b'HadGEM3-GC31-LL',7,0.0005234617490105,327.308185743249,128.47943701892163,b'ssp245',6.415634800731271,287.8210908246089,296.5423868815104,276.0113409512285,b'2019-10-29/2019-11-04',1572307200
1559,25,5,70.8648339976435,0.0055515121843079,b'HadGEM3-GC31-LL',7,0.0001518503040912,297.7636532422178,122.1678358990213,b'ssp245',7.9797991778292765,283.773636799372,292.8862652322521,276.4854617796083,b'2019-11-05/2019-11-11',1572912000
1559,25,5,78.59063448698623,0.00608622960324,b'HadGEM3-GC31-LL',7,0.0005488602391622,308.9832297062528,99.69913437410912,b'ssp245',5.876404765229788,284.6464104125218,290.2416388470194,276.59479082632754,b'2019-11-12/2019-11-18',1573516800
1559,25,5,75.64516831708004,0.0050643134711302,b'HadGEM3-GC31-LL',7,0.0004482021038586,299.0562687338756,92.27574197678338,b'ssp245',8.809822919896916,281.3053041256733,291.2542219079059,273.4720840675243,b'2019-11-19/2019-11-25',1574121600
1559,25,5,67.66724518880588,0.0032848345794508,b'HadGEM3-GC31-LL',7,4.5881599109067617e-05,278.5008514783397,86.37815680414994,b'ssp245',7.2129076174820925,277.0287464971128,281.6558770221212,272.3329403200011,b'2019-11-26/2019-12-02',1574726400
1559,25,5,74.13960382370722,0.0040860287389595,b'HadGEM3-GC31-LL',7,0.0003532974082717,282.56337708340914,82.9663417610816,b'ssp245',7.112915064829475,278.17708013625366,290.14290108058765,270.49924533125284,b'2019-12-03/2019-12-09',1575331200
1559,25,5,77.35340435904745,0.0044257056579286,b'HadGEM3-GC31-LL',7,0.0001630322287618,277.4503347234943,82.49510829127846,b'ssp245',5.087009446171747,279.90414589196746,285.4475175940472,272.8174513664798,b'2019-12-10/2019-12-16',1575936000
1559,25,5,77.71477868216378,0.0041776662180489,b'HadGEM3-GC31-LL',7,0.0003749563040031,291.66133091454674,73.17662752597721,b'ssp245',7.143475517426959,279.32053699059026,285.24060310695484,270.94205025935514,b'2019-12-17/2019-12-23',1576540800
1559,25,5,74.42131517856511,0.0040601680917649,b'HadGEM3-GC31-LL',7,9.182808082806476e-07,276.1579072245406,86.33269168229823,b'ssp245',6.945265818234556,278.9509091142295,285.3202217433763,271.34818570786626,b'2019-12-24/2019-12-30',1577145600
1559,25,5,65.09840530174365,0.0029380875632868,b'HadGEM3-GC31-LL',1,4.998377289007623e-07,244.52193707452304,93.57478849991509,b'ssp245',7.0444922205330665,276.7427900673686,280.63107538637905,272.85449979478034,b'2019-12-31/2020-01-06',1577750400
2484,25,7,69.14291807744921,0.0028408200100793,b'HadGEM3-GC31-LL',5,0.0002305596007477,283.15341796875003,66.87043429502508,b'ssp245',8.812111203203497,274.9971196125463,281.96359142814714,270.9131096908727,b'2014-12-30/2015-01-05',1419897600
2484,25,7,78.92381532694348,0.0028552855669303,b'HadGEM3-GC31-LL',7,0.0004611833008489,271.06404665468017,75.68077004816114,b'ssp245',11.483731003678423,272.5211087481088,284.1281560524223,255.82052329151904,b'2015-01-06/2015-01-12',1420502400
2484,25,7,75.4406374677116,0.0025007384854083,b'HadGEM3-GC31-LL',7,3.794693003380145e-05,259.3720691326967,97.99186588562642,b'ssp245',6.672248476559354,271.51499359175807,280.3702760676748,255.5585949298033,b'2015-01-13/2015-01-19',1421107200
2484,25,7,76.25937699218211,0.00230211160766,b'HadGEM3-GC31-LL',7,0.0001411328891344,267.90801580594814,85.14039288494128,b'ssp245',8.0562303147014,270.6789907868376,277.78643263983975,263.9260061991584,b'2015-01-20/2015-01-26',1421712000
2484,25,7,68.00099860796698,0.0021482399048109,b'HadGEM3-GC31-LL',7,8.136754385264964e-06,242.19495701965425,126.73743037025778,b'ssp245',6.979574938059204,270.91348226151166,279.8390556414103,263.3772268393605,b'2015-01-27/2015-02-02',1422316800
2484,25,7,73.37518053799211,0.0033796007592547,b'HadGEM3-GC31-LL',7,0.0004394874383448,273.674017882312,114.07506123628464,b'ssp245',8.133532084842846,275.9631661146836,284.4520312437078,265.9682349765424,b'2015-02-03/2015-02-09',1422921600
2484,25,7,64.74066020532982,0.0029263193701943,b'HadGEM3-GC31-LL',7,1.3411616072465496e-06,254.42789990701803,148.39754428779256,b'ssp245',7.153210666288508,275.7402912976991,281.0416017512685,268.3012618232019,b'2015-02-10/2015-02-16',1423526400
2484,25,7,67.33087827881938,0.0029897321538007,b'HadGEM3-GC31-LL',7,4.900439529306429e-05,246.85838829119183,155.2406374969258,b'ssp245',7.972394532588516,275.42639721967333,283.4392610530264,265.5869011633175,b'2015-02-17/2015-02-23',1424131200
2484,25,7,66.74424279596387,0.0020654630653192,b'HadGEM3-GC31-LL',7,5.756866436661195e-07,229.33050091031373,172.1756746294923,b'ssp245',9.674339081647648,271.5976823405068,281.5605701564514,259.3683663594354,b'2015-02-24/2015-03-02',1424736000
2484,25,7,77.68358322166027,0.003446766814328,b'HadGEM3-GC31-LL',7,0.0004074299082069,275.12155373844377,142.63700676807073,b'ssp245',9.12454139958074,275.096847646542,284.6221102685044,265.9569886197749,b'2015-03-03/2015-03-09',1425340800
2484,25,7,82.9647026736185,0.0038488115762141,b'HadGEM3-GC31-LL',7,0.0008716319073183,284.4377551633585,130.0487248922132,b'ssp245',10.362935094664833,275.87816564815563,282.5090520799775,267.3699410035438,b'2015-03-10/2015-03-16',1425945600
2484,25,7,78.8857736713932,0.0043244255944641,b'HadGEM3-GC31-LL',7,7.166085028586037e-05,281.1180319694778,188.84266341241715,b'ssp245',6.220972693194697,279.0554806424171,283.45674841182745,273.5367755693259,b'2015-03-17/2015-03-23',1426550400
2484,25,7,79.75794043000212,0.0052244750467719,b'HadGEM3-GC31-LL',7,0.0003373409979513,290.08862305811124,178.29322798087077,b'ssp245',7.8968265370873185,280.3050464523384,292.29663935395865,265.74169969067134,b'2015-03-24/2015-03-30',1427155200
2484,25,7,83.4448878157648,0.0060015153530737,b'HadGEM3-GC31-LL',7,0.0004606148086184,304.51709301236457,187.89159085999884,b'ssp245',6.557990504469893,282.52013029792346,291.7211684394129,274.3207332965025,b'2015-03-31/2015-04-06',1427760000
2484,25,7,86.81621272293562,0.0061028261788309,b'HadGEM3-GC31-LL',7,0.0012114605110346,310.0071143486012,157.64122475580547,b'ssp245',12.90423032847701,282.57980948941173,291.09090887639945,275.09663689996785,b'2015-04-07/2015-04-13',1428364800
2484,25,7,77.18000601879451,0.005581850516548,b'HadGEM3-GC31-LL',7,0.000127136666566,279.6595554155173,231.1176037458327,b'ssp245',6.731823184528829,283.08454771421094,290.5246018871819,275.61902752119244,b'2015-04-14/2015-04-20',1428969600
2484,25,7,89.78863416961086,0.0082837403422723,b'HadGEM3-GC31-LL',7,0.0001654265519697,316.4842637164604,222.35668367770705,b'ssp245',5.4166712702988535,286.8492829627598,292.81091827707195,280.0499037909753,b'2015-04-21/2015-04-27',1429574400
2484,25,7,82.80765616033497,0.0078192824578057,b'HadGEM3-GC31-LL',7,7.607636708691466e-06,293.8936303746894,269.9170689084217,b'ssp245',3.306682491162038,287.2036780917768,292.83752520059807,281.1068445579293,b'2015-04-28/2015-05-04',1430179200
2484,25,7,74.94310905445307,0.0073413259914865,b'HadGEM3-GC31-LL',7,0.0002358410429721,301.5735963756803,267.52511096667826,b'ssp245',5.602420231555103,287.2487551839433,295.6296358403472,278.1840252433856,b'2015-05-05/2015-05-11',1430784000
2484,25,7,81.08415969938524,0.0089653628893382,b'HadGEM3-GC31-LL',7,0.0002398472765936,320.8024526155048,271.7847919492202,b'ssp245',6.317191952282621,289.2366568968468,297.0605364927312,281.9051969862476,b'2015-05-12/2015-05-18',1431388800
2484,25,7,89.95239960638169,0.0110529924781282,b'HadGEM3-GC31-LL',7,0.0002284048320275,337.98022568805226,272.1348122216114,b'ssp245',5.208496258430875,291.24575356215195,298.0351145636175,283.04453002300465,b'2015-05-19/2015-05-25',1431993600
2484,25,7,86.64814672343685,0.0117991018761909,b'HadGEM3-GC31-LL',7,0.0003274508792284,329.605929457562,303.45907197258435,b'ssp245',5.674673851354485,293.0962693631562,299.24832530857367,285.4392509853717,b'2015-05-26/2015-06-01',1432598400
2484,25,7,87.78789298348293,0.0129157853434863,b'HadGEM3-GC31-LL',7,0.0001078099546538,349.99214608328685,274.3050902511305,b'ssp245',5.059218270964757,294.2302726779314,301.1858448146545,287.6327325879913,b'2015-06-02/2015-06-08',1433203200
2484,25,7,91.04347698116162,0.0143425766994493,b'HadGEM3-GC31-LL',7,0.0003172976158078,366.2199725908103,271.8419956325256,b'ssp245',5.380556006143651,295.3968942049502,302.35595828970685,286.88085906038583,b'2015-06-09/2015-06-15',1433808000
2484,25,7,80.89913716267064,0.0134801728416382,b'HadGEM3-GC31-LL',7,0.0004381222797652,346.9885598633532,313.1711944445244,b'ssp245',4.423944170942012,296.0496390880647,302.1072812424493,287.0602369800057,b'2015-06-16/2015-06-22',1434412800
2484,25,7,75.94777952483547,0.0132846810631398,b'HadGEM3-GC31-LL',7,0.0002537445633249,346.69432503836504,305.824497250991,b'ssp245',5.416071164063747,296.4421411438438,301.8865207003564,289.9369395147894,b'2015-06-23/2015-06-29',1435017600
2484,25,7,86.77703174259595,0.0161314861497818,b'HadGEM3-GC31-LL',7,3.165714666540657e-05,365.045926011188,311.00449302796943,b'ssp245',4.31365728852324,298.21051029885115,303.79153458113524,291.2962646484375,b'2015-06-30/2015-07-06',1435622400
2484,25,7,86.06462021885284,0.0165951395687126,b'HadGEM3-GC31-LL',7,0.0003684287205744,381.6014742282424,276.26857365424223,b'ssp245',6.886924138827598,299.06269894854137,304.5466472193138,292.08884138913504,b'2015-07-07/2015-07-13',1436227200
2484,25,7,87.89609634893809,0.0183347718267589,b'HadGEM3-GC31-LL',7,0.0001965759040476,386.1563479349084,290.4626742266064,b'ssp245',6.019657607984472,299.7236206324357,306.10826645683994,291.57681242952646,b'2015-07-14/2015-07-20',1436832000
2484,25,7,80.57197938787043,0.0157467579641907,b'HadGEM3-GC31-LL',7,0.000244887334754,373.697002023239,274.8168262150221,b'ssp245',4.4252310564661945,299.24257070010475,303.76653061699625,292.2023538805775,b'2015-07-21/2015-07-27',1437436800
2484,25,7,79.53362732045957,0.0156248816898001,b'HadGEM3-GC31-LL',7,0.000233748046814,376.0350797538027,266.7229183461073,b'ssp245',4.818414481293646,299.52184175426726,304.2850445619564,292.77412713434285,b'2015-07-28/2015-08-03',1438041600
2484,25,7,91.5096956008664,0.0182972668528841,b'HadGEM3-GC31-LL',7,0.0005717136043608,394.04072386526747,230.800966647658,b'ssp245',7.076254651718533,299.9562256803218,304.4577740541439,295.0094997759947,b'2015-08-04/2015-08-10',1438646400
2484,25,7,82.91266247239484,0.0163969286012466,b'HadGEM3-GC31-LL',7,9.660817872639942e-05,376.9677598416718,256.3891313016327,b'ssp245',4.401760149247868,299.5879675706462,304.3637399575145,292.92244539555816,b'2015-08-11/2015-08-17',1439251200
2484,25,7,89.95900689238829,0.0180945293936708,b'HadGEM3-GC31-LL',7,0.0002692695143089,392.5248421625466,233.1421465754333,b'ssp245',3.962326542091651,299.87751262142314,305.18272478555895,294.0275282712327,b'2015-08-18/2015-08-24',1439856000
2484,25,7,85.46307022476758,0.0168896314430164,b'HadGEM3-GC31-LL',7,0.0002374814969384,388.7600487553144,220.11966149129293,b'ssp245',5.774051631848836,299.2898468107468,305.5297492902304,289.89489934862274,b'2015-08-25/2015-08-31',1440460800
2484,25,7,79.42600136196491,0.0132957389427345,b'HadGEM3-GC31-LL',7,0.0008374204052462,365.6385466585454,213.74788196097413,b'ssp245',6.819071452642225,296.1461197146611,302.83882723149566,286.79999251218186,b'2015-09-01/2015-09-07',1441065600
2484,25,7,78.2935346061246,0.0127661519571424,b'HadGEM3-GC31-LL',7,6.141080796309906e-05,360.7672859832359,220.5577895399046,b'ssp245',5.514777733405315,295.6144052542012,303.83993137005683,287.27914979285805,b'2015-09-08/2015-09-14',1441670400
2484,25,7,83.6078997964536,0.0134516531115998,b'HadGEM3-GC31-LL',7,1.047530896971928e-05,364.7774113246373,209.40827550874016,b'ssp245',2.790768589555603,296.54761303998583,301.1034247014941,291.2473147677392,b'2015-09-15/2015-09-21',1442275200
2484,25,7,75.38274670068576,0.0101262309076881,b'HadGEM3-GC31-LL',7,0.0003634789692194,345.2065756661551,196.0534872018536,b'ssp245',5.797584764736215,292.6495510769874,301.2283073503947,284.6678567473421,b'2015-09-22/2015-09-28',1442880000
2484,25,7,77.09575805607882,0.0092473626181356,b'HadGEM3-GC31-LL',7,0.0002056555094543,340.7196839098024,162.26694392455695,b'ssp245',6.459278811060101,290.5652650319073,298.6722659081528,281.05738767643567,b'2015-09-29/2015-10-05',1443484800
2484,25,7,76.97935202687059,0.0091898750862866,b'HadGEM3-GC31-LL',7,4.261673654919954e-05,333.29449860652875,173.27909831972644,b'ssp245',4.968808517364761,291.09299162245287,297.220675753564,280.3503240211723,b'2015-10-06/2015-10-12',1444089600
2484,25,7,78.55208944958335,0.008672911281161,b'HadGEM3-GC31-LL',7,8.85287493113622e-05,338.63646977779973,140.6675615774163,b'ssp245',7.063048338503831,289.8160099035159,296.50862499119074,281.7051421489913,b'2015-10-13/2015-10-19',1444694400
2484,25,7,75.31552608304592,0.0071707336891809,b'HadGEM3-GC31-LL',7,4.848662940707279e-05,315.9872316745314,148.7341817088963,b'ssp245',6.6223704979942895,287.5633020639771,294.7756737777868,278.52922278335416,b'2015-10-20/2015-10-26',1445299200
2484,25,7,69.0921436388468,0.0060786430998972,b'HadGEM3-GC31-LL',7,0.0001132780288074,311.26622263215955,125.15485580961204,b'ssp245',7.220276023923737,285.712692957388,293.1861877441407,275.6648020006947,b'2015-10-27/2015-11-02',1445904000
2484,25,7,63.20894457068465,0.0043580662690593,b'HadGEM3-GC31-LL',7,3.177304017988474e-05,291.744297842214,117.9088814837943,b'ssp245',5.910192703112236,282.06605765745815,290.54780704458966,275.55335290653187,b'2015-11-03/2015-11-09',1446508800
2484,25,7,79.73456068979975,0.0056507613634023,b'HadGEM3-GC31-LL',7,0.0002514557908182,312.0895659456548,96.58910396559074,b'ssp245',6.616453816332417,282.6477745179751,289.13463474548973,273.45272072074346,b'2015-11-10/2015-11-16',1447113600
2484,25,7,64.94663254256102,0.0041211915191465,b'HadGEM3-GC31-LL',7,0.0001435061845749,286.44863592718065,98.95614442558458,b'ssp245',5.60934145636692,280.160478999232,289.4433419139115,273.0800726192514,b'2015-11-17/2015-11-23',1447718400
2484,25,7,80.46032835071323,0.0060579852895078,b'HadGEM3-GC31-LL',7,0.0005098776388041,323.20265137078314,86.00290579086551,b'ssp245',7.857416553946764,282.7193169348019,291.4005018411224,272.6847958908868,b'2015-11-24/2015-11-30',1448323200
2484,25,7,77.68650226845833,0.0044698661784071,b'HadGEM3-GC31-LL',7,0.0001406097345824,288.8627715075666,84.16645145556713,b'ssp245',8.366461191683,279.11020331179094,288.2120579984999,271.1341247558594,b'2015-12-01/2015-12-07',1448928000
2484,25,7,80.42941726886822,0.0045138729534924,b'HadGEM3-GC31-LL',7,0.0005427266641129,295.974823054228,72.2146469419589,b'ssp245',8.318463653457709,279.33049404498234,286.3477323866382,273.68663622669345,b'2015-12-08/2015-12-14',1449532800
2484,25,7,80.15169653801225,0.0052370200112299,b'HadGEM3-GC31-LL',7,0.0001010397358205,299.7082799425533,76.63588623305307,b'ssp245',9.371428707386857,281.52836004378,289.3141890063729,275.1154524026458,b'2015-12-15/2015-12-21',1450137600
2484,25,7,68.29493779110804,0.0030684836864791,b'HadGEM3-GC31-LL',7,0.0001958790884806,258.2981156249461,90.38925124829927,b'ssp245',8.483232488337253,275.4472997381691,287.61169999899323,266.7974288783123,b'2015-12-22/2015-12-28',1450742400
2484,25,7,68.20685233002384,0.0034521020878934,b'HadGEM3-GC31-LL',7,0.0004862061526076,262.8707177747859,94.57358893730154,b'ssp245',6.704295797797471,277.12848556585976,286.2234235940521,271.2990801309802,b'2015-12-29/2016-01-04',1451347200
2484,25,7,78.0938217320393,0.003251381879206,b'HadGEM3-GC31-LL',7,0.0002821683884884,282.3771993443261,76.95547348550565,b'ssp245',6.995949660379862,274.7952697933686,282.06113803509584,267.0427475762121,b'2016-01-05/2016-01-11',1451952000
2484,25,7,78.11187905942218,0.0027963775698717,b'HadGEM3-GC31-LL',7,0.0005327280581572,271.8256725035992,79.36766007301208,b'ssp245',11.584786672830932,272.3880503771056,285.3821521247785,259.3697659207374,b'2016-01-12/2016-01-18',1452556800
2484,25,7,81.93956484675232,0.0046597140510627,b'HadGEM3-GC31-LL',7,0.0016362393222618,296.38450006813645,83.95408991615622,b'ssp245',9.95230860071084,279.968537837662,286.9597402356335,275.2191530207997,b'2016-01-19/2016-01-25',1453161600
2484,25,7,68.73160523202527,0.0036152961421469,b'HadGEM3-GC31-LL',7,0.0005351551594421,290.90359762245146,95.9924533124876,b'ssp245',11.16271884697702,277.8290862812385,287.6536302074944,271.48687067720084,b'2016-01-26/2016-02-01',1453766400
2484,25,7,64.16873614742408,0.0021591869309586,b'HadGEM3-GC31-LL',7,1.70340340112245e-06,240.9328203833332,128.38079821062723,b'ssp245',7.924273000023327,271.97607475808866,281.08183776226247,262.04514116110266,b'2016-02-02/2016-02-08',1454371200
2484,25,7,79.65778151948955,0.0033829465454624,b'HadGEM3-GC31-LL',7,0.0003453789387732,275.202216911035,116.47736412857348,b'ssp245',8.465149012510837,274.99073099352654,283.3313098396223,264.2366281096468,b'2016-02-09/2016-02-15',1454976000
2484,25,7,73.39764254574222,0.0028889613531753,b'HadGEM3-GC31-LL',7,0.0002393563095468,268.76668927244657,134.41068360521095,b'ssp245',8.554579215126994,273.30532818936115,282.5426387196964,265.7538511925137,b'2016-02-16/2016-02-22',1455580800
2484,25,7,76.4026434031783,0.0022253767675198,b'HadGEM3-GC31-LL',7,2.4040122098050542e-05,241.95902271298849,155.4562581080576,b'ssp245',11.692993518003483,270.04434637819725,282.1544768343267,258.06892882671553,b'2016-02-23/2016-02-29',1456185600
2484,25,7,77.89640163146343,0.003359773952808,b'HadGEM3-GC31-LL',7,0.0003693778681236,276.1312354625764,144.7092116781468,b'ssp245',7.886447822924742,274.7511542970548,285.16205463212793,263.6002348280445,b'2016-03-01/2016-03-07',1456790400
2484,25,7,81.96389770507812,0.0046856116514792,b'HadGEM3-GC31-LL',7,0.0009138913434496,293.29115267319605,151.05314326110752,b'ssp245',7.846323404466633,279.31291050412347,288.1348310647552,269.0285677565742,b'2016-03-08/2016-03-14',1457395200
2484,25,7,80.139750715208,0.0049428210908543,b'HadGEM3-GC31-LL',7,0.0001636547476476,281.95081485529187,185.81919245094892,b'ssp245',8.908549345294578,280.752724064643,287.7818946445112,272.0222425952401,b'2016-03-15/2016-03-21',1458000000
2484,25,7,83.74638496196675,0.0052278906747146,b'HadGEM3-GC31-LL',7,0.0001716002661757,284.8107547113927,190.94010173589737,b'ssp245',5.644667353124436,281.02948238502023,288.5422786437359,272.0380300934782,b'2016-03-22/2016-03-28',1458604800
2484,25,7,77.82501293176756,0.0046353772529832,b'HadGEM3-GC31-LL',7,0.0002692262484792,283.2800124650149,196.0587823612174,b'ssp245',8.650839695172037,279.4611993938553,288.863302486459,269.0052147304889,b'2016-03-29/2016-04-04',1459209600
2484,25,7,77.82948788627435,0.005319892991175,b'HadGEM3-GC31-LL',7,4.819800040553973e-06,266.5237560805937,242.4671533553695,b'ssp245',6.617410659263342,282.2814063857336,290.1110866585957,276.38014645920583,b'2016-04-05/2016-04-11',1459814400
2484,25,7,86.48014951770541,0.0072556013712557,b'HadGEM3-GC31-LL',7,0.0004427895742188,311.49772790113855,224.6694119078421,b'ssp245',8.408293435429615,285.07764730327085,292.43973140126656,271.2652029450407,b'2016-04-12/2016-04-18',1460419200
2484,25,7,89.9449756493098,0.0080811575998788,b'HadGEM3-GC31-LL',7,9.568352051992032e-05,320.65166530693404,225.3825210773541,b'ssp245',5.331503716414034,285.94807627345045,293.96090651050054,274.8562113968368,b'2016-04-19/2016-04-25',1461024000
2484,25,7,90.32652124284118,0.0085694926653045,b'HadGEM3-GC31-LL',7,0.0001373624224675,319.04158999818065,234.3877575948769,b'ssp245',4.258622950763169,287.04979230518376,292.77675243259705,281.14662862561414,b'2016-04-26/2016-05-02',1461628800
2484,25,7,83.47041152257455,0.0089001860205544,b'HadGEM3-GC31-LL',7,0.000266523200996,309.8841352055456,262.08818668820544,b'ssp245',6.266584810171283,289.0826773102751,297.175289979915,282.5971733171916,b'2016-05-03/2016-05-09',1462233600
2484,25,7,79.33857535754107,0.0088087348246861,b'HadGEM3-GC31-LL',7,0.0001237884478809,313.7930660332075,273.9406761427867,b'ssp245',5.875256249760669,289.8601982554912,297.3269288367832,281.9881135606274,b'2016-05-10/2016-05-16',1462838400
2484,25,7,85.04262169682049,0.0108841243961246,b'HadGEM3-GC31-LL',7,0.0003377155739496,336.4274948412259,260.53651959695947,b'ssp245',6.724987529865596,291.76714382255904,299.35001113734296,280.5832805830179,b'2016-05-17/2016-05-23',1463443200
2484,25,7,79.87693941119143,0.0101688186286924,b'HadGEM3-GC31-LL',7,7.175133333761944e-05,321.1550232742602,305.11228993434094,b'ssp245',4.955293372734306,291.7640601314045,298.90095173943905,280.89330315344114,b'2016-05-24/2016-05-30',1464048000
2484,25,7,85.14827494558074,0.012318181094819,b'HadGEM3-GC31-LL',7,0.0002701910652745,338.66352657717005,291.0586573357786,b'ssp245',4.838486262203493,293.6135465371943,301.1576023691709,285.9023333677312,b'2016-05-31/2016-06-06',1464652800
2484,25,7,91.11796740614788,0.0136615963137004,b'HadGEM3-GC31-LL',7,0.0006509667474912,360.8627660917077,258.277766647676,b'ssp245',5.368077316937286,294.2617369976241,302.5740136215368,282.983255917264,b'2016-06-07/2016-06-13',1465257600
2484,25,7,87.44991827783599,0.0145208945289385,b'HadGEM3-GC31-LL',7,0.0001718718313055,358.10984988767376,280.54962671698456,b'ssp245',3.8520259135601616,295.9567438049766,303.4742318379511,288.79728761653314,b'2016-06-14/2016-06-20',1465862400
2484,25,7,79.78650713037146,0.0134814520269105,b'HadGEM3-GC31-LL',7,0.0004061177136657,350.85957170129706,310.6401356625452,b'ssp245',5.872502072745817,295.5567180875124,302.7110207154579,287.5743935181923,b'2016-06-21/2016-06-27',1466467200
2484,25,7,83.39628717369114,0.015920387102985,b'HadGEM3-GC31-LL',7,1.3063427191228425e-05,363.58586567807095,320.91809347206083,b'ssp245',4.745478380235552,298.6626795907786,304.95941225032215,289.8578036593408,b'2016-06-28/2016-07-04',1467072000
2484,25,7,84.14517175396341,0.016166135565198,b'HadGEM3-GC31-LL',7,0.0001795392952715,375.328024952682,295.240623620192,b'ssp245',4.587513857632217,298.4900554718782,305.2662430596106,286.6014166763149,b'2016-07-05/2016-07-11',1467676800
2484,25,7,76.03290613761531,0.014102115647645,b'HadGEM3-GC31-LL',7,0.0002573160795181,358.0829559011558,312.57054544934823,b'ssp245',5.20029694658316,297.88511311639223,303.2457144825729,288.69157991704253,b'2016-07-12/2016-07-18',1468281600
2484,25,7,82.92822066182066,0.0156692694118232,b'HadGEM3-GC31-LL',7,0.0003187548489851,373.3832638365531,269.3724422539106,b'ssp245',4.582195178222938,298.400260015159,303.44908802779685,291.73555417404964,b'2016-07-19/2016-07-25',1468886400
2484,25,7,80.30567108513857,0.0152287832399574,b'HadGEM3-GC31-LL',7,0.0001152465507817,369.120151750118,291.1450556444666,b'ssp245',4.614937786940096,298.32631619303146,304.12653626117515,291.005557659975,b'2016-07-26/2016-08-01',1469491200
2484,25,7,78.85505033557651,0.0145504344124429,b'HadGEM3-GC31-LL',7,0.0001107609219404,361.53352616637375,291.39831275546675,b'ssp245',5.1240603929064585,297.8822064631467,304.180694265464,290.4981271016229,b'2016-08-02/2016-08-08',1470096000
2484,25,7,86.13805279289325,0.0163659212811793,b'HadGEM3-GC31-LL',7,0.0004125674334307,380.4079894345358,239.1480177709386,b'ssp245',4.72773788147366,298.56182063556383,303.77359197557587,291.5843565636075,b'2016-08-09/2016-08-15',1470700800
2484,25,7,78.39548845249001,0.013908254705501,b'HadGEM3-GC31-LL',7,0.0001071423776069,373.4039974521643,240.55850698389608,b'ssp245',5.952775342299415,297.18836894196863,304.4782592144209,289.6728460567514,b'2016-08-16/2016-08-22',1471305600
2484,25,7,71.44792151135093,0.0110380354293502,b'HadGEM3-GC31-LL',7,0.0001833706793998,349.82857494326163,238.6040841104005,b'ssp245',4.991008263624471,294.7757662743638,301.32556057959494,287.88061114439034,b'2016-08-23/2016-08-29',1471910400
2484,25,7,77.75723082327526,0.0113519322544072,b'HadGEM3-GC31-LL',7,0.0005968169815229,365.4098963786647,182.5686176114651,b'ssp245',5.497000179164364,293.8834479083369,299.5283638865677,288.8941349934057,b'2016-08-30/2016-09-05',1472515200
2484,25,7,82.57023352059771,0.0128585808095693,b'HadGEM3-GC31-LL',7,0.0005052344607166,361.9581910528034,222.6414391990965,b'ssp245',5.20075342458548,294.8785254319743,300.7448601476925,285.8261976733651,b'2016-09-06/2016-09-12',1473120000
2484,25,7,78.79796805964655,0.011616308833246,b'HadGEM3-GC31-LL',7,0.0005924720260561,361.3469351542365,193.2998299577626,b'ssp245',5.283028011645063,293.9109672355371,300.565267346569,286.2158431220301,b'2016-09-13/2016-09-19',1473724800
2484,25,7,83.01885523957603,0.0107053394569289,b'HadGEM3-GC31-LL',7,0.000339410203196,358.85528548722414,174.57260915000592,b'ssp245',7.517576940456442,291.9654354044896,298.94914009644816,286.12269828245815,b'2016-09-20/2016-09-26',1474329600
2484,25,7,73.63900009627196,0.0090472519316124,b'HadGEM3-GC31-LL',7,0.0002774363774668,349.23605252295425,164.9975683355542,b'ssp245',5.857162698028014,291.6733848335817,297.75489382399724,286.13826051692376,b'2016-09-27/2016-10-03',1474934400
2484,25,7,83.38235582062353,0.0107733239145436,b'HadGEM3-GC31-LL',7,9.013192237247984e-05,343.8267462481807,177.8515402747535,b'ssp245',4.018735393508721,292.6419438627577,297.3465862470804,286.92089576327925,b'2016-10-04/2016-10-10',1475539200
2484,25,7,84.84997994559151,0.0102415145758884,b'HadGEM3-GC31-LL',7,0.0002505736295266,353.8938612341004,156.41336921388515,b'ssp245',5.108665912772841,291.37881112414715,297.4824462576011,281.9558107041821,b'2016-10-11/2016-10-17',1476144000
2484,25,7,68.28008906795631,0.0070259652538731,b'HadGEM3-GC31-LL',7,7.183606903568363e-05,321.7943276586519,147.38190190535758,b'ssp245',8.329755546418136,288.4237635841426,296.6056023037311,281.81428575024165,b'2016-10-18/2016-10-24',1476748800
2484,25,7,71.46809769519476,0.0063604759642187,b'HadGEM3-GC31-LL',7,0.0001167468722027,315.34713576573864,133.39457099813427,b'ssp245',7.116606624909459,286.1855696620576,292.958550679315,279.4723413211784,b'2016-10-25/2016-10-31',1477353600
2484,25,7,76.27965731051957,0.0063613392117765,b'HadGEM3-GC31-LL',7,0.0006054664745462,327.50124391715906,109.4667703518987,b'ssp245',9.087429812800726,285.160699319067,293.8769765637585,279.10176290925017,b'2016-11-01/2016-11-07',1477958400
2484,25,7,78.0095491423347,0.006379088043648,b'HadGEM3-GC31-LL',7,0.0001576073427607,315.1127956429708,111.52894045642972,b'ssp245',5.568244333822,285.0684731305085,292.2375211420748,277.40644285850925,b'2016-11-08/2016-11-14',1478563200
2484,25,7,76.60673370698416,0.005538190528476,b'HadGEM3-GC31-LL',7,0.0008129826976293,320.6744379147514,82.26617627150883,b'ssp245',10.353788892018429,282.97337350297573,292.0381553099328,277.1150377411203,b'2016-11-15/2016-11-21',1479168000
2484,25,7,76.8921035182318,0.0046267302678376,b'HadGEM3-GC31-LL',7,0.0005904176831797,306.9576937151587,86.25624881682586,b'ssp245',8.482470085589279,279.6508939178422,289.9242980013189,271.20615001560486,b'2016-11-22/2016-11-28',1479772800
2484,25,7,77.60847147855914,0.0044437203042288,b'HadGEM3-GC31-LL',7,8.550398264807798e-06,293.9716727884599,93.46978234472262,b'ssp245',5.973411996691147,279.5959280966308,287.36663079015983,272.1857403627376,b'2016-11-29/2016-12-05',1480377600
2484,25,7,71.34437265803432,0.0041467921673943,b'HadGEM3-GC31-LL',7,0.0001848621499466,280.01517552865977,85.88550476051748,b'ssp245',8.456996564485891,279.3136373528325,287.94988620404115,269.72505172257576,b'2016-12-06/2016-12-12',1480982400
2484,25,7,66.20122264305868,0.002743233138519,b'HadGEM3-GC31-LL',7,0.0001436749378101,260.4805270435182,82.16108218208504,b'ssp245',8.838657411630095,274.851031948084,280.6185044750725,269.1769546036868,b'2016-12-13/2016-12-19',1481587200
2484,25,7,70.2904143860133,0.0032010833334673,b'HadGEM3-GC31-LL',7,7.113941195754152e-05,267.02681099578456,80.68127813044283,b'ssp245',7.912211712224846,276.292400287072,282.6984761031633,271.9014706955743,b'2016-12-20/2016-12-26',1482192000
2484,25,7,76.4151265870489,0.0028742665443116,b'HadGEM3-GC31-LL',7,0.0002869756548328,266.34269307604245,81.87397803192813,b'ssp245',12.15076771892048,273.0568142246252,282.85858594756763,266.8212558707011,b'2016-12-27/2017-01-02',1482796800
2484,25,7,76.28779707671265,0.0033092591428061,b'HadGEM3-GC31-LL',7,0.0011309510693332,275.89708469261654,80.69502377545186,b'ssp245',9.606128641361693,274.4583245166447,286.05729282025214,265.3845891264296,b'2017-01-03/2017-01-09',1483401600
2484,25,7,75.6082954238195,0.003408888501831,b'HadGEM3-GC31-LL',7,0.0001729804941753,281.21630068345,83.96879659942043,b'ssp245',8.387083960562638,275.8842602422206,283.9929990473482,268.03002520689034,b'2017-01-10/2017-01-16',1484006400
2484,25,7,73.68858090767279,0.0018627892750855,b'HadGEM3-GC31-LL',7,3.379717450397291e-05,244.3464038045488,95.69149700496266,b'ssp245',9.096268079768928,268.4431660445695,279.822674938084,260.0916071626329,b'2017-01-17/2017-01-23',1484611200
2484,25,7,75.83945079685488,0.0033138202012458,b'HadGEM3-GC31-LL',7,0.0003373011748244,274.20072359469924,100.74133914278956,b'ssp245',8.412344436933436,275.25945060628857,284.2868724705017,264.7227993994644,b'2017-01-24/2017-01-30',1485216000
2484,25,7,67.80556114432738,0.0025881136347853,b'HadGEM3-GC31-LL',7,0.0001314927254209,260.7892997865298,110.65623848287277,b'ssp245',7.350642250634083,273.4687881582089,281.6073893124296,264.7439847336602,b'2017-01-31/2017-02-06',1485820800
2484,25,7,85.27232711971773,0.0020451896729815,b'HadGEM3-GC31-LL',7,0.0004172820470333,246.4377640849185,121.30109334167572,b'ssp245',13.539759901732165,267.4428749814828,283.87686361725804,258.8292823083622,b'2017-02-07/2017-02-13',1486425600
2484,25,7,67.61731918851828,0.0022600116579386,b'HadGEM3-GC31-LL',7,5.31447574889471e-06,260.4531899790701,132.25801799925858,b'ssp245',8.821126336377217,272.24137473913987,278.70438188375886,266.1893274366241,b'2017-02-14/2017-02-20',1487030400
2484,25,7,70.26579050954558,0.0033623198820867,b'HadGEM3-GC31-LL',7,0.0003163528643611,274.6381903242468,137.49321859750202,b'ssp245',9.2067497229541,276.54154637916804,285.0447085665673,269.9394186747443,b'2017-02-21/2017-02-27',1487635200
2484,25,7,72.429694747363,0.0035894503234027,b'HadGEM3-GC31-LL',7,0.000252257600521,257.2775592270235,160.94647646020545,b'ssp245',7.997528423265786,277.07853907724194,284.9767602350294,270.3564354021525,b'2017-02-28/2017-03-06',1488240000
2484,25,7,74.91380402476518,0.0025691699502551,b'HadGEM3-GC31-LL',7,0.0006618833842263,261.40422012036964,142.11729643516932,b'ssp245',10.827500007640632,272.4360661682219,279.69728088378906,261.3046835673224,b'2017-03-07/2017-03-13',1488844800
2484,25,7,81.53701090637118,0.0040607767334599,b'HadGEM3-GC31-LL',7,0.0007357495762542,282.72948324346754,154.71165481477493,b'ssp245',10.641454055839509,277.5069199619659,282.78739740430694,271.64321396031335,b'2017-03-14/2017-03-20',1489449600
2484,25,7,74.13819831320042,0.0034239141727263,b'HadGEM3-GC31-LL',7,0.0002526166420256,270.027755242911,175.1199762571894,b'ssp245',8.315853166650427,275.9979133437414,283.14830835086786,266.8923121186876,b'2017-03-21/2017-03-27',1490054400
2484,25,7,82.6727895666468,0.0049333608968509,b'HadGEM3-GC31-LL',7,0.0004618358985052,299.490782005973,171.9819436333141,b'ssp245',8.98078305380685,279.77454763870355,287.75765755250285,273.9240286915573,b'2017-03-28/2017-04-03',1490659200
2484,25,7,75.12361463847323,0.0043147208658766,b'HadGEM3-GC31-LL',7,0.0002510050926193,284.0267359602961,183.56820162968364,b'ssp245',7.07259281956219,278.4012274313746,286.75524807959494,272.3009781984939,b'2017-04-04/2017-04-10',1491264000
2484,25,7,90.01770829101022,0.0069764181820672,b'HadGEM3-GC31-LL',7,0.0001880240561418,308.425934309812,209.9349459618637,b'ssp245',5.493574407648444,283.6868586589381,290.87441969409434,274.086656236157,b'2017-04-11/2017-04-17',1491868800
2484,25,7,75.8244470419343,0.0056534187102879,b'HadGEM3-GC31-LL',7,3.698085870804714e-05,290.34035261600815,231.9554134812728,b'ssp245',5.155601181232526,283.5964463111754,289.8132635686816,278.1132729127235,b'2017-04-18/2017-04-24',1492473600
2484,25,7,83.07096048728707,0.0066965744382836,b'HadGEM3-GC31-LL',7,0.0004876193542844,308.9046264109099,201.45552105685923,b'ssp245',6.476024298850496,284.17027210803025,290.2400621237215,277.6944721654518,b'2017-04-25/2017-05-01',1493078400
2484,25,7,85.62183555412012,0.0079880597742633,b'HadGEM3-GC31-LL',7,0.0001261047567689,307.4163710716371,250.79597179879147,b'ssp245',6.4605365749311385,286.5349486945129,293.0972785556439,277.06098466066976,b'2017-05-02/2017-05-08',1493683200
2484,25,7,87.17453302374997,0.0086780101104072,b'HadGEM3-GC31-LL',7,0.0003078025458486,317.62907479332546,250.07153509081027,b'ssp245',6.136424954580102,287.352285236252,294.3264481062742,280.4361976544882,b'2017-05-09/2017-05-15',1494288000
2484,25,7,89.04136426248678,0.0095325157379618,b'HadGEM3-GC31-LL',7,0.0005889719227385,330.2053201981603,257.5114919749557,b'ssp245',5.0866876413966144,288.6959473240533,294.7155319685789,281.2776155766753,b'2017-05-16/2017-05-22',1494892800
2484,25,7,83.31093727752283,0.0096853569599858,b'HadGEM3-GC31-LL',7,0.0003073065527876,323.6108823166681,265.80313684522497,b'ssp245',3.820830540558727,290.7690024958795,296.24880242101926,284.94809510535805,b'2017-05-23/2017-05-29',1495497600
2484,25,7,88.7611923498679,0.0111980377682738,b'HadGEM3-GC31-LL',7,0.0002900176910469,340.238940838686,291.1790240797624,b'ssp245',4.858211868114781,291.2228006354488,298.1437090057688,283.84792996436056,b'2017-05-30/2017-06-05',1496102400
2484,25,7,88.8249656609829,0.0122418060743788,b'HadGEM3-GC31-LL',7,0.0005024954787323,344.4343272056074,287.90801286205806,b'ssp245',5.313004538307134,293.29197434438,298.9816444632934,284.7090130048929,b'2017-06-06/2017-06-12',1496707200
2484,25,7,88.48229940018352,0.0140460034405787,b'HadGEM3-GC31-LL',7,2.655257909638524e-05,349.50327830251433,312.7616151295635,b'ssp245',3.8271828008505664,295.3504168098911,301.29299030107325,287.9993290852026,b'2017-06-13/2017-06-19',1497312000
2484,25,7,89.20996730281959,0.0137952395360943,b'HadGEM3-GC31-LL',7,0.0001373072805258,367.1629527208556,261.68627372370906,b'ssp245',6.754939658827916,294.48745756753243,303.4716140904377,285.0914467093871,b'2017-06-20/2017-06-26',1497916800
2484,25,7,90.29266516976224,0.0138274258351027,b'HadGEM3-GC31-LL',7,0.0003180908699935,363.9727252404013,284.0413634310064,b'ssp245',3.753443475148815,294.74204239543303,301.8488310194508,285.94118350314113,b'2017-06-27/2017-07-03',1498521600
2484,25,7,86.08566606097439,0.0140013753522916,b'HadGEM3-GC31-LL',7,0.0007069424254199,364.6470069267262,278.26863964457226,b'ssp245',4.824671665768912,295.5101826910769,301.5035192745248,288.6331850032217,b'2017-07-04/2017-07-10',1499126400
2484,25,7,93.00001622510412,0.0170195652754902,b'HadGEM3-GC31-LL',7,0.000171909222944,380.7092070094967,277.8173129906184,b'ssp245',4.736676667681148,298.17266683901533,303.04394358212187,291.27954101562506,b'2017-07-11/2017-07-17',1499731200
2484,25,7,96.36761218985332,0.0180049912485572,b'HadGEM3-GC31-LL',7,0.0004443647647291,395.8593582580297,239.12143616262,b'ssp245',3.662965341766032,298.2358598217522,304.2652866324199,291.3757442199078,b'2017-07-18/2017-07-24',1500336000
2484,25,7,87.23046601959813,0.0163751867269227,b'HadGEM3-GC31-LL',7,0.0001466639553232,375.3149633618272,283.5148417117494,b'ssp245',4.552966777284648,297.9172619467105,304.74673021454174,290.7164636985543,b'2017-07-25/2017-07-31',1500940800
2484,25,7,90.4582996508861,0.0172130151847939,b'HadGEM3-GC31-LL',7,2.5084243574871e-05,379.6181927148654,271.47449591163337,b'ssp245',5.0484818955759945,298.7835067726552,304.15809993154,292.51734782740016,b'2017-08-01/2017-08-07',1501545600
2484,25,7,79.46733879797237,0.0138810574864372,b'HadGEM3-GC31-LL',7,8.078254877346744e-05,358.9457098802165,277.8852112984974,b'ssp245',4.279395222312748,296.8224033586056,302.7870574636558,290.71715600711786,b'2017-08-08/2017-08-14',1502150400
2484,25,7,84.42332581532722,0.0154748099015281,b'HadGEM3-GC31-LL',7,0.0003355929464353,372.7412823324527,241.6607657813184,b'ssp245',4.819960529656755,297.6912859100657,303.1872961299936,290.5878704896907,b'2017-08-15/2017-08-21',1502755200
2484,25,7,78.28271196727725,0.0133192469743086,b'HadGEM3-GC31-LL',7,8.312433928015064e-05,362.56644634083904,244.7399709080737,b'ssp245',4.454743350904012,296.8504176638439,302.5614488739329,291.04310828140103,b'2017-08-22/2017-08-28',1503360000
2484,25,7,80.02461437062416,0.0131407939638278,b'HadGEM3-GC31-LL',7,0.0006015076322388,357.1505011669491,232.1832613488536,b'ssp245',5.461393577536357,295.32772667594094,302.57304571092743,286.4212157259282,b'2017-08-29/2017-09-04',1503964800
2484,25,7,75.3307045275052,0.010342939316524,b'HadGEM3-GC31-LL',7,0.0001896872101916,350.4808583322787,205.27317846014503,b'ssp245',6.059077378751955,292.9584113276936,299.7879857328749,287.3913533318903,b'2017-09-05/2017-09-11',1504569600
2484,25,7,75.44588340680625,0.0105034624207874,b'HadGEM3-GC31-LL',7,3.5590217666862206e-05,341.1026328849512,220.3574244705672,b'ssp245',4.608957551540437,292.858489158754,299.63614945559164,285.4363268036203,b'2017-09-12/2017-09-18',1505174400
2484,25,7,87.52476054825033,0.0122756516068503,b'HadGEM3-GC31-LL',7,0.0001463861839172,365.3159974987272,191.14294796523708,b'ssp245',6.885990822613678,293.46319220519035,299.58822757681617,284.7455441189796,b'2017-09-19/2017-09-25',1505779200
2484,25,7,79.52789459453241,0.0099891115121257,b'HadGEM3-GC31-LL',7,4.692566751753044e-05,351.2194218136952,174.40001786334523,b'ssp245',3.603702147772456,292.0043580135295,297.22995341192814,286.74756472872707,b'2017-09-26/2017-10-02',1506384000
2484,25,7,83.2365919458673,0.0107259432516377,b'HadGEM3-GC31-LL',7,3.0821942741204583e-06,347.082774413703,182.4611924498703,b'ssp245',3.0446232664391992,292.7285745477466,297.7370294000685,287.0216492328447,b'2017-10-03/2017-10-09',1506988800
2484,25,7,84.94990106394435,0.0103635796481559,b'HadGEM3-GC31-LL',7,0.000163572871245,354.2821099979361,153.42770599792215,b'ssp245',6.835120157219349,291.78912526553444,298.11073995373914,284.6893974382853,b'2017-10-10/2017-10-16',1507593600
2484,25,7,83.9518987517996,0.0100617581074549,b'HadGEM3-GC31-LL',7,0.0004179619746189,353.1577873623249,138.29680137465735,b'ssp245',4.196697258633262,291.6147077108168,296.26074265942134,284.3595425320655,b'2017-10-17/2017-10-23',1508198400
2484,25,7,70.6310083729178,0.0074986208968182,b'HadGEM3-GC31-LL',7,0.0006666187714108,325.6598301074291,133.20447321738692,b'ssp245',6.336161423150851,289.27713349781965,295.9027974236872,281.47960938129233,b'2017-10-24/2017-10-30',1508803200
2484,25,7,72.55154450406734,0.0065637932941509,b'HadGEM3-GC31-LL',7,0.0,305.0410130856139,132.09807023173406,b'ssp245',5.420283850408619,286.56991352424006,293.13857969303723,280.0368383348603,b'2017-10-31/2017-11-06',1509408000
2484,25,7,81.96737214146026,0.0069587218457906,b'HadGEM3-GC31-LL',7,0.001323095019992,324.14766624574287,89.82040678875435,b'ssp245',11.535398433064502,285.95258665014615,292.73295530338885,279.1477791697709,b'2017-11-07/2017-11-13',1510012800
2484,25,7,68.40340209814867,0.0042408975743069,b'HadGEM3-GC31-LL',7,5.1617568299377e-05,292.85310882882976,96.59593427655273,b'ssp245',8.169968399980458,280.59730558999337,287.0786088766511,274.2765436860704,b'2017-11-14/2017-11-20',1510617600
2484,25,7,79.90929908359173,0.0054547121595393,b'HadGEM3-GC31-LL',7,0.000137569012716,294.4724031653426,95.82420784805592,b'ssp245',7.386715873702812,282.7881527480742,288.4773595750946,276.63269105891595,b'2017-11-21/2017-11-27',1511222400
2484,25,7,74.86495425037502,0.0043922289400134,b'HadGEM3-GC31-LL',7,0.0002615145009485,294.9460957994869,80.60127062228715,b'ssp245',8.346285466768606,280.4051436816119,285.52429718332195,274.1205167475435,b'2017-11-28/2017-12-04',1511827200
2484,25,7,80.55240090641253,0.0046128672785955,b'HadGEM3-GC31-LL',7,0.0009780444221234,295.50538302661744,81.40748894794,b'ssp245',9.466741269221188,279.53306307673284,286.9388762798506,273.6867532631786,b'2017-12-05/2017-12-11',1512432000
2484,25,7,79.89573804830066,0.0045155237314999,b'HadGEM3-GC31-LL',7,4.365137290958431e-05,293.89042939985274,86.59614351185503,b'ssp245',4.488072402874044,280.4195218430352,284.5267580956528,276.35840897707595,b'2017-12-12/2017-12-18',1513036800
2484,25,7,89.63156721202195,0.0053707287980816,b'HadGEM3-GC31-LL',7,0.0009577696579474,328.57344336081326,60.08435199327427,b'ssp245',9.337793936961178,281.36201686044507,285.7195500639296,276.77158363578246,b'2017-12-19/2017-12-25',1513641600
2484,25,7,74.45115190823405,0.0037043571977262,b'HadGEM3-GC31-LL',7,9.680672689903322e-05,290.46659754442715,76.60069643450416,b'ssp245',7.207662740231263,278.10666605931146,282.5183731551024,274.0600066824058,b'2017-12-26/2018-01-01',1514246400
2484,25,7,77.6739461558908,0.004101910976767,b'HadGEM3-GC31-LL',7,0.0005550882550326,302.7808297653086,75.45177407187461,b'ssp245',8.75756448094729,278.7320740689937,285.09022915240416,271.2308607593026,b'2018-01-02/2018-01-08',1514851200
2484,25,7,67.8453964716556,0.0021260758726109,b'HadGEM3-GC31-LL',7,6.823510720560362e-05,257.82425009905853,87.48464528450383,b'ssp245',10.552229239066325,271.2587438704164,279.6514762013229,262.72880774429166,b'2018-01-09/2018-01-15',1515456000
2484,25,7,76.7816875272366,0.003196183761389,b'HadGEM3-GC31-LL',7,0.0003660119469375,276.67895441518795,98.9627563240602,b'ssp245',6.863391564766684,274.9499224296199,281.61291944366144,264.0174049298788,b'2018-01-16/2018-01-22',1516060800
2484,25,7,78.46449049442613,0.0035995516651042,b'HadGEM3-GC31-LL',7,0.0005523957211058,298.90254800203803,80.06052929031306,b'ssp245',8.088803387355384,276.2496301260543,284.6947955888571,270.2505508894773,b'2018-01-23/2018-01-29',1516665600
2484,25,7,72.98185729137752,0.0037399836241874,b'HadGEM3-GC31-LL',7,4.636506208058076e-05,273.6050081997452,121.48601451643437,b'ssp245',5.987484942128627,277.89317207167886,283.88973763062785,271.05819906647673,b'2018-01-30/2018-02-05',1517270400
2484,25,7,67.80395917091876,0.0024973053036981,b'HadGEM3-GC31-LL',7,0.0002327989720396,245.2328311094304,131.8528355021189,b'ssp245',12.556745643292684,272.7397463409469,283.9293617169882,260.09831190600835,b'2018-02-06/2018-02-12',1517875200
2484,25,7,80.3159829084933,0.0021869296289291,b'HadGEM3-GC31-LL',7,0.0001570568991127,246.7126503046904,128.40198847752433,b'ssp245',10.548256767691498,269.3796261097792,280.4954609035217,259.79126778828737,b'2018-02-13/2018-02-19',1518480000
2484,25,7,84.25864391860625,0.0038920769316043,b'HadGEM3-GC31-LL',7,0.0005040504228342,294.2027532833139,114.99462798207078,b'ssp245',8.954205243682301,276.7036008539888,282.7009831064755,266.9382366691668,b'2018-02-20/2018-02-26',1519084800
2484,25,7,72.0786127082027,0.0031604989444142,b'HadGEM3-GC31-LL',7,0.0002545597132763,265.4165699639974,156.09768298097143,b'ssp245',9.611418943868646,274.52875854761857,285.39329229925096,261.79866137947005,b'2018-02-27/2018-03-05',1519689600
2484,25,7,71.97647818901052,0.0036490393393783,b'HadGEM3-GC31-LL',7,0.0006472046371483,265.57687822884066,167.34683943848196,b'ssp245',8.983164761484286,276.9276419233679,286.1243111521928,269.03207712075147,b'2018-03-06/2018-03-12',1520294400
2484,25,7,84.80580258825918,0.0046903170752907,b'HadGEM3-GC31-LL',7,0.0004404720443133,279.44675442185775,158.5698552475762,b'ssp245',5.692076078219688,278.98968132816816,286.96422380270417,270.26408543537576,b'2018-03-13/2018-03-19',1520899200
2484,25,7,83.32899343633862,0.0048476253536396,b'HadGEM3-GC31-LL',7,0.000749373774186,278.11174539332893,180.3276426739475,b'ssp245',7.5033847504406515,279.3934819666732,287.5741350626208,267.0160473695736,b'2018-03-20/2018-03-26',1521504000
2484,25,7,94.18217162074676,0.0061560616381356,b'HadGEM3-GC31-LL',7,0.0005527001950381,328.2470891219351,146.3949347483392,b'ssp245',7.210332535854671,282.25878751190146,290.74766933795104,277.3108813099026,b'2018-03-27/2018-04-02',1522108800
2484,25,7,88.84440904372923,0.0066809784010633,b'HadGEM3-GC31-LL',7,3.726741277828813e-05,300.48217380169746,212.73252539431047,b'ssp245',6.352527930564487,284.2266622551762,289.8357710690843,276.8314455956528,b'2018-04-03/2018-04-09',1522713600
2484,25,7,75.83220182146344,0.0060181601294651,b'HadGEM3-GC31-LL',7,3.172033650079141e-05,280.13223499191355,237.99925930826583,b'ssp245',7.703837446681881,284.1425045052755,291.76035930200953,273.9862071558373,b'2018-04-10/2018-04-16',1523318400
2484,25,7,80.80634333142828,0.0062706896435847,b'HadGEM3-GC31-LL',7,0.0002510756710963,295.48095017715474,208.8520994172356,b'ssp245',6.031539622392501,283.7760215163758,290.2458697446843,275.13789430598626,b'2018-04-17/2018-04-23',1523923200
2484,25,7,82.72554149824319,0.0074798250090829,b'HadGEM3-GC31-LL',7,0.0001465670621683,296.9625897976365,244.5169583911924,b'ssp245',5.778199087186485,286.4746747473379,293.0537310728093,279.54651539596085,b'2018-04-24/2018-04-30',1524528000
2484,25,7,89.81563650139654,0.0085511922171758,b'HadGEM3-GC31-LL',7,0.0007132375005555,323.30477285034004,214.87570534258072,b'ssp245',5.442431204975618,287.15626835998626,292.010105251037,281.08900514583,b'2018-05-01/2018-05-07',1525132800
2484,25,7,84.84707225861361,0.0088587540208014,b'HadGEM3-GC31-LL',7,0.0002932328055021,314.0203781465016,255.14699234211045,b'ssp245',5.1761094609135565,288.670930415787,295.92060128438106,282.935404354764,b'2018-05-08/2018-05-14',1525737600
2484,25,7,93.06988346172888,0.0113666380943513,b'HadGEM3-GC31-LL',7,0.0005456192729134,342.7368619803652,236.8845959805249,b'ssp245',5.690195931601771,291.33948464035467,296.8768807637323,284.7039755595099,b'2018-05-15/2018-05-21',1526342400
2484,25,7,83.11514358071061,0.0105229556397294,b'HadGEM3-GC31-LL',7,9.681171845149666e-05,326.8571676891928,298.4604873994313,b'ssp245',4.909959993236019,292.0200021600513,298.25078763666846,286.1502970272733,b'2018-05-22/2018-05-28',1526947200
2484,25,7,80.45935958053296,0.0109082297373985,b'HadGEM3-GC31-LL',7,0.0003460373180919,326.3878908002851,299.9732146340372,b'ssp245',5.56995168350231,292.82448122813884,300.6777928932426,286.1554359357381,b'2018-05-29/2018-06-04',1527552000
2484,25,7,91.75742418179632,0.0144760338157491,b'HadGEM3-GC31-LL',7,6.873858180285621e-05,366.0552036695522,296.1126259984956,b'ssp245',4.202136869458633,295.52583611871785,303.7186406715629,287.4437592496577,b'2018-06-05/2018-06-11',1528156800
2484,25,7,73.66739237115381,0.0115713136955074,b'HadGEM3-GC31-LL',7,0.000317796673137,339.5081074957644,310.0525770678963,b'ssp245',5.527815905165076,294.8237023332509,302.62349645870256,287.2465131307386,b'2018-06-12/2018-06-18',1528761600
2484,25,7,87.28603317530413,0.0135972580347149,b'HadGEM3-GC31-LL',7,0.0004325591560965,360.5339661318705,271.33679081238427,b'ssp245',6.49232496709641,294.62059812026104,302.88629559389096,288.11816138827925,b'2018-06-19/2018-06-25',1529366400
2484,25,7,87.40608683320666,0.0154234876030498,b'HadGEM3-GC31-LL',7,0.0005590754304587,363.9376439809448,287.42558078456875,b'ssp245',4.836104926023638,297.2677942424881,302.93203294891674,289.08372387443626,b'2018-06-26/2018-07-02',1529971200
2484,25,7,82.35554295962619,0.0162098814393166,b'HadGEM3-GC31-LL',7,5.468003130481895e-05,366.6673982870246,325.3121619470341,b'ssp245',5.318030690058342,298.6558960590166,306.60280538342664,291.5824888563648,b'2018-07-03/2018-07-09',1530576000
2484,25,7,78.5852836670686,0.0158628666093119,b'HadGEM3-GC31-LL',7,0.0003502018771236,375.8035391806152,281.1863295677309,b'ssp245',4.883142111578818,299.2768383222757,306.4185256171472,291.3895889754148,b'2018-07-10/2018-07-16',1531180800
2484,25,7,81.51315476160514,0.0156058208826264,b'HadGEM3-GC31-LL',7,5.936995014988816e-05,364.9898534221397,310.8677634462517,b'ssp245',3.6871696765012,298.3981447065351,304.4768390458884,291.9963990830884,b'2018-07-17/2018-07-23',1531785600
2484,25,7,83.10995281708259,0.0162085824150904,b'HadGEM3-GC31-LL',7,7.367446070259473e-05,370.350001204523,295.7329897985895,b'ssp245',3.949147243211828,299.3278857358952,303.66818347419667,294.1832218760068,b'2018-07-24/2018-07-30',1532390400
2484,25,7,91.27699366304066,0.0186743771037379,b'HadGEM3-GC31-LL',7,0.0003935628890841,389.1772427903009,253.9092613635956,b'ssp245',4.488298320805377,300.2282810801084,305.087221912502,294.0036619520679,b'2018-07-31/2018-08-06',1532995200
2484,25,7,91.5070432457903,0.0185193156128109,b'HadGEM3-GC31-LL',7,0.0009934402118155,396.9231347827041,203.86389254540515,b'ssp245',6.658332740610935,300.18031308787914,304.82351637378184,292.5518068923164,b'2018-08-07/2018-08-13',1533600000
2484,25,7,92.20925296564342,0.0172167205037781,b'HadGEM3-GC31-LL',7,0.0006397763475094,395.3983568913456,206.50517270701977,b'ssp245',3.9589313647883984,298.8740835063412,304.1148472422177,292.65352386789226,b'2018-08-14/2018-08-20',1534204800
2484,25,7,84.40416073131983,0.0153159151828966,b'HadGEM3-GC31-LL',7,0.0001976563119314,376.3785278814707,222.485836090852,b'ssp245',4.188138695985123,297.48481752735535,304.7095225226019,289.8426608056137,b'2018-08-21/2018-08-27',1534809600
2484,25,7,76.32813008158128,0.0125636302520395,b'HadGEM3-GC31-LL',7,0.0001271509516396,361.5124915099109,227.79152576070123,b'ssp245',5.837875120243022,296.1464408234048,303.1810338915009,286.4907072401538,b'2018-08-28/2018-09-03',1535414400
2484,25,7,79.50260405617715,0.012839239395864,b'HadGEM3-GC31-LL',7,0.0005204531304697,360.79840413741056,211.46329471885892,b'ssp245',3.9302973888584014,295.77640094111,301.2724008461864,289.14481518932223,b'2018-09-04/2018-09-10',1536019200
2484,25,7,73.67409240374333,0.0110930525389155,b'HadGEM3-GC31-LL',7,0.0001883204584094,351.4583920238647,210.55372754463568,b'ssp245',4.456745992528497,294.04856202879785,301.69221543774165,287.0726566904599,b'2018-09-11/2018-09-17',1536624000
2484,25,7,72.1648552042044,0.0097822439301325,b'HadGEM3-GC31-LL',7,6.552526490536038e-05,343.0145458507959,202.90219409476325,b'ssp245',4.801139276052259,292.64089693903753,299.1160489111832,283.6480747498188,b'2018-09-18/2018-09-24',1537228800
2484,25,7,80.90175894960565,0.0108904913335281,b'HadGEM3-GC31-LL',7,0.0001042089637,351.3642277443708,181.8426429962024,b'ssp245',5.847906277351774,293.1769820650126,299.32887283797123,285.6523843352328,b'2018-09-25/2018-10-01',1537833600
2484,25,7,87.46503643434775,0.0106264072811896,b'HadGEM3-GC31-LL',7,0.000999645590896,365.8691028263503,128.81733801368412,b'ssp245',8.101780824001127,291.65826820519607,296.75698490732725,285.62307692065684,b'2018-10-02/2018-10-08',1538438400
2484,25,7,86.31908798779584,0.0095500490636412,b'HadGEM3-GC31-LL',7,0.0004163899673739,349.24866940662685,143.24867035608756,b'ssp245',6.857541015116562,290.42226739133406,295.5578149225294,285.23978935320355,b'2018-10-09/2018-10-15',1539043200
2484,25,7,80.65522381272687,0.0082182321122768,b'HadGEM3-GC31-LL',7,0.0005332669961212,336.98704643418057,130.7905053319917,b'ssp245',7.6058871103491805,288.8606611878251,295.03345402983047,282.28813847807265,b'2018-10-16/2018-10-22',1539648000
2484,25,7,80.19406703786049,0.0079957410787123,b'HadGEM3-GC31-LL',7,0.0003425081591316,325.6705534180766,145.85576020073646,b'ssp245',6.750344451291923,288.6837947435337,294.65258442986874,283.1352693223462,b'2018-10-23/2018-10-29',1540252800
2484,25,7,81.78427921795178,0.0082073907274615,b'HadGEM3-GC31-LL',7,0.0002997650018121,324.7075982522192,122.89998322207376,b'ssp245',8.036286947477901,288.29956650207254,295.2095780520095,277.61848874436214,b'2018-10-30/2018-11-05',1540857600
2484,25,7,77.91088936852076,0.0060692002639497,b'HadGEM3-GC31-LL',7,0.0002301757024199,313.2310310554785,111.18279697266526,b'ssp245',8.38831056481082,284.2349091924519,291.8434924882712,276.8946474999497,b'2018-11-06/2018-11-12',1541462400
2484,25,7,85.61611958701761,0.0065848877892139,b'HadGEM3-GC31-LL',7,5.9323157830938485e-05,332.45095717327587,94.0849163971172,b'ssp245',7.456135843920252,285.1830376918608,290.01206514024244,278.0175682146525,b'2018-11-13/2018-11-19',1542067200
2484,25,7,70.36705962056088,0.0039109270954545,b'HadGEM3-GC31-LL',7,0.0002881597760121,299.69710946399084,82.30839550934063,b'ssp245',8.225833652648028,278.9780728279755,285.58090807727933,274.8892277983046,b'2018-11-20/2018-11-26',1542672000
2484,25,7,72.84327598313345,0.0043888898103103,b'HadGEM3-GC31-LL',7,0.0004214418502504,288.3240129361272,85.86033185978525,b'ssp245',8.864184080764366,279.5473593036276,291.9170909763612,270.35193547514297,b'2018-11-27/2018-12-03',1543276800
2484,25,7,70.41370176110247,0.0036119304095711,b'HadGEM3-GC31-LL',7,6.800657791517523e-05,263.26839245893115,90.45799420543553,b'ssp245',7.592667989772971,277.9004207156017,282.2453024952682,272.04796891359945,b'2018-12-04/2018-12-10',1543881600
2484,25,7,77.91605820466212,0.0039709339304778,b'HadGEM3-GC31-LL',7,0.0002825579471965,295.0229259597712,72.51437751814966,b'ssp245',8.04104454246993,277.5119427777882,284.81301895613524,271.53248501807144,b'2018-12-11/2018-12-17',1544486400
2484,25,7,78.98106777545104,0.0041193364699684,b'HadGEM3-GC31-LL',7,0.0002944366957382,286.57569278497937,79.52621925702327,b'ssp245',10.266015594240844,278.0509133205498,284.9641807005578,271.57462601809164,b'2018-12-18/2018-12-24',1545091200
2484,25,7,76.98035029213278,0.0040083167411315,b'HadGEM3-GC31-LL',7,0.0002059213360495,286.8613397769619,69.13515017626037,b'ssp245',7.3868158583437395,278.182072545362,284.84833172670346,267.8187913403069,b'2018-12-25/2018-12-31',1545696000
2484,25,7,74.13194798510277,0.0037401985273859,b'HadGEM3-GC31-LL',7,0.0001810595361643,284.9748817747226,80.68065801179463,b'ssp245',8.04668137321416,277.5490165339654,285.16060001333966,264.67044539304123,b'2019-01-01/2019-01-07',1546300800
2484,25,7,73.8348569912131,0.0031656911859833,b'HadGEM3-GC31-LL',7,0.0003282982433733,274.54419822861416,88.78866601868125,b'ssp245',6.635857684271677,275.1441509488405,285.9174839295063,268.5717723099227,b'2019-01-08/2019-01-14',1546905600
2484,25,7,71.69370331855517,0.0033879554190121,b'HadGEM3-GC31-LL',7,0.0007020445118916,282.78775479481044,85.5056102061658,b'ssp245',9.102382569320072,276.1651663014745,288.13716125488287,268.5065029183614,b'2019-01-15/2019-01-21',1547510400
2484,25,7,70.63149511761448,0.0033920690035296,b'HadGEM3-GC31-LL',7,0.0005143620001245,264.9317689201793,112.89677492683872,b'ssp245',8.462647689108646,276.20121675246946,288.156374272612,265.8121990715106,b'2019-01-22/2019-01-28',1548115200
2484,25,7,71.68211983300098,0.0028692036094753,b'HadGEM3-GC31-LL',7,0.0002669093952872,266.55301478614865,106.28717843000948,b'ssp245',9.369383427110092,274.05930776694385,283.08795008708523,262.7876088250544,b'2019-01-29/2019-02-04',1548720000
2484,25,7,74.66605782263059,0.0031382865992556,b'HadGEM3-GC31-LL',7,0.0003221541978294,264.5295874774018,115.80037359425876,b'ssp245',10.255886654088354,274.7604345172776,282.23151657261803,266.5524700990657,b'2019-02-05/2019-02-11',1549324800
2484,25,7,80.87901207273593,0.0031269977003128,b'HadGEM3-GC31-LL',7,0.0001911723292282,270.52790399925,122.96979951928748,b'ssp245',9.964278354209371,273.63368514992175,283.29803482527586,259.3133227161525,b'2019-02-12/2019-02-18',1549929600
2484,25,7,86.23431436372962,0.0037376357774649,b'HadGEM3-GC31-LL',7,0.0007616061491471,287.8527665060996,110.10197904359258,b'ssp245',9.109206942992287,274.53752421630503,285.78028539283986,260.5646220728294,b'2019-02-19/2019-02-25',1550534400
2484,25,7,80.41229059278352,0.0031623881526595,b'HadGEM3-GC31-LL',7,0.0005709747881773,267.42437737398893,141.3964444920311,b'ssp245',9.00517319052841,273.5602187099092,287.4251866291479,264.1617156353194,b'2019-02-26/2019-03-04',1551139200
2484,25,7,76.90756814363955,0.0037426614860588,b'HadGEM3-GC31-LL',7,0.0004990090014132,263.3990882345433,165.7275099606858,b'ssp245',9.98243898355206,275.6175868353191,288.5339037708401,264.03558821530686,b'2019-03-05/2019-03-11',1551744000
2484,25,7,75.8446388750259,0.0037127936058999,b'HadGEM3-GC31-LL',7,0.0002986622778689,266.5436098775737,174.61626271962768,b'ssp245',9.338883514432387,277.03465358638624,286.8698470912029,269.0712476907317,b'2019-03-12/2019-03-18',1552348800
2484,25,7,80.27903043047493,0.0030999907614067,b'HadGEM3-GC31-LL',7,0.0004499646932241,265.5256643168881,176.52831105947143,b'ssp245',9.153154818755365,273.6514433466107,279.6799412363584,267.45156183931016,b'2019-03-19/2019-03-25',1552953600
2484,25,7,75.17208337854039,0.003167925688331,b'HadGEM3-GC31-LL',7,0.0001158565360034,262.3510796346089,187.52792381432693,b'ssp245',7.709088829550372,274.8239572831212,283.7621920870752,264.2494848192353,b'2019-03-26/2019-04-01',1553558400
2484,25,7,82.14771766831142,0.0054640209699043,b'HadGEM3-GC31-LL',7,0.0002258058285762,281.4732337356141,212.97920366379927,b'ssp245',7.908600715544509,281.1363898882634,291.88952306373835,271.85472924930536,b'2019-04-02/2019-04-08',1554163200
2484,25,7,85.41177497380613,0.0060956122004598,b'HadGEM3-GC31-LL',7,0.0001944002198454,298.06828155292857,204.7872274452176,b'ssp245',6.856559427918673,282.6991861874295,290.8720830543754,275.164379316507,b'2019-04-09/2019-04-15',1554768000
2484,25,7,86.66844887375306,0.006730666734204,b'HadGEM3-GC31-LL',7,0.0001526356944025,314.13282662393067,192.6111801889052,b'ssp245',6.635126116700657,283.3893624756579,291.609940519038,274.00662608982367,b'2019-04-16/2019-04-22',1555372800
2484,25,7,89.60888016241464,0.0078337473125472,b'HadGEM3-GC31-LL',7,0.0002864945515064,320.56720440377194,215.6731930818404,b'ssp245',5.6974119697649455,285.61871355868584,292.10261582836665,278.55212874265067,b'2019-04-23/2019-04-29',1555977600
2484,25,7,76.96640023075604,0.006140626792073,b'HadGEM3-GC31-LL',7,0.0005724284108827,296.64878703638453,216.63570479335425,b'ssp245',6.981431317785879,283.5350458204132,291.6993395618557,274.4132240531371,b'2019-04-30/2019-05-06',1556582400
2484,25,7,78.3191206964372,0.0067740430361391,b'HadGEM3-GC31-LL',7,3.4235969071664135e-05,287.3412292884973,281.026213060247,b'ssp245',4.452899660031821,285.3327604583156,290.4822787255356,276.9352662391269,b'2019-05-07/2019-05-13',1557187200
2484,25,7,83.37419676183777,0.0086850902790529,b'HadGEM3-GC31-LL',7,9.199517239165186e-05,309.6603870869385,291.472904851405,b'ssp245',5.7044649022317255,288.2510194174496,295.19633059157536,281.4075103445152,b'2019-05-14/2019-05-20',1557792000
2484,25,7,89.28561859805033,0.010090186357339,b'HadGEM3-GC31-LL',7,0.0003926566452493,338.4304353829161,232.685562077608,b'ssp245',4.433466015227238,289.3780057567209,296.1097366490315,280.1830244555916,b'2019-05-21/2019-05-27',1558396800
2484,25,7,85.83379624694017,0.0102760244211639,b'HadGEM3-GC31-LL',7,0.0001500161002577,329.05283905164134,286.1901470403433,b'ssp245',4.6606062545340965,290.55145142320686,296.82467226638005,284.2091017260994,b'2019-05-28/2019-06-03',1559001600
2484,25,7,81.76148679505744,0.0105521411652812,b'HadGEM3-GC31-LL',7,0.000554894005445,328.22680949462534,302.2764226719628,b'ssp245',4.840411402164398,291.5287929079845,299.93437116170674,282.9510927495269,b'2019-06-04/2019-06-10',1559606400
2484,25,7,87.5801058897038,0.0129505034799471,b'HadGEM3-GC31-LL',7,0.0002438397319332,351.4401368490902,278.36502341493764,b'ssp245',4.123843778478906,294.08079241161323,300.4877821145599,287.66551932108774,b'2019-06-11/2019-06-17',1560211200
2484,25,7,92.54876820784784,0.0140950015769373,b'HadGEM3-GC31-LL',7,0.0006517048375253,367.60153751064297,243.6806875574396,b'ssp245',5.052450741338098,295.10166016523897,301.90937144485946,289.5137464385672,b'2019-06-18/2019-06-24',1560816000
2484,25,7,91.36638799788147,0.0154826599790471,b'HadGEM3-GC31-LL',7,0.0001043955113385,376.9473703915311,284.0998504031916,b'ssp245',4.9160703257362695,296.4053980247262,304.24241323569385,288.0094197066789,b'2019-06-25/2019-07-01',1561420800
2484,25,7,79.65251177084113,0.0134214801811208,b'HadGEM3-GC31-LL',7,0.0003692572698692,359.075940453778,293.5329240284894,b'ssp245',6.278995511458092,296.04119596635826,305.46325479094514,285.239887040915,b'2019-07-02/2019-07-08',1562025600
2484,25,7,93.04469370666416,0.0155487412364607,b'HadGEM3-GC31-LL',7,0.000552635512075,378.5683133289635,271.27654064105434,b'ssp245',5.114169932254461,295.926426141708,303.14845747800223,286.75667013581267,b'2019-07-09/2019-07-15',1562630400
2484,25,7,89.58322907617763,0.0167649022415993,b'HadGEM3-GC31-LL',7,0.0002178930997564,378.9693193393533,291.1397938566812,b'ssp245',5.5589786379958825,298.0813197499698,303.6892335242832,292.0445135057587,b'2019-07-16/2019-07-22',1563235200
2484,25,7,85.26352015229845,0.0161895484167023,b'HadGEM3-GC31-LL',7,0.0002941741370127,378.0630594290059,269.3318566728236,b'ssp245',5.246072597461527,298.4644592015487,304.2989829151901,290.40519981777544,b'2019-07-23/2019-07-29',1563840000
2484,25,7,85.6435573841932,0.0147443658196324,b'HadGEM3-GC31-LL',7,0.0004022145422533,375.0837209080737,240.39846982660984,b'ssp245',5.033028007607046,296.59468220189683,302.8098147677392,290.91811300061414,b'2019-07-30/2019-08-05',1564444800
2484,25,7,92.32736079085385,0.0178091120624994,b'HadGEM3-GC31-LL',7,0.0002152598854503,385.0860454800905,256.2750781906196,b'ssp245',3.917538675538571,299.1809090795504,303.7610770943239,293.8791558963737,b'2019-08-06/2019-08-12',1565049600
2484,25,7,79.34438254871847,0.0142427572619789,b'HadGEM3-GC31-LL',7,0.0001768615756502,367.2815883900526,253.3977933386464,b'ssp245',4.933998051202351,297.52750065259977,304.48260120509826,289.9836156786103,b'2019-08-13/2019-08-19',1565654400
2484,25,7,87.53569086381016,0.0157165833233151,b'HadGEM3-GC31-LL',7,0.0001338760182815,377.10882033515225,233.94441479330388,b'ssp245',3.423777467723448,298.1926634034282,302.70941964375606,292.3424172942172,b'2019-08-20/2019-08-26',1566259200
2484,25,7,82.18129690897834,0.0153114053356256,b'HadGEM3-GC31-LL',7,0.0003315623769397,377.732797636726,222.24187069472933,b'ssp245',5.256658096376682,297.87246108581814,304.55742857628263,289.00572361896945,b'2019-08-27/2019-09-02',1566864000
2484,25,7,70.91092043667375,0.0112119165738832,b'HadGEM3-GC31-LL',7,1.7888824314332412e-05,351.23108530395695,224.882913861956,b'ssp245',3.7366945645243854,295.5721702968952,301.30561073539184,288.5735698581971,b'2019-09-03/2019-09-09',1567468800
2484,25,7,85.70780768415538,0.0145810294336747,b'HadGEM3-GC31-LL',7,0.00036580318938,375.0714551563292,198.953736441476,b'ssp245',5.959792809914771,296.7247505468894,302.37609407090656,289.6715010810144,b'2019-09-10/2019-09-16',1568073600
2484,25,7,85.61786772962523,0.0117448362685048,b'HadGEM3-GC31-LL',7,0.0004929221754115,373.9037370639627,154.81402612610313,b'ssp245',6.856545372634293,292.9280903609758,300.637150872614,285.15853488568183,b'2019-09-17/2019-09-23',1568678400
2484,25,7,69.53826093322574,0.0089587251489792,b'HadGEM3-GC31-LL',7,0.0002902815949135,335.65489992301843,189.99210453173905,b'ssp245',4.223586005209472,292.0878441070422,298.8252697187601,286.286158610865,b'2019-09-24/2019-09-30',1569283200
2484,25,7,78.49114052571676,0.0085984382408757,b'HadGEM3-GC31-LL',7,0.0003902588999565,330.6210495242314,166.73709303079195,b'ssp245',5.986957259662724,289.6128053510664,298.0173388608952,279.94248050021145,b'2019-10-01/2019-10-07',1569888000
2484,25,7,76.9588513774619,0.0084610150822482,b'HadGEM3-GC31-LL',7,0.0003258239316563,322.40523411072405,160.56992237276464,b'ssp245',6.081379271396306,289.710504411071,296.3982794063608,280.5004590221287,b'2019-10-08/2019-10-14',1570492800
2484,25,7,75.90856242004305,0.0074192228561077,b'HadGEM3-GC31-LL',7,9.65853543960424e-05,302.3647919824794,168.88693218203113,b'ssp245',5.428964066575659,287.6916402780255,295.732481022471,279.53386585982804,b'2019-10-15/2019-10-21',1571097600
2484,25,7,88.95488650809332,0.0099512139124046,b'HadGEM3-GC31-LL',7,5.652678674243699e-06,340.89259309164737,148.59326521883307,b'ssp245',3.7008573761393646,290.62814951294126,295.5082364426446,283.4000926853456,b'2019-10-22/2019-10-28',1571702400
2484,25,7,79.65890795071452,0.0084208195620326,b'HadGEM3-GC31-LL',7,0.0004788787194809,331.0381018704624,131.92604075054007,b'ssp245',7.007043999670532,288.15440355168874,296.0651109833078,278.1044838502236,b'2019-10-29/2019-11-04',1572307200
2484,25,7,69.94409692901927,0.0056571432640323,b'HadGEM3-GC31-LL',7,0.0002134402850807,303.48798364743226,122.13576954208172,b'ssp245',8.730663034455942,284.42788815393016,293.19383570091014,277.8710643335716,b'2019-11-05/2019-11-11',1572912000
2484,25,7,76.37028309593146,0.0061536517799371,b'HadGEM3-GC31-LL',7,0.0005844074919469,314.76572963169644,101.79889226135344,b'ssp245',6.641890446637622,284.94676419737067,291.12992198196883,278.1693179730288,b'2019-11-12/2019-11-18',1573516800
2484,25,7,75.39983473540406,0.0051344116009217,b'HadGEM3-GC31-LL',7,0.0003656639663871,304.419998506032,92.643090378729,b'ssp245',9.640468739269409,281.7701135334807,291.0225749851502,274.8057425587448,b'2019-11-19/2019-11-25',1574121600
2484,25,7,67.98802214553676,0.0034719531814223,b'HadGEM3-GC31-LL',7,0.0001446525454298,291.9452705214758,79.15543026706432,b'ssp245',7.99509203065302,277.778017833412,282.4924305394753,272.46722758185007,b'2019-11-26/2019-12-02',1574726400
2484,25,7,73.51991350907113,0.0041739380126681,b'HadGEM3-GC31-LL',7,0.000333552869942,290.17143402324336,84.52981888176942,b'ssp245',7.946614965950092,278.9023379745821,289.4389371576998,271.6739714317715,b'2019-12-03/2019-12-09',1575331200
2484,25,7,75.34185097178936,0.004450966289784,b'HadGEM3-GC31-LL',7,0.0001642121930024,284.0853427667857,83.64429919674049,b'ssp245',5.529603671430664,280.3499291803419,285.639285844626,273.3350405348945,b'2019-12-10/2019-12-16',1575936000
2484,25,7,77.17574841776022,0.004238999050607,b'HadGEM3-GC31-LL',7,0.0003994046333248,299.3819100965633,74.83375642015235,b'ssp245',7.696974746959725,279.39138495061815,285.19647861756,271.0282067367711,b'2019-12-17/2019-12-23',1576540800
2484,25,7,72.84282149762926,0.0040231819857125,b'HadGEM3-GC31-LL',7,5.804999060724045e-06,281.27208864776657,88.6823083037656,b'ssp245',7.698223081358402,279.14259277703314,285.1348406604885,271.488487479613,b'2019-12-24/2019-12-30',1577145600
2484,25,7,61.88831769805594,0.0029274793101724,b'HadGEM3-GC31-LL',1,3.156157861704958e-06,256.2576930252547,92.52755812025563,b'ssp245',7.939230469084277,276.8365991336784,280.86935173113324,272.8038355247262,b'2019-12-31/2020-01-06',1577750400
1516,25,9,66.21057536128191,0.0025320616096099,b'HadGEM3-GC31-LL',5,9.058405957867772e-05,265.3489264743937,70.6632098742464,b'ssp245',7.418925275411516,274.7050284978343,278.74275814020297,270.9558506433143,b'2014-12-30/2015-01-05',1419897600
1516,25,9,77.90314366571427,0.0024773464927169,b'HadGEM3-GC31-LL',7,0.0005042661501281,252.0899630869332,80.07021310556142,b'ssp245',9.031092527375773,269.8405812191716,282.6381894662177,251.4733862169909,b'2015-01-06/2015-01-12',1420502400
1516,25,9,78.75766145414788,0.002145523356978,b'HadGEM3-GC31-LL',7,1.8258024196061787e-05,237.84294454704377,101.06057373088132,b'ssp245',5.14753835042246,267.6993435227478,278.3108749630323,249.59408119273863,b'2015-01-13/2015-01-19',1421107200
1516,25,9,78.23047471186125,0.0016603076987055,b'HadGEM3-GC31-LL',7,6.775036396197146e-05,236.2615343345721,95.75318830472062,b'ssp245',5.854114886982692,265.8727491670173,273.5490907013228,256.7311197274867,b'2015-01-20/2015-01-26',1421712000
1516,25,9,74.42480715269868,0.0017322358569745,b'HadGEM3-GC31-LL',7,1.979878286828831e-06,225.75344654717605,124.82553419652098,b'ssp245',5.251968394049979,267.06160703420966,277.4096481371377,257.4432004332919,b'2015-01-27/2015-02-02',1422316800
1516,25,9,68.06365396655214,0.0027998530483587,b'HadGEM3-GC31-LL',7,0.0002782608075159,249.83468580138523,122.27135565948142,b'ssp245',6.333424777692371,274.1550180814244,282.6656877295076,262.9499627242705,b'2015-02-03/2015-02-09',1422921600
1516,25,9,60.67850254139636,0.0024831681073967,b'HadGEM3-GC31-LL',7,0.0,235.81422834151388,147.49899006964333,b'ssp245',5.313392974654528,274.78839691698465,280.5969581965016,267.04049750006163,b'2015-02-10/2015-02-16',1423526400
1516,25,9,62.66955251122123,0.0026681815734579,b'HadGEM3-GC31-LL',7,4.313222528853026e-05,228.91169075538247,162.2209740699331,b'ssp245',6.281838525464374,274.2760362526273,283.8318399134494,262.9126236491399,b'2015-02-17/2015-02-23',1424131200
1516,25,9,64.65038364628727,0.0015959487892593,b'HadGEM3-GC31-LL',7,2.233776140294616e-06,208.1764487962349,180.01306430838994,b'ssp245',8.007137835804757,268.9993824969546,280.97001137718416,255.1849344295658,b'2015-02-24/2015-03-02',1424736000
1516,25,9,75.29484206892016,0.0029179171554965,b'HadGEM3-GC31-LL',7,0.0002944384840098,250.54791130488812,158.46769440329896,b'ssp245',7.003085095262462,272.7429236076392,283.51135465700173,256.8644629156552,b'2015-03-03/2015-03-09',1425340800
1516,25,9,85.1953426135881,0.0031819280060473,b'HadGEM3-GC31-LL',7,0.0005872794446858,265.9968947195265,134.9883018105134,b'ssp245',7.735027774006679,272.29502646543784,278.9077520039555,263.36153934129777,b'2015-03-10/2015-03-16',1425945600
1516,25,9,79.25130169452873,0.003951417810106,b'HadGEM3-GC31-LL',7,8.927074908752285e-05,262.5306460847721,199.46936812880017,b'ssp245',4.619876955639623,277.4318835760033,282.5540138028021,270.82578641007,b'2015-03-17/2015-03-23',1426550400
1516,25,9,79.41741557076149,0.0047643650163664,b'HadGEM3-GC31-LL',7,0.0004123734890055,274.9970092188941,178.53285588784064,b'ssp245',6.1778371487183845,278.46170469596075,292.83687059661185,264.1732977737764,b'2015-03-24/2015-03-30',1427155200
1516,25,9,84.37105839829448,0.0054915438743191,b'HadGEM3-GC31-LL',7,0.0002853527820343,292.613985464776,191.6545533949107,b'ssp245',4.502230530174104,280.8793916775332,290.52666620200364,271.8887723808409,b'2015-03-31/2015-04-06',1427760000
1516,25,9,86.28019311912644,0.0055086551308203,b'HadGEM3-GC31-LL',7,0.0009145039319014,296.3559909389061,166.19735072764686,b'ssp245',9.374749588934137,281.01210746060303,290.892115692235,274.2146228104359,b'2015-04-07/2015-04-13',1428364800
1516,25,9,80.51956727215705,0.0051439371159985,b'HadGEM3-GC31-LL',7,0.0002520085892298,265.9130445964275,241.18995347437743,b'ssp245',5.12627642586619,280.9692239370256,290.81855287762465,272.9738299252483,b'2015-04-14/2015-04-20',1428969600
1516,25,9,92.73201252136644,0.0082062595433027,b'HadGEM3-GC31-LL',7,0.0003306761623644,320.98977664571026,217.0554242230794,b'ssp245',3.620747360682477,286.1025969551296,293.52661243522954,280.1749850011398,b'2015-04-21/2015-04-27',1429574400
1516,25,9,85.09913418302668,0.0077132755330603,b'HadGEM3-GC31-LL',7,3.3442683992723554e-05,295.117046773944,266.3107605289908,b'ssp245',2.567633236996383,286.4086752053906,293.32968207037413,279.15653924310243,b'2015-04-28/2015-05-04',1430179200
1516,25,9,76.5292626493092,0.0070917445850659,b'HadGEM3-GC31-LL',7,0.0001607494775916,295.8619554957166,276.0843852706297,b'ssp245',4.443441870971109,285.9835253144342,297.38290501543395,276.1809448819807,b'2015-05-05/2015-05-11',1430784000
1516,25,9,79.70543850644744,0.0079241992772269,b'HadGEM3-GC31-LL',7,8.828177125279689e-05,305.007048756005,277.0648658515205,b'ssp245',5.379746510349667,287.2467560048252,296.0859483303708,275.7630458795685,b'2015-05-12/2015-05-18',1431388800
1516,25,9,86.71038385832185,0.0104118366935594,b'HadGEM3-GC31-LL',7,0.0001111082791314,329.05216803943966,284.1772410292623,b'ssp245',4.110351684664004,290.6717570142845,298.7426669725484,278.70317982574363,b'2015-05-19/2015-05-25',1431993600
1516,25,9,84.01043050318164,0.0108864932243786,b'HadGEM3-GC31-LL',7,0.0003429660708329,325.60056946846,315.0068616553329,b'ssp245',5.098029898866548,291.91351693124585,300.6339971500241,279.3091092275144,b'2015-05-26/2015-06-01',1432598400
1516,25,9,87.51191733946075,0.012093410392826,b'HadGEM3-GC31-LL',7,0.0001697873144339,349.78665137752967,271.6717715510488,b'ssp245',3.9162554851036018,293.2761081594129,302.479725834699,285.5598012641401,b'2015-06-02/2015-06-08',1433203200
1516,25,9,88.97113049143118,0.0132735975583198,b'HadGEM3-GC31-LL',7,0.0004612245873453,361.5057167166684,271.63768362601417,b'ssp245',4.291111231279996,294.41743311080484,302.7644960421493,285.5352109313388,b'2015-06-09/2015-06-15',1433808000
1516,25,9,78.75323167090053,0.0121369805766597,b'HadGEM3-GC31-LL',7,0.0002838962837477,338.63086953835744,323.8160921554944,b'ssp245',3.7173519685709993,294.20824984893864,302.43532641678576,285.26278850182376,b'2015-06-16/2015-06-22',1434412800
1516,25,9,79.1415504723747,0.012468698669146,b'HadGEM3-GC31-LL',7,0.0002671562316333,343.38053844532703,293.269982945226,b'ssp245',4.541318869633737,294.59844657138103,301.36446695899366,286.3731568634322,b'2015-06-23/2015-06-29',1435017600
1516,25,9,85.29814590275315,0.0150943161492034,b'HadGEM3-GC31-LL',7,4.588885657969157e-05,362.2497729885519,321.45849070263205,b'ssp245',3.868057018521134,297.04162696676786,305.1752386243561,285.3388850455781,b'2015-06-30/2015-07-06',1435622400
1516,25,9,85.30518998106947,0.015303853408187,b'HadGEM3-GC31-LL',7,0.0002835444670266,373.9542786854782,287.30233075286736,b'ssp245',5.496588985411742,297.8486460908784,305.2819975362591,287.7211576154931,b'2015-07-07/2015-07-13',1436227200
1516,25,9,87.94708570675466,0.017330694053055,b'HadGEM3-GC31-LL',7,0.0003844746820777,384.4987431406276,282.66972425339617,b'ssp245',4.422427707827269,299.3608607137026,308.77101193015886,289.5006842868937,b'2015-07-14/2015-07-20',1436832000
1516,25,9,83.07766432072354,0.014800337211654,b'HadGEM3-GC31-LL',7,0.000254337431739,366.0454571359917,279.3582556382016,b'ssp245',3.656338509432417,297.29248338435457,303.1134089521053,289.7147414150297,b'2015-07-21/2015-07-27',1437436800
1516,25,9,82.90694808959961,0.015282995625323,b'HadGEM3-GC31-LL',7,0.0001976774627419,372.44271041918256,263.2245515373818,b'ssp245',4.062686514430026,297.9676538151951,304.97672197119294,289.0047370597767,b'2015-07-28/2015-08-03',1438041600
1516,25,9,90.73924989085737,0.016624690631783,b'HadGEM3-GC31-LL',7,0.0004168330677588,384.5321311452143,245.34071963818664,b'ssp245',4.404230508625964,298.6800281237567,305.14017946261333,291.80990653534417,b'2015-08-04/2015-08-10',1438646400
1516,25,9,85.38265920211839,0.0156102243283323,b'HadGEM3-GC31-LL',7,0.0001607023928346,372.8031906671167,252.3658639839932,b'ssp245',3.551804902076506,297.9894605570411,304.29886600723023,287.6715759373614,b'2015-08-11/2015-08-17',1439251200
1516,25,9,89.85032840331645,0.0171588974288836,b'HadGEM3-GC31-LL',7,0.0001909249850557,390.25771153343857,224.2958187019036,b'ssp245',3.086138306517169,299.5203082104855,306.58619733262884,291.8888137287898,b'2015-08-18/2015-08-24',1439856000
1516,25,9,81.9869267385035,0.0151668164995341,b'HadGEM3-GC31-LL',7,0.0001341895579919,373.6210080834862,228.67790508227284,b'ssp245',4.149056486365708,298.24017551967074,306.40157744109814,288.04076291634834,b'2015-08-25/2015-08-31',1440460800
1516,25,9,78.28071061143363,0.0119706449785519,b'HadGEM3-GC31-LL',7,0.0006316352811442,350.4110089130582,223.75588993211755,b'ssp245',4.991781688424154,294.2019860575789,303.53918461844745,281.8461941499439,b'2015-09-01/2015-09-07',1441065600
1516,25,9,75.66250063331881,0.0117390885753552,b'HadGEM3-GC31-LL',7,5.77805986546883e-05,348.6863988229099,228.4686564565403,b'ssp245',3.8888002602352434,294.67484358056487,306.38608659329094,283.10696646994217,b'2015-09-08/2015-09-14',1441670400
1516,25,9,85.00660616172868,0.0131676561778738,b'HadGEM3-GC31-LL',7,4.941421673480901e-06,353.4034550629419,216.8318258821024,b'ssp245',2.010991111538764,295.43222496991973,302.8137710041804,287.5006472710931,b'2015-09-15/2015-09-21',1442275200
1516,25,9,74.64894153514172,0.0093295409766148,b'HadGEM3-GC31-LL',7,9.577762910494444e-05,332.74281456815385,203.28587095132548,b'ssp245',4.595232261683072,291.3946419191984,303.0567473402535,282.225979152162,b'2015-09-22/2015-09-28',1442880000
1516,25,9,76.29419902768849,0.0083195299269826,b'HadGEM3-GC31-LL',7,0.0001046490986529,325.8930006882477,170.51012074770074,b'ssp245',5.118106560000109,288.6508435339152,299.36083358620243,277.155661742394,b'2015-09-29/2015-10-05',1443484800
1516,25,9,76.25221042882326,0.0084579346371825,b'HadGEM3-GC31-LL',7,1.875101573693488e-05,319.2434722501558,179.97137850692215,b'ssp245',3.672702317895412,289.38972673936166,298.1034861182565,278.75169685435964,b'2015-10-06/2015-10-12',1444089600
1516,25,9,79.77185004269984,0.0083293097021092,b'HadGEM3-GC31-LL',7,0.000107638978498,323.5389498160088,144.48240324676223,b'ssp245',5.1766522727392985,288.9502149309431,297.09419958072505,279.81951923550866,b'2015-10-13/2015-10-19',1444694400
1516,25,9,76.42928039151947,0.0068219958877156,b'HadGEM3-GC31-LL',7,8.855045883364447e-05,307.2933748648369,148.61479133547505,b'ssp245',5.126487313438611,286.19325679247845,294.75094801845614,277.7940782613183,b'2015-10-20/2015-10-26',1445299200
1516,25,9,72.18193213732299,0.0056265747359709,b'HadGEM3-GC31-LL',7,3.913551904086443e-05,292.7475050401451,128.3455079720331,b'ssp245',5.42469229865794,283.84398735359264,293.0499458674,273.73871802682004,b'2015-10-27/2015-11-02',1445904000
1516,25,9,67.27609248975742,0.0039812293761535,b'HadGEM3-GC31-LL',7,4.010724677438173e-05,276.205866476285,122.0497700578192,b'ssp245',4.611524398931785,280.00678162748824,289.13275858882093,271.4038358862844,b'2015-11-03/2015-11-09',1446508800
1516,25,9,79.52851733413566,0.0049506359679708,b'HadGEM3-GC31-LL',7,0.0001271961588996,296.22035746082304,95.95564800879608,b'ssp245',5.261457383068579,280.3814678149161,288.2596862504158,271.46937628424126,b'2015-11-10/2015-11-16',1447113600
1516,25,9,67.32794480841672,0.0034634656183483,b'HadGEM3-GC31-LL',7,0.0001625503753397,274.0685874591705,94.59002884447492,b'ssp245',4.67376533256774,277.63440866285526,287.0942210489267,270.54621247011784,b'2015-11-17/2015-11-23',1447718400
1516,25,9,79.6440282291311,0.0054784672670133,b'HadGEM3-GC31-LL',7,0.0002845076783424,308.68780569838964,83.91698344326491,b'ssp245',5.892783485081025,281.1186000072725,290.7633945212379,271.4329224595512,b'2015-11-24/2015-11-30',1448323200
1516,25,9,80.59365919335782,0.0038639657128977,b'HadGEM3-GC31-LL',7,0.0001479945032141,270.8551974784366,80.4767973471354,b'ssp245',6.406148067837956,275.8054003034319,286.4759396814773,267.0670402358383,b'2015-12-01/2015-12-07',1448928000
1516,25,9,81.79434346271668,0.0041034851662764,b'HadGEM3-GC31-LL',7,0.0005741883145133,279.9930380966922,67.97157489936488,b'ssp245',6.340518172499616,277.23730722490114,283.7040253166897,270.8811890514867,b'2015-12-08/2015-12-14',1449532800
1516,25,9,80.0138252811853,0.0051686056675964,b'HadGEM3-GC31-LL',7,0.0001307370602619,293.46175834927374,68.54412073442236,b'ssp245',7.3575173976884445,280.5231405965591,290.68255441948435,273.8128893157285,b'2015-12-15/2015-12-21',1450137600
1516,25,9,65.43232619434716,0.0024884595191433,b'HadGEM3-GC31-LL',7,9.004649533461206e-05,236.1277313748153,89.33068909028351,b'ssp245',7.548672612801818,273.61748161161194,287.9541900827306,264.9719584853116,b'2015-12-22/2015-12-28',1450742400
1516,25,9,68.29514871625655,0.0031552144016003,b'HadGEM3-GC31-LL',7,0.000503260458027,252.31177085474192,85.92594352075784,b'ssp245',5.504114568099184,275.80762687638406,286.9274482606713,268.2959117708898,b'2015-12-29/2016-01-04',1451347200
1516,25,9,82.03416801992435,0.0027995433118726,b'HadGEM3-GC31-LL',7,0.0002672061862465,261.87666757110003,77.00849970421743,b'ssp245',5.660860461284041,271.13762312378094,280.73403179758355,259.73943730784515,b'2016-01-05/2016-01-11',1451952000
1516,25,9,79.36367557176655,0.0022964260125579,b'HadGEM3-GC31-LL',7,0.0003885661426293,248.18189620455945,83.18955261914674,b'ssp245',8.769865185573005,268.617140355224,284.82924765216814,252.0316626611944,b'2016-01-12/2016-01-18',1452556800
1516,25,9,76.63273045908174,0.0044957702314634,b'HadGEM3-GC31-LL',7,0.0008566912575639,285.74909420279886,87.33913599386467,b'ssp245',7.110526268307074,279.53422071225685,286.8628537150964,274.4330995000124,b'2016-01-19/2016-01-25',1453161600
1516,25,9,65.77484223089438,0.0033872620232084,b'HadGEM3-GC31-LL',7,0.0004697160989672,273.0882128027443,95.41243363716087,b'ssp245',9.32008833421034,277.0229068255844,287.4041843354138,269.6634756864433,b'2016-01-26/2016-02-01',1453766400
1516,25,9,62.44943796444068,0.0017887679731854,b'HadGEM3-GC31-LL',7,0.0,216.1377348038139,136.30013974478996,b'ssp245',6.665240031526452,269.99950071646856,281.286598037094,258.324745442965,b'2016-02-02/2016-02-08',1454371200
1516,25,9,77.62157491758741,0.0030156216062558,b'HadGEM3-GC31-LL',7,0.0003012761114611,256.41001640068833,122.51787874428952,b'ssp245',6.906805521413624,272.744499498791,283.3678134472964,260.38874431814685,b'2016-02-09/2016-02-15',1454976000
1516,25,9,75.61311741399571,0.0024155947249816,b'HadGEM3-GC31-LL',7,0.0001981840176818,245.4780745229081,137.0040485559148,b'ssp245',6.9174627928972345,269.9278652402612,280.15176670784456,259.76398913266155,b'2016-02-16/2016-02-22',1455580800
1516,25,9,80.27209743415519,0.0019383228244353,b'HadGEM3-GC31-LL',7,3.524631554070309e-05,226.5209616909912,162.19238479978708,b'ssp245',9.485960991009769,266.0118233473143,280.3185382927253,253.24530460104964,b'2016-02-23/2016-02-29',1456185600
1516,25,9,80.73887643216698,0.0028680492400364,b'HadGEM3-GC31-LL',7,0.0003533896209857,257.7584501853554,145.54368786083356,b'ssp245',6.044948877972383,271.49339539922,281.90677890717416,257.3095714196046,b'2016-03-01/2016-03-07',1456790400
1516,25,9,79.68885520601552,0.0044246627252994,b'HadGEM3-GC31-LL',7,0.000381370162915,281.3507526186255,156.09401667123444,b'ssp245',5.845947668218247,278.0660522791006,286.1957502876547,266.37791524700566,b'2016-03-08/2016-03-14',1457395200
1516,25,9,77.05256969491442,0.0047530481996204,b'HadGEM3-GC31-LL',7,0.0001449183952886,272.3135711958732,193.09584800785532,b'ssp245',7.255706101723113,280.2963273270595,289.0738053667808,272.1653760555039,b'2016-03-15/2016-03-21',1458000000
1516,25,9,82.67582478207369,0.0049967258590377,b'HadGEM3-GC31-LL',7,0.0002909275813453,275.5258090417629,182.67359093128425,b'ssp245',4.501543201482634,280.08639377836386,287.792128313227,269.09083008390115,b'2016-03-22/2016-03-28',1458604800
1516,25,9,81.24422095884552,0.0045873855126587,b'HadGEM3-GC31-LL',7,0.0003979425411756,273.47162890509475,205.5380995837672,b'ssp245',6.4435437368132495,278.37766090864096,288.72386111671614,265.66882617842134,b'2016-03-29/2016-04-04',1459209600
1516,25,9,76.81058193101921,0.0051085623714622,b'HadGEM3-GC31-LL',7,6.79596928995047e-06,251.09039986031505,252.6064515391036,b'ssp245',4.6737203133863705,281.6563944943373,291.4197616336473,273.75266451188816,b'2016-04-05/2016-04-11',1459814400
1516,25,9,86.77172049427419,0.0075851784219084,b'HadGEM3-GC31-LL',7,0.0004767097988421,306.9146078830907,214.51243998049185,b'ssp245',7.110529221409664,284.928652570397,295.8248136983685,271.0440191034263,b'2016-04-12/2016-04-18',1460419200
1516,25,9,88.1645763804645,0.0080739688344379,b'HadGEM3-GC31-LL',7,0.000205111569721,316.3345256116058,220.28872869421951,b'ssp245',4.591321403188391,286.2547484540144,296.62744472756367,274.4052946650268,b'2016-04-19/2016-04-25',1461024000
1516,25,9,88.84522145371439,0.0086524966302981,b'HadGEM3-GC31-LL',7,0.0001289994414622,320.06152425579467,228.0746776861025,b'ssp245',3.269464575100073,287.74238510785096,294.29777550922955,281.443775694453,b'2016-04-26/2016-05-02',1461628800
1516,25,9,84.1311262198642,0.0090367757071458,b'HadGEM3-GC31-LL',7,0.0004670483151061,315.5586727257514,247.4395898558525,b'ssp245',5.38447131977365,289.0841434817424,298.1391107697592,280.16029945156924,b'2016-05-03/2016-05-09',1462233600
1516,25,9,79.52097547994425,0.008142412425161,b'HadGEM3-GC31-LL',7,9.766760506738842e-05,303.6362631180201,280.05978689928645,b'ssp245',5.053025379595643,288.44956387781565,298.93249011114943,279.89516504329833,b'2016-05-10/2016-05-16',1462838400
1516,25,9,84.57671089825624,0.0099261794796438,b'HadGEM3-GC31-LL',7,0.0003395656164004,329.71914481686923,256.23669936948124,b'ssp245',5.130622237799886,290.38457091900074,300.37138203040274,279.2457058783209,b'2016-05-17/2016-05-23',1463443200
1516,25,9,80.8996019109835,0.0095200963924189,b'HadGEM3-GC31-LL',7,0.0001537942073577,316.69940484671406,304.50882978469417,b'ssp245',4.416006830266168,290.0985982584599,298.8931296556154,278.7767213646921,b'2016-05-24/2016-05-30',1464048000
1516,25,9,80.41533480898224,0.010930429439284,b'HadGEM3-GC31-LL',7,0.0002559310084739,320.94064373000884,329.2360956777372,b'ssp245',4.048475392985419,292.04781590135525,302.0268813653699,281.86377963959603,b'2016-05-31/2016-06-06',1464652800
1516,25,9,90.3414327648106,0.0124366458823526,b'HadGEM3-GC31-LL',7,0.0004135943447606,358.775060329635,253.3312359879069,b'ssp245',4.354678239678412,292.96149550820854,304.4929946273659,281.0286181236291,b'2016-06-07/2016-06-13',1465257600
1516,25,9,86.1397974582447,0.0139227506310945,b'HadGEM3-GC31-LL',7,9.241210842075346e-05,356.0220504905147,298.571944468405,b'ssp245',2.85699255561012,295.59877649541903,304.8416410620656,287.32845361751714,b'2016-06-14/2016-06-20',1465862400
1516,25,9,80.79145147522165,0.0129864640192284,b'HadGEM3-GC31-LL',7,0.0004565041929374,349.7562859334512,303.74121538998577,b'ssp245',4.77879525160349,294.83638595986764,302.6819981716408,287.3380223704437,b'2016-06-21/2016-06-27',1466467200
1516,25,9,79.01930390160703,0.0146755155219153,b'HadGEM3-GC31-LL',7,3.567169135382399e-05,360.31859862648616,323.4799744106188,b'ssp245',3.924457671783055,298.1032918867307,305.5850031518786,287.81176401613635,b'2016-06-28/2016-07-04',1467072000
1516,25,9,82.05158653276467,0.0149699890419064,b'HadGEM3-GC31-LL',7,0.0001767319182483,366.898683174068,301.62394706103754,b'ssp245',3.836963666968111,297.77216528556863,305.9164450371679,286.2350038835302,b'2016-07-05/2016-07-11',1467676800
1516,25,9,73.823531552659,0.0125539614923915,b'HadGEM3-GC31-LL',7,0.0001397481798308,347.2406113200383,309.990095973176,b'ssp245',4.619402871200661,295.15956438914674,303.1962244653552,284.7181770493179,b'2016-07-12/2016-07-18',1468281600
1516,25,9,83.25727777880772,0.0144275168054318,b'HadGEM3-GC31-LL',7,0.0002385027272579,365.16640637102506,274.2262618832891,b'ssp245',3.624880010048083,296.3832030122266,303.7301492299944,287.1133380011429,b'2016-07-19/2016-07-25',1468886400
1516,25,9,80.79653589593337,0.0143433000488225,b'HadGEM3-GC31-LL',7,0.0001708002196857,363.50413795804695,284.3421944768217,b'ssp245',4.062649923624784,296.42468943860194,305.889920929629,288.3162052864532,b'2016-07-26/2016-08-01',1469491200
1516,25,9,78.66859237822179,0.0135668897858613,b'HadGEM3-GC31-LL',7,0.0001629218979406,354.9032844450625,291.3383490556852,b'ssp245',3.646805483406328,295.97378616367394,305.3888940179385,284.2855149037455,b'2016-08-02/2016-08-08',1470096000
1516,25,9,84.12421353113656,0.0150211924653871,b'HadGEM3-GC31-LL',7,0.0004728230281872,372.7969617254834,239.6797188427492,b'ssp245',3.388571689235245,297.5415656221724,304.0989788067454,286.3299457538015,b'2016-08-09/2016-08-15',1470700800
1516,25,9,77.35506038313353,0.0128960108861692,b'HadGEM3-GC31-LL',7,9.620877240295531e-05,364.5995135038702,240.13320187073987,b'ssp245',4.229741124620089,295.8570594873553,306.2631054706754,287.44562061201515,b'2016-08-16/2016-08-22',1471305600
1516,25,9,70.41421661445717,0.0098142660736664,b'HadGEM3-GC31-LL',7,0.0001041099202905,333.76767295778944,248.93218311655352,b'ssp245',3.806143819533688,292.47229780942376,301.4457897102043,282.578602932229,b'2016-08-23/2016-08-29',1471910400
1516,25,9,75.12357264996218,0.0098020025420263,b'HadGEM3-GC31-LL',7,0.000120209971541,347.89211195833565,194.57793585702933,b'ssp245',3.89981186594067,292.06131099719835,299.6699231265096,285.1798767186114,b'2016-08-30/2016-09-05',1472515200
1516,25,9,81.83559511759734,0.0121800535897387,b'HadGEM3-GC31-LL',7,0.0001564199895457,358.1308687131864,214.8083805464151,b'ssp245',4.105014871401312,294.21704586350523,301.6217174349523,283.67614495791844,b'2016-09-06/2016-09-12',1473120000
1516,25,9,80.09575593423176,0.0108422068491831,b'HadGEM3-GC31-LL',7,0.0004971523835415,348.35029753332145,201.5683354725436,b'ssp245',3.948897497618504,292.45036727128235,300.0191915614371,281.001446889402,b'2016-09-13/2016-09-19',1473724800
1516,25,9,82.1151935324684,0.0097503660191328,b'HadGEM3-GC31-LL',7,0.0003425172379135,344.8251971141236,179.77773289725607,b'ssp245',5.312854594881334,290.60701442613635,299.27395538426345,282.473342414158,b'2016-09-20/2016-09-26',1474329600
1516,25,9,75.82027990230303,0.0084627011132775,b'HadGEM3-GC31-LL',7,0.0001118985619955,329.73600265000954,180.88144695184,b'ssp245',4.081705225002878,290.1719605908731,296.266365027202,283.07208328969097,b'2016-09-27/2016-10-03',1474934400
1516,25,9,85.53589486581562,0.0104273671366998,b'HadGEM3-GC31-LL',7,5.7416560447669976e-05,335.6300429919648,178.4228113027455,b'ssp245',3.078659891759881,291.37374506602686,298.8750163658936,282.7070752453728,b'2016-10-04/2016-10-10',1475539200
1516,25,9,84.76299312534822,0.0099132629777688,b'HadGEM3-GC31-LL',7,0.0001819366207172,343.518985296166,148.67014752491576,b'ssp245',3.872730515249252,290.8442320993431,297.62456765159817,280.809791155794,b'2016-10-11/2016-10-17',1476144000
1516,25,9,72.92694723224682,0.0066703035911261,b'HadGEM3-GC31-LL',7,7.658741277377067e-05,307.31076925173704,148.42759970019884,b'ssp245',6.579403850612151,286.743000974307,296.05416663136765,279.70692564185106,b'2016-10-18/2016-10-24',1476748800
1516,25,9,75.76291111365478,0.005854711487932,b'HadGEM3-GC31-LL',7,9.757739558017562e-05,299.97534776561264,129.484565585301,b'ssp245',5.845672956454211,283.97360864186294,291.3322143554687,276.51131282770297,b'2016-10-25/2016-10-31',1477353600
1516,25,9,75.94934298982487,0.0056027177035675,b'HadGEM3-GC31-LL',7,0.000347692202001,309.6832427978516,111.3521575274474,b'ssp245',6.671799894709369,283.36795252988657,292.92839570150767,277.1491224126485,b'2016-11-01/2016-11-07',1477958400
1516,25,9,79.83020617952214,0.0060634274553396,b'HadGEM3-GC31-LL',7,0.0001844685460416,300.6435694511864,108.79857760648996,b'ssp245',4.477249827724472,283.61578397333966,291.9861745744097,276.6031502323572,b'2016-11-08/2016-11-14',1478563200
1516,25,9,79.02040577149702,0.0050360735304046,b'HadGEM3-GC31-LL',7,0.0007142924205416,305.3001766883881,80.54660299265905,b'ssp245',7.482953308723487,281.04544708265706,290.1620442002353,273.68946573636504,b'2016-11-15/2016-11-21',1479168000
1516,25,9,79.74777667959727,0.0041819315400761,b'HadGEM3-GC31-LL',7,0.0007665235591474,291.0684598052002,81.67689679108422,b'ssp245',6.589397714448545,277.3485490232505,286.8048666102653,267.89617756262936,b'2016-11-22/2016-11-28',1479772800
1516,25,9,80.35613208958135,0.0039880506681935,b'HadGEM3-GC31-LL',7,1.016864968418467e-05,278.5686572720844,85.82809157885104,b'ssp245',4.531168928550352,276.7399528747531,287.0114307584071,266.43051123393445,b'2016-11-29/2016-12-05',1480377600
1516,25,9,73.64730260005777,0.0038782002407689,b'HadGEM3-GC31-LL',7,8.191926259606569e-05,268.5950273029865,83.69336779776215,b'ssp245',6.728482517534249,277.79285978615525,288.0675881081951,267.6936147792106,b'2016-12-06/2016-12-12',1480982400
1516,25,9,67.05910715771022,0.0023738060933986,b'HadGEM3-GC31-LL',7,4.5901855309287954e-05,239.6841485537941,82.54985857976885,b'ssp245',7.001799742667296,272.907676060708,278.5301933890261,266.7376498153157,b'2016-12-13/2016-12-19',1481587200
1516,25,9,73.70197392584451,0.0028887712433404,b'HadGEM3-GC31-LL',7,0.0001141402917925,246.8351679076048,81.24664816097827,b'ssp245',5.767867278171693,274.0970518190402,280.7742708609307,269.25599511564724,b'2016-12-20/2016-12-26',1482192000
1516,25,9,76.22086803716493,0.0024953011243977,b'HadGEM3-GC31-LL',7,0.0002461948592898,248.9997203185677,80.32743277685123,b'ssp245',9.790731146293698,270.8140316894861,280.96429862133715,264.92934574163297,b'2016-12-27/2017-01-02',1482796800
1516,25,9,77.1258084442015,0.0028862635852504,b'HadGEM3-GC31-LL',7,0.0005086519918694,258.144639959417,81.52452088863583,b'ssp245',7.253500339199477,271.8013497310052,284.39840929290096,261.72785704218626,b'2017-01-03/2017-01-09',1483401600
1516,25,9,72.33951849849335,0.0028904280635775,b'HadGEM3-GC31-LL',7,0.0001110812927046,262.0969117462447,86.91048223298644,b'ssp245',6.222059129540476,273.60780475439384,281.7971535571366,265.17073627074814,b'2017-01-10/2017-01-16',1484006400
1516,25,9,76.07488599882946,0.0014323002987516,b'HadGEM3-GC31-LL',7,5.152014479549521e-05,217.347251668606,104.68611522105536,b'ssp245',7.245594457819311,264.2324023940854,277.1576708965121,255.24681834994053,b'2017-01-17/2017-01-23',1484611200
1516,25,9,75.37533304249719,0.0028688732914793,b'HadGEM3-GC31-LL',7,0.0004203043733252,260.2387557199486,97.90807497678657,b'ssp245',6.553452014493319,272.7563307883773,282.4558436156072,261.9698487772174,b'2017-01-24/2017-01-30',1485216000
1516,25,9,65.9571708079231,0.0020691582633451,b'HadGEM3-GC31-LL',7,0.0001407981000669,233.1870336270429,120.49891147553356,b'ssp245',6.03295825198192,270.9695752329953,278.0934155100152,262.92799478524864,b'2017-01-31/2017-02-06',1485820800
1516,25,9,83.23153558793827,0.0014678917642598,b'HadGEM3-GC31-LL',7,0.0003115174741384,221.78173534501613,130.2467113321243,b'ssp245',11.301870041357711,263.44963392108986,279.9504178886534,253.3669265121316,b'2017-02-07/2017-02-13',1486425600
1516,25,9,71.1229155094788,0.0020962422322525,b'HadGEM3-GC31-LL',7,3.26254582024076e-06,242.83416022583944,139.06671890045618,b'ssp245',7.165556194117178,270.2262095743173,277.61266647001924,263.58036833080206,b'2017-02-14/2017-02-20',1487030400
1516,25,9,72.66939549663142,0.0032480568671199,b'HadGEM3-GC31-LL',7,0.0003520143521484,261.57330370400604,143.2327016028481,b'ssp245',7.4997576420884124,274.8231027060771,282.5872856164204,266.4458591689823,b'2017-02-21/2017-02-27',1487635200
1516,25,9,76.79736008027375,0.0032935616175831,b'HadGEM3-GC31-LL',7,0.0002567201711016,248.641261726094,161.19999952002544,b'ssp245',6.217586766228368,274.36665564283913,281.37023800630294,266.2629799827792,b'2017-02-28/2017-03-06',1488240000
1516,25,9,77.50480805715497,0.0019965520011457,b'HadGEM3-GC31-LL',7,0.0004503981873797,238.3295793262566,155.8577103634147,b'ssp245',8.557964660821598,268.8406471847252,276.6968265858358,256.90239443613524,b'2017-03-07/2017-03-13',1488844800
1516,25,9,84.70912672389247,0.0037171326265718,b'HadGEM3-GC31-LL',7,0.0007385318304313,265.2374379938924,164.71577010943363,b'ssp245',8.117938409038576,275.0394125857188,280.77201949158683,268.48799460618653,b'2017-03-14/2017-03-20',1489449600
1516,25,9,79.37213599268195,0.0028392930029093,b'HadGEM3-GC31-LL',7,9.73342353908823e-05,250.08543566187632,192.1724924136519,b'ssp245',6.314354561427093,272.12002016800704,279.98938084551213,262.9248727022285,b'2017-03-21/2017-03-27',1490054400
1516,25,9,86.00490486347873,0.0044302226868115,b'HadGEM3-GC31-LL',7,0.0003804843099218,284.48005078020475,178.60993889099092,b'ssp245',6.923026910178455,277.3640275485024,282.9389398135598,272.19519331778633,b'2017-03-28/2017-04-03',1490659200
1516,25,9,76.20879727604691,0.0035252767753417,b'HadGEM3-GC31-LL',7,0.000205378340421,264.3723206281555,194.12042420100605,b'ssp245',5.700048106701968,275.40736391910724,281.6739834084496,267.7253729883429,b'2017-04-04/2017-04-10',1491264000
1516,25,9,90.09715922365535,0.0063871415467313,b'HadGEM3-GC31-LL',7,0.0002417066512282,302.5626232943163,206.6645645959896,b'ssp245',3.4981670876030657,282.0548180008106,291.88292633923066,271.37613203848946,b'2017-04-11/2017-04-17',1491868800
1516,25,9,78.43465047099666,0.0053189264922249,b'HadGEM3-GC31-LL',7,2.8897893976846493e-05,282.66259171501804,236.5653217241752,b'ssp245',3.889694311265313,281.7056152495031,288.2174004876651,275.0476303341261,b'2017-04-18/2017-04-24',1492473600
1516,25,9,85.19191324028576,0.0062958250068204,b'HadGEM3-GC31-LL',7,0.0004349166509885,300.0671579946317,208.11169353827208,b'ssp245',4.479200396842922,282.96359111275314,289.3691219004923,275.4804128652868,b'2017-04-25/2017-05-01',1493078400
1516,25,9,85.18190756785326,0.0073438963843169,b'HadGEM3-GC31-LL',7,0.0002469603973181,299.1458004181747,254.55830557618177,b'ssp245',5.377521596818746,285.32867851102606,292.9262161014208,275.17233964697414,b'2017-05-02/2017-05-08',1493683200
1516,25,9,87.64186725728197,0.008271613211483,b'HadGEM3-GC31-LL',7,0.000493158175243,314.93043042905373,244.68537742955127,b'ssp245',4.940505697201801,286.5559610209523,294.53257789972827,279.4092485205232,b'2017-05-09/2017-05-15',1494288000
1516,25,9,86.36494134814419,0.0086122944970153,b'HadGEM3-GC31-LL',7,0.0003647959474217,319.8486987092893,261.0607657103777,b'ssp245',4.29755507484112,287.5580366219739,295.82255087289906,280.46916867806704,b'2017-05-16/2017-05-22',1494892800
1516,25,9,82.5034644946476,0.0089678296281268,b'HadGEM3-GC31-LL',7,0.0001853841140639,322.77786425418174,266.7914028881154,b'ssp245',3.4564326749883727,289.34590928024835,296.95944695217,280.1630552273819,b'2017-05-23/2017-05-29',1495497600
1516,25,9,86.62346463850243,0.010581529597068,b'HadGEM3-GC31-LL',7,0.00035014743398,335.2873014198224,285.8845258612201,b'ssp245',3.990826465031649,290.8788870303896,298.7702156812987,283.02516930035614,b'2017-05-30/2017-06-05',1496102400
1516,25,9,88.88676600995606,0.0121005118267174,b'HadGEM3-GC31-LL',7,0.0003326961946128,347.25125048492555,283.0845463543446,b'ssp245',4.355575481853597,293.10473642439496,299.624036241405,282.951387567851,b'2017-06-06/2017-06-12',1496707200
1516,25,9,84.46058080431683,0.0132859294288491,b'HadGEM3-GC31-LL',7,5.742424513492875e-05,348.14314996170106,321.229274961206,b'ssp245',3.2867265898346525,294.85609252434585,302.90339506612594,286.19206435146384,b'2017-06-13/2017-06-19',1497312000
1516,25,9,84.21530010228547,0.0128157180318471,b'HadGEM3-GC31-LL',7,0.0001631237230319,359.27760389894445,280.3862636853253,b'ssp245',5.606785180709446,294.07873067559285,305.4815992000351,283.7592227105463,b'2017-06-20/2017-06-26',1497916800
1516,25,9,85.5990494792125,0.0133006031406306,b'HadGEM3-GC31-LL',7,0.0002171808965939,357.42627959833754,302.6061004803706,b'ssp245',2.958895892160011,294.9155687948452,303.7472693987826,286.51397175593326,b'2017-06-27/2017-07-03',1498521600
1516,25,9,81.04539684692769,0.0133130334719759,b'HadGEM3-GC31-LL',7,0.000309803921971,357.98408114969214,297.5320455165208,b'ssp245',4.222859593219938,295.1322990510312,302.41288285601394,284.7986351518601,b'2017-07-04/2017-07-10',1499126400
1516,25,9,91.09783323716884,0.0166598837079799,b'HadGEM3-GC31-LL',7,0.0002953218054875,381.0010325916182,268.95588251554847,b'ssp245',3.6630580006230247,298.47998648562265,304.59042950458706,289.3011328279032,b'2017-07-11/2017-07-17',1499731200
1516,25,9,93.74625256105604,0.0177789617400345,b'HadGEM3-GC31-LL',7,0.0004259471714918,387.8522755509833,261.30331864427905,b'ssp245',2.8230848615370445,299.2473987237244,307.2142584286277,291.29737093471203,b'2017-07-18/2017-07-24',1500336000
1516,25,9,85.09742309274625,0.0156264250767309,b'HadGEM3-GC31-LL',7,0.0001386248326,374.4086082771373,276.6404222142003,b'ssp245',4.2273079624794905,297.5341848310665,306.50835372972944,286.06980299122324,b'2017-07-25/2017-07-31',1500940800
1516,25,9,87.85130028125131,0.0163256148516009,b'HadGEM3-GC31-LL',7,0.0001498556713834,377.6045956158219,266.5505426552125,b'ssp245',3.87997281500325,298.53301873363955,306.19719231542354,291.57241710578603,b'2017-08-01/2017-08-07',1501545600
1516,25,9,76.76947902182621,0.0130003845751865,b'HadGEM3-GC31-LL',7,7.06666260050669e-05,353.2584461351406,280.6387313251401,b'ssp245',3.193309253752365,295.4676650787807,304.2110948051188,285.71671186862307,b'2017-08-08/2017-08-14',1502150400
1516,25,9,81.62180473805549,0.0143633461423023,b'HadGEM3-GC31-LL',7,0.0002353686952502,365.69710743282224,239.63124302111527,b'ssp245',3.982201043524792,296.6103616089582,303.7637683856374,288.1153833046321,b'2017-08-15/2017-08-21',1502755200
1516,25,9,79.76373627616671,0.0131491757339641,b'HadGEM3-GC31-LL',7,9.36323018351811e-05,358.36204970275134,245.8325863322893,b'ssp245',3.836670099533909,295.58310491451005,303.0761213814046,286.6633603550282,b'2017-08-22/2017-08-28',1503360000
1516,25,9,79.68872276863142,0.0118425829403619,b'HadGEM3-GC31-LL',7,0.0004615886852772,348.95345878858944,226.3350847166044,b'ssp245',4.538183851304383,293.1216106440581,301.9726214002735,281.5981441461701,b'2017-08-29/2017-09-04',1503964800
1516,25,9,74.2645618443878,0.0092353737127596,b'HadGEM3-GC31-LL',7,8.100499550903816e-05,331.691236897383,220.9703873217025,b'ssp245',3.936495790238744,291.09457989521206,298.5680697468177,283.11730355343985,b'2017-09-05/2017-09-11',1504569600
1516,25,9,75.06480939778297,0.0095586824025614,b'HadGEM3-GC31-LL',7,1.3801181447980476e-05,329.5598241076269,225.69914005962025,b'ssp245',3.8304293357933785,290.6678610651705,299.4243777302161,281.096379132677,b'2017-09-12/2017-09-18',1505174400
1516,25,9,82.91012763891095,0.01104108448419,b'HadGEM3-GC31-LL',7,0.0002146631151345,349.85931919780387,199.74668369576867,b'ssp245',5.187157718702284,292.3240909034897,300.6483121565087,282.0736849811926,b'2017-09-19/2017-09-25',1505779200
1516,25,9,82.19985238170237,0.0092643360454553,b'HadGEM3-GC31-LL',7,1.841776925795945e-05,335.41530898284566,180.1929417868464,b'ssp245',2.534195732511664,289.89475139877504,297.77200509922733,282.6393370041712,b'2017-09-26/2017-10-02',1506384000
1516,25,9,85.24279133442985,0.010530545989848,b'HadGEM3-GC31-LL',7,2.426344487441544e-06,341.75373570776134,178.90046054106028,b'ssp245',2.5240377981203963,291.72116914725933,298.8854101523992,283.44792483356844,b'2017-10-03/2017-10-09',1506988800
1516,25,9,84.01012869684908,0.0096121400689354,b'HadGEM3-GC31-LL',7,0.0003692462630028,335.02555502659027,155.95337965639928,b'ssp245',5.077879444926426,290.49452169589387,298.7691913207622,281.62663220907984,b'2017-10-10/2017-10-16',1507593600
1516,25,9,84.85193269754541,0.009383227521912,b'HadGEM3-GC31-LL',7,0.0002002036182922,338.26238656097723,139.167560632404,b'ssp245',3.4400931204853427,289.9094601906652,296.47626690308005,283.2492908754559,b'2017-10-17/2017-10-23',1508198400
1516,25,9,75.76149145661843,0.0073164566207018,b'HadGEM3-GC31-LL',7,0.0008112698057601,304.723239694108,137.7729741732996,b'ssp245',5.216898002781379,287.45960502057204,296.20340129479246,279.25316501942336,b'2017-10-24/2017-10-30',1508803200
1516,25,9,76.34946057773914,0.0063864353670871,b'HadGEM3-GC31-LL',7,1.821744695509597e-06,295.99603480527725,131.91138679157137,b'ssp245',4.249136711574449,285.1657539769947,293.1723095144759,277.26840903104664,b'2017-10-31/2017-11-06',1509408000
1516,25,9,82.44362478612939,0.0062032287901349,b'HadGEM3-GC31-LL',7,0.0008491790508698,306.9511408760721,89.98630301143307,b'ssp245',8.723965938051524,283.8027980163216,291.64458135851555,275.9311090222668,b'2017-11-07/2017-11-13',1510012800
1516,25,9,74.96094172040638,0.004001884493058,b'HadGEM3-GC31-LL',7,3.364879056739655e-05,269.7102108611992,108.05194809695736,b'ssp245',6.358336411386312,277.91483384244555,286.7752393367538,270.6717227009192,b'2017-11-14/2017-11-20',1510617600
1516,25,9,80.59190055087323,0.0052073665579999,b'HadGEM3-GC31-LL',7,2.8784625125639537e-05,284.0923263529175,94.18332378667664,b'ssp245',5.863168463775734,281.7047326464866,288.2693799136189,275.17672739119183,b'2017-11-21/2017-11-27',1511222400
1516,25,9,77.4066048717112,0.0041575052666529,b'HadGEM3-GC31-LL',7,0.000103825033054,280.6685999577622,80.58644290526958,b'ssp245',6.317948416204482,278.6538883877961,284.0714914219613,271.5479838855635,b'2017-11-28/2017-12-04',1511827200
1516,25,9,79.68417393124388,0.0041853184565719,b'HadGEM3-GC31-LL',7,0.0007556027685492,280.37403747572347,78.82879311268047,b'ssp245',7.444025154638097,277.8450047758153,285.19591365778103,271.82759387861665,b'2017-12-05/2017-12-11',1512432000
1516,25,9,81.7718516259969,0.0046449827124524,b'HadGEM3-GC31-LL',7,4.304753731926484e-05,289.44103101031527,77.72651890517893,b'ssp245',3.726955670180112,279.8809160711315,284.9563280460586,274.81943759858046,b'2017-12-12/2017-12-18',1513036800
1516,25,9,86.2855318833601,0.0054279742750904,b'HadGEM3-GC31-LL',7,0.0012428241207782,320.63791519997085,49.06040558937489,b'ssp245',7.984067899034388,281.33273593237294,286.3953884858814,276.2957692432102,b'2017-12-19/2017-12-25',1513641600
1516,25,9,74.40287369723362,0.0036744916166919,b'HadGEM3-GC31-LL',7,6.076161701601921e-05,278.38994591168426,77.43332090459465,b'ssp245',6.041892790321619,277.7348499409838,282.0027210704912,273.7339036622634,b'2017-12-26/2018-01-01',1514246400
1516,25,9,75.39041071165892,0.00380528926616,b'HadGEM3-GC31-LL',7,0.0003552487183361,280.787607472348,76.92121330216534,b'ssp245',6.751768733370996,277.4242169112437,283.7637503350195,269.90688258992384,b'2018-01-02/2018-01-08',1514851200
1516,25,9,68.05031076408066,0.0017730487060586,b'HadGEM3-GC31-LL',7,3.72412429150265e-05,233.1720589065724,91.69339802996862,b'ssp245',8.578753594075737,268.70336630066106,277.5098127010117,259.68826101405386,b'2018-01-09/2018-01-15',1515456000
1516,25,9,77.72366860601589,0.0028908816158352,b'HadGEM3-GC31-LL',7,0.0002811737204219,262.10364498088575,95.10410684462654,b'ssp245',5.470989998099287,272.6421491185412,279.71687586450423,260.952369473334,b'2018-01-16/2018-01-22',1516060800
1516,25,9,76.69941304685189,0.0032289837389565,b'HadGEM3-GC31-LL',7,0.0004693403725884,279.77890972534567,79.3866392739886,b'ssp245',6.245166768840757,274.45415019946034,282.16308093146193,267.5417927161376,b'2018-01-23/2018-01-29',1516665600
1516,25,9,72.62455764210078,0.0035414642913735,b'HadGEM3-GC31-LL',7,3.821041806559122e-05,265.90314627359874,116.6618303984014,b'ssp245',4.843900066874703,276.47600484248915,282.95733012009873,266.72051116269466,b'2018-01-30/2018-02-05',1517270400
1516,25,9,68.76317831265492,0.0021636689897796,b'HadGEM3-GC31-LL',7,0.0002629681704266,232.6383533108175,133.44993584260254,b'ssp245',10.478932137530148,270.5711315373356,281.58162397992345,255.7284015450944,b'2018-02-06/2018-02-12',1517875200
1516,25,9,81.46558638680565,0.001724362149322,b'HadGEM3-GC31-LL',7,0.0001085311648998,224.8689392591823,139.70909921990798,b'ssp245',8.798750351333789,265.70443791599627,279.1734598442583,256.00690178615434,b'2018-02-13/2018-02-19',1518480000
1516,25,9,83.38000933873647,0.003445445342145,b'HadGEM3-GC31-LL',7,0.0004496672066669,275.22183697886595,114.46795969838868,b'ssp245',7.287206158867931,274.4260590988648,283.2125930064108,258.7438538367816,b'2018-02-20/2018-02-26',1519084800
1516,25,9,76.93496388473613,0.0027349728542113,b'HadGEM3-GC31-LL',7,0.0002641570804421,248.0820978894433,157.90778084196663,b'ssp245',7.60045365945559,270.9910769503414,282.87690826319744,257.15068227485153,b'2018-02-27/2018-03-05',1519689600
1516,25,9,72.75828104418858,0.0033211668949049,b'HadGEM3-GC31-LL',7,0.0007872251391709,254.98506581262183,164.91515794043178,b'ssp245',7.410971428210158,275.0424272795957,286.0968251032784,265.6957303116374,b'2018-03-06/2018-03-12',1520294400
1516,25,9,83.347644092479,0.0043643980431603,b'HadGEM3-GC31-LL',7,0.0002553387474148,269.21506419789955,161.1981893765491,b'ssp245',3.943590971358782,277.71687171114297,284.8191627478374,268.0345476794318,b'2018-03-13/2018-03-19',1520899200
1516,25,9,79.57708853093716,0.0044603051192056,b'HadGEM3-GC31-LL',7,0.0003242148480522,262.05775767975746,191.28037635524723,b'ssp245',5.629099945003462,278.1561290436685,286.67449965612366,264.71669901658305,b'2018-03-20/2018-03-26',1521504000
1516,25,9,92.18559181760054,0.0059788438313988,b'HadGEM3-GC31-LL',7,0.0006020011529343,319.49432793884137,156.26881739791312,b'ssp245',4.589142593245831,281.7352179535448,287.13580649583497,276.4645376115191,b'2018-03-27/2018-04-02',1522108800
1516,25,9,85.6465021402463,0.0068639951661344,b'HadGEM3-GC31-LL',7,2.4691589688536795e-05,295.48756491552336,219.78483313706172,b'ssp245',5.455854222440354,284.7072388905563,293.200565326101,275.6011576366725,b'2018-04-03/2018-04-09',1522713600
1516,25,9,72.92392863170045,0.0060171815265055,b'HadGEM3-GC31-LL',7,3.0188882976278712e-05,273.6549524837596,240.37752040263064,b'ssp245',6.521547629039209,284.23589294351075,296.0120719644925,272.13906066124366,b'2018-04-10/2018-04-16',1523318400
1516,25,9,79.48620433644058,0.0056949155268759,b'HadGEM3-GC31-LL',7,0.0002753176804882,285.6321588647747,210.76933058557773,b'ssp245',5.256641251861431,282.34627103526185,290.0994797956304,272.2745309823695,b'2018-04-17/2018-04-23',1523923200
1516,25,9,83.94248581276439,0.0072702175640442,b'HadGEM3-GC31-LL',7,0.0001819113640923,290.0302386255939,249.5830141113061,b'ssp245',4.693210811645074,285.47781462839134,293.0335958583122,275.0204664164161,b'2018-04-24/2018-04-30',1524528000
1516,25,9,87.70149391005843,0.0080285076044185,b'HadGEM3-GC31-LL',7,0.0003812528566011,313.5262688202276,224.25939064318123,b'ssp245',4.139460224512193,286.57062091457783,293.00232044304204,279.6747035077693,b'2018-05-01/2018-05-07',1525132800
1516,25,9,83.86371941413896,0.0083828455739775,b'HadGEM3-GC31-LL',7,0.0002469114191265,306.5054186579879,266.80611167656724,b'ssp245',4.124622031985881,287.92823975792123,298.2013311055181,278.1502123330294,b'2018-05-08/2018-05-14',1525737600
1516,25,9,92.34428743909962,0.0112244910294036,b'HadGEM3-GC31-LL',7,0.0004072003198208,340.3328369058108,242.2383718812933,b'ssp245',3.927550190362161,291.2378013029782,297.5085803973561,281.4009477874082,b'2018-05-15/2018-05-21',1526342400
1516,25,9,81.62368937041535,0.0097752375303254,b'HadGEM3-GC31-LL',7,6.068848769585227e-05,318.6773053479119,303.17427744442085,b'ssp245',3.9312526970739134,290.71750180492427,299.0727633888413,282.9514951013992,b'2018-05-22/2018-05-28',1526947200
1516,25,9,76.71887997648318,0.009802428594089,b'HadGEM3-GC31-LL',7,0.000141996497496,320.41497522176195,311.580347034511,b'ssp245',4.979524146334015,291.6423534859188,301.3314038586541,281.57749221753625,b'2018-05-29/2018-06-04',1527552000
1516,25,9,86.86367719460307,0.0139867830750838,b'HadGEM3-GC31-LL',7,0.0001178349951286,361.0585753143022,308.726685918092,b'ssp245',3.404252633311395,296.03752526811456,306.0622561481849,286.4665074874926,b'2018-06-05/2018-06-11',1528156800
1516,25,9,73.13807989209018,0.010489490624591,b'HadGEM3-GC31-LL',7,0.0002612203726018,333.38342861400736,303.18845028767663,b'ssp245',4.976248631825476,293.2897962421488,302.97804963024635,284.9768129463075,b'2018-06-12/2018-06-18',1528761600
1516,25,9,85.86544833327262,0.0125815375962383,b'HadGEM3-GC31-LL',7,0.0002535545532486,351.3831986663254,287.09295465538986,b'ssp245',4.256602123977365,293.6741025356518,303.0936946929065,284.38955245634736,b'2018-06-19/2018-06-25',1529366400
1516,25,9,82.95476360071773,0.0146625595471144,b'HadGEM3-GC31-LL',7,9.17937899895188e-05,360.8761291160085,304.94526725655584,b'ssp245',3.779428005863171,297.0202143266428,305.0433062724886,286.54995024768334,b'2018-06-26/2018-07-02',1529971200
1516,25,9,77.74557702785249,0.0158802996319896,b'HadGEM3-GC31-LL',7,6.974107487357996e-05,366.8983753852449,337.3536947077596,b'ssp245',4.086781745292195,298.8108162383552,309.8272286303788,288.018469825528,b'2018-07-03/2018-07-09',1530576000
1516,25,9,74.72194257154288,0.0148242535098963,b'HadGEM3-GC31-LL',7,0.0004788758975049,368.4878507857389,286.58767426857383,b'ssp245',4.073937330067614,299.06128616642445,308.61422305904347,288.2079289192657,b'2018-07-10/2018-07-16',1531180800
1516,25,9,81.31482134901118,0.0144873132445287,b'HadGEM3-GC31-LL',7,0.0002680877621429,360.8574278024791,304.0291208419353,b'ssp245',3.086292833103258,296.570866382353,304.4001217429946,289.26875560291177,b'2018-07-17/2018-07-23',1531785600
1516,25,9,83.73330716497999,0.0159909522512179,b'HadGEM3-GC31-LL',7,0.0001264503624929,370.1225832801189,289.0906042276926,b'ssp245',3.6391086771768615,298.6180610880222,304.86832223404843,290.40410654928405,b'2018-07-24/2018-07-30',1532390400
1516,25,9,90.27957218302537,0.0175081847496615,b'HadGEM3-GC31-LL',7,0.0005710590688609,383.4845575966132,249.6981070038433,b'ssp245',3.310240091290115,299.78133193261453,305.4907981800356,293.7572681896318,b'2018-07-31/2018-08-06',1532995200
1516,25,9,92.47486734411748,0.0170642328261824,b'HadGEM3-GC31-LL',7,0.0011566237631614,387.848967240597,204.11430160158008,b'ssp245',4.040398286559014,299.15995489449693,304.36495514397365,290.64581438419566,b'2018-08-07/2018-08-13',1533600000
1516,25,9,91.24182409808247,0.0157779259124536,b'HadGEM3-GC31-LL',7,0.0002202766239092,383.7643789228634,216.6792625850146,b'ssp245',2.806715945098356,297.8600290168669,304.7443011070275,290.48197547118366,b'2018-08-14/2018-08-20',1534204800
1516,25,9,83.1199508742633,0.0143642227875539,b'HadGEM3-GC31-LL',7,9.2546727680168e-05,365.4870205948405,230.6556743950176,b'ssp245',3.1419075387133404,296.6014604813454,305.5065364416465,285.8567675761996,b'2018-08-21/2018-08-27',1534809600
1516,25,9,77.01598198793126,0.011670232478927,b'HadGEM3-GC31-LL',7,0.0002125924899834,350.1394974311873,223.9757876093187,b'ssp245',4.189840630992891,294.30601205090886,302.66625167894813,284.1788784472348,b'2018-08-28/2018-09-03',1535414400
1516,25,9,81.50703954847076,0.0123876384220204,b'HadGEM3-GC31-LL',7,0.0003026261257715,351.9360518865942,219.1130317577965,b'ssp245',2.580862959691564,294.2768026784284,301.63765011375256,285.62106669814045,b'2018-09-04/2018-09-10',1536019200
1516,25,9,73.46735518749043,0.0100089451261393,b'HadGEM3-GC31-LL',7,0.0001914486986366,335.6740160852254,220.2588651776582,b'ssp245',3.384263569194489,292.16298997697663,302.7004457588076,282.59170214535686,b'2018-09-11/2018-09-17',1536624000
1516,25,9,75.41088655737404,0.0092255904432847,b'HadGEM3-GC31-LL',7,3.9096111846362826e-05,328.33629995640894,214.78296956375624,b'ssp245',3.777812552645487,290.6087894310764,299.229689877868,279.15894709927045,b'2018-09-18/2018-09-24',1537228800
1516,25,9,79.25753752204307,0.0100150836087929,b'HadGEM3-GC31-LL',7,1.7593619022648535e-05,338.2254290243374,188.70652053097228,b'ssp245',4.056539644255945,291.7098721215831,300.10147229504514,282.4632251631199,b'2018-09-25/2018-10-01',1537833600
1516,25,9,86.3741904435366,0.0096378861466919,b'HadGEM3-GC31-LL',7,0.0007770360202322,351.3262281447931,129.2316450700936,b'ssp245',5.923864398254044,290.59978003413784,295.84131870209603,282.435670196822,b'2018-10-02/2018-10-08',1538438400
1516,25,9,86.89849944456357,0.0089263761331716,b'HadGEM3-GC31-LL',7,0.0003916847561166,341.47409063118323,137.384684104971,b'ssp245',4.956903576958335,289.45754062124826,295.2591581134014,283.1461364553554,b'2018-10-09/2018-10-15',1539043200
1516,25,9,83.22937598105968,0.0080504308874605,b'HadGEM3-GC31-LL',7,0.0006220687947848,330.6391522483602,127.61877285139472,b'ssp245',5.654227598930812,288.0337351196894,294.62683822679975,281.5049798044872,b'2018-10-16/2018-10-22',1539648000
1516,25,9,81.98912961873023,0.0077217739469313,b'HadGEM3-GC31-LL',7,0.0003278259835536,314.530375091704,141.417849335707,b'ssp245',5.239941080661978,287.4832962950697,294.84419033880863,279.84329700169127,b'2018-10-23/2018-10-29',1540252800
1516,25,9,79.45975235143509,0.0077241720398153,b'HadGEM3-GC31-LL',7,0.0003034488540265,314.13010218423886,116.2860462890116,b'ssp245',6.518277762171491,286.90674270966826,296.835045799472,275.9479250742434,b'2018-10-30/2018-11-05',1540857600
1516,25,9,80.0313264521031,0.0056481740906256,b'HadGEM3-GC31-LL',7,0.0002151877521571,293.28321657528903,112.65499396407964,b'ssp245',6.3110054941422336,282.09924568771083,292.0739826960518,274.11331711056096,b'2018-11-06/2018-11-12',1541462400
1516,25,9,85.28037477195019,0.0062331608999201,b'HadGEM3-GC31-LL',7,5.908345128022025e-05,311.18610295780934,93.83843455888386,b'ssp245',4.839633545020294,284.0001752869725,289.65656903865585,276.8031264825574,b'2018-11-13/2018-11-19',1542067200
1516,25,9,73.66497467164791,0.0034861899716145,b'HadGEM3-GC31-LL',7,0.0001828166953601,275.73588101635,87.8766620905886,b'ssp245',6.574143695852787,276.24958431317816,282.6314314111174,270.22700798925166,b'2018-11-20/2018-11-26',1542672000
1516,25,9,74.54480363915448,0.0040604035414539,b'HadGEM3-GC31-LL',7,0.0004964501497057,274.9871913227427,82.68516903602631,b'ssp245',7.336831459863704,277.116237611156,292.08801259904254,268.9396710801951,b'2018-11-27/2018-12-03',1543276800
1516,25,9,77.26000534408315,0.0031230735948557,b'HadGEM3-GC31-LL',7,2.198840843017764e-05,245.08905280974065,92.01525261403204,b'ssp245',5.41557191996598,274.022241290704,279.75808070811564,268.73888139694645,b'2018-12-04/2018-12-10',1543881600
1516,25,9,81.20149965359316,0.0036187472476431,b'HadGEM3-GC31-LL',7,0.0002679983106426,281.00515359927533,69.25446635637802,b'ssp245',6.149093469610726,275.1108539129174,282.69944690981123,267.84857360647305,b'2018-12-11/2018-12-17',1544486400
1516,25,9,78.51998936093138,0.0037385281007493,b'HadGEM3-GC31-LL',7,0.0003799516434501,273.41112783740584,76.36115254749849,b'ssp245',8.04558187860151,276.29870439746884,283.5467967325205,268.9531054571976,b'2018-12-18/2018-12-24',1545091200
1516,25,9,74.9956040848693,0.0036593323319338,b'HadGEM3-GC31-LL',7,0.0001657264367435,271.339688040212,66.0721075755081,b'ssp245',6.064259056681822,276.72647934338164,283.3322382785544,266.13633511419926,b'2018-12-25/2018-12-31',1545696000
1516,25,9,71.36049265644473,0.0032132550392376,b'HadGEM3-GC31-LL',7,0.0001610550204715,260.5085917434589,81.36597294611886,b'ssp245',6.384220762906068,275.71166479206124,284.53887997215105,262.8670370781836,b'2019-01-01/2019-01-07',1546300800
1516,25,9,68.47737335954608,0.0025160401843695,b'HadGEM3-GC31-LL',7,0.0002768064447461,248.6530970383894,86.50489683267286,b'ssp245',5.387958980616603,272.6931172285385,283.1950280703957,265.92459246036753,b'2019-01-08/2019-01-14',1546905600
1516,25,9,73.39263592995519,0.0030589277851644,b'HadGEM3-GC31-LL',7,0.000666897276688,262.9741613827293,86.86527510493013,b'ssp245',7.179265981646688,273.4989396688797,288.5690375487511,262.44477266618503,b'2019-01-15/2019-01-21',1547510400
1516,25,9,70.26445330860057,0.0029868259257132,b'HadGEM3-GC31-LL',7,0.00035011832675,249.9009497093692,106.47022643740408,b'ssp245',6.962367778965458,273.4599622440209,288.48540157474554,259.7922005156989,b'2019-01-22/2019-01-28',1548115200
1516,25,9,70.93497349368177,0.0022405897212705,b'HadGEM3-GC31-LL',7,0.0002340908994711,239.77197009821955,110.45181192928416,b'ssp245',7.420650708938623,270.7006870938508,280.84656907331305,258.0405594016476,b'2019-01-29/2019-02-04',1548720000
1516,25,9,77.99579733306622,0.0026783308259485,b'HadGEM3-GC31-LL',7,0.0002071396179649,247.616457581144,122.4254130758429,b'ssp245',7.580307553296907,271.5891460815815,280.1836492014984,260.01327360616494,b'2019-02-05/2019-02-11',1549324800
1516,25,9,80.89220871308623,0.0028150036661823,b'HadGEM3-GC31-LL',7,0.0002003966220823,255.17346250543508,123.539738363272,b'ssp245',7.5929745991738224,270.7184061236938,280.811027406518,254.7667907811114,b'2019-02-12/2019-02-18',1549929600
1516,25,9,85.34992223174898,0.0031779434284248,b'HadGEM3-GC31-LL',7,0.0005270298817879,265.0349059205917,115.40440892464086,b'ssp245',6.884509248527228,271.4326742068235,284.4184983791989,255.27070109851724,b'2019-02-19/2019-02-25',1550534400
1516,25,9,81.4567406677136,0.0024098836684745,b'HadGEM3-GC31-LL',7,0.0005853526641479,242.4715665015298,157.4908375853942,b'ssp245',6.713969888317526,268.9431516863087,283.0739626237647,258.74982748422707,b'2019-02-26/2019-03-04',1551139200
1516,25,9,78.16819020701507,0.0029185046046806,b'HadGEM3-GC31-LL',7,0.000689869090204,247.4358703592652,163.83817824182773,b'ssp245',7.357112062466257,271.25976165730225,285.34760113544644,256.26464944833464,b'2019-03-05/2019-03-11',1551744000
1516,25,9,75.20638156871959,0.0030250871986731,b'HadGEM3-GC31-LL',7,0.0003172243388863,249.87327589436447,184.4267505922528,b'ssp245',7.21655395789531,274.34976122023664,284.21312282814966,268.42508714357007,b'2019-03-12/2019-03-18',1552348800
1516,25,9,83.32748364779046,0.002626695718873,b'HadGEM3-GC31-LL',7,0.0001783819565133,247.72859963773337,191.50653514544024,b'ssp245',7.220572314750186,270.44817216485507,277.4065409278268,262.46006977069266,b'2019-03-19/2019-03-25',1552953600
1516,25,9,73.47893679749056,0.0024108322452792,b'HadGEM3-GC31-LL',7,3.987287602401344e-05,236.7925593310404,213.7040508901176,b'ssp245',5.673779991899003,271.4426445911574,282.29934764585283,259.44771145119654,b'2019-03-26/2019-04-01',1553558400
1516,25,9,81.21507037207047,0.0049148106659204,b'HadGEM3-GC31-LL',7,0.0001915217910004,270.75200571934346,208.30566056583743,b'ssp245',6.31136097742556,279.187189694405,291.07735123017613,269.8347980005884,b'2019-04-02/2019-04-08',1554163200
1516,25,9,83.03212779295664,0.0056306336124592,b'HadGEM3-GC31-LL',7,0.0001511980665739,284.51205696013125,213.52516474816213,b'ssp245',5.506417544589702,281.60413387757586,290.05391993958864,273.68900065617606,b'2019-04-09/2019-04-15',1554768000
1516,25,9,87.5167946405054,0.0062166246882068,b'HadGEM3-GC31-LL',7,0.0002585838819294,304.7200580440485,183.312100634375,b'ssp245',4.852752699568337,281.7891387939453,292.05095939756563,272.5947346491768,b'2019-04-16/2019-04-22',1555372800
1516,25,9,87.77591192340893,0.007283440539458,b'HadGEM3-GC31-LL',7,0.000448186002373,309.1659872597432,218.80335989080072,b'ssp245',4.451470147118261,285.0440696795387,293.0746317000043,277.8033486736309,b'2019-04-23/2019-04-29',1555977600
1516,25,9,78.66415915504238,0.0055020645422606,b'HadGEM3-GC31-LL',7,0.0006635768941154,283.46391640208014,224.75547080192547,b'ssp245',5.8210189231831295,281.94592657858533,289.63898403035347,274.72446381481666,b'2019-04-30/2019-05-06',1556582400
1516,25,9,80.90877692835886,0.0064414462399697,b'HadGEM3-GC31-LL',7,0.0001106334480693,289.20829539150736,266.0088152960648,b'ssp245',3.552259366621891,283.8534729430244,291.605900568917,274.64086302748234,b'2019-05-07/2019-05-13',1557187200
1516,25,9,83.49777778498274,0.0084673308532553,b'HadGEM3-GC31-LL',7,0.0001064402343788,307.75363078037856,287.98734912984054,b'ssp245',4.271004342882415,287.7961536835528,297.2784436824569,279.8604160152399,b'2019-05-14/2019-05-20',1557792000
1516,25,9,86.69691659481259,0.0091392411295334,b'HadGEM3-GC31-LL',7,0.0005643574408947,324.941422492118,235.49360461103964,b'ssp245',3.435487738811738,288.4033407561142,295.8687097206477,280.1843932239039,b'2019-05-21/2019-05-27',1558396800
1516,25,9,82.48735037963095,0.0095007425355008,b'HadGEM3-GC31-LL',7,0.0001607351893177,318.2621816091035,298.72871515137376,b'ssp245',3.917019635022573,289.866053742404,298.3995719452385,281.9508385402547,b'2019-05-28/2019-06-03',1559001600
1516,25,9,79.17830168013639,0.0097640603732479,b'HadGEM3-GC31-LL',7,0.000524921562524,317.69962659081983,318.24708952523395,b'ssp245',4.1226960282542775,290.4145202636719,300.66780865305225,281.1486961773893,b'2019-06-04/2019-06-10',1559606400
1516,25,9,85.94378790354718,0.0119592493858293,b'HadGEM3-GC31-LL',7,0.0001609821799332,348.17553785890544,279.71941045663976,b'ssp245',3.750507753515308,293.0362752232803,299.5249708879633,284.7352909124236,b'2019-06-11/2019-06-17',1560211200
1516,25,9,92.79267544292983,0.012897187367555,b'HadGEM3-GC31-LL',7,0.00048192250001,363.4685141729738,247.7207968541232,b'ssp245',3.743915935473809,293.3899653444638,302.32089257465924,286.57979441742043,b'2019-06-18/2019-06-24',1560816000
1516,25,9,87.93690555017237,0.0152247299766734,b'HadGEM3-GC31-LL',7,9.947826712453404e-05,377.6429768270498,291.47918642722254,b'ssp245',3.751339158129724,296.85787572598554,306.5718851661081,286.8807383636571,b'2019-06-25/2019-07-01',1561420800
1516,25,9,77.08874194027874,0.0121443983999052,b'HadGEM3-GC31-LL',7,0.0003635413529112,352.37245467720186,279.36408699520433,b'ssp245',5.226147669669259,294.68325111832684,306.4413492100472,284.16891811623555,b'2019-07-02/2019-07-08',1562025600
1516,25,9,91.99626276567209,0.0151594646601152,b'HadGEM3-GC31-LL',7,0.0003582058434188,375.3098515858248,277.492678865327,b'ssp245',3.583743586095403,295.8626539067891,304.6846670638123,284.47587989783057,b'2019-07-09/2019-07-15',1562630400
1516,25,9,85.46123696834775,0.0156069509311502,b'HadGEM3-GC31-LL',7,0.0002407471197331,376.7757659059433,279.79468165393774,b'ssp245',4.785399995337955,297.9389128373409,305.23049888249824,288.71983943903103,b'2019-07-16/2019-07-22',1563235200
1516,25,9,81.54554840679263,0.0149070957560996,b'HadGEM3-GC31-LL',7,0.000156376772721,369.2716648811798,285.8003102354554,b'ssp245',4.310595023089457,297.5853268940097,305.6099449663132,287.0753723529611,b'2019-07-23/2019-07-29',1563840000
1516,25,9,83.59237521164263,0.013360213959038,b'HadGEM3-GC31-LL',7,0.0002540215931232,365.6914578782056,250.39432173905573,b'ssp245',3.748549046469143,294.9689329541874,304.0453673161166,286.04441058522895,b'2019-07-30/2019-08-05',1564444800
1516,25,9,92.401452243731,0.017421564748305,b'HadGEM3-GC31-LL',7,0.0002948217433213,385.7030717970928,243.903000593078,b'ssp245',2.9751586276381445,298.9817580936083,305.9657212988435,290.4305055540067,b'2019-08-06/2019-08-12',1565049600
1516,25,9,77.01051514596755,0.0132993630416029,b'HadGEM3-GC31-LL',7,0.0002187526910346,358.7166892245526,258.89012824011684,b'ssp245',3.6094174340481473,296.4198522168057,305.881992713134,286.147717737625,b'2019-08-13/2019-08-19',1565654400
1516,25,9,87.42969288252236,0.0152047407618627,b'HadGEM3-GC31-LL',7,4.900358074001021e-05,369.6280593562632,238.79118294907133,b'ssp245',2.3767352483196267,297.0779661614382,304.0368161366941,288.96318497041045,b'2019-08-20/2019-08-26',1566259200
1516,25,9,79.50177796352226,0.0140866402239899,b'HadGEM3-GC31-LL',7,0.0002627300252633,367.06073385877295,220.6476756538986,b'ssp245',4.396128405907929,296.71392634539194,307.1168777995305,286.07246639600686,b'2019-08-27/2019-09-02',1566864000
1516,25,9,75.30248130877418,0.0108360462272627,b'HadGEM3-GC31-LL',7,6.226882204647393e-07,337.3578424922192,238.46953923490577,b'ssp245',2.849887714535334,293.0795585972707,302.23355579075377,283.1634445431105,b'2019-09-03/2019-09-09',1567468800
1516,25,9,83.28953382570285,0.0134250703026422,b'HadGEM3-GC31-LL',7,0.0003103452677912,361.9993993304452,210.4599251732089,b'ssp245',4.150245762451536,295.70082882386487,305.28201929327065,285.9519050188997,b'2019-09-10/2019-09-16',1568073600
1516,25,9,82.96295777673708,0.0103442891450105,b'HadGEM3-GC31-LL',7,0.0003706499629459,355.88118108170914,165.4162955849275,b'ssp245',4.917611833411651,291.2934039246128,299.76835218363374,283.3987834942454,b'2019-09-17/2019-09-23',1568678400
1516,25,9,73.74081233515831,0.0084441810650746,b'HadGEM3-GC31-LL',7,0.0004642701872969,322.217090519015,194.8468832881561,b'ssp245',3.665050752182273,289.8790515695085,297.7062505968737,282.32643969803576,b'2019-09-24/2019-09-30',1569283200
1516,25,9,79.00369956182863,0.0076153784786334,b'HadGEM3-GC31-LL',7,0.0002709795575748,318.7506535836521,164.22889796803264,b'ssp245',4.769702417832229,287.321729229398,297.37803803934287,278.17585932493967,b'2019-10-01/2019-10-07',1569888000
1516,25,9,78.55910114771397,0.0077949276563525,b'HadGEM3-GC31-LL',7,0.0001799313184505,315.8952157294337,157.4275186787107,b'ssp245',4.914390840740986,287.9261536497208,296.29872347955074,278.8059455077355,b'2019-10-08/2019-10-14',1570492800
1516,25,9,75.99406162174289,0.0066854850717061,b'HadGEM3-GC31-LL',7,8.779162566788541e-05,292.1129522817851,170.03543969283717,b'ssp245',4.45454863859437,285.5587229580425,295.3634241146244,276.40707662203334,b'2019-10-15/2019-10-21',1571097600
1516,25,9,89.46251808431246,0.0096699874062231,b'HadGEM3-GC31-LL',7,3.566688412086389e-05,333.8702513878278,146.48024006758038,b'ssp245',2.6696221420441515,289.8087697314915,296.78608438870884,280.51454701709446,b'2019-10-22/2019-10-28',1571702400
1516,25,9,81.59985718763643,0.0082665320197073,b'HadGEM3-GC31-LL',7,0.0003896054287985,323.9051459416874,120.8532473498392,b'ssp245',5.456481741429879,287.26699749335023,297.10197222496055,275.0203999901419,b'2019-10-29/2019-11-04',1572307200
1516,25,9,72.38308697769695,0.0052314754327865,b'HadGEM3-GC31-LL',7,0.0001395479990187,287.9833398572278,118.30771830706188,b'ssp245',7.062471761742171,282.66911802768925,291.8606584230056,274.2615095072365,b'2019-11-05/2019-11-11',1572912000
1516,25,9,80.23877031344344,0.0055350358451037,b'HadGEM3-GC31-LL',7,0.000507221774705,297.75910843810067,97.58103843420784,b'ssp245',5.270559582209576,282.65627072554764,288.2656728461714,273.5162351590226,b'2019-11-12/2019-11-18',1573516800
1516,25,9,77.75010406954861,0.004848449819435,b'HadGEM3-GC31-LL',7,0.0005065512807504,289.5338834510724,90.89019786564816,b'ssp245',7.594941135192036,279.93089260739106,290.6648093623694,271.56350265165986,b'2019-11-19/2019-11-25',1574121600
1516,25,9,67.26931256074634,0.0029803192980713,b'HadGEM3-GC31-LL',7,1.1220589214472e-05,270.619428052726,83.3753468537986,b'ssp245',6.043138747926551,275.81653950825745,280.715797159574,270.911934645018,b'2019-11-26/2019-12-02',1574726400
1516,25,9,73.63163334939757,0.0037380177369752,b'HadGEM3-GC31-LL',7,0.0003452870952799,272.26154109409873,82.22362451695172,b'ssp245',6.082214421009684,276.7119077224353,288.711140437081,269.07178287927286,b'2019-12-03/2019-12-09',1575331200
1516,25,9,76.97999846951389,0.0040806456151178,b'HadGEM3-GC31-LL',7,0.0001191297589797,265.8532195983034,81.1722598658214,b'ssp245',4.657844714991624,278.3743687372263,283.89256864240866,271.6590766786401,b'2019-12-10/2019-12-16',1575936000
1516,25,9,75.88262533400176,0.0038478654262789,b'HadGEM3-GC31-LL',7,0.0002335424658334,280.6225415883488,71.35886026084181,b'ssp245',6.242362287034855,278.01777562282814,283.8323744042815,269.8949384719415,b'2019-12-17/2019-12-23',1576540800
1516,25,9,73.48756729734541,0.0037409267771788,b'HadGEM3-GC31-LL',7,0.0,267.40391328045786,81.84925527001029,b'ssp245',6.0625212478336845,277.66806334899104,284.23409822385764,270.6650583164925,b'2019-12-24/2019-12-30',1577145600
1516,25,9,63.27056959976533,0.0024926728834853,b'HadGEM3-GC31-LL',1,0.0,230.3214272580312,97.4336080942244,b'ssp245',6.522548382966676,275.5426622264393,279.0202941894531,272.0650469181289,b'2019-12-31/2020-01-06',1577750400
2396,25,11,68.03893391416634,0.0023461215863985,b'HadGEM3-GC31-LL',5,7.941728190844567e-05,252.47677757418143,76.49704540439546,b'ssp245',7.294117138291773,274.05934005609686,276.83218733811464,270.8426042235453,b'2014-12-30/2015-01-05',1419897600
2396,25,11,74.69669547262482,0.0021759183257328,b'HadGEM3-GC31-LL',7,0.0004575372564037,240.6029802313598,84.29998294174683,b'ssp245',8.211925195373963,268.1355405339692,281.4738716298677,248.51414006642256,b'2015-01-06/2015-01-12',1420502400
2396,25,11,84.49492237294854,0.001951710779577,b'HadGEM3-GC31-LL',7,6.174364594252674e-06,228.7630302584157,102.5825564502795,b'ssp245',4.373636945153813,264.5352268508726,277.04429639226083,243.9915935739679,b'2015-01-13/2015-01-19',1421107200
2396,25,11,80.47115934951087,0.0013812466783122,b'HadGEM3-GC31-LL',7,2.2848619538570763e-05,218.38849368651265,103.79431097913184,b'ssp245',4.9505223027470375,262.3878408765036,271.3676214183958,248.7958153983313,b'2015-01-20/2015-01-26',1421712000
2396,25,11,78.84012114665964,0.0016151902718552,b'HadGEM3-GC31-LL',7,3.242557975920156e-06,217.51881921745075,124.34110040985333,b'ssp245',4.480642302285732,264.6974932854036,276.1116573648213,250.6379913184236,b'2015-01-27/2015-02-02',1422316800
2396,25,11,64.88330216219775,0.0027845133541194,b'HadGEM3-GC31-LL',7,0.0002548282517814,246.18879053311497,122.09756659322032,b'ssp245',5.752916297564268,274.342521546379,285.15150887365127,263.2395443568805,b'2015-02-03/2015-02-09',1422921600
2396,25,11,63.63543913229717,0.0024971997845083,b'HadGEM3-GC31-LL',7,1.2882460809465327e-06,233.9071068204615,147.71269472313935,b'ssp245',4.609793720360928,274.81467437353496,281.45127885059645,266.20303891636564,b'2015-02-10/2015-02-16',1423526400
2396,25,11,58.77781136195841,0.0024495617964238,b'HadGEM3-GC31-LL',7,4.1953852536197145e-05,227.9840337333673,161.38893011939223,b'ssp245',5.68562780982664,274.1846921380052,284.8386522154085,261.8131664280681,b'2015-02-17/2015-02-23',1424131200
2396,25,11,56.18794051842756,0.0012782413663794,b'HadGEM3-GC31-LL',7,1.8891467991293109e-06,198.388667554411,184.96958239051256,b'ssp245',7.128548977582157,268.0229676782648,280.20983175735745,255.4734983455608,b'2015-02-24/2015-03-02',1424736000
2396,25,11,75.24690991551584,0.0026075884505378,b'HadGEM3-GC31-LL',7,0.000198777064458,239.16358604502776,165.0924536501065,b'ssp245',5.687757903224557,271.0198384415352,282.3676326847418,246.3662677067582,b'2015-03-03/2015-03-09',1425340800
2396,25,11,90.18647376374795,0.0029899620152871,b'HadGEM3-GC31-LL',7,0.0006129596882233,256.3221624933996,135.51427176104897,b'ssp245',6.090676816703314,270.3426992765037,277.8568704803358,253.80647768228,b'2015-03-10/2015-03-16',1425945600
2396,25,11,81.78270188979594,0.0037634875718758,b'HadGEM3-GC31-LL',7,9.003192096653552e-05,255.96458721795696,200.71137794485512,b'ssp245',3.842440083442358,275.96294061257424,282.3908550668076,267.4458633112936,b'2015-03-17/2015-03-23',1426550400
2396,25,11,79.10041182153887,0.0047286170164064,b'HadGEM3-GC31-LL',7,0.0005640328998907,270.9173607631722,172.50937503099158,b'ssp245',5.500842067849048,277.8215998636413,294.3780520130372,262.02783531271,b'2015-03-24/2015-03-30',1427155200
2396,25,11,85.15622401265973,0.0057888374191631,b'HadGEM3-GC31-LL',7,0.0002863691033767,291.6681744506649,188.1956232568676,b'ssp245',4.018122518158219,281.1621285064328,292.9339764411589,271.4199590284195,b'2015-03-31/2015-04-06',1427760000
2396,25,11,86.0285146960343,0.0054302546739314,b'HadGEM3-GC31-LL',7,0.0008700091666695,293.8704617199668,172.16785621415187,b'ssp245',7.515840532511528,280.7196982950659,292.1269126536598,275.1585749873409,b'2015-04-07/2015-04-13',1428364800
2396,25,11,79.61688181116509,0.0051457021992801,b'HadGEM3-GC31-LL',7,0.0001666449675793,264.1400914892928,243.01511361050024,b'ssp245',4.04448155562083,280.8923238847703,294.2728253618648,270.29383892027425,b'2015-04-14/2015-04-20',1428969600
2396,25,11,88.90564004038967,0.0082430247392108,b'HadGEM3-GC31-LL',7,0.0003854337602102,314.2143800536568,209.5408345951849,b'ssp245',3.7213592760228,286.4123563074704,297.1737963677592,277.8823455482401,b'2015-04-21/2015-04-27',1429574400
2396,25,11,84.8380530481555,0.0078415702340161,b'HadGEM3-GC31-LL',7,6.776490419148888e-05,299.0273284521459,249.76860582358523,b'ssp245',2.562888972485385,286.519613072945,294.6731154648064,277.72257257276965,b'2015-04-28/2015-05-04',1430179200
2396,25,11,78.87582068989396,0.007192843055631,b'HadGEM3-GC31-LL',7,0.0001718880809307,295.53247685456034,262.63925138865136,b'ssp245',4.182657282595383,285.4089249784903,299.36656504349617,272.94885862799384,b'2015-05-05/2015-05-11',1430784000
2396,25,11,79.16115167047774,0.0076965169032472,b'HadGEM3-GC31-LL',7,0.0001164251442635,296.5761035945884,271.6530554283599,b'ssp245',4.744169202634633,286.4731346191573,297.66710229871376,270.4569962477599,b'2015-05-12/2015-05-18',1431388800
2396,25,11,83.42259622584596,0.0106332114035968,b'HadGEM3-GC31-LL',7,0.0001721788167432,325.691643140161,284.1224185379114,b'ssp245',3.9600170482688233,291.3944764860785,301.04574377135134,273.8415987841972,b'2015-05-19/2015-05-25',1431993600
2396,25,11,79.68121359767026,0.0107185727189275,b'HadGEM3-GC31-LL',7,0.0003283278314414,324.34593810358035,311.79491789037,b'ssp245',4.588625054897394,292.1751311719367,303.4679155247186,273.8415987841972,b'2015-05-26/2015-06-01',1432598400
2396,25,11,85.74653675882132,0.0119728853051487,b'HadGEM3-GC31-LL',7,0.0002727575529141,352.4109096888451,258.4401648424249,b'ssp245',3.740475868808468,293.47116628485054,302.4973105518336,283.0750742266256,b'2015-06-02/2015-06-08',1433203200
2396,25,11,87.88426493931028,0.0142321080127725,b'HadGEM3-GC31-LL',7,0.0006714535325683,360.8538788565802,282.18656189048187,b'ssp245',3.342253046203421,295.7948011224802,306.6449780754719,283.69670489640504,b'2015-06-09/2015-06-15',1433808000
2396,25,11,77.31584014085236,0.011753390203474,b'HadGEM3-GC31-LL',7,0.0002958757534165,337.5196172867564,324.4729210586144,b'ssp245',3.1692430513835768,293.8730773352828,303.35538040580434,281.5453641793492,b'2015-06-16/2015-06-22',1434412800
2396,25,11,77.95519185233063,0.0112118055766762,b'HadGEM3-GC31-LL',7,0.0002650983166732,337.4591301134939,287.5686059584897,b'ssp245',4.112443185621692,292.66334282894104,300.84309516642395,281.7275790963122,b'2015-06-23/2015-06-29',1435017600
2396,25,11,81.7323542860389,0.0145486401561548,b'HadGEM3-GC31-LL',7,5.0544771423053247e-05,362.8711438573736,318.7943119765916,b'ssp245',3.3320958510989884,296.97909302653704,307.5553658142454,279.5330914095169,b'2015-06-30/2015-07-06',1435622400
2396,25,11,83.92456846990811,0.0150888105911615,b'HadGEM3-GC31-LL',7,0.0006007098723878,373.8484848082361,273.69117686813206,b'ssp245',4.680551226156567,298.0705714749077,305.75019462703943,283.1320594413876,b'2015-07-07/2015-07-13',1436227200
2396,25,11,82.94812516829202,0.017130282528369,b'HadGEM3-GC31-LL',7,0.0004788775487786,384.6831196259061,274.3950001211536,b'ssp245',3.8408272249297,300.66916776944555,313.1790992071409,288.7230044493681,b'2015-07-14/2015-07-20',1436832000
2396,25,11,81.81809190215257,0.0135939705722385,b'HadGEM3-GC31-LL',7,0.0003876519429495,360.8036373755004,261.5741763957268,b'ssp245',3.3268808586073724,295.4395900400126,302.1901176206527,285.2850254655881,b'2015-07-21/2015-07-27',1437436800
2396,25,11,80.49591554198011,0.0141831507113445,b'HadGEM3-GC31-LL',7,0.0003087207102173,365.7105345940057,256.35613709485744,b'ssp245',3.2769819041693404,296.0948291732338,305.45608972620084,283.37771595507115,b'2015-07-28/2015-08-03',1438041600
2396,25,11,86.47221123714418,0.015812996352566,b'HadGEM3-GC31-LL',7,0.0006063775892216,378.3761538446794,242.49914520570985,b'ssp245',3.3792827673425525,298.51342277051566,306.6314172596629,289.272927670496,b'2015-08-04/2015-08-10',1438646400
2396,25,11,82.47425399353163,0.0149143963815673,b'HadGEM3-GC31-LL',7,0.0002539876653459,369.46153421527305,249.31932715308363,b'ssp245',3.1829491075669405,297.35415997873866,306.6055134143169,282.94797285255424,b'2015-08-11/2015-08-17',1439251200
2396,25,11,87.44144524468315,0.0170832216680204,b'HadGEM3-GC31-LL',7,0.000401702387969,389.7787256509417,215.56358515538747,b'ssp245',2.65674625459965,300.28611818135533,308.27922913108114,291.8146004625546,b'2015-08-18/2015-08-24',1439856000
2396,25,11,78.03118238499556,0.0143675071863356,b'HadGEM3-GC31-LL',7,0.000156981525294,368.8322139544014,235.0115347017626,b'ssp245',3.605345904471057,297.8547864198726,307.1208306133676,285.16216723807827,b'2015-08-25/2015-08-31',1440460800
2396,25,11,76.62670179381064,0.0110783549187789,b'HadGEM3-GC31-LL',7,0.0006362311676252,345.4080702102434,224.56722376716485,b'ssp245',4.322434098754326,292.9183484878449,304.47079340161105,278.59909309195785,b'2015-09-01/2015-09-07',1441065600
2396,25,11,71.91879614670339,0.0110125797997029,b'HadGEM3-GC31-LL',7,1.2108804948667115e-06,341.7522521076766,232.3718645883961,b'ssp245',3.541266692337841,294.0327418871475,308.7628927834715,279.4923407441827,b'2015-09-08/2015-09-14',1441670400
2396,25,11,82.13966844529092,0.0121350030628237,b'HadGEM3-GC31-LL',7,2.8621114132991204e-05,349.87546502455325,219.0185015721215,b'ssp245',1.84047525747784,294.1648285073578,303.2749914536197,282.74280926375127,b'2015-09-15/2015-09-21',1442275200
2396,25,11,72.07210000307207,0.008811496155895,b'HadGEM3-GC31-LL',7,4.993999884495402e-05,329.78999020520644,205.17379083615515,b'ssp245',3.9209025483994906,290.52384228632303,303.47764188158044,278.2635893280504,b'2015-09-22/2015-09-28',1442880000
2396,25,11,69.87935784986594,0.0071902730208357,b'HadGEM3-GC31-LL',7,4.312963623362636e-05,312.29636935305524,181.8584365805661,b'ssp245',4.911911079390786,287.2507842064392,299.93050308865594,271.6048042178866,b'2015-09-29/2015-10-05',1443484800
2396,25,11,72.4948138067555,0.007973629157093,b'HadGEM3-GC31-LL',7,2.845480777783918e-05,311.57413035371763,185.2513229674824,b'ssp245',3.270631039095812,288.3406170963692,301.0112503762741,274.6066326838668,b'2015-10-06/2015-10-12',1444089600
2396,25,11,77.76041125095549,0.0082967060178271,b'HadGEM3-GC31-LL',7,9.279588577388502e-05,321.0437332260098,147.79348161615675,b'ssp245',3.8843677479733705,289.1446336680131,298.0877997650183,276.67847259412105,b'2015-10-13/2015-10-19',1444694400
2396,25,11,72.53316523064768,0.0063342969922784,b'HadGEM3-GC31-LL',7,7.429347509452691e-05,297.9366500758132,154.59233450315818,b'ssp245',4.416773081680353,285.0777181093757,297.3075091910049,272.4531958430756,b'2015-10-20/2015-10-26',1445299200
2396,25,11,70.3172900494017,0.0050960635698989,b'HadGEM3-GC31-LL',7,2.3799082686822586e-05,287.1639169698527,132.4195158711512,b'ssp245',5.174971610170355,282.4750062754016,293.6481437364075,272.00259475981466,b'2015-10-27/2015-11-02',1445904000
2396,25,11,67.50710441627119,0.0035896813672195,b'HadGEM3-GC31-LL',7,3.008505123490788e-05,263.11774174120063,130.3616112394735,b'ssp245',4.060368995004027,278.4000952831815,288.1304045281815,267.6086722206471,b'2015-11-03/2015-11-09',1446508800
2396,25,11,75.95032077756102,0.0041845553555547,b'HadGEM3-GC31-LL',7,5.601516460057597e-05,278.28392703070494,108.35300504154142,b'ssp245',4.773474860626757,278.04301473210955,287.7041996416938,269.13771562109144,b'2015-11-10/2015-11-16',1447113600
2396,25,11,68.57399992023969,0.0031204563813324,b'HadGEM3-GC31-LL',7,0.0001577646069567,262.3940981571779,101.66067504687489,b'ssp245',4.345520822601852,276.09660334928105,285.49822465721144,267.6970499601558,b'2015-11-17/2015-11-23',1447718400
2396,25,11,78.18215140899225,0.0051856053845912,b'HadGEM3-GC31-LL',7,0.0002689493141957,298.8011589642779,86.92065041511614,b'ssp245',5.950377145243253,280.02273286636176,290.97030315148504,270.32999561451106,b'2015-11-24/2015-11-30',1448323200
2396,25,11,83.33913357824692,0.0034579983503493,b'HadGEM3-GC31-LL',7,0.0001457565516018,266.4952320386005,82.51783346295622,b'ssp245',5.334153678621076,273.3100404155033,285.65919981378806,262.9026542854993,b'2015-12-01/2015-12-07',1448928000
2396,25,11,82.05276243148312,0.0038829274139938,b'HadGEM3-GC31-LL',7,0.0005793430715487,275.844158653758,68.50524262654372,b'ssp245',5.042035520880432,275.7696540755692,282.3388517646379,269.5190161701599,b'2015-12-08/2015-12-14',1449532800
2396,25,11,79.61748776010208,0.00516325436144,b'HadGEM3-GC31-LL',7,0.0002257630723571,295.0502907055843,67.58747910777748,b'ssp245',6.429450684103223,280.2566845580201,290.501784931944,272.57882752412826,b'2015-12-15/2015-12-21',1450137600
2396,25,11,64.7594637677905,0.0022097842085992,b'HadGEM3-GC31-LL',7,5.553792935038044e-05,231.5968155295272,91.82315145773497,b'ssp245',6.955706360275417,273.2028431382108,288.2798014906288,265.3662979326511,b'2015-12-22/2015-12-28',1450742400
2396,25,11,71.26212508069267,0.0030261523200657,b'HadGEM3-GC31-LL',7,0.0003861083542419,250.4097641884497,83.1618306325511,b'ssp245',4.845015990121675,275.2920235228388,286.75939084580585,268.29652278995854,b'2015-12-29/2016-01-04',1451347200
2396,25,11,82.46896210732487,0.0024431811786183,b'HadGEM3-GC31-LL',7,0.0002522950492494,248.1967503029569,85.49905888377897,b'ssp245',4.958076981396211,269.2031712529602,277.9971482289449,254.1189199468141,b'2016-01-05/2016-01-11',1451952000
2396,25,11,78.10247948837475,0.0020239620763896,b'HadGEM3-GC31-LL',7,0.0004247101814981,230.2387757920673,90.56354999818949,b'ssp245',7.196758722237585,266.23842678535595,284.7381211147513,245.07366996227344,b'2016-01-12/2016-01-18',1452556800
2396,25,11,74.93613806257558,0.0042134112815011,b'HadGEM3-GC31-LL',7,0.000374966825473,281.56677409906314,86.07727629724552,b'ssp245',5.02187181463175,279.0619556943311,284.8609764618686,274.150379577418,b'2016-01-19/2016-01-25',1453161600
2396,25,11,67.20298898934219,0.003268889913548,b'HadGEM3-GC31-LL',7,0.0005110957482905,266.08382666178136,96.61106261777316,b'ssp245',8.470511062415026,276.7292116382949,287.55570416923354,268.42016131219896,b'2016-01-26/2016-02-01',1453766400
2396,25,11,58.57471792908289,0.0015741659954011,b'HadGEM3-GC31-LL',7,0.0,210.82225552279093,141.44622062061973,b'ssp245',6.152796169335696,269.6902837927461,282.1347624164613,258.3462108397854,b'2016-02-02/2016-02-08',1454371200
2396,25,11,76.72487232021392,0.0029129074529346,b'HadGEM3-GC31-LL',7,0.0002957758299683,253.52986841157835,116.64149492872232,b'ssp245',5.846820989959698,271.75266672796226,283.8140554849677,256.9612561297673,b'2016-02-09/2016-02-15',1454976000
2396,25,11,81.96900162547902,0.0022104783991242,b'HadGEM3-GC31-LL',7,0.0001853013647302,236.72366383011016,138.00294524057873,b'ssp245',5.880539655400576,267.6242250337355,278.1087333651854,251.44872375998733,b'2016-02-16/2016-02-22',1455580800
2396,25,11,75.06220862067464,0.0017298010034968,b'HadGEM3-GC31-LL',7,3.340229447183565e-05,218.39593188130704,163.76475011458027,b'ssp245',8.342997538675158,264.1974827691056,279.27388698710047,252.02967985784423,b'2016-02-23/2016-02-29',1456185600
2396,25,11,83.20714193546928,0.0026092403231936,b'HadGEM3-GC31-LL',7,0.000340283342986,245.3921385552009,146.9421342718538,b'ssp245',5.120847883841388,269.08406883353035,280.1853585921166,252.02967985784423,b'2016-03-01/2016-03-07',1456790400
2396,25,11,79.96718878419678,0.0044785858785094,b'HadGEM3-GC31-LL',7,0.0003004040764365,276.2393215926236,157.73722753021818,b'ssp245',5.134133069745956,277.58792538764146,286.6185020164207,263.9153978719221,b'2016-03-08/2016-03-14',1457395200
2396,25,11,75.38910814575988,0.0047215736099318,b'HadGEM3-GC31-LL',7,0.0001673868910608,271.2456814814273,182.72697158217085,b'ssp245',6.874682824671481,280.0346834905767,290.6540203937636,269.9392230217318,b'2016-03-15/2016-03-21',1458000000
2396,25,11,82.88248150746232,0.0053169018692917,b'HadGEM3-GC31-LL',7,0.0002921409564531,280.1152233821089,172.8884192598743,b'ssp245',3.972956435919255,280.4635137273786,289.61465381180227,268.583342557882,b'2016-03-22/2016-03-28',1458604800
2396,25,11,79.77239886581908,0.0042943961724904,b'HadGEM3-GC31-LL',7,0.0003401251958064,265.6652824582857,208.24722764157949,b'ssp245',5.889676127992894,277.74299637468465,288.65262154382043,265.19976558708095,b'2016-03-29/2016-04-04',1459209600
2396,25,11,75.17621626221579,0.0051364054111628,b'HadGEM3-GC31-LL',7,9.411660637802054e-06,247.67859190904883,254.0595439358119,b'ssp245',4.294370844474444,281.5733195674523,294.7884660034909,270.2834719859571,b'2016-04-05/2016-04-11',1459814400
2396,25,11,85.81826220992727,0.0078426948936096,b'HadGEM3-GC31-LL',7,0.0005113790550362,303.7709673184709,214.3099860513469,b'ssp245',6.323263624907151,285.3084861337376,299.8754660037826,269.8195147041494,b'2016-04-12/2016-04-18',1460419200
2396,25,11,86.16871429380856,0.0092854305399531,b'HadGEM3-GC31-LL',7,0.0002175603835735,325.3858890302313,223.7768927367601,b'ssp245',4.270087438468783,289.3774604908048,301.33877330128297,278.66428604034826,b'2016-04-19/2016-04-25',1461024000
2396,25,11,85.11970719511466,0.0091561941608956,b'HadGEM3-GC31-LL',7,0.0001620238121836,316.6459361315791,230.5261743834939,b'ssp245',3.450831473982564,289.473387890575,297.961745213152,280.80999949100914,b'2016-04-26/2016-05-02',1461628800
2396,25,11,82.03674415501133,0.0089275215339613,b'HadGEM3-GC31-LL',7,0.0007805812174528,317.85524360538244,236.595037431354,b'ssp245',4.8734355131134,289.07095955703664,299.4667341626531,277.8643653714672,b'2016-05-03/2016-05-09',1462233600
2396,25,11,79.29059154186909,0.0080068797353298,b'HadGEM3-GC31-LL',7,0.0001780427803938,304.1849318512635,264.97035345157923,b'ssp245',4.283962550434283,287.8369517003255,300.9642051414207,275.03888468132794,b'2016-05-10/2016-05-16',1462838400
2396,25,11,82.83878680605349,0.009421876435605,b'HadGEM3-GC31-LL',7,0.0007091332012911,322.8032138379773,238.9430080921012,b'ssp245',4.413320303736419,289.87109944828137,303.61107158774826,279.2485580535488,b'2016-05-17/2016-05-23',1463443200
2396,25,11,78.74292860993104,0.0091644255533422,b'HadGEM3-GC31-LL',7,0.0001735756464147,309.31595657017886,309.9904049327907,b'ssp245',4.112673649183209,289.5282604232504,300.4603211324275,275.35547363572937,b'2016-05-24/2016-05-30',1464048000
2396,25,11,77.88651873785027,0.0107418893431736,b'HadGEM3-GC31-LL',7,0.0002623066576625,316.6895436464184,338.29805519532414,b'ssp245',3.4407209131493466,291.8051406644192,304.5591566297743,277.2226168724798,b'2016-05-31/2016-06-06',1464652800
2396,25,11,89.81326622872614,0.0129356037608847,b'HadGEM3-GC31-LL',7,0.0005161646520625,358.4110841114665,261.4962010641598,b'ssp245',3.449978121251941,293.4159421098784,307.7382244807418,277.06806783550815,b'2016-06-07/2016-06-13',1465257600
2396,25,11,81.08741248111754,0.0130826048681743,b'HadGEM3-GC31-LL',7,7.45356030614372e-05,350.9742716294259,309.59447570790365,b'ssp245',2.293179169859286,295.0050681368608,307.43230898548336,282.98897863317416,b'2016-06-14/2016-06-20',1465862400
2396,25,11,82.29125928121901,0.0126738816915856,b'HadGEM3-GC31-LL',7,0.0005017332345657,353.7432680483218,287.85957521073016,b'ssp245',4.031242627010225,294.1574276274515,303.3345579742103,284.44394438639904,b'2016-06-21/2016-06-27',1466467200
2396,25,11,73.61167929070378,0.0137479132200926,b'HadGEM3-GC31-LL',7,0.0001126180176073,358.3517237603206,324.93878198308863,b'ssp245',3.3656864707472787,297.6387584378317,306.85760381372745,284.9526928681769,b'2016-06-28/2016-07-04',1467072000
2396,25,11,82.07580662441043,0.0143570592936892,b'HadGEM3-GC31-LL',7,0.0002913109537246,365.4490339256713,293.2786645584901,b'ssp245',3.464784335512252,296.9927955649578,307.77670247979205,280.4251345471527,b'2016-07-05/2016-07-11',1467676800
2396,25,11,71.23788024907553,0.0113958475707862,b'HadGEM3-GC31-LL',7,0.0001305280908505,341.3407572511724,303.1583707034334,b'ssp245',3.904981528559039,293.14633120894734,303.3417943956747,278.92212428157904,b'2016-07-12/2016-07-18',1468281600
2396,25,11,80.90278137696646,0.0133180811471586,b'HadGEM3-GC31-LL',7,0.0003090346185183,361.2229204387831,262.6883382541691,b'ssp245',3.060292740734105,294.8327973823658,304.0197120219861,281.8515635573593,b'2016-07-19/2016-07-25',1468886400
2396,25,11,75.87452802643432,0.0129084655998188,b'HadGEM3-GC31-LL',7,0.0001581492348363,358.1401372448254,276.17731397049,b'ssp245',3.601871639474868,294.81404906268165,307.9060841768873,284.32095194717465,b'2016-07-26/2016-08-01',1469491200
2396,25,11,73.97787650597138,0.0124679058891938,b'HadGEM3-GC31-LL',7,0.0002242021994523,351.3708352751243,279.7002316169068,b'ssp245',3.1229506518007,294.5415631339989,307.41884311325094,279.3891624897328,b'2016-08-02/2016-08-08',1470096000
2396,25,11,84.14845674081474,0.0143829180759999,b'HadGEM3-GC31-LL',7,0.0007591476636519,370.92874953892886,228.56621056299687,b'ssp245',2.9098694497233955,296.8972771549046,305.3986498833842,284.8389767153431,b'2016-08-09/2016-08-15',1470700800
2396,25,11,80.24444825145893,0.0129389663507141,b'HadGEM3-GC31-LL',7,7.977653115142553e-05,367.1439305084276,224.16797625048,b'ssp245',3.740720815637409,295.3218017046841,308.0098742777872,284.4194204314493,b'2016-08-16/2016-08-22',1471305600
2396,25,11,69.11741325338052,0.0090608944905624,b'HadGEM3-GC31-LL',7,5.834437555437543e-05,328.88638517135934,246.1183171712573,b'ssp245',3.253867947377734,290.557524488859,301.5909889795447,278.6816549175814,b'2016-08-23/2016-08-29',1471910400
2396,25,11,81.0448886059437,0.0098859661251285,b'HadGEM3-GC31-LL',7,0.0002633142007614,349.8537367745703,181.90443770172124,b'ssp245',3.5718895618694595,291.2156691465753,300.41056063525565,283.76198713696846,b'2016-08-30/2016-09-05',1472515200
2396,25,11,82.48847484116587,0.012402289799448,b'HadGEM3-GC31-LL',7,0.0001849389456669,361.9581857509714,201.9672649336016,b'ssp245',3.6542667404216473,294.7099027566931,303.0212271449956,283.21656400072106,b'2016-09-06/2016-09-12',1473120000
2396,25,11,79.35660290331498,0.0104889520664129,b'HadGEM3-GC31-LL',7,0.0004395244741739,345.6728947475555,204.55472139800284,b'ssp245',3.529938567435504,291.678210999254,301.47201082327604,276.55677811817463,b'2016-09-13/2016-09-19',1473724800
2396,25,11,80.0459125581954,0.0090903067865325,b'HadGEM3-GC31-LL',7,0.0003833019973486,333.8428856217632,189.01062850834955,b'ssp245',4.30195066619192,289.491051166858,299.4202795541415,278.8882420401989,b'2016-09-20/2016-09-26',1474329600
2396,25,11,76.78457667775113,0.0080835238803431,b'HadGEM3-GC31-LL',7,6.481607941270959e-05,323.4146735443152,181.73066402551848,b'ssp245',3.487226585231761,288.8751330137212,296.307869859921,280.2808005493601,b'2016-09-27/2016-10-03',1474934400
2396,25,11,83.81647333632476,0.0102311495162532,b'HadGEM3-GC31-LL',7,4.937162856750028e-05,332.54086278188475,181.9893400990164,b'ssp245',2.681321167420926,290.66389590600465,301.14551802148674,278.4807240111284,b'2016-10-04/2016-10-10',1475539200
2396,25,11,83.09005048458519,0.0099508859303638,b'HadGEM3-GC31-LL',7,0.0002319401898506,342.9583643196915,149.4447686826436,b'ssp245',3.5316199204644607,291.0287937438413,298.9612429310059,279.6530251998628,b'2016-10-11/2016-10-17',1476144000
2396,25,11,71.69740533446225,0.0061880017262454,b'HadGEM3-GC31-LL',7,3.6015699396060136e-05,300.26272337158747,148.19626867838292,b'ssp245',6.015590412174399,285.8357227258378,296.3032701280382,277.7969215238109,b'2016-10-18/2016-10-24',1476748800
2396,25,11,73.49681414831903,0.0052833991723853,b'HadGEM3-GC31-LL',7,9.921926964582768e-05,290.5945383785812,131.09396298368304,b'ssp245',5.2010963380204505,282.7070357867487,290.4196172096681,273.5972575161477,b'2016-10-25/2016-10-31',1477353600
2396,25,11,76.65661723834701,0.0052937953869609,b'HadGEM3-GC31-LL',7,0.0003745239994299,303.0837290096983,111.25657741574628,b'ssp245',5.759933389928036,282.30334900287784,291.35967922780395,275.8880452255194,b'2016-11-01/2016-11-07',1477958400
2396,25,11,80.84304746675662,0.0060174255179634,b'HadGEM3-GC31-LL',7,0.0001865156473814,293.15226481786505,113.41855805203824,b'ssp245',3.873283625218746,282.7422697188037,292.7814770405723,274.42344372018977,b'2016-11-08/2016-11-14',1478563200
2396,25,11,80.24711834552204,0.0050129442795475,b'HadGEM3-GC31-LL',7,0.0007577891400208,302.4352314850234,78.31132921673654,b'ssp245',6.878186324611624,280.6202337314172,290.12286883756394,272.5844138816551,b'2016-11-15/2016-11-21',1479168000
2396,25,11,79.7142004497142,0.003864058475804,b'HadGEM3-GC31-LL',7,0.000674050344319,280.1109752690839,87.79084659855731,b'ssp245',5.882973665181107,276.0537869111123,283.51614912208544,266.1323550644741,b'2016-11-22/2016-11-28',1479772800
2396,25,11,83.13789408824248,0.0039978629325212,b'HadGEM3-GC31-LL',7,8.424311888338836e-06,276.6695220447233,86.06228554096212,b'ssp245',3.8382413239177127,275.69441423417766,287.43344805317537,261.39483135774856,b'2016-11-29/2016-12-05',1480377600
2396,25,11,73.8445988896154,0.0036523833462052,b'HadGEM3-GC31-LL',7,6.0717573596118026e-05,261.5384966252424,85.4829875290404,b'ssp245',6.465218540099848,277.0931322677568,288.8868526700292,268.1707259420853,b'2016-12-06/2016-12-12',1480982400
2396,25,11,66.69693513900515,0.0021246211058223,b'HadGEM3-GC31-LL',7,9.725303059703698e-06,230.00269401877136,88.98719080195612,b'ssp245',5.903223267918379,272.12331618390243,278.2328729663699,265.23316621951307,b'2016-12-13/2016-12-19',1481587200
2396,25,11,73.01097272829628,0.0026420667380228,b'HadGEM3-GC31-LL',7,5.045258153799722e-05,241.84377124875576,84.59018102418972,b'ssp245',5.1027396076835245,273.3932441728353,278.8112994960844,267.2269478527876,b'2016-12-20/2016-12-26',1482192000
2396,25,11,74.79087344597868,0.0021654427608723,b'HadGEM3-GC31-LL',7,0.0001962864911837,238.6907795666631,85.22856297438453,b'ssp245',8.241778010088218,269.6297520437142,277.92520513500364,264.01916959664584,b'2016-12-27/2017-01-02',1482796800
2396,25,11,78.47757636306433,0.0025189289881033,b'HadGEM3-GC31-LL',7,0.0003680398768103,250.5354866539584,84.4314969289545,b'ssp245',6.547575229710534,269.7482832911723,283.73827406724865,256.22068170435824,b'2017-01-03/2017-01-09',1483401600
2396,25,11,71.19525798088578,0.002612416250403,b'HadGEM3-GC31-LL',7,0.0001158634734451,249.82888580650413,92.23953192053771,b'ssp245',5.444088821424154,272.3848024919428,281.13657031862533,263.5631452444207,b'2017-01-10/2017-01-16',1484006400
2396,25,11,70.4852421238553,0.0011072285843077,b'HadGEM3-GC31-LL',7,3.240890093910087e-05,200.70210395288217,112.96181816183112,b'ssp245',6.216042835693307,261.74851325641094,273.6623163257449,250.70803752794345,b'2017-01-17/2017-01-23',1484611200
2396,25,11,71.31032702303885,0.0028482372014566,b'HadGEM3-GC31-LL',7,0.0004237293723241,256.4371596500926,97.57505473384153,b'ssp245',6.019466229928885,273.189781338714,285.37203476334986,260.9088279879079,b'2017-01-24/2017-01-30',1485216000
2396,25,11,63.91611985237368,0.0018311324235479,b'HadGEM3-GC31-LL',7,0.0001556531652918,223.9389651458527,120.97677775335956,b'ssp245',5.185867350059558,270.4243065254093,277.31325750681384,262.58830828193834,b'2017-01-31/2017-02-06',1485820800
2396,25,11,73.87215674511502,0.0012780032387789,b'HadGEM3-GC31-LL',7,0.0002694367514783,214.69638836052167,135.45889429110963,b'ssp245',9.966428390886415,262.15638890472326,278.6484214937672,252.2373546750742,b'2017-02-07/2017-02-13',1486425600
2396,25,11,74.49111742891128,0.0018873002706111,b'HadGEM3-GC31-LL',7,1.978688301353836e-06,224.6197329884321,150.71852271982905,b'ssp245',6.458898783828806,267.4499028719088,275.8085281937211,258.70277814967653,b'2017-02-14/2017-02-20',1487030400
2396,25,11,76.93694466497939,0.0030212458848595,b'HadGEM3-GC31-LL',7,0.0003436595780495,253.5894723512305,142.71130781927337,b'ssp245',6.898235919797435,272.6592730215984,280.4180418900977,260.36217751269413,b'2017-02-21/2017-02-27',1487635200
2396,25,11,80.91975720430483,0.0030157126700971,b'HadGEM3-GC31-LL',7,0.0002676889676366,247.63343297460625,155.9274204369392,b'ssp245',5.360557832781376,272.2737925643908,279.6280441739938,262.23199758222034,b'2017-02-28/2017-03-06',1488240000
2396,25,11,78.72017716946384,0.0017402535412318,b'HadGEM3-GC31-LL',7,0.0002778724118053,222.53839745743727,164.65278593845633,b'ssp245',7.450186251535984,266.232992010447,274.88766891497727,254.45637131193067,b'2017-03-07/2017-03-13',1488844800
2396,25,11,87.39996833885911,0.0035331196266598,b'HadGEM3-GC31-LL',7,0.0004857777541446,258.3619439691016,165.10178886474776,b'ssp245',6.429335171786931,273.4194340677387,279.86062884587113,264.8964794163493,b'2017-03-14/2017-03-20',1489449600
2396,25,11,81.4476549585111,0.0025378616941915,b'HadGEM3-GC31-LL',7,5.696823803757015e-05,230.7784373199885,209.00354749266447,b'ssp245',5.045971867533182,269.7415499644061,278.3788828057912,255.40523641169284,b'2017-03-21/2017-03-27',1490054400
2396,25,11,89.1334975008713,0.0041966556855875,b'HadGEM3-GC31-LL',7,0.0002804767521215,273.6774804733336,188.3081291629748,b'ssp245',5.405686508410823,275.48350378799245,281.45688635531,268.6430067565991,b'2017-03-28/2017-04-03',1490659200
2396,25,11,79.71766129230187,0.0034913897150651,b'HadGEM3-GC31-LL',7,0.0002223805658222,256.2372286904487,201.26358145775487,b'ssp245',4.7118091876239445,274.6407560552625,280.9406802087417,264.71629335319125,b'2017-04-04/2017-04-10',1491264000
2396,25,11,91.37927235676418,0.006962872492596,b'HadGEM3-GC31-LL',7,0.0002761274185736,304.6073043023712,210.72791772866177,b'ssp245',2.9186521011482105,282.5227804527407,294.4126246006828,266.91933894185894,b'2017-04-11/2017-04-17',1491868800
2396,25,11,78.2722098771613,0.0051395339254854,b'HadGEM3-GC31-LL',7,1.7201861564049172e-05,278.15179618370576,231.2144978736972,b'ssp245',3.7532095630780526,280.71120663701646,289.92999708752194,273.24700413638976,b'2017-04-18/2017-04-24',1492473600
2396,25,11,87.1934806483865,0.0064266323410629,b'HadGEM3-GC31-LL',7,0.0005579043022727,299.6810136004954,205.17974448802224,b'ssp245',3.845133160299603,283.0283994061037,291.9388472945602,274.7005714407389,b'2017-04-25/2017-05-01',1493078400
2396,25,11,85.26589521521043,0.00785023195718,b'HadGEM3-GC31-LL',7,0.0002327260284477,301.3976893166996,244.95121781283584,b'ssp245',4.378526019366412,285.98522763269347,296.1435172788558,274.2249425161127,b'2017-05-02/2017-05-08',1493683200
2396,25,11,85.50136431908724,0.008409827016135,b'HadGEM3-GC31-LL',7,0.0006283284921356,311.24078234757025,243.7191065957388,b'ssp245',4.246431094832257,286.9857936480852,298.36013695501515,276.58713191498424,b'2017-05-09/2017-05-15',1494288000
2396,25,11,85.31535431679085,0.0086355729522617,b'HadGEM3-GC31-LL',7,0.0004273277552781,316.7990982256198,251.0159428094023,b'ssp245',3.858985329146352,287.6379253740989,298.7170744135958,276.7375288476795,b'2017-05-16/2017-05-22',1494892800
2396,25,11,79.56189480762187,0.0087626344020592,b'HadGEM3-GC31-LL',7,0.0001622579313596,320.5453541995438,266.32138068294705,b'ssp245',3.00750243049328,288.84633223297124,299.137289651121,275.5037632512648,b'2017-05-23/2017-05-29',1495497600
2396,25,11,83.43234145500938,0.0106916580640731,b'HadGEM3-GC31-LL',7,0.0004821682526011,333.9885852538312,280.7691680626935,b'ssp245',3.718166100101924,291.60314964324385,299.9644907742845,282.13869546505146,b'2017-05-30/2017-06-05',1496102400
2396,25,11,86.18248339117663,0.0124884237716348,b'HadGEM3-GC31-LL',7,0.0004157220069303,345.64027042522395,290.81952478031513,b'ssp245',3.453575356622303,293.96137268931045,301.9062863148242,281.4026472850513,b'2017-06-06/2017-06-12',1496707200
2396,25,11,79.44176435234564,0.012910622440534,b'HadGEM3-GC31-LL',7,0.0001029374925695,347.09164591221344,325.1442374655728,b'ssp245',3.104962402652363,295.0272455874676,306.6617967612427,282.42529818262534,b'2017-06-13/2017-06-19',1497312000
2396,25,11,77.63811890471409,0.0127859834060555,b'HadGEM3-GC31-LL',7,0.0001179860178935,353.69361596954707,305.7183866199729,b'ssp245',4.655340964201266,294.8816701560567,308.1177378737656,281.3282624202532,b'2017-06-20/2017-06-26',1497916800
2396,25,11,79.43741588524166,0.0129837279546103,b'HadGEM3-GC31-LL',7,0.0001773833959907,355.0426569227514,307.1182135109772,b'ssp245',2.993992688306303,295.3579373663248,306.92652089108697,285.3350737832638,b'2017-06-27/2017-07-03',1498521600
2396,25,11,76.50740006214563,0.0126632249547397,b'HadGEM3-GC31-LL',7,0.0001776257302757,354.7045193965331,298.62983807526183,b'ssp245',4.008467840607163,294.7596374865908,304.0240437315072,282.44945468697495,b'2017-07-04/2017-07-10',1499126400
2396,25,11,88.11841069416985,0.0161060328283945,b'HadGEM3-GC31-LL',7,0.0005444580233506,378.9451433798013,254.44515037764492,b'ssp245',2.988575586261024,298.53660681158595,305.299239911771,286.30375089839083,b'2017-07-11/2017-07-17',1499731200
2396,25,11,91.22838771837648,0.0170829606152349,b'HadGEM3-GC31-LL',7,0.0004548025015385,382.76047026384686,261.0312270532189,b'ssp245',2.2581442537558405,299.40185729699203,309.2037379038092,290.8311632673658,b'2017-07-18/2017-07-24',1500336000
2396,25,11,81.14551212788035,0.0146181394030848,b'HadGEM3-GC31-LL',7,0.0002133244245,371.88874707252097,262.3443417279747,b'ssp245',3.858084295080432,297.03903016980587,308.08114751635776,281.0622250501115,b'2017-07-25/2017-07-31',1500940800
2396,25,11,84.82528897865089,0.0157091565473717,b'HadGEM3-GC31-LL',7,0.0003571274839372,377.1104422662217,250.35286751060403,b'ssp245',3.405289690289853,298.82160531190664,307.87876186575943,290.80849629063766,b'2017-08-01/2017-08-07',1501545600
2396,25,11,76.14977814699932,0.0127753378938801,b'HadGEM3-GC31-LL',7,8.917634606672351e-05,356.3062591057911,267.28060602909835,b'ssp245',2.999406998424852,294.8912981264134,305.81940349911565,282.7969765794178,b'2017-08-08/2017-08-14',1502150400
2396,25,11,76.76902077201692,0.0130852949340611,b'HadGEM3-GC31-LL',7,0.0003995944546635,360.7741887980831,234.7259033171873,b'ssp245',3.640011111712126,295.72192940660705,304.0306292936081,284.449793260727,b'2017-08-15/2017-08-21',1502755200
2396,25,11,77.21655857068603,0.012539231494186,b'HadGEM3-GC31-LL',7,0.000140371453937,354.750319744422,245.86353687573504,b'ssp245',3.227661526331338,294.4079260083062,304.2243127674755,281.911213244731,b'2017-08-22/2017-08-28',1503360000
2396,25,11,74.66496200288067,0.0109783390670903,b'HadGEM3-GC31-LL',7,0.0003310832821343,344.82946310647213,224.5735194083672,b'ssp245',4.112615415394397,292.2149812015053,304.4224681421278,275.4473755903711,b'2017-08-29/2017-09-04',1503964800
2396,25,11,74.36801364141472,0.0086696572858667,b'HadGEM3-GC31-LL',7,5.069568296246261e-05,323.49581354456683,225.4486354444393,b'ssp245',3.333507510781146,289.3743474217767,298.01968394727265,278.0965444184261,b'2017-09-05/2017-09-11',1504569600
2396,25,11,73.94159316170193,0.0091632538704627,b'HadGEM3-GC31-LL',7,2.0565922803355103e-05,328.42461488368593,223.49089587046072,b'ssp245',3.6286026609902255,289.43497194237096,301.40462228645134,276.5845047780975,b'2017-09-12/2017-09-18',1505174400
2396,25,11,78.61245532865145,0.0107404661209393,b'HadGEM3-GC31-LL',7,0.0002996777055255,348.5773906352924,196.36203768603693,b'ssp245',4.499870415616105,292.74817943035856,303.85126498095883,279.9408082950642,b'2017-09-19/2017-09-25',1505779200
2396,25,11,80.65515115232999,0.0088596947408193,b'HadGEM3-GC31-LL',7,6.113103746823701e-09,324.7568177852966,192.4739983957932,b'ssp245',2.288659790297136,288.756005707282,299.4825410284592,278.2797484403585,b'2017-09-26/2017-10-02',1506384000
2396,25,11,83.0311089414931,0.0103787407889404,b'HadGEM3-GC31-LL',7,1.0928051489939802e-05,339.49610791757334,180.15397733371603,b'ssp245',2.3575226122618003,291.4249820894787,300.7352116629214,280.1227580335975,b'2017-10-03/2017-10-09',1506988800
2396,25,11,82.79827561698325,0.0094971791684517,b'HadGEM3-GC31-LL',7,0.0005204507826001,326.7397564017014,161.2955695323355,b'ssp245',3.9458143003850816,290.19479718056124,300.613851932357,277.6550673618112,b'2017-10-10/2017-10-16',1507593600
2396,25,11,83.6535011495944,0.0088413906372532,b'HadGEM3-GC31-LL',7,0.0001879613309685,333.71454396518874,138.41760723467553,b'ssp245',3.193458504248732,289.02099421863,296.9438080599659,279.97870624136607,b'2017-10-17/2017-10-23',1508198400
2396,25,11,77.59138712872414,0.0070103104180988,b'HadGEM3-GC31-LL',7,0.0008248690299663,301.06558042631394,137.68819371822607,b'ssp245',4.621763677152681,285.89346782256564,295.2842607395624,275.27674167500885,b'2017-10-24/2017-10-30',1508803200
2396,25,11,79.21632132242924,0.0065435333810727,b'HadGEM3-GC31-LL',7,4.28498811389035e-06,298.1079790200323,130.57856397210463,b'ssp245',3.603255281474408,284.6831309391301,293.163241879772,274.12184133951234,b'2017-10-31/2017-11-06',1509408000
2396,25,11,82.33228282729887,0.0057933062001366,b'HadGEM3-GC31-LL',7,0.0007381275760593,298.82753985317555,92.92633300341116,b'ssp245',6.721458620291803,282.0502209016377,291.7921037936011,272.5311548011989,b'2017-11-07/2017-11-13',1510012800
2396,25,11,80.26844852054907,0.0038239867444337,b'HadGEM3-GC31-LL',7,1.9355209267091977e-05,264.9632031918793,110.05084166923142,b'ssp245',5.492419993313818,275.70441558259733,286.9085907748096,267.18327913090604,b'2017-11-14/2017-11-20',1510617600
2396,25,11,79.61281553269409,0.0050336344090972,b'HadGEM3-GC31-LL',7,8.333105303629038e-09,281.7988954678516,99.52040874626393,b'ssp245',4.5997809503118745,280.8626002532912,288.0547074075241,274.0551635669266,b'2017-11-21/2017-11-27',1511222400
2396,25,11,79.50228809695905,0.0039153108696759,b'HadGEM3-GC31-LL',7,0.0001059233119338,273.3647688790624,82.1820110204501,b'ssp245',5.233080423454068,276.837879405532,281.2818307090404,269.9565975139075,b'2017-11-28/2017-12-04',1511827200
2396,25,11,78.85595454671599,0.0039131969003584,b'HadGEM3-GC31-LL',7,0.0006576008271069,273.32718027547514,80.13427890244351,b'ssp245',5.941324559631843,276.5913921303464,283.18930870429875,270.65544545892607,b'2017-12-05/2017-12-11',1512432000
2396,25,11,81.68405858704124,0.0048156740468323,b'HadGEM3-GC31-LL',7,1.844848251765393e-05,282.8955230374327,80.960773916614,b'ssp245',3.2336268686845373,279.6440322597313,286.1083445486344,273.56356271905565,b'2017-12-12/2017-12-18',1513036800
2396,25,11,84.70665345759211,0.0056513152650729,b'HadGEM3-GC31-LL',7,0.0016341742051044,313.09792953832374,50.49224160697848,b'ssp245',6.368538646287816,281.45145588275983,287.4950124360043,272.76420285169087,b'2017-12-19/2017-12-25',1513641600
2396,25,11,74.12517586151556,0.0035629643898337,b'HadGEM3-GC31-LL',7,4.9507862850134514e-05,271.0343683193641,79.70001474365192,b'ssp245',5.295132101263726,276.98470600555936,281.51857375642874,273.06380120827737,b'2017-12-26/2018-01-01',1514246400
2396,25,11,74.9793965212211,0.0034913035359755,b'HadGEM3-GC31-LL',7,0.0003280731120128,268.2785941946118,80.12341411530026,b'ssp245',5.897206798879985,276.2524099615292,282.05531221706525,270.2900983475442,b'2018-01-02/2018-01-08',1514851200
2396,25,11,67.60264644241919,0.0016381230840743,b'HadGEM3-GC31-LL',7,4.477037964669225e-05,226.9618846048856,95.5656327454176,b'ssp245',7.724829749292756,267.48361034689555,276.5810138150925,258.266992621382,b'2018-01-09/2018-01-15',1515456000
2396,25,11,80.49338888678459,0.0026216185464349,b'HadGEM3-GC31-LL',7,0.0002384489447469,249.44398157107057,100.24453037260012,b'ssp245',4.353372043992782,270.55818760942367,279.29833729150334,256.5084994736538,b'2018-01-16/2018-01-22',1516060800
2396,25,11,78.59026619370307,0.003143189553226,b'HadGEM3-GC31-LL',7,0.0004688875198412,269.7401656179954,86.86591341780772,b'ssp245',5.091238945005371,273.85168711214186,281.3141045245645,266.5347706784484,b'2018-01-23/2018-01-29',1516665600
2396,25,11,74.8559960513254,0.0035043995737466,b'HadGEM3-GC31-LL',7,3.94251624866864e-05,263.0036016159201,111.3333467404414,b'ssp245',4.476123832114057,275.965651713168,283.41503450491666,265.07983679184633,b'2018-01-30/2018-02-05',1517270400
2396,25,11,59.8260396191398,0.0018260181149753,b'HadGEM3-GC31-LL',7,0.0002492287464833,220.68916504145847,136.82789335366422,b'ssp245',9.73256219623642,270.3652508187607,280.25823227165705,256.5699013330604,b'2018-02-06/2018-02-12',1517875200
2396,25,11,74.59078199299026,0.0015493023326225,b'HadGEM3-GC31-LL',7,7.726398591158078e-05,213.7462827933488,146.8862640646501,b'ssp245',7.622342216295072,263.990733922596,278.5584222390233,254.19563373670505,b'2018-02-13/2018-02-19',1518480000
2396,25,11,86.64223918013045,0.0035167286640792,b'HadGEM3-GC31-LL',7,0.0005328263507399,270.2763908348467,118.8510254688852,b'ssp245',5.921500242779861,273.63420602147704,284.14014295352405,251.31723707921475,b'2018-02-20/2018-02-26',1519084800
2396,25,11,78.06387938645783,0.0025330691166472,b'HadGEM3-GC31-LL',7,0.0002497976974573,238.9659418124635,159.60845324829958,b'ssp245',6.5586766297346415,269.4941640744174,280.95634972721587,250.4406445502096,b'2018-02-27/2018-03-05',1519689600
2396,25,11,71.4757965824917,0.0031133110167929,b'HadGEM3-GC31-LL',7,0.0007379944137048,249.0216698139514,168.22758388698335,b'ssp245',6.544346939278332,274.3614673474519,285.77500319395443,264.16062487895067,b'2018-03-06/2018-03-12',1520294400
2396,25,11,83.59653308176306,0.0043725235302084,b'HadGEM3-GC31-LL',7,0.0003092574831813,267.93784483977805,157.9422322169244,b'ssp245',3.3853526187443577,277.1987904673816,287.42414580679,267.17398224423863,b'2018-03-13/2018-03-19',1520899200
2396,25,11,77.75160308111283,0.0044618917747425,b'HadGEM3-GC31-LL',7,0.0002386371130679,258.3760353396993,199.9450634397893,b'ssp245',4.984381669168689,278.2169743342741,288.9835757821834,264.4927221956789,b'2018-03-20/2018-03-26',1521504000
2396,25,11,90.42522821069925,0.0063606618641617,b'HadGEM3-GC31-LL',7,0.0006076590137632,315.02298151769213,151.84970528478405,b'ssp245',3.89159498134964,282.59493835209616,289.66257071181724,276.2121623231804,b'2018-03-27/2018-04-02',1522108800
2396,25,11,81.26174743933612,0.0076988666383687,b'HadGEM3-GC31-LL',7,3.486288957743876e-05,295.9303465421787,222.7702108013038,b'ssp245',5.139614475528257,286.778719395333,298.2467544537434,273.9458012552387,b'2018-04-03/2018-04-09',1522713600
2396,25,11,71.17056684205916,0.0062827698200976,b'HadGEM3-GC31-LL',7,4.577846196786085e-05,273.64185731324307,235.9658710501222,b'ssp245',5.864005919629181,285.2785994605738,299.94937385367666,270.838046020362,b'2018-04-10/2018-04-16',1523318400
2396,25,11,77.88724218844797,0.0055255752074639,b'HadGEM3-GC31-LL',7,0.0002762944148253,279.2990808729467,215.8630340636072,b'ssp245',4.758242021833473,282.2070772269009,292.0589508093101,271.4757278059546,b'2018-04-17/2018-04-23',1523923200
2396,25,11,82.98589823681007,0.0074603035977676,b'HadGEM3-GC31-LL',7,0.0002661419005549,295.76930218586074,227.2718318034854,b'ssp245',4.257692238926013,285.9066003765908,295.5714368740433,271.3667991209771,b'2018-04-24/2018-04-30',1524528000
2396,25,11,84.17646338610463,0.0077890229079522,b'HadGEM3-GC31-LL',7,0.0003205359538033,300.2777468903843,234.5573263589912,b'ssp245',3.929422560477138,286.75435776848053,296.05839810206186,276.8882131268901,b'2018-05-01/2018-05-07',1525132800
2396,25,11,82.83192335377173,0.0086340810105338,b'HadGEM3-GC31-LL',7,0.0001871483767445,309.7161928780109,254.1560322126241,b'ssp245',3.55235627475178,288.335773322826,304.27145896191524,274.06094743188567,b'2018-05-08/2018-05-14',1525737600
2396,25,11,90.05505889616519,0.0113497912593822,b'HadGEM3-GC31-LL',7,0.0005177816681701,331.1924145280715,244.0628003525559,b'ssp245',3.103510224568923,291.6288074572189,300.8460436311674,278.59743785060573,b'2018-05-15/2018-05-21',1526342400
2396,25,11,79.52964125120674,0.0091398829919477,b'HadGEM3-GC31-LL',7,0.0001086551513178,316.13426959846265,283.780017522684,b'ssp245',3.380355748895859,289.69126041254145,299.9928191445919,279.1909106766167,b'2018-05-22/2018-05-28',1526947200
2396,25,11,74.27739637967038,0.0094449471085907,b'HadGEM3-GC31-LL',7,0.0001461700519413,317.5821378401552,306.05318498196385,b'ssp245',4.385170193535616,291.11023641450555,303.23672977570567,276.8729167468801,b'2018-05-29/2018-06-04',1527552000
2396,25,11,80.57460442181842,0.0148311036181599,b'HadGEM3-GC31-LL',7,5.108161616138736e-05,363.3761169308586,322.8300388412359,b'ssp245',3.358395889953331,298.53496370121854,309.5403886838341,284.50134689349284,b'2018-06-05/2018-06-11',1528156800
2396,25,11,70.78537572628606,0.0097991154402147,b'HadGEM3-GC31-LL',7,0.0001898530051731,331.2263931402027,295.6848312588881,b'ssp245',4.423736796014483,292.5701967946782,304.32709159532044,281.65091314281614,b'2018-06-12/2018-06-18',1528761600
2396,25,11,83.98744820449758,0.0124885538523947,b'HadGEM3-GC31-LL',7,0.0003025664667546,348.3060929336977,295.76737364576746,b'ssp245',3.577593461180084,293.61470937785856,305.70139428506764,279.51611929726005,b'2018-06-19/2018-06-25',1529366400
2396,25,11,79.52896279111863,0.0138840452423132,b'HadGEM3-GC31-LL',7,0.0001051464388621,358.8308617220252,305.7214073549666,b'ssp245',3.1953923093070142,296.5644580419813,306.05270786809524,284.49741001653274,b'2018-06-26/2018-07-02',1529971200
2396,25,11,71.58367657665507,0.0147461490611824,b'HadGEM3-GC31-LL',7,4.3641298119312464e-05,365.2125083192824,345.1333675303136,b'ssp245',3.655249495273525,298.8243514459926,313.8423399566322,282.93928146818064,b'2018-07-03/2018-07-09',1530576000
2396,25,11,71.29647136414127,0.0137231228105376,b'HadGEM3-GC31-LL',7,0.000701038970393,365.7209739652504,282.6786242066888,b'ssp245',3.6312586748064897,298.1193739159723,310.9839095431275,282.4448771960989,b'2018-07-10/2018-07-16',1531180800
2396,25,11,79.0763844927742,0.0130457529452579,b'HadGEM3-GC31-LL',7,0.0002361208687723,355.3241573137765,291.3434110382023,b'ssp245',2.664259980473223,294.3956023966784,303.37850616710307,285.5075242055075,b'2018-07-17/2018-07-23',1531785600
2396,25,11,83.93206886464692,0.0149770812625022,b'HadGEM3-GC31-LL',7,0.0002828486046307,369.1263355438081,268.6630387443755,b'ssp245',2.941492399963468,297.1520405847641,304.97792846242163,286.04919025234284,b'2018-07-24/2018-07-30',1532390400
2396,25,11,87.39914902861075,0.0159189571440664,b'HadGEM3-GC31-LL',7,0.0006121566076415,376.4631521677805,243.05374059043945,b'ssp245',2.779578058502743,298.51724304105466,305.2574312308072,290.8426592791522,b'2018-07-31/2018-08-06',1532995200
2396,25,11,88.61725277110443,0.0157811028919738,b'HadGEM3-GC31-LL',7,0.0009686670833931,378.97459414485866,212.6817874625226,b'ssp245',3.197784468061099,298.3106630126412,304.25307549370666,288.8693676291116,b'2018-08-07/2018-08-13',1533600000
2396,25,11,90.99616937332948,0.0156665299754423,b'HadGEM3-GC31-LL',7,0.0003986458580776,383.8718854777539,203.7111111204867,b'ssp245',2.432183712064701,298.13856046161953,306.0460829284741,289.93818910660286,b'2018-08-14/2018-08-20',1534204800
2396,25,11,83.09247723755361,0.0139226494393549,b'HadGEM3-GC31-LL',7,0.0001037657635604,364.446450723888,220.4863494128208,b'ssp245',2.644282647175357,296.08343664723714,305.48002786761685,282.95018780160257,b'2018-08-21/2018-08-27',1534809600
2396,25,11,76.21033832493404,0.0111528178988515,b'HadGEM3-GC31-LL',7,0.0005216735888505,348.4357330223301,220.8705740370509,b'ssp245',3.570555626603397,293.16190437229653,303.96458010291826,279.8838006934527,b'2018-08-28/2018-09-03',1535414400
2396,25,11,82.91932200327487,0.0121269035379602,b'HadGEM3-GC31-LL',7,0.0003996900195219,352.64330498922766,215.52626588283945,b'ssp245',2.194016430499631,293.5209353711138,301.7157068833656,282.627189827649,b'2018-09-04/2018-09-10',1536019200
2396,25,11,73.13344836621627,0.0092382190441786,b'HadGEM3-GC31-LL',7,0.0001335402045001,327.53264611539305,224.93763446954355,b'ssp245',3.048900141958532,290.2823387467632,305.3017864705841,277.4598291686501,b'2018-09-11/2018-09-17',1536624000
2396,25,11,76.04129601664297,0.0089730993177112,b'HadGEM3-GC31-LL',7,4.303913012513786e-05,326.70403685523377,214.8342311433973,b'ssp245',3.238950419128908,289.3781855111644,299.89694746192924,276.66571041275813,b'2018-09-18/2018-09-24',1537228800
2396,25,11,77.6593572196954,0.0098805750826225,b'HadGEM3-GC31-LL',7,3.416462227407895e-05,334.46237764946125,192.55206044905623,b'ssp245',3.431264088592913,291.4121551904322,301.68402573598047,279.0090043627376,b'2018-09-25/2018-10-01',1537833600
2396,25,11,85.51390889798198,0.0090984122104081,b'HadGEM3-GC31-LL',7,0.0004485183609004,342.40039179695,137.799968919365,b'ssp245',4.590229464240562,289.90419307669026,296.1131596536761,279.7929034489457,b'2018-10-02/2018-10-08',1538438400
2396,25,11,85.95875523142857,0.0087826359489486,b'HadGEM3-GC31-LL',7,0.000325255256006,337.544829082603,142.897298315113,b'ssp245',3.742217143580132,289.3638642925231,296.71434150431463,281.9950731794752,b'2018-10-09/2018-10-15',1539043200
2396,25,11,82.864218076884,0.0079195599484489,b'HadGEM3-GC31-LL',7,0.0004132173949336,323.8635413395624,135.4975613881997,b'ssp245',4.866607862968335,287.67080971307166,296.01300840024595,280.28807944750133,b'2018-10-16/2018-10-22',1539648000
2396,25,11,82.07190357708934,0.007450470028556,b'HadGEM3-GC31-LL',7,0.0003341512891898,311.44496500901056,139.43757271819564,b'ssp245',4.3681683988370965,286.7678016549309,295.8753954159316,276.5451578848963,b'2018-10-23/2018-10-29',1540252800
2396,25,11,77.47517483631974,0.007488104979962,b'HadGEM3-GC31-LL',7,0.0003173555105793,312.5353332977893,114.7089484690562,b'ssp245',5.952289034470212,286.20701963988193,298.29286509232423,273.83031070759364,b'2018-10-30/2018-11-05',1540857600
2396,25,11,78.72967919491118,0.005197207746227,b'HadGEM3-GC31-LL',7,0.0001509749621331,284.58010851236145,116.8135031227936,b'ssp245',5.228863138573877,280.8154032170559,292.1699393396594,272.2040713001465,b'2018-11-06/2018-11-12',1541462400
2396,25,11,84.36225829390581,0.0059172518256168,b'HadGEM3-GC31-LL',7,7.113268858357782e-05,300.738203255425,95.64813880900876,b'ssp245',3.759376819517491,282.9469681476281,289.9579239529663,271.90737185825725,b'2018-11-13/2018-11-19',1542067200
2396,25,11,77.23353496707124,0.0031235948280736,b'HadGEM3-GC31-LL',7,0.0001683968249042,261.8670386310974,93.88133690035328,b'ssp245',5.497913110498317,273.41964778454155,279.97964357218865,262.5810675945761,b'2018-11-20/2018-11-26',1542672000
2396,25,11,77.20290218495859,0.0037544358801342,b'HadGEM3-GC31-LL',7,0.0005187128207506,268.79078015420066,83.68595069706858,b'ssp245',6.573948502276086,274.78051192672166,292.0618116955319,265.0959668814638,b'2018-11-27/2018-12-03',1543276800
2396,25,11,85.19863387923495,0.002840276929426,b'HadGEM3-GC31-LL',7,1.2893982251266731e-05,245.31541961393864,91.3362414901585,b'ssp245',4.563946409912357,270.5164963057636,278.1161940197506,264.275710931958,b'2018-12-04/2018-12-10',1543881600
2396,25,11,82.60347291002667,0.0033160810616568,b'HadGEM3-GC31-LL',7,0.0001965154566675,270.33722221242994,74.74359127929502,b'ssp245',5.19564652666742,273.43653840720805,279.3418362160595,266.19803592950785,b'2018-12-11/2018-12-17',1544486400
2396,25,11,78.92953674425789,0.0034569873760499,b'HadGEM3-GC31-LL',7,0.0002873542924272,269.2496208298997,75.51252517726239,b'ssp245',6.678989537524413,275.3365637692479,282.6028203930052,267.4351047529542,b'2018-12-18/2018-12-24',1545091200
2396,25,11,75.25697108417022,0.0033815004251261,b'HadGEM3-GC31-LL',7,0.0001523625367449,266.8664392151306,66.03573101595168,b'ssp245',5.365543038593988,275.7655950710012,281.6955972213472,266.98973056150595,b'2018-12-25/2018-12-31',1545696000
2396,25,11,72.57384902451466,0.0029625234277432,b'HadGEM3-GC31-LL',7,0.0002316289703258,257.10503753490224,79.92254500056232,b'ssp245',5.426420040353611,274.62528274205386,284.88833417630394,264.9921405386612,b'2019-01-01/2019-01-07',1546300800
2396,25,11,65.01545718782774,0.0023464492220282,b'HadGEM3-GC31-LL',7,0.0003113615167065,250.3136011928722,83.3769313306364,b'ssp245',4.823691082602984,272.5863743873357,282.5713061625528,265.65554116817646,b'2019-01-08/2019-01-14',1546905600
2396,25,11,75.8598799724224,0.0028947930425819,b'HadGEM3-GC31-LL',7,0.0006924562788504,256.48756944142343,85.67027934319047,b'ssp245',6.451798869391964,272.0797958465175,288.5560910533691,258.3149004609212,b'2019-01-15/2019-01-21',1547510400
2396,25,11,70.66948235598537,0.0026948993310206,b'HadGEM3-GC31-LL',7,0.00020665122185,243.12625841387185,105.05473570035043,b'ssp245',6.183590006189433,272.2969324255502,288.269856260384,259.1031455127712,b'2019-01-22/2019-01-28',1548115200
2396,25,11,67.4739289844498,0.001910960383937,b'HadGEM3-GC31-LL',7,0.0002406578689365,233.5344531242708,108.91893251806138,b'ssp245',6.485083289552536,270.3248668279353,279.9740200977029,259.69530641106866,b'2019-01-29/2019-02-04',1548720000
2396,25,11,81.04480666059503,0.0023435619310217,b'HadGEM3-GC31-LL',7,0.0001813364613928,240.43424449477263,123.34504323771512,b'ssp245',6.0489703194031765,269.3288125387942,278.9630353373866,254.0620703110416,b'2019-02-05/2019-02-11',1549324800
2396,25,11,77.36961673750245,0.0025202022684363,b'HadGEM3-GC31-LL',7,0.0001854861317351,242.39112889162408,129.785733042123,b'ssp245',6.994843042025002,268.80398342889777,279.03710554663,252.49057754279607,b'2019-02-12/2019-02-18',1549929600
2396,25,11,80.20637027540597,0.0031717358283249,b'HadGEM3-GC31-LL',7,0.0005507706756009,254.5642745693016,119.18493029126782,b'ssp245',6.086619534169392,271.1824991643215,285.06780149033705,251.1845907487038,b'2019-02-19/2019-02-25',1550534400
2396,25,11,86.04232351990319,0.0022744807793978,b'HadGEM3-GC31-LL',7,0.0005073612914975,235.45979171833665,159.33460037926804,b'ssp245',5.699819970322175,266.7714652331499,280.9273443187864,250.4894650366999,b'2019-02-26/2019-03-04',1551139200
2396,25,11,78.21573760603492,0.0028948501491553,b'HadGEM3-GC31-LL',7,0.0007473470469217,246.97886661621345,156.670492049512,b'ssp245',6.423681363043758,270.3839126224912,287.1932990690571,252.9181982516673,b'2019-03-05/2019-03-11',1551744000
2396,25,11,77.6096131311258,0.0028052868432091,b'HadGEM3-GC31-LL',7,0.0002859220858867,243.0369459426653,186.42059310545872,b'ssp245',6.006898796462751,273.1344445784114,283.7831972183719,265.70531340568294,b'2019-03-12/2019-03-18',1552348800
2396,25,11,86.35127523942784,0.0024085873066143,b'HadGEM3-GC31-LL',7,6.265871452921894e-05,234.6954260489338,204.38885496484275,b'ssp245',5.82356209709368,268.0834230474084,277.0373926743811,258.27956916325974,b'2019-03-19/2019-03-25',1552953600
2396,25,11,77.82270281053196,0.0023331696744875,b'HadGEM3-GC31-LL',7,4.845666443977552e-05,230.84801236654147,215.3519926134648,b'ssp245',4.833830403455555,269.9356809200372,281.7229898651014,259.7723779530224,b'2019-03-26/2019-04-01',1553558400
2396,25,11,80.610104390431,0.0048950215189854,b'HadGEM3-GC31-LL',7,0.0002359209532407,267.52769460839244,205.46479625607492,b'ssp245',5.5574573322171785,279.064047338613,293.6014347053628,267.19649061706616,b'2019-04-02/2019-04-08',1554163200
2396,25,11,78.95252645778704,0.0055040358315789,b'HadGEM3-GC31-LL',7,0.0001434150006884,273.46233754012343,226.00081156235663,b'ssp245',5.405843751872841,281.71415225782783,293.0665009383517,272.1094036580841,b'2019-04-09/2019-04-15',1554768000
2396,25,11,89.38302809843371,0.0069200197584611,b'HadGEM3-GC31-LL',7,0.0002760177914997,304.761804432567,184.28559383790144,b'ssp245',3.9470821766951807,282.9744565683454,296.64188322115115,269.58530020400474,b'2019-04-16/2019-04-22',1555372800
2396,25,11,85.54748255841498,0.007992940511218,b'HadGEM3-GC31-LL',7,0.0004691050703496,309.6105261674247,219.9250197819952,b'ssp245',4.324038672353611,287.09783913670475,296.9816420907188,277.96965353178445,b'2019-04-23/2019-04-29',1555977600
2396,25,11,80.03170939528671,0.0055104338779045,b'HadGEM3-GC31-LL',7,0.0007723212935788,281.1488238372256,217.5587493120393,b'ssp245',5.280559167090405,281.5863628657651,292.21514013876055,272.6729648457918,b'2019-04-30/2019-05-06',1556582400
2396,25,11,80.163939636668,0.0061986864243865,b'HadGEM3-GC31-LL',7,5.110280677128604e-05,291.31953026764546,241.6662427697456,b'ssp245',3.164629993127014,283.57323048362593,292.81477281212665,274.80354573421863,b'2019-05-07/2019-05-13',1557187200
2396,25,11,81.50812345219262,0.008483346110554,b'HadGEM3-GC31-LL',7,0.0002078249913227,307.1102594836903,274.56126332970723,b'ssp245',4.106864976484147,288.4644675957178,301.1818037135627,278.7759382642156,b'2019-05-14/2019-05-20',1557792000
2396,25,11,82.61540698240104,0.0092123721988197,b'HadGEM3-GC31-LL',7,0.0006358738542553,322.32941391061524,242.3335060813684,b'ssp245',3.260292426985184,288.9621796940838,299.0100969066187,276.0204445897037,b'2019-05-21/2019-05-27',1558396800
2396,25,11,78.5373175706162,0.0089956335736116,b'HadGEM3-GC31-LL',7,0.0001574002248798,310.511885099188,299.2237899371393,b'ssp245',3.523014664955159,289.4613350723196,300.5831158454558,277.75147884464604,b'2019-05-28/2019-06-03',1559001600
2396,25,11,76.6381126478032,0.009288397532994,b'HadGEM3-GC31-LL',7,0.000511106285373,312.7821985086212,320.62138617756955,b'ssp245',3.556407780467417,289.78522566069233,302.55098043462283,277.62992645591817,b'2019-06-04/2019-06-10',1559606400
2396,25,11,82.64401428332037,0.0117872114669843,b'HadGEM3-GC31-LL',7,0.0002399245271856,346.3631903952269,273.3218414598326,b'ssp245',3.413086214190072,293.1038086333359,304.4220068417712,279.9488559299045,b'2019-06-11/2019-06-17',1560211200
2396,25,11,90.56355133811896,0.0128595348594436,b'HadGEM3-GC31-LL',7,0.000675325847866,359.5410782071303,247.01043746747703,b'ssp245',3.3382522917827417,293.3945571474908,303.9030196578414,280.7527298465852,b'2019-06-18/2019-06-24',1560816000
2396,25,11,84.98331556500865,0.0160803320032565,b'HadGEM3-GC31-LL',7,0.0001070140415201,383.4756222992021,286.2426211136888,b'ssp245',3.4022820753171428,298.59803134171426,310.690840708597,287.388262713397,b'2019-06-25/2019-07-01',1561420800
2396,25,11,73.81802676517131,0.0114711033014882,b'HadGEM3-GC31-LL',7,0.0002802891134361,345.64781965837483,283.6674605377869,b'ssp245',4.317591016498883,293.7440642294857,307.5719757991596,282.83919912541074,b'2019-07-02/2019-07-08',1562025600
2396,25,11,88.98339765359567,0.0158074825471525,b'HadGEM3-GC31-LL',7,0.0003908524397464,377.5272537286137,279.828932705339,b'ssp245',3.0565747519283297,297.26204919823203,309.7959164855301,280.66607921240296,b'2019-07-09/2019-07-15',1562630400
2396,25,11,78.45241911823503,0.0150337138609493,b'HadGEM3-GC31-LL',7,0.0003623635086523,374.2842958824365,276.25415154434467,b'ssp245',4.547184840366079,298.75935636443234,307.9401472267142,286.1244116342196,b'2019-07-16/2019-07-22',1563235200
2396,25,11,79.06742210407717,0.0144681740252713,b'HadGEM3-GC31-LL',7,0.000293727011464,369.8850440751125,267.3112106831087,b'ssp245',3.869091343566366,297.90115678340914,306.38992167373715,283.6252979201085,b'2019-07-23/2019-07-29',1563840000
2396,25,11,84.55923327790894,0.0128884100593482,b'HadGEM3-GC31-LL',7,0.0002499868535644,364.0565740374051,238.9242567852468,b'ssp245',2.876919631950684,293.88904087778286,306.1462435887564,282.44920179579,b'2019-07-30/2019-08-05',1564444800
2396,25,11,89.07848653355482,0.0167977477192247,b'HadGEM3-GC31-LL',7,0.0005237470477109,384.5505666946018,233.44659371481023,b'ssp245',2.6960365356978224,299.07296516977084,307.89247381103223,289.63593615824743,b'2019-08-06/2019-08-12',1565049600
2396,25,11,75.97042317283828,0.0125837104651268,b'HadGEM3-GC31-LL',7,0.0002734147740707,355.3773393528436,259.04332750733545,b'ssp245',3.02238629586177,295.2658357322369,306.7948063676075,282.89537947095283,b'2019-08-13/2019-08-19',1565654400
2396,25,11,85.55918444014792,0.014278259243893,b'HadGEM3-GC31-LL',7,7.993395971914523e-05,367.6633746018079,233.85246531819703,b'ssp245',2.033023654061549,296.09596754296444,305.23174071682257,285.72088163642474,b'2019-08-20/2019-08-26',1566259200
2396,25,11,74.75555546166935,0.012957365603529,b'HadGEM3-GC31-LL',7,0.0003099121598496,359.6586685922899,226.73641192463404,b'ssp245',4.017761230957063,295.769689051766,308.5388611277372,282.8324823413698,b'2019-08-27/2019-09-02',1566864000
2396,25,11,74.12215508875902,0.0100646838063367,b'HadGEM3-GC31-LL',7,3.384095467761876e-06,333.4598071411987,237.57428409011928,b'ssp245',2.500159620628318,291.03791878617733,302.9331288035768,278.1649787200964,b'2019-09-03/2019-09-09',1567468800
2396,25,11,79.36720629807807,0.0125469233173724,b'HadGEM3-GC31-LL',7,0.0002336553408419,357.256834124884,214.617183812264,b'ssp245',3.673327756367521,295.26609862406195,307.1527377075049,282.7384577196274,b'2019-09-10/2019-09-16',1568073600
2396,25,11,79.86475902556722,0.0093694664975034,b'HadGEM3-GC31-LL',7,0.0004035499983837,337.81483475359084,177.14997378452014,b'ssp245',3.944639780940935,290.0619425789084,300.2410707826968,280.04998917847405,b'2019-09-17/2019-09-23',1568678400
2396,25,11,76.8327306684607,0.0082152165227079,b'HadGEM3-GC31-LL',7,0.0005792776587619,318.1194394253733,192.5791307831201,b'ssp245',3.262393754992312,288.0719898313076,297.4196982252697,276.6320771612717,b'2019-09-24/2019-09-30',1569283200
2396,25,11,78.2004380350655,0.0070570413155007,b'HadGEM3-GC31-LL',7,0.0002159400590837,314.2759539423023,166.11618754668007,b'ssp245',4.071308035068411,286.2732662755,296.9454111990251,275.508464708408,b'2019-10-01/2019-10-07',1569888000
2396,25,11,79.21941987620541,0.0077726989060978,b'HadGEM3-GC31-LL',7,0.000297929157979,314.1860089514479,161.98649083333,b'ssp245',4.039279889848823,287.13441455044784,297.4480370597885,276.42838056739805,b'2019-10-08/2019-10-14',1570492800
2396,25,11,74.98594447870185,0.006405078861697,b'HadGEM3-GC31-LL',7,2.19887226256638e-05,291.0562792164532,170.31019412586156,b'ssp245',3.843460844653238,284.73326937715683,296.59979886108545,271.797604468561,b'2019-10-15/2019-10-21',1571097600
2396,25,11,85.03838674190773,0.0096591350222382,b'HadGEM3-GC31-LL',7,1.9918796716285628e-05,328.1154448728469,149.92272069214513,b'ssp245',2.6221091454296435,289.77438035721786,299.49436689989824,277.33729595152425,b'2019-10-22/2019-10-28',1571702400
2396,25,11,78.59550542614936,0.007997429389462,b'HadGEM3-GC31-LL',7,0.0003713626808806,316.13547850135325,122.99582553687084,b'ssp245',5.293805496260093,286.8524333317749,299.1312837771618,272.9975638805467,b'2019-10-29/2019-11-04',1572307200
2396,25,11,72.95367104275924,0.0050259692779035,b'HadGEM3-GC31-LL',7,0.0001023555541059,281.4699998742628,118.8887637467652,b'ssp245',6.100643751014518,281.7485722836262,291.1285026304183,270.2462307691859,b'2019-11-05/2019-11-11',1572912000
2396,25,11,82.2447352815476,0.0057408504263087,b'HadGEM3-GC31-LL',7,0.0004909009089897,298.64067512299954,98.86610343778148,b'ssp245',4.610940202752729,282.9742170686424,288.7066885561926,271.8428800484898,b'2019-11-12/2019-11-18',1573516800
2396,25,11,76.11298696814512,0.0046136518227809,b'HadGEM3-GC31-LL',7,0.0005152475622557,287.841066843903,91.51452321268872,b'ssp245',7.033212294125235,279.37379913147777,290.82612575225653,269.9721357739812,b'2019-11-19/2019-11-25',1574121600
2396,25,11,71.42188807635772,0.002838710212899,b'HadGEM3-GC31-LL',7,7.323109590090096e-06,255.6541279944,90.4616274790545,b'ssp245',5.752612466839805,274.20816821339065,278.99349472428736,270.39195282456404,b'2019-11-26/2019-12-02',1574726400
2396,25,11,74.60280493628674,0.0036771685458815,b'HadGEM3-GC31-LL',7,0.0003405559133595,268.2556774779419,82.18770109294807,b'ssp245',5.284158441185809,275.8983068353875,289.3056015689171,267.90803106711326,b'2019-12-03/2019-12-09',1575331200
2396,25,11,79.19276537734875,0.003963611833759,b'HadGEM3-GC31-LL',7,0.0001016695412564,263.27906378195706,81.74395761133401,b'ssp245',4.24984909743859,277.2372018215416,283.5292360586077,270.7483357528632,b'2019-12-10/2019-12-16',1575936000
2396,25,11,77.60576620588613,0.0038050101867463,b'HadGEM3-GC31-LL',7,0.0002167813234057,278.29004032299736,69.43995597749506,b'ssp245',5.249187281766957,277.57717206922075,283.33581090856484,270.45815730123394,b'2019-12-17/2019-12-23',1576540800
2396,25,11,74.43385938809459,0.0037317707699747,b'HadGEM3-GC31-LL',7,9.366555162587908e-07,271.26229691460674,77.90978874145341,b'ssp245',5.38673134451536,277.459310088554,284.2585317595743,271.69078331950743,b'2019-12-24/2019-12-30',1577145600
2396,25,11,67.32123293130344,0.002489452237784,b'HadGEM3-GC31-LL',1,0.0,231.9715384935677,94.05989098406462,b'ssp245',5.720084407993258,275.5467602218209,279.054434718197,272.0390864181974,b'2019-12-31/2020-01-06',1577750400
2645,25,13,69.26222963648917,0.0024179260243371,b'HadGEM3-GC31-LL',5,0.0001067073215534,255.55445720748395,75.13290301291359,b'ssp245',7.602903306215803,274.0232864076728,277.4534142904724,270.42762418835366,b'2014-12-30/2015-01-05',1419897600
2645,25,13,75.21377200701379,0.0022280607046625,b'HadGEM3-GC31-LL',7,0.0004148367621741,246.55974779661352,84.75388043348588,b'ssp245',8.890330269253242,269.11728763634454,282.0411168382657,249.6624686335886,b'2015-01-06/2015-01-12',1420502400
2645,25,13,85.17747882998204,0.0020596429324543,b'HadGEM3-GC31-LL',7,7.839890475146518e-06,235.6491947863388,101.48453595929251,b'ssp245',4.692825508478575,265.46078213174724,277.0831420090025,247.06512841230983,b'2015-01-13/2015-01-19',1421107200
2645,25,13,79.3301921689296,0.0015516114009053,b'HadGEM3-GC31-LL',7,2.029399386441468e-05,228.37864820467715,101.44857121145488,b'ssp245',5.589126090362823,264.18856433590514,272.36754647564413,252.50223487702425,b'2015-01-20/2015-01-26',1421712000
2645,25,13,75.14937361876922,0.001744385564201,b'HadGEM3-GC31-LL',7,2.3119261149098e-06,223.6349873639326,125.04756211756306,b'ssp245',4.96479854989751,266.3400003395333,276.4635468539812,253.4218598220522,b'2015-01-27/2015-02-02',1422316800
2645,25,13,65.17664765544735,0.002898050182776,b'HadGEM3-GC31-LL',7,0.0002870727777164,254.5594591442097,119.43666417637073,b'ssp245',6.268758068247121,274.9956661574437,285.0675475670012,264.04558404581434,b'2015-02-03/2015-02-09',1422921600
2645,25,13,65.19596058566727,0.002653229036549,b'HadGEM3-GC31-LL',7,2.6212102653932514e-06,241.19618736129948,146.8244632082157,b'ssp245',5.063602201241644,275.2643134890351,281.5942586936698,266.8595243946606,b'2015-02-10/2015-02-16',1423526400
2645,25,13,59.84403487596178,0.0025449194907176,b'HadGEM3-GC31-LL',7,3.8291879857734e-05,234.89505604840497,159.4327798603386,b'ssp245',6.122669003341371,274.42050726970865,284.6435971695856,262.77297969590745,b'2015-02-17/2015-02-23',1424131200
2645,25,13,56.228557472626,0.0013884827000764,b'HadGEM3-GC31-LL',7,8.307400122664106e-07,205.38486576711887,183.2488669360259,b'ssp245',7.604560358837853,268.72254151314525,279.9455004963654,255.7600718112971,b'2015-02-24/2015-03-02',1424736000
2645,25,13,75.81726176713927,0.0027612854285181,b'HadGEM3-GC31-LL',7,0.000208844247899,246.5572047324709,163.77958735499388,b'ssp245',6.191906706341731,271.5322083616663,282.4731575062733,246.8708364726692,b'2015-03-03/2015-03-09',1425340800
2645,25,13,90.75906026906976,0.0032284278178969,b'HadGEM3-GC31-LL',7,0.000694115152489,264.9690145530448,133.4240122770744,b'ssp245',6.966843365043993,271.42572063059885,278.28940276089094,252.79898485600552,b'2015-03-10/2015-03-16',1425945600
2645,25,13,82.94129633908015,0.0038663272108871,b'HadGEM3-GC31-LL',7,8.683951118075659e-05,260.05839982335027,199.3903434991611,b'ssp245',4.212813161878848,276.2390762661128,282.0887672676945,268.80436850036216,b'2015-03-17/2015-03-23',1426550400
2645,25,13,79.71446583007119,0.0047781498473826,b'HadGEM3-GC31-LL',7,0.0006162846131592,275.636440901454,169.79169513626604,b'ssp245',6.016874957016987,277.9617168213584,293.33800970418565,262.06283367232766,b'2015-03-24/2015-03-30',1427155200
2645,25,13,85.43338013272749,0.0060758753039132,b'HadGEM3-GC31-LL',7,0.0003139915758518,296.6257549015215,185.45866689402308,b'ssp245',4.563179324185273,281.7324476922359,293.0375375507683,271.8138238161605,b'2015-03-31/2015-04-06',1427760000
2645,25,13,86.71936699786947,0.0055461589535107,b'HadGEM3-GC31-LL',7,0.0009735823809092,297.5750756501024,166.53716457370552,b'ssp245',8.711044125029131,281.2231747196887,291.92279149743894,275.1594837315035,b'2015-04-07/2015-04-13',1428364800
2645,25,13,79.43193228874098,0.0052991402804209,b'HadGEM3-GC31-LL',7,0.0001259147252113,270.8930983616478,240.6498754943444,b'ssp245',4.421122412672557,281.4422427319081,293.8965868413053,270.8293482092042,b'2015-04-14/2015-04-20',1428969600
2645,25,13,87.44417435890567,0.0080086643094779,b'HadGEM3-GC31-LL',7,0.000285549514438,313.8406288803808,213.6188354059109,b'ssp245',4.287907080911981,286.3772940730417,296.54022443152417,278.19613501946657,b'2015-04-21/2015-04-27',1429574400
2645,25,13,85.36507755304804,0.0079308714252405,b'HadGEM3-GC31-LL',7,7.689063015555315e-05,301.9310686152953,244.96425805502372,b'ssp245',2.588973379653923,286.6914132543183,294.3204417651852,278.49114444555823,b'2015-04-28/2015-05-04',1430179200
2645,25,13,78.92266520100488,0.0072463432463042,b'HadGEM3-GC31-LL',7,0.0002083942240935,297.40330333872123,263.26775011768177,b'ssp245',4.406768239435432,285.726885524378,298.7522636767255,275.11833431420735,b'2015-05-05/2015-05-11',1430784000
2645,25,13,78.73939045858246,0.0079536522143011,b'HadGEM3-GC31-LL',7,0.0001252467227028,300.46141261567226,270.3875324000247,b'ssp245',5.085220286929618,287.18370173083457,297.53660682526646,271.9765909157052,b'2015-05-12/2015-05-18',1431388800
2645,25,13,84.15376652597591,0.0107056451243301,b'HadGEM3-GC31-LL',7,0.0002015426568007,329.01900700016074,280.04211385649336,b'ssp245',4.166098140993542,291.54307498119863,300.3654711186491,275.456613624017,b'2015-05-19/2015-05-25',1431993600
2645,25,13,80.1588783805508,0.0107211017039275,b'HadGEM3-GC31-LL',7,0.000320573256128,326.1146118856987,308.3993026747834,b'ssp245',4.715245587755852,292.14524343846085,302.6822585756415,275.456613624017,b'2015-05-26/2015-06-01',1432598400
2645,25,13,85.88549095882823,0.0122019573797664,b'HadGEM3-GC31-LL',7,0.0002839228983735,353.23481171607074,263.3409363630253,b'ssp245',4.025295528039237,293.8243252352712,302.4195742171332,282.3407387840827,b'2015-06-02/2015-06-08',1433203200
2645,25,13,87.66891420737909,0.0145113710516687,b'HadGEM3-GC31-LL',7,0.0005222296506278,363.6139817164772,287.8611648054312,b'ssp245',3.758813612305453,296.2144372512399,306.944491799462,285.0970723335316,b'2015-06-09/2015-06-15',1433808000
2645,25,13,77.71165775959516,0.0121620837378763,b'HadGEM3-GC31-LL',7,0.0003633466830672,342.8508110342323,323.15621145603893,b'ssp245',3.3221322966388853,294.6089281556735,303.42311037581493,282.66181656793253,b'2015-06-16/2015-06-22',1434412800
2645,25,13,76.72949795249282,0.01133601607168,b'HadGEM3-GC31-LL',7,0.0002539748519097,339.0176775655322,293.386397414627,b'ssp245',4.409117256095078,293.2256547045459,300.5279690571968,283.03573006131006,b'2015-06-23/2015-06-29',1435017600
2645,25,13,82.21464989408639,0.0147761099392947,b'HadGEM3-GC31-LL',7,6.576840065607884e-05,366.1170654412362,311.92795548163843,b'ssp245',3.5071495893888014,297.3349156952626,306.8141159764978,281.1726855145385,b'2015-06-30/2015-07-06',1435622400
2645,25,13,84.71143436991278,0.0153630902810954,b'HadGEM3-GC31-LL',7,0.0006529003555772,377.0237254277196,270.9910026268792,b'ssp245',5.136549967826258,298.34857676640473,304.88395458499326,283.5869041594448,b'2015-07-07/2015-07-13',1436227200
2645,25,13,82.98325147096457,0.0174201148455519,b'HadGEM3-GC31-LL',7,0.0004140213078333,387.27262309353193,280.7427757934455,b'ssp245',4.211583375660112,300.7529250564503,312.1844923815191,289.0609760208635,b'2015-07-14/2015-07-20',1436832000
2645,25,13,82.49657581657763,0.0140658261971644,b'HadGEM3-GC31-LL',7,0.0004402080206746,365.54184643647073,258.2363016899058,b'ssp245',3.5164966536560707,296.2295120686772,302.53689304377065,286.6272765709075,b'2015-07-21/2015-07-27',1437436800
2645,25,13,81.06084622876647,0.0145113873056707,b'HadGEM3-GC31-LL',7,0.0003811436223664,368.6370856538627,252.40053018878515,b'ssp245',3.522737420022544,296.36661288027733,304.8187667341422,284.78778161055203,b'2015-07-28/2015-08-03',1438041600
2645,25,13,88.66536398809139,0.0164535949507141,b'HadGEM3-GC31-LL',7,0.0006835527969175,383.5971963209371,236.70782494666784,b'ssp245',3.90607538133042,299.1052223862402,306.1239390796384,290.7011332328746,b'2015-08-04/2015-08-10',1438646400
2645,25,13,82.16786285876776,0.0151967282908331,b'HadGEM3-GC31-LL',7,0.0001908357630426,372.28679979336965,249.7084708250798,b'ssp245',3.374140574420074,297.6208036337918,306.193104320804,283.9469684525041,b'2015-08-11/2015-08-17',1439251200
2645,25,13,86.73648389601549,0.0171945263727681,b'HadGEM3-GC31-LL',7,0.0003737794769639,391.2243360044828,221.94372356490584,b'ssp245',2.809636460640798,300.2629829630495,307.6150325143574,291.9876661288028,b'2015-08-18/2015-08-24',1439856000
2645,25,13,77.96836706358188,0.0148010174668937,b'HadGEM3-GC31-LL',7,0.0001510770101767,374.2437713132225,234.064271151309,b'ssp245',3.9781633499329567,298.4138249537126,307.2790436801532,287.62225588362736,b'2015-08-25/2015-08-31',1440460800
2645,25,13,76.79965884263717,0.0115021449637967,b'HadGEM3-GC31-LL',7,0.0008948732813355,351.09078055591993,221.78262390309948,b'ssp245',4.738476245270208,293.55341116076045,303.72055765114084,279.59361527802923,b'2015-09-01/2015-09-07',1441065600
2645,25,13,71.38753761284285,0.0112525061695406,b'HadGEM3-GC31-LL',7,7.745946637541484e-07,347.78184879703576,229.7951258837105,b'ssp245',3.891147639735645,294.5071852814846,308.5587178817648,280.78147352610205,b'2015-09-08/2015-09-14',1441670400
2645,25,13,82.10486320993644,0.0123261215914191,b'HadGEM3-GC31-LL',7,3.7404856405355645e-05,355.8101237229389,215.21714855183265,b'ssp245',1.9898057095713515,294.44119566427497,302.832040061698,283.4657269408371,b'2015-09-15/2015-09-21',1442275200
2645,25,13,71.97819482231321,0.009061328143713,b'HadGEM3-GC31-LL',7,8.189445162490349e-05,335.5947421995107,204.28698684273732,b'ssp245',4.303071435465492,290.9963238184702,303.1212922153094,279.7400937111962,b'2015-09-22/2015-09-28',1442880000
2645,25,13,69.36109531586646,0.0074051543220863,b'HadGEM3-GC31-LL',7,3.985590784024577e-05,317.1968458855953,180.72094409549248,b'ssp245',5.36885728416515,287.8955250721104,300.0291134461661,273.3078887333144,b'2015-09-29/2015-10-05',1443484800
2645,25,13,72.07770778688486,0.0082010061881005,b'HadGEM3-GC31-LL',7,2.6013080551912013e-05,320.32545330585344,182.8746983696857,b'ssp245',3.5533712010171574,289.1065628672503,300.93492702458866,275.6117092915718,b'2015-10-06/2015-10-12',1444089600
2645,25,13,76.46904750885327,0.0083633304359487,b'HadGEM3-GC31-LL',7,7.970986776818121e-05,326.27394263087973,146.66732992210137,b'ssp245',4.372240422081022,289.64244543560966,298.01310558192773,277.7685858518082,b'2015-10-13/2015-10-19',1444694400
2645,25,13,71.30208557619729,0.0063328361422415,b'HadGEM3-GC31-LL',7,4.374807731829118e-05,300.7276201174185,155.92849317133823,b'ssp245',4.820177888374004,285.2621897658652,297.3359025361522,272.51648106859216,b'2015-10-20/2015-10-26',1445299200
2645,25,13,68.37954192797643,0.0051339394459632,b'HadGEM3-GC31-LL',7,2.51181517914246e-05,289.70774006622514,133.50916665328936,b'ssp245',5.694910084941867,283.06562602783896,294.1107389134287,273.1223448494412,b'2015-10-27/2015-11-02',1445904000
2645,25,13,64.86158569177141,0.0035731382599291,b'HadGEM3-GC31-LL',7,3.0872431769473634e-05,264.8772211773168,134.13933945784842,b'ssp245',4.544859553827017,278.8230103636194,289.38807971272246,268.4319497215827,b'2015-11-03/2015-11-09',1446508800
2645,25,13,74.14500014233838,0.0042693184282499,b'HadGEM3-GC31-LL',7,5.458324228347226e-05,282.82528529460404,110.57764907302784,b'ssp245',5.222965931554052,278.77136148472607,288.443949394984,268.6887373564259,b'2015-11-10/2015-11-16',1447113600
2645,25,13,67.44489264655135,0.003341097302088,b'HadGEM3-GC31-LL',7,0.0001510880422461,266.830251226362,104.41452166540168,b'ssp245',4.408104114004656,276.90164142994803,287.6071162545918,268.51863807526644,b'2015-11-17/2015-11-23',1447718400
2645,25,13,78.20979197059134,0.0054885181679426,b'HadGEM3-GC31-LL',7,0.0002968784660704,306.11476240058835,86.00671607949538,b'ssp245',6.4461123685286426,280.8204053635177,291.63047368131726,271.11009808470874,b'2015-11-24/2015-11-30',1448323200
2645,25,13,82.64051049267671,0.0037020303307201,b'HadGEM3-GC31-LL',7,0.0001256025219453,274.6983431264828,83.0480537609436,b'ssp245',5.84738952502284,274.4500903632129,287.8749017374405,264.62805390010607,b'2015-12-01/2015-12-07',1448928000
2645,25,13,82.0099409336173,0.0040722379254312,b'HadGEM3-GC31-LL',7,0.0005578276667793,282.98884644305355,69.1311523466372,b'ssp245',5.640841742653608,276.8281240472279,284.3556461157388,270.14335044204006,b'2015-12-08/2015-12-14',1449532800
2645,25,13,79.74356536720875,0.0051964918796902,b'HadGEM3-GC31-LL',7,0.0001959487854711,298.89977507938613,69.50022960652015,b'ssp245',7.070993974283267,280.508664497657,290.7416198326262,272.2801577536476,b'2015-12-15/2015-12-21',1450137600
2645,25,13,65.81914785524077,0.00238274061088,b'HadGEM3-GC31-LL',7,7.73821321955673e-05,237.76253645363684,92.47031879551363,b'ssp245',7.071470886463247,273.48068060608773,288.08188327006155,266.09506286216885,b'2015-12-22/2015-12-28',1450742400
2645,25,13,71.9963278987888,0.0031489977167254,b'HadGEM3-GC31-LL',7,0.0004175735278277,254.8269671798316,86.35196758981235,b'ssp245',5.08807394610561,275.3582453183668,287.50862180191945,268.2007453160569,b'2015-12-29/2016-01-04',1451347200
2645,25,13,79.76079994425417,0.0026106952736946,b'HadGEM3-GC31-LL',7,0.0002728682801021,255.9427126997241,86.22886999269194,b'ssp245',5.507666655904072,271.10388654205406,278.1940319339172,259.8772211542192,b'2016-01-05/2016-01-11',1451952000
2645,25,13,75.0259613123725,0.0021578313270451,b'HadGEM3-GC31-LL',7,0.0004256925148517,238.0397944483761,89.42475606869614,b'ssp245',8.029573326598053,268.01165751851494,284.63177967197845,249.9183244313625,b'2016-01-12/2016-01-18',1452556800
2645,25,13,76.70778462708617,0.0042238158906052,b'HadGEM3-GC31-LL',7,0.0003933077738695,284.21547989281373,85.70042942158999,b'ssp245',5.583589434420712,279.0941204724271,285.1337465399938,273.64944340787974,b'2016-01-19/2016-01-25',1453161600
2645,25,13,68.58265855729637,0.003350285419625,b'HadGEM3-GC31-LL',7,0.000528737646587,270.54752567980574,97.44041211174248,b'ssp245',8.821341908598352,277.0472839355469,287.30170793343854,269.9041619913468,b'2016-01-26/2016-02-01',1453766400
2645,25,13,58.58095950917918,0.0016481308624246,b'HadGEM3-GC31-LL',7,0.0,217.02188468651607,140.8149817229445,b'ssp245',6.521755227663658,270.34054356974707,281.9167503912717,259.55309727144555,b'2016-02-02/2016-02-08',1454371200
2645,25,13,77.37803670545739,0.0030061440876717,b'HadGEM3-GC31-LL',7,0.0002955734320996,259.7103548394585,115.10404875366442,b'ssp245',6.288572721246739,272.5621068054026,283.53614611088835,259.01113143819845,b'2016-02-09/2016-02-15',1454976000
2645,25,13,80.15402217926342,0.0023744736955824,b'HadGEM3-GC31-LL',7,0.0001987170549827,243.96882973547352,136.32785697222434,b'ssp245',6.316550483631433,268.97287807843543,277.9729478444484,252.00080263251505,b'2016-02-16/2016-02-22',1455580800
2645,25,13,72.71746795423321,0.0017868147525044,b'HadGEM3-GC31-LL',7,2.9015949679125923e-05,222.1905630351692,163.74371821927707,b'ssp245',9.028133212741862,265.7097127490373,279.8131376759106,255.14076352151025,b'2016-02-23/2016-02-29',1456185600
2645,25,13,80.5888049296196,0.002727549681647,b'HadGEM3-GC31-LL',7,0.0003635040405844,251.51451750063285,145.14074506804755,b'ssp245',5.593945359732593,270.4064481246212,280.85159621080817,255.5180644458493,b'2016-03-01/2016-03-07',1456790400
2645,25,13,79.21489287983614,0.0045361188708213,b'HadGEM3-GC31-LL',7,0.0003368957578512,281.7284527709152,157.89530029874314,b'ssp245',5.599901027237343,278.3772799604663,286.5552570267229,267.54219865609474,b'2016-03-08/2016-03-14',1457395200
2645,25,13,76.02204454651168,0.0047247472686592,b'HadGEM3-GC31-LL',7,0.0001950865770896,275.36544730223454,178.97215738576207,b'ssp245',7.284684006809172,280.10337775021986,290.31547811141866,270.1869451055464,b'2016-03-15/2016-03-21',1458000000
2645,25,13,84.5786769192063,0.005424407444755,b'HadGEM3-GC31-LL',7,0.0002693458693354,284.48494105921,171.7914170625194,b'ssp245',4.159455396414029,280.55922222155493,288.7108734332963,268.73447099900403,b'2016-03-22/2016-03-28',1458604800
2645,25,13,77.99392712032784,0.0043002166599387,b'HadGEM3-GC31-LL',7,0.0003101531556284,268.2992621357754,208.576255378254,b'ssp245',6.550182831140768,278.27227130698617,288.3093379342793,265.88187878337123,b'2016-03-29/2016-04-04',1459209600
2645,25,13,75.68624450481491,0.0051647960324661,b'HadGEM3-GC31-LL',7,8.228841403818038e-06,251.36701536873315,253.73407020532755,b'ssp245',4.660296793962947,281.3698858775389,293.79250654005847,269.71703503337125,b'2016-04-05/2016-04-11',1459814400
2645,25,13,86.10317021192192,0.007674157594453,b'HadGEM3-GC31-LL',7,0.0004628154610341,306.1217038532644,214.7747056237458,b'ssp245',6.778877608101664,285.3499491508433,298.20082009422856,270.6345288813509,b'2016-04-12/2016-04-18',1460419200
2645,25,13,85.85823131983531,0.0091532808673006,b'HadGEM3-GC31-LL',7,0.0001807073550914,325.41883445602605,230.2404347949357,b'ssp245',4.409624731033166,289.30916457595754,300.2471807012495,278.5968177643833,b'2016-04-19/2016-04-25',1461024000
2645,25,13,84.89202229942819,0.0090387913977326,b'HadGEM3-GC31-LL',7,0.0001445969664236,318.99539350872345,231.1381370407292,b'ssp245',3.61385057299568,289.3433862143005,297.6238277207937,280.873813573572,b'2016-04-26/2016-05-02',1461628800
2645,25,13,81.55073674399557,0.0087211439478525,b'HadGEM3-GC31-LL',7,0.0006590647518145,318.19611948062027,237.79592818997327,b'ssp245',5.204950261048359,288.92834087505355,299.36894458492856,277.9224978415382,b'2016-05-03/2016-05-09',1462233600
2645,25,13,78.01825787734624,0.0081426186138162,b'HadGEM3-GC31-LL',7,0.0001452072689758,309.6614293786864,268.46530461739906,b'ssp245',4.646371499343988,288.5313916108015,300.6535400390625,275.30727906890263,b'2016-05-10/2016-05-16',1462838400
2645,25,13,82.92840095094161,0.0098713567126242,b'HadGEM3-GC31-LL',7,0.0009764752225759,326.7217184335641,241.3020655982993,b'ssp245',4.779816332828808,290.76061892189165,302.55070663351097,279.8859575890547,b'2016-05-17/2016-05-23',1463443200
2645,25,13,78.09195940059203,0.0092338462413068,b'HadGEM3-GC31-LL',7,0.0001640485119901,311.33660128763967,312.3712816251035,b'ssp245',4.362404987196259,289.9087980532037,300.0550966780707,276.9394745479357,b'2016-05-24/2016-05-30',1464048000
2645,25,13,78.63045234211008,0.010904689573629,b'HadGEM3-GC31-LL',7,0.000243973988413,320.6012345096584,332.21565909769134,b'ssp245',3.641868510354546,292.0048364789056,303.8247552530655,278.0431359297392,b'2016-05-31/2016-06-06',1464652800
2645,25,13,89.70631132531865,0.0131234302144063,b'HadGEM3-GC31-LL',7,0.0004607835903278,361.1888734353751,259.8037899540637,b'ssp245',3.595613048543542,293.73009029738495,307.14582078946347,278.4934085669107,b'2016-06-07/2016-06-13',1465257600
2645,25,13,81.20094904759749,0.0130587958819748,b'HadGEM3-GC31-LL',7,2.703338869889574e-05,352.55879083523354,307.423517642567,b'ssp245',2.5160406326277704,294.87222120849844,307.2469191797521,283.8858134894971,b'2016-06-14/2016-06-20',1465862400
2645,25,13,81.34322684873582,0.0127270544894116,b'HadGEM3-GC31-LL',7,0.0004062587014411,355.23341977382,290.3469138095823,b'ssp245',4.384066971406242,294.39693041668824,304.0755655250801,285.2604720968284,b'2016-06-21/2016-06-27',1466467200
2645,25,13,72.80997188499545,0.0140148933582155,b'HadGEM3-GC31-LL',7,8.33356315359653e-05,361.5163616833647,326.5755760633168,b'ssp245',3.52260580252338,297.9701599640788,306.59400024414066,285.20177632515004,b'2016-06-28/2016-07-04',1467072000
2645,25,13,82.57281070517952,0.0147916747561973,b'HadGEM3-GC31-LL',7,0.0003146791441434,370.18341829557966,290.859754281238,b'ssp245',3.6627210183536087,297.5909874922392,307.6612343895514,284.40152175600167,b'2016-07-05/2016-07-11',1467676800
2645,25,13,72.08441765820405,0.0118919343106948,b'HadGEM3-GC31-LL',7,0.0001768617137845,345.0590200721936,303.6109094798396,b'ssp245',4.072285883271029,293.8831732368289,303.6721720916546,280.75229722585107,b'2016-07-12/2016-07-18',1468281600
2645,25,13,80.70660059991148,0.0137611756675727,b'HadGEM3-GC31-LL',7,0.0003210405170731,365.3114725421483,262.5537613651272,b'ssp245',3.3094768763490743,295.56087393566696,304.3668445309266,283.42040150623444,b'2016-07-19/2016-07-25',1468886400
2645,25,13,75.89670981458593,0.0132714233450175,b'HadGEM3-GC31-LL',7,0.0001759958981714,362.2353439865184,274.001671147775,b'ssp245',3.746495010002447,295.53160938562485,306.9186168948546,285.53519909587123,b'2016-07-26/2016-08-01',1469491200
2645,25,13,73.09311179573398,0.0126966250425974,b'HadGEM3-GC31-LL',7,0.0001773550509173,354.2706165613266,282.49580081589625,b'ssp245',3.5391623609790064,295.07286643151866,307.1209690523463,280.2750938162898,b'2016-08-02/2016-08-08',1470096000
2645,25,13,84.6049161234326,0.0149470367975525,b'HadGEM3-GC31-LL',7,0.0007352374154768,376.1720602997317,227.7473091637964,b'ssp245',3.179619572855102,297.5739521932466,305.9319725592404,286.9174089646497,b'2016-08-09/2016-08-15',1470700800
2645,25,13,79.66642165964463,0.0133020950283928,b'HadGEM3-GC31-LL',7,8.597318271417922e-05,372.8268837978395,226.41068704220743,b'ssp245',4.266235595529894,296.2182194214444,308.3714471880174,286.17118485810744,b'2016-08-16/2016-08-22',1471305600
2645,25,13,69.32843043779357,0.0094407828048914,b'HadGEM3-GC31-LL',7,9.165274301953984e-05,335.9352319520718,243.525823324992,b'ssp245',3.574846295399156,291.63735668575754,301.7019293980882,279.7022814213835,b'2016-08-23/2016-08-29',1471910400
2645,25,13,83.35560032782288,0.0103318645365979,b'HadGEM3-GC31-LL',7,0.0003990785123094,357.69223800269407,171.35048362132844,b'ssp245',4.080516348273098,292.08037472583266,300.3491652330815,284.8854619512495,b'2016-08-30/2016-09-05',1472515200
2645,25,13,82.8914230758104,0.0125776298840194,b'HadGEM3-GC31-LL',7,0.0001813270011272,365.0842205469858,201.37448821703896,b'ssp245',3.9673506960963567,294.9270283131523,302.9968472714456,284.0247918337386,b'2016-09-06/2016-09-12',1473120000
2645,25,13,78.55413160513568,0.010723213052118,b'HadGEM3-GC31-LL',7,0.0003718221615313,350.18152662149106,206.471757757066,b'ssp245',3.956855477582991,292.27663395213085,301.668569562293,278.3829901891039,b'2016-09-13/2016-09-19',1473724800
2645,25,13,79.93399434301689,0.0093145883703813,b'HadGEM3-GC31-LL',7,0.0004011003691593,338.65495140054026,189.2485527767589,b'ssp245',4.95141858540285,290.10441049162574,299.1497007660518,280.98458049849955,b'2016-09-20/2016-09-26',1474329600
2645,25,13,75.79620771453192,0.0081646265492878,b'HadGEM3-GC31-LL',7,6.251365548149692e-05,329.1638156973876,179.39821208856415,b'ssp245',3.940762632820216,289.44223554280984,296.2745078383692,281.1891146830376,b'2016-09-27/2016-10-03',1474934400
2645,25,13,83.54163777650024,0.0103240215463621,b'HadGEM3-GC31-LL',7,5.3898573293844686e-05,337.52508908130136,180.4915164250976,b'ssp245',2.93365414803504,290.9737799840258,300.71688871067875,279.7143380070365,b'2016-10-04/2016-10-10',1475539200
2645,25,13,82.78517073502266,0.0100504250422493,b'HadGEM3-GC31-LL',7,0.0001672271538329,348.35878339783693,149.63942299719227,b'ssp245',3.927919090346784,291.38666757170387,298.9772396668693,280.1901688127328,b'2016-10-11/2016-10-17',1476144000
2645,25,13,69.45044928760943,0.006212531766425,b'HadGEM3-GC31-LL',7,2.45434718583198e-05,304.35389105761624,149.0768108819043,b'ssp245',6.47542537916575,286.37656430160536,296.52125050121583,278.1782244751785,b'2016-10-18/2016-10-24',1476748800
2645,25,13,71.45686756231476,0.0053438658495199,b'HadGEM3-GC31-LL',7,7.429548901559308e-05,292.6884183798856,135.33747862614658,b'ssp245',5.543593319836042,283.4872875895721,291.3194048546797,274.00935487052465,b'2016-10-25/2016-10-31',1477353600
2645,25,13,76.58885698417728,0.0054047530131059,b'HadGEM3-GC31-LL',7,0.0003814349997171,306.46308571807367,112.0694781589418,b'ssp245',6.420666559710182,282.81875537594425,291.7910701928549,275.6399713983599,b'2016-11-01/2016-11-07',1477958400
2645,25,13,81.49658059343032,0.006142300579436,b'HadGEM3-GC31-LL',7,0.0001895156813794,296.3517252450183,114.1552315891522,b'ssp245',4.075559063733695,283.13745127581376,292.92768437467663,273.9168125582057,b'2016-11-08/2016-11-14',1478563200
2645,25,13,79.64966609381005,0.0051794381858472,b'HadGEM3-GC31-LL',7,0.0007751094407731,305.9869865424698,81.64596618175959,b'ssp245',7.772327921857445,281.32530939107585,290.74976252877946,273.2632095437965,b'2016-11-15/2016-11-21',1479168000
2645,25,13,78.50502046063585,0.0039957145231184,b'HadGEM3-GC31-LL',7,0.00072699851809,285.3305286822504,89.92634756039534,b'ssp245',6.487661072975526,277.0442664313339,285.3978836564828,267.6093600847863,b'2016-11-22/2016-11-28',1479772800
2645,25,13,80.69110872093641,0.0040964237608582,b'HadGEM3-GC31-LL',7,8.907820437575507e-06,282.78830224274463,86.85857827755902,b'ssp245',4.36528485152895,277.2707872518866,287.774848665149,266.878897438302,b'2016-11-29/2016-12-05',1480377600
2645,25,13,73.82309713805748,0.0037390163882882,b'HadGEM3-GC31-LL',7,7.597525057264154e-05,265.1410848424473,87.43166570239396,b'ssp245',6.827590130316049,277.4912855713122,289.2265053452245,268.8430908203125,b'2016-12-06/2016-12-12',1480982400
2645,25,13,66.71170904471722,0.0022040934344425,b'HadGEM3-GC31-LL',7,1.5532944552439058e-05,235.833257372377,89.80605296384871,b'ssp245',6.370674679701128,272.4876085524978,279.1834441532362,265.3878490725889,b'2016-12-13/2016-12-19',1481587200
2645,25,13,73.53836110096104,0.0027425929089847,b'HadGEM3-GC31-LL',7,5.114546062718514e-05,248.7603455571488,85.2684858100191,b'ssp245',5.727692478066248,273.912401668148,279.3047650267746,267.6296077905112,b'2016-12-20/2016-12-26',1482192000
2645,25,13,74.19922898652537,0.0022510294321405,b'HadGEM3-GC31-LL',7,0.0001907905972297,244.3526775089433,85.75677394957168,b'ssp245',8.930860318118034,270.29997855396687,278.4412994586869,264.5986905331643,b'2016-12-27/2017-01-02',1482796800
2645,25,13,76.75570002820204,0.0026622186014877,b'HadGEM3-GC31-LL',7,0.0004414827444898,256.2727634310835,85.47042260147427,b'ssp245',7.242571563684613,270.83258257588915,284.7429417490169,261.3750528701883,b'2017-01-03/2017-01-09',1483401600
2645,25,13,70.77076726099627,0.0027572422830674,b'HadGEM3-GC31-LL',7,7.962543627565645e-05,258.9047230210751,90.52326486924964,b'ssp245',6.079129742493355,273.5425038838454,282.89437813664114,265.46050402912874,b'2017-01-10/2017-01-16',1484006400
2645,25,13,67.2340115044629,0.0012076096687542,b'HadGEM3-GC31-LL',7,2.245694559175057e-05,207.0714472573099,113.1482058464635,b'ssp245',6.853406871977908,263.67342288794106,274.9813554170116,254.1626303161217,b'2017-01-17/2017-01-23',1484611200
2645,25,13,71.0229023041089,0.0028991758575034,b'HadGEM3-GC31-LL',7,0.0004192327302824,260.11460275641,98.49064152843005,b'ssp245',6.555675212279061,273.9202287773197,285.5380832697382,262.9448327475036,b'2017-01-24/2017-01-30',1485216000
2645,25,13,63.8254878445628,0.0019751367104999,b'HadGEM3-GC31-LL',7,0.0001608776956236,232.4585872018574,118.40483073845378,b'ssp245',5.549965029971828,271.2513444075859,277.54708454056293,263.6589440756286,b'2017-01-31/2017-02-06',1485820800
2645,25,13,74.07103290828536,0.0013823112041702,b'HadGEM3-GC31-LL',7,0.00026850151047,220.16224491115776,134.57827619193517,b'ssp245',10.40158409806164,262.985871602819,279.05438806394864,253.58207959307737,b'2017-02-07/2017-02-13',1486425600
2645,25,13,72.18709871983235,0.0019184289294379,b'HadGEM3-GC31-LL',7,2.1591154624213343e-06,227.95677831211287,153.9103939175493,b'ssp245',7.044612766868569,268.2110532589193,275.9689902198236,260.02702547793353,b'2017-02-14/2017-02-20',1487030400
2645,25,13,75.20224779286018,0.00305038754808,b'HadGEM3-GC31-LL',7,0.0003529218066702,257.2588078898536,142.02061086634814,b'ssp245',7.33295452078221,273.5916896217368,281.3118998748577,262.6921935226744,b'2017-02-21/2017-02-27',1487635200
2645,25,13,77.3636076018623,0.0030506657529886,b'HadGEM3-GC31-LL',7,0.0002314295068093,249.72229941664932,156.00654544307017,b'ssp245',5.840172172066393,273.46176160742004,279.9708202639952,264.576579032039,b'2017-02-28/2017-03-06',1488240000
2645,25,13,74.59954065703623,0.0018549319554045,b'HadGEM3-GC31-LL',7,0.0003723801158255,228.9958075343829,160.11079661821347,b'ssp245',8.248750088411112,268.1436915228924,275.8717672790123,256.06059978560893,b'2017-03-07/2017-03-13',1488844800
2645,25,13,88.03203713842012,0.0036180554729663,b'HadGEM3-GC31-LL',7,0.0005325047284497,263.90718753349137,164.894373613861,b'ssp245',7.195939114912568,274.15396264833214,280.75178962353834,267.1258064320545,b'2017-03-14/2017-03-20',1489449600
2645,25,13,74.66251954626338,0.0026106459799009,b'HadGEM3-GC31-LL',7,8.343906039801891e-05,232.2309143788204,210.1437592130172,b'ssp245',5.743423134624225,272.05063444225993,280.3938706555903,261.3750719083065,b'2017-03-21/2017-03-27',1490054400
2645,25,13,88.70235529009081,0.0043178274131898,b'HadGEM3-GC31-LL',7,0.0002856591335781,278.7942386219382,184.20625467435752,b'ssp245',6.103017480619245,276.3622148959504,283.12150983999896,270.38294176518514,b'2017-03-28/2017-04-03',1490659200
2645,25,13,79.16990040731295,0.0036892614461738,b'HadGEM3-GC31-LL',7,0.0002355326050827,262.0548382112184,195.5733614009399,b'ssp245',5.102081816311477,275.83302409046644,282.5264931786139,268.0031931896083,b'2017-04-04/2017-04-10',1491264000
2645,25,13,91.0125089661626,0.0073472153355764,b'HadGEM3-GC31-LL',7,0.0002291627622472,306.93027005948994,215.6695932783489,b'ssp245',3.39961286897127,283.4296139171243,296.1975100081488,264.9203374799514,b'2017-04-11/2017-04-17',1491868800
2645,25,13,76.48334868403121,0.0052412441486708,b'HadGEM3-GC31-LL',7,2.2212206061796363e-05,284.02050178982563,226.72631651157465,b'ssp245',4.11610052637481,281.6593586816129,290.46857792936413,274.16219741113923,b'2017-04-18/2017-04-24',1492473600
2645,25,13,87.14776938302177,0.0064868563644291,b'HadGEM3-GC31-LL',7,0.0005866486216224,303.5954494277824,203.448164210324,b'ssp245',4.365977258375487,283.3236273268426,292.2261270889383,275.5237349554403,b'2017-04-25/2017-05-01',1493078400
2645,25,13,84.84056105600175,0.0078833344251502,b'HadGEM3-GC31-LL',7,0.0002017982802662,304.02107102205537,244.49483755178463,b'ssp245',4.6713167147243935,286.18667601961624,295.5116468012728,274.9218448462076,b'2017-05-02/2017-05-08',1493683200
2645,25,13,86.01015616194077,0.008482664277162,b'HadGEM3-GC31-LL',7,0.0005842573574523,312.7250454847612,243.91700998990177,b'ssp245',4.572406840031172,287.149818701911,297.95849750847213,277.1219754856943,b'2017-05-09/2017-05-15',1494288000
2645,25,13,86.30015413975423,0.0088848184793305,b'HadGEM3-GC31-LL',7,0.0004543609899659,320.9875718390141,246.41229551201624,b'ssp245',3.9636338951233534,287.95504562681083,298.2642494454289,276.9196355756545,b'2017-05-16/2017-05-22',1494892800
2645,25,13,79.02431246523825,0.008897031317205,b'HadGEM3-GC31-LL',7,0.0002028774594429,324.2586189320545,265.28359616368925,b'ssp245',3.1029700352317784,289.2637298150906,298.7597720518807,276.2062620453487,b'2017-05-23/2017-05-29',1495497600
2645,25,13,82.93921484681042,0.0109014233793664,b'HadGEM3-GC31-LL',7,0.0005780609600912,337.9743651535337,283.0671529230354,b'ssp245',4.041819166212343,292.1547429859807,300.06404099622307,283.10935527473094,b'2017-05-30/2017-06-05',1496102400
2645,25,13,85.95685447180395,0.0123690360982601,b'HadGEM3-GC31-LL',7,0.0004237023881211,346.502853413765,290.6591025938036,b'ssp245',3.757171523807854,293.8667894549266,301.5803064611574,282.1036520850579,b'2017-06-06/2017-06-12',1496707200
2645,25,13,79.30314374939947,0.0130229589729344,b'HadGEM3-GC31-LL',7,8.012367230422502e-05,348.7102016308224,326.7172219210564,b'ssp245',3.1493521586610327,295.1667891950797,306.4184451880045,282.65409735875414,b'2017-06-13/2017-06-19',1497312000
2645,25,13,78.54801226050196,0.0130227071709768,b'HadGEM3-GC31-LL',7,0.0001299134543776,357.86962005413125,300.090283494731,b'ssp245',4.996907898290267,295.36089030602346,308.08976864846335,283.5095287600889,b'2017-06-20/2017-06-26',1497916800
2645,25,13,81.43296599879845,0.0133884306817316,b'HadGEM3-GC31-LL',7,0.0002389635724495,360.0826793602084,299.038028528652,b'ssp245',3.091789752081417,295.75427270923564,307.42973188185533,284.3247276861936,b'2017-06-27/2017-07-03',1498521600
2645,25,13,78.39735673022021,0.01304223258295,b'HadGEM3-GC31-LL',7,0.0002013922325441,358.8530224124328,291.2259371206235,b'ssp245',4.217861134710465,295.2100132591226,304.5051556517746,283.4452418043124,b'2017-07-04/2017-07-10',1499126400
2645,25,13,88.1026324543732,0.0162046825893878,b'HadGEM3-GC31-LL',7,0.0004557214964589,380.9444104558247,253.45186304184432,b'ssp245',3.3531512849152705,298.66753208012426,305.5279745139823,286.6338951262417,b'2017-07-11/2017-07-17',1499731200
2645,25,13,92.21149476050428,0.0174072946930196,b'HadGEM3-GC31-LL',7,0.0004832212863172,385.8493329671609,255.46532905455908,b'ssp245',2.290515249093524,299.50300372077703,308.7323449545349,290.2658097627147,b'2017-07-18/2017-07-24',1500336000
2645,25,13,80.84529910489086,0.0148680149123791,b'HadGEM3-GC31-LL',7,0.0001635497685473,374.1480350490776,265.34304181318186,b'ssp245',4.055433482275668,297.3741806564404,307.9119058166908,282.2144834404749,b'2017-07-25/2017-07-31',1500940800
2645,25,13,84.72408605194813,0.0159795545210731,b'HadGEM3-GC31-LL',7,0.0002725603180336,379.79678004615806,252.760207457168,b'ssp245',3.776991763606653,299.11785512759985,307.4763377208584,291.1356757763995,b'2017-08-01/2017-08-07',1501545600
2645,25,13,75.90513407004364,0.0130647185490296,b'HadGEM3-GC31-LL',7,0.0001051645939434,360.6467014568983,265.16471767227046,b'ssp245',3.230233747212528,295.4318594103392,305.5031013135089,283.4910950111238,b'2017-08-08/2017-08-14',1502150400
2645,25,13,75.8726658499004,0.0133758926762367,b'HadGEM3-GC31-LL',7,0.0003799190858457,364.7087474696683,238.3093105377515,b'ssp245',3.9061844282592366,296.2711975039912,304.3062829428161,285.457445238126,b'2017-08-15/2017-08-21',1502755200
2645,25,13,75.84532170435564,0.0125624605987569,b'HadGEM3-GC31-LL',7,8.329298296044027e-05,358.1306082185079,245.51118327477343,b'ssp245',3.5255077014019043,294.75589843288054,304.39489523780264,282.80266933820104,b'2017-08-22/2017-08-28',1503360000
2645,25,13,74.20863825600442,0.0112776718592286,b'HadGEM3-GC31-LL',7,0.00035291063337,348.14578656473583,228.4884274369946,b'ssp245',4.408805651245189,292.8346804183051,303.9865554102209,276.6879117649912,b'2017-08-29/2017-09-04',1503964800
2645,25,13,73.17191681081434,0.0088907139870983,b'HadGEM3-GC31-LL',7,4.533241286655587e-05,329.51900122578456,225.3849238688921,b'ssp245',3.9708146471287016,290.2395698135939,298.4815555799876,280.13466226944075,b'2017-09-05/2017-09-11',1504569600
2645,25,13,73.94017975806287,0.0094841541569986,b'HadGEM3-GC31-LL',7,1.1784229914592408e-05,334.6698556891002,222.03463473432788,b'ssp245',3.8635482535005856,290.0570288074388,301.2173632489135,278.6402071314932,b'2017-09-12/2017-09-18',1505174400
2645,25,13,79.18298279068439,0.0110265549925193,b'HadGEM3-GC31-LL',7,0.0003497004500707,353.8512061285996,194.6340003036167,b'ssp245',4.993733330954891,293.2046934071868,302.94943318145954,281.13118334637574,b'2017-09-19/2017-09-25',1505779200
2645,25,13,80.55368384412694,0.0090304344059862,b'HadGEM3-GC31-LL',7,1.571809493334091e-07,332.655756683494,186.8842240116116,b'ssp245',2.4076441791560588,289.277006757406,299.26525688929274,279.2764799206461,b'2017-09-26/2017-10-02',1506384000
2645,25,13,82.63246135007918,0.0104407572151357,b'HadGEM3-GC31-LL',7,1.087944023038591e-05,343.4096650180437,179.91448393418412,b'ssp245',2.486124280543404,291.6138516024587,300.355013977455,281.0253196867886,b'2017-10-03/2017-10-09',1506988800
2645,25,13,82.53004573363681,0.0096429889859558,b'HadGEM3-GC31-LL',7,0.0004980129432256,331.851538738442,161.0735527305639,b'ssp245',4.444554582630111,290.67676686094745,300.60422197556653,278.2429451039296,b'2017-10-10/2017-10-16',1507593600
2645,25,13,83.94176819656069,0.0090488902623557,b'HadGEM3-GC31-LL',7,0.000155920986218,340.17996677770407,134.66139189576697,b'ssp245',3.449114940836392,289.6589308696303,297.20809132152834,280.2474615033889,b'2017-10-17/2017-10-23',1508198400
2645,25,13,76.63460880016085,0.0070743800561201,b'HadGEM3-GC31-LL',7,0.0007755589281396,306.9994363342689,137.27522321067673,b'ssp245',4.892735124874927,286.4625655969134,295.09045333357045,276.0127335504191,b'2017-10-24/2017-10-30',1508803200
2645,25,13,78.16663883898545,0.0065126366196984,b'HadGEM3-GC31-LL',7,4.738624619364483e-06,298.40732701932245,133.82090371094904,b'ssp245',3.8864893031323295,284.96843100036216,293.1142343281121,275.05222135632243,b'2017-10-31/2017-11-06',1509408000
2645,25,13,82.55264735082015,0.0059529248145721,b'HadGEM3-GC31-LL',7,0.0007415025009139,305.028934602187,90.75423123910952,b'ssp245',7.757285996981127,282.86428568541385,291.9458876451909,273.578427669702,b'2017-11-07/2017-11-13',1510012800
2645,25,13,77.29572730375666,0.0038985257174435,b'HadGEM3-GC31-LL',7,1.5025066399731192e-05,269.3413518149557,111.42241925949632,b'ssp245',5.933007928348422,277.03609262861613,287.1032530121456,268.8479689035984,b'2017-11-14/2017-11-20',1510617600
2645,25,13,79.49373204746446,0.0050386136238239,b'HadGEM3-GC31-LL',7,2.2049048763336706e-07,282.6270661122188,102.32431146338398,b'ssp245',4.979188838000554,281.1429109311713,288.00544069808046,273.28764409955767,b'2017-11-21/2017-11-27',1511222400
2645,25,13,81.14200820128875,0.0040687463956451,b'HadGEM3-GC31-LL',7,0.0001581894921509,279.8188132294192,80.88574130546404,b'ssp245',5.694825739125204,277.47207678557567,282.2377641084178,270.4838691357745,b'2017-11-28/2017-12-04',1511827200
2645,25,13,79.50222889910131,0.0041122257136347,b'HadGEM3-GC31-LL',7,0.0007458773422971,280.8661421011616,79.41466102708367,b'ssp245',6.545757713741927,277.44852192715416,284.9648998134184,270.97438463627896,b'2017-12-05/2017-12-11',1512432000
2645,25,13,82.51939603576372,0.0047462834529014,b'HadGEM3-GC31-LL',7,1.2578148801778285e-05,284.3455063400341,82.50089443426934,b'ssp245',3.4809915428242824,279.7303604746722,285.7632233272325,273.64775471466265,b'2017-12-12/2017-12-18',1513036800
2645,25,13,86.37580260075593,0.0055580862877095,b'HadGEM3-GC31-LL',7,0.001607845276548,316.7713100985524,51.132013169706376,b'ssp245',6.73541786704519,281.6006538268408,287.2237932419935,272.8189987485772,b'2017-12-19/2017-12-25',1513641600
2645,25,13,75.2060450168635,0.0035936195703792,b'HadGEM3-GC31-LL',7,5.0074714954688126e-05,273.1113922205756,79.02429295578652,b'ssp245',5.576869091225212,277.3261633693439,281.8576633478632,273.2025942366644,b'2017-12-26/2018-01-01',1514246400
2645,25,13,76.34977373684366,0.003638170436888,b'HadGEM3-GC31-LL',7,0.0003993110881982,275.50249358928755,79.48908228301279,b'ssp245',6.406115553891083,276.83833476114404,283.4154843361962,270.6848617856865,b'2018-01-02/2018-01-08',1514851200
2645,25,13,66.912175659786,0.001757007812129,b'HadGEM3-GC31-LL',7,5.0447111069356105e-05,235.1367554808069,94.90653915116556,b'ssp245',8.372688252224377,268.6997479484796,277.1082586225295,259.9459669100528,b'2018-01-09/2018-01-15',1515456000
2645,25,13,79.28070436042779,0.0027396941166538,b'HadGEM3-GC31-LL',7,0.000272243785057,255.93587492019813,100.22196122587232,b'ssp245',4.793534577874046,271.4916406550268,279.764351386266,258.63669878220713,b'2018-01-16/2018-01-22',1516060800
2645,25,13,78.92193651442948,0.0033108304337092,b'HadGEM3-GC31-LL',7,0.000489959446529,277.81528347163345,84.8517988538787,b'ssp245',5.489120138153899,274.84886364896226,282.9527875281327,268.41640911986497,b'2018-01-23/2018-01-29',1516665600
2645,25,13,74.91207339125302,0.0036118105283868,b'HadGEM3-GC31-LL',7,3.230194076316619e-05,265.60230934915387,111.41555665881428,b'ssp245',4.753112061698141,276.62341959365943,283.91114069452345,267.17892815798325,b'2018-01-30/2018-02-05',1517270400
2645,25,13,58.127975537490485,0.0018708626800476,b'HadGEM3-GC31-LL',7,0.0002500928655132,226.3553796427139,136.62509520791448,b'ssp245',10.280574412242128,271.3908039998873,281.37289271070466,257.78544457037714,b'2018-02-06/2018-02-12',1517875200
2645,25,13,75.23509177620272,0.0016662693048087,b'HadGEM3-GC31-LL',7,9.40014526554252e-05,219.6339411133736,145.43365502479287,b'ssp245',8.144771883774164,265.0725492277118,278.5238968400766,254.6680345750013,b'2018-02-13/2018-02-19',1518480000
2645,25,13,87.35307537212388,0.0037094008671815,b'HadGEM3-GC31-LL',7,0.0005016807898676,277.2625289325118,117.03441137640456,b'ssp245',6.38464233385806,274.5255006961588,284.4218911682533,253.9736947773308,b'2018-02-20/2018-02-26',1519084800
2645,25,13,73.91096002584149,0.0026708014277465,b'HadGEM3-GC31-LL',7,0.0002573832428775,245.5540696763947,156.60542131638684,b'ssp245',7.279829566165199,271.524365586612,282.35212410427874,256.05260824241384,b'2018-02-27/2018-03-05',1519689600
2645,25,13,70.78956766624775,0.0033056483350477,b'HadGEM3-GC31-LL',7,0.0007408153307963,253.8863769127044,166.0562978407067,b'ssp245',7.103476146447172,275.2847835602124,285.82105264221593,266.2416116676583,b'2018-03-06/2018-03-12',1520294400
2645,25,13,84.6934460238454,0.00455859129303,b'HadGEM3-GC31-LL',7,0.0003772074204758,274.3294255281013,153.55586617288435,b'ssp245',3.7293289309080295,277.8689977727076,287.49086554318865,268.1666729049178,b'2018-03-13/2018-03-19',1520899200
2645,25,13,78.16729462911412,0.0046243662708469,b'HadGEM3-GC31-LL',7,0.0003284028753626,265.2580529623474,195.7475288470511,b'ssp245',5.551420301339936,278.7390887214423,288.8947841619024,266.19818640702607,b'2018-03-20/2018-03-26',1521504000
2645,25,13,90.93827521577688,0.0063600581797507,b'HadGEM3-GC31-LL',7,0.0007208072626064,318.5822540138844,148.0892950225801,b'ssp245',4.475157245917488,282.9131443164432,288.797587251979,277.1646582597139,b'2018-03-27/2018-04-02',1522108800
2645,25,13,82.13602773906379,0.0075035012180871,b'HadGEM3-GC31-LL',7,3.575654791709304e-05,299.31332088820534,220.5258085945584,b'ssp245',5.359673720389576,286.5050343263566,297.18264022726095,274.52929133737325,b'2018-04-03/2018-04-09',1522713600
2645,25,13,71.62451371379697,0.0061818923821889,b'HadGEM3-GC31-LL',7,4.104610478506649e-05,276.32272389970416,232.63808694512863,b'ssp245',6.152010591862442,285.26161432040675,298.5310521410001,272.736937425626,b'2018-04-10/2018-04-16',1523318400
2645,25,13,77.70274346458991,0.0056413602620951,b'HadGEM3-GC31-LL',7,0.00026730002832,284.0802267170223,211.553977481261,b'ssp245',4.992188152820295,282.7870031611245,291.08547476459023,272.659833410402,b'2018-04-17/2018-04-23',1523923200
2645,25,13,82.66280160432957,0.0074725386540359,b'HadGEM3-GC31-LL',7,0.000236410096831,300.9048342528835,223.4315416088844,b'ssp245',4.518608496791367,286.23318572103017,294.99342041015626,272.34981681369,b'2018-04-24/2018-04-30',1524528000
2645,25,13,84.85024925094793,0.0079411542225477,b'HadGEM3-GC31-LL',7,0.0002760387271412,303.9686582509368,230.4965106368629,b'ssp245',4.093696673229943,287.1105975047304,295.3854144165847,278.16410045497463,b'2018-05-01/2018-05-07',1525132800
2645,25,13,83.4317587413084,0.0087469508447626,b'HadGEM3-GC31-LL',7,0.0002033075427746,313.4995283258559,245.5998991562944,b'ssp245',3.764738623556824,288.48586792454137,303.05782895119773,274.9606567787019,b'2018-05-08/2018-05-14',1525737600
2645,25,13,89.7927624546365,0.0112337678005652,b'HadGEM3-GC31-LL',7,0.000426427185689,332.78812601744505,244.2806365071769,b'ssp245',3.460823214674402,291.584273521113,299.6132603525326,279.48698031191793,b'2018-05-15/2018-05-21',1526342400
2645,25,13,78.50061198138017,0.009288359122208,b'HadGEM3-GC31-LL',7,0.0001195441081482,322.30684758441674,279.63796386141314,b'ssp245',3.5174104510553623,290.3934668072689,300.3817873114781,280.59670406114185,b'2018-05-22/2018-05-28',1526947200
2645,25,13,74.57722231847787,0.009739488702225,b'HadGEM3-GC31-LL',7,0.000178060711863,322.0949069366888,303.06746002745825,b'ssp245',4.577119372177485,291.59702583248026,304.30831213944793,277.8459547030215,b'2018-05-29/2018-06-04',1527552000
2645,25,13,80.80368660139159,0.0148261903278536,b'HadGEM3-GC31-LL',7,2.5422857030035865e-05,365.5739527187149,324.3269554058785,b'ssp245',3.482909258244279,298.5448504113204,309.0765179160415,286.0175797014047,b'2018-06-05/2018-06-11',1528156800
2645,25,13,69.5829905254613,0.0100602190730107,b'HadGEM3-GC31-LL',7,0.0001189643659943,333.631813342366,297.2880459095243,b'ssp245',4.667515652610541,293.0570093477912,304.93223517209486,282.2620205708687,b'2018-06-12/2018-06-18',1528761600
2645,25,13,84.51264120803876,0.0127496088321902,b'HadGEM3-GC31-LL',7,0.0002048150902487,351.9168956745765,294.2619425157386,b'ssp245',4.145278346955833,294.0824566078727,306.6073359811543,281.3559933693993,b'2018-06-19/2018-06-25',1529366400
2645,25,13,80.20579105113742,0.0141569129722641,b'HadGEM3-GC31-LL',7,0.0001810804550086,361.91305651705335,301.20905548355546,b'ssp245',3.4467437094974427,296.8507231713243,305.83104009565136,284.4448103544728,b'2018-06-26/2018-07-02',1529971200
2645,25,13,70.9546229850603,0.0148714366836812,b'HadGEM3-GC31-LL',7,1.9358536969504705e-05,367.7768448843185,344.3535550004712,b'ssp245',3.8706430810289554,299.07023801054726,313.33171988986186,283.10140308102234,b'2018-07-03/2018-07-09',1530576000
2645,25,13,70.46503912746172,0.0141961457211322,b'HadGEM3-GC31-LL',7,0.000700649619732,371.0946678890636,283.2026419618836,b'ssp245',3.7643559196926897,298.8429489843103,310.9409840160648,284.14003502043664,b'2018-07-10/2018-07-16',1531180800
2645,25,13,78.7582162212852,0.0134419701152895,b'HadGEM3-GC31-LL',7,0.0002171562628378,358.78763717608064,291.9196768970904,b'ssp245',2.8314571727303366,295.13221626101284,303.1567585319873,286.1527423782853,b'2018-07-17/2018-07-23',1531785600
2645,25,13,84.08897306790527,0.0151507418172727,b'HadGEM3-GC31-LL',7,0.0002392827208899,370.64346132738586,267.4402423494135,b'ssp245',3.153844508272133,297.3441881885366,304.532334808956,287.2642063974544,b'2018-07-24/2018-07-30',1532390400
2645,25,13,87.8325342010527,0.0163544589070322,b'HadGEM3-GC31-LL',7,0.0006600529331712,380.1830792588565,242.3054197486437,b'ssp245',2.9579090216301926,298.8396383669879,305.2016825897015,291.1442318947899,b'2018-07-31/2018-08-06',1532995200
2645,25,13,90.14077389662064,0.0164602668275712,b'HadGEM3-GC31-LL',7,0.0012149427052238,385.4092161988806,204.267882160342,b'ssp245',3.6561628704828935,299.0128324770318,304.33262316975373,289.7648322301195,b'2018-08-07/2018-08-13',1533600000
2645,25,13,91.93834577865384,0.0162066680032939,b'HadGEM3-GC31-LL',7,0.0004851954437138,388.1763342042632,200.9424866328966,b'ssp245',2.6733081263196614,298.65154194899515,306.1060545662381,291.85868744502795,b'2018-08-14/2018-08-20',1534204800
2645,25,13,83.63545962706306,0.0141521131970488,b'HadGEM3-GC31-LL',7,0.0001042586564674,367.9339874238706,219.5230056719388,b'ssp245',2.930399505755985,296.39478342278227,304.80494307966427,284.23305813618845,b'2018-08-21/2018-08-27',1534809600
2645,25,13,74.90180697120805,0.0113627606628386,b'HadGEM3-GC31-LL',7,0.0004004794633777,353.1245793597926,223.1722136094193,b'ssp245',4.001762475421549,293.79897921732714,304.4217363976485,280.89595906844994,b'2018-08-28/2018-09-03',1535414400
2645,25,13,83.52004905852262,0.0124650420762012,b'HadGEM3-GC31-LL',7,0.000593556718498,358.7443110672618,210.540891675128,b'ssp245',2.5032638287927704,293.99026943701216,301.55473188185533,283.31919725430726,b'2018-09-04/2018-09-10',1536019200
2645,25,13,72.44516509894278,0.0095001348341896,b'HadGEM3-GC31-LL',7,9.225511738329096e-05,333.56806041822193,226.1841198967218,b'ssp245',3.2918615215774287,291.07192571057163,304.8744470861573,278.5080379258718,b'2018-09-11/2018-09-17',1536624000
2645,25,13,75.49918168572287,0.0091789280455611,b'HadGEM3-GC31-LL',7,4.2542309605874806e-05,332.8401893637377,214.0831890672812,b'ssp245',3.4861998022110146,289.9187137773382,300.1795687037588,277.64983718568914,b'2018-09-18/2018-09-24',1537228800
2645,25,13,77.49228474915648,0.0100647486334837,b'HadGEM3-GC31-LL',7,3.6042976401837975e-05,339.89376358133273,190.62904360797344,b'ssp245',3.887185996573492,291.9309900260355,301.37420884694484,280.6025520779439,b'2018-09-25/2018-10-01',1537833600
2645,25,13,85.08350707083913,0.0091563232613122,b'HadGEM3-GC31-LL',7,0.0004208650056189,344.53008160694884,139.47335304541753,b'ssp245',5.318973881519393,290.2420110292895,296.53812227564936,280.35074095062856,b'2018-10-02/2018-10-08',1538438400
2645,25,13,85.55306783078859,0.0088629098045185,b'HadGEM3-GC31-LL',7,0.0003641576070125,340.2926186668952,144.96727540188502,b'ssp245',4.385706777807216,289.6844977285914,296.9156503841577,282.7399715196218,b'2018-10-09/2018-10-15',1539043200
2645,25,13,82.19940485236998,0.007977838642444,b'HadGEM3-GC31-LL',7,0.0004616466599698,327.24487331827066,135.97641074217594,b'ssp245',5.501087777301064,288.08345986531384,296.1859316390082,280.59801914644555,b'2018-10-16/2018-10-22',1539648000
2645,25,13,81.79072872223217,0.0075198091435278,b'HadGEM3-GC31-LL',7,0.0003202302822009,314.7363920357956,140.77252547192822,b'ssp245',4.794962255844218,287.29921206904675,295.93369658009107,278.3085252370266,b'2018-10-23/2018-10-29',1540252800
2645,25,13,77.74792106144814,0.0076709042794917,b'HadGEM3-GC31-LL',7,0.0003164650497799,319.2716606031867,113.907338624375,b'ssp245',6.367182855145933,286.81319315034256,298.00296299410184,274.2794238766298,b'2018-10-30/2018-11-05',1540857600
2645,25,13,77.81676284010499,0.0052683044276521,b'HadGEM3-GC31-LL',7,0.000140694609445,291.0273922316624,115.98920721885948,b'ssp245',5.874222326594473,281.6007899057899,292.1909591169547,273.0161292069795,b'2018-11-06/2018-11-12',1541462400
2645,25,13,84.21268480890971,0.0059731432772439,b'HadGEM3-GC31-LL',7,7.135199761789682e-05,306.64478027286003,94.99214794552314,b'ssp245',4.342312581153444,283.59465729885767,290.143839167917,273.28576191276903,b'2018-11-13/2018-11-19',1542067200
2645,25,13,76.17040474277233,0.0032569421883478,b'HadGEM3-GC31-LL',7,0.0001830827690241,267.91945031345625,94.62357664369928,b'ssp245',6.0096019543221,274.58503079012866,280.9087790381829,265.9787344623086,b'2018-11-20/2018-11-26',1542672000
2645,25,13,76.92386957563762,0.0038765480496912,b'HadGEM3-GC31-LL',7,0.0005158654655613,274.0157780325176,85.92101088914536,b'ssp245',6.955357075414233,275.74858087198623,292.02761731684603,267.994687758692,b'2018-11-27/2018-12-03',1543276800
2645,25,13,81.43546812983199,0.0030251822744071,b'HadGEM3-GC31-LL',7,9.30768223771633e-06,252.39218473407385,90.77278492908604,b'ssp245',5.1360325961712965,272.3222916847597,279.0167391139151,266.56192246999166,b'2018-12-04/2018-12-10',1543881600
2645,25,13,81.07165808555871,0.0033826905025596,b'HadGEM3-GC31-LL',7,0.0001911455660663,274.5609264391824,75.11850545516867,b'ssp245',5.7482131631845785,274.4592504005107,280.49915181343124,267.71934179849177,b'2018-12-11/2018-12-17',1544486400
2645,25,13,79.20835121320798,0.0035562605730124,b'HadGEM3-GC31-LL',7,0.0002778454630427,275.1131921022933,75.63031933801628,b'ssp245',7.245652303181397,276.11034231772373,282.75500702510607,269.212639653288,b'2018-12-18/2018-12-24',1545091200
2645,25,13,76.37129356506982,0.003472285258981,b'HadGEM3-GC31-LL',7,0.0001494774402603,272.15837207169835,65.80857177344605,b'ssp245',5.739903673002375,276.37647317617484,282.8244488242446,267.4978786443243,b'2018-12-25/2018-12-31',1545696000
2645,25,13,73.90701642140196,0.0031271618664265,b'HadGEM3-GC31-LL',7,0.00023707363248,264.87097855696953,79.38654067762188,b'ssp245',5.7604922434916,275.2713427584241,285.4454860661993,264.53020464158215,b'2019-01-01/2019-01-07',1546300800
2645,25,13,66.67114950737641,0.0025426180644467,b'HadGEM3-GC31-LL',7,0.0003269752949282,259.08792664555864,82.53273091022993,b'ssp245',5.186091718069201,273.59281129431025,285.09344728987736,266.9952785466681,b'2019-01-08/2019-01-14',1546905600
2645,25,13,73.18029786022406,0.0029998171765069,b'HadGEM3-GC31-LL',7,0.0007210423561607,263.4004258486947,85.5346925776977,b'ssp245',6.977743504469195,273.3574585076425,288.5529887824659,259.1488130885244,b'2019-01-15/2019-01-21',1547510400
2645,25,13,70.54101839453519,0.0028250728595063,b'HadGEM3-GC31-LL',7,0.000224497160448,248.42323664698603,105.55628758469275,b'ssp245',6.582987285088906,273.2274701799665,288.1599973564906,261.09172541132034,b'2019-01-22/2019-01-28',1548115200
2645,25,13,65.65916975124217,0.0020623552979497,b'HadGEM3-GC31-LL',7,0.0002587577296623,241.93127864090587,107.65375351702816,b'ssp245',7.1041583656249685,271.6571758692515,280.86248124482614,260.8951282223329,b'2019-01-29/2019-02-04',1548720000
2645,25,13,80.18825872704568,0.0024751080304485,b'HadGEM3-GC31-LL',7,0.0002055741288351,246.601475895906,121.0729893679876,b'ssp245',6.732787834977698,270.0923948578487,279.33047157944435,254.93825309702893,b'2019-02-05/2019-02-11',1549324800
2645,25,13,77.35949310620325,0.0025707777178195,b'HadGEM3-GC31-LL',7,0.0001688341002544,245.7036735253168,131.41707502381354,b'ssp245',7.683464590648264,269.6598528065316,279.2295616705686,254.1611963941561,b'2019-02-12/2019-02-18',1549929600
2645,25,13,81.69920472259665,0.0033150825521409,b'HadGEM3-GC31-LL',7,0.0006551682030558,260.8262034088683,116.21799407063956,b'ssp245',6.558379396043415,271.7425898700812,284.7833579360255,253.6878134013801,b'2019-02-19/2019-02-25',1550534400
2645,25,13,86.6045210853656,0.0024450046157017,b'HadGEM3-GC31-LL',7,0.0005261207010894,243.07921245939457,155.5538959037615,b'ssp245',6.2720659422897,267.7583588310537,282.2566435757062,250.64071378392097,b'2019-02-26/2019-03-04',1551139200
2645,25,13,75.91903252506889,0.0031233188823303,b'HadGEM3-GC31-LL',7,0.0008069946052637,252.89681947937305,155.13021251783127,b'ssp245',7.198680596184707,271.7558600275045,288.6532788409302,255.7482183393264,b'2019-03-05/2019-03-11',1551744000
2645,25,13,78.46292759977429,0.00307178913524,b'HadGEM3-GC31-LL',7,0.0002998872630615,251.8327372916374,179.84945946641992,b'ssp245',6.456835370122427,274.43055198763267,284.7772810171772,267.3908030528896,b'2019-03-12/2019-03-18',1552348800
2645,25,13,87.07411855158088,0.0025674285475946,b'HadGEM3-GC31-LL',7,9.35195346947496e-05,240.88394575885928,199.33030920398605,b'ssp245',6.354709656687423,269.08699619145244,277.0785581070856,259.7117323717534,b'2019-03-19/2019-03-25',1552953600
2645,25,13,79.92964569640363,0.0026181869148236,b'HadGEM3-GC31-LL',7,7.939770380500512e-05,239.7306538158695,208.1847593886737,b'ssp245',5.343288204009057,271.47458404858605,282.25940462832415,261.17925091673993,b'2019-03-26/2019-04-01',1553558400
2645,25,13,80.84883190432922,0.0050661867866406,b'HadGEM3-GC31-LL',7,0.0002391218580859,271.12294929959126,207.77614066449672,b'ssp245',6.0605459521825065,279.73891948602505,294.00015396219214,268.053327911579,b'2019-04-02/2019-04-08',1554163200
2645,25,13,78.79174188489381,0.0055947397558886,b'HadGEM3-GC31-LL',7,0.0001215441677355,277.37301850548977,227.9902908108656,b'ssp245',5.673786237855621,282.19064921195934,292.8050272758434,272.2305444578461,b'2019-04-09/2019-04-15',1554768000
2645,25,13,89.59325076620198,0.0071938081773556,b'HadGEM3-GC31-LL',7,0.0002790704474901,309.8746436719074,187.2863119567467,b'ssp245',4.331649286203375,283.5894297272277,296.6839524426997,270.5073753508511,b'2019-04-16/2019-04-22',1555372800
2645,25,13,85.35556057557365,0.0081462364679055,b'HadGEM3-GC31-LL',7,0.0004516664019945,310.9731939830076,222.4558040088376,b'ssp245',4.64226499641404,287.56306963643607,297.1585353826055,278.3750641879656,b'2019-04-23/2019-04-29',1555977600
2645,25,13,79.05418935467188,0.0056257311819964,b'HadGEM3-GC31-LL',7,0.0007981033512732,284.5929099610761,221.1054801284083,b'ssp245',5.675010934457987,282.3193920702109,292.2476861612686,274.0275740667684,b'2019-04-30/2019-05-06',1556582400
2645,25,13,79.20538906505227,0.0062674612911768,b'HadGEM3-GC31-LL',7,3.42587735782663e-05,294.9110139238688,238.094659744306,b'ssp245',3.320133167251508,284.1230287203613,292.5585856658733,275.6512354162355,b'2019-05-07/2019-05-13',1557187200
2645,25,13,80.1858632357479,0.0084725432823056,b'HadGEM3-GC31-LL',7,0.0001958626932002,310.7198083392155,273.1811818277148,b'ssp245',4.405661078545995,288.8670887985879,300.81547932403765,279.4285256088964,b'2019-05-14/2019-05-20',1557792000
2645,25,13,82.25178118861837,0.0095513017900118,b'HadGEM3-GC31-LL',7,0.0005458903727489,329.2376607413098,244.4505255866073,b'ssp245',3.4594109740027186,289.72843738797707,299.71411565313275,277.25516890974234,b'2019-05-21/2019-05-27',1558396800
2645,25,13,78.67354819046064,0.0091964627382615,b'HadGEM3-GC31-LL',7,0.0001793773431794,313.5173029297799,298.5946118920506,b'ssp245',3.645734087972,290.0506625519232,299.76265347714457,278.8208741446994,b'2019-05-28/2019-06-03',1559001600
2645,25,13,78.1341750059245,0.0095751341883455,b'HadGEM3-GC31-LL',7,0.0006362149272419,317.5313123921347,313.7289044281843,b'ssp245',3.636309156896037,290.1425747412155,302.41400542606584,277.3763469367628,b'2019-06-04/2019-06-10',1559606400
2645,25,13,82.64332854560556,0.0119443892119777,b'HadGEM3-GC31-LL',7,0.000187020318106,347.21569681014216,278.8369795872337,b'ssp245',3.515995460201686,293.28570920426324,303.77506677488617,281.9807917917011,b'2019-06-11/2019-06-17',1560211200
2645,25,13,90.83285713304068,0.013172039161934,b'HadGEM3-GC31-LL',7,0.0008372009204853,362.1371987334714,245.53635212042025,b'ssp245',3.577683096193657,293.9033175523482,304.02652385787457,280.6004608760606,b'2019-06-18/2019-06-24',1560816000
2645,25,13,85.97969684727143,0.0161008846654416,b'HadGEM3-GC31-LL',7,0.0001233401391278,384.7682893606888,286.0307598940471,b'ssp245',3.661596087678604,298.4342891754468,310.2956568837956,287.971761256338,b'2019-06-25/2019-07-01',1561420800
2645,25,13,74.16932841132244,0.011716249323553,b'HadGEM3-GC31-LL',7,0.0003065157544252,347.8737718710272,287.1257792289683,b'ssp245',4.548341691324817,294.20880572157523,307.025426882308,282.23217231801016,b'2019-07-02/2019-07-08',1562025600
2645,25,13,88.22120373309954,0.0158987741963188,b'HadGEM3-GC31-LL',7,0.0003353910649139,379.3566235443952,284.5592767374405,b'ssp245',3.518685807884021,297.4609097367993,309.25172838627896,282.0876856519686,b'2019-07-09/2019-07-15',1562630400
2645,25,13,78.02464794638931,0.0153119082607561,b'HadGEM3-GC31-LL',7,0.0003691828152197,376.1017123046413,280.19662953704284,b'ssp245',4.708841893981963,299.0892750490129,307.95323498454314,287.4996305554118,b'2019-07-16/2019-07-22',1563235200
2645,25,13,80.64618349679822,0.0151181362393111,b'HadGEM3-GC31-LL',7,0.000377623711996,375.0767909169986,258.8899422666321,b'ssp245',4.132184464455554,298.5654349537311,306.80289597669184,287.5358764648438,b'2019-07-23/2019-07-29',1563840000
2645,25,13,85.62571891272192,0.0133964124855531,b'HadGEM3-GC31-LL',7,0.0003339827457744,369.35558807748384,233.35360385746804,b'ssp245',3.252361231766,294.8298301213173,305.59174970412096,284.22004289437604,b'2019-07-30/2019-08-05',1564444800
2645,25,13,89.73597493816797,0.0171027098506575,b'HadGEM3-GC31-LL',7,0.0005301598485965,387.2261768698354,230.4970611889856,b'ssp245',2.906593980671892,299.2831135355535,307.2569075224415,290.44971923828126,b'2019-08-06/2019-08-12',1565049600
2645,25,13,75.84254295544007,0.0128144880346142,b'HadGEM3-GC31-LL',7,0.0002263997968701,358.4909953107445,256.3887888840718,b'ssp245',3.3797881571436785,295.7246682563139,306.56801790149007,283.57924691509726,b'2019-08-13/2019-08-19',1565654400
2645,25,13,86.09492089768683,0.01444142998153,b'HadGEM3-GC31-LL',7,9.74059073635225e-05,370.8414987959271,232.23204892536543,b'ssp245',2.176509856162707,296.20611794579105,304.32241425166853,285.82304000349234,b'2019-08-20/2019-08-26',1566259200
2645,25,13,75.14512562386359,0.0132342372389198,b'HadGEM3-GC31-LL',7,0.0002912784156176,363.6684827099008,226.20494592354447,b'ssp245',4.261277120476527,296.06164506895993,307.9639511007347,284.053392948378,b'2019-08-27/2019-09-02',1566864000
2645,25,13,73.19452598232533,0.0102173733660667,b'HadGEM3-GC31-LL',7,5.213354449027829e-06,339.1447633683738,236.10894759799808,b'ssp245',2.658201209734156,291.5929043021874,302.65775837677205,279.83372471285185,b'2019-09-03/2019-09-09',1567468800
2645,25,13,79.24801703302388,0.0128000278165079,b'HadGEM3-GC31-LL',7,0.0002203878116874,361.7633210470007,214.45186539778985,b'ssp245',4.125351107289685,295.62994229434906,306.1030277883769,284.6776898314621,b'2019-09-10/2019-09-16',1568073600
2645,25,13,79.86567618118329,0.0097100085998261,b'HadGEM3-GC31-LL',7,0.0004119756037024,345.9002642701004,175.23757332591595,b'ssp245',4.4791936779653785,290.91725993377486,300.0276335659406,281.29023845748395,b'2019-09-17/2019-09-23',1568678400
2645,25,13,76.34836773398696,0.0084164630564399,b'HadGEM3-GC31-LL',7,0.000575507348727,324.8257254522029,192.25516280333952,b'ssp245',3.3919530336204966,288.6844130300415,297.25678832199395,277.63990927184653,b'2019-09-24/2019-09-30',1569283200
2645,25,13,77.46713166972208,0.0073219467835568,b'HadGEM3-GC31-LL',7,0.0001962083430364,320.78903191890373,166.55213876830706,b'ssp245',4.5035908096786255,287.1918962520141,297.1656202707859,276.6105634878802,b'2019-10-01/2019-10-07',1569888000
2645,25,13,79.00712267858528,0.0080054324159051,b'HadGEM3-GC31-LL',7,0.0003352602730873,317.82946341955784,164.0862891392992,b'ssp245',4.258308607311664,287.665123732178,298.3139495243299,277.25337916494203,b'2019-10-08/2019-10-14',1570492800
2645,25,13,74.34507898639256,0.006569437368164,b'HadGEM3-GC31-LL',7,1.1560936010089684e-05,293.84694552245634,172.49876000757135,b'ssp245',4.103584370933396,285.2251164518445,297.08074453998086,272.4853133650015,b'2019-10-15/2019-10-21',1571097600
2645,25,13,84.10582645672498,0.0096492960371513,b'HadGEM3-GC31-LL',7,7.828773129407012e-06,330.35083807563603,151.1820672936561,b'ssp245',2.9336608691833552,289.9993648532662,299.6161467495343,277.76421080330346,b'2019-10-22/2019-10-28',1571702400
2645,25,13,78.07733720907538,0.0080023684292192,b'HadGEM3-GC31-LL',7,0.00043689331278,320.75581353800186,123.96786207706158,b'ssp245',5.749022826634156,287.15343376744323,298.8303794204005,274.16639351750047,b'2019-10-29/2019-11-04',1572307200
2645,25,13,72.29703221894032,0.0051688322722083,b'HadGEM3-GC31-LL',7,9.492104834392596e-05,286.1867968282276,122.03835525151796,b'ssp245',6.573984100103604,282.2960383044399,291.43668750485045,271.58044300205654,b'2019-11-05/2019-11-11',1572912000
2645,25,13,81.85548759323308,0.0059691604606581,b'HadGEM3-GC31-LL',7,0.0004749480267432,304.36243030327944,99.68092305987312,b'ssp245',4.9858452081454745,283.9292304177045,289.96347619871426,273.12268733346696,b'2019-11-12/2019-11-18',1573516800
2645,25,13,75.25564120751906,0.0047174938583028,b'HadGEM3-GC31-LL',7,0.0005556376478763,292.705005965508,92.3996475595061,b'ssp245',7.588299494141547,280.1489408870181,290.9406315077219,270.6663514396213,b'2019-11-19/2019-11-25',1574121600
2645,25,13,71.25680341910052,0.0029565397584801,b'HadGEM3-GC31-LL',7,6.176747310919743e-06,261.4877017364935,91.58868042396396,b'ssp245',6.281622527744146,274.78118980790265,279.5940930499146,270.8221387850528,b'2019-11-26/2019-12-02',1574726400
2645,25,13,74.79961827692269,0.0038064467266039,b'HadGEM3-GC31-LL',7,0.0003651096326109,273.3016144376266,82.60110313971312,b'ssp245',5.787740952267101,276.5287676476485,290.2404332849364,268.5144206672315,b'2019-12-03/2019-12-09',1575331200
2645,25,13,79.78964516342872,0.0040841651660572,b'HadGEM3-GC31-LL',7,0.0001268500001667,269.9245111586355,81.99265363868274,b'ssp245',4.4336411567713245,277.9215804952659,284.15305268748705,270.8412720939182,b'2019-12-10/2019-12-16',1575936000
2645,25,13,78.53525001504225,0.0039028694925436,b'HadGEM3-GC31-LL',7,0.0002764063987787,282.9785254385523,71.61398479927229,b'ssp245',5.676096807162267,278.1578354069503,284.2609494240868,270.672822904271,b'2019-12-17/2019-12-23',1576540800
2645,25,13,75.25642083491937,0.0038368524089208,b'HadGEM3-GC31-LL',7,4.120014521817549e-07,275.32528035173806,80.61367845995424,b'ssp245',5.737726289186144,277.7864461532492,284.9427355633666,271.65393025985617,b'2019-12-24/2019-12-30',1577145600
2645,25,13,69.98415603132437,0.0027426319770416,b'HadGEM3-GC31-LL',1,0.0,238.81467768182816,92.81689839142048,b'ssp245',5.692824234867728,275.97833579360247,279.59452154904795,272.3621347187371,b'2019-12-31/2020-01-06',1577750400
1222,25,15,68.62208677424368,0.0023656568806678,b'HadGEM3-GC31-LL',5,9.239987956463632e-05,253.65802283464228,75.90305634777458,b'ssp245',7.434243294495566,273.9301732274365,277.05956227636875,270.4946475421863,b'2014-12-30/2015-01-05',1419897600
1222,25,15,74.95519405728588,0.0021843559731266,b'HadGEM3-GC31-LL',7,0.0004366065847133,243.1828204924643,84.57828274164964,b'ssp245',8.512319802412557,268.49613563155515,281.6455097845568,248.9684032877736,b'2015-01-06/2015-01-12',1420502400
1222,25,15,84.79218216171283,0.0019922470006806,b'HadGEM3-GC31-LL',7,7.085694955844997e-06,231.8981054197304,102.07800204050122,b'ssp245',4.516962051556674,264.9022914411949,277.0097571944574,245.35583537999955,b'2015-01-13/2015-01-19',1421107200
1222,25,15,79.97582563043274,0.0014510045129291,b'HadGEM3-GC31-LL',7,2.1345029230595978e-05,222.74478389230248,102.83048615762662,b'ssp245',5.234843115209022,263.14065058039324,271.82083652477854,250.41750571107627,b'2015-01-20/2015-01-26',1421712000
1222,25,15,77.04808974821795,0.0016721830790071,b'HadGEM3-GC31-LL',7,2.9312879810113622e-06,220.3124860793924,124.69148666765685,b'ssp245',4.701412342504242,265.426720005355,276.2301497205201,251.9093237462452,b'2015-01-27/2015-02-02',1422316800
1222,25,15,65.01504099124193,0.0028257366825331,b'HadGEM3-GC31-LL',7,0.000270305270714,249.8324908906473,120.94049269999527,b'ssp245',5.986612849386302,274.5743972281785,285.0775962422853,263.50699010303606,b'2015-02-03/2015-02-09',1422921600
1222,25,15,64.42503041404515,0.0025683285452695,b'HadGEM3-GC31-LL',7,2.074247767336711e-06,237.30978025202663,147.27625304943362,b'ssp245',4.813725882745246,274.9653143390838,281.48466755461806,266.4240184777773,b'2015-02-10/2015-02-16',1423526400
1222,25,15,59.29802884423868,0.0024882338516945,b'HadGEM3-GC31-LL',7,4.009840078709943e-05,231.06931257567064,160.41962984156837,b'ssp245',5.889238984541339,274.2400979650177,284.7022298834436,262.33525270329545,b'2015-02-17/2015-02-23',1424131200
1222,25,15,56.20638174782884,0.0013274369868305,b'HadGEM3-GC31-LL',7,1.5339565388690056e-06,201.5969982732672,184.09105607188383,b'ssp245',7.335701993230912,268.3053967642944,280.00946853465143,255.5842295509548,b'2015-02-24/2015-03-02',1424736000
1222,25,15,75.51866648550978,0.0026716847160128,b'HadGEM3-GC31-LL',7,0.0002025576167064,242.51303021703671,164.3893341004587,b'ssp245',5.910912623285505,271.2194513056368,282.3898743859016,246.64432590959152,b'2015-03-03/2015-03-09',1425340800
1222,25,15,90.41408967564624,0.0030951118940336,b'HadGEM3-GC31-LL',7,0.0006520440466587,260.3052722782123,134.59188399941053,b'ssp245',6.471372239616653,270.8382932696859,278.0720858720278,253.18273560950752,b'2015-03-10/2015-03-16',1425945600
1222,25,15,82.4210558745373,0.0038036150253725,b'HadGEM3-GC31-LL',7,8.71407111776975e-05,257.83762716174044,199.92525188658217,b'ssp245',4.00288042129668,276.0255911761279,282.2071371987487,267.8902156010198,b'2015-03-17/2015-03-23',1426550400
1222,25,15,79.39178263956752,0.0047397960980123,b'HadGEM3-GC31-LL',7,0.0005925615643809,273.0136740372194,171.1262559307494,b'ssp245',5.732942781903962,277.8511085395804,293.8615221753837,262.0298339646545,b'2015-03-24/2015-03-30',1427155200
1222,25,15,85.23084010413193,0.0059166089692873,b'HadGEM3-GC31-LL',7,0.0003007340819098,293.9703315965524,186.56669430058133,b'ssp245',4.268025708534194,281.40771149829663,292.9900587633469,271.77376919994447,b'2015-03-31/2015-04-06',1427760000
1222,25,15,86.26825185353614,0.0054725307550821,b'HadGEM3-GC31-LL',7,0.000912915408114,295.50754347624473,169.50165284942764,b'ssp245',8.04181377369951,280.9333519406278,291.99077777523604,275.0575167605103,b'2015-04-07/2015-04-13',1428364800
1222,25,15,79.43018130653043,0.0052098406512829,b'HadGEM3-GC31-LL',7,0.0001456516885048,267.2069724615798,241.91504208397265,b'ssp245',4.211037682656079,281.1432054714658,294.13802745615726,270.4703271030802,b'2015-04-14/2015-04-20',1428969600
1222,25,15,88.03374166552476,0.0080980044089346,b'HadGEM3-GC31-LL',7,0.0003335860108078,313.62579697856114,211.5954859769017,b'ssp245',4.002970244712267,286.3415212096393,296.88565901600674,277.87795783861014,b'2015-04-21/2015-04-27',1429574400
1222,25,15,85.07958505094781,0.0078723660443246,b'HadGEM3-GC31-LL',7,7.449113879057085e-05,300.22041066898475,246.9140296863844,b'ssp245',2.5734298893356065,286.5707063549472,294.5296601278524,277.9947255370305,b'2015-04-28/2015-05-04',1430179200
1222,25,15,78.8438915919135,0.0072115055361051,b'HadGEM3-GC31-LL',7,0.0001890271594492,296.2820084706317,262.72938684797606,b'ssp245',4.279828482017543,285.54499489040103,299.1072695829179,273.9150524231844,b'2015-05-05/2015-05-11',1430784000
1222,25,15,78.8906690578606,0.007806122239495,b'HadGEM3-GC31-LL',7,0.0001234552669097,298.2884412739532,270.8307635767092,b'ssp245',4.891902651435752,286.7924643894445,297.6348200044648,271.1360102886145,b'2015-05-12/2015-05-18',1431388800
1222,25,15,83.68783804926287,0.0106545075833944,b'HadGEM3-GC31-LL',7,0.0001898117116142,327.11308291039296,281.9956801639208,b'ssp245',4.05346835471179,291.45520954145286,300.715813607507,274.5543576735094,b'2015-05-19/2015-05-25',1431993600
1222,25,15,79.80374924470229,0.0106981691309849,b'HadGEM3-GC31-LL',7,0.0003291249102039,325.03632776439537,309.9316976456122,b'ssp245',4.6358656274675365,292.13191390417205,303.12215723090105,274.5543576735094,b'2015-05-26/2015-06-01',1432598400
1222,25,15,85.77971346318351,0.0120645486439124,b'HadGEM3-GC31-LL',7,0.0002821178862904,352.6376264736336,260.5383432345607,b'ssp245',3.868985416100698,293.6097372104796,302.4340346032853,282.5705726142847,b'2015-06-02/2015-06-08',1433203200
1222,25,15,87.67369219042428,0.0143546477555987,b'HadGEM3-GC31-LL',7,0.000594847149523,362.0394864922001,285.05264316385404,b'ssp245',3.5273844367110265,296.0038158171122,306.82545286311085,284.3242965969401,b'2015-06-09/2015-06-15',1433808000
1222,25,15,77.35910035060071,0.0119197982886344,b'HadGEM3-GC31-LL',7,0.000329865610658,339.8890323035854,323.9760412501872,b'ssp245',3.230988318750112,294.2018718776708,303.41746178351235,281.9935809059944,b'2015-06-16/2015-06-22',1434412800
1222,25,15,77.12278365032408,0.0112258250670996,b'HadGEM3-GC31-LL',7,0.0002604347588863,337.9652590862797,290.9359140649229,b'ssp245',4.24546912512657,292.9033446110564,300.694863906392,282.2420333837654,b'2015-06-23/2015-06-29',1435017600
1222,25,15,81.82891677373996,0.0146106291109231,b'HadGEM3-GC31-LL',7,5.934111827635278e-05,364.2858820232265,315.31013985657404,b'ssp245',3.403595134729385,297.11194389267547,307.2132319387211,280.232755399097,b'2015-06-30/2015-07-06',1435622400
1222,25,15,84.20168858820203,0.0151753901664537,b'HadGEM3-GC31-LL',7,0.0006302133292788,375.2730561816993,272.0730940120864,b'ssp245',4.876287750028006,298.16301648588734,305.3165869396993,283.26611347845574,b'2015-07-07/2015-07-13',1436227200
1222,25,15,82.76641581764459,0.0172027903119995,b'HadGEM3-GC31-LL',7,0.0004455562303901,385.7116633647864,277.49822233170585,b'ssp245',4.005449651598848,300.6738110878384,312.7404831992598,288.7585340755629,b'2015-07-14/2015-07-20',1436832000
1222,25,15,81.9834191898757,0.0137593984069117,b'HadGEM3-GC31-LL',7,0.0004134790772331,362.8780721615568,259.7663975954882,b'ssp245',3.415927195202361,295.76043320846645,302.25778494050707,285.80291565631626,b'2015-07-21/2015-07-27',1437436800
1222,25,15,80.6487343649707,0.0142754283902391,b'HadGEM3-GC31-LL',7,0.0003446572885902,366.7927863629234,254.5886399783908,b'ssp245',3.3789263738376456,296.14754286237167,305.1418559578201,283.9386331438056,b'2015-07-28/2015-08-03',1438041600
1222,25,15,87.42710179554078,0.0160479617498328,b'HadGEM3-GC31-LL',7,0.0006433397810828,380.6510269584101,239.6521054093348,b'ssp245',3.609882105643112,298.7237022288974,306.3836124648185,289.79369934772257,b'2015-08-04/2015-08-10',1438646400
1222,25,15,82.22972993654822,0.0149919303566536,b'HadGEM3-GC31-LL',7,0.0002231337823929,370.6660938804375,249.39924358875905,b'ssp245',3.2646084352863487,297.42253708283675,306.4228252355424,283.30675391966,b'2015-08-11/2015-08-17',1439251200
1222,25,15,87.02548038703642,0.0170779726082214,b'HadGEM3-GC31-LL',7,0.0003926475822814,390.2993898583207,218.6679070598392,b'ssp245',2.718119761023817,300.226177617911,307.944166932237,291.80523163975727,b'2015-08-18/2015-08-24',1439856000
1222,25,15,77.89164523299232,0.014514178257739,b'HadGEM3-GC31-LL',7,0.0001535096049521,371.24296698360064,234.62742996479932,b'ssp245',3.7698646830874174,298.06809840850514,307.21415777006143,286.1916584760577,b'2015-08-25/2015-08-31',1440460800
1222,25,15,76.62481172492537,0.0112350928592208,b'HadGEM3-GC31-LL',7,0.0007557842897043,347.92407073728106,223.3239601869493,b'ssp245',4.499668690340089,293.16436568259536,304.0792536573765,279.0123369404881,b'2015-09-01/2015-09-07',1441065600
1222,25,15,71.57434873671173,0.0110856391731954,b'HadGEM3-GC31-LL',7,1.0101494766013498e-06,344.43422604773684,231.17358581909207,b'ssp245',3.696579316238484,294.19843283608583,308.6659754443438,280.1182507343939,b'2015-09-08/2015-09-14',1441670400
1222,25,15,82.03201575491629,0.0121789275581081,b'HadGEM3-GC31-LL',7,3.394336214982801e-05,352.56459313398585,217.14440589762165,b'ssp245',1.9099030281334752,294.23966827498225,303.06579890582407,282.94470076799774,b'2015-09-15/2015-09-21',1442275200
1222,25,15,71.94711692839992,0.008897676290813,b'HadGEM3-GC31-LL',7,6.655946520416647e-05,332.3013029012674,204.84600991012044,b'ssp245',4.092797103996726,290.6936769043081,303.29786827568097,278.8678321160484,b'2015-09-22/2015-09-28',1442880000
1222,25,15,69.51458623759774,0.0072558403365806,b'HadGEM3-GC31-LL',7,4.277697914374945e-05,314.3658084125462,181.3628943535959,b'ssp245',5.124246863880858,287.4996687155961,299.95280434357335,272.3309055507086,b'2015-09-29/2015-10-05',1443484800
1222,25,15,72.17827678040382,0.0080496739060289,b'HadGEM3-GC31-LL',7,2.7098853947051056e-05,315.44520236767386,184.2281552210653,b'ssp245',3.4036229355847505,288.6660607780564,300.98773020804407,275.03290662626847,b'2015-10-06/2015-10-12',1444089600
1222,25,15,77.02905123420328,0.0083044132204008,b'HadGEM3-GC31-LL',7,8.832224780007522e-05,323.37127289022607,147.4645942584103,b'ssp245',4.109762806884691,289.3468084909777,298.04532649174257,277.12039790977764,b'2015-10-13/2015-10-19',1444694400
1222,25,15,71.85624393469298,0.0063074139781216,b'HadGEM3-GC31-LL',7,6.016795281291514e-05,298.9587264158917,155.32788660299028,b'ssp245',4.608383313684576,285.1090968766115,297.3409408051671,272.3746757938711,b'2015-10-20/2015-10-26',1445299200
1222,25,15,69.31725068645888,0.0050926652242391,b'HadGEM3-GC31-LL',7,2.5149705159930298e-05,288.21491465952613,132.97717477960015,b'ssp245',5.419716195754248,282.7119343817276,293.869386293969,272.46333650703,b'2015-10-27/2015-11-02',1445904000
1222,25,15,66.25413749302174,0.0035706748924233,b'HadGEM3-GC31-LL',7,3.0571238430040166e-05,263.6801762953934,132.1536909253499,b'ssp245',4.280708814201029,278.5301332524377,288.7153232555975,267.89577118067825,b'2015-11-03/2015-11-09',1446508800
1222,25,15,75.04200188579337,0.0042062842061116,b'HadGEM3-GC31-LL',7,5.481945284797145e-05,280.14600847897066,109.45549697224494,b'ssp245',4.98140272476809,278.32902735682194,288.0299219183853,268.81887250416503,b'2015-11-10/2015-11-16',1447113600
1222,25,15,67.97245100467276,0.0032119058880085,b'HadGEM3-GC31-LL',7,0.0001549511848987,264.29052905169203,103.08839802287508,b'ssp245',4.375703849667026,276.4220590633249,286.527270734599,267.9977272539031,b'2015-11-17/2015-11-23',1447718400
1222,25,15,78.17162453294654,0.0053121884400314,b'HadGEM3-GC31-LL',7,0.0002831353794288,302.1831024965787,86.49866409706735,b'ssp245',6.188524775875927,280.34380170310203,291.2699873374236,270.5896482698752,b'2015-11-24/2015-11-30',1448323200
1222,25,15,82.99757459206035,0.0035614244881247,b'HadGEM3-GC31-LL',7,0.000136779135311,270.2989775752075,82.89644012345526,b'ssp245',5.572695405990016,273.78645309564456,286.7242660399207,263.9722830875626,b'2015-12-01/2015-12-07',1448928000
1222,25,15,82.02269068739305,0.0039581620829089,b'HadGEM3-GC31-LL',7,0.0005701775785729,279.0516966012673,68.86322554379888,b'ssp245',5.305183619955465,276.2079677938342,283.28123545608145,269.68059617444663,b'2015-12-08/2015-12-14',1449532800
1222,25,15,79.68021622954245,0.0051579738708873,b'HadGEM3-GC31-LL',7,0.0002157412144709,296.7570815782968,68.6236437329403,b'ssp245',6.724783322069955,280.3044562411314,290.5139527944833,272.401776685083,b'2015-12-15/2015-12-21',1450137600
1222,25,15,65.29740218447121,0.0022788917923187,b'HadGEM3-GC31-LL',7,6.567577547728857e-05,234.2320994014639,92.22468179350166,b'ssp245',7.00399557123992,273.24948706099764,288.1218418497262,265.6089776798674,b'2015-12-22/2015-12-28',1450742400
1222,25,15,71.62954861138893,0.0030658604348436,b'HadGEM3-GC31-LL',7,0.0004019885116029,252.16442789042105,84.78506942227838,b'ssp245',4.954321495138028,275.2221991202035,286.9825284646671,268.1254309437002,b'2015-12-29/2016-01-04',1451347200
1222,25,15,81.09536284484794,0.0025069906188285,b'HadGEM3-GC31-LL',7,0.0002622435212773,251.69436932864656,86.05484567743896,b'ssp245',5.206032384330562,270.050579501552,278.0154572272724,256.9041989130812,b'2016-01-05/2016-01-11',1451952000
1222,25,15,76.6359862929097,0.0020760628830835,b'HadGEM3-GC31-LL',7,0.0004245026092977,233.73551781392663,90.11343952780256,b'ssp245',7.564328100564105,267.0071906435993,284.6196199826933,247.2713385414038,b'2016-01-12/2016-01-18',1452556800
1222,25,15,75.74154288747309,0.0041952570533315,b'HadGEM3-GC31-LL',7,0.0003816374686781,282.5815432328648,85.9885301834272,b'ssp245',5.258279472142425,278.9850909622442,284.85043063803136,273.88757122082933,b'2016-01-19/2016-01-25',1453161600
1222,25,15,67.85180550141008,0.0032936463387146,b'HadGEM3-GC31-LL',7,0.0005202453258888,268.1016177950625,96.99064580326184,b'ssp245',8.622107644788723,276.80694618814954,287.3965815973976,269.02153229597894,b'2016-01-26/2016-02-01',1453766400
1222,25,15,58.57532127410304,0.001606329253187,b'HadGEM3-GC31-LL',7,0.0,213.7391933051153,141.1592453869226,b'ssp245',6.315758287892891,269.94740337316364,281.9886447000581,258.8777404686554,b'2016-02-02/2016-02-08',1454371200
1222,25,15,77.0480361170783,0.0029491553648185,b'HadGEM3-GC31-LL',7,0.0002963171703262,256.3861936088966,115.79362338656178,b'ssp245',6.038118777086905,272.06684777941905,283.6421585699276,257.6800852391947,b'2016-02-09/2016-02-15',1454976000
1222,25,15,81.08601832967584,0.0022810346465146,b'HadGEM3-GC31-LL',7,0.000191958901697,240.0018222684704,137.19718474954428,b'ssp245',6.069199009082512,268.2195748409057,278.00516570404,251.64964572986608,b'2016-02-16/2016-02-22',1455580800
1222,25,15,73.9346338021626,0.0017529576538997,b'HadGEM3-GC31-LL',7,3.220009937764658e-05,220.17363516629052,163.61755789803655,b'ssp245',8.651812098798262,264.8937309612008,279.4969327122406,253.61375271946625,b'2016-02-23/2016-02-29',1456185600
1222,25,15,81.9460429973589,0.0026558784557427,b'HadGEM3-GC31-LL',7,0.000351853476813,248.08849691976005,146.0825429723138,b'ssp245',5.335954371539711,269.6614408688927,280.4697045247659,253.61375271946625,b'2016-03-01/2016-03-07',1456790400
1222,25,15,79.52935019096272,0.0044934993992158,b'HadGEM3-GC31-LL',7,0.0003189772637707,278.6471658403373,157.96009959421835,b'ssp245',5.350824549102959,277.9210202683485,286.56235579335055,265.4719532117705,b'2016-03-08/2016-03-14',1457395200
1222,25,15,75.61932242926345,0.0047122583584956,b'HadGEM3-GC31-LL',7,0.0001813989135178,273.1562207677803,180.6324546298061,b'ssp245',7.062066067291303,280.02967575640207,290.4975409438422,269.9359874817782,b'2016-03-15/2016-03-21',1458000000
1222,25,15,83.63885446368424,0.0053703250029134,b'HadGEM3-GC31-LL',7,0.0002827094335778,282.1589526368596,172.3314658542882,b'ssp245',4.056322305823704,280.50738732456585,289.2371606780562,268.598552599092,b'2016-03-22/2016-03-28',1458604800
1222,25,15,78.73939116755507,0.004279642862485,b'HadGEM3-GC31-LL',7,0.0003228349354949,266.44654779986644,208.7441139141957,b'ssp245',6.201895613057383,277.98019648643725,288.4852414724322,265.49463023738826,b'2016-03-29/2016-04-04',1459209600
1222,25,15,75.3310651922237,0.0051413528158436,b'HadGEM3-GC31-LL',7,9.467977803239957e-06,249.32030759450888,253.73449316493583,b'ssp245',4.459784154910676,281.455439567786,294.34848599287534,270.1003182307969,b'2016-04-05/2016-04-11',1459814400
1222,25,15,85.88150766928644,0.0077455200945079,b'HadGEM3-GC31-LL',7,0.0004883649190381,304.7038861047361,214.60326218929688,b'ssp245',6.525279004717435,285.2907285287533,299.08014433680523,270.06348869064897,b'2016-04-12/2016-04-18',1460419200
1222,25,15,85.93176643517727,0.0092389935362347,b'HadGEM3-GC31-LL',7,0.0002037586446932,325.3546048060262,227.0851905553357,b'ssp245',4.324437312432753,289.3755085511761,300.69711022692854,278.64653895167044,b'2016-04-19/2016-04-25',1461024000
1222,25,15,84.91923542141558,0.0091035998213159,b'HadGEM3-GC31-LL',7,0.0001584042095038,317.6471221170221,231.14436534720485,b'ssp245',3.5229143647379453,289.416719663344,297.91879873938245,280.7930835237026,b'2016-04-26/2016-05-02',1461628800
1222,25,15,81.67810164415724,0.0088109664359754,b'HadGEM3-GC31-LL',7,0.0007234452618037,317.8159251808433,237.0387582503811,b'ssp245',5.018239094070384,288.98008992494243,299.43131627096693,277.8592832007586,b'2016-05-03/2016-05-09',1462233600
1222,25,15,78.56427641991185,0.0080539496239818,b'HadGEM3-GC31-LL',7,0.0001638490288706,306.6345849916452,266.35785768545446,b'ssp245',4.442760850935865,288.13950390686983,300.85604887979287,275.1072654415988,b'2016-05-10/2016-05-16',1462838400
1222,25,15,82.77513000361508,0.0096130121597955,b'HadGEM3-GC31-LL',7,0.0008453239207367,324.53607260842483,239.94266009776447,b'ssp245',4.576221496657744,290.2723768081507,303.13087934207454,279.5230105497148,b'2016-05-17/2016-05-23',1463443200
1222,25,15,78.29354864385039,0.0091766611193197,b'HadGEM3-GC31-LL',7,0.0001685074933494,310.18400359973606,310.95163539285176,b'ssp245',4.2241332523272,289.6980815000906,300.27987754710847,276.11391861873994,b'2016-05-24/2016-05-30',1464048000
1222,25,15,78.1484311295524,0.0108031235885037,b'HadGEM3-GC31-LL',7,0.0002543648084711,318.4510082435916,335.2638509025372,b'ssp245',3.523311531381412,291.8836041680941,304.24042832678094,277.5444581951578,b'2016-05-31/2016-06-06',1464652800
1222,25,15,89.62921278333103,0.013009786263655,b'HadGEM3-GC31-LL',7,0.0004892278123366,359.58305537428294,260.8617627698281,b'ssp245',3.5090190462171416,293.5508195431162,307.48131717811304,277.73746955144384,b'2016-06-07/2016-06-13',1465257600
1222,25,15,80.98127714888264,0.0130280795920456,b'HadGEM3-GC31-LL',7,4.9137319464416727e-05,351.48994308813275,308.7825228464183,b'ssp245',2.3964416817047294,294.89891435036395,307.395221272655,283.32575434128574,b'2016-06-14/2016-06-20',1465862400
1222,25,15,81.56833432987935,0.0126585154176211,b'HadGEM3-GC31-LL',7,0.0004476160931261,354.30431911980014,289.2955457281081,b'ssp245',4.18885075594794,294.2724638674129,303.78483707261586,284.7838036162788,b'2016-06-21/2016-06-27',1466467200
1222,25,15,73.04284259999511,0.0138303825475692,b'HadGEM3-GC31-LL',7,9.863192386118573e-05,359.7047154848938,325.802421804006,b'ssp245',3.430555980309532,297.75533411064305,306.76128203803387,284.92577069949647,b'2016-06-28/2016-07-04',1467072000
1222,25,15,82.16334920179314,0.0145266839977333,b'HadGEM3-GC31-LL',7,0.0003061969277081,367.6221959184286,291.8111945019565,b'ssp245',3.552264395883721,297.2514872125079,307.74912918904295,282.2679734237745,b'2016-07-05/2016-07-11',1467676800
1222,25,15,71.4953305429106,0.0115863915851793,b'HadGEM3-GC31-LL',7,0.000154265935658,342.94332019445835,303.23975670411954,b'ssp245',3.969406235226302,293.4505788071063,303.5097702593334,279.7083803340191,b'2016-07-12/2016-07-18',1468281600
1222,25,15,80.65858929156707,0.0134762248031651,b'HadGEM3-GC31-LL',7,0.000313639024651,362.95795345416445,262.5961476618056,b'ssp245',3.1713693286375007,295.1335310470472,304.2141651159727,282.47321246860486,b'2016-07-19/2016-07-25',1468886400
1222,25,15,75.68109025653669,0.0130206296891455,b'HadGEM3-GC31-LL',7,0.0001667041023564,359.9786894829312,274.9170528599387,b'ssp245',3.663856402545061,295.1052252714227,307.44192401349835,284.8945587108902,b'2016-07-26/2016-08-01',1469491200
1222,25,15,73.33906543730811,0.0125167709260494,b'HadGEM3-GC31-LL',7,0.0002018398323447,352.57271173945094,280.8058887607584,b'ssp245',3.3101667907753582,294.73519679830395,307.2714559773829,279.7233392718536,b'2016-08-02/2016-08-08',1470096000
1222,25,15,84.29394804696797,0.0146020815952556,b'HadGEM3-GC31-LL',7,0.0007466530113626,373.35046042313127,227.8821208010968,b'ssp245',3.0251865455467657,297.1760307503936,305.6724189918531,286.48216945173675,b'2016-08-09/2016-08-15',1470700800
1222,25,15,79.93776551895266,0.0130787895671711,b'HadGEM3-GC31-LL',7,8.630024407435553e-05,369.8115465035208,225.17447592451143,b'ssp245',3.9756207163494017,295.7256803426736,308.1714548040092,285.2229837100225,b'2016-08-16/2016-08-22',1471305600
1222,25,15,69.09567750851112,0.0091995450811184,b'HadGEM3-GC31-LL',7,7.42104481382306e-05,332.04114873178725,244.91444377252088,b'ssp245',3.4017322150934057,291.02106470019555,301.64620404713366,279.08464555632514,b'2016-08-23/2016-08-29',1471910400
1222,25,15,82.2327480514248,0.0100740180414246,b'HadGEM3-GC31-LL',7,0.0003370459551859,353.67069285058443,176.28754618204744,b'ssp245',3.7984277042152974,291.59906854548086,300.4022126082265,284.6199399982015,b'2016-08-30/2016-09-05',1472515200
1222,25,15,82.63524979838537,0.0124480239810546,b'HadGEM3-GC31-LL',7,0.0001869612971187,363.2435879279251,201.6580729269965,b'ssp245',3.794314001851728,294.7644408926138,303.03397173411634,283.51272745702505,b'2016-09-06/2016-09-12',1473120000
1222,25,15,78.92193263335837,0.010564025781856,b'HadGEM3-GC31-LL',7,0.0004072048001612,347.6588700605049,205.3385290959788,b'ssp245',3.724769257134553,291.91811410466823,301.5950190185152,277.3193367263227,b'2016-09-13/2016-09-19',1473724800
1222,25,15,79.86958708632166,0.0091617419316714,b'HadGEM3-GC31-LL',7,0.0003931657407726,335.8929464136401,189.36978526217763,b'ssp245',4.586873565236279,289.73926027757096,299.25000073952134,279.79019524939423,b'2016-09-20/2016-09-26',1474329600
1222,25,15,76.23328492450516,0.0080871510604418,b'HadGEM3-GC31-LL',7,6.424292137092054e-05,325.8972351370027,180.5350165544304,b'ssp245',3.698129235281285,289.08893292037715,296.2915638074736,280.5992074698355,b'2016-09-27/2016-10-03',1474934400
1222,25,15,83.59511453825306,0.0102444598670491,b'HadGEM3-GC31-LL',7,5.157750542869057e-05,334.8126332476484,181.3320906476449,b'ssp245',2.7956305982168024,290.7766553120335,300.9439553798497,278.98025670459856,b'2016-10-04/2016-10-10',1475539200
1222,25,15,82.82815981560539,0.0099716541570555,b'HadGEM3-GC31-LL',7,0.0002036349306742,345.53031688613595,149.5318587351803,b'ssp245',3.720536946617592,291.1715246711624,298.968924181912,279.80899807093414,b'2016-10-11/2016-10-17',1476144000
1222,25,15,70.50665156692163,0.0061741915344245,b'HadGEM3-GC31-LL',7,3.068209356453664e-05,302.0348142531021,148.6297603055178,b'ssp245',6.225882259824935,286.0468708305086,296.4125337616114,277.8950115937216,b'2016-10-18/2016-10-24',1476748800
1222,25,15,72.41565643071083,0.0052904725472294,b'HadGEM3-GC31-LL',7,8.67204162591939e-05,291.2575709864363,133.35394889114912,b'ssp245',5.352587328698876,283.0371852780555,290.8377699351272,273.6738179196064,b'2016-10-25/2016-10-31',1477353600
1222,25,15,76.57236877941465,0.0053214890760502,b'HadGEM3-GC31-LL',7,0.0003799765644531,304.4602291160881,111.69169379524182,b'ssp245',6.053851656844428,282.4869392865144,291.4982273181921,275.6379875713096,b'2016-11-01/2016-11-07',1477958400
1222,25,15,81.11322045782933,0.006057235785323,b'HadGEM3-GC31-LL',7,0.0001890960079519,294.4647271169297,113.94551768546124,b'ssp245',3.9642277874848655,282.88036478316843,292.8346332802719,274.0998821104478,b'2016-11-08/2016-11-14',1478563200
1222,25,15,79.92591197447224,0.0050770059881781,b'HadGEM3-GC31-LL',7,0.0007676455599956,304.0059438846746,79.92898189017329,b'ssp245',7.28920735923297,280.905698239652,290.4259225478657,272.85775510328847,b'2016-11-15/2016-11-21',1479168000
1222,25,15,79.09490515688894,0.0039096754567665,b'HadGEM3-GC31-LL',7,0.0006951503014532,282.3089686239011,88.91885921901736,b'ssp245',6.166614816449076,276.4473937946023,284.32608461148897,266.74260572393416,b'2016-11-22/2016-11-28',1479772800
1222,25,15,81.92928020161237,0.0040354477266889,b'HadGEM3-GC31-LL',7,8.658395729215702e-06,279.4451763928693,86.49498861292179,b'ssp245',4.07880263765442,276.40647296918723,287.60567458342274,264.01562731716666,b'2016-11-29/2016-12-05',1480377600
1222,25,15,73.79827229112229,0.003674656453261,b'HadGEM3-GC31-LL',7,6.80520270943875e-05,263.0332958468824,86.37574753628134,b'ssp245',6.636720973736085,277.1996312620127,289.0353364959865,268.38153298028254,b'2016-12-06/2016-12-12',1480982400
1222,25,15,66.75752445117942,0.0021542521764711,b'HadGEM3-GC31-LL',7,1.238403685290755e-05,232.6899333454681,89.41188048083872,b'ssp245',6.111913197370151,272.2141484098349,278.66221369680187,265.1614019982456,b'2016-12-13/2016-12-19',1481587200
1222,25,15,73.28083210180738,0.0026776571897262,b'HadGEM3-GC31-LL',7,5.141197986450874e-05,245.08276753851484,84.93707146414593,b'ssp245',5.3943271945096765,273.5572462858847,278.9595220562715,267.27890433710496,b'2016-12-20/2016-12-26',1482192000
1222,25,15,74.56597187456897,0.0021936474914722,b'HadGEM3-GC31-LL',7,0.0001944048988981,241.1136572543122,85.52964685608659,b'ssp245',8.536760753444069,269.8528071213561,278.1030510577324,264.1890813923036,b'2016-12-27/2017-01-02',1482796800
1222,25,15,77.65101099355431,0.0025698197398359,b'HadGEM3-GC31-LL',7,0.0004019685433103,253.04058365653464,84.96492836532047,b'ssp245',6.859743685582592,270.1742335587376,284.1207615570414,258.65522502350694,b'2017-01-03/2017-01-09',1483401600
1222,25,15,70.98826966416662,0.0026608953329972,b'HadGEM3-GC31-LL',7,9.925564715947352e-05,253.84331614399463,91.5222795628632,b'ssp245',5.737461612594889,272.8259327279044,281.9580021428369,264.2739491501224,b'2017-01-10/2017-01-16',1484006400
1222,25,15,68.97758307370033,0.0011458664300661,b'HadGEM3-GC31-LL',7,2.796609799980328e-05,203.4929228412233,113.10370488962457,b'ssp245',6.499984503232549,262.56395288463443,274.22663936091163,252.23568834049064,b'2017-01-17/2017-01-23',1484611200
1222,25,15,71.13716875221998,0.002858655666755,b'HadGEM3-GC31-LL',7,0.0004212430226501,257.91079497805043,98.06045600368168,b'ssp245',6.269399908269604,273.463734334263,285.4135262977711,261.7418799577507,b'2017-01-24/2017-01-30',1485216000
1222,25,15,63.85641642274907,0.0018912727330423,b'HadGEM3-GC31-LL',7,0.0001586912829119,227.78987539939783,119.79065998129336,b'ssp245',5.338469254566125,270.74336206404024,277.38845736452754,262.99532356323834,b'2017-01-31/2017-02-06',1485820800
1222,25,15,73.99566593165764,0.0013203624667207,b'HadGEM3-GC31-LL',7,0.0002692905565546,217.06026708944933,135.02910324191762,b'ssp245',10.14140916481432,262.47426215215177,278.7683696099745,252.7931251094492,b'2017-02-07/2017-02-13',1486425600
1222,25,15,73.36354620286671,0.0018953276556485,b'HadGEM3-GC31-LL',7,2.24415621752529e-06,226.1048809186213,152.2138739030575,b'ssp245',6.724997925752859,267.74871279630435,275.8366834797651,259.25504954989776,b'2017-02-14/2017-02-20',1487030400
1222,25,15,76.11938134093717,0.0030227082441301,b'HadGEM3-GC31-LL',7,0.0003481993563745,255.1488360597112,142.29133295886325,b'ssp245',7.096539670810836,273.028059789718,280.7929345841169,261.4125878452677,b'2017-02-21/2017-02-27',1487635200
1222,25,15,79.18912679010634,0.0030239724833324,b'HadGEM3-GC31-LL',7,0.0002506217246122,248.5573389091641,155.87482668790594,b'ssp245',5.572237149138884,272.78219811558154,279.75157340547383,263.2811400578365,b'2017-02-28/2017-03-06',1488240000
1222,25,15,76.67460253407603,0.0017894395940512,b'HadGEM3-GC31-LL',7,0.0003187275290839,225.50323027472783,162.4553336841857,b'ssp245',7.8004222782275,267.1088572365017,275.357370995936,255.1733193836613,b'2017-03-07/2017-03-13',1488844800
1222,25,15,87.60442479246076,0.003559831234532,b'HadGEM3-GC31-LL',7,0.0005003692853932,260.8158343253718,165.06596214634263,b'ssp245',6.772005039523663,273.7210948106848,280.2855734386044,266.3352234675541,b'2017-03-14/2017-03-20',1489449600
1222,25,15,77.98354177785312,0.0025567968038314,b'HadGEM3-GC31-LL',7,6.875344978294948e-05,231.0156539223251,209.93690241750497,b'ssp245',5.35848381941351,270.8098126148864,279.3610126945237,258.2475632527341,b'2017-03-21/2017-03-27',1490054400
1222,25,15,88.88250722737669,0.0042401562710742,b'HadGEM3-GC31-LL',7,0.0002821098194964,275.9085563696644,186.32215884869188,b'ssp245',5.719040378972892,275.8469892511076,282.2057052390448,269.45148129070327,b'2017-03-28/2017-04-03',1490659200
1222,25,15,79.551183556619,0.0035818334523899,b'HadGEM3-GC31-LL',7,0.0002292798681775,258.97167365159777,198.3959689269076,b'ssp245',4.873850498853146,275.1599163633831,281.7455567589484,266.2253040812898,b'2017-04-04/2017-04-10',1491264000
1222,25,15,91.13523968102996,0.0071475274713411,b'HadGEM3-GC31-LL',7,0.0002538624979329,305.61808130654737,213.4477657139398,b'ssp245',3.135052079585472,282.9512486795672,295.15803727502777,265.8732215499262,b'2017-04-11/2017-04-17',1491868800
1222,25,15,77.32668040504693,0.0051753027103462,b'HadGEM3-GC31-LL',7,1.9363366609311326e-05,280.8561654142604,228.77455618440376,b'ssp245',3.9230781592482,281.1464738244964,290.2317175056322,273.84758229787207,b'2017-04-18/2017-04-24',1492473600
1222,25,15,87.09572492327008,0.0064453667324416,b'HadGEM3-GC31-LL',7,0.0005734052932502,301.3753215368092,204.3863194877436,b'ssp245',4.077862587421892,283.15692203468024,292.1113877797165,275.0397572062898,b'2017-04-25/2017-05-01',1493078400
1222,25,15,84.95566088537574,0.0078612775736359,b'HadGEM3-GC31-LL',7,0.0002176265234531,302.6541721212817,244.7425467312653,b'ssp245',4.504268716615809,286.08045540762754,295.883819087064,274.482651175898,b'2017-05-02/2017-05-08',1493683200
1222,25,15,85.649716206244,0.0084302065348711,b'HadGEM3-GC31-LL',7,0.0006069090146761,311.78686093106546,243.72126644829143,b'ssp245',4.386075865828961,287.0521122967429,298.22503119793777,276.75968506648195,b'2017-05-09/2017-05-15',1494288000
1222,25,15,85.70352152250612,0.0087501401481033,b'HadGEM3-GC31-LL',7,0.0004446314189102,318.6486354381527,248.7291764365645,b'ssp245',3.9028973620399534,287.7910149347801,298.5337853747539,276.71808181787344,b'2017-05-16/2017-05-22',1494892800
1222,25,15,79.16709019167716,0.008816847504075,b'HadGEM3-GC31-LL',7,0.0001827777243482,322.03948647811404,266.3548872292028,b'ssp245',3.0461280904134265,289.03364673212167,299.0154293719709,275.7236562799752,b'2017-05-23/2017-05-29',1495497600
1222,25,15,83.06388025131947,0.0107865251961621,b'HadGEM3-GC31-LL',7,0.0005393319851664,335.85567959103827,281.8143336465335,b'ssp245',3.865382642606211,291.88142267892306,300.01218568373577,282.5368323010274,b'2017-05-30/2017-06-05',1496102400
1222,25,15,85.93428571301797,0.0124010242517033,b'HadGEM3-GC31-LL',7,0.0004214181138404,345.86495625865456,290.7437745056223,b'ssp245',3.5813436124111857,293.88865897915747,301.68557758978386,281.7449106638574,b'2017-06-06/2017-06-12',1496707200
1222,25,15,79.2540249695768,0.0129417559557984,b'HadGEM3-GC31-LL',7,9.135838631745042e-05,347.75904191539,326.03023297512146,b'ssp245',3.120758032842786,295.0859284778404,306.5994883893188,282.4047767750089,b'2017-06-13/2017-06-19',1497312000
1222,25,15,77.86621900004272,0.0128682305661932,b'HadGEM3-GC31-LL',7,0.0001247620728297,355.4918167251598,303.3637021890337,b'ssp245',4.796588100408699,295.0965169857755,308.1126250974196,282.31366730968864,b'2017-06-20/2017-06-26',1497916800
1222,25,15,80.21278824884348,0.0131428340618009,b'HadGEM3-GC31-LL',7,0.0002077116230025,357.4057947788728,302.83448898910564,b'ssp245',3.0379505413882097,295.5350462162767,307.2021821596704,284.7724836161526,b'2017-06-27/2017-07-03',1498521600
1222,25,15,77.24832352638906,0.0128045706742565,b'HadGEM3-GC31-LL',7,0.0001860991155648,356.64806047092264,294.92545794538285,b'ssp245',4.098327788694776,294.9564090097525,304.30007195049035,283.0228397202993,b'2017-07-04/2017-07-10',1499126400
1222,25,15,87.95211606407562,0.0160950164207679,b'HadGEM3-GC31-LL',7,0.0005038788783448,379.7909121554085,253.65497102964125,b'ssp245',3.148485651474034,298.56599444229334,305.4156604082788,286.4354995949396,b'2017-07-11/2017-07-17',1499731200
1222,25,15,91.53168870163051,0.0171709864783129,b'HadGEM3-GC31-LL',7,0.0004667514710428,384.0349285126613,258.3359783497469,b'ssp245',2.264462019014436,299.40781384804166,308.9807462676855,290.44187145818614,b'2017-07-18/2017-07-24',1500336000
1222,25,15,80.81999110405204,0.0146686297302092,b'HadGEM3-GC31-LL',7,0.0001880701724225,372.7839076774874,263.5241959318949,b'ssp245',3.9493625792955216,297.13543467342294,308.03072617242725,281.49138393617795,b'2017-07-25/2017-07-31',1500940800
1222,25,15,84.67447723099907,0.0157810714052412,b'HadGEM3-GC31-LL',7,0.000319459656055,378.25550369343694,251.13767830351057,b'ssp245',3.5666532431192444,298.9135071899499,307.6801521165691,290.98096679293093,b'2017-08-01/2017-08-07',1501545600
1222,25,15,75.9795245908574,0.0128738516019585,b'HadGEM3-GC31-LL',7,9.945326252898709e-05,358.2687827065611,266.0754113337088,b'ssp245',3.107638441715729,295.10999702895566,305.6608141281301,283.0906783737157,b'2017-08-08/2017-08-14',1502150400
1222,25,15,76.2261905824233,0.0131673364788929,b'HadGEM3-GC31-LL',7,0.0003924996339978,362.4610447164994,236.57242266410444,b'ssp245',3.7652867747156495,295.9309139925202,304.1037008997312,284.8281384592873,b'2017-08-15/2017-08-21',1502755200
1222,25,15,76.46605302576049,0.0125019334965081,b'HadGEM3-GC31-LL',7,0.0001130363830011,356.209387139418,245.70556542022163,b'ssp245',3.357273044334172,294.5220855424126,304.33468943458763,282.23113150897046,b'2017-08-22/2017-08-28',1503360000
1222,25,15,74.35071976003817,0.0110719121466851,b'HadGEM3-GC31-LL',7,0.0003437275836951,346.2546134154626,226.3091721683294,b'ssp245',4.241120023978326,292.4589154023153,304.2189017004651,275.925093347306,b'2017-08-29/2017-09-04',1503964800
1222,25,15,73.66428544277575,0.0087348393245391,b'HadGEM3-GC31-LL',7,4.826726221556372e-05,326.17727467448674,225.4059398201248,b'ssp245',3.6246312173277295,289.7318314412106,298.2423618298163,278.9590744486918,b'2017-09-05/2017-09-11',1504569600
1222,25,15,73.87801955870385,0.0092818568290412,b'HadGEM3-GC31-LL',7,1.691365570983468e-05,331.27999260253347,222.67287828739043,b'ssp245',3.73593047664976,289.68178217641594,301.3534818042268,277.46575247374795,b'2017-09-12/2017-09-18',1505174400
1222,25,15,78.8314108761634,0.0108443337047509,b'HadGEM3-GC31-LL',7,0.0003259199890825,351.0137975020577,195.3819413051962,b'ssp245',4.719169080051077,292.92694352390083,303.440171052258,280.36839035601145,b'2017-09-19/2017-09-25',1505779200
1222,25,15,80.47872677241136,0.0089057664182307,b'HadGEM3-GC31-LL',7,2.2519519847880385e-08,328.2511037319878,189.9476865640337,b'ssp245',2.3402440914677443,288.9554184667789,299.39130250009475,278.6434560846628,b'2017-09-26/2017-10-02',1506384000
1222,25,15,82.7010801074523,0.0103730615948453,b'HadGEM3-GC31-LL',7,1.1360772889078194e-05,341.1702927695723,180.2076103057263,b'ssp245',2.420178379551412,291.474953844012,300.50400677559264,280.4555533413741,b'2017-10-03/2017-10-09',1506988800
1222,25,15,82.55827831600216,0.0095381959985847,b'HadGEM3-GC31-LL',7,0.0005121854011769,328.8448011555464,161.378065799913,b'ssp245',4.1615552297784095,290.3822202702304,300.6204303994125,277.8158062517354,b'2017-10-10/2017-10-16',1507593600
1222,25,15,83.76988983682524,0.0089095266580584,b'HadGEM3-GC31-LL',7,0.0001743831866213,336.781241984998,136.29083278188523,b'ssp245',3.301263577030736,289.28150767738595,297.07306514610576,280.0350521747053,b'2017-10-17/2017-10-23',1508198400
1222,25,15,77.04040923691942,0.0070084734545139,b'HadGEM3-GC31-LL',7,0.0007930474542627,303.78600638253346,137.46307864212258,b'ssp245',4.738675675600142,286.1204131932174,295.0930873889338,275.54993745622033,b'2017-10-24/2017-10-30',1508803200
1222,25,15,78.68684754326523,0.0065115784239449,b'HadGEM3-GC31-LL',7,4.9237335871603865e-06,298.00165198137046,132.22719176569962,b'ssp245',3.7261807211491416,284.7762414688826,293.13304436457184,274.4949159391093,b'2017-10-31/2017-11-06',1509408000
1222,25,15,82.37626953089786,0.00585002684869,b'HadGEM3-GC31-LL',7,0.0007346773509108,301.5183286440171,92.069441564909,b'ssp245',7.183129565643709,282.3837040527682,291.8677815820944,272.9691194648311,b'2017-11-07/2017-11-13',1510012800
1222,25,15,78.63761504274744,0.0038439985042806,b'HadGEM3-GC31-LL',7,1.7354240740207195e-05,266.9056709689245,110.89979392640896,b'ssp245',5.691432939400003,276.3230566662618,286.99949056844144,267.93224298973274,b'2017-11-14/2017-11-20',1510617600
1222,25,15,79.49575599830641,0.0050182401983055,b'HadGEM3-GC31-LL',7,3.0981123392807394e-08,281.8567848584131,101.09925412306356,b'ssp245',4.768783195338457,280.9359044722753,288.00899366338734,273.6664725998492,b'2017-11-21/2017-11-27',1511222400
1222,25,15,80.31531490323287,0.003968278580985,b'HadGEM3-GC31-LL',7,0.0001321110126365,276.089614276547,81.76011158361904,b'ssp245',5.4361946088129285,277.03753236708565,281.6448852834872,270.1217848572862,b'2017-11-28/2017-12-04',1511827200
1222,25,15,79.17678593367704,0.003992823747997,b'HadGEM3-GC31-LL',7,0.0006977290846174,276.5827733772114,79.8516965620022,b'ssp245',6.210380703699168,276.9241809822961,283.9811615335345,270.6938940488849,b'2017-12-05/2017-12-11',1512432000
1222,25,15,82.13764651994246,0.0047725655632632,b'HadGEM3-GC31-LL',7,1.6074974979987345e-05,283.61594066360163,81.67214572729539,b'ssp245',3.353156783001378,279.6252260681336,285.9421638155985,273.50415221477755,b'2017-12-12/2017-12-18',1513036800
1222,25,15,85.47514944386873,0.0055870475335518,b'HadGEM3-GC31-LL',7,0.0016172574134045,314.5808956199944,50.94362112151374,b'ssp245',6.519495431914111,281.44418320874814,287.3390112955466,272.65319345994993,b'2017-12-19/2017-12-25',1513641600
1222,25,15,74.61534247012109,0.0035565298688682,b'HadGEM3-GC31-LL',7,5.028847376474044e-05,271.7867549259724,79.37629916105043,b'ssp245',5.426066861976907,277.052624144071,281.6332668125726,272.9905554751396,b'2017-12-26/2018-01-01',1514246400
1222,25,15,75.6292617361182,0.0035364472081258,b'HadGEM3-GC31-LL',7,0.0003628421078025,271.4277493626313,79.87689922886524,b'ssp245',6.133771660639897,276.4221742384819,282.5956677758829,270.38791958465333,b'2018-01-02/2018-01-08',1514851200
1222,25,15,67.39032500615001,0.0016884179000654,b'HadGEM3-GC31-LL',7,4.896491094761883e-05,230.7728091182044,95.25611937659568,b'ssp245',8.00883976999948,267.9567785379712,276.6102113985669,259.12818916086616,b'2018-01-09/2018-01-15',1515456000
1222,25,15,79.87482578815502,0.0026660673401163,b'HadGEM3-GC31-LL',7,0.0002548635909463,252.42574668618408,100.29644421829023,b'ssp245',4.541139434893248,270.92616924512146,279.46027306478135,257.315239137517,b'2018-01-16/2018-01-22',1516060800
1222,25,15,78.75334930772075,0.0032066169342968,b'HadGEM3-GC31-LL',7,0.0004811605174517,273.2724896837486,85.94216008453758,b'ssp245',5.263331298819322,274.2412279746617,282.067066593201,267.26876426783053,b'2018-01-23/2018-01-29',1516665600
1222,25,15,74.87563038818726,0.0035447005408241,b'HadGEM3-GC31-LL',7,3.645530452970933e-05,264.1348751269723,111.29128228933024,b'ssp245',4.61079829949142,276.2197127158444,283.60770077312515,265.90898095348155,b'2018-01-30/2018-02-05',1517270400
1222,25,15,58.8759225932935,0.0018374147361779,b'HadGEM3-GC31-LL',7,0.0002493454712359,223.10152160447328,136.8021896436257,b'ssp245',9.978694779532296,270.80182807406464,280.7530021605854,257.1088559546648,b'2018-02-06/2018-02-12',1517875200
1222,25,15,74.90539280855982,0.0015997836535853,b'HadGEM3-GC31-LL',7,8.54334178528269e-05,216.45423589477963,146.04203996585696,b'ssp245',7.846335091162795,264.4534097227356,278.5172556444208,254.27320045877929,b'2018-02-13/2018-02-19',1518480000
1222,25,15,86.89140192344837,0.0036120845516251,b'HadGEM3-GC31-LL',7,0.0005227598801205,273.63081766599987,117.99139514872914,b'ssp245',6.119966806067954,274.069447936237,284.2650571462604,252.7474767287444,b'2018-02-20/2018-02-26',1519084800
1222,25,15,75.92207221359793,0.0025912456163594,b'HadGEM3-GC31-LL',7,0.0002520313856575,242.0313458947808,157.98321872502532,b'ssp245',6.89286985040784,270.4649546641058,281.61817855711706,253.14864471386244,b'2018-02-27/2018-03-05',1519689600
1222,25,15,71.05798009260131,0.003197516085213,b'HadGEM3-GC31-LL',7,0.0007372445388748,251.1966133566671,167.2220117959419,b'ssp245',6.800390972541988,274.7711282004228,285.7625004732937,265.1189518005667,b'2018-03-06/2018-03-12',1520294400
1222,25,15,84.05437952636325,0.004455761749118,b'HadGEM3-GC31-LL',7,0.0003416884228558,270.8169352859155,155.99109734527073,b'ssp245',3.542669851951062,277.51751509665786,287.51040412767253,267.5951465612852,b'2018-03-13/2018-03-19',1520899200
1222,25,15,77.85539841008138,0.004533472806644,b'HadGEM3-GC31-LL',7,0.0002790806738896,261.5571084743335,198.07212265968985,b'ssp245',5.248255336694567,278.4599910958821,288.964761071521,265.2799727481478,b'2018-03-20/2018-03-26',1521504000
1222,25,15,90.5703585686542,0.0063572897859082,b'HadGEM3-GC31-LL',7,0.0006603186234373,316.5623198667025,150.19642694448177,b'ssp245',4.162176343769063,282.73762015319164,289.26362346100694,276.6230109342659,b'2018-03-27/2018-04-02',1522108800
1222,25,15,81.56962138567076,0.0076115304038242,b'HadGEM3-GC31-LL',7,3.634640489708281e-05,297.4803129011727,221.8105082755108,b'ssp245',5.243201768290988,286.6510040473366,297.75879803535827,274.1388715950468,b'2018-04-03/2018-04-09',1522713600
1222,25,15,71.32816207202566,0.006226481830322,b'HadGEM3-GC31-LL',7,4.457771436787581e-05,274.8519955108382,234.2689564870187,b'ssp245',5.9884587568964935,285.24815121088795,299.2624553624956,271.7927169183538,b'2018-04-10/2018-04-16',1523318400
1222,25,15,77.69578961535908,0.0055699423412253,b'HadGEM3-GC31-LL',7,0.0002696991332338,281.38982005573826,214.03081394656,b'ssp245',4.866314594282885,282.4694186540116,291.6559895899069,271.9865616165186,b'2018-04-17/2018-04-23',1523923200
1222,25,15,82.7023877906051,0.0074584914461429,b'HadGEM3-GC31-LL',7,0.0002524161200448,298.30889265041503,225.39523411215305,b'ssp245',4.373566590636425,286.0631668580313,295.30408173346945,271.79489421690414,b'2018-04-24/2018-04-30',1524528000
1222,25,15,84.37049241883635,0.0078442185413682,b'HadGEM3-GC31-LL',7,0.0002968464108817,301.6734574698918,232.47945413736943,b'ssp245',3.9983772639999375,286.90013902577465,295.7899879369289,277.3956003512628,b'2018-05-01/2018-05-07',1525132800
1222,25,15,83.0491450538873,0.0086801763689078,b'HadGEM3-GC31-LL',7,0.0001956334610119,311.514379322185,249.58942275462184,b'ssp245',3.645852460669723,288.39836422400583,303.724241093403,274.423309572679,b'2018-05-08/2018-05-14',1525737600
1222,25,15,89.78899451862603,0.0112641105478202,b'HadGEM3-GC31-LL',7,0.000476687021536,331.7306628919435,244.1492145924818,b'ssp245',3.262695478809752,291.575743776696,300.28459648169303,279.0085093262508,b'2018-05-15/2018-05-21',1526342400
1222,25,15,78.94176383495002,0.0091910602757223,b'HadGEM3-GC31-LL',7,0.0001157509981945,318.9700790253848,281.27336530511553,b'ssp245',3.4376508340036627,290.0034851595405,300.2208918015291,279.7879170801412,b'2018-05-22/2018-05-28',1526947200
1222,25,15,74.3461028388926,0.0095726496863704,b'HadGEM3-GC31-LL',7,0.0001633207465044,319.64091480782474,304.3528220949012,b'ssp245',4.461300800117917,291.32543913618736,303.78480941452005,277.27877403345553,b'2018-05-29/2018-06-04',1527552000
1222,25,15,80.5543508435022,0.0148030270966568,b'HadGEM3-GC31-LL',7,3.754202116138247e-05,364.21904589302846,323.87316819170513,b'ssp245',3.4129659286030667,298.52344876185265,309.3509399709871,285.20912375011045,b'2018-06-05/2018-06-11',1528156800
1222,25,15,70.08600626051248,0.0099027455365682,b'HadGEM3-GC31-LL',7,0.0001554629192789,332.1208649773316,296.60918485499303,b'ssp245',4.526721000396267,292.773201719487,304.6142299571985,282.13370081296074,b'2018-06-12/2018-06-18',1528761600
1222,25,15,84.12920457288406,0.0125957019495982,b'HadGEM3-GC31-LL',7,0.0002579693976401,349.9292832354104,295.191941987387,b'ssp245',3.8289002206235847,293.83520562748373,306.1688483859111,280.3387579355564,b'2018-06-19/2018-06-25',1529366400
1222,25,15,79.74015350306583,0.0139742427923175,b'HadGEM3-GC31-LL',7,0.0001460292878905,360.13624872436105,303.52363377246905,b'ssp245',3.3024709850872966,296.66825198665,305.954615628392,284.383033912671,b'2018-06-26/2018-07-02',1529971200
1222,25,15,71.11992256486771,0.0147599477154117,b'HadGEM3-GC31-LL',7,3.057366365707714e-05,366.2821039357858,344.8001464167616,b'ssp245',3.7462233024355513,298.92417046700785,313.6344919528253,282.9330312208136,b'2018-07-03/2018-07-09',1530576000
1222,25,15,70.73643830750792,0.013905285210657,b'HadGEM3-GC31-LL',7,0.0007018375910918,368.1730200747489,282.83986134884566,b'ssp245',3.678495463283899,298.4252629301,310.985492170146,283.16220319559966,b'2018-07-10/2018-07-16',1531180800
1222,25,15,78.73569738025785,0.013176797652957,b'HadGEM3-GC31-LL',7,0.0002246889333672,356.7567421521157,291.6207705580718,b'ssp245',2.7367166862349133,294.6977727816503,303.2612131146507,285.7316760431391,b'2018-07-17/2018-07-23',1531785600
1222,25,15,83.92399747713374,0.0150104988828049,b'HadGEM3-GC31-LL',7,0.0002638101299415,369.7556891090293,267.63965669548764,b'ssp245',3.029090534256865,297.2013205399063,304.750880227528,286.6142884779824,b'2018-07-24/2018-07-30',1532390400
1222,25,15,87.47507459727221,0.0160550886364049,b'HadGEM3-GC31-LL',7,0.0006364577149447,377.99847427604107,242.65752827661737,b'ssp245',2.85688095144496,298.6049737214988,305.21545385505544,290.8792159122104,b'2018-07-31/2018-08-06',1532995200
1222,25,15,89.19582266755835,0.0160275840037346,b'HadGEM3-GC31-LL',7,0.001086670242593,381.76553282043335,208.7392802323201,b'ssp245',3.400077629936724,298.57659972679687,304.284884204772,289.1387722033869,b'2018-08-07/2018-08-13',1533600000
1222,25,15,91.35623145879292,0.0158747470656746,b'HadGEM3-GC31-LL',7,0.0004445732544234,385.767358944979,202.465485657992,b'ssp245',2.5332898584656816,298.34642110860244,306.0819373307976,291.05180933248243,b'2018-08-14/2018-08-20',1534204800
1222,25,15,83.30021938638272,0.0139902810824696,b'HadGEM3-GC31-LL',7,0.0001058538218538,366.07861233748,219.76188611070856,b'ssp245',2.7698335371363005,296.1971174742371,305.1313102364733,283.49830965156127,b'2018-08-21/2018-08-27',1534809600
1222,25,15,75.48968308829778,0.0112129293863411,b'HadGEM3-GC31-LL',7,0.0004768091245859,350.54905227037824,221.9445837704492,b'ssp245',3.759812368109681,293.42447376229217,304.22779567638395,280.2376465928381,b'2018-08-28/2018-09-03',1535414400
1222,25,15,83.18764134716717,0.0122536727806095,b'HadGEM3-GC31-LL',7,0.0004947007523598,355.4528749995493,213.1060904937117,b'ssp245',2.3334329239963907,293.7036315720763,301.6793399743002,282.87255800213296,b'2018-09-04/2018-09-10',1536019200
1222,25,15,72.71906087185587,0.0093218114303573,b'HadGEM3-GC31-LL',7,0.0001170694030851,330.1257627845058,225.5180386002499,b'ssp245',3.159093449744677,290.5984858731434,305.1295104881865,277.845719246564,b'2018-09-11/2018-09-17',1536624000
1222,25,15,75.72794542592143,0.0090462022480126,b'HadGEM3-GC31-LL',7,4.267254654798002e-05,329.6314933560282,214.2459360453265,b'ssp245',3.3487981364437047,289.6039175019923,300.0480163771425,277.1138154801721,b'2018-09-18/2018-09-24',1537228800
1222,25,15,77.50598994452493,0.0099394431575434,b'HadGEM3-GC31-LL',7,3.57861933171021e-05,336.8681600479559,191.76850044889648,b'ssp245',3.635253139326816,291.62477279089075,301.54148980604424,279.67134106563634,b'2018-09-25/2018-10-01',1537833600
1222,25,15,85.1728363565339,0.0090874028431898,b'HadGEM3-GC31-LL',7,0.0004305565826147,343.0575843597982,138.93162662867942,b'ssp245',4.905943959930767,290.0108588205703,296.24317318326246,279.9766673641174,b'2018-10-02/2018-10-08',1538438400
1222,25,15,85.66162228050557,0.0087926347914952,b'HadGEM3-GC31-LL',7,0.0003458492442611,338.621825819722,144.16014475220487,b'ssp245',4.033071689178728,289.4713506709614,296.80630177634987,282.2399248606939,b'2018-10-09/2018-10-15',1539043200
1222,25,15,82.37697089111836,0.007914761880904,b'HadGEM3-GC31-LL',7,0.0004364070338699,325.2398374422356,136.01390265670133,b'ssp245',5.1694363593064745,287.81873986221973,296.1090854034671,280.4830602790697,b'2018-10-16/2018-10-22',1539648000
1222,25,15,81.83045793608598,0.0074513528037995,b'HadGEM3-GC31-LL',7,0.0003235375017919,312.71590739289144,140.17768594516005,b'ssp245',4.557692575366675,286.9652509797178,295.9008899990693,277.3000044075469,b'2018-10-23/2018-10-29',1540252800
1222,25,15,77.5220528494093,0.0075503187651704,b'HadGEM3-GC31-LL',7,0.0003178915641466,315.5695878677492,114.45541921598432,b'ssp245',6.150282630352564,286.4568415663134,298.1385008976802,274.2150844395257,b'2018-10-30/2018-11-05',1540857600
1222,25,15,78.17262411480712,0.0052065977903231,b'HadGEM3-GC31-LL',7,0.000144225735201,287.2656733682132,116.5973670461176,b'ssp245',5.527486102949134,281.13417331071366,292.1684938594097,272.4952828402665,b'2018-11-06/2018-11-12',1541462400
1222,25,15,84.19384568771478,0.0059205090983654,b'HadGEM3-GC31-LL',7,7.221408030408522e-05,303.2924683229934,95.57792093966758,b'ssp245',4.026140192818922,283.193706921829,290.03127331957097,272.4531357970107,b'2018-11-13/2018-11-19',1542067200
1222,25,15,76.72466804456853,0.0031729026205584,b'HadGEM3-GC31-LL',7,0.0001763335236062,264.50930379748263,94.31517865083909,b'ssp245',5.716784131573718,273.8989678424031,280.38389698330536,264.1245426307395,b'2018-11-20/2018-11-26',1542672000
1222,25,15,77.08371090091131,0.003797001670831,b'HadGEM3-GC31-LL',7,0.0005174224631066,271.0357720986707,84.9236010259386,b'ssp245',6.745161163870193,275.1794206948086,292.0195567881349,266.332199318536,b'2018-11-27/2018-12-03',1543276800
1222,25,15,83.35640379718402,0.0029208851040948,b'HadGEM3-GC31-LL',7,1.1709495670578564e-05,248.667728437278,90.96534260904544,b'ssp245',4.817868008834783,271.3195605406771,278.4926238668561,265.2937650665136,b'2018-12-04/2018-12-10',1543881600
1222,25,15,81.8212414989564,0.003332370975079,b'HadGEM3-GC31-LL',7,0.000193287639152,272.06340408941463,75.08106034923969,b'ssp245',5.451112795998587,273.84133990015084,279.84273591912046,266.75261568676484,b'2018-12-11/2018-12-17',1544486400
1222,25,15,79.14076523964603,0.0034864919702699,b'HadGEM3-GC31-LL',7,0.0002828531953501,271.9335898481449,75.4834915212195,b'ssp245',6.922935245275333,275.5973897194879,282.57040543317413,268.0629905491152,b'2018-12-18/2018-12-24',1545091200
1222,25,15,75.82337928065907,0.0034043833951061,b'HadGEM3-GC31-LL',7,0.0001511507440217,269.0963131349741,66.1023501227366,b'ssp245',5.539548991982668,275.9548390553781,282.1947172346716,267.0655654636069,b'2018-12-25/2018-12-31',1545696000
1222,25,15,73.33272865818358,0.0030242412506309,b'HadGEM3-GC31-LL',7,0.0002375004569911,260.6350639161903,79.69814862045052,b'ssp245',5.572922944142201,274.81184757319824,285.0815064857003,264.6714221171686,b'2019-01-01/2019-01-07',1546300800
1222,25,15,65.86930995952608,0.0024325201298907,b'HadGEM3-GC31-LL',7,0.0003204677596504,254.3196433071944,83.00116914352533,b'ssp245',4.988147622356507,272.99743224830024,283.78955383793794,266.13730109835666,b'2019-01-08/2019-01-14',1546905600
1222,25,15,74.44178853672152,0.002929035414768,b'HadGEM3-GC31-LL',7,0.0007067131350557,259.60010240679384,85.63279223007389,b'ssp245',6.688752769295901,272.6396297029609,288.50624826459006,258.78199390910555,b'2019-01-15/2019-01-21',1547510400
1222,25,15,70.51412227515286,0.0027384102423663,b'HadGEM3-GC31-LL',7,0.0002140713148757,245.3644841447483,105.43080187933346,b'ssp245',6.373239073994362,272.6781798133173,288.1594590786394,260.2331810182439,b'2019-01-22/2019-01-28',1548115200
1222,25,15,66.53212409302294,0.0019734494291166,b'HadGEM3-GC31-LL',7,0.0002517120349432,237.3836408589141,108.33189739576808,b'ssp245',6.761292661279063,270.89849740826673,280.3661520716061,260.1989057352932,b'2019-01-29/2019-02-04',1548720000
1222,25,15,80.65530748189032,0.0023931161583102,b'HadGEM3-GC31-LL',7,0.0001923760601113,243.1149768455184,122.27392001826632,b'ssp245',6.346635756359457,269.5940763824343,279.0827732856516,254.2678957986909,b'2019-02-05/2019-02-11',1549324800
1222,25,15,77.31760195378425,0.0025347089519724,b'HadGEM3-GC31-LL',7,0.0001779896059643,243.7920356783943,130.60009415232776,b'ssp245',7.321772573397558,269.1637243838281,279.08178336246726,253.2526545855841,b'2019-02-12/2019-02-18',1549929600
1222,25,15,80.8768385396993,0.0032300785160639,b'HadGEM3-GC31-LL',7,0.0006009137351691,257.36658270893327,117.83404692441412,b'ssp245',6.299594610468665,271.4075086581743,284.9052879814185,252.31672453995864,b'2019-02-19/2019-02-25',1550534400
1222,25,15,86.3195568694822,0.0023436515354586,b'HadGEM3-GC31-LL',7,0.0005120549281491,238.8161095575843,157.5901267665543,b'ssp245',5.9466199992078845,267.17009247199456,281.5099052466176,250.37793681155503,b'2019-02-26/2019-03-04',1551139200
1222,25,15,77.1233426843921,0.0029942291963554,b'HadGEM3-GC31-LL',7,0.0007747246789424,249.65794444045653,155.79192733500534,b'ssp245',6.776259838503061,270.98517816236773,287.8306505144701,254.3187442218737,b'2019-03-05/2019-03-11',1551744000
1222,25,15,78.08647957614077,0.0029257379039479,b'HadGEM3-GC31-LL',7,0.0002911770003519,247.07713587620287,183.2029881920849,b'ssp245',6.19133527681125,273.6829019243217,284.1782816207467,266.914471405966,b'2019-03-12/2019-03-18',1552348800
1222,25,15,86.58908159760881,0.0024749542908211,b'HadGEM3-GC31-LL',7,7.581321808117165e-05,237.39006076991464,202.0733432765373,b'ssp245',6.051954781461637,268.5214075774759,277.0840214496668,259.4611808025009,b'2019-03-19/2019-03-25',1552953600
1222,25,15,79.00329042069775,0.0024665910071157,b'HadGEM3-GC31-LL',7,6.363853432123861e-05,235.06139634196435,211.66889708866955,b'ssp245',5.060941437884784,270.61694971925806,281.970484423907,260.1985375029976,b'2019-03-26/2019-04-01',1553558400
1222,25,15,80.67547648271622,0.0049650192658052,b'HadGEM3-GC31-LL',7,0.0002378495047362,269.1600389584036,206.53136091938808,b'ssp245',5.782271995518022,279.3699218904948,293.752365679271,267.7557494328365,b'2019-04-02/2019-04-08',1554163200
1222,25,15,78.78924354713453,0.0055326685941217,b'HadGEM3-GC31-LL',7,0.0001325804262842,275.1357438320545,226.98059362697185,b'ssp245',5.530059709192396,281.9086607478107,292.92510093972453,272.0657542387388,b'2019-04-09/2019-04-15',1554768000
1222,25,15,89.43392886582846,0.0070534292776687,b'HadGEM3-GC31-LL',7,0.0002807457541652,307.212754296013,185.8247982705682,b'ssp245',4.1171693472286695,283.2792562154158,296.58854046699884,269.9455919897422,b'2019-04-16/2019-04-22',1555372800
1222,25,15,85.34662249433288,0.0080745311503588,b'HadGEM3-GC31-LL',7,0.0004613173292418,310.1594521693977,221.51072244404264,b'ssp245',4.470648721544841,287.33769501105706,297.1229398909216,278.1713414600477,b'2019-04-23/2019-04-29',1555977600
1222,25,15,79.42227541379667,0.0055567150737358,b'HadGEM3-GC31-LL',7,0.0007847863226688,282.78875838067773,219.22622391194304,b'ssp245',5.461786026550777,281.9330658022372,292.3249664060134,273.248698738357,b'2019-04-30/2019-05-06',1556582400
1222,25,15,79.58988554527764,0.0062162745171182,b'HadGEM3-GC31-LL',7,4.254165177067249e-05,292.89071191840105,239.6285053766437,b'ssp245',3.2338586382356382,283.819660509868,292.7118231506841,275.1462112944423,b'2019-05-07/2019-05-13',1557187200
1222,25,15,80.73720595612691,0.0084589441634022,b'HadGEM3-GC31-LL',7,0.0002014057291226,308.54650754948403,273.9708956012598,b'ssp245',4.2445445488815965,288.64032521920257,301.0447884160598,278.92093664609945,b'2019-05-14/2019-05-20',1557792000
1222,25,15,82.27592064694393,0.0093705690886713,b'HadGEM3-GC31-LL',7,0.0005951257525197,325.5849742629692,243.68037270520207,b'ssp245',3.360231708632917,289.34634379693495,299.4227553754323,276.5168917999514,b'2019-05-21/2019-05-27',1558396800
1222,25,15,78.44164135085774,0.0090659238361965,b'HadGEM3-GC31-LL',7,0.000169665652438,311.7855614724457,298.87500180654484,b'ssp245',3.57573505304109,289.7222829819166,300.2202188371649,278.18495363102977,b'2019-05-28/2019-06-03',1559001600
1222,25,15,77.26049121334623,0.0094031999025217,b'HadGEM3-GC31-LL',7,0.000569830652229,314.88951078793923,317.2288718629648,b'ssp245',3.5792684358068136,289.9346155641593,302.4913176257699,277.40609189035047,b'2019-06-04/2019-06-10',1559606400
1222,25,15,82.53334589662605,0.0118313737543754,b'HadGEM3-GC31-LL',7,0.0002200522176896,346.61998957429944,275.7454899836984,b'ssp245',3.453405730503689,293.1585709417551,304.17197098986213,281.2137238189747,b'2019-06-11/2019-06-17',1560211200
1222,25,15,90.50626478056532,0.0129810078157691,b'HadGEM3-GC31-LL',7,0.0007592963946729,360.60256614306496,246.8575206574353,b'ssp245',3.438835675078673,293.636560816427,303.9776030064399,280.58820151974584,b'2019-06-18/2019-06-24',1560816000
1222,25,15,85.2840274957815,0.0160470815395221,b'HadGEM3-GC31-LL',7,0.0001156883249973,383.9452551765363,286.2914229991006,b'ssp245',3.5225775775033443,298.50657997862066,310.5414457305761,287.72490345796206,b'2019-06-25/2019-07-01',1561420800
1222,25,15,73.75570406408637,0.011542512034168,b'HadGEM3-GC31-LL',7,0.0002908572192372,346.3902208762716,285.9195160292435,b'ssp245',4.41015823834382,293.9283635315322,307.3263323511176,282.50938625058376,b'2019-07-02/2019-07-08',1562025600
1222,25,15,88.37902040567405,0.0158120894266393,b'HadGEM3-GC31-LL',7,0.0003637165626435,378.2999282650273,282.128861910417,b'ssp245',3.264036485732304,297.3600695372564,309.4178077808682,281.3166029626602,b'2019-07-09/2019-07-15',1562630400
1222,25,15,78.00646057498668,0.0151054255170852,b'HadGEM3-GC31-LL',7,0.0003646048674036,374.9363911970092,278.15585669088995,b'ssp245',4.616020969559903,298.8780558639164,307.98135898571604,286.6848837709196,b'2019-07-16/2019-07-22',1563235200
1222,25,15,79.74240246210863,0.0147335943326391,b'HadGEM3-GC31-LL',7,0.0003405749127684,372.274714850455,262.7948916849241,b'ssp245',3.981624033223832,298.178129603344,306.56024884792447,285.49227298865986,b'2019-07-23/2019-07-29',1563840000
1222,25,15,85.0160395333708,0.013091205340502,b'HadGEM3-GC31-LL',7,0.0002921009212766,366.4749077894439,236.04089320957755,b'ssp245',3.035959760118736,294.3063845041303,305.8973517348578,283.23233968953514,b'2019-07-30/2019-08-05',1564444800
1222,25,15,89.26665935960952,0.0168757098770989,b'HadGEM3-GC31-LL',7,0.0005314602342761,385.643691062267,232.0421653974697,b'ssp245',2.7905017045362426,299.12384738917723,307.46204727493307,289.97473366387635,b'2019-08-06/2019-08-12',1565049600
1222,25,15,75.82133271098276,0.0126421093004038,b'HadGEM3-GC31-LL',7,0.00025097638905,356.6745330789417,257.7946238232737,b'ssp245',3.1789485263736426,295.4279530267916,306.6875917006387,283.1214374794907,b'2019-08-13/2019-08-19',1565654400
1222,25,15,85.71675577522454,0.0143070180754022,b'HadGEM3-GC31-LL',7,9.037493009276736e-05,369.11204005861407,232.97236991088212,b'ssp245',2.095524746910024,296.10946579208394,304.799154352487,285.78172659681377,b'2019-08-20/2019-08-26',1566259200
1222,25,15,74.81262066082016,0.0130298998353655,b'HadGEM3-GC31-LL',7,0.0003005457713787,361.3778202313077,226.6182722896785,b'ssp245',4.129809375725964,295.85137845780434,308.177901260302,283.29059680944886,b'2019-08-27/2019-09-02',1566864000
1222,25,15,73.6104708701723,0.0100972059456007,b'HadGEM3-GC31-LL',7,4.391505375082583e-06,336.0020155124238,236.8888746622994,b'ssp245',2.570402968956036,291.2466000966984,302.8062187527609,278.84183463988666,b'2019-09-03/2019-09-09',1567468800
1222,25,15,79.19481820573772,0.0126170522836203,b'HadGEM3-GC31-LL',7,0.0002272953598952,359.2217180087884,214.65644767051649,b'ssp245',3.8748466389134655,295.38823044418376,306.6472221214283,283.54250778173594,b'2019-09-10/2019-09-16',1568073600
1222,25,15,79.62438372874574,0.0094839412891605,b'HadGEM3-GC31-LL',7,0.0004043309576517,341.3439305558812,176.6480718525073,b'ssp245',4.189420085511251,290.4173688855536,300.16131611517443,280.5157497818906,b'2019-09-17/2019-09-23',1568678400
1222,25,15,76.52152322980018,0.0082792293869505,b'HadGEM3-GC31-LL',7,0.000577778678709,321.1433957749417,192.3089714833833,b'ssp245',3.31728321334492,288.3133577460812,297.3534707114077,276.9828281679909,b'2019-09-24/2019-09-30',1569283200
1222,25,15,77.76898656880748,0.0071565314042799,b'HadGEM3-GC31-LL',7,0.0002074471411791,317.24994703619035,166.30269524199898,b'ssp245',4.268970383470888,286.6693683820593,297.00840249007666,275.91657637933537,b'2019-10-01/2019-10-07',1569888000
1222,25,15,79.05456992492041,0.0078659781312645,b'HadGEM3-GC31-LL',7,0.0003200835077259,315.754245316985,163.1687939747525,b'ssp245',4.132414470169029,287.3518050488935,297.9289112984653,276.9100043523292,b'2019-10-08/2019-10-14',1570492800
1222,25,15,74.61063352787768,0.0064647937228547,b'HadGEM3-GC31-LL',7,1.6324867617026043e-05,292.1771318764492,171.4515988816297,b'ssp245',3.96031393142047,284.93386667561043,296.80014748026366,272.0534303631267,b'2019-10-15/2019-10-21',1571097600
1222,25,15,84.46478532957971,0.0096250279695216,b'HadGEM3-GC31-LL',7,1.4192115435469318e-05,328.9362983060934,150.70203478012243,b'ssp245',2.771847868471918,289.84114106048645,299.548554896538,277.45637465370686,b'2019-10-22/2019-10-28',1571702400
1222,25,15,78.24080822590508,0.0079631631810904,b'HadGEM3-GC31-LL',7,0.0004033296982983,318.09333483627535,123.55892036133376,b'ssp245',5.5098930533752695,286.94987207831343,299.0138598613092,273.5019899038583,b'2019-10-29/2019-11-04',1572307200
1222,25,15,72.58747258594619,0.0050766771827335,b'HadGEM3-GC31-LL',7,9.85747545146502e-05,283.5405950838992,120.4825930917838,b'ssp245',6.317113220622902,281.9649259918093,291.2598887306424,270.7837603789347,b'2019-11-05/2019-11-11',1572912000
1222,25,15,82.0025635663615,0.0058437895577657,b'HadGEM3-GC31-LL',7,0.0004855018127555,301.41901153134825,99.30713758153892,b'ssp245',4.7816950733986845,283.407278378291,289.3697186841333,272.4141750058373,b'2019-11-12/2019-11-18',1573516800
1222,25,15,75.6669253928816,0.0046455299347091,b'HadGEM3-GC31-LL',7,0.0005358501204467,290.01114871291185,91.85413636155418,b'ssp245',7.283508384802753,279.694348882644,290.8334585260691,270.21244809546647,b'2019-11-19/2019-11-25',1574121600
1222,25,15,71.39891702232475,0.002885610407851,b'HadGEM3-GC31-LL',7,7.396710467511811e-06,258.34069997478025,91.04474115008549,b'ssp245',5.991168134404528,274.3975244518133,279.23273819290193,270.58779700160613,b'2019-11-26/2019-12-02',1574726400
1222,25,15,74.76028620132035,0.0037292249488875,b'HadGEM3-GC31-LL',7,0.0003536374849342,270.57761876599056,82.43093399480999,b'ssp245',5.511555786251664,276.1345516850155,289.7307322660825,268.1364795888183,b'2019-12-03/2019-12-09',1575331200
1222,25,15,79.45364987522797,0.0040038720244756,b'HadGEM3-GC31-LL',7,0.0001137000776159,266.2546671223151,81.94470136137556,b'ssp245',4.342132036003098,277.50018045023523,283.6205701689343,270.85041308672635,b'2019-12-10/2019-12-16',1575936000
1222,25,15,78.05938932347074,0.0038347811240239,b'HadGEM3-GC31-LL',7,0.0002446902624044,280.3425070724998,70.51835147585628,b'ssp245',5.437586548090146,277.7689492115379,283.74145719808604,270.4380928495589,b'2019-12-17/2019-12-23',1576540800
1222,25,15,74.83709835120281,0.0037666649062004,b'HadGEM3-GC31-LL',7,7.64710448160705e-07,273.1751550691606,79.26671823694831,b'ssp245',5.5506815601105,277.5373685525577,284.583254073086,271.5624695810247,b'2019-12-24/2019-12-30',1577145600
1222,25,15,68.63234800668448,0.0026003218557601,b'HadGEM3-GC31-LL',1,0.0,235.1758723590216,93.4225659470566,b'ssp245',5.68554247176705,275.6708336061345,279.2610128522882,272.0806480987006,b'2019-12-31/2020-01-06',1577750400
1065,25,17,67.25213796148847,0.0024863374230994,b'HadGEM3-GC31-LL',5,0.0001049313925094,262.64001666450304,72.36278489680447,b'ssp245',7.4929257488923,274.5111198310045,278.2121454183188,270.96908262008867,b'2014-12-30/2015-01-05',1419897600
1065,25,17,76.58242829901384,0.0023925315049493,b'HadGEM3-GC31-LL',7,0.0004860836225036,250.356958513585,81.72545277981462,b'ssp245',9.00845727342922,269.6046397571786,282.33218014996584,250.79045423063985,b'2015-01-06/2015-01-12',1420502400
1065,25,17,80.71505725670161,0.0021007774552347,b'HadGEM3-GC31-LL',7,1.4754671410133768e-05,236.84615546434907,101.4737051035102,b'ssp245',5.006957301646234,266.871763198363,277.7018767296367,248.4620469814581,b'2015-01-13/2015-01-19',1421107200
1065,25,17,78.1603435998751,0.0016385727764107,b'HadGEM3-GC31-LL',7,5.663365656864232e-05,235.00129800685923,96.74798113664195,b'ssp245',5.776154951952529,265.374322616013,272.69880130763977,255.4276680999172,b'2015-01-20/2015-01-26',1421712000
1065,25,17,74.43107193162193,0.0017164408025903,b'HadGEM3-GC31-LL',7,2.1383595548245635e-06,224.9072442008787,125.10360744664555,b'ssp245',5.144258490707733,266.69176493142425,276.85238819564097,255.8965083004124,b'2015-01-27/2015-02-02',1422316800
1065,25,17,67.0266983384555,0.0028646872928219,b'HadGEM3-GC31-LL',7,0.0002965311841331,252.97509000380592,120.42562115290168,b'ssp245',6.328283468607843,274.5772355778957,283.6528692792909,264.0859910671084,b'2015-02-03/2015-02-09',1422921600
1065,25,17,62.08369866344949,0.0025164035380944,b'HadGEM3-GC31-LL',7,0.0,237.5611746849353,147.8350346509955,b'ssp245',5.231819888324707,274.9341580947,280.7941924034648,267.03102448339547,b'2015-02-10/2015-02-16',1423526400
1065,25,17,61.47342101365881,0.0026049471047008,b'HadGEM3-GC31-LL',7,4.268966359684237e-05,231.65846630234185,161.1752395575003,b'ssp245',6.2034018945906615,274.34329037480416,284.00126873834614,263.0607006921989,b'2015-02-17/2015-02-23',1424131200
1065,25,17,61.31503059091953,0.0015170689474152,b'HadGEM3-GC31-LL',7,1.0861233398047257e-06,207.40938282410812,181.31297962340736,b'ssp245',7.8654150627033586,268.9281255716283,280.6783746294864,255.3091074471987,b'2015-02-24/2015-03-02',1424736000
1065,25,17,75.37959031615561,0.0028680297013836,b'HadGEM3-GC31-LL',7,0.0002749328324604,249.4441566955716,159.90159006767726,b'ssp245',6.718052176430386,272.3202014407774,283.0039367061127,253.2229733961706,b'2015-03-03/2015-03-09',1425340800
1065,25,17,86.87591430681623,0.0032006587000522,b'HadGEM3-GC31-LL',7,0.0006464827443435,265.1807098322816,133.41920298978488,b'ssp245',7.530866962973976,271.94119060737523,278.66507747838386,260.02005485849674,b'2015-03-10/2015-03-16',1425945600
1065,25,17,79.79076168393422,0.0039283083807065,b'HadGEM3-GC31-LL',7,9.763274733238008e-05,261.6499497313891,199.8227637516922,b'ssp245',4.525779275649949,277.21789286919005,282.3628325832093,270.8472815568353,b'2015-03-17/2015-03-23',1426550400
1065,25,17,79.13076195725775,0.0048103928565141,b'HadGEM3-GC31-LL',7,0.0004721686493901,275.3833934732897,176.462581989594,b'ssp245',6.121468674929052,278.42872916199525,293.28681713768844,263.1130325609343,b'2015-03-24/2015-03-30',1427155200
1065,25,17,84.46109417643825,0.0057173216273776,b'HadGEM3-GC31-LL',7,0.0003074505404086,293.60210347028107,190.39789612031527,b'ssp245',4.535178468752518,281.3139370877251,291.7213436560808,271.967086653695,b'2015-03-31/2015-04-06',1427760000
1065,25,17,86.41928634456963,0.0055824676004025,b'HadGEM3-GC31-LL',7,0.0009757946187117,296.5948839139602,166.39159660685095,b'ssp245',9.199840017847492,281.19834562062084,291.59812513891177,274.8672922677984,b'2015-04-07/2015-04-13',1428364800
1065,25,17,79.97566394040334,0.0052450829115672,b'HadGEM3-GC31-LL',7,0.0002054233856267,267.63074438638125,240.572278113455,b'ssp245',4.889594990304006,281.2826797601697,291.8496275994953,272.75732741495153,b'2015-04-14/2015-04-20',1428969600
1065,25,17,91.26290966983905,0.0083306197727795,b'HadGEM3-GC31-LL',7,0.0003386023299734,318.5392889034626,215.96168828247227,b'ssp245',3.7761881139840585,286.5134667956457,294.7395411680592,280.3998684763068,b'2015-04-21/2015-04-27',1429574400
1065,25,17,84.65836889173397,0.0078548974515779,b'HadGEM3-GC31-LL',7,3.601409398923796e-05,297.0033675934527,261.46906698372635,b'ssp245',2.608024690326487,286.7458180424944,293.708744536954,279.43809888826274,b'2015-04-28/2015-05-04',1430179200
1065,25,17,77.27759143695987,0.0071994777848704,b'HadGEM3-GC31-LL',7,0.0001829222606991,296.0330211127375,271.82291682252537,b'ssp245',4.454121716518811,286.0210903246202,297.78326806321,276.027293286895,b'2015-05-05/2015-05-11',1430784000
1065,25,17,79.48918858158932,0.0080439749350276,b'HadGEM3-GC31-LL',7,9.440368864079204e-05,303.7129607350856,275.6624738166116,b'ssp245',5.291674291396411,287.3879417756395,296.79901301296576,274.90965128089,b'2015-05-12/2015-05-18',1431388800
1065,25,17,85.89910848719354,0.0106317937036341,b'HadGEM3-GC31-LL',7,0.0001293053408844,328.7635558414692,283.14185489879,b'ssp245',4.141968803034636,291.11638791398883,299.56072048406213,278.2452335107962,b'2015-05-19/2015-05-25',1431993600
1065,25,17,82.79157941321849,0.0110185188331071,b'HadGEM3-GC31-LL',7,0.0003166077139373,325.390706797295,313.63791959760096,b'ssp245',4.986849158363468,292.3158617586287,301.29443761973465,278.33625496886407,b'2015-05-26/2015-06-01',1432598400
1065,25,17,86.59569641758667,0.0122729763148801,b'HadGEM3-GC31-LL',7,0.0001945131971506,350.79742897899695,269.1012699026767,b'ssp245',3.977692662529114,293.7111629595294,302.591559557036,285.5364655862522,b'2015-06-02/2015-06-08',1433203200
1065,25,17,88.61269551423825,0.0138597357612187,b'HadGEM3-GC31-LL',7,0.0005316067577064,361.92081998567954,276.23984498282056,b'ssp245',4.09552728877687,295.176559832401,304.14205164299506,285.2670700211539,b'2015-06-09/2015-06-15',1433808000
1065,25,17,78.74123241527185,0.0123314453692739,b'HadGEM3-GC31-LL',7,0.0003350352489798,339.8679583597108,322.28261018571123,b'ssp245',3.5991038691138315,294.579703541595,302.55941253078186,285.22173789524714,b'2015-06-16/2015-06-22',1434412800
1065,25,17,78.61688345584092,0.0122804895104737,b'HadGEM3-GC31-LL',7,0.0002585353772975,341.6247433160401,291.91527438064287,b'ssp245',4.505126037180569,294.33630649005227,301.1454082077963,285.44512115816576,b'2015-06-23/2015-06-29',1435017600
1065,25,17,84.19662618493025,0.0152343722733457,b'HadGEM3-GC31-LL',7,4.54378356688376e-05,363.03384666349575,319.06033494225204,b'ssp245',3.762385176404948,297.46402286183246,305.7912937867316,284.41127347610023,b'2015-06-30/2015-07-06',1435622400
1065,25,17,84.71952254781446,0.0155558278613995,b'HadGEM3-GC31-LL',7,0.0004009298493702,374.5506948296276,282.2672385176108,b'ssp245',5.409350689187048,298.3978133626232,305.32328048045304,287.3884674717652,b'2015-07-07/2015-07-13',1436227200
1065,25,17,86.22968098071475,0.0176967169064237,b'HadGEM3-GC31-LL',7,0.0003985061328251,384.9958021273425,282.0909416891314,b'ssp245',4.400848589360568,300.15565998909915,310.0549866214379,289.99339329776205,b'2015-07-14/2015-07-20',1436832000
1065,25,17,82.79555396556236,0.0147901738642383,b'HadGEM3-GC31-LL',7,0.0003139803798241,365.51271052519,272.412170555039,b'ssp245',3.5970521992598483,297.26726576215566,303.0936025752042,289.25532852895066,b'2015-07-21/2015-07-27',1437436800
1065,25,17,81.84302753881488,0.0152223634471549,b'HadGEM3-GC31-LL',7,0.0002551162687155,371.1445602441139,259.5470329156249,b'ssp245',3.893789490835733,297.8672683533619,305.05345170711576,288.1587075409211,b'2015-07-28/2015-08-03',1438041600
1065,25,17,89.63673087185774,0.016902303487146,b'HadGEM3-GC31-LL',7,0.00052602675698,383.9058811636111,242.09268893353143,b'ssp245',4.314998580438424,299.23986857236844,305.65647010764803,292.4961336717864,b'2015-08-04/2015-08-10',1438646400
1065,25,17,84.03310034714436,0.0156951701243632,b'HadGEM3-GC31-LL',7,0.0001763536911312,372.100743490918,251.8579982910683,b'ssp245',3.509149627434472,298.2436393569861,305.11388843609365,287.0094225557909,b'2015-08-11/2015-08-17',1439251200
1065,25,17,88.75763951327505,0.0174378784131694,b'HadGEM3-GC31-LL',7,0.00024863304407,390.238513914154,223.07681470664343,b'ssp245',3.0233652218007947,300.0465990729751,307.0267873958038,292.37860085908983,b'2015-08-18/2015-08-24',1439856000
1065,25,17,80.94134515008555,0.0152983668783751,b'HadGEM3-GC31-LL',7,0.0001448079669981,373.9601437136897,230.04446634383976,b'ssp245',4.104532529065771,298.50483933010986,306.3592131000991,288.0023464114524,b'2015-08-25/2015-08-31',1440460800
1065,25,17,77.92610550859715,0.0119253257478445,b'HadGEM3-GC31-LL',7,0.0007123049176299,350.5448256816268,222.3492080146264,b'ssp245',4.946625094056352,294.12801920748524,303.66754485377123,281.16969829455604,b'2015-09-01/2015-09-07',1441065600
1065,25,17,74.39714824976706,0.0116452149155295,b'HadGEM3-GC31-LL',7,3.6580375049817705e-05,348.20407054441773,228.45051906620265,b'ssp245',3.90141764926732,294.7182139601232,306.98812085600173,282.71574348073227,b'2015-09-08/2015-09-14',1441670400
1065,25,17,84.11162090232914,0.0129159744869134,b'HadGEM3-GC31-LL',7,1.245763597788573e-05,353.8750320059192,216.21478952433355,b'ssp245',1.9880980358520284,295.1993289530971,302.5810914438176,286.5844487769366,b'2015-09-15/2015-09-21',1442275200
1065,25,17,73.79172871764864,0.0092551273103133,b'HadGEM3-GC31-LL',7,9.52369561590202e-05,334.0471801538293,202.7462141278184,b'ssp245',4.465816040413617,291.28329358013764,302.8660968269586,281.5130911804998,b'2015-09-22/2015-09-28',1442880000
1065,25,17,73.98354758222982,0.0080326857964958,b'HadGEM3-GC31-LL',7,8.08493724144698e-05,322.8649449211936,173.44230636708633,b'ssp245',5.164853942461141,288.40547012682526,299.4421322180065,275.9165065185301,b'2015-09-29/2015-10-05',1443484800
1065,25,17,75.05606420618768,0.0083719942199019,b'HadGEM3-GC31-LL',7,2.25342271934368e-05,319.74834800284464,180.2950854717853,b'ssp245',3.5903394549995027,289.2321593254834,298.8315123589737,278.5342845474965,b'2015-10-06/2015-10-12',1444089600
1065,25,17,78.80653513388536,0.0083192425875528,b'HadGEM3-GC31-LL',7,8.925634558157813e-05,325.0476504871784,143.99964756499844,b'ssp245',4.845549519431452,289.13305466056056,297.235295014319,279.2739731096189,b'2015-10-13/2015-10-19',1444694400
1065,25,17,74.63181275845328,0.0066592338834069,b'HadGEM3-GC31-LL',7,7.321917122404439e-05,305.40678592133634,150.82722266796353,b'ssp245',4.960978045770203,285.91235269023224,295.5234039706165,276.61669098238445,b'2015-10-20/2015-10-26',1445299200
1065,25,17,70.82079787042359,0.0054637825940783,b'HadGEM3-GC31-LL',7,3.2528324320773495e-05,292.28620185572163,129.73799399467975,b'ssp245',5.471459021689719,283.5342573841738,293.2435379258816,273.6502213492494,b'2015-10-27/2015-11-02',1445904000
1065,25,17,65.94730943557153,0.0038334573531307,b'HadGEM3-GC31-LL',7,3.6672819986096185e-05,272.97899643161657,125.9934002642082,b'ssp245',4.560155308824565,279.70749603829057,289.0777577134177,270.60122084449546,b'2015-11-03/2015-11-09',1446508800
1065,25,17,77.62577661221498,0.0047284094498529,b'HadGEM3-GC31-LL',7,0.000107682510469,291.79819998798087,101.50549546517392,b'ssp245',5.20455772707641,279.81865316211804,288.2131485953431,270.570803301332,b'2015-11-10/2015-11-16',1447113600
1065,25,17,67.35076856661179,0.0034255854908338,b'HadGEM3-GC31-LL',7,0.0001603864495752,271.2278858328051,98.07979790911608,b'ssp245',4.5837107604569685,277.3720378543709,286.8457964602314,269.8735972670509,b'2015-11-17/2015-11-23',1447718400
1065,25,17,79.08783716216325,0.005457857692229,b'HadGEM3-GC31-LL',7,0.0003084304572216,307.1565851709033,84.93609347320806,b'ssp245',6.0680782407878056,280.96825287651114,290.9137142062307,271.406007119416,b'2015-11-24/2015-11-30',1448323200
1065,25,17,81.03396999494683,0.0037849304035017,b'HadGEM3-GC31-LL',7,0.0001437741364541,272.05590716699373,81.22597683503325,b'ssp245',6.177381740304449,275.31126502372774,286.5336562480331,266.4355100264842,b'2015-12-01/2015-12-07',1448928000
1065,25,17,81.63234167053723,0.0040689141332066,b'HadGEM3-GC31-LL',7,0.0005915603507695,281.3124228938331,68.35631062641123,b'ssp245',6.103544149925649,277.01969126642496,283.5084908323105,270.97301440896825,b'2015-12-08/2015-12-14',1449532800
1065,25,17,79.74705732024806,0.0051499155015806,b'HadGEM3-GC31-LL',7,0.0001472524321576,295.14882404062325,68.69270855669426,b'ssp245',7.239760157805074,280.503942896558,290.5995042076764,273.5713691519346,b'2015-12-15/2015-12-21',1450137600
1065,25,17,65.29626103405162,0.002447067767769,b'HadGEM3-GC31-LL',7,9.000571584782565e-05,238.1333281048217,90.41592257404616,b'ssp245',7.403065036139269,273.6028942842995,287.9087587723439,265.49450348607235,b'2015-12-22/2015-12-28',1450742400
1065,25,17,69.3193525057219,0.0031338220916676,b'HadGEM3-GC31-LL',7,0.0004788192867322,254.1954852617176,85.82113005970555,b'ssp245',5.363534984717591,275.72517896182177,286.9511742106856,268.8680003186367,b'2015-12-29/2016-01-04',1451347200
1065,25,17,81.29551619506537,0.0027129012067386,b'HadGEM3-GC31-LL',7,0.0002737875886942,259.625611310862,79.68688596929341,b'ssp245',5.583043739377568,270.9630702752344,279.653238163974,258.89749147044444,b'2016-01-05/2016-01-11',1451952000
1065,25,17,77.65061487607554,0.0022378592336686,b'HadGEM3-GC31-LL',7,0.0004287903479268,244.76527164631003,85.3188766251192,b'ssp245',8.540977984225213,268.32388909342234,284.6961825429372,251.1600526654108,b'2016-01-12/2016-01-18',1452556800
1065,25,17,76.79962421845848,0.0043825658465064,b'HadGEM3-GC31-LL',7,0.0007664705807424,285.5584201519137,86.03274295759138,b'ssp245',6.6536923771607,279.41567784181655,286.3602162771234,274.5786853801808,b'2016-01-19/2016-01-25',1453161600
1065,25,17,66.75265066744765,0.0033527085111044,b'HadGEM3-GC31-LL',7,0.0005083929508856,272.2884316606979,96.10409109987914,b'ssp245',9.156842987445804,277.0016797575705,287.23387095287126,269.9169008806272,b'2016-01-26/2016-02-01',1453766400
1065,25,17,60.807371320355415,0.0017185138043726,b'HadGEM3-GC31-LL',7,0.0,216.5405518355224,137.86354374353908,b'ssp245',6.616737474762026,270.0457843313489,281.3250894075914,258.7220909218533,b'2016-02-02/2016-02-08',1454371200
1065,25,17,77.23209388896451,0.0029920941238194,b'HadGEM3-GC31-LL',7,0.0003115094129617,257.52245703664136,120.01670005478938,b'ssp245',6.69877730227429,272.7086157713017,283.2393857527595,260.9533620106369,b'2016-02-09/2016-02-15',1454976000
1065,25,17,77.05281939264373,0.0023902796165547,b'HadGEM3-GC31-LL',7,0.0002028614492248,245.3425446720093,136.6984051279225,b'ssp245',6.719114845733027,269.5387535440957,279.3775062522619,257.1939629653669,b'2016-02-16/2016-02-22',1455580800
1065,25,17,77.00425694201802,0.0018704246253282,b'HadGEM3-GC31-LL',7,2.953264235468439e-05,224.48116606634272,162.99907130588645,b'ssp245',9.295792910370478,265.7931093301829,279.9349005047048,253.48425680200856,b'2016-02-23/2016-02-29',1456185600
1065,25,17,80.4088891097546,0.0028300011309142,b'HadGEM3-GC31-LL',7,0.0003616387498591,255.844346892832,145.82519958324866,b'ssp245',5.876074313157034,271.13433339142694,281.5573854936213,256.7299083698192,b'2016-03-01/2016-03-07',1456790400
1065,25,17,79.79447207988002,0.004474809281745,b'HadGEM3-GC31-LL',7,0.0003899590584266,281.6330137926457,155.7163067333236,b'ssp245',5.744067608512677,278.1669360344537,286.3577176773055,266.9990846877852,b'2016-03-08/2016-03-14',1457395200
1065,25,17,76.81492717645781,0.0047524774020612,b'HadGEM3-GC31-LL',7,0.0001618901918717,272.793782604768,188.64833242487447,b'ssp245',7.265623979578085,280.2394326552609,289.280193809056,271.5389313942716,b'2016-03-15/2016-03-21',1458000000
1065,25,17,83.09724724980468,0.0051076402086477,b'HadGEM3-GC31-LL',7,0.0002762104544487,278.0415572714006,179.41436075653175,b'ssp245',4.391997119296867,280.2385693076634,288.09256304138734,269.18225890560086,b'2016-03-22/2016-03-28',1458604800
1065,25,17,80.4533236265834,0.0045280551946253,b'HadGEM3-GC31-LL',7,0.0003753794788821,272.7156455882795,204.9565562804025,b'ssp245',6.430905400823472,278.299653276233,288.6904173944172,265.65842157308185,b'2016-03-29/2016-04-04',1459209600
1065,25,17,76.3842256798742,0.0051520389010731,b'HadGEM3-GC31-LL',7,5.029885664884632e-06,251.08872599705325,253.4202321128972,b'ssp245',4.711138792628607,281.6586511639653,292.1881515026572,272.77296750471066,b'2016-04-05/2016-04-11',1459814400
1065,25,17,86.43699629971181,0.0076848972823784,b'HadGEM3-GC31-LL',7,0.0004917476772548,306.5799317099931,215.0820201741519,b'ssp245',6.989100205299751,285.26458473737904,296.65068738001946,271.87688735700675,b'2016-04-12/2016-04-18',1460419200
1065,25,17,87.47309061071543,0.0084548548301149,b'HadGEM3-GC31-LL',7,0.0001805713732638,319.57623359066616,222.45325474690367,b'ssp245',4.55258744072698,287.3105655736571,297.7452943615564,276.04508469688204,b'2016-04-19/2016-04-25',1461024000
1065,25,17,87.49824076764892,0.0088092568687533,b'HadGEM3-GC31-LL',7,0.0001193158740944,318.4140935444245,228.77135278413385,b'ssp245',3.4327077716396035,288.3316116958637,295.30770557476546,281.3353550230028,b'2016-04-26/2016-05-02',1461628800
1065,25,17,83.33901539378466,0.0090449168166613,b'HadGEM3-GC31-LL',7,0.0005416444820519,315.7719615441812,245.61747370492017,b'ssp245',5.3266755879276895,289.2317491316517,298.6584055613415,279.62811432960405,b'2016-05-03/2016-05-09',1462233600
1065,25,17,79.23305248270924,0.008278054499605,b'HadGEM3-GC31-LL',7,0.0001133792774909,305.7473640030296,275.6425536420084,b'ssp245',4.9002180528922,288.7185556814835,299.53389196789635,278.7055848458742,b'2016-05-10/2016-05-16',1462838400
1065,25,17,84.07822525612724,0.0100788055596074,b'HadGEM3-GC31-LL',7,0.0005174411510426,328.2438801565268,251.47790720301245,b'ssp245',5.035750308597264,290.7339680857872,301.23888127537293,279.50977321597867,b'2016-05-17/2016-05-23',1463443200
1065,25,17,80.00558354236841,0.0095687637898366,b'HadGEM3-GC31-LL',7,0.0001558759648266,314.1126641416323,308.44903335713974,b'ssp245',4.3888261905078005,290.2621817118897,299.4084736035549,278.2659803622919,b'2016-05-24/2016-05-30',1464048000
1065,25,17,79.86936012787228,0.0110830533584983,b'HadGEM3-GC31-LL',7,0.0002619680700131,320.8243725891508,329.4028609177994,b'ssp245',3.9285799130623738,292.2793745541123,302.72998772166886,280.9060218711154,b'2016-05-31/2016-06-06',1464652800
1065,25,17,90.2671288951423,0.0128499231539873,b'HadGEM3-GC31-LL',7,0.0004468285843986,358.97586485437824,256.3003226477643,b'ssp245',4.104163201348144,293.4350630982867,305.4819848559053,279.76149873455,b'2016-06-07/2016-06-13',1465257600
1065,25,17,84.60149868792415,0.0138389195506198,b'HadGEM3-GC31-LL',7,8.061889011916576e-05,354.6675706341221,300.5341425360475,b'ssp245',2.722239651931754,295.5949178253072,305.47976540126587,286.3864526047567,b'2016-06-14/2016-06-20',1465862400
1065,25,17,81.67826468103172,0.0130944642217015,b'HadGEM3-GC31-LL',7,0.0004908036411092,351.5602960785487,297.32960711114094,b'ssp245',4.637375337411098,294.72381824926407,302.4744725222553,286.85644998387147,b'2016-06-21/2016-06-27',1466467200
1065,25,17,77.26551543570409,0.0146649584770116,b'HadGEM3-GC31-LL',7,5.5992522348862e-05,360.15238255223784,324.496503175514,b'ssp245',3.804714836365644,298.31050110521835,305.86133832825874,287.66312675053496,b'2016-06-28/2016-07-04',1467072000
1065,25,17,82.35507134810881,0.0150637344310228,b'HadGEM3-GC31-LL',7,0.0002146198757577,367.2911298277395,299.39141030188784,b'ssp245',3.7736554474920494,297.8579831025254,306.58277528883826,285.87155593918163,b'2016-07-05/2016-07-11',1467676800
1065,25,17,73.40779696812888,0.0125503605762218,b'HadGEM3-GC31-LL',7,0.0001533201585119,346.45068957345666,308.82188235301965,b'ssp245',4.450079899282871,295.08832666942874,303.34682536053145,283.9059201151222,b'2016-07-12/2016-07-18',1468281600
1065,25,17,82.50691406772455,0.0144396965178764,b'HadGEM3-GC31-LL',7,0.0002818871538377,365.18466984695743,269.69009272312366,b'ssp245',3.520041872796146,296.39749690793843,304.0001825215473,286.6342428309199,b'2016-07-19/2016-07-25',1468886400
1065,25,17,79.32317301805473,0.0142033081107809,b'HadGEM3-GC31-LL',7,0.0001678997819659,362.4001068216213,282.48806159895213,b'ssp245',3.961923651859205,296.40078142210314,306.34766700644747,287.6604366552193,b'2016-07-26/2016-08-01',1469491200
1065,25,17,77.17103100632474,0.0135045490924221,b'HadGEM3-GC31-LL',7,0.0001675691799726,354.4168607173695,288.8434792887545,b'ssp245',3.63856472706318,295.9944845459441,306.08430872799045,283.4274144782521,b'2016-08-02/2016-08-08',1470096000
1065,25,17,84.42363880054845,0.015185793198794,b'HadGEM3-GC31-LL',7,0.0005745424528968,373.2047656172729,236.65876557085767,b'ssp245',3.35234111076704,297.70842541730445,304.63715392513217,286.85596625106206,b'2016-08-09/2016-08-15',1470700800
1065,25,17,78.19166146372912,0.0131431035868959,b'HadGEM3-GC31-LL',7,7.875597906552318e-05,366.6486381626252,234.88150991177216,b'ssp245',4.271254880910913,296.00687592514225,306.9518735334352,287.01415871181274,b'2016-08-16/2016-08-22',1471305600
1065,25,17,70.4092036612067,0.00983059098794,b'HadGEM3-GC31-LL',7,9.793790907547175e-05,334.61869004400074,246.48366271463368,b'ssp245',3.7015605517521695,292.2943227540467,301.4735732832464,281.88965971640346,b'2016-08-23/2016-08-29',1471910400
1065,25,17,77.44016441374849,0.0100426538869493,b'HadGEM3-GC31-LL',7,0.0001821021545319,350.4466867129968,188.2216029259785,b'ssp245',4.002406095329968,292.0468871789328,299.77483559231024,285.2431342210414,b'2016-08-30/2016-09-05',1472515200
1065,25,17,82.26857884779814,0.012412607521577,b'HadGEM3-GC31-LL',7,0.0001678574772527,360.40150078257767,210.58047582598627,b'ssp245',4.045866452057813,294.56655745930914,301.8785407766474,283.9162056453278,b'2016-09-06/2016-09-12',1473120000
1065,25,17,79.48285304609946,0.0108518549844722,b'HadGEM3-GC31-LL',7,0.0004773351617143,348.9781127367717,203.261092373526,b'ssp245',3.9243878489551807,292.4097412443044,300.43160512872333,280.36057505074587,b'2016-09-13/2016-09-19',1473724800
1065,25,17,81.6326185601544,0.0096316720940383,b'HadGEM3-GC31-LL',7,0.0003531406893592,342.94823997474504,181.51308496810256,b'ssp245',5.193635193911615,290.3844961650147,299.2312072876837,282.0120076989119,b'2016-09-20/2016-09-26',1474329600
1065,25,17,75.80254729623125,0.0083894251920539,b'HadGEM3-GC31-LL',7,0.0001015719852943,330.1100696382068,180.27474009042297,b'ssp245',4.0014452611674605,289.9628401794565,296.04090772246553,282.66937206687044,b'2016-09-27/2016-10-03',1474934400
1065,25,17,84.8716277055407,0.0103768404876541,b'HadGEM3-GC31-LL',7,5.761983454110973e-05,335.70774814307714,178.9239574723785,b'ssp245',3.013919063085035,291.22820534319897,299.31914683915335,281.8523371486145,b'2016-10-04/2016-10-10',1475539200
1065,25,17,84.23423997255868,0.0099174762874226,b'HadGEM3-GC31-LL',7,0.0001819053114593,344.4863608597234,149.52691471482362,b'ssp245',3.835676292141056,290.9305399111442,297.8920303144964,280.57524986305503,b'2016-10-11/2016-10-17',1476144000
1065,25,17,71.72550663284699,0.0065130653587875,b'HadGEM3-GC31-LL',7,5.600346129650206e-05,306.6515251887375,148.91976851001093,b'ssp245',6.50688427236505,286.62550099580994,296.0897514289479,279.3548493630216,b'2016-10-18/2016-10-24',1476748800
1065,25,17,74.17677064614918,0.0056784319356533,b'HadGEM3-GC31-LL',7,9.680393634231224e-05,298.5772774534043,130.61024614711954,b'ssp245',5.720780233602149,283.7748820513826,291.20072111838533,276.07240318459685,b'2016-10-25/2016-10-31',1477353600
1065,25,17,76.00234623144658,0.0055591125404208,b'HadGEM3-GC31-LL',7,0.0003669935171457,308.7687951006866,111.80924639415782,b'ssp245',6.611519841869311,283.2165527958404,292.6360405098876,277.1889249526962,b'2016-11-01/2016-11-07',1477958400
1065,25,17,80.1552779980142,0.0060799015052707,b'HadGEM3-GC31-LL',7,0.000188093697685,299.61952434919016,110.18198252965898,b'ssp245',4.332023516676783,283.4500357746272,292.2306438649649,275.58137652040847,b'2016-11-08/2016-11-14',1478563200
1065,25,17,79.0367930662956,0.0050792078299461,b'HadGEM3-GC31-LL',7,0.0007611361435158,305.43055283205234,80.41499423665152,b'ssp245',7.580219657828251,281.13615818981333,290.2505134206044,273.36376747215866,b'2016-11-15/2016-11-21',1479168000
1065,25,17,79.13685762342008,0.0041250957621518,b'HadGEM3-GC31-LL',7,0.000769923863095,289.61390707328525,84.3732493058535,b'ssp245',6.500510345447184,277.2857554060764,286.4553155044294,267.76460212331045,b'2016-11-22/2016-11-28',1479772800
1065,25,17,80.49808330972182,0.0040060412196313,b'HadGEM3-GC31-LL',7,1.0133030674509097e-05,280.07758816765835,86.74129717567124,b'ssp245',4.439514515365976,276.7651102534988,286.93863554279363,265.70778662920713,b'2016-11-29/2016-12-05',1480377600
1065,25,17,73.48209765481873,0.0038309267351034,b'HadGEM3-GC31-LL',7,8.221440207282562e-05,267.6296096448331,85.26600853211072,b'ssp245',6.764742266066792,277.7353345190187,288.2101867921643,268.16905327649994,b'2016-12-06/2016-12-12',1480982400
1065,25,17,66.42904179649479,0.0023018179278873,b'HadGEM3-GC31-LL',7,4.12919070500191e-05,238.7237106035672,85.31855514124648,b'ssp245',6.79291540738439,272.81613901594085,278.3976960427092,266.54429449751774,b'2016-12-13/2016-12-19',1481587200
1065,25,17,72.99326445088765,0.0028215156525904,b'HadGEM3-GC31-LL',7,8.178581793655107e-05,247.53612726744151,82.71461316085242,b'ssp245',5.728891730222783,274.1217822504462,280.2636152960863,269.2068123101948,b'2016-12-20/2016-12-26',1482192000
1065,25,17,75.20540798353542,0.002399904288491,b'HadGEM3-GC31-LL',7,0.0002326772816163,248.28634787778887,82.35810160125834,b'ssp245',9.524995580197682,270.6517025384092,279.91320053976466,264.84709737572183,b'2016-12-27/2017-01-02',1482796800
1065,25,17,76.85091388402199,0.0027975655374581,b'HadGEM3-GC31-LL',7,0.0005237034644739,258.1068476936385,82.892643270107,b'ssp245',7.272177956632839,271.4371318046077,284.5474532358836,261.08656284912354,b'2017-01-03/2017-01-09',1483401600
1065,25,17,72.01906589425188,0.0028627145969914,b'HadGEM3-GC31-LL',7,0.0001100995167279,261.45651425123043,87.79480623605524,b'ssp245',6.156681797964386,273.63387708097304,281.76221345438574,265.3867125419932,b'2017-01-10/2017-01-16',1484006400
1065,25,17,72.41316890483311,0.0013549479063477,b'HadGEM3-GC31-LL',7,3.868923157357384e-05,214.3408407782877,107.64562533985983,b'ssp245',7.09610525856188,264.01977603162146,276.114668862457,254.96287086386928,b'2017-01-17/2017-01-23',1484611200
1065,25,17,73.63366897554468,0.0029072655070809,b'HadGEM3-GC31-LL',7,0.0004333031726997,261.27111041942027,98.15879582885428,b'ssp245',6.545116978160872,273.28600797624387,283.7115989907871,262.42861240844104,b'2017-01-24/2017-01-30',1485216000
1065,25,17,65.06448670597045,0.0020319746388416,b'HadGEM3-GC31-LL',7,0.0001512214865193,233.74728418360368,119.16389090173485,b'ssp245',5.875799217698831,271.12475172802107,277.72849358964896,263.61476524022646,b'2017-01-31/2017-02-06',1485820800
1065,25,17,79.35321841667304,0.0014560736820953,b'HadGEM3-GC31-LL',7,0.0003227253817422,222.23382376719,131.5213083226875,b'ssp245',11.0342002906245,263.4051712644201,279.8523401911525,253.6691096863838,b'2017-02-07/2017-02-13',1486425600
1065,25,17,71.23795020386497,0.0020194268002983,b'HadGEM3-GC31-LL',7,2.313653688598562e-06,237.2633438845741,144.63230564960932,b'ssp245',7.08620379242412,269.4783646835044,276.9538014268826,263.1289997081622,b'2017-02-14/2017-02-20',1487030400
1065,25,17,73.27592615229914,0.0031792337876501,b'HadGEM3-GC31-LL',7,0.0003564938929664,260.1841017462816,143.1834948916621,b'ssp245',7.421113858478838,274.4714984698975,282.1740844665097,265.1324185681607,b'2017-02-21/2017-02-27',1487635200
1065,25,17,76.8513092976168,0.0032056410564276,b'HadGEM3-GC31-LL',7,0.0002596008744702,248.7352178335156,159.65523793902815,b'ssp245',6.100675832520387,274.129737293132,281.0490419017104,265.7438700849796,b'2017-02-28/2017-03-06',1488240000
1065,25,17,76.64683122103925,0.0019562487480208,b'HadGEM3-GC31-LL',7,0.00044385160727,234.7895266868076,157.78534731743505,b'ssp245',8.46688710272938,268.48094173075225,276.25809269009034,256.5753528022573,b'2017-03-07/2017-03-13',1488844800
1065,25,17,85.74469791215334,0.0037115276550653,b'HadGEM3-GC31-LL',7,0.0006956567361745,265.0903249627273,163.97049077736048,b'ssp245',7.788186521568567,274.84605998002337,280.6680139885448,268.21647193808803,b'2017-03-14/2017-03-20',1489449600
1065,25,17,78.7023432378614,0.0028216480273458,b'HadGEM3-GC31-LL',7,9.884566649518964e-05,245.36367961173943,196.17943660805776,b'ssp245',6.096861020315809,272.01851498523285,279.52491248554327,261.7461714115507,b'2017-03-21/2017-03-27',1490054400
1065,25,17,86.66729191151853,0.0044394990755465,b'HadGEM3-GC31-LL',7,0.0003561244647879,282.57559119586614,180.9727463253692,b'ssp245',6.624800007869109,277.17786458069907,283.0356271980032,271.4155138520916,b'2017-03-28/2017-04-03',1490659200
1065,25,17,76.66731611572054,0.0036106412977605,b'HadGEM3-GC31-LL',7,0.0002140020005469,263.3701414531674,195.54649179387545,b'ssp245',5.503624407306298,275.676162963393,281.96595157189194,267.72457203476085,b'2017-04-04/2017-04-10',1491264000
1065,25,17,90.5736055852972,0.0067077771045852,b'HadGEM3-GC31-LL',7,0.0002463309197432,303.7036005754708,208.1956528691212,b'ssp245',3.485456078365679,282.534085755176,292.9665042381632,271.1079468818349,b'2017-04-11/2017-04-17',1491868800
1065,25,17,77.84987974928326,0.0053501581206275,b'HadGEM3-GC31-LL',7,2.656876020392006e-05,282.55576536628325,234.44875511638105,b'ssp245',3.948483713203807,281.77118153929484,288.90994072152523,275.28749500900835,b'2017-04-18/2017-04-24',1492473600
1065,25,17,85.68298755174332,0.0064275686775426,b'HadGEM3-GC31-LL',7,0.0004779348060217,301.16288067374944,206.8143103825516,b'ssp245',4.472458567281126,283.19826219449226,290.442301493757,275.5651615446308,b'2017-04-25/2017-05-01',1493078400
1065,25,17,85.30069911793794,0.0076322260777928,b'HadGEM3-GC31-LL',7,0.0002250012038597,300.1141546910966,250.6706632269216,b'ssp245',5.127988756689094,285.76310073398133,293.68698581107793,275.31930333009774,b'2017-05-02/2017-05-08',1493683200
1065,25,17,87.08330758481279,0.0084651348325369,b'HadGEM3-GC31-LL',7,0.0005170649783732,313.64333867169233,245.76023111465489,b'ssp245',4.843790488798075,286.89973121964664,295.4322636999032,278.8255209562642,b'2017-05-09/2017-05-15',1494288000
1065,25,17,86.4832928366257,0.0087934381090299,b'HadGEM3-GC31-LL',7,0.0003879619190307,319.9489978169592,256.1425318130056,b'ssp245',4.192148360566704,287.79304009817463,296.6189273092802,279.70716272452086,b'2017-05-16/2017-05-22',1494892800
1065,25,17,81.67989624862001,0.0090545210123132,b'HadGEM3-GC31-LL',7,0.0001893178943088,323.17375556068816,264.425051451381,b'ssp245',3.316221423894102,289.52210094774046,297.4965902676155,279.53387254482544,b'2017-05-23/2017-05-29',1495497600
1065,25,17,85.62749228205135,0.0107478592409469,b'HadGEM3-GC31-LL',7,0.0003780776105314,334.9697062789133,286.22644778139005,b'ssp245',3.987353522663338,291.26504144296763,299.09726935595063,283.37008092290563,b'2017-05-30/2017-06-05',1496102400
1065,25,17,87.860588619236,0.0123862838703528,b'HadGEM3-GC31-LL',7,0.000374295935102,346.34140152945616,286.5815810026702,b'ssp245',4.174088918550496,293.650878963325,300.1760417096924,282.65364558747166,b'2017-06-06/2017-06-12',1496707200
1065,25,17,82.84569114473221,0.0133477897510422,b'HadGEM3-GC31-LL',7,7.097364047996342e-05,347.61266552021374,322.36077506798426,b'ssp245',3.2570264777113698,295.1164447782777,303.73624201195474,285.74131035780727,b'2017-06-13/2017-06-19',1497312000
1065,25,17,82.59394413302259,0.0130696548438394,b'HadGEM3-GC31-LL',7,0.0001445708378471,358.58376753379963,286.70018873570064,b'ssp245',5.440897848773836,294.62793416130404,306.3002953044357,283.72773781091666,b'2017-06-20/2017-06-26',1497916800
1065,25,17,84.22476909068347,0.0134426693821524,b'HadGEM3-GC31-LL',7,0.0002324296570188,357.3385008887548,303.2085908075628,b'ssp245',3.031196433165968,295.23633212903263,304.86284761150307,285.95161694606384,b'2017-06-27/2017-07-03',1498521600
1065,25,17,80.15087769121047,0.0133520323254457,b'HadGEM3-GC31-LL',7,0.0002973186296902,357.1451282196637,296.2572752132533,b'ssp245',4.242734201210657,295.2497138038606,302.9760080819643,283.9864599068479,b'2017-07-04/2017-07-10',1499126400
1065,25,17,90.18283835542644,0.0167388584805911,b'HadGEM3-GC31-LL',7,0.0003500989590853,379.9287799368177,265.61278445359494,b'ssp245',3.5773334045956204,298.7010418010124,304.4837750975579,288.69468619816246,b'2017-07-11/2017-07-17',1499731200
1065,25,17,93.43080486769024,0.0178770596203555,b'HadGEM3-GC31-LL',7,0.0004548333896752,387.22968790215936,257.5619585292148,b'ssp245',2.673082277836893,299.4252719256264,307.6648471367443,291.4863701980759,b'2017-07-18/2017-07-24',1500336000
1065,25,17,84.0695582491222,0.0156494242725608,b'HadGEM3-GC31-LL',7,0.0001650095878309,373.83758061979336,273.4196830862564,b'ssp245',4.136865871653352,297.7496235155576,306.7430955900286,285.3473236299114,b'2017-07-25/2017-07-31',1500940800
1065,25,17,86.87364520348844,0.0164356066826197,b'HadGEM3-GC31-LL',7,0.0001799687178407,377.7125692399109,263.01711129737475,b'ssp245',3.894927925865284,298.9503843186485,306.6735683414271,291.94362911597,b'2017-08-01/2017-08-07',1501545600
1065,25,17,76.35547482410003,0.0131544448954359,b'HadGEM3-GC31-LL',7,7.10577752172222e-05,355.4377400136614,275.3846563351032,b'ssp245',3.2175201214297933,295.6522120603501,304.7061079165486,285.3727522098045,b'2017-08-08/2017-08-14',1502150400
1065,25,17,79.89220543933968,0.0142125592023989,b'HadGEM3-GC31-LL',7,0.0002770354347988,365.0034839913855,237.83111784321292,b'ssp245',3.929984911759625,296.6678094755504,303.8671791407037,287.9749446073687,b'2017-08-15/2017-08-21',1502755200
1065,25,17,78.51860285553036,0.0130787351029482,b'HadGEM3-GC31-LL',7,9.440509126826668e-05,357.71924974454976,245.9350830525944,b'ssp245',3.697075582720224,295.4820808385399,303.39875536838923,285.7939202653437,b'2017-08-22/2017-08-28',1503360000
1065,25,17,77.83642355038474,0.0118209741071885,b'HadGEM3-GC31-LL',7,0.000452298034376,348.453302397966,227.1921055376264,b'ssp245',4.484561491005713,293.20459489708503,302.7152162611424,280.3809277245405,b'2017-08-29/2017-09-04',1503964800
1065,25,17,74.42422659210877,0.0092332615496177,b'HadGEM3-GC31-LL',7,7.8775254254669e-05,331.4613174265056,221.26334263111863,b'ssp245',3.93425930590788,290.8589026865865,298.4677656621251,282.41164718581825,b'2017-09-05/2017-09-11',1504569600
1065,25,17,74.61203075919866,0.0095801472208601,b'HadGEM3-GC31-LL',7,1.3373269083912394e-05,331.0160159507667,224.7225895446593,b'ssp245',3.8148210377268543,290.54525819179423,299.82669823407406,280.2841941318723,b'2017-09-12/2017-09-18',1505174400
1065,25,17,81.65268756777,0.011071156001276,b'HadGEM3-GC31-LL',7,0.0002434503814404,351.0211473557438,198.07668983745944,b'ssp245',5.126699727107391,292.6429835552621,301.31848882116213,281.99954125288144,b'2017-09-19/2017-09-25',1505779200
1065,25,17,81.6878409749946,0.0092190957480539,b'HadGEM3-GC31-LL',7,1.4989452209151232e-05,334.3959396904517,182.35465030947307,b'ssp245',2.5147049964511843,289.77237280487685,298.1198250731193,281.8952990452209,b'2017-09-26/2017-10-02',1506384000
1065,25,17,84.45691334396929,0.0104905430830713,b'HadGEM3-GC31-LL',7,3.765678894688577e-06,341.9837950957694,178.94892272817506,b'ssp245',2.4873461878363163,291.71735265405545,299.1393909588802,282.9092787082821,b'2017-10-03/2017-10-09',1506988800
1065,25,17,83.60648347922938,0.0096183858416334,b'HadGEM3-GC31-LL',7,0.0004038902241211,334.8273227358529,157.00396218023408,b'ssp245',4.874812119025289,290.58633963308165,299.1991062682921,280.6792590860633,b'2017-10-10/2017-10-16',1507593600
1065,25,17,84.15771228086176,0.0092471363118051,b'HadGEM3-GC31-LL',7,0.0001862994016292,338.22886374315374,138.87055430647587,b'ssp245',3.486417723583533,289.84936137522504,296.5147280044786,282.6087460858824,b'2017-10-17/2017-10-23',1508198400
1065,25,17,75.94807557890935,0.0072461013206409,b'HadGEM3-GC31-LL',7,0.0008512719680297,305.89682383970154,137.49105537951274,b'ssp245',5.096938364626846,287.1285509272216,296.0727558731432,278.91996314902553,b'2017-10-24/2017-10-30',1508803200
1065,25,17,76.77186025356907,0.0064211915381259,b'HadGEM3-GC31-LL',7,8.71374364094916e-07,297.71120423355507,131.61707770411118,b'ssp245',4.132338630125824,285.1090191767174,293.0438994285683,276.40772633778244,b'2017-10-31/2017-11-06',1509408000
1065,25,17,82.41479632679875,0.0061198815601161,b'HadGEM3-GC31-LL',7,0.0008774680471118,306.67540904618454,89.54759803083779,b'ssp245',8.341369064810156,283.47959944464765,291.3515887764645,275.1487381273405,b'2017-11-07/2017-11-13',1510012800
1065,25,17,76.251642111102,0.0039636341406351,b'HadGEM3-GC31-LL',7,2.7477233213559844e-05,270.59280560366835,107.58093666512404,b'ssp245',6.206508851397759,277.3982486167823,286.68391665855324,269.85849272544533,b'2017-11-14/2017-11-20',1510617600
1065,25,17,80.12282901083952,0.0051532913268162,b'HadGEM3-GC31-LL',7,2.3213651660596744e-05,284.6406261502813,96.1761240733474,b'ssp245',5.529933751666996,281.5315775404112,288.0655697364461,275.5004337306949,b'2017-11-21/2017-11-27',1511222400
1065,25,17,78.00827105613668,0.0041291601797454,b'HadGEM3-GC31-LL',7,0.0001166669738805,281.37450557220853,79.86489744245397,b'ssp245',6.118097562238375,278.40579913362564,283.2318256604827,271.22778925746826,b'2017-11-28/2017-12-04',1511827200
1065,25,17,79.3149152768634,0.0041426894563949,b'HadGEM3-GC31-LL',7,0.0008071306044652,281.3584717525679,79.05203553052827,b'ssp245',7.146276741881212,277.6997380712841,284.78595096707227,271.9489889308165,b'2017-12-05/2017-12-11',1512432000
1065,25,17,81.53092625288289,0.0046352313426079,b'HadGEM3-GC31-LL',7,3.278760592884044e-05,286.84133549584465,80.09212824712124,b'ssp245',3.5965231936915347,279.7749643096682,284.952905199679,274.4855994217825,b'2017-12-12/2017-12-18',1513036800
1065,25,17,86.31031584846015,0.0054602246965857,b'HadGEM3-GC31-LL',7,0.0014566355322864,319.781135042114,49.42062202039818,b'ssp245',7.569571452901578,281.4341451957438,286.4889486414668,275.2077842013233,b'2017-12-19/2017-12-25',1513641600
1065,25,17,74.54253590506558,0.0036358424369124,b'HadGEM3-GC31-LL',7,5.821629376052675e-05,277.3247283904814,78.17396244010106,b'ssp245',5.866096516167271,277.59449124216195,281.74832823293326,273.8616214379564,b'2017-12-26/2018-01-01',1514246400
1065,25,17,75.54595163032796,0.0037373870700222,b'HadGEM3-GC31-LL',7,0.0003829039459187,279.83695214251924,77.55158645515732,b'ssp245',6.620031866576582,277.30245243753563,283.59963660417844,270.3782950993871,b'2018-01-02/2018-01-08',1514851200
1065,25,17,66.96864385746173,0.0017407115870343,b'HadGEM3-GC31-LL',7,3.882352808625215e-05,234.1465854285312,92.67299942029771,b'ssp245',8.524807486289216,268.7141452921568,277.11288996117344,259.8510615568747,b'2018-01-09/2018-01-15',1515456000
1065,25,17,78.35222613439338,0.002804826221017,b'HadGEM3-GC31-LL',7,0.0002882507247917,259.4104994333591,96.93686610169588,b'ssp245',5.2615849378040025,272.16717376950453,279.55021905658947,260.38601601592,b'2018-01-16/2018-01-22',1516060800
1065,25,17,77.35674175689964,0.003246301098008,b'HadGEM3-GC31-LL',7,0.0004977135036935,279.7141011709653,81.30132145690257,b'ssp245',5.989584612890964,274.6126402447573,282.1419849530207,268.50340530687464,b'2018-01-23/2018-01-29',1516665600
1065,25,17,73.2716037940677,0.0035340939741567,b'HadGEM3-GC31-LL',7,3.617741999749572e-05,265.5355940813161,115.41588514380412,b'ssp245',4.810175209967391,276.5138096102123,283.1210505705466,267.55259995013927,b'2018-01-30/2018-02-05',1517270400
1065,25,17,65.12613205024105,0.0020674291686869,b'HadGEM3-GC31-LL',7,0.0002665716754746,230.7274165136353,134.46869660082385,b'ssp245',10.406713527152048,270.7900147441479,281.3932920150526,256.39219009384044,b'2018-02-06/2018-02-12',1517875200
1065,25,17,78.55513613276506,0.0017030065970635,b'HadGEM3-GC31-LL',7,0.0001057628019905,222.98692945651297,141.9903024797765,b'ssp245',8.578195101099036,265.4591493657331,278.7999008808731,256.2628675846895,b'2018-02-13/2018-02-19',1518480000
1065,25,17,84.89356109417182,0.0034683967670263,b'HadGEM3-GC31-LL',7,0.0004652285863735,275.11977869746426,116.05146642527704,b'ssp245',7.001204737826673,274.189990631266,283.32387761695145,256.0764748380263,b'2018-02-20/2018-02-26',1519084800
1065,25,17,76.35610002614563,0.0027096065443191,b'HadGEM3-GC31-LL',7,0.0002750142989006,246.7246849423363,158.41765959762597,b'ssp245',7.418086946002014,270.8933072979888,282.4831078904873,256.441503349988,b'2018-02-27/2018-03-05',1519689600
1065,25,17,72.13634127881814,0.0032942527969418,b'HadGEM3-GC31-LL',7,0.0007858725206071,254.34248297390465,165.72482650816102,b'ssp245',7.258658498504181,275.0526213840072,285.90166769190967,265.8989387504524,b'2018-03-06/2018-03-12',1520294400
1065,25,17,83.75702399971534,0.0044038819107332,b'HadGEM3-GC31-LL',7,0.0003041779425558,270.5372749869728,158.38711371797055,b'ssp245',3.8975144895850753,277.60654406546854,285.42193655761224,268.03446285866295,b'2018-03-13/2018-03-19',1520899200
1065,25,17,79.36993395031963,0.0045066216045338,b'HadGEM3-GC31-LL',7,0.000350840143837,262.68910379290423,192.47023691312648,b'ssp245',5.579015073836613,278.2699314161884,287.2267071281195,265.01600473332854,b'2018-03-20/2018-03-26',1521504000
1065,25,17,91.8108314269396,0.0061145606803113,b'HadGEM3-GC31-LL',7,0.0006378060351064,318.7708108282109,152.25954456573558,b'ssp245',4.595360238334974,282.1548511701048,287.5079470477916,276.9080120904928,b'2018-03-27/2018-04-02',1522108800
1065,25,17,84.5362115222556,0.0070731291733521,b'HadGEM3-GC31-LL',7,2.5393257582530828e-05,296.08237835397443,219.315239607902,b'ssp245',5.426092850837823,285.35191658029896,294.5015205621479,275.57606348074216,b'2018-04-03/2018-04-09',1522713600
1065,25,17,72.4882040900509,0.006120465866788,b'HadGEM3-GC31-LL',7,3.112533082881107e-05,273.97938499620807,238.33967580234145,b'ssp245',6.411942418334021,284.7043333529671,296.942303184056,272.4520776908083,b'2018-04-10/2018-04-16',1523318400
1065,25,17,79.04210259804294,0.0057416476092981,b'HadGEM3-GC31-LL',7,0.0002771656733558,284.75082332702726,211.32338107409123,b'ssp245',5.12909114472284,282.5980184744664,290.3407651472908,272.6836606551032,b'2018-04-17/2018-04-23',1523923200
1065,25,17,83.61615113165202,0.0074124824936476,b'HadGEM3-GC31-LL',7,0.0002008499922599,292.54357237109963,240.17988701234395,b'ssp245',4.651397795286852,285.8663490283337,294.044552560059,274.39543064267247,b'2018-04-24/2018-04-30',1524528000
1065,25,17,86.90144046415203,0.0081119427236109,b'HadGEM3-GC31-LL',7,0.0003774892509903,310.6125437572283,227.1495910872831,b'ssp245',4.183955515636641,286.9309042254346,293.5457728943916,279.9974015803495,b'2018-05-01/2018-05-07',1525132800
1065,25,17,83.66336190733115,0.0086090977590007,b'HadGEM3-GC31-LL',7,0.0002220393990817,308.1680892002597,261.5233520718551,b'ssp245',4.001516586309747,288.3070294815522,300.0808223482345,277.6352329465438,b'2018-05-08/2018-05-14',1525737600
1065,25,17,91.71207699853213,0.0114272386624142,b'HadGEM3-GC31-LL',7,0.0004201944266809,337.22230757426706,242.7202522256977,b'ssp245',3.810951885499983,291.60934724397515,298.46662621627763,280.8554427193971,b'2018-05-15/2018-05-21',1526342400
1065,25,17,80.72120040544517,0.0097477069350877,b'HadGEM3-GC31-LL',7,7.694998081840947e-05,319.33610037895704,297.2057320555411,b'ssp245',3.799678922402672,290.82050554969464,299.42052921475715,282.4653479200595,b'2018-05-22/2018-05-28',1526947200
1065,25,17,76.06419599870867,0.0098980428292433,b'HadGEM3-GC31-LL',7,0.0001529649772883,320.20162817228265,309.45835092561293,b'ssp245',4.853004350780223,291.7976659106069,302.2436737951795,280.77380275822355,b'2018-05-29/2018-06-04',1527552000
1065,25,17,84.86974713387652,0.0144946705225713,b'HadGEM3-GC31-LL',7,8.222971116815308e-05,362.5810482555834,312.99663016305965,b'ssp245',3.4653839052298,297.1294323719932,307.0449358891144,286.16336142548624,b'2018-06-05/2018-06-11',1528156800
1065,25,17,72.0481769620489,0.010470058773543,b'HadGEM3-GC31-LL',7,0.0002337399045727,333.9733816384755,300.75435925229743,b'ssp245',4.864737227844207,293.4527200263381,303.7392146023138,284.60902154313584,b'2018-06-12/2018-06-18',1528761600
1065,25,17,85.2723659822159,0.0127693586269321,b'HadGEM3-GC31-LL',7,0.0002479723380397,351.2366590240571,288.44526007658726,b'ssp245',4.28652912900527,293.907156505099,304.30713569817823,283.92228076393144,b'2018-06-19/2018-06-25',1529366400
1065,25,17,82.01029794292643,0.0146611215844975,b'HadGEM3-GC31-LL',7,0.0001063110532911,360.62810550053626,303.41944177084525,b'ssp245',3.710081124130795,297.1584524726236,305.2492799019405,286.33204624756104,b'2018-06-26/2018-07-02',1529971200
1065,25,17,75.63506716224825,0.0157096599365477,b'HadGEM3-GC31-LL',7,5.9718969717525896e-05,366.549071607067,339.6021570066568,b'ssp245',4.055998625797842,299.0502089455288,311.03427120950164,286.8856888047878,b'2018-07-03/2018-07-09',1530576000
1065,25,17,73.63091188457403,0.0147630084617379,b'HadGEM3-GC31-LL',7,0.0005577675247849,368.74066000104096,285.7131363911657,b'ssp245',4.005468932694968,299.1182809038619,309.4256099458907,287.1850424590788,b'2018-07-10/2018-07-16',1531180800
1065,25,17,80.58835306772653,0.01434380557335,b'HadGEM3-GC31-LL',7,0.0002389604562141,359.7294842540712,300.3596855166867,b'ssp245',3.005028283899592,296.33931239027544,304.03395168154617,288.5969608303043,b'2018-07-17/2018-07-23',1531785600
1065,25,17,83.70016948385488,0.0158705258769574,b'HadGEM3-GC31-LL',7,0.0001646845135116,369.545670804729,283.1506004525575,b'ssp245',3.475779669676868,298.419178521062,304.7325255671537,289.68814179112184,b'2018-07-24/2018-07-30',1532390400
1065,25,17,89.42913900349846,0.0173847263714011,b'HadGEM3-GC31-LL',7,0.0005744100443388,381.9835877509755,247.9885690025315,b'ssp245',3.22644430566153,299.7376969948962,305.5003243837232,293.4942108799684,b'2018-07-31/2018-08-06',1532995200
1065,25,17,91.4134260179533,0.0171695331661152,b'HadGEM3-GC31-LL',7,0.0011502902971763,386.7354123430138,205.64466518643025,b'ssp245',4.009282408129687,299.4213866748461,304.38097311674886,291.0205480108809,b'2018-08-07/2018-08-13',1533600000
1065,25,17,91.64172549872684,0.016139146309132,b'HadGEM3-GC31-LL',7,0.0003092707502388,385.65473460972765,208.94346117709216,b'ssp245',2.8020799459784755,298.30139981158567,305.2266245186028,291.7975384884129,b'2018-08-14/2018-08-20',1534204800
1065,25,17,83.27654371507184,0.0144358946444845,b'HadGEM3-GC31-LL',7,9.86651341883184e-05,365.6533155577112,227.0422366332569,b'ssp245',3.0646991272861706,296.6176749734188,305.44776856575123,285.4265370594651,b'2018-08-21/2018-08-27',1534809600
1065,25,17,76.45232641444825,0.0116761471773239,b'HadGEM3-GC31-LL',7,0.0002360522921763,350.975961043361,223.96944819881045,b'ssp245',4.136921600667097,294.2740957462912,303.1428545349674,284.0496719529382,b'2018-08-28/2018-09-03',1535414400
1065,25,17,81.87409459908322,0.0124336183517302,b'HadGEM3-GC31-LL',7,0.0004157535819826,353.8217963980283,215.5531546140365,b'ssp245',2.550916738294728,294.2749097371612,301.4851379701858,285.0491116034901,b'2018-09-04/2018-09-10',1536019200
1065,25,17,73.27758277088527,0.0099176704409807,b'HadGEM3-GC31-LL',7,0.0001529524107939,335.4514836934364,221.28016126531435,b'ssp245',3.3413765342642705,291.8622477222322,303.3093898193113,281.43016951177776,b'2018-09-11/2018-09-17',1536624000
1065,25,17,75.30910330816165,0.0092049424397584,b'HadGEM3-GC31-LL',7,4.1936735595232194e-05,329.44076954733634,214.43871473219903,b'ssp245',3.6671521261670974,290.3584148048617,299.32631032584527,278.50992316085643,b'2018-09-18/2018-09-24',1537228800
1065,25,17,78.73371558696343,0.0100503845271373,b'HadGEM3-GC31-LL',7,2.1866863961642368e-05,338.76782000896617,188.6378764379044,b'ssp245',3.9992087865592656,291.7948860274924,300.374819230217,281.9994819080241,b'2018-09-25/2018-10-01',1537833600
1065,25,17,86.27862402518487,0.0095131752661231,b'HadGEM3-GC31-LL',7,0.0006660496399691,349.83242323250755,131.28018907731666,b'ssp245',5.73376180778869,290.4785459098876,295.7568295143642,281.8155738853615,b'2018-10-02/2018-10-08',1538438400
1065,25,17,86.57056120991997,0.0089065225968018,b'HadGEM3-GC31-LL',7,0.0003846918966617,341.0571738769812,139.05936874216226,b'ssp245',4.726768153774671,289.53200924713786,295.7174068270373,283.2172010408306,b'2018-10-09/2018-10-15',1539043200
1065,25,17,83.21515367947246,0.008026763756946,b'HadGEM3-GC31-LL',7,0.0005567018703604,329.20182735973805,129.7007745142687,b'ssp245',5.5111157523352645,288.0079942312777,294.9878129450096,281.3099776745322,b'2018-10-16/2018-10-22',1539648000
1065,25,17,82.02237184228458,0.0076615392981296,b'HadGEM3-GC31-LL',7,0.0003509697899169,315.41401764780915,141.23151458182653,b'ssp245',5.071092249249197,287.44161465287704,295.029512372742,279.4064474883756,b'2018-10-23/2018-10-29',1540252800
1065,25,17,78.9372989806558,0.0076819451361274,b'HadGEM3-GC31-LL',7,0.000315639964957,315.64794351124726,115.27940999056996,b'ssp245',6.408525136062146,286.8303728560512,297.1009640727278,275.3163062150384,b'2018-10-30/2018-11-05',1540857600
1065,25,17,79.41699852063284,0.0055436849365472,b'HadGEM3-GC31-LL',7,0.0002040516444464,293.8280992547722,112.97191778805043,b'ssp245',6.098101991146627,281.95205548423223,291.97198341884405,273.801428788138,b'2018-11-06/2018-11-12',1541462400
1065,25,17,84.9967048600018,0.0061549517291086,b'HadGEM3-GC31-LL',7,6.292296009542031e-05,310.4939482558152,93.20559632234512,b'ssp245',4.689094782664507,283.88812813877524,289.7238180385256,275.95618610055544,b'2018-11-13/2018-11-19',1542067200
1065,25,17,74.21671549643806,0.0034097923412921,b'HadGEM3-GC31-LL',7,0.0001895027540365,273.90671967918144,89.77636019745553,b'ssp245',6.4054731929616056,275.6913985448713,281.9635117022773,268.6020671003174,b'2018-11-20/2018-11-26',1542672000
1065,25,17,75.08222592139376,0.0039859427266246,b'HadGEM3-GC31-LL',7,0.0005092611177827,275.030354519162,83.30594416588026,b'ssp245',7.199483981116728,276.54767489772854,291.99786822577374,268.8496393393894,b'2018-11-27/2018-12-03',1543276800
1065,25,17,78.68079577629693,0.0030592982199028,b'HadGEM3-GC31-LL',7,1.6462446666510273e-05,247.4055212089748,92.11241473803123,b'ssp245',5.350362215294561,273.3466339045472,279.4402685251841,268.00649274536005,b'2018-12-04/2018-12-10',1543881600
1065,25,17,81.13757312803743,0.0035290765592678,b'HadGEM3-GC31-LL',7,0.0002482922010474,278.9803426998019,71.23049029856683,b'ssp245',5.96030638225129,274.8685440241287,281.72177019532234,268.08109737523006,b'2018-12-11/2018-12-17',1544486400
1065,25,17,78.30359994084041,0.0036672564258445,b'HadGEM3-GC31-LL',7,0.0003424057672276,273.81993220909226,76.81864342094752,b'ssp245',7.813973311228196,276.324843286902,283.1927555387714,269.4006410658299,b'2018-12-18/2018-12-24',1545091200
1065,25,17,75.20208323915952,0.0035882922873335,b'HadGEM3-GC31-LL',7,0.0001617493088713,272.4723377164671,65.72149750950044,b'ssp245',5.925451038587249,276.643192603526,282.8164321576721,266.9231566460831,b'2018-12-25/2018-12-31',1545696000
1065,25,17,71.5150590972615,0.0031661562810476,b'HadGEM3-GC31-LL',7,0.0001810713449025,262.77404610638376,80.49852398985016,b'ssp245',6.196719683257645,275.6788143794016,284.7619162383757,263.5842103525951,b'2019-01-01/2019-01-07',1546300800
1065,25,17,67.25885234718064,0.0024865410609573,b'HadGEM3-GC31-LL',7,0.000300159408182,253.1454002699772,85.29022977486254,b'ssp245',5.312560462347982,272.9721466578128,283.3197079261864,266.8056459609355,b'2019-01-08/2019-01-14',1546905600
1065,25,17,73.9485758184752,0.0030205984463358,b'HadGEM3-GC31-LL',7,0.0007108310420376,263.45394272708904,86.09431856111765,b'ssp245',7.100848783093241,273.260979426437,288.3342540545046,262.06691128057537,b'2019-01-15/2019-01-21',1547510400
1065,25,17,70.63369394806439,0.0029303084322115,b'HadGEM3-GC31-LL',7,0.0003247917702121,249.9111749360654,106.01864164898744,b'ssp245',6.7800486108036,273.2932308429163,288.2019414219851,260.3148337803097,b'2019-01-22/2019-01-28',1548115200
1065,25,17,69.05480128345755,0.0021684054572716,b'HadGEM3-GC31-LL',7,0.0002392895393965,240.70457447081083,109.5682885904412,b'ssp245',7.288233358488547,271.0242523513857,280.5823551419998,259.13997564863223,b'2019-01-29/2019-02-04',1548720000
1065,25,17,78.25965382819243,0.0026088439752731,b'HadGEM3-GC31-LL',7,0.0002193073886061,247.59311095286984,121.54341093548216,b'ssp245',7.322943177879705,271.2356791380343,279.79481839797523,259.16333249064246,b'2019-02-05/2019-02-11',1549324800
1065,25,17,79.41360151597947,0.0027200146000697,b'HadGEM3-GC31-LL',7,0.0001940833044003,251.6571209802848,126.49758583609962,b'ssp245',7.564522806371206,270.29270335112244,280.1027101207475,254.4330390707364,b'2019-02-12/2019-02-18',1549929600
1065,25,17,83.65490572505023,0.003240979688238,b'HadGEM3-GC31-LL',7,0.0005991021680662,263.92102684094533,115.60096659939538,b'ssp245',6.780942198355889,271.6193269793549,284.41535567084827,255.07831949193667,b'2019-02-19/2019-02-25',1550534400
1065,25,17,82.95767846873741,0.0024690296453825,b'HadGEM3-GC31-LL',7,0.0005931094040973,243.8269484466039,155.80885793493556,b'ssp245',6.614682843232048,268.7887170204686,283.10310426771576,256.7081039290414,b'2019-02-26/2019-03-04',1551139200
1065,25,17,77.14242547070477,0.0030338984206252,b'HadGEM3-GC31-LL',7,0.0007341918216202,249.72948062541653,161.53144986467245,b'ssp245',7.313225022426972,271.6251248055234,286.8750777537489,255.71596905880224,b'2019-03-05/2019-03-11',1551744000
1065,25,17,75.83330255123441,0.0030389450173736,b'HadGEM3-GC31-LL',7,0.0003190720027247,250.16670972538444,183.0452601433212,b'ssp245',7.013976158915346,274.4711556245982,284.77613199009267,267.8983398929223,b'2019-03-12/2019-03-18',1552348800
1065,25,17,84.54704032110972,0.0026270841219057,b'HadGEM3-GC31-LL',7,0.0001658079500003,245.76127678733,193.9418289783858,b'ssp245',6.93528373737744,270.0280642870981,277.1557469363179,261.48633755994103,b'2019-03-19/2019-03-25',1552953600
1065,25,17,74.7859536550865,0.0024871413229427,b'HadGEM3-GC31-LL',7,5.297491777688092e-05,237.7052807435425,212.27928991623705,b'ssp245',5.576391377735097,271.5652396627817,282.2137407224104,260.97078607257635,b'2019-03-26/2019-04-01',1553558400
1065,25,17,80.97109032527884,0.0050151773897316,b'HadGEM3-GC31-LL',7,0.0002111533464822,270.6220674346015,208.33347130123613,b'ssp245',6.232490066418011,279.42262227455325,292.1814519261785,269.5495108213549,b'2019-04-02/2019-04-08',1554163200
1065,25,17,81.61763271155623,0.005690109011539,b'HadGEM3-GC31-LL',7,0.0001436038074783,282.4821014601864,217.63372274131808,b'ssp245',5.583669651636818,281.9411627020772,290.7494787425553,273.46362827143514,b'2019-04-09/2019-04-15',1554768000
1065,25,17,88.04250074684867,0.006565074243865,b'HadGEM3-GC31-LL',7,0.0002452582908134,305.6243415824837,184.97886842330604,b'ssp245',4.695131643815548,282.44340691849783,293.56690203003046,272.12453612051934,b'2019-04-16/2019-04-22',1555372800
1065,25,17,87.10027591912218,0.0075962479739985,b'HadGEM3-GC31-LL',7,0.000426044448143,309.7703007706428,217.9817661729378,b'ssp245',4.5305380444272165,285.9059987776812,294.4266525222455,277.80965061706354,b'2019-04-23/2019-04-29',1555977600
1065,25,17,79.14183029725798,0.0056203750069069,b'HadGEM3-GC31-LL',7,0.0007150511972196,283.41145534348,222.27473484610604,b'ssp245',5.728166744496698,282.0870699036672,290.418244576046,274.48431424143814,b'2019-04-30/2019-05-06',1556582400
1065,25,17,80.42133691749576,0.0064770561177216,b'HadGEM3-GC31-LL',7,7.677501943443186e-05,290.7729908615681,258.5792966339678,b'ssp245',3.476792165554268,284.12105997036446,291.93757508000334,275.417957317433,b'2019-05-07/2019-05-13',1557187200
1065,25,17,82.71774548171253,0.008596002298295,b'HadGEM3-GC31-LL',7,0.0001451685894367,308.64923352101704,283.0530030095925,b'ssp245',4.340345348493433,288.3149834705452,298.49244390297514,280.49591144358163,b'2019-05-14/2019-05-20',1557792000
1065,25,17,85.51550363324695,0.0093535525803877,b'HadGEM3-GC31-LL',7,0.0005476309433704,325.7523868995987,237.0510813746413,b'ssp245',3.394925256767405,288.83922643967446,297.07930363004897,279.56414069629983,b'2019-05-21/2019-05-27',1558396800
1065,25,17,81.63730720560629,0.00954613628244,b'HadGEM3-GC31-LL',7,0.000158533455947,316.6297764466008,298.1605299114237,b'ssp245',3.8261177013322034,290.0389852555359,298.8519256683995,281.2502642090828,b'2019-05-28/2019-06-03',1559001600
1065,25,17,78.60399127181459,0.0098070368334734,b'HadGEM3-GC31-LL',7,0.0005679308547493,317.3953859221933,317.0883719123639,b'ssp245',3.986637590257679,290.4940027361241,301.38744791420805,280.9893573864709,b'2019-06-04/2019-06-10',1559606400
1065,25,17,84.80530958048062,0.0121632280875141,b'HadGEM3-GC31-LL',7,0.000163284944109,347.4112095871927,279.4993422871407,b'ssp245',3.662237823463964,293.38912081399457,300.9536370683653,283.8352469975374,b'2019-06-11/2019-06-17',1560211200
1065,25,17,92.2713938507137,0.0131674021288994,b'HadGEM3-GC31-LL',7,0.0005836450675709,362.6926117931196,244.4303353981497,b'ssp245',3.763351418169055,293.7161155528361,302.8425579397579,285.0696955409054,b'2019-06-18/2019-06-24',1560816000
1065,25,17,87.42501777491968,0.0157456925120608,b'HadGEM3-GC31-LL',7,0.0001055495651113,379.785720923979,288.58161048411705,b'ssp245',3.729618364504783,297.52438089312824,307.4466448550498,287.3825193407072,b'2019-06-25/2019-07-01',1561420800
1065,25,17,76.6340375638766,0.0122310893307717,b'HadGEM3-GC31-LL',7,0.000349446449123,351.1418139211155,281.3189220908665,b'ssp245',5.016396299058148,294.7280763448562,306.62807502247176,284.698952358895,b'2019-07-02/2019-07-08',1562025600
1065,25,17,91.2845072641319,0.0156192737733997,b'HadGEM3-GC31-LL',7,0.0003806253717607,376.2891865196442,279.2202603127901,b'ssp245',3.589140295519312,296.44074173862685,306.3222552066123,283.8832341220083,b'2019-07-09/2019-07-15',1562630400
1065,25,17,83.49821923389962,0.0157975337895898,b'HadGEM3-GC31-LL',7,0.0002993281463035,376.3036975643821,280.65149985620604,b'ssp245',4.7896345437576295,298.5417288345426,305.71366370624645,288.7670639053452,b'2019-07-16/2019-07-22',1563235200
1065,25,17,81.0609095813113,0.0151545960716597,b'HadGEM3-GC31-LL',7,0.0002082974335034,370.6590542321993,278.09995687410924,b'ssp245',4.271676344693847,298.1547854152828,306.04299100047984,287.2472344558884,b'2019-07-23/2019-07-29',1563840000
1065,25,17,84.15425408299818,0.0135323545585879,b'HadGEM3-GC31-LL',7,0.0002815691780771,366.3758372511388,244.8601143499052,b'ssp245',3.6265056381944514,295.025076426974,304.5985534299176,285.7163198111881,b'2019-07-30/2019-08-05',1564444800
1065,25,17,91.44631847479825,0.0175460799191365,b'HadGEM3-GC31-LL',7,0.0003633942638075,385.5532298477034,239.8895206048049,b'ssp245',2.973592979344442,299.2836587856765,306.37662373184554,290.8158199928798,b'2019-08-06/2019-08-12',1565049600
1065,25,17,76.80871188762357,0.0133161323057674,b'HadGEM3-GC31-LL',7,0.0002294939922039,358.41047494378194,257.90033246774226,b'ssp245',3.5559616574725217,296.3845924418052,306.121290254929,285.5967140773992,b'2019-08-13/2019-08-19',1565654400
1065,25,17,87.00720546647226,0.0150576580580848,b'HadGEM3-GC31-LL',7,6.355208361980253e-05,369.4954774889769,236.1691472680941,b'ssp245',2.2944737712593666,296.9396521763533,304.1672658007911,288.1500891678763,b'2019-08-20/2019-08-26',1566259200
1065,25,17,78.20073453869995,0.0139782929962087,b'HadGEM3-GC31-LL',7,0.0002894626350394,365.7003926076986,222.5400755531992,b'ssp245',4.321443473190013,296.66974907815927,307.2861757460917,285.8448407959722,b'2019-08-27/2019-09-02',1566864000
1065,25,17,74.39557118114679,0.0106951853852874,b'HadGEM3-GC31-LL',7,1.586238904075097e-06,337.8486393892993,236.9937630341801,b'ssp245',2.7895563861960526,292.7728648750306,302.26347890433226,282.3771605093074,b'2019-09-03/2019-09-09',1567468800
1065,25,17,82.10910988649762,0.0133265620752699,b'HadGEM3-GC31-LL',7,0.0002666851354852,361.8141686762344,211.52705658138987,b'ssp245',4.160582552263504,295.78483603275384,305.4267102997348,285.756491485319,b'2019-09-10/2019-09-16',1568073600
1065,25,17,82.76896305602841,0.0102280524087426,b'HadGEM3-GC31-LL',7,0.0004091302549785,352.42942790960404,166.63690785273698,b'ssp245',4.729359367154104,291.14303327639175,299.7536886624339,282.6890901409967,b'2019-09-17/2019-09-23',1568678400
1065,25,17,74.51340099582225,0.0084373321984573,b'HadGEM3-GC31-LL',7,0.0005026985859361,322.61196543353697,194.48526217751905,b'ssp245',3.547452018408788,289.50783558904374,297.4298874469921,281.3193032686323,b'2019-09-24/2019-09-30',1569283200
1065,25,17,78.48567319674348,0.0075150310103942,b'HadGEM3-GC31-LL',7,0.0002509075668153,318.92714662514834,165.02534762335722,b'ssp245',4.622148170006084,287.20809871545714,297.3074811645384,278.0039046211665,b'2019-10-01/2019-10-07',1569888000
1065,25,17,78.64261912572401,0.0078208738787375,b'HadGEM3-GC31-LL',7,0.0002418336711589,316.363313787156,159.07885832739225,b'ssp245',4.658078344618394,287.7789317792207,296.554779513725,278.6259448770789,b'2019-10-08/2019-10-14',1570492800
1065,25,17,75.42948908470393,0.0066284594195583,b'HadGEM3-GC31-LL',7,6.749781159464289e-05,293.363418414462,170.13327358719462,b'ssp245',4.301711474266211,285.4175896840102,295.6529517044114,275.05562057571944,b'2019-10-15/2019-10-21',1571097600
1065,25,17,87.72526100717367,0.0096337440087501,b'HadGEM3-GC31-LL',7,2.4151599070296672e-05,332.465927767215,147.68777413355187,b'ssp245',2.736137949790976,289.8513972897475,297.49683994012776,279.6238857549722,b'2019-10-22/2019-10-28',1571702400
1065,25,17,80.34537149713871,0.0081864460389521,b'HadGEM3-GC31-LL',7,0.0004273571169428,322.44774598160194,122.60119270650692,b'ssp245',5.517005153876073,287.17706516152265,297.29584271910204,274.91231294845164,b'2019-10-29/2019-11-04',1572307200
1065,25,17,72.20669581018545,0.0052030316976125,b'HadGEM3-GC31-LL',7,0.0001310731920268,287.87979092829136,119.22856605517713,b'ssp245',6.850706807624829,282.50523476785173,291.6736981256491,273.52747734507767,b'2019-11-05/2019-11-11',1572912000
1065,25,17,80.61044492846409,0.0056434121899201,b'HadGEM3-GC31-LL',7,0.0005137071129497,299.5690175115316,98.30222892239873,b'ssp245',5.12022286023258,283.02852501867136,288.46079198063194,273.42647670042834,b'2019-11-12/2019-11-18',1573516800
1065,25,17,76.63829900604102,0.0047931392202355,b'HadGEM3-GC31-LL',7,0.0005152417432423,290.91157528225966,91.8125664122824,b'ssp245',7.601882482600579,279.9419432425907,290.7604502575155,271.4024659125106,b'2019-11-19/2019-11-25',1574121600
1065,25,17,68.30864200035009,0.0029650159445988,b'HadGEM3-GC31-LL',7,1.0154117980271231e-05,266.72682243504124,86.72298776480879,b'ssp245',6.146863366559055,275.5067765223964,280.2197138391592,271.2539041294432,b'2019-11-26/2019-12-02',1574726400
1065,25,17,73.67617828035472,0.0037384697269716,b'HadGEM3-GC31-LL',7,0.0003505903278339,272.725054129956,82.3183731591679,b'ssp245',5.974823484213604,276.6185351511571,289.0075374730044,269.0516936733403,b'2019-12-03/2019-12-09',1575331200
1065,25,17,77.83384791190221,0.0040745623699153,b'HadGEM3-GC31-LL',7,0.0001249289016295,267.5832778410403,81.4948239019836,b'ssp245',4.539717175877877,278.16494191641294,283.41142120822315,271.7545610103242,b'2019-12-10/2019-12-16',1575936000
1065,25,17,76.69928641244499,0.003853822783573,b'HadGEM3-GC31-LL',7,0.0002631611725485,282.10399603209135,71.21943513137317,b'ssp245',6.0637445770533125,278.0579140917926,283.7160224415144,270.4540991960816,b'2019-12-17/2019-12-23',1576540800
1065,25,17,73.90497370744467,0.0037457352982322,b'HadGEM3-GC31-LL',7,0.0,270.059195331765,81.50262611091709,b'ssp245',5.94264741500253,277.7054028687349,284.0333541762552,271.14181951885854,b'2019-12-24/2019-12-30',1577145600
1065,25,17,65.06452091366863,0.0025417628315392,b'HadGEM3-GC31-LL',1,0.0,233.33511630670063,95.93306548549808,b'ssp245',6.349493005604662,275.6560450128438,279.0536683112353,272.25842257496805,b'2019-12-31/2020-01-06',1577750400
2801,25,19,69.19272778418757,0.0028294316713287,b'HadGEM3-GC31-LL',5,0.0002557198550673,287.07382851877526,65.22413839524793,b'ssp245',8.908224370402674,274.7770453340264,282.2406921386719,270.8035645843834,b'2014-12-30/2015-01-05',1419897600
2801,25,19,79.37151431597873,0.0029029081167492,b'HadGEM3-GC31-LL',7,0.0004927586769553,274.61236248807427,73.91682872391334,b'ssp245',11.818313033899404,272.71616781911547,284.01192712271086,256.7178397229923,b'2015-01-06/2015-01-12',1420502400
2801,25,19,73.87396529706027,0.0025081886370206,b'HadGEM3-GC31-LL',7,4.682004982340405e-05,262.34348542056694,97.32135905135428,b'ssp245',6.9257785394993805,272.0125919933876,280.5277913411458,256.52339024697585,b'2015-01-13/2015-01-19',1421107200
2801,25,19,76.22468832927181,0.0023530624395939,b'HadGEM3-GC31-LL',7,0.0001774586566053,272.3441639327417,82.56582016952211,b'ssp245',8.318984340046592,271.0761328725039,278.2553359821279,264.82680355605265,b'2015-01-20/2015-01-26',1421712000
2801,25,19,67.50897476969776,0.0021510291347471,b'HadGEM3-GC31-LL',7,1.2812672516537124e-05,245.386468515235,125.30897050848756,b'ssp245',7.230767077930879,271.10628016130534,279.76412963867193,264.0320063765331,b'2015-01-27/2015-02-02',1422316800
2801,25,19,74.88790336878436,0.0033692934993116,b'HadGEM3-GC31-LL',7,0.0004460585500814,274.9573510282783,114.06275334043256,b'ssp245',8.388287546447895,275.6688426965576,283.9648083102319,265.6328978179604,b'2015-02-03/2015-02-09',1422921600
2801,25,19,64.65776439965596,0.0028967248413928,b'HadGEM3-GC31-LL',7,5.169308902593678e-06,255.0164916335896,148.41949866041426,b'ssp245',7.434063403104674,275.41083888743884,280.6854966686618,268.22955912928427,b'2015-02-10/2015-02-16',1423526400
2801,25,19,69.09286657236689,0.0030250330911605,b'HadGEM3-GC31-LL',7,5.705831088523145e-05,247.08277717273907,154.4358332175447,b'ssp245',8.272232643104003,275.2480738298501,283.05921493038056,265.6155523484753,b'2015-02-17/2015-02-23',1424131200
2801,25,19,69.33949899160734,0.0021657507178858,b'HadGEM3-GC31-LL',7,3.104978600674101e-06,234.4054213610296,168.27356864120551,b'ssp245',9.92376926307854,271.82651385001145,281.56329411332325,260.3555675219464,b'2015-02-24/2015-03-02',1424736000
2801,25,19,77.98468510969077,0.0035441341246985,b'HadGEM3-GC31-LL',7,0.0004755433818977,278.9719825428203,138.83781604210168,b'ssp245',9.58390871464016,275.62545101323985,284.9069463258149,267.67491756972447,b'2015-03-03/2015-03-09',1425340800
2801,25,19,81.6060153650615,0.0038735273096726,b'HadGEM3-GC31-LL',7,0.0008895490864623,285.74174787811427,132.11168337820496,b'ssp245',10.683623957377607,276.33115997548845,283.21536648658014,269.479001609228,b'2015-03-10/2015-03-16',1425945600
2801,25,19,78.94602490496892,0.0044056199438806,b'HadGEM3-GC31-LL',7,6.64906327814464e-05,286.32653250745545,184.40972105808524,b'ssp245',6.482627528786843,279.32526656706034,284.3310018559938,273.56522525254115,b'2015-03-17/2015-03-23',1426550400
2801,25,19,79.7323561813425,0.0052786857589289,b'HadGEM3-GC31-LL',7,0.0002783157990677,291.4048522855463,180.65469845538863,b'ssp245',8.15059199823945,280.62017367549026,291.9917372836862,267.0960713048135,b'2015-03-24/2015-03-30',1427155200
2801,25,19,83.3121821085612,0.0059669121324488,b'HadGEM3-GC31-LL',7,0.0004471791684346,306.0849905409572,187.5202037383517,b'ssp245',6.81587651431469,282.510505453599,291.29297957881806,274.80498709729926,b'2015-03-31/2015-04-06',1427760000
2801,25,19,86.99629097746632,0.0062173229181557,b'HadGEM3-GC31-LL',7,0.001234778802515,311.62694539013,155.8205325804914,b'ssp245',13.289640466189054,282.7724854546941,290.700911655221,275.4832392866893,b'2015-04-07/2015-04-13',1428364800
2801,25,19,77.07112629036384,0.005618587761442,b'HadGEM3-GC31-LL',7,0.0001375419658733,280.0137112290812,229.03591862691715,b'ssp245',7.055713182587046,283.17925589425226,289.8903444351689,276.17994837607114,b'2015-04-14/2015-04-20',1428969600
2801,25,19,90.68804993753976,0.0083990024349804,b'HadGEM3-GC31-LL',7,0.0001564684399749,317.155262843072,222.6490628056446,b'ssp245',5.453844677651167,286.8344275596138,292.0216891381049,280.4565626575101,b'2015-04-21/2015-04-27',1429574400
2801,25,19,82.31549836377029,0.0077051579874987,b'HadGEM3-GC31-LL',7,1.3316870473728717e-08,291.004634077831,273.98421132546235,b'ssp245',3.5084202897530368,287.0253300586238,292.2153031544019,281.55645883211525,b'2015-04-28/2015-05-04',1430179200
2801,25,19,74.90721851120348,0.0074082691624428,b'HadGEM3-GC31-LL',7,0.0002104536624883,301.053210514848,266.9285529586394,b'ssp245',5.659925604379306,287.40942537509903,294.9805370043684,279.221910702285,b'2015-05-05/2015-05-11',1430784000
2801,25,19,81.9944062709076,0.0091153763795411,b'HadGEM3-GC31-LL',7,0.000254132189414,322.0668994065621,272.18238495388704,b'ssp245',6.428803156414706,289.3953866797475,296.2569708055066,282.754637687437,b'2015-05-12/2015-05-18',1431388800
2801,25,19,91.34722744521277,0.0111741148716499,b'HadGEM3-GC31-LL',7,0.0002473729233139,338.8077442268806,270.0685800297469,b'ssp245',5.360222017343875,291.1086265458489,297.04013947517643,284.1341661022555,b'2015-05-19/2015-05-25',1431993600
2801,25,19,88.24901345248597,0.0120295809679156,b'HadGEM3-GC31-LL',7,0.0003205344883783,329.5529348722069,301.5638412499025,b'ssp245',5.835445307000625,293.0731169763615,298.9437879336777,287.1783952610467,b'2015-05-26/2015-06-01',1432598400
2801,25,19,88.93020966232464,0.0130337836083521,b'HadGEM3-GC31-LL',7,8.736120672702166e-05,348.8956666820427,273.60016284010925,b'ssp245',5.198222932361422,294.0753505255587,300.0788712040071,288.08799760059645,b'2015-06-02/2015-06-08',1433203200
2801,25,19,92.13441324307256,0.0142344939443761,b'HadGEM3-GC31-LL',7,0.000369492213062,365.0247214415473,266.7467948808099,b'ssp245',5.622957861368557,295.0585542787239,300.5238102738575,288.1940461845808,b'2015-06-09/2015-06-15',1433808000
2801,25,19,82.12688199935421,0.0135465396436563,b'HadGEM3-GC31-LL',7,0.0005606778628361,345.34697187807524,311.5262173185334,b'ssp245',4.6425965286436535,295.8175464167207,301.0589409284694,287.2738348848076,b'2015-06-16/2015-06-22',1434412800
2801,25,19,77.35803854337304,0.0136353183557749,b'HadGEM3-GC31-LL',7,0.0002535262528419,346.45434715634303,307.4526524931971,b'ssp245',5.476049746785845,296.56534080681166,300.99218782814603,291.45809083343835,b'2015-06-23/2015-06-29',1435017600
2801,25,19,87.8491701632967,0.0161493367425375,b'HadGEM3-GC31-LL',7,2.88082267552552e-05,362.5222917547973,311.5872514903454,b'ssp245',4.426995893411006,297.89540018061155,302.5078466271841,293.0426691527008,b'2015-06-30/2015-07-06',1435622400
2801,25,19,87.03387462891375,0.0166074189410391,b'HadGEM3-GC31-LL',7,0.0004216470178112,379.8162050027452,279.585202476396,b'ssp245',7.019012361078219,298.7476585845244,303.4211530787971,293.22580907678093,b'2015-07-07/2015-07-13',1436227200
2801,25,19,89.37175533921672,0.0182732785858797,b'HadGEM3-GC31-LL',7,0.0001676963751297,383.70753054758006,293.34126579413584,b'ssp245',6.286452550858764,299.2041692074544,304.0455876832368,292.5502181514617,b'2015-07-14/2015-07-20',1436832000
2801,25,19,81.48264285789291,0.0159590235366249,b'HadGEM3-GC31-LL',7,0.0001625312278766,372.4759940104917,278.97637655841226,b'ssp245',4.577283913821852,299.21133643178166,302.6676612771968,292.773424046014,b'2015-07-21/2015-07-27',1437436800
2801,25,19,80.41035223519931,0.015730989817959,b'HadGEM3-GC31-LL',7,0.0001695977390979,374.760499312581,273.1939757035076,b'ssp245',4.963216717891429,299.5528728057346,303.33324276503697,293.85657132056457,b'2015-07-28/2015-08-03',1438041600
2801,25,19,92.04771024876842,0.0183617183094566,b'HadGEM3-GC31-LL',7,0.0004747103103291,393.2863104332428,233.18384637554303,b'ssp245',7.491948751443725,299.7300411757603,303.5203581779234,295.39248558782765,b'2015-08-04/2015-08-10',1438646400
2801,25,19,83.66158839634487,0.0164458151368821,b'HadGEM3-GC31-LL',7,7.614302943869506e-05,375.78731831024686,259.3909270583943,b'ssp245',4.560288846034974,299.56518310921905,303.23769747826367,294.278565109417,b'2015-08-11/2015-08-17',1439251200
2801,25,19,90.91373818627518,0.0180720399361326,b'HadGEM3-GC31-LL',7,0.0002467995129894,391.4826861731652,232.9007762903076,b'ssp245',4.161047101936399,299.5751628260459,303.8776058073967,294.358881468414,b'2015-08-18/2015-08-24',1439856000
2801,25,19,87.00004145187167,0.0170386967001719,b'HadGEM3-GC31-LL',7,0.000219752414608,389.1974957491029,217.6956918367776,b'ssp245',5.953230518716089,299.13648159419705,304.51252369214126,290.41716708931875,b'2015-08-25/2015-08-31',1440460800
2801,25,19,80.14688235750214,0.0134653228244954,b'HadGEM3-GC31-LL',7,0.0005623087005237,366.15813379243775,213.8706784812353,b'ssp245',7.130302268788562,296.3394338956444,302.451660812542,288.4359636204217,b'2015-09-01/2015-09-07',1441065600
2801,25,19,79.6601813648886,0.0128758431851474,b'HadGEM3-GC31-LL',7,7.044746930953425e-05,361.1582935995404,218.80361966603363,b'ssp245',5.729176598942957,295.5226188694827,302.3775598669565,288.3248481340306,b'2015-09-08/2015-09-14',1441670400
2801,25,19,84.59647729173419,0.013616521625326,b'HadGEM3-GC31-LL',7,6.834901860409895e-06,364.37036489085307,208.37996393487933,b'ssp245',2.919279469689283,296.5904790875366,300.43853464434227,292.3864066831528,b'2015-09-15/2015-09-21',1442275200
2801,25,19,76.36854124288956,0.0102282429025286,b'HadGEM3-GC31-LL',7,0.0004448108519095,345.07512968329974,193.59463854905465,b'ssp245',6.0314127618816045,292.7052857007849,300.5584247548093,285.48691124044444,b'2015-09-22/2015-09-28',1442880000
2801,25,19,78.84551067908971,0.0095646698142296,b'HadGEM3-GC31-LL',7,0.0003311753150707,343.7793846306164,159.81013237972232,b'ssp245',6.49398200486296,290.91090423537105,298.02884042391213,281.9565616730721,b'2015-09-29/2015-10-05',1443484800
2801,25,19,77.87216644755891,0.0091941390700134,b'HadGEM3-GC31-LL',7,2.778644554956417e-05,332.89324008924075,171.89667022283177,b'ssp245',5.269299996064007,291.0989862726215,296.75059853830646,280.7381867439516,b'2015-10-06/2015-10-12',1444089600
2801,25,19,79.62431282711468,0.0086533465313963,b'HadGEM3-GC31-LL',7,8.645836800896036e-05,339.9954748666415,138.1852523288053,b'ssp245',7.658774780238279,289.5777890253726,296.1444613549017,281.578346826697,b'2015-10-13/2015-10-19',1444694400
2801,25,19,76.81779070969917,0.0072822876799616,b'HadGEM3-GC31-LL',7,6.245474688385197e-05,318.2460988128241,145.4157940795711,b'ssp245',6.988553750350179,287.71997684414305,294.494125530284,279.58329756541923,b'2015-10-20/2015-10-26',1445299200
2801,25,19,70.27939663138442,0.0062613444196806,b'HadGEM3-GC31-LL',7,0.0001412546813455,314.6158020675824,123.6456513998146,b'ssp245',7.331058373282766,286.0084979969968,292.9575582524782,276.1317821215558,b'2015-10-27/2015-11-02',1445904000
2801,25,19,63.96874220653247,0.0044998869885719,b'HadGEM3-GC31-LL',7,2.9849810717160026e-05,296.059323499829,113.04358226582752,b'ssp245',6.098538591381959,282.4117514614685,290.3793600759199,276.53740700342325,b'2015-11-03/2015-11-09',1446508800
2801,25,19,81.34855241672967,0.0058940316896639,b'HadGEM3-GC31-LL',7,0.0003332696752162,317.396228092973,93.40447752523347,b'ssp245',6.821175354783255,283.11829593031456,289.27185550812754,274.4108529039609,b'2015-11-10/2015-11-16',1447113600
2801,25,19,65.18648260676183,0.0041948761633623,b'HadGEM3-GC31-LL',7,0.0001425323059891,289.8331914336268,96.22692990632652,b'ssp245',5.79715301254378,280.4192652548513,289.3106354744204,273.46255263461865,b'2015-11-17/2015-11-23',1447718400
2801,25,19,81.08500344412667,0.006053471146652,b'HadGEM3-GC31-LL',7,0.0005917844220568,325.05195226244484,85.47790165797174,b'ssp245',7.965174488574497,282.7016336701799,291.0129834246892,272.6029157741096,b'2015-11-24/2015-11-30',1448323200
2801,25,19,77.0271686723888,0.0044854495977659,b'HadGEM3-GC31-LL',7,0.0001621159332829,290.0939658028739,83.50815914523217,b'ssp245',8.829111724405246,279.4198141962336,287.74388828072495,271.75676932386176,b'2015-12-01/2015-12-07',1448928000
2801,25,19,79.8166716497981,0.004473241516024,b'HadGEM3-GC31-LL',7,0.0005802351251755,296.76998774796584,72.88021253477412,b'ssp245',8.763401861381238,279.3754516226539,286.16133593487484,273.84142442928845,b'2015-12-08/2015-12-14',1449532800
2801,25,19,80.21942799651677,0.0051259885029938,b'HadGEM3-GC31-LL',7,9.802581075012812e-05,298.6309080109252,77.79885742960987,b'ssp245',9.653625395990188,281.3006446475075,288.79292838804184,274.8078239194809,b'2015-12-15/2015-12-21',1450137600
2801,25,19,69.09463775212863,0.0030937856563957,b'HadGEM3-GC31-LL',7,0.0002297604886928,262.0619585122198,88.29171170470536,b'ssp245',8.797751197434058,275.38063501689106,287.1295986380628,266.6792215326781,b'2015-12-22/2015-12-28',1450742400
2801,25,19,67.86004928729503,0.0033920585544787,b'HadGEM3-GC31-LL',7,0.0004841618868434,262.37490579865863,94.94921215192146,b'ssp245',6.961751465423865,276.97315639138407,285.5186659289945,271.047351139848,b'2015-12-29/2016-01-04',1451347200
2801,25,19,78.20060574111119,0.0032478548466912,b'HadGEM3-GC31-LL',7,0.0002867575002816,285.17089592952703,75.27987874231765,b'ssp245',7.203089956131216,274.7463801277032,282.21459862493697,267.12678773941536,b'2016-01-05/2016-01-11',1451952000
2801,25,19,79.27128135810067,0.0028184719248524,b'HadGEM3-GC31-LL',7,0.0005743927538416,276.8035117997552,77.32103266913771,b'ssp245',11.99561311718872,272.49035822667656,285.05285742975053,259.9787945491012,b'2016-01-12/2016-01-18',1452556800
2801,25,19,82.76664276826217,0.0046427887771421,b'HadGEM3-GC31-LL',7,0.0019749425110963,299.83029088080383,83.51408336422594,b'ssp245',10.674603449034802,279.7473510648432,286.67704953429524,274.44912850984963,b'2016-01-19/2016-01-25',1453161600
2801,25,19,68.93383814259425,0.0035495432397742,b'HadGEM3-GC31-LL',7,0.000505519395426,293.77150528258807,95.05792757259904,b'ssp245',11.548310315004692,277.5211298835626,287.4382740964172,271.4072928479923,b'2016-01-26/2016-02-01',1453766400
2801,25,19,65.97738593551237,0.0022191420491117,b'HadGEM3-GC31-LL',7,6.190906094371879e-06,245.5584740470265,124.32281948857228,b'ssp245',8.120384255861907,271.8773052256594,280.6641061434182,262.222420969317,b'2016-02-02/2016-02-08',1454371200
2801,25,19,79.95991323913482,0.0033547560008064,b'HadGEM3-GC31-LL',7,0.0003549991373311,276.3808280839349,117.56135777064732,b'ssp245',8.824483657579085,274.9450181530368,283.090085921749,264.16641333795366,b'2016-02-09/2016-02-15',1454976000
2801,25,19,72.9426488334316,0.0028943889495414,b'HadGEM3-GC31-LL',7,0.0002426938352571,271.56446226621006,131.85664543468283,b'ssp245',8.85515659086166,273.5203624906994,283.0481938187794,266.56228473622315,b'2016-02-16/2016-02-22',1455580800
2801,25,19,77.91996622158818,0.0022803931075009,b'HadGEM3-GC31-LL',7,3.2943660925098734e-05,245.7120414065876,152.4765899939471,b'ssp245',12.070427155531316,270.42056025960665,282.2350014307166,258.4794088384157,b'2016-02-23/2016-02-29',1456185600
2801,25,19,78.45013918781429,0.0034029215170833,b'HadGEM3-GC31-LL',7,0.000357211161625,278.93560519123224,144.75128166796426,b'ssp245',8.229168021001392,275.02968661869363,285.7227989935106,264.3848476615003,b'2016-03-01/2016-03-07',1456790400
2801,25,19,82.56143443961663,0.0046361366300464,b'HadGEM3-GC31-LL',7,0.0010487563454679,294.1662088326778,149.09310422038885,b'ssp245',8.138618237778156,279.1462619388891,288.4331953807544,268.45136121524274,b'2016-03-08/2016-03-14',1457395200
2801,25,19,80.7149910758351,0.0049437023863802,b'HadGEM3-GC31-LL',7,0.0001756174252414,282.16123460807745,188.04831324048493,b'ssp245',9.145102119299308,280.70742727534565,288.1144241825227,272.45529043546287,b'2016-03-15/2016-03-21',1458000000
2801,25,19,83.34825770646196,0.0051580486889246,b'HadGEM3-GC31-LL',7,0.0001779858226381,282.9391315184797,196.2021741969611,b'ssp245',5.879029984847741,280.9804266535558,288.30916505218835,272.36344762002267,b'2016-03-22/2016-03-28',1458604800
2801,25,19,78.37784714706117,0.0047054033384539,b'HadGEM3-GC31-LL',7,0.0002387187556341,286.74927929762504,192.15686930526056,b'ssp245',8.886898913141769,279.6326659593714,288.71851471931706,270.0335811491936,b'2016-03-29/2016-04-04',1459209600
2801,25,19,77.83494913596346,0.0053396891636599,b'HadGEM3-GC31-LL',7,9.352652092099064e-06,267.45851782170314,241.77476895240048,b'ssp245',6.855334009443012,282.5028962634859,289.8651589014197,277.3364582677042,b'2016-04-05/2016-04-11',1459814400
2801,25,19,86.48915489185059,0.0072002797566365,b'HadGEM3-GC31-LL',7,0.0004315538640673,311.5023250081755,226.4694632487729,b'ssp245',8.61899340317546,284.9602473620812,291.869863858787,271.775625577537,b'2016-04-12/2016-04-18',1460419200
2801,25,19,90.69396224952148,0.0079602063304462,b'HadGEM3-GC31-LL',7,0.0001009313817033,318.8865055019772,223.29488282562585,b'ssp245',5.564937486443469,285.46307269915275,292.6587547384283,274.630606374433,b'2016-04-19/2016-04-25',1461024000
2801,25,19,91.2168460031442,0.0084677730485247,b'HadGEM3-GC31-LL',7,0.0001393573554568,319.02457705730666,233.8722856700329,b'ssp245',4.333183706447643,286.5896840366534,291.6284452048681,281.35620806294105,b'2016-04-26/2016-05-02',1461628800
2801,25,19,84.29032797161518,0.0089734396088965,b'HadGEM3-GC31-LL',7,0.0001875258708693,308.77970944827973,264.0655202557964,b'ssp245',6.460703678394792,288.9948810161351,296.76442923597114,282.9009547079763,b'2016-05-03/2016-05-09',1462233600
2801,25,19,80.47453861851845,0.0088823737123102,b'HadGEM3-GC31-LL',7,0.0001358833504042,313.1614881477414,273.49925747591595,b'ssp245',6.063468527317781,289.7334378618982,296.26373422274025,282.636961906187,b'2016-05-10/2016-05-16',1462838400
2801,25,19,86.29504150765649,0.0109633865441479,b'HadGEM3-GC31-LL',7,0.0001942605206057,337.05435297859066,262.878163561843,b'ssp245',6.921607844108078,291.5389321791596,298.5189169606855,281.59427208028814,b'2016-05-17/2016-05-23',1463443200
2801,25,19,81.42413960001252,0.0103103135263235,b'HadGEM3-GC31-LL',7,6.344428191011983e-05,321.8566331526468,302.334460421092,b'ssp245',4.9643658460010585,291.70088207520286,297.68723813949094,282.08162730227235,b'2016-05-24/2016-05-30',1464048000
2801,25,19,86.69291607319118,0.0124813304933648,b'HadGEM3-GC31-LL',7,0.0002611557446258,340.12625365835913,284.29157919231835,b'ssp245',4.975878421062698,293.6145971154655,300.1144071189306,286.88291324082246,b'2016-05-31/2016-06-06',1464652800
2801,25,19,91.55400618686473,0.0135805514067433,b'HadGEM3-GC31-LL',7,0.0007747109528315,359.34912160940803,258.1098026914348,b'ssp245',5.741320084866291,294.0479891494306,300.89121631909444,284.6540914556032,b'2016-06-07/2016-06-13',1465257600
2801,25,19,89.31703557543308,0.0146588123276165,b'HadGEM3-GC31-LL',7,0.0001797735187493,357.6226468650244,276.44207219887073,b'ssp245',3.991523484846781,295.82134906634025,301.9102937431746,289.3274076728411,b'2016-06-14/2016-06-20',1465862400
2801,25,19,80.39576906359507,0.0135238851504986,b'HadGEM3-GC31-LL',7,0.0004146842213635,348.7462609638267,311.88346258066764,b'ssp245',6.059135530035251,295.5280989545832,301.72253024193554,288.75935773952034,b'2016-06-21/2016-06-27',1466467200
2801,25,19,85.50479952201317,0.0160217578630156,b'HadGEM3-GC31-LL',7,2.3886995741024725e-08,361.3239060737388,320.4113078080747,b'ssp245',4.966045276726812,298.3509546798496,303.7479848554058,290.8447951450143,b'2016-06-28/2016-07-04',1467072000
2801,25,19,84.66071636592554,0.0161897132427827,b'HadGEM3-GC31-LL',7,0.0001572930267102,374.2387338102139,295.1912236601893,b'ssp245',4.663127803216516,298.3212300430978,304.10168949250254,288.2359806183846,b'2016-07-05/2016-07-11',1467676800
2801,25,19,77.60451057539558,0.0143821562272703,b'HadGEM3-GC31-LL',7,0.0002610032950349,358.52979120351205,312.9641664566533,b'ssp245',5.373251619060651,298.0431278539327,302.1070061140163,290.34516299668184,b'2016-07-12/2016-07-18',1468281600
2801,25,19,84.20079871439897,0.01585691583453,b'HadGEM3-GC31-LL',7,0.0003159001161395,373.1616164059501,271.4591651834468,b'ssp245',4.804402017373644,298.4272884245842,302.25621114751345,292.92776259555615,b'2016-07-19/2016-07-25',1468886400
2801,25,19,81.75127446047172,0.015468177620247,b'HadGEM3-GC31-LL',7,7.829419666415894e-05,368.37680156842544,296.40889129404286,b'ssp245',4.737834037174278,298.3941697268625,302.7498405210433,292.53571147303427,b'2016-07-26/2016-08-01',1469491200
2801,25,19,80.6592281945107,0.0148111117199726,b'HadGEM3-GC31-LL',7,9.37456227598466e-05,361.50164251137073,292.4385926324285,b'ssp245',5.365107217325777,298.00559432678693,302.7139190345682,292.6190326649655,b'2016-08-02/2016-08-08',1470096000
2801,25,19,86.53530929495113,0.0163842757803297,b'HadGEM3-GC31-LL',7,0.0003335324746008,379.1611941758023,240.97283614432573,b'ssp245',4.908400999236217,298.40362895725326,302.71508592174905,292.4984501664357,b'2016-08-09/2016-08-15',1470700800
2801,25,19,78.51744696035546,0.0138473074207977,b'HadGEM3-GC31-LL',7,9.926017383970973e-05,371.25421817621327,243.62283402544017,b'ssp245',6.126109714332265,297.1299627863683,302.87099629063766,290.7074890136719,b'2016-08-16/2016-08-22',1471305600
2801,25,19,71.98666600404614,0.011178565308875,b'HadGEM3-GC31-LL',7,0.0001697025641274,349.96205202445464,238.580064905404,b'ssp245',5.21418796999297,294.9726620628721,300.5707751858619,289.59035040742606,b'2016-08-23/2016-08-29',1471910400
2801,25,19,76.69899168468658,0.0113305494421019,b'HadGEM3-GC31-LL',7,0.00050119849274,364.5542871150004,184.0752334477532,b'ssp245',5.581652058617494,293.9733073854227,298.72559578188003,289.63573759345604,b'2016-08-30/2016-09-05',1472515200
2801,25,19,82.7480184434929,0.012771641166048,b'HadGEM3-GC31-LL',7,0.0005837732900506,359.46002647294426,224.43420665641355,b'ssp245',5.440626851241526,294.6955108408188,299.8694608954973,286.6941964754494,b'2016-09-06/2016-09-12',1473120000
2801,25,19,79.48437710951,0.0116682218261829,b'HadGEM3-GC31-LL',7,0.000695703180598,361.9557076496646,188.13222994709164,b'ssp245',5.491744516082624,293.9295516944335,299.9840484947287,287.5284105526504,b'2016-09-13/2016-09-19',1473724800
2801,25,19,83.77407780660462,0.0108928916426503,b'HadGEM3-GC31-LL',7,0.0003298621716674,361.5375699982299,171.25901149861093,b'ssp245',7.840883806553854,292.14180248160886,298.52600458616854,286.6473053962954,b'2016-09-20/2016-09-26',1474329600
2801,25,19,73.84295026131672,0.0092091200638636,b'HadGEM3-GC31-LL',7,0.0003583023701841,351.57027387252793,162.76981547131518,b'ssp245',6.166296816458167,291.9070906631774,297.79853804393485,286.7714558262979,b'2016-09-27/2016-10-03',1474934400
2801,25,19,83.6612788257511,0.0107660490015203,b'HadGEM3-GC31-LL',7,8.956948652126733e-05,343.5283743159562,176.74520421650735,b'ssp245',4.256112200873239,292.6955803140151,296.7535623529906,287.57240279002855,b'2016-10-04/2016-10-10',1475539200
2801,25,19,84.85996011947891,0.0101816574592263,b'HadGEM3-GC31-LL',7,0.0002811905538194,353.88934241791475,155.8309887301537,b'ssp245',5.279872708972515,291.326160202378,297.35269394741266,282.5748691353747,b'2016-10-11/2016-10-17',1476144000
2801,25,19,69.00823101506622,0.0071805995930495,b'HadGEM3-GC31-LL',7,8.359350024591706e-05,324.02005384594617,146.9359820200368,b'ssp245',8.554573697062315,288.63898877028134,296.6883712276336,281.8695649177797,b'2016-10-18/2016-10-24',1476748800
2801,25,19,72.31896168112573,0.006541521666849,b'HadGEM3-GC31-LL',7,0.0001325040004748,319.8558235227055,131.89667480515627,b'ssp245',7.349305724951163,286.47127461470035,293.0042990407636,279.9903744933426,b'2016-10-25/2016-10-31',1477353600
2801,25,19,76.36280912408083,0.0064792513629899,b'HadGEM3-GC31-LL',7,0.0006689413040836,329.9278888380107,108.9411342404039,b'ssp245',9.338877587091355,285.3894266576811,294.118159796602,279.13767628003194,b'2016-11-01/2016-11-07',1477958400
2801,25,19,77.24734645907964,0.0063361491222569,b'HadGEM3-GC31-LL',7,0.0001505574302716,317.611819125174,110.08070384082706,b'ssp245',5.868184042050176,285.15394144600253,291.9481982159358,278.3209481188046,b'2016-11-08/2016-11-14',1478563200
2801,25,19,75.92999090613675,0.0054787001357958,b'HadGEM3-GC31-LL',7,0.0007956487615271,322.24849320043984,80.97253656460576,b'ssp245',10.506906490355226,282.9417935560376,291.9462427939139,276.85206751669614,b'2016-11-15/2016-11-21',1479168000
2801,25,19,76.2998256068076,0.0046364159302531,b'HadGEM3-GC31-LL',7,0.0005342060709051,309.21061469809075,84.71016916957686,b'ssp245',8.737491612427064,279.8245321294313,290.004393546812,271.5770184916835,b'2016-11-22/2016-11-28',1479772800
2801,25,19,76.96643271497501,0.0044162736890176,b'HadGEM3-GC31-LL',7,8.285826535153094e-06,294.3491761988393,94.44088726365987,b'ssp245',6.135544878363427,279.5736007573235,287.0792797457788,272.35074344758067,b'2016-11-29/2016-12-05',1480377600
2801,25,19,71.52811513921266,0.0041535282182076,b'HadGEM3-GC31-LL',7,0.0002459083234332,282.0548057731945,84.46748375489781,b'ssp245',8.677020354937481,279.2577201034616,287.49553951140376,269.6504798807124,b'2016-12-06/2016-12-12',1480982400
2801,25,19,66.99210855158795,0.0028117947504295,b'HadGEM3-GC31-LL',7,0.0001881733865157,265.03203541745427,79.51611196280625,b'ssp245',9.287630988339307,274.8800958730109,280.65209698420705,269.4277770339802,b'2016-12-13/2016-12-19',1481587200
2801,25,19,70.07764654555079,0.0032113354718212,b'HadGEM3-GC31-LL',7,9.259158139352085e-05,270.0628211143013,78.96759854154104,b'ssp245',8.227474751377253,276.2872984808528,282.87164897303427,271.5909167874244,b'2016-12-20/2016-12-26',1482192000
2801,25,19,77.17950510942076,0.0029269497996816,b'HadGEM3-GC31-LL',7,0.0003455294084217,270.7313107257615,79.76488500732798,b'ssp245',12.767734044890984,273.1330310921149,283.2085197202621,266.9432012086274,b'2016-12-27/2017-01-02',1482796800
2801,25,19,76.62028626472718,0.0033272071348104,b'HadGEM3-GC31-LL',7,0.0012322898054242,279.0862064625261,78.71948100674537,b'ssp245',9.951545562246062,274.57080968807,285.73873113816785,265.7875412151378,b'2017-01-03/2017-01-09',1483401600
2801,25,19,76.32608700238066,0.0034014378959017,b'HadGEM3-GC31-LL',7,0.0001983937138276,282.8311338175644,82.99021812591319,b'ssp245',8.684861512777443,275.81323303128903,283.6592627084384,268.3861782935358,b'2017-01-10/2017-01-16',1484006400
2801,25,19,75.34632496167255,0.0019488911955944,b'HadGEM3-GC31-LL',7,5.045737605796212e-05,250.08509599301857,90.35508351831392,b'ssp245',9.449196386996505,268.85173665177075,280.08826372700355,260.7753512474799,b'2017-01-17/2017-01-23',1484611200
2801,25,19,76.93128455143005,0.0033035741769529,b'HadGEM3-GC31-LL',7,0.0002994666172448,276.89583715389034,100.81732553344354,b'ssp245',8.644861578758228,275.07882221649686,283.7229647072413,264.78989992859545,b'2017-01-24/2017-01-30',1485216000
2801,25,19,68.8988356993129,0.0026293763035719,b'HadGEM3-GC31-LL',7,0.0001240285644412,264.19549558202976,109.91726596088088,b'ssp245',7.529663044186782,273.4143996465774,282.05667672106017,264.60525545509915,b'2017-01-31/2017-02-06',1485820800
2801,25,19,87.15828614593836,0.0021290620781778,b'HadGEM3-GC31-LL',7,0.0004187812817748,249.4971858198925,119.38423745057185,b'ssp245',14.115239396805771,267.9327707129506,284.4759367255755,259.5083956154444,b'2017-02-07/2017-02-13',1486425600
2801,25,19,67.90054232220862,0.0022966788066679,b'HadGEM3-GC31-LL',7,1.3031791357534726e-05,265.8345131822812,126.92512893090785,b'ssp245',8.920095098000335,272.44426913634976,278.921858920846,266.2780187463248,b'2017-02-14/2017-02-20',1487030400
2801,25,19,70.30376312443373,0.003370514206056,b'HadGEM3-GC31-LL',7,0.0003046610118127,276.8936968215966,138.3025576449393,b'ssp245',9.428282652765558,276.5525639734693,285.1172839749244,270.25348228536626,b'2017-02-21/2017-02-27',1487635200
2801,25,19,72.34640334168887,0.0036503430699125,b'HadGEM3-GC31-LL',7,0.0002638133496866,259.06995505524856,161.28342912383894,b'ssp245',8.386799102188439,277.27652272870466,285.63405945480514,270.7300520045783,b'2017-02-28/2017-03-06',1488240000
2801,25,19,75.60015079832297,0.0026804869168347,b'HadGEM3-GC31-LL',7,0.0006885541069393,266.6387342696183,138.33452785509522,b'ssp245',11.018449081620131,272.88120519400746,280.7803065802462,262.36563471312166,b'2017-03-07/2017-03-13',1488844800
2801,25,19,80.45545489520705,0.004124185850074,b'HadGEM3-GC31-LL',7,0.0007582992676355,285.880860593828,152.6970729798582,b'ssp245',11.050808180312409,277.9273798835626,283.00989064862654,271.52220498361896,b'2017-03-14/2017-03-20',1489449600
2801,25,19,74.74115922520605,0.0035287819208344,b'HadGEM3-GC31-LL',7,0.0002762115163467,275.3825136996268,170.61324818929037,b'ssp245',8.558267485710884,276.34980382494484,284.4267873456401,267.2075845041583,b'2017-03-21/2017-03-27',1490054400
2801,25,19,82.05181164016372,0.0050315663337237,b'HadGEM3-GC31-LL',7,0.0004912697334288,302.4559236634895,169.63350035261632,b'ssp245',9.326996831117505,280.2430277881535,288.0809677288097,274.54617014238914,b'2017-03-28/2017-04-03',1490659200
2801,25,19,74.73424503074446,0.0043726767897576,b'HadGEM3-GC31-LL',7,0.0002407020430415,286.5713081887241,181.1498432071528,b'ssp245',7.31648601218486,278.70117567211804,287.2360980946531,272.6262653309812,b'2017-04-04/2017-04-10',1491264000
2801,25,19,89.94716032529207,0.0069025825836427,b'HadGEM3-GC31-LL',7,0.000197128570452,307.7476818828905,207.8058545043758,b'ssp245',5.750328621373565,283.64808160222253,289.92517516433554,274.52818380376345,b'2017-04-11/2017-04-17',1491868800
2801,25,19,76.80291046048822,0.0057399528553156,b'HadGEM3-GC31-LL',7,4.537588392116549e-05,289.90425576299384,232.8916287283012,b'ssp245',5.195706168261175,283.66341281779535,289.3080834829679,278.573480749643,b'2017-04-18/2017-04-24',1492473600
2801,25,19,82.64286062354867,0.0067245836080711,b'HadGEM3-GC31-LL',7,0.0004804166954194,307.9788126440092,201.9441393194477,b'ssp245',6.628850091620707,284.2457078503025,290.20154235183554,278.305427797379,b'2017-04-25/2017-05-01',1493078400
2801,25,19,85.72928492814165,0.007985073439319,b'HadGEM3-GC31-LL',7,0.0001119512496667,305.8597495552216,254.99894311204667,b'ssp245',6.9341119786012015,286.5555803852697,292.46019359301494,277.98850635815694,b'2017-05-02/2017-05-08',1493683200
2801,25,19,87.8068066317182,0.0087137159944358,b'HadGEM3-GC31-LL',7,0.0002432216440894,317.4164139942456,252.3376648371121,b'ssp245',6.3367958358172825,287.2891513338104,293.5780934979839,280.9043306740382,b'2017-05-09/2017-05-15',1494288000
2801,25,19,89.97067515055339,0.0096582417217542,b'HadGEM3-GC31-LL',7,0.0005701587941778,329.57819044168826,259.860578827045,b'ssp245',5.323520515371578,288.731910951676,293.94429459110387,281.5440700079805,b'2017-05-16/2017-05-22',1494892800
2801,25,19,84.5393997872114,0.0097682675970474,b'HadGEM3-GC31-LL',7,0.0002827043480065,321.89062359366005,265.5524908672281,b'ssp245',4.003337426852155,290.62768714072706,295.4066007880755,286.19251439904656,b'2017-05-23/2017-05-29',1495497600
2801,25,19,90.41122325188188,0.0112050408383004,b'HadGEM3-GC31-LL',7,0.000264865317608,340.0880371187506,287.72530520859584,b'ssp245',4.950366795520813,290.87395710512976,296.9128874091692,284.42701770413305,b'2017-05-30/2017-06-05',1496102400
2801,25,19,89.86764740834039,0.0122037404982198,b'HadGEM3-GC31-LL',7,0.0006441114285566,343.2847093620242,285.0815599854641,b'ssp245',5.647660310367286,293.0002904560892,297.85576375325525,285.9118117465768,b'2017-06-06/2017-06-12',1496707200
2801,25,19,90.5138124269641,0.0140789304409295,b'HadGEM3-GC31-LL',7,1.7644188289061215e-05,348.5912456365958,309.03432186847465,b'ssp245',3.9923729372830254,295.07617585963004,299.7538307764197,288.83630863312754,b'2017-06-13/2017-06-19',1497312000
2801,25,19,91.53321961433656,0.0138139498996592,b'HadGEM3-GC31-LL',7,0.0001557015861845,367.1188572006109,255.32100629440285,b'ssp245',7.0110716797789125,294.087158109369,301.70740107054354,285.9032615743658,b'2017-06-20/2017-06-26',1497916800
2801,25,19,91.83285718176587,0.0137509927353871,b'HadGEM3-GC31-LL',7,0.0002944852849737,362.5323804629747,282.5028420022007,b'ssp245',3.819149854545769,294.3565091603363,299.9345109180738,287.2136719406292,b'2017-06-27/2017-07-03',1498521600
2801,25,19,87.98920771163729,0.0140919254294463,b'HadGEM3-GC31-LL',7,0.0007742007709301,364.9178360383816,274.7722514162781,b'ssp245',4.781311282730689,295.29157600461434,299.9420490880167,290.2827594716062,b'2017-07-04/2017-07-10',1499126400
2801,25,19,93.9358655399258,0.0169582103225995,b'HadGEM3-GC31-LL',7,0.0001281739094531,378.7114472044961,283.39297534573467,b'ssp245',4.975672839790263,297.8021347584996,301.6768250824303,292.26637120400704,b'2017-07-11/2017-07-17',1499731200
2801,25,19,97.0430167999502,0.017809044727097,b'HadGEM3-GC31-LL',7,0.0003946181645864,395.8559023715018,237.5500642509871,b'ssp245',4.001740295216785,297.7753116824477,302.38745609406504,292.42275443128364,b'2017-07-18/2017-07-24',1500336000
2801,25,19,88.91735693349999,0.0164526479931035,b'HadGEM3-GC31-LL',7,0.0001162634498605,374.24924540483096,285.76946440197173,b'ssp245',4.583873957532892,297.68822834348896,303.1253514443674,291.4828071184056,b'2017-07-25/2017-07-31',1500940800
2801,25,19,91.76399765366234,0.0172232924438383,b'HadGEM3-GC31-LL',7,3.576352038432453e-05,378.2882022886965,274.12435706822737,b'ssp245',5.117533901320075,298.46311460808494,302.7872970745128,293.2200087680612,b'2017-08-01/2017-08-07',1501545600
2801,25,19,80.80968767157349,0.013898512264127,b'HadGEM3-GC31-LL',7,7.745395346893674e-05,357.00858748709925,281.3580419771866,b'ssp245',4.41055490197857,296.7538218695997,301.3933830671413,291.9113959855931,b'2017-08-08/2017-08-14',1502150400
2801,25,19,86.78573089224587,0.0156979832866911,b'HadGEM3-GC31-LL',7,0.0003299820952458,372.5932753602481,241.98239602178293,b'ssp245',4.937223295645414,297.60969813005534,301.8867784725723,291.5892084593415,b'2017-08-15/2017-08-21',1502755200
2801,25,19,80.09155619162753,0.0134390162092314,b'HadGEM3-GC31-LL',7,8.69342256422865e-05,361.4983513007333,245.1940716393349,b'ssp245',4.541507640375704,296.8276632048201,301.31328951927924,291.68331581033686,b'2017-08-22/2017-08-28',1503360000
2801,25,19,81.92646916121382,0.0133838369933095,b'HadGEM3-GC31-LL',7,0.0005851902958901,357.77983325307827,231.455558319795,b'ssp245',5.673847056753624,295.44998984622515,301.6105477938088,287.77544739425826,b'2017-08-29/2017-09-04',1503964800
2801,25,19,76.44075089555733,0.0105462167640938,b'HadGEM3-GC31-LL',7,0.0002103979788605,352.6810047718054,201.5186423962384,b'ssp245',6.250636835435203,293.1421326433642,299.1787627845683,288.06996991557463,b'2017-09-05/2017-09-11',1504569600
2801,25,19,76.19823772237048,0.010558744261582,b'HadGEM3-GC31-LL',7,3.925632390942205e-05,339.74101990964925,220.2512806366483,b'ssp245',4.696694094647644,293.04084972375733,299.0750784925236,286.4029022544943,b'2017-09-12/2017-09-18',1505174400
2801,25,19,88.99610109812654,0.0123501564225842,b'HadGEM3-GC31-LL',7,0.0001546437010154,366.0426436510687,189.58261792817245,b'ssp245',7.073492203256869,293.3292081161945,298.83325260941706,285.5143649193549,b'2017-09-19/2017-09-25',1505779200
2801,25,19,80.08115745579593,0.0101076351641784,b'HadGEM3-GC31-LL',7,5.441067547038867e-05,351.7386330225135,174.54728541689173,b'ssp245',3.822074587993358,292.1927165838614,296.68066635952204,287.3547077794229,b'2017-09-26/2017-10-02',1506384000
2801,25,19,83.9486074139995,0.0107246787757962,b'HadGEM3-GC31-LL',7,3.97254729405201e-06,346.15161165627103,182.89111782841604,b'ssp245',3.170012397517074,292.68540591285347,297.2217978200605,287.69782741095435,b'2017-10-03/2017-10-09',1506988800
2801,25,19,86.03170368528586,0.0104414486653885,b'HadGEM3-GC31-LL',7,7.972845096617832e-05,356.79789872176826,151.6608564549694,b'ssp245',7.240535336156046,291.7171418502034,297.7431026991978,285.25724776073173,b'2017-10-10/2017-10-16',1507593600
2801,25,19,85.00877767114596,0.0102036477162426,b'HadGEM3-GC31-LL',7,0.0004083148338903,353.78744178689936,137.4813673075077,b'ssp245',4.255511878272904,291.65976903771843,295.8561384959888,284.9501641386299,b'2017-10-17/2017-10-23',1508198400
2801,25,19,70.27393232659078,0.0075258238093723,b'HadGEM3-GC31-LL',7,0.0005930781820986,327.6201808947023,131.49081202915738,b'ssp245',6.522547794010966,289.50510131085895,295.8009220246346,281.8079938991096,b'2017-10-24/2017-10-30',1508803200
2801,25,19,72.22937498078002,0.0065378116925865,b'HadGEM3-GC31-LL',7,4.938505716386659e-07,306.25293325022807,129.80122405958983,b'ssp245',5.62758187654381,286.6015040431338,292.9575274067541,280.41421115013867,b'2017-10-31/2017-11-06',1509408000
2801,25,19,82.01119219286285,0.0070962082936546,b'HadGEM3-GC31-LL',7,0.0015417764755715,326.0295816588512,90.64035923103768,b'ssp245',11.827241551857757,286.22124911306827,292.8127552975891,279.61940117292505,b'2017-11-07/2017-11-13',1510012800
2801,25,19,67.12085797709804,0.0042552800166682,b'HadGEM3-GC31-LL',7,6.861437300825958e-05,295.11877394528256,94.3093110244212,b'ssp245',8.563187953697005,280.9042307301417,287.00468559675323,274.79077410954307,b'2017-11-14/2017-11-20',1510617600
2801,25,19,80.22263669601418,0.0054753326507608,b'HadGEM3-GC31-LL',7,0.0002681416440526,297.2428136025705,92.41168494158626,b'ssp245',7.799128542297997,282.75874087191585,288.3056785009241,276.6333486905662,b'2017-11-21/2017-11-27',1511222400
2801,25,19,73.73825448266189,0.0043225999071781,b'HadGEM3-GC31-LL',7,0.0002695561271549,295.7903222524992,81.13057997625911,b'ssp245',8.783395005444412,280.4002004878312,285.6455458774362,274.47737531764534,b'2017-11-28/2017-12-04',1511827200
2801,25,19,80.59617764755694,0.0045779367566205,b'HadGEM3-GC31-LL',7,0.0010467059827878,296.722643686696,80.30826633060767,b'ssp245',9.978994719260667,279.46740905480453,286.6814503003193,273.7903192991852,b'2017-12-05/2017-12-11',1512432000
2801,25,19,79.25748569002167,0.0044024471764362,b'HadGEM3-GC31-LL',7,5.328325918983581e-05,297.425040061939,85.912347796509,b'ssp245',4.725484229818834,280.1861402098485,284.12500098443803,276.4550823908981,b'2017-12-12/2017-12-18',1513036800
2801,25,19,89.58931211831933,0.0052415017029999,b'HadGEM3-GC31-LL',7,0.00084826096953,329.86326929611,62.11487027943226,b'ssp245',9.75402163580266,280.9478059408303,285.1416806456864,276.1053125525034,b'2017-12-19/2017-12-25',1513641600
2801,25,19,74.44630789573658,0.003648020628233,b'HadGEM3-GC31-LL',7,0.0001182392872226,293.5335952594716,75.8298460027223,b'ssp245',7.640425000871931,277.84166730420753,282.3884530016171,273.6203308105469,b'2017-12-26/2018-01-01',1514246400
2801,25,19,78.12559714368595,0.0040540370826227,b'HadGEM3-GC31-LL',7,0.0005849501047083,305.9151671331965,75.30326429563368,b'ssp245',9.04969727571842,278.5262458672355,284.73963879000763,271.007562780893,b'2018-01-02/2018-01-08',1514851200
2801,25,19,68.54652800318283,0.002128114912211,b'HadGEM3-GC31-LL',7,8.215769337409736e-05,260.9295138873263,85.10049808812765,b'ssp245',10.81495860534879,271.12916262578307,279.4503810431368,262.8729615570397,b'2018-01-09/2018-01-15',1515456000
2801,25,19,76.79812109928162,0.0031821231769766,b'HadGEM3-GC31-LL',7,0.000378875406971,280.0209768503309,98.15535845075335,b'ssp245',7.268233310974872,274.9910801478795,281.9493841355847,264.44915246450773,b'2018-01-16/2018-01-22',1516060800
2801,25,19,78.32034095494612,0.0034969825392013,b'HadGEM3-GC31-LL',7,0.0005809228415829,300.0503165483841,78.55753893639817,b'ssp245',8.543519318195349,275.878905828098,284.4173728368616,269.4883872411585,b'2018-01-23/2018-01-29',1516665600
2801,25,19,72.75613951792914,0.00363609364282,b'HadGEM3-GC31-LL',7,5.150303342415227e-05,273.3682209020752,123.81429759551489,b'ssp245',6.214002117033928,277.5326675438478,283.4306118872858,270.5466708931872,b'2018-01-30/2018-02-05',1517270400
2801,25,19,70.57088881227462,0.0025612979187785,b'HadGEM3-GC31-LL',7,0.0002192455078631,249.5538450788976,128.89117014426424,b'ssp245',12.911400148945471,272.530765562746,283.8695734495758,260.5523143481183,b'2018-02-06/2018-02-12',1517875200
2801,25,19,80.83183082311018,0.00222566688434,b'HadGEM3-GC31-LL',7,0.0001636237796309,250.05408401606456,125.11027149487566,b'ssp245',10.919055728502173,269.7845319756715,280.3785397109165,260.7253247332829,b'2018-02-13/2018-02-19',1518480000
2801,25,19,83.70897482360748,0.0038350931681354,b'HadGEM3-GC31-LL',7,0.0004864627427612,295.2510558800764,116.3141566685268,b'ssp245',9.311441569467478,276.7019449869792,282.46294280021425,269.0357807118406,b'2018-02-20/2018-02-26',1519084800
2801,25,19,72.38344844695061,0.0031698499169606,b'HadGEM3-GC31-LL',7,0.0002431702161057,267.917239609585,156.1988718293596,b'ssp245',9.953331384790658,274.68291490967925,285.42542718046457,263.019283499769,b'2018-02-27/2018-03-05',1519689600
2801,25,19,72.75120963405722,0.0036449517826541,b'HadGEM3-GC31-LL',7,0.0006132203087412,267.6405225481306,168.03050568283246,b'ssp245',9.249366863165768,276.8707353676885,285.9160989740844,268.86856308803766,b'2018-03-06/2018-03-12',1520294400
2801,25,19,84.22466949603525,0.0046181908297922,b'HadGEM3-GC31-LL',7,0.0004198399552496,277.6702937347365,162.03408143121163,b'ssp245',5.999654493390507,278.9447450418077,286.74844524424566,270.63633481917844,b'2018-03-13/2018-03-19',1520899200
2801,25,19,84.2673305740005,0.0048326424801558,b'HadGEM3-GC31-LL',7,0.0007945755759493,279.2030206730106,178.00341839065203,b'ssp245',7.68631576466304,279.36844983078925,287.4814105290239,267.2216987199681,b'2018-03-20/2018-03-26',1521504000
2801,25,19,94.85679325273692,0.0061356044215608,b'HadGEM3-GC31-LL',7,0.0004809302084149,329.5711686797955,146.35875090146396,b'ssp245',7.496372437513736,282.0582805112027,290.93315830025625,277.0677316316995,b'2018-03-27/2018-04-02',1522108800
2801,25,19,89.62360909457581,0.0065492622936272,b'HadGEM3-GC31-LL',7,3.8504889003419405e-05,299.2183931646626,213.1179463610672,b'ssp245',6.534657239547706,283.8111210367464,289.3790683541247,277.0543888871388,b'2018-04-03/2018-04-09',1522713600
2801,25,19,76.61659079579532,0.0059677225801543,b'HadGEM3-GC31-LL',7,4.035469345414826e-05,279.2364172635174,240.04629097043463,b'ssp245',7.944092450237129,283.8263224002586,291.07882493542087,274.5200851604503,b'2018-04-10/2018-04-16',1523318400
2801,25,19,81.73090260589177,0.0063572891912037,b'HadGEM3-GC31-LL',7,0.0002417472669402,296.0990409558087,209.56041554628248,b'ssp245',6.19421088713838,283.74692428752945,289.885499687605,275.4424714119204,b'2018-04-17/2018-04-23',1523923200
2801,25,19,82.9286361319312,0.0074374938573968,b'HadGEM3-GC31-LL',7,0.0001230459061912,294.3568556825137,252.2306143061906,b'ssp245',5.9309840444046245,286.26677702685475,292.2609522009409,280.402334890058,b'2018-04-24/2018-04-30',1524528000
2801,25,19,90.99426039829048,0.0086453887548142,b'HadGEM3-GC31-LL',7,0.0007667772453851,325.5355432747696,211.9438516525996,b'ssp245',5.614937862492927,286.985094624181,291.53604651010164,281.303473687941,b'2018-05-01/2018-05-07',1525132800
2801,25,19,85.23199130056824,0.0088416865966732,b'HadGEM3-GC31-LL',7,0.000311226962565,311.6476578719789,260.03667876540976,b'ssp245',5.456743577658307,288.5620880830123,294.49093299783686,283.2623576502646,b'2018-05-08/2018-05-14',1525737600
2801,25,19,94.05799561015657,0.0114003738256803,b'HadGEM3-GC31-LL',7,0.000528562060757,344.0685357300368,235.6910893078408,b'ssp245',6.158160532308249,291.15268094345544,296.05469176589804,285.0617314820649,b'2018-05-15/2018-05-21',1526342400
2801,25,19,85.41426231747583,0.0107008500765728,b'HadGEM3-GC31-LL',7,0.0001219534358681,326.9791303830945,295.04072601271486,b'ssp245',5.316524054780717,291.7821457448277,297.0452976021716,286.818361343876,b'2018-05-22/2018-05-28',1526947200
2801,25,19,82.27692167220577,0.0110393232993563,b'HadGEM3-GC31-LL',7,0.0003356919554281,325.1610654019358,300.1875211888561,b'ssp245',5.709424736679241,292.6912960398216,299.16323491578464,286.98379155640964,b'2018-05-29/2018-06-04',1527552000
2801,25,19,93.7874219457858,0.0143143674244276,b'HadGEM3-GC31-LL',7,8.829385110060372e-05,364.20640069401946,290.54954770230296,b'ssp245',4.234274931217668,294.78812864335816,301.93066865654407,288.3868372107065,b'2018-06-05/2018-06-11',1528156800
2801,25,19,75.46809972010085,0.0117692916329303,b'HadGEM3-GC31-LL',7,0.0004488554208174,338.3937402775028,311.9564334148636,b'ssp245',5.648320379345099,294.73459842054893,301.0575614026798,287.80860917286213,b'2018-06-12/2018-06-18',1528761600
2801,25,19,88.05413797264275,0.0136184621854082,b'HadGEM3-GC31-LL',7,0.0005284462012343,359.26120679535995,268.9256214428973,b'ssp245',6.719703189422092,294.4661403486074,301.10908820039486,288.8736240838164,b'2018-06-19/2018-06-25',1529366400
2801,25,19,88.88237563219671,0.0154577225615511,b'HadGEM3-GC31-LL',7,0.0006168158266616,362.3560822423886,285.12038919709613,b'ssp245',5.040050664438814,296.94839107202864,301.44311720325106,290.58778364940355,b'2018-06-26/2018-07-02',1529971200
2801,25,19,84.98235233148672,0.016282534273985,b'HadGEM3-GC31-LL',7,6.482519491509196e-05,364.723886234969,321.55073854414184,b'ssp245',5.540163953549667,298.2591172085014,304.4219517861644,292.3248274608325,b'2018-07-03/2018-07-09',1530576000
2801,25,19,80.72352314141857,0.0160289093688953,b'HadGEM3-GC31-LL',7,0.0002762878285191,374.4155997702604,280.8012918686171,b'ssp245',5.042107567442911,298.9737494918425,304.61914226573003,292.4338739866852,b'2018-07-10/2018-07-16',1531180800
2801,25,19,83.18512295724427,0.015867789308848,b'HadGEM3-GC31-LL',7,3.542790681598079e-05,363.9113241216188,316.17600565498697,b'ssp245',3.834147903776389,298.43908949235254,303.5324917044691,292.7552785565776,b'2018-07-17/2018-07-23',1531785600
2801,25,19,83.85007180303289,0.0163218554012053,b'HadGEM3-GC31-LL',7,5.5286262277003256e-05,369.12142255229344,299.9927037674161,b'ssp245',4.04897537355965,299.28865873978435,302.57564224735387,295.0344504079511,b'2018-07-24/2018-07-30',1532390400
2801,25,19,92.54033938640823,0.0189133157063784,b'HadGEM3-GC31-LL',7,0.0003358732290175,389.72286377890686,254.2801431400985,b'ssp245',4.827294060711488,300.10002991753976,303.8611985073295,294.7137513519615,b'2018-07-31/2018-08-06',1532995200
2801,25,19,91.99157106601696,0.0186259460860087,b'HadGEM3-GC31-LL',7,0.0008268666759258,396.2341748778172,208.5882194038544,b'ssp245',7.127561096405287,299.9915926181776,303.80872861800657,293.31233592699937,b'2018-08-07/2018-08-13',1533600000
2801,25,19,92.5257067819528,0.0172337909785603,b'HadGEM3-GC31-LL',7,0.0005623219328874,394.6924991168185,208.8189916889056,b'ssp245',4.019020906424926,298.6715643394928,302.8336355558006,293.09199737220683,b'2018-08-14/2018-08-20',1534204800
2801,25,19,85.2411114975421,0.0154862241610632,b'HadGEM3-GC31-LL',7,0.0002166059091701,377.281001312209,221.66172607703143,b'ssp245',4.39157010223459,297.53057880079325,303.7348311229419,290.6997939899404,b'2018-08-21/2018-08-27',1534809600
2801,25,19,77.23332561252671,0.0126952391887475,b'HadGEM3-GC31-LL',7,0.000102432483798,361.18819862283686,227.94050572361635,b'ssp245',6.075125715882732,296.2662580873926,302.1186585785241,287.9957006310904,b'2018-08-28/2018-09-03',1535414400
2801,25,19,79.0167982274303,0.0127474949001327,b'HadGEM3-GC31-LL',7,0.0004238736357339,358.62043989565336,213.2731185420867,b'ssp245',3.997762726931712,295.8228573659964,300.6433535340012,290.49536231256303,b'2018-09-04/2018-09-10',1536019200
2801,25,19,74.44843976069157,0.0113109455182118,b'HadGEM3-GC31-LL',7,0.000225674019661,352.77129053446924,208.38280221027887,b'ssp245',4.695825803847541,294.29501549036644,300.8884940198673,288.49565731581816,b'2018-09-11/2018-09-17',1536624000
2801,25,19,72.25054043888497,0.0098266949342096,b'HadGEM3-GC31-LL',7,6.576666891139397e-05,342.8734319308936,201.3983086558165,b'ssp245',5.049369570663265,292.90551795314906,298.57075549710186,284.7845199749034,b'2018-09-18/2018-09-24',1537228800
2801,25,19,81.53236493463706,0.0109003665835557,b'HadGEM3-GC31-LL',7,0.0001195619803276,350.9915661789855,180.85578958303333,b'ssp245',6.107465936657837,293.12298480852775,298.8734557449177,285.7057918425529,b'2018-09-25/2018-10-01',1537833600
2801,25,19,88.05543057490056,0.0108990064820706,b'HadGEM3-GC31-LL',7,0.0011785443028603,368.121085827618,129.4798324631839,b'ssp245',8.171189691613895,291.8636528519076,296.9269064626386,286.44262760941706,b'2018-10-02/2018-10-08',1538438400
2801,25,19,86.7542660386515,0.0096616779858912,b'HadGEM3-GC31-LL',7,0.0004413499382952,350.1153028637583,142.21834397792082,b'ssp245',7.180642132019301,290.42598160657286,295.233143139911,285.2101154942667,b'2018-10-09/2018-10-15',1539043200
2801,25,19,80.16480952437207,0.0081656170606944,b'HadGEM3-GC31-LL',7,0.0004900340884017,337.239484748899,129.54297629735802,b'ssp245',7.840186201116091,288.84312914776547,294.7523144137475,282.7247301327285,b'2018-10-16/2018-10-22',1539648000
2801,25,19,80.00593630179831,0.0080293911650845,b'HadGEM3-GC31-LL',7,0.0003246955984308,326.4719436106411,146.00675286968365,b'ssp245',7.002618345064319,288.73513151716713,294.6423756589172,283.298582015499,b'2018-10-23/2018-10-29',1540252800
2801,25,19,82.61233398625014,0.008201637421198,b'HadGEM3-GC31-LL',7,0.0003096356575516,323.70481302990896,124.28782344999767,b'ssp245',8.286434574976862,288.2788566905782,294.5560588221396,278.533933577999,b'2018-10-30/2018-11-05',1540857600
2801,25,19,78.52116644840271,0.006180502711788,b'HadGEM3-GC31-LL',7,0.0002523185751386,315.6236993698847,110.54817993117184,b'ssp245',8.723130127251974,284.43211976504,291.6236240838164,277.3824935420867,b'2018-11-06/2018-11-12',1541462400
2801,25,19,86.05809787451396,0.0066782380511465,b'HadGEM3-GC31-LL',7,6.75626936907686e-05,336.7799961072509,94.08663491572835,b'ssp245',8.069887415055307,285.20801489107805,289.80294537287887,278.130378969254,b'2018-11-13/2018-11-19',1542067200
2801,25,19,69.7743375927622,0.0039908543169017,b'HadGEM3-GC31-LL',7,0.0003328473441462,304.9363980857275,78.8278049990512,b'ssp245',8.483715020017142,279.3852271857899,286.4940628543977,275.1180032709594,b'2018-11-20/2018-11-26',1542672000
2801,25,19,72.04684764668689,0.0043783443067909,b'HadGEM3-GC31-LL',7,0.000403641676604,289.5993013396607,85.09829547255087,b'ssp245',9.1452959481106,279.8541814801148,291.643550093456,270.5879808651504,b'2018-11-27/2018-12-03',1543276800
2801,25,19,69.7817006206366,0.0036461003083225,b'HadGEM3-GC31-LL',7,9.278656119765588e-05,263.7059236400505,89.83410757624426,b'ssp245',7.977832241908014,278.21136390228975,282.788816062353,272.43624779485884,b'2018-12-04/2018-12-10',1543881600
2801,25,19,77.64565884169713,0.003991833441646,b'HadGEM3-GC31-LL',7,0.0003392850903885,298.4724883330033,72.18608853857272,b'ssp245',8.362905414423086,277.58669373589913,284.9472374044439,271.6136874947497,b'2018-12-11/2018-12-17',1544486400
2801,25,19,78.7423070154615,0.0040951432104432,b'HadGEM3-GC31-LL',7,0.0003112299847352,287.1729684293545,80.16273761051959,b'ssp245',10.791615275926487,277.9009073143181,284.92173061575943,271.32131137642807,b'2018-12-18/2018-12-24',1545091200
2801,25,19,77.29991963235648,0.0039896496289771,b'HadGEM3-GC31-LL',7,0.0002290847956438,288.76563036753106,68.89436936268609,b'ssp245',7.659028732282225,278.0534391857329,285.0267406176495,267.7200458485594,b'2018-12-25/2018-12-31',1545696000
2801,25,19,74.3441272448468,0.003697972943557,b'HadGEM3-GC31-LL',7,0.0001819679576876,285.7802920715052,81.0143535162813,b'ssp245',8.446426943150533,277.35994311448434,284.5464749900244,264.7781946325815,b'2019-01-01/2019-01-07',1546300800
2801,25,19,75.05379461473035,0.0031568448949095,b'HadGEM3-GC31-LL',7,0.0003204325867072,274.3878502677297,90.11377098446802,b'ssp245',6.903006955409014,274.8221563992596,285.3343387726815,267.8875105663012,b'2019-01-08/2019-01-14',1546905600
2801,25,19,71.81388477612568,0.0033308161689417,b'HadGEM3-GC31-LL',7,0.0006441189728353,283.88669378746494,85.13049352150725,b'ssp245',9.361017314336634,276.0630187519501,287.61965712680615,268.1149154170867,b'2019-01-15/2019-01-21',1547510400
2801,25,19,70.95619863811909,0.0033726423675517,b'HadGEM3-GC31-LL',7,0.0005955674460862,265.8781839537731,115.07114978796145,b'ssp245',8.787408227378506,276.24395484748527,287.72542284893734,266.52659885857696,b'2019-01-22/2019-01-28',1548115200
2801,25,19,73.09494073050364,0.0029103288431644,b'HadGEM3-GC31-LL',7,0.0002742101128993,268.8881563107539,107.29967594293224,b'ssp245',9.600014645566224,273.87448617023995,283.31922699302754,263.0917679981519,b'2019-01-29/2019-02-04',1548720000
2801,25,19,74.28670400921284,0.0031707053210088,b'HadGEM3-GC31-LL',7,0.0003443461537218,266.3299689461376,114.76214720906202,b'ssp245',10.669142765566685,275.0452079714352,282.4202585527973,266.5689116447203,b'2019-02-05/2019-02-11',1549324800
2801,25,19,81.276242644373,0.0031563952170346,b'HadGEM3-GC31-LL',7,0.0002051846759012,274.43794655982987,119.59966317922472,b'ssp245',10.24208117190594,273.9213522165419,283.71339925130206,259.97621532153056,b'2019-02-12/2019-02-18',1549929600
2801,25,19,86.49496588875438,0.003720729549225,b'HadGEM3-GC31-LL',7,0.000761633962139,291.19121946460825,109.71875696138304,b'ssp245',9.467242604210265,274.7487229495188,285.6354150259367,261.4317649923345,b'2019-02-19/2019-02-25',1550534400
2801,25,19,79.46596030192809,0.0032032229061367,b'HadGEM3-GC31-LL',7,0.0005325827547512,269.51541660385016,140.56599723944834,b'ssp245',9.309204524929442,274.13791821739096,287.6825351509997,265.4802899104293,b'2019-02-26/2019-03-04',1551139200
2801,25,19,77.43130067746212,0.0037742159443802,b'HadGEM3-GC31-LL',7,0.0004131789172309,263.7795832761422,169.6586405436198,b'ssp245',10.381652749994752,276.0174171928253,288.24094546738496,265.1421958349085,b'2019-03-05/2019-03-11',1551744000
2801,25,19,75.55296230755644,0.0037547963086269,b'HadGEM3-GC31-LL',7,0.0003129162555327,267.7120945428008,174.7282170355778,b'ssp245',9.818754311897054,277.167947795534,286.9527886503486,269.6479091849379,b'2019-03-12/2019-03-18',1552348800
2801,25,19,79.35845157371321,0.003180096256754,b'HadGEM3-GC31-LL',7,0.0005408660212568,268.81483365716656,173.2875635642244,b'ssp245',9.665209653007638,274.29438849711386,280.6623177477109,268.2560378864248,b'2019-03-19/2019-03-25',1552953600
2801,25,19,74.30723554198094,0.0031994146047397,b'HadGEM3-GC31-LL',7,0.0001179581795538,264.3269679337603,184.9222489692465,b'ssp245',8.00223688632479,275.1160714754495,283.9114901634955,264.3555379888063,b'2019-03-26/2019-04-01',1553558400
2801,25,19,82.22436600786202,0.0055128186147161,b'HadGEM3-GC31-LL',7,0.0002290443581818,282.797837522539,212.67471343947267,b'ssp245',8.121993914544126,281.43201278944355,291.3161716256091,272.243400655767,b'2019-04-02/2019-04-08',1554163200
2801,25,19,86.90813560896024,0.0062086556440135,b'HadGEM3-GC31-LL',7,0.0002240693482586,301.19691164922057,196.83528073921727,b'ssp245',7.023235258785078,282.8154930196783,290.5176552393104,275.6220348727319,b'2019-04-09/2019-04-15',1554768000
2801,25,19,86.09167568365,0.0066673201608961,b'HadGEM3-GC31-LL',7,0.0001519640821937,313.70555733535696,193.6144346597557,b'ssp245',7.016388575236003,283.4291163853237,290.8218633180024,275.0134664556032,b'2019-04-16/2019-04-22',1555372800
2801,25,19,90.45887239517704,0.0078321973022113,b'HadGEM3-GC31-LL',7,0.0003069903649535,320.894537437896,215.32529730730897,b'ssp245',5.881668057126751,285.3534897952219,291.12197974420366,279.07201229628697,b'2019-04-23/2019-04-29',1555977600
2801,25,19,77.27281971827448,0.0062557100904919,b'HadGEM3-GC31-LL',7,0.0005113963523506,297.6080832298267,215.8379880374844,b'ssp245',7.184115469181044,283.7161634125834,291.45550930884576,275.02281566332744,b'2019-04-30/2019-05-06',1556582400
2801,25,19,79.4599362913914,0.0069236400080829,b'HadGEM3-GC31-LL',7,4.387870316721639e-05,285.807605749268,286.1777951523273,b'ssp245',4.645818554311305,285.34800708495345,289.6501743767851,277.60243339948755,b'2019-05-07/2019-05-13',1557187200
2801,25,19,84.53584852086784,0.0087311000566065,b'HadGEM3-GC31-LL',7,6.295596351649433e-05,308.10412621095253,293.1487737558954,b'ssp245',5.943009654864006,287.99853023406,294.18877878496727,281.8445408318633,b'2019-05-14/2019-05-20',1557792000
2801,25,19,90.67478117818293,0.0101478872305717,b'HadGEM3-GC31-LL',7,0.000383295971499,337.1509717246904,232.04282722531744,b'ssp245',4.608305039676836,289.2279469948577,294.9551378475723,280.52258464854253,b'2019-05-21/2019-05-27',1558396800
2801,25,19,87.51622297577046,0.0104079899147793,b'HadGEM3-GC31-LL',7,0.0001348091894615,331.24082574097247,282.4542840585547,b'ssp245',4.8141916234006175,290.39053658809166,295.7293084257393,284.47955716040826,b'2019-05-28/2019-06-03',1559001600
2801,25,19,82.81618188017158,0.010694126544174,b'HadGEM3-GC31-LL',7,0.0004368476110191,328.0443196802095,302.06390746507776,b'ssp245',5.005791690126176,291.61848723943336,298.7422085013441,283.64883718182966,b'2019-06-04/2019-06-10',1559606400
2801,25,19,88.95797568935038,0.0130232153102732,b'HadGEM3-GC31-LL',7,0.0002222551317,351.3316034882483,274.8232628138201,b'ssp245',4.255347077198293,293.9525662611158,299.2364741499706,288.67436464371224,b'2019-06-11/2019-06-17',1560211200
2801,25,19,93.06808089623986,0.0140829154572087,b'HadGEM3-GC31-LL',7,0.0005576517821956,366.121311732701,246.60721671343225,b'ssp245',5.306147287151964,294.9481892622378,300.5689454437584,289.8308548465852,b'2019-06-18/2019-06-24',1560816000
2801,25,19,92.24748590941071,0.0152339773387082,b'HadGEM3-GC31-LL',7,0.0001111890545094,373.9405879945066,283.0127379714802,b'ssp245',5.082377788657967,295.8919297553793,302.363760671308,288.61038700226817,b'2019-06-25/2019-07-01',1561420800
2801,25,19,81.08684359314621,0.0135942138559806,b'HadGEM3-GC31-LL',7,0.0003676580410966,359.05463902814785,295.9693667269706,b'ssp245',6.6058858671496,295.98482774772583,303.92676831317203,286.7424434538811,b'2019-07-02/2019-07-08',1562025600
2801,25,19,93.96006091655492,0.0153154783485923,b'HadGEM3-GC31-LL',7,0.0006718603650663,376.7395915838614,267.3584385885072,b'ssp245',5.316251913340227,295.5058290449339,301.18667635353665,287.74111971291165,b'2019-07-09/2019-07-15',1562630400
2801,25,19,91.79447383851318,0.0167342774346813,b'HadGEM3-GC31-LL',7,0.000170310217623,378.0735407534832,290.55814074444515,b'ssp245',5.77857586187518,297.5940547538793,302.0918378932502,292.4228968466482,b'2019-07-16/2019-07-22',1563235200
2801,25,19,86.27962254818684,0.0160535117339474,b'HadGEM3-GC31-LL',7,0.0002647147867784,375.92943004602296,273.8128301148774,b'ssp245',5.372146938619893,298.06642893895213,302.63448440387685,291.37594998267394,b'2019-07-23/2019-07-29',1563840000
2801,25,19,86.35702083370836,0.0147759279582403,b'HadGEM3-GC31-LL',7,0.0003779263336077,373.7809365736907,244.2201535507648,b'ssp245',5.304398402640347,296.5197170275148,301.29417895245297,291.65972145654825,b'2019-07-30/2019-08-05',1564444800
2801,25,19,93.09581917148948,0.0176548583807849,b'HadGEM3-GC31-LL',7,0.0001518632154417,382.54008340908825,262.9638161139188,b'ssp245',4.029963049837338,298.8098652688773,302.67120886361727,294.8784625966062,b'2019-08-06/2019-08-12',1565049600
2801,25,19,80.30424391692318,0.0143274711831236,b'HadGEM3-GC31-LL',7,0.0001538005993082,366.362044842745,256.3438744610905,b'ssp245',5.1067852497833295,297.51526971163656,303.04845371041245,291.4598385390415,b'2019-08-13/2019-08-19',1565654400
2801,25,19,88.10359702864733,0.015827203767457,b'HadGEM3-GC31-LL',7,0.0001186028118931,375.93173250588046,236.66383753247712,b'ssp245',3.519219562205301,298.26725654191875,301.7086526193927,293.6044511692499,b'2019-08-20/2019-08-26',1566259200
2801,25,19,83.73284103463872,0.0155293312690545,b'HadGEM3-GC31-LL',7,0.0002889296094841,378.4032527144237,222.65569487072176,b'ssp245',5.389082920716106,297.9295047695553,303.33576489520334,289.9056501491096,b'2019-08-27/2019-09-02',1566864000
2801,25,19,72.05489088020384,0.0114384840790485,b'HadGEM3-GC31-LL',7,1.7813097602684334e-05,351.2567960443219,223.65999531782532,b'ssp245',3.942599452951903,295.86116414575537,300.4372210758989,289.9075369886173,b'2019-09-03/2019-09-09',1567468800
2801,25,19,87.12781367616903,0.0147491926055532,b'HadGEM3-GC31-LL',7,0.0003697904138989,375.14648324992805,198.120593374226,b'ssp245',6.166157753603066,296.66605195545014,301.41751525222617,290.24951664094004,b'2019-09-10/2019-09-16',1568073600
2801,25,19,86.76796485678209,0.0120472109214203,b'HadGEM3-GC31-LL',7,0.0005539828562616,376.8444648895029,153.40229662589033,b'ssp245',7.173133647936281,293.1124355708766,300.22067063854587,286.0556315760459,b'2019-09-17/2019-09-23',1568678400
2801,25,19,69.09541645430933,0.009017526562656,b'HadGEM3-GC31-LL',7,0.0002332284362143,336.4230406214748,187.9326364074801,b'ssp245',4.290981453501501,292.43892645066785,298.67658553584937,286.82241722845265,b'2019-09-24/2019-09-30',1569283200
2801,25,19,79.1697238271687,0.0087773050939786,b'HadGEM3-GC31-LL',7,0.0004626730779049,332.6785077682472,165.14142103532126,b'ssp245',6.238485438483103,289.8498695947791,297.7188806021085,280.7062259797127,b'2019-10-01/2019-10-07',1569888000
2801,25,19,76.82803492392263,0.0084286269319805,b'HadGEM3-GC31-LL',7,0.0003251061820538,322.83750317832846,157.88533985706337,b'ssp245',6.5112524387840125,289.849351124097,295.95262228032595,280.9326329385081,b'2019-10-08/2019-10-14',1570492800
2801,25,19,76.59738206057689,0.0075045840166645,b'HadGEM3-GC31-LL',7,0.0001258333773761,303.25258822814664,167.16319863221247,b'ssp245',5.754636348484115,287.89246655535953,295.2420769147976,280.1056331511467,b'2019-10-15/2019-10-21',1571097600
2801,25,19,90.024536121093,0.0098916142592392,b'HadGEM3-GC31-LL',7,1.27259434188462e-05,341.5322935980403,147.74597725816952,b'ssp245',3.828392225476454,290.43089638986896,294.70602613879794,284.0454593781502,b'2019-10-22/2019-10-28',1571702400
2801,25,19,80.5169878723801,0.0084765983685369,b'HadGEM3-GC31-LL',7,0.000437202906348,332.4407095960392,130.6878412015244,b'ssp245',7.103605810947682,288.22070101549,295.8082268827705,278.9541205949681,b'2019-10-29/2019-11-04',1572307200
2801,25,19,69.96480940600512,0.0056811431336992,b'HadGEM3-GC31-LL',7,0.0002576008982012,305.8124723419799,120.03759057767198,b'ssp245',9.066885542393464,284.6078584029378,293.1537173691616,278.3711462533602,b'2019-11-05/2019-11-11',1572912000
2801,25,19,75.73190247847738,0.0060706927338056,b'HadGEM3-GC31-LL',7,0.0006145720924688,314.98391278291814,101.68981385707124,b'ssp245',6.892628383343487,284.73646186793457,291.3065717143398,278.3151520759829,b'2019-11-12/2019-11-18',1573516800
2801,25,19,75.57265493507211,0.0051177080785755,b'HadGEM3-GC31-LL',7,0.0003399622103151,305.3060496340516,91.13543937905776,b'ssp245',9.918713545835882,281.7617457986061,290.78179111275625,275.18198911605344,b'2019-11-19/2019-11-25',1574121600
2801,25,19,67.7010389700097,0.0035161018563282,b'HadGEM3-GC31-LL',7,0.0001958751156188,295.03823993173063,77.61367818360688,b'ssp245',8.150817382537092,277.9637326007615,282.6645005749118,272.29974168346774,b'2019-11-26/2019-12-02',1574726400
2801,25,19,73.27239657400574,0.0041328744309025,b'HadGEM3-GC31-LL',7,0.0003325413682494,292.73639094152026,84.323729132727,b'ssp245',8.22765184657365,278.91845290598604,288.917961858934,271.8867650185862,b'2019-12-03/2019-12-09',1575331200
2801,25,19,74.49059044271021,0.0043844910511623,b'HadGEM3-GC31-LL',7,0.0001741729600097,283.9583620695475,83.76815854495939,b'ssp245',5.763514943935904,280.28652513448367,285.349598546182,273.45373764858454,b'2019-12-10/2019-12-16',1575936000
2801,25,19,77.17545698901293,0.0041966817381801,b'HadGEM3-GC31-LL',7,0.0004436802416325,301.1444488150367,74.44357137489612,b'ssp245',7.921853077942692,279.16518494683663,284.8732454033308,270.72345462922124,b'2019-12-17/2019-12-23',1576540800
2801,25,19,72.79082295055947,0.0039405238864007,b'HadGEM3-GC31-LL',7,7.388553887076635e-06,281.6560594878072,89.25000595350603,b'ssp245',7.978276468824865,278.8853361302624,284.724117155998,271.13615597960774,b'2019-12-24/2019-12-30',1577145600
2801,25,19,60.74713938723328,0.0028487273531975,b'HadGEM3-GC31-LL',1,4.183530984269593e-06,258.43463594170026,91.64924194992231,b'ssp245',8.31830568211053,276.5008062547253,280.593991187311,272.40764691752776,b'2019-12-31/2020-01-06',1577750400
2132,25,21,68.00672420925564,0.0026250277132542,b'HadGEM3-GC31-LL',5,0.0001434922787254,266.9705499919152,70.95277738384172,b'ssp245',7.787400223642652,274.7272102306092,279.4202632197627,270.6023890011191,b'2014-12-30/2015-01-05',1419897600
2132,25,21,77.47410056110932,0.0025308750644785,b'HadGEM3-GC31-LL',7,0.0004650685225535,255.2073448743918,81.41114590214748,b'ssp245',9.676404167772487,270.5651170746619,282.9723412341282,251.90912606565524,b'2015-01-06/2015-01-12',1420502400
2132,25,21,79.63861848111098,0.0022404906599006,b'HadGEM3-GC31-LL',7,1.997144395981966e-05,241.95845611125853,101.03254317168762,b'ssp245',5.489693400053232,268.2983003029229,278.4048174024927,250.62450407273369,b'2015-01-13/2015-01-19',1421107200
2132,25,21,77.31828405936484,0.001855438798305,b'HadGEM3-GC31-LL',7,7.338135910136248e-05,245.1746940482193,92.97573156561616,b'ssp245',6.415925647252971,267.2390928485109,274.1095798467499,258.4189042899603,b'2015-01-20/2015-01-26',1421712000
2132,25,21,71.30862630968186,0.0018528528183473,b'HadGEM3-GC31-LL',7,2.746325459658953e-06,229.9280765935932,126.01619581785894,b'ssp245',5.686385444788928,268.2294808846933,277.7991461992783,258.79337332399325,b'2015-01-27/2015-02-02',1422316800
2132,25,21,68.40793845292158,0.003052443502731,b'HadGEM3-GC31-LL',7,0.0003425248920266,259.6732404977779,118.18169144963758,b'ssp245',6.889193157002519,275.2094227054428,284.2396173747277,264.7757515834567,b'2015-02-03/2015-02-09',1422921600
2132,25,21,63.06159110711884,0.0026558297339532,b'HadGEM3-GC31-LL',7,0.0,242.49246863119703,148.41257354755322,b'ssp245',5.735381897238605,275.21392022520814,280.8389897897093,267.36987643771704,b'2015-02-10/2015-02-16',1423526400
2132,25,21,63.19033458720402,0.0027171347835287,b'HadGEM3-GC31-LL',7,3.896345885524786e-05,236.3843724915368,159.6472880045573,b'ssp245',6.695397694163555,274.5977865932072,283.7173434654352,263.5095801924828,b'2015-02-17/2015-02-23',1424131200
2132,25,21,62.90001697819292,0.0016718940461209,b'HadGEM3-GC31-LL',7,6.902177365329866e-07,214.0102361921874,178.94660631043868,b'ssp245',8.360301727896868,269.6089028656168,280.7067474165773,255.5084333897676,b'2015-02-24/2015-03-02',1424736000
2132,25,21,76.34250160737308,0.003049964497838,b'HadGEM3-GC31-LL',7,0.000306959364466,256.4929671039694,155.82453068371987,b'ssp245',7.382909028581322,272.9810796334593,283.5164711148132,256.33177364573754,b'2015-03-03/2015-03-09',1425340800
2132,25,21,85.96656467118369,0.0034056729997237,b'HadGEM3-GC31-LL',7,0.0007269124993777,271.3335340626322,130.4952722449114,b'ssp245',8.53264120060671,273.02058775848667,279.480192828542,261.23860165132675,b'2015-03-10/2015-03-16',1425945600
2132,25,21,79.98241795463574,0.0040522492297951,b'HadGEM3-GC31-LL',7,9.657765969045128e-05,266.1476261104485,197.5692302610064,b'ssp245',5.036003113386604,277.7162925323667,282.44828799711075,271.86509023097085,b'2015-03-17/2015-03-23',1426550400
2132,25,21,79.47189964344298,0.004900066260026,b'HadGEM3-GC31-LL',7,0.0004701168341843,279.32682592758243,177.21097709306702,b'ssp245',6.645268045405231,278.7917155821748,292.9476725925288,263.0450923479201,b'2015-03-24/2015-03-30',1427155200
2132,25,21,84.00717854789215,0.0058568311345621,b'HadGEM3-GC31-LL',7,0.0003639337186786,296.7944831218892,187.7254397181236,b'ssp245',5.085384352348915,281.72726549658495,292.1011514767582,272.68910971913726,b'2015-03-31/2015-04-06',1427760000
2132,25,21,86.63112314594078,0.0056996850287868,b'HadGEM3-GC31-LL',7,0.0010654473482171,299.1671782278992,162.14772939578123,b'ssp245',10.428518835495762,281.55221737132354,291.5216156205321,274.4914028192657,b'2015-04-07/2015-04-13',1428364800
2132,25,21,79.29560963654126,0.0053441700271373,b'HadGEM3-GC31-LL',7,0.0001710063720654,271.7926454137428,237.5445782673014,b'ssp245',5.437347998323746,281.78737117269867,291.0396455918522,273.6808329397297,b'2015-04-14/2015-04-20',1428969600
2132,25,21,91.0279294752162,0.0082315032382272,b'HadGEM3-GC31-LL',7,0.0002692209885289,317.15267428586014,220.5548807779948,b'ssp245',4.200864341672321,286.4493185186401,293.8691010651765,280.27201879829624,b'2015-04-21/2015-04-27',1429574400
2132,25,21,84.3482666680496,0.0078409834828087,b'HadGEM3-GC31-LL',7,2.996228558274548e-05,296.3032548360056,261.7544537570073,b'ssp245',2.7346073223577645,286.8652392095619,293.2351799592993,279.7026125839333,b'2015-04-28/2015-05-04',1430179200
2132,25,21,76.62114973688585,0.0071873960876242,b'HadGEM3-GC31-LL',7,0.0002100743773425,296.4456238020925,272.650959113436,b'ssp245',4.718272801132689,286.2317827060295,296.83253223028584,276.24960872342643,b'2015-05-05/2015-05-11',1430784000
2132,25,21,79.5997561500186,0.0082625837625869,b'HadGEM3-GC31-LL',7,0.0001060599283954,308.6566754034513,275.236684923264,b'ssp245',5.675842249909183,287.87303908651137,296.8373639142072,277.40958286526416,b'2015-05-12/2015-05-18',1431388800
2132,25,21,87.13464506964353,0.010656541860942,b'HadGEM3-GC31-LL',7,0.0001351647852923,330.7186947017305,279.27775686758537,b'ssp245',4.381615901453414,291.00768865353217,298.8569276099112,280.0729242461959,b'2015-05-19/2015-05-25',1431993600
2132,25,21,84.03779239221187,0.0111683352919653,b'HadGEM3-GC31-LL',7,0.0003035142759707,325.85019395806285,311.2603543017685,b'ssp245',5.198535102422164,292.4248968006257,300.2114861515353,280.4897790713508,b'2015-05-26/2015-06-01',1432598400
2132,25,21,86.97759678754858,0.0124882265277278,b'HadGEM3-GC31-LL',7,0.0001766716202302,350.298470177459,272.01320574820096,b'ssp245',4.267865557482114,293.85124680975906,302.2386091643689,286.3691507310389,b'2015-06-02/2015-06-08',1433203200
2132,25,21,88.99538836700317,0.0140158127004339,b'HadGEM3-GC31-LL',7,0.0004405780516904,363.3629454236665,275.549579918366,b'ssp245',4.537462095734934,295.28178071901505,303.808899457678,285.06244335299226,b'2015-06-09/2015-06-15',1433808000
2132,25,21,79.66425942053797,0.0127386539351859,b'HadGEM3-GC31-LL',7,0.0004128758463749,342.40764711239314,318.95680944904007,b'ssp245',3.819834319223617,295.13267539410515,302.3295897107758,286.87025794068705,b'2015-06-16/2015-06-22',1434412800
2132,25,21,77.41094537112262,0.0125808962555575,b'HadGEM3-GC31-LL',7,0.000229043065471,342.3272948325924,298.8513519258615,b'ssp245',4.815653889972475,295.05511454663247,301.03689861089833,286.9384389972895,b'2015-06-23/2015-06-29',1435017600
2132,25,21,85.1114976789734,0.0155594438065737,b'HadGEM3-GC31-LL',7,4.6454278629739045e-05,363.7882547862353,314.9217182899093,b'ssp245',3.980221411019072,297.8218242551469,304.905924013757,286.72414303449244,b'2015-06-30/2015-07-06',1435622400
2132,25,21,84.87491434562106,0.0158356239844125,b'HadGEM3-GC31-LL',7,0.0003675649018781,376.17574063588114,280.92675169093786,b'ssp245',5.857526882170444,298.75907079683003,304.71660266618585,289.68522361472805,b'2015-07-07/2015-07-13',1436227200
2132,25,21,86.53250836569167,0.0180070182749722,b'HadGEM3-GC31-LL',7,0.0003131516522025,384.9199225303728,287.8527410360574,b'ssp245',4.867274535099294,300.0959832541415,308.9402458506732,290.3567401162939,b'2015-07-14/2015-07-20',1436832000
2132,25,21,82.68102097711643,0.0153015605427632,b'HadGEM3-GC31-LL',7,0.000301641720727,368.2252236398032,272.5801146644096,b'ssp245',3.824264684904783,298.1745874361572,303.45984126072307,291.03411479609207,b'2015-07-21/2015-07-27',1437436800
2132,25,21,81.45005975717925,0.0155094548381013,b'HadGEM3-GC31-LL',7,0.0002667884381675,372.6118106408688,260.0788817846475,b'ssp245',4.210703317450468,298.57563728073694,304.6030943627451,290.4329996212895,b'2015-07-28/2015-08-03',1438041600
2132,25,21,90.9145229706466,0.0176030203478032,b'HadGEM3-GC31-LL',7,0.0005656170510834,386.9558082008303,237.7374285767096,b'ssp245',5.040640206118815,299.75594527633103,305.239267985026,294.25413556400207,b'2015-08-04/2015-08-10',1438646400
2132,25,21,83.70756339373858,0.0160823971223824,b'HadGEM3-GC31-LL',7,0.0001352952840455,373.44306345992175,252.2617348778704,b'ssp245',3.7455101186079736,298.8420387930563,304.8266332289752,289.0708357534637,b'2015-08-11/2015-08-17',1439251200
2132,25,21,88.75830759617757,0.0177486737980774,b'HadGEM3-GC31-LL',7,0.0002354181612806,390.3379321889346,228.2296146187425,b'ssp245',3.2619320704044306,300.1124660516876,306.3622677206734,292.94759500208505,b'2015-08-18/2015-08-24',1439856000
2132,25,21,82.01528414439235,0.0159632965172775,b'HadGEM3-GC31-LL',7,0.0001450553359989,378.2972973070522,227.746582757859,b'ssp245',4.522973483869527,299.040988023356,306.3361574393212,289.15553785669,b'2015-08-25/2015-08-31',1440460800
2132,25,21,78.39235535522803,0.0124379119354914,b'HadGEM3-GC31-LL',7,0.0007980650254014,354.1572329072688,220.0473331103546,b'ssp245',5.435598420310236,294.83439213087576,303.0087651271446,282.59134615896056,b'2015-09-01/2015-09-07',1441065600
2132,25,21,74.99719318303222,0.0120092153817604,b'HadGEM3-GC31-LL',7,4.385791415318364e-05,352.31134646784056,225.5980618118016,b'ssp245',4.273434328506047,295.12780939334283,306.2103786759387,284.4097604523038,b'2015-09-08/2015-09-14',1441670400
2132,25,21,84.65611745559498,0.0132838362364699,b'HadGEM3-GC31-LL',7,1.5678354137570968e-05,357.3471521448206,213.1026026051697,b'ssp245',2.15015897367218,295.7715527047408,302.0121331640838,288.2824217686206,b'2015-09-15/2015-09-21',1442275200
2132,25,21,74.2362506936504,0.009572570112908,b'HadGEM3-GC31-LL',7,0.0001463543018389,337.49320271050044,200.990130370182,b'ssp245',4.898631740833346,291.748018361533,302.2947387695313,283.23712184797967,b'2015-09-22/2015-09-28',1442880000
2132,25,21,74.75701797323883,0.0084267990555529,b'HadGEM3-GC31-LL',7,9.99129358497395e-05,327.23784130487047,169.5845309084463,b'ssp245',5.563819502507864,289.0612454739383,299.1089673011131,278.1956918088959,b'2015-09-29/2015-10-05',1443484800
2132,25,21,75.72725068302195,0.0086658967912794,b'HadGEM3-GC31-LL',7,1.7718123690815296e-05,324.9417834503051,177.5537671380944,b'ssp245',3.904052767692754,289.9247383808667,298.1062993733192,278.9832033643536,b'2015-10-06/2015-10-12',1444089600
2132,25,21,78.56283515433897,0.0084670511057841,b'HadGEM3-GC31-LL',7,7.702099378399545e-05,329.7358868976193,142.01674182653204,b'ssp245',5.531312605246108,289.47968001355275,296.89503349354067,280.9447184377766,b'2015-10-13/2015-10-19',1444694400
2132,25,21,74.6223004029764,0.0068268225576996,b'HadGEM3-GC31-LL',7,5.831318963325087e-05,307.9950627535628,150.55419687745433,b'ssp245',5.454322101911799,286.3824424328108,295.3286880127485,277.00789368074703,b'2015-10-20/2015-10-26',1445299200
2132,25,21,70.04927178865795,0.0056612461904185,b'HadGEM3-GC31-LL',7,3.926672331281443e-05,296.0280131800984,128.86137365678965,b'ssp245',5.924641442677332,284.2461579100499,293.42193663354016,273.9212957643996,b'2015-10-27/2015-11-02',1445904000
2132,25,21,64.14467221570838,0.0039649475901394,b'HadGEM3-GC31-LL',7,3.752941727652242e-05,276.8164564572574,125.41704823612388,b'ssp245',5.004826772038602,280.4689901039083,290.00947866668366,272.18196122578803,b'2015-11-03/2015-11-09',1446508800
2132,25,21,77.59454027752324,0.0050166384210456,b'HadGEM3-GC31-LL',7,0.0001269111232916,297.0622383447736,101.4066733530367,b'ssp245',5.612827889874017,280.80078409944707,288.74491313859534,270.7891682144863,b'2015-11-10/2015-11-16',1447113600
2132,25,21,66.31703728617369,0.0036778156467693,b'HadGEM3-GC31-LL',7,0.0001552282039259,274.51324366009425,99.28514557050984,b'ssp245',4.804008908669525,278.30571578946245,288.3069273173679,271.0112030095784,b'2015-11-17/2015-11-23',1447718400
2132,25,21,79.6306849104795,0.0057585470041725,b'HadGEM3-GC31-LL',7,0.000370648435486,312.53435079679656,84.24001114338014,b'ssp245',6.513297089527154,281.7813690309023,291.45410541875174,272.0857153666045,b'2015-11-24/2015-11-30',1448323200
2132,25,21,79.92065354652061,0.0040658419707443,b'HadGEM3-GC31-LL',7,0.0001397508500018,277.69753390044167,81.67613082254115,b'ssp245',6.828656215738961,276.68019208958543,287.93759647277966,268.0178793115553,b'2015-12-01/2015-12-07',1448928000
2132,25,21,81.46405091034896,0.0042931552554767,b'HadGEM3-GC31-LL',7,0.0006168266238386,286.1823996987033,68.74791200710834,b'ssp245',6.787742933602189,278.0815923591659,285.1784148704512,272.0253546554798,b'2015-12-08/2015-12-14',1449532800
2132,25,21,80.07505957671425,0.0052553664621456,b'HadGEM3-GC31-LL',7,0.0001282164189918,296.444387635968,70.39046327488244,b'ssp245',7.941861443233164,281.01805512243965,290.5024713254443,274.06712131874235,b'2015-12-15/2015-12-21',1450137600
2132,25,21,66.1766108225856,0.0026662333918009,b'HadGEM3-GC31-LL',7,0.0001184636614618,243.85736807743933,90.61429576476044,b'ssp245',7.708458755159541,274.18318917600675,288.0538141919637,265.78864888376137,b'2015-12-22/2015-12-28',1450742400
2132,25,21,69.16651250683107,0.0032684905937858,b'HadGEM3-GC31-LL',7,0.0005322770240108,256.71299293439705,88.11759922135629,b'ssp245',5.741944675166549,276.1523227685714,286.85009074159177,269.32066149077906,b'2015-12-29/2016-01-04',1451347200
2132,25,21,79.67391222880484,0.0029215858920241,b'HadGEM3-GC31-LL',7,0.0002880329644372,265.9321995107993,78.99849784392788,b'ssp245',6.057174002311699,272.6023637740144,280.4262067009421,262.62847361845127,b'2016-01-05/2016-01-11',1451952000
2132,25,21,76.49778499894153,0.0024282407573942,b'HadGEM3-GC31-LL',7,0.0004515424286815,252.4767407329143,83.7925961586756,b'ssp245',9.485159963156033,269.9405850773469,285.0974314571206,254.72943813348908,b'2016-01-12/2016-01-18',1452556800
2132,25,21,78.7270649762455,0.0044982297416431,b'HadGEM3-GC31-LL',7,0.0010146226665386,287.3178457811619,85.15263376553557,b'ssp245',7.606674733282138,279.6866648650563,286.9499554270493,274.5997908847784,b'2016-01-19/2016-01-25',1453161600
2132,25,21,67.74879990550093,0.0034658778446514,b'HadGEM3-GC31-LL',7,0.000526075807701,276.8261958578462,95.91331692436496,b'ssp245',9.628547503723372,277.3586302495174,287.53406060910686,270.9131628630728,b'2016-01-26/2016-02-01',1453766400
2132,25,21,61.561855808879,0.0018388826183261,b'HadGEM3-GC31-LL',7,0.0,222.4184075363544,136.42873731388173,b'ssp245',6.986600932398207,270.62049456827,281.13739731732534,259.5787109507974,b'2016-02-02/2016-02-08',1454371200
2132,25,21,78.00855478096186,0.0031033680385712,b'HadGEM3-GC31-LL',7,0.0003279497449831,262.0966696811917,119.26011805292455,b'ssp245',7.233526380196413,273.4458215537192,283.09072423864296,262.48981118461927,b'2016-02-09/2016-02-15',1454976000
2132,25,21,74.99186644804948,0.0025483559944396,b'HadGEM3-GC31-LL',7,0.0002153614132322,251.92856500306831,135.26012130010696,b'ssp245',7.254413449797644,270.8454145235026,280.055812129268,259.61540026031025,b'2016-02-16/2016-02-22',1455580800
2132,25,21,76.0955655940626,0.0019526782076507,b'HadGEM3-GC31-LL',7,2.735167148228174e-05,228.1492878794856,161.6234325001702,b'ssp245',10.0112695800824,267.09507390059974,280.489272040739,254.94148410639207,b'2016-02-23/2016-02-29',1456185600
2132,25,21,78.55373492984434,0.0029873428544521,b'HadGEM3-GC31-LL',7,0.0003775380479503,261.80196891378625,145.37060160537467,b'ssp245',6.451373198972549,272.38255180408754,282.453519933364,259.5769940544577,b'2016-03-01/2016-03-07',1456790400
2132,25,21,79.97545301791777,0.0045303977570686,b'HadGEM3-GC31-LL',7,0.0004958688632748,285.6187415361924,154.45513839792915,b'ssp245',6.3005124590606885,278.6367181516161,286.42619333703533,268.53722479660263,b'2016-03-08/2016-03-14',1457395200
2132,25,21,77.84961130312585,0.0047886953259438,b'HadGEM3-GC31-LL',7,0.0001780414851392,275.0470539167815,186.2164609251904,b'ssp245',7.704553511964173,280.27530147529933,288.54768335014126,271.3495167584721,b'2016-03-15/2016-03-21',1458000000
2132,25,21,83.70642899205446,0.0051448067907159,b'HadGEM3-GC31-LL',7,0.000248408313931,279.33679222489235,181.415045174564,b'ssp245',4.714922226963109,280.40027059679124,288.2103252867988,269.6365909617971,b'2016-03-22/2016-03-28',1458604800
2132,25,21,79.38262708885368,0.0045508177675755,b'HadGEM3-GC31-LL',7,0.0003407806836834,274.57916490570835,203.9739561582554,b'ssp245',7.05511134901857,278.60731001520617,288.8006909605205,265.910803435415,b'2016-03-29/2016-04-04',1459209600
2132,25,21,76.69618981150947,0.0051571259027537,b'HadGEM3-GC31-LL',7,5.290261928491689e-06,253.930192972914,251.3532253850705,b'ssp245',5.178942383504382,281.62657061522526,291.04051530958515,273.28734141497307,b'2016-04-05/2016-04-11',1459814400
2132,25,21,86.5386450939968,0.0075135489127465,b'HadGEM3-GC31-LL',7,0.0004954524171429,308.21957496241765,216.7157419717019,b'ssp245',7.480973221452074,285.20722425254826,294.71645140803724,270.8668415011404,b'2016-04-12/2016-04-18',1460419200
2132,25,21,87.7832457242337,0.0082972462545851,b'HadGEM3-GC31-LL',7,0.0001588958538377,319.2543837318456,223.95329137446532,b'ssp245',4.736811445021311,286.8121914903657,296.7727878545624,275.0487763315504,b'2016-04-19/2016-04-25',1461024000
2132,25,21,87.97852931896773,0.0086626445257457,b'HadGEM3-GC31-LL',7,0.000116885914775,318.07484939912376,230.7941858533236,b'ssp245',3.605942846494711,287.8550835902395,294.4001352480554,281.17936370783127,b'2016-04-26/2016-05-02',1461628800
2132,25,21,83.08037029068085,0.0089369136316905,b'HadGEM3-GC31-LL',7,0.0004251362755664,313.3947687039226,250.17601664282253,b'ssp245',5.663806853174161,289.17154275447155,298.2862264263344,280.3421200687849,b'2016-05-03/2016-05-09',1462233600
2132,25,21,78.52047501298968,0.0084185651039725,b'HadGEM3-GC31-LL',7,9.039706191345597e-05,308.74897506338687,276.0539162781541,b'ssp245',5.274239382564261,289.2407327242963,298.9882977388004,280.1422381764664,b'2016-05-10/2016-05-16',1462838400
2132,25,21,84.31663227170345,0.0104783649638658,b'HadGEM3-GC31-LL',7,0.0005676511304998,331.32604529306303,255.55339750307127,b'ssp245',5.527229556182519,291.34060556867064,300.1135518524901,279.4947539684819,b'2016-05-17/2016-05-23',1463443200
2132,25,21,79.62478718192192,0.0097150226908283,b'HadGEM3-GC31-LL',7,0.000131732934304,315.894970492266,308.65072001158325,b'ssp245',4.619290701963803,290.75784752920265,299.24385193801913,279.0814873855358,b'2016-05-24/2016-05-30',1464048000
2132,25,21,80.95854512323592,0.0113374514473671,b'HadGEM3-GC31-LL',7,0.0002693444578183,324.5493297416623,319.89452055032626,b'ssp245',4.198698316264516,292.58873912385053,301.98304426072724,282.3025650988477,b'2016-05-31/2016-06-06',1464652800
2132,25,21,90.40814113765352,0.0130381373957568,b'HadGEM3-GC31-LL',7,0.0004045293919463,359.3534696349243,256.5656561188115,b'ssp245',4.431518719717976,293.5926992094038,304.59072244349125,280.1931147689653,b'2016-06-07/2016-06-13',1465257600
2132,25,21,85.6809280708947,0.0139861493349687,b'HadGEM3-GC31-LL',7,5.129726897056648e-05,355.4679753588176,296.1067071101987,b'ssp245',3.006144220421628,295.53921443251784,304.9446157152097,287.1017997259668,b'2016-06-14/2016-06-20',1465862400
2132,25,21,80.70966665373018,0.0131869766025821,b'HadGEM3-GC31-LL',7,0.0004280686902949,351.4813547950648,299.99503450129515,b'ssp245',5.021127372154594,294.9024046616802,302.5335319701883,286.7478581181279,b'2016-06-21/2016-06-27',1466467200
2132,25,21,78.19323562945009,0.0150336606095846,b'HadGEM3-GC31-LL',7,3.320738697025431e-05,361.1009885833674,324.93966016582414,b'ssp245',4.041725311774982,298.5294575838148,305.35215290543306,288.491223104639,b'2016-06-28/2016-07-04',1467072000
2132,25,21,82.62169811772365,0.0154160665307011,b'HadGEM3-GC31-LL',7,0.0002059449754323,369.4311712735767,299.1309825186042,b'ssp245',3.965811525294984,298.2197996983081,306.3261720744613,285.97016298381334,b'2016-07-05/2016-07-11',1467676800
2132,25,21,74.45286874922496,0.0131455997568593,b'HadGEM3-GC31-LL',7,0.0001842838198323,349.5867431431666,310.7391869657477,b'ssp245',4.67710265377174,296.1223238468022,303.3355464228878,286.2027656372336,b'2016-07-12/2016-07-18',1468281600
2132,25,21,82.79469339208664,0.0149748950777531,b'HadGEM3-GC31-LL',7,0.0002834853907089,367.6758330814423,270.2018326475284,b'ssp245',3.819054854016344,297.1914065729373,304.08136790822016,288.84971708409927,b'2016-07-19/2016-07-25',1468886400
2132,25,21,79.76245451760077,0.0146697739825009,b'HadGEM3-GC31-LL',7,0.0001602301139422,364.8729739861439,284.1912524131018,b'ssp245',4.179027049703981,297.1678590557859,305.4853560836227,288.4414884945406,b'2016-07-26/2016-08-01',1469491200
2132,25,21,77.26280192456214,0.0138676672341423,b'HadGEM3-GC31-LL',7,0.0001312511340986,355.91543001613627,291.3825243069233,b'ssp245',4.092983675344391,296.69848581522456,305.4349911758323,285.4363770329095,b'2016-08-02/2016-08-08',1470096000
2132,25,21,85.04413793274742,0.0157132976831345,b'HadGEM3-GC31-LL',7,0.000531678200786,375.743434351551,237.92079980388965,b'ssp245',3.676620791717515,298.1491375236618,304.4777256252979,289.2420693524263,b'2016-08-09/2016-08-15',1470700800
2132,25,21,77.63262490902665,0.0134170098436623,b'HadGEM3-GC31-LL',7,8.854236592823228e-05,368.7201819896253,237.88797152840087,b'ssp245',4.788800818394027,296.5475767998172,306.5040341711772,288.4970667886837,b'2016-08-16/2016-08-22',1471305600
2132,25,21,70.87252622284402,0.0102779265969105,b'HadGEM3-GC31-LL',7,0.0001196645558296,339.230602778492,244.770425059808,b'ssp245',4.069037075989572,293.24520030587104,301.4306531586159,283.5624821149706,b'2016-08-23/2016-08-29',1471910400
2132,25,21,77.60503931458108,0.0103904824524797,b'HadGEM3-GC31-LL',7,0.0002408687963146,355.1304972102774,183.0639720338548,b'ssp245',4.506431993353304,292.66524788897766,299.6590540268842,286.87601465960734,b'2016-08-30/2016-09-05',1472515200
2132,25,21,82.59585702126174,0.01262081169094,b'HadGEM3-GC31-LL',7,0.0002076816530746,360.3989708025137,214.01344777073697,b'ssp245',4.386116539619439,294.6882401343784,301.51319689116974,284.4120651610796,b'2016-09-06/2016-09-12',1473120000
2132,25,21,79.08183961993544,0.0111521328067527,b'HadGEM3-GC31-LL',7,0.0005037205459679,351.9898786785222,202.340265439672,b'ssp245',4.322601217367255,292.9418950821431,300.43461997836243,282.45149732934624,b'2016-09-13/2016-09-19',1473724800
2132,25,21,82.00966293092758,0.0099735620196524,b'HadGEM3-GC31-LL',7,0.0003321995521343,347.6826306938791,178.86530067213516,b'ssp245',5.878059787242687,290.9203185940175,298.94996706229153,283.772452161203,b'2016-09-20/2016-09-26',1474329600
2132,25,21,74.88480107212156,0.0085704899175625,b'HadGEM3-GC31-LL',7,0.0001294065412703,334.84860990294555,177.78460021364774,b'ssp245',4.5168218333662535,290.6319406356835,296.2952195377392,283.9257567162608,b'2016-09-27/2016-10-03',1474934400
2132,25,21,85.02508354008921,0.0105939852357851,b'HadGEM3-GC31-LL',7,6.183969006182974e-05,338.39768321336777,177.54400741144983,b'ssp245',3.304856882338727,291.7757146831172,298.5645041870916,283.7444713983141,b'2016-10-04/2016-10-10',1475539200
2132,25,21,84.42246679216392,0.0100645379065061,b'HadGEM3-GC31-LL',7,0.0001567234595949,347.72911644991115,150.62596427900857,b'ssp245',4.216020338193227,291.1689874273277,297.5401703080321,280.83055663264656,b'2016-10-11/2016-10-17',1476144000
2132,25,21,70.29123285259742,0.0066830595918149,b'HadGEM3-GC31-LL',7,5.104595538486672e-05,311.00491749976896,150.1580845120166,b'ssp245',6.989321883356241,287.27735729437177,296.3438514593121,280.3557333686513,b'2016-10-18/2016-10-24',1476748800
2132,25,21,72.98163284529713,0.0058890221064514,b'HadGEM3-GC31-LL',7,8.26651728709922e-05,302.221082804324,132.9737290691966,b'ssp245',6.10970085319462,284.6176601377856,291.92518519316366,277.00312183521413,b'2016-10-25/2016-10-31',1477353600
2132,25,21,75.60240326972531,0.0057505465781045,b'HadGEM3-GC31-LL',7,0.000372697998582,311.5331549123556,113.19350300375412,b'ssp245',7.364897134925138,283.83404106949854,293.1871494800177,278.00740945521005,b'2016-11-01/2016-11-07',1477958400
2132,25,21,79.976542340162,0.0062254666038601,b'HadGEM3-GC31-LL',7,0.0001917942804022,303.2984073946419,110.1903573661588,b'ssp245',4.663287510576554,284.0409364673604,292.281105922458,275.5818272675824,b'2016-11-08/2016-11-14',1478563200
2132,25,21,78.28134642053979,0.0052617287967345,b'HadGEM3-GC31-LL',7,0.0007802220254773,307.934866996929,81.58703313020764,b'ssp245',8.420378211276985,281.83744601627546,290.983520840248,273.96320271543954,b'2016-11-15/2016-11-21',1479168000
2132,25,21,78.26125676914647,0.0043292146498859,b'HadGEM3-GC31-LL',7,0.0007715771179235,294.49226036985976,84.8258445245842,b'ssp245',7.100582535898356,278.21777038859165,288.33243921483523,268.8797864062075,b'2016-11-22/2016-11-28',1479772800
2132,25,21,78.8272195003354,0.0041543358719944,b'HadGEM3-GC31-LL',7,1.143129747817634e-05,283.9502511664117,88.5836944508842,b'ssp245',4.918599155436711,278.00561323976206,287.280207814734,268.82541917456,b'2016-11-29/2016-12-05',1480377600
2132,25,21,73.00918826884731,0.0039728761354528,b'HadGEM3-GC31-LL',7,0.000100906769379,270.59820178139074,85.69253867725476,b'ssp245',7.2002977768357495,278.3490576080693,288.40664067818966,268.50360512993177,b'2016-12-06/2016-12-12',1480982400
2132,25,21,66.38276542832168,0.0024575758391339,b'HadGEM3-GC31-LL',7,6.789921994991514e-05,245.43600909805653,84.81861681898101,b'ssp245',7.425128931795887,273.5341544983879,279.301967446321,267.3199061308551,b'2016-12-13/2016-12-19',1481587200
2132,25,21,72.62258850819516,0.0029964449030218,b'HadGEM3-GC31-LL',7,7.780513663643603e-05,253.42473295267,82.21885720213515,b'ssp245',6.352255374740449,275.04085570453225,281.2482029867068,270.5793298127085,b'2016-12-20/2016-12-26',1482192000
2132,25,21,75.71241317639794,0.0025765446957908,b'HadGEM3-GC31-LL',7,0.0002542852714019,254.127575126052,81.98282730026554,b'ssp245',10.305022527301125,271.46954835808026,281.1031234176071,265.3708037332772,b'2016-12-27/2017-01-02',1482796800
2132,25,21,75.87625301585479,0.0030098831668174,b'HadGEM3-GC31-LL',7,0.000669441525987,263.2596112229614,82.82938020992903,b'ssp245',7.93977978405387,272.62745999414307,285.6399403158616,264.0552030409603,b'2017-01-03/2017-01-09',1483401600
2132,25,21,73.24769029519359,0.0030902347581358,b'HadGEM3-GC31-LL',7,0.0001108831153403,268.53063159874955,85.62354372714934,b'ssp245',6.813949060039361,274.57767806422703,283.08494704169647,265.83798350747634,b'2017-01-10/2017-01-16',1484006400
2132,25,21,71.77988837984468,0.0015057547822766,b'HadGEM3-GC31-LL',7,3.10667556759119e-05,221.5563657958301,106.337826790262,b'ssp245',7.714627659955278,265.5253104415595,277.5467608416522,256.52387172723905,b'2017-01-17/2017-01-23',1484611200
2132,25,21,74.16500630335683,0.0030728618562489,b'HadGEM3-GC31-LL',7,0.0004258855986529,264.8813564515433,99.17453197166996,b'ssp245',7.1223048098243895,274.087257601337,284.4464061462801,263.12415933712896,b'2017-01-24/2017-01-30',1485216000
2132,25,21,65.59892355939364,0.0022078859760016,b'HadGEM3-GC31-LL',7,0.0001543728564181,241.7065992500787,116.60403842848852,b'ssp245',6.255435017681626,271.93060811835585,279.12301914988,263.9168536283871,b'2017-01-31/2017-02-06',1485820800
2132,25,21,80.99866638753484,0.0016113267221971,b'HadGEM3-GC31-LL',7,0.0003802065524751,227.88693415395127,129.23046924390417,b'ssp245',11.625401525381678,264.398055702587,280.9944598960461,254.95865280384072,b'2017-02-07/2017-02-13',1486425600
2132,25,21,69.10192583774504,0.0020741525174176,b'HadGEM3-GC31-LL',7,3.457205985268401e-06,242.49798134246643,144.42337156284498,b'ssp245',7.602420865060977,270.43537690548226,277.4735729741116,264.26253561048986,b'2017-02-14/2017-02-20',1487030400
2132,25,21,71.68101965212354,0.0032472601319105,b'HadGEM3-GC31-LL',7,0.0003523001752299,263.64865948142494,142.67045537222592,b'ssp245',7.880248426982929,275.4508137090014,283.35651838182105,267.7428900026808,b'2017-02-21/2017-02-27',1487635200
2132,25,21,74.16602763779395,0.0033100625313702,b'HadGEM3-GC31-LL',7,0.0002471450225634,250.03728404135632,160.25033041238413,b'ssp245',6.647290161529361,275.33103307919305,282.09992226328467,267.77143032098905,b'2017-02-28/2017-03-06',1488240000
2132,25,21,74.46726145122491,0.0021101682884731,b'HadGEM3-GC31-LL',7,0.0005391364260299,241.4959025615997,154.0987805325852,b'ssp245',9.216159650183451,269.87474860278314,277.31373346864785,257.87436411739174,b'2017-03-07/2017-03-13',1488844800
2132,25,21,85.09173143744803,0.0038235515860855,b'HadGEM3-GC31-LL',7,0.0007421694257474,270.02793661545564,162.2666101512084,b'ssp245',8.709928377447119,275.6984338888008,281.36012617123674,269.5362184478827,b'2017-03-14/2017-03-20',1489449600
2132,25,21,75.24271791269949,0.0029627375492818,b'HadGEM3-GC31-LL',7,0.0001315356879741,250.28037586562405,191.7622092894368,b'ssp245',6.820724620278885,273.5088732731591,280.8545592729822,264.546835107741,b'2017-03-21/2017-03-27',1490054400
2132,25,21,85.53073762904955,0.0045852966070663,b'HadGEM3-GC31-LL',7,0.000388202597603,287.4608583138659,176.98503440716837,b'ssp245',7.453470195374903,278.00250502490496,284.7365018557879,272.63035440548833,b'2017-03-28/2017-04-03',1490659200
2132,25,21,76.15179491325068,0.0037928197841303,b'HadGEM3-GC31-LL',7,0.0002180880165671,269.2866988979023,190.99528093335044,b'ssp245',5.909952035174354,276.2943764243436,283.4383897968367,269.5240221875426,b'2017-04-04/2017-04-10',1491264000
2132,25,21,90.56687106367885,0.0068146455556169,b'HadGEM3-GC31-LL',7,0.0002288948508225,304.4655252380086,209.5913636973073,b'ssp245',3.981197156788885,282.8625679479149,292.5298830917458,271.7952347632847,b'2017-04-11/2017-04-17',1491868800
2132,25,21,76.80378883900838,0.0054255195099418,b'HadGEM3-GC31-LL',7,3.007020402363549e-05,286.2568892981455,232.338682006684,b'ssp245',4.243261673277574,282.42876776497275,288.8668548650472,276.59596488470606,b'2017-04-18/2017-04-24',1492473600
2132,25,21,84.64123521621377,0.0064337534797799,b'HadGEM3-GC31-LL',7,0.0004618714673604,303.00184753398975,207.26258936530888,b'ssp245',5.023197017204268,283.31504445175426,290.315327563317,275.735782398897,b'2017-04-25/2017-05-01',1493078400
2132,25,21,85.12413048885192,0.007663875124036,b'HadGEM3-GC31-LL',7,0.0001890207278626,301.2975497015755,251.17732628193968,b'ssp245',5.542694613156644,285.84326472966575,293.12177909900936,275.6129497453278,b'2017-05-02/2017-05-08',1493683200
2132,25,21,87.561152534473,0.0085140723315375,b'HadGEM3-GC31-LL',7,0.0004325486181765,314.0715779489422,247.73800353813945,b'ssp245',5.257273465793823,286.85513723582966,294.7909790570959,279.2233180625766,b'2017-05-09/2017-05-15',1494288000
2132,25,21,87.4867803987372,0.0089957148974098,b'HadGEM3-GC31-LL',7,0.0004087313104154,322.4641491687821,254.75021599996063,b'ssp245',4.42104688289564,287.9519733579738,295.7587689169092,280.41793989459933,b'2017-05-16/2017-05-22',1494892800
2132,25,21,82.27966854737772,0.0092430490346197,b'HadGEM3-GC31-LL',7,0.0002141402914543,324.13798913798377,264.913177167297,b'ssp245',3.4368192414572563,289.9569441613993,296.90798504731754,281.2854196718835,b'2017-05-23/2017-05-29',1495497600
2132,25,21,86.25648168236751,0.0108379492013857,b'HadGEM3-GC31-LL',7,0.0003808067501404,336.06836012535445,290.3702185660777,b'ssp245',4.227708411891996,291.193078789947,298.73044574546395,283.5913921680326,b'2017-05-30/2017-06-05',1496102400
2132,25,21,87.91468742648428,0.012289656412843,b'HadGEM3-GC31-LL',7,0.000380909235725,345.4439756059216,286.1091431404919,b'ssp245',4.572330744437922,293.52922152612126,299.4756131972103,283.277439092499,b'2017-06-06/2017-06-12',1496707200
2132,25,21,84.19038826366321,0.0135585676923328,b'HadGEM3-GC31-LL',7,5.2664378151402e-05,347.75167811536505,321.143992058629,b'ssp245',3.3613551143096534,295.20055504569444,302.8562068897655,286.811243460329,b'2017-06-13/2017-06-19',1497312000
2132,25,21,84.38201181487135,0.0132795935250305,b'HadGEM3-GC31-LL',7,0.0001405898528217,361.3671555387021,279.70417691137874,b'ssp245',5.875458166156274,294.59176803859566,305.3267065642446,284.442983323972,b'2017-06-20/2017-06-26',1497916800
2132,25,21,86.29195882522389,0.0136276346301196,b'HadGEM3-GC31-LL',7,0.000275964396811,359.7255015558741,296.60085280721444,b'ssp245',3.1523376601231345,295.08762982460775,304.2031481375102,285.0495890698402,b'2017-06-27/2017-07-03',1498521600
2132,25,21,81.78803006696657,0.0135979975161826,b'HadGEM3-GC31-LL',7,0.0003349042902702,358.9482655814605,291.507543417215,b'ssp245',4.426355423750701,295.4035530553368,302.7954799677032,285.16966117908754,b'2017-07-04/2017-07-10',1499126400
2132,25,21,90.81259021349425,0.0168517030801054,b'HadGEM3-GC31-LL',7,0.000262577944925,379.7632436600943,269.0548497000254,b'ssp245',3.9601351834144913,298.5939002798385,303.9969676564202,289.4292358531412,b'2017-07-11/2017-07-17',1499731200
2132,25,21,94.61490414545538,0.0180615755027044,b'HadGEM3-GC31-LL',7,0.0004397917466328,389.9551336322289,249.4934419500765,b'ssp245',2.8546464202784696,299.048765893076,306.58427937825525,291.22333022971554,b'2017-07-18/2017-07-24',1500336000
2132,25,21,84.98483562974073,0.0159935970282557,b'HadGEM3-GC31-LL',7,0.0001498587285161,374.3439352045615,276.625346991417,b'ssp245',4.318656770380865,297.87853640126843,306.1612725683807,287.24416303115214,b'2017-07-25/2017-07-31',1500940800
2132,25,21,87.6749449610302,0.016745517574137,b'HadGEM3-GC31-LL',7,0.0001025891844663,378.14405686455353,266.518689680055,b'ssp245',4.29633970361538,298.9657226144581,305.89892631314683,292.46125577373965,b'2017-08-01/2017-08-07',1501545600
2132,25,21,76.2789353680247,0.0133670143127427,b'HadGEM3-GC31-LL',7,7.507936442908075e-05,356.86310504019315,275.0974836542419,b'ssp245',3.504868065720958,296.13627424575515,304.0500368604473,287.167309330959,b'2017-08-08/2017-08-14',1502150400
2132,25,21,80.57572430047594,0.0146656353881717,b'HadGEM3-GC31-LL',7,0.0002466104461002,367.14496796575617,239.0914861285497,b'ssp245',4.216988498311974,297.1055271351705,303.8435895666317,289.06330170143144,b'2017-08-15/2017-08-21',1502755200
2132,25,21,78.1600852963934,0.013219435334929,b'HadGEM3-GC31-LL',7,6.71218273233111e-05,359.1420698311334,246.40005799954528,b'ssp245',3.947868771542652,296.0117021187273,303.2978901915041,287.6558831241915,b'2017-08-22/2017-08-28',1503360000
2132,25,21,78.33564364008544,0.0123160709118266,b'HadGEM3-GC31-LL',7,0.0005855598237931,350.6794867089631,228.5431196709641,b'ssp245',4.759738192838782,293.91408071746497,302.2788407735056,282.8170681290637,b'2017-08-29/2017-09-04',1503964800
2132,25,21,74.0651559197491,0.0095701113663824,b'HadGEM3-GC31-LL',7,0.0001083363436326,337.4198373888944,217.38171742424728,b'ssp245',4.542540768541135,291.6527850153733,298.85135180238547,284.8419601008264,b'2017-09-05/2017-09-11',1504569600
2132,25,21,74.59238162665511,0.0099057056400501,b'HadGEM3-GC31-LL',7,1.3486253620386956e-05,334.3270585089505,223.9692971650737,b'ssp245',4.03128960850155,291.29942705027975,299.46120072242223,282.1205296069709,b'2017-09-12/2017-09-18',1505174400
2132,25,21,83.11311848245973,0.0114590910824529,b'HadGEM3-GC31-LL',7,0.000229163001251,354.6373080346505,196.5705217159021,b'ssp245',5.688940709749561,292.9423483341904,300.3315329291981,282.9442179229005,b'2017-09-19/2017-09-25',1505779200
2132,25,21,81.44411502461772,0.0095031927338282,b'HadGEM3-GC31-LL',7,2.5238495213111066e-05,339.76316034226187,177.94295703307367,b'ssp245',2.7490540260174847,290.57623053561707,297.7489784922216,283.9758609281386,b'2017-09-26/2017-10-02',1506384000
2132,25,21,84.31028302807397,0.0106428318621907,b'HadGEM3-GC31-LL',7,2.361010565550962e-06,343.39726505701026,179.80424369386972,b'ssp245',2.659431022273912,292.1378826446486,298.69425522216267,284.6088407761651,b'2017-10-03/2017-10-09',1506988800
2132,25,21,83.63739847372598,0.0098828629915504,b'HadGEM3-GC31-LL',7,0.0003220851322468,339.61829158475456,156.10883541208096,b'ssp245',5.515903566472077,291.14830800212883,298.8336491470504,281.94206214522484,b'2017-10-10/2017-10-16',1507593600
2132,25,21,84.35928511419216,0.0095693966909463,b'HadGEM3-GC31-LL',7,0.0001761639662936,342.9151300833376,136.23259568652222,b'ssp245',3.780388622836016,290.61781100650984,296.50624692829604,283.80552723205165,b'2017-10-17/2017-10-23',1508198400
2132,25,21,74.54506784979888,0.0073888674249406,b'HadGEM3-GC31-LL',7,0.0007661771335018,311.4128180989736,136.59005451885074,b'ssp245',5.4266137628587945,287.9936066481172,296.116512522978,280.01439917736843,b'2017-10-24/2017-10-30',1508803200
2132,25,21,75.60187093364907,0.0064773967210174,b'HadGEM3-GC31-LL',7,5.271349739126899e-07,298.02747114877855,132.38830573529867,b'ssp245',4.509266644298863,285.61593896727527,293.18442955931295,277.5212474814687,b'2017-10-31/2017-11-06',1509408000
2132,25,21,82.51783049102889,0.0064111304652888,b'HadGEM3-GC31-LL',7,0.0009378541893536,311.5310149111186,87.84848639603683,b'ssp245',9.42610037182114,284.44101413758864,291.8047984669671,276.79436511203875,b'2017-11-07/2017-11-13',1510012800
2132,25,21,72.97519438310535,0.0040708171371706,b'HadGEM3-GC31-LL',7,2.8278545899119985e-05,276.3753882276652,105.9074529724406,b'ssp245',6.773599377830118,278.73158920957707,286.9159659591376,271.6275618808722,b'2017-11-14/2017-11-20',1510617600
2132,25,21,80.03321317879909,0.0052824830839284,b'HadGEM3-GC31-LL',7,4.01291607210697e-05,285.6166767461108,96.96813051477238,b'ssp245',6.079286076515737,282.1264787490517,288.2741935247949,276.0282590113954,b'2017-11-21/2017-11-27',1511222400
2132,25,21,77.66970738049723,0.0042988609035904,b'HadGEM3-GC31-LL',7,0.0001413965574057,286.502049075381,78.57805911247284,b'ssp245',6.727534255764768,279.3593247927426,284.1733466919211,272.10469271258853,b'2017-11-28/2017-12-04',1511827200
2132,25,21,79.79658328073255,0.0043891847678284,b'HadGEM3-GC31-LL',7,0.0009668646812033,286.8088672256826,78.58320667541105,b'ssp245',7.974190490475111,278.62806780969765,286.2612243519369,272.6400503520093,b'2017-12-05/2017-12-11',1512432000
2132,25,21,81.98915856863309,0.004669264849528,b'HadGEM3-GC31-LL',7,4.037089518063713e-05,288.8430188033873,81.1852718178743,b'ssp245',3.8915304998872142,280.2069646299275,284.9858758797573,275.0800503333929,b'2017-12-12/2017-12-18',1513036800
2132,25,21,87.81094426363754,0.0055347667701792,b'HadGEM3-GC31-LL',7,0.001421603342213,323.170129932127,49.87709600933608,b'ssp245',8.174263647995447,281.83222064324866,286.60511510512407,275.9021366426888,b'2017-12-19/2017-12-25',1513641600
2132,25,21,75.11200653323124,0.0037323975432814,b'HadGEM3-GC31-LL',7,6.812778808094873e-05,280.5569455253347,77.19839343377598,b'ssp245',6.296306920726835,278.126659888402,282.344828021812,274.3875716464972,b'2017-12-26/2018-01-01',1514246400
2132,25,21,76.52937814360499,0.003944033338583,b'HadGEM3-GC31-LL',7,0.0004593685724881,287.0808630194428,76.11137106141827,b'ssp245',7.2529358200443665,278.0855166746603,284.8351071426292,270.5218939355256,b'2018-01-02/2018-01-08',1514851200
2132,25,21,67.04042695179336,0.0018744876696587,b'HadGEM3-GC31-LL',7,4.887028546607798e-05,241.34755794407607,90.84838527153484,b'ssp245',9.126351517975015,269.66080538253715,278.1414140688828,260.7582676706751,b'2018-01-09/2018-01-15',1515456000
2132,25,21,77.61402410560036,0.0029664414200306,b'HadGEM3-GC31-LL',7,0.0003323435857293,264.86955284026044,96.37763892992096,b'ssp245',5.799066678927837,273.2275006044627,280.1074046548416,261.6643620243779,b'2018-01-16/2018-01-22',1516060800
2132,25,21,77.67670970908436,0.0034119905235805,b'HadGEM3-GC31-LL',7,0.0005576782850765,286.06740311006126,78.97878944855259,b'ssp245',6.52293543818581,275.43276484584715,283.50174049925965,269.4467033436096,b'2018-01-23/2018-01-29',1516665600
2132,25,21,73.1372504627597,0.0036509174574861,b'HadGEM3-GC31-LL',7,3.346703388078941e-05,267.1724916250951,116.88097427895312,b'ssp245',5.236084777693715,277.2512121357875,283.7144517420684,269.5663187529786,b'2018-01-30/2018-02-05',1517270400
2132,25,21,65.42198273403194,0.0021936899809635,b'HadGEM3-GC31-LL',7,0.0002672037839766,235.3541076403706,134.10817120834338,b'ssp245',10.999283113251066,271.5124631395527,282.5724476666752,256.9858363199338,b'2018-02-06/2018-02-12',1517875200
2132,25,21,79.60314192951486,0.0018444884571495,b'HadGEM3-GC31-LL',7,0.0001264351750872,228.9915108655496,138.6346640635828,b'ssp245',9.161726012617263,266.52792135191754,279.0876571887978,256.76387964718225,b'2018-02-13/2018-02-19',1518480000
2132,25,21,84.8180888651169,0.0036139128306648,b'HadGEM3-GC31-LL',7,0.0004406874125879,280.28184047192013,115.79662673361312,b'ssp245',7.668113579528932,274.97984074136383,283.2004363282314,259.1366367714078,b'2018-02-20/2018-02-26',1519084800
2132,25,21,74.0814214255852,0.0028610049941571,b'HadGEM3-GC31-LL',7,0.0002829662462185,252.0925070379444,156.4452421447773,b'ssp245',8.109755560723267,272.2493722288178,283.7528794897408,257.5135624372362,b'2018-02-27/2018-03-05',1519689600
2132,25,21,71.9983592966877,0.003441677161023,b'HadGEM3-GC31-LL',7,0.0007691437650864,257.76475621783544,164.91770618769968,b'ssp245',7.814842182121431,275.6516538418753,285.85645142931304,267.5263481721899,b'2018-03-06/2018-03-12',1520294400
2132,25,21,84.35619560358052,0.0045204761257198,b'HadGEM3-GC31-LL',7,0.0003411484473687,273.1188183572854,157.73600419510794,b'ssp245',4.3846896578506485,278.0695104376386,286.1274820963542,268.5073254820049,b'2018-03-13/2018-03-19',1520899200
2132,25,21,80.45475012158592,0.0046198278205533,b'HadGEM3-GC31-LL',7,0.0004615874990407,266.82170455937364,188.62226392055567,b'ssp245',6.163673631060803,278.5486048993165,286.5854039410361,265.5948984981363,b'2018-03-20/2018-03-26',1521504000
2132,25,21,92.45990433560848,0.0061069127367017,b'HadGEM3-GC31-LL',7,0.0006714121644133,320.99342156703176,149.82517500306602,b'ssp245',5.362399507155123,282.25499042661767,288.7620157478682,277.1678593122362,b'2018-03-27/2018-04-02',1522108800
2132,25,21,85.83650591957432,0.0068838604229655,b'HadGEM3-GC31-LL',7,2.8022039963089336e-05,297.28871125815783,216.39984682227384,b'ssp245',5.767303629601221,284.92273805002685,292.7822379982809,276.341430331627,b'2018-04-03/2018-04-09',1522713600
2132,25,21,73.17913562384047,0.0060427109828989,b'HadGEM3-GC31-LL',7,2.936708711272995e-05,274.9696274349855,237.2832627829235,b'ssp245',6.818723589395238,284.4836599977448,295.16632126619095,272.5973182295922,b'2018-04-10/2018-04-16',1523318400
2132,25,21,79.24184126368645,0.0058611131723508,b'HadGEM3-GC31-LL',7,0.0002543416361901,287.6569851810896,210.54388224948724,b'ssp245',5.406902277169108,282.9444650839394,290.095389305896,273.44975430357687,b'2018-04-17/2018-04-23',1523923200
2132,25,21,83.18998100406613,0.0074158518655133,b'HadGEM3-GC31-LL',7,0.0001680529175373,294.0602709297967,241.26072766006905,b'ssp245',4.999173206812564,286.113483921672,293.7189362303624,276.050762301177,b'2018-04-24/2018-04-30',1524528000
2132,25,21,87.80207234159126,0.0082458268701473,b'HadGEM3-GC31-LL',7,0.0004123251645084,314.3030337474074,222.2546225582518,b'ssp245',4.481233759680308,287.0300158284885,292.8090732549531,280.7425083667365,b'2018-05-01/2018-05-07',1525132800
2132,25,21,84.04824235941665,0.0086822183285322,b'HadGEM3-GC31-LL',7,0.0002260883717923,309.59016444576963,258.73659059706785,b'ssp245',4.304927591070964,288.4086253180743,298.50721059229903,279.6178890053743,b'2018-05-08/2018-05-14',1525737600
2132,25,21,91.9455672761862,0.0113533860564676,b'HadGEM3-GC31-LL',7,0.0003775626215063,338.3787397283132,241.1620850359729,b'ssp245',4.35989368447922,291.48563965109696,297.50952686983,281.9608003371162,b'2018-05-15/2018-05-21',1526342400
2132,25,21,80.80186846365336,0.0099840199008439,b'HadGEM3-GC31-LL',7,8.05272240429734e-05,322.6403690721623,297.79539475973763,b'ssp245',4.04901548987269,291.44034617970453,299.29756427174823,283.88427534913706,b'2018-05-22/2018-05-28',1526947200
2132,25,21,77.0453354128788,0.0101965691536604,b'HadGEM3-GC31-LL',7,0.0001776791529146,322.2368897225232,307.1500212274309,b'ssp245',5.08310304346984,292.14151904251287,302.18055309553296,282.69674037692334,b'2018-05-29/2018-06-04',1527552000
2132,25,21,86.32136375125681,0.0144633905242674,b'HadGEM3-GC31-LL',7,5.522690890986926e-05,362.8542222973717,310.9153756866787,b'ssp245',3.649088446536689,296.6822739905966,306.30563194923155,286.72405454016456,b'2018-06-05/2018-06-11',1528156800
2132,25,21,71.90909192809204,0.0107977837115442,b'HadGEM3-GC31-LL',7,0.0002394960118004,335.90725007043835,303.3315860903824,b'ssp245',5.089918823877377,293.8977914353676,303.66298913228485,286.5456825538918,b'2018-06-12/2018-06-18',1528761600
2132,25,21,85.85954782608844,0.0130334433551948,b'HadGEM3-GC31-LL',7,0.0002195069912139,353.9667223239665,283.7017049305617,b'ssp245',4.883539611143818,294.15022705724004,304.3834269737626,286.6093729389,b'2018-06-19/2018-06-25',1529366400
2132,25,21,83.28095666842042,0.0149430975168966,b'HadGEM3-GC31-LL',7,0.0001396778793258,361.3985622297965,298.9295606521146,b'ssp245',4.061190701555026,297.31227250964406,304.59278427489704,286.7902756900829,b'2018-06-26/2018-07-02',1529971200
2132,25,21,76.68087429945395,0.0159439726205414,b'HadGEM3-GC31-LL',7,4.958471866883287e-05,366.9811182339689,336.48466588105515,b'ssp245',4.341413282212757,299.14956464627954,310.01137075652747,288.3595117639612,b'2018-07-03/2018-07-09',1530576000
2132,25,21,74.23742090813512,0.0151944830668744,b'HadGEM3-GC31-LL',7,0.0004988208521438,371.4573523541904,285.81932540641856,b'ssp245',4.156366295581512,299.4233143127043,308.8941290695424,289.19585643095127,b'2018-07-10/2018-07-16',1531180800
2132,25,21,80.41548729477142,0.0148041237834371,b'HadGEM3-GC31-LL',7,0.0001682036730462,361.2588361733583,304.00745174100456,b'ssp245',3.204552420752092,297.160549369216,303.94276125706364,289.7423822407109,b'2018-07-17/2018-07-23',1531785600
2132,25,21,83.61318087822694,0.016115307600382,b'HadGEM3-GC31-LL',7,0.0001303868869088,369.6478339111253,285.3873280235217,b'ssp245',3.713776473423198,298.8522543742432,304.24731824288955,292.04991658528644,b'2018-07-24/2018-07-30',1532390400
2132,25,21,89.93238951905361,0.0179568360615584,b'HadGEM3-GC31-LL',7,0.0005265795759138,383.9626954188794,250.3393027539792,b'ssp245',3.5574984033271755,300.0798615100337,305.4203430042807,293.7783786216852,b'2018-07-31/2018-08-06',1532995200
2132,25,21,91.82764478031068,0.0178855082125672,b'HadGEM3-GC31-LL',7,0.001221596549913,390.4172112624889,203.276470399222,b'ssp245',4.731008607874472,299.9754227876589,304.438015341499,291.9394547871775,b'2018-08-07/2018-08-13',1533600000
2132,25,21,92.44187502203576,0.0166432439511043,b'HadGEM3-GC31-LL',7,0.0003684059205692,389.0318082066811,205.8421365290908,b'ssp245',3.0791453645862297,298.6068530588777,305.00537767597274,292.02238075405944,b'2018-08-14/2018-08-20',1534204800
2132,25,21,83.61582875778622,0.0147830328216832,b'HadGEM3-GC31-LL',7,0.0001215243195061,367.7233770081384,226.45831494965063,b'ssp245',3.351524980388028,296.92673614720405,305.2007489505677,286.7894724594482,b'2018-08-21/2018-08-27',1534809600
2132,25,21,75.79398710676492,0.01197984897602,b'HadGEM3-GC31-LL',7,0.0001601577944707,353.8966034818876,226.3832056857031,b'ssp245',4.583489988661243,295.0578936883456,303.35469876291444,284.3313369252323,b'2018-08-28/2018-09-03',1535414400
2132,25,21,81.49137315177265,0.0126912620984112,b'HadGEM3-GC31-LL',7,0.0005648713980765,356.6166946596347,212.0066629950592,b'ssp245',2.874750593240633,294.8650979149798,301.4661018188742,286.2839324884685,b'2018-09-04/2018-09-10',1536019200
2132,25,21,72.96978931563538,0.0102976048388423,b'HadGEM3-GC31-LL',7,0.0001665965780072,340.2782171530179,218.50216406956665,b'ssp245',3.623508680063432,292.6920226803829,302.732695735358,283.1930262746375,b'2018-09-11/2018-09-17',1536624000
2132,25,21,74.57624945357104,0.0094459579231137,b'HadGEM3-GC31-LL',7,4.2560624936162016e-05,333.90616790742985,211.42491531728248,b'ssp245',4.00068547597304,291.08560349731255,299.2948709458827,279.83116292849604,b'2018-09-18/2018-09-24',1537228800
2132,25,21,79.10270961852895,0.0103428557770511,b'HadGEM3-GC31-LL',7,2.0764286878078333e-05,342.21385419402134,186.6925710564716,b'ssp245',4.508113336978655,292.36590825023586,299.87054370223564,283.7952539780561,b'2018-09-25/2018-10-01',1537833600
2132,25,21,86.4165516867283,0.0097793993976928,b'HadGEM3-GC31-LL',7,0.0006679473409804,352.71289392086044,130.5281626288482,b'ssp245',6.544683424142006,290.83785505440244,296.02447203924976,282.85738916334765,b'2018-10-02/2018-10-08',1538438400
2132,25,21,86.63991353818275,0.0091177558449872,b'HadGEM3-GC31-LL',7,0.0004248493765381,342.5305765901739,139.86337720750467,b'ssp245',5.4659115038591874,289.8533607385554,295.600301904616,284.00132575274034,b'2018-10-09/2018-10-15',1539043200
2132,25,21,82.76754941919532,0.008134760271985,b'HadGEM3-GC31-LL',7,0.0005716721155939,330.9818301588213,129.5197043396623,b'ssp245',6.176611024866659,288.3130007713264,294.92487549625974,281.8136377272263,b'2018-10-16/2018-10-22',1539648000
2132,25,21,81.78049169802198,0.0078149344734418,b'HadGEM3-GC31-LL',7,0.000324967498,318.11558058281906,143.53020898538182,b'ssp245',5.579638452942484,287.9832625378711,294.8014010427305,281.0477891311147,b'2018-10-23/2018-10-29',1540252800
2132,25,21,79.55602784903296,0.0078980282913989,b'HadGEM3-GC31-LL',7,0.0003117511188909,318.8299743956285,116.03860754659529,b'ssp245',6.894618413324413,287.4613030935573,296.5799914258238,275.614717703759,b'2018-10-30/2018-11-05',1540857600
2132,25,21,79.00347730848524,0.0057556780394011,b'HadGEM3-GC31-LL',7,0.0002123372322354,299.75695198598106,111.3212657207794,b'ssp245',6.795904497027286,282.83865184528673,292.0203959147136,274.6961953821785,b'2018-11-06/2018-11-12',1541462400
2132,25,21,84.99146346974662,0.0063388259161681,b'HadGEM3-GC31-LL',7,6.576233178646923e-05,316.9539914028763,92.43359462383044,b'ssp245',5.495033359067521,284.6379345330797,289.9767493287463,277.3678923297292,b'2018-11-13/2018-11-19',1542067200
2132,25,21,72.70839922917138,0.0036044480378219,b'HadGEM3-GC31-LL',7,0.0002176487816031,281.29107337379395,88.44669518706735,b'ssp245',6.995164959964224,277.0219828477724,283.11542472756247,272.04697559497976,b'2018-11-20/2018-11-26',1542672000
2132,25,21,74.38882847823645,0.0041589540812173,b'HadGEM3-GC31-LL',7,0.0004843609349182,278.8674393341321,84.69288979918277,b'ssp245',7.679497810008182,277.6199979761328,292.3505186525565,269.0598660471133,b'2018-11-27/2018-12-03',1543276800
2132,25,21,74.93596780481941,0.0032851849784079,b'HadGEM3-GC31-LL',7,1.95207603625331e-05,251.96108051374844,91.49393167504634,b'ssp245',5.984442918797057,275.3103286263507,280.5650507775267,269.9362318250868,b'2018-12-04/2018-12-10',1543881600
2132,25,21,79.99351589322795,0.0037004266249017,b'HadGEM3-GC31-LL',7,0.0002627723224854,282.3678058775051,71.44471660819411,b'ssp245',6.536302186156819,275.9513669101538,283.1800144170624,269.47739232547406,b'2018-12-11/2018-12-17',1544486400
2132,25,21,78.73998023519032,0.0038669424399923,b'HadGEM3-GC31-LL',7,0.0003414394783825,277.8723900109632,77.21541710742864,b'ssp245',8.556667624549855,277.14952853428696,284.0882717290476,270.17146477460346,b'2018-12-18/2018-12-24',1545091200
2132,25,21,76.04380217290097,0.0037737957260884,b'HadGEM3-GC31-LL',7,0.0001617755592822,276.50614368807965,66.443112358808,b'ssp245',6.374165060733139,277.3680568473049,283.8837243040663,267.00326385165613,b'2018-12-25/2018-12-31',1545696000
2132,25,21,72.22167311121362,0.0033962533097201,b'HadGEM3-GC31-LL',7,0.0001772717224532,269.27491393150143,79.95544844032854,b'ssp245',6.732956029082844,276.4268769288857,285.375699976171,263.1068548730256,b'2019-01-01/2019-01-07',1546300800
2132,25,21,68.76887327111699,0.0027083291814129,b'HadGEM3-GC31-LL',7,0.0003171973520639,259.2661337830217,85.78395242866164,b'ssp245',5.711304345978334,273.8968053557143,285.1171285924309,268.0248913068917,b'2019-01-08/2019-01-14',1546905600
2132,25,21,72.60542549895528,0.003161828981688,b'HadGEM3-GC31-LL',7,0.0007456136143143,269.0179505239867,85.56784024492366,b'ssp245',7.628163082889778,274.4212003649116,288.5683989348235,264.1053277308645,b'2019-01-15/2019-01-21',1547510400
2132,25,21,70.77117512450944,0.0030983456209666,b'HadGEM3-GC31-LL',7,0.0003867205674218,253.78867707904016,107.499240126077,b'ssp245',7.276881015230257,274.222045566002,288.44395696103965,262.30542158405245,b'2019-01-22/2019-01-28',1548115200
2132,25,21,68.59737868179906,0.002358798956637,b'HadGEM3-GC31-LL',7,0.000252824882637,247.07474506187023,109.43645107222984,b'ssp245',7.864624093560613,272.0924258049574,281.465948765574,259.72430526301235,b'2019-01-29/2019-02-04',1548720000
2132,25,21,77.00023479443861,0.0027801142493885,b'HadGEM3-GC31-LL',7,0.0002521583014448,251.9808581981784,119.2559867239132,b'ssp245',8.169214668208626,272.3205812028588,280.4698533533965,261.5066823523029,b'2019-02-05/2019-02-11',1549324800
2132,25,21,79.90759310824753,0.0028304254959616,b'HadGEM3-GC31-LL',7,0.000189474335654,255.2327793096405,126.86105208956413,b'ssp245',8.22929326099582,271.28413608146167,280.7576169614439,255.8195308776723,b'2019-02-12/2019-02-18',1549929600
2132,25,21,85.02478399434047,0.003406712813697,b'HadGEM3-GC31-LL',7,0.0006996147595729,270.170581531495,113.71402449834912,b'ssp245',7.367394614805881,272.3657180686402,284.6193855634702,256.48954796219704,b'2019-02-19/2019-02-25',1550534400
2132,25,21,82.61184112995241,0.0026846008753627,b'HadGEM3-GC31-LL',7,0.0006102305064229,250.86657425624875,151.61581856388935,b'ssp245',7.281678815812588,270.1901121261222,285.0123539677373,258.9651822358175,b'2019-02-26/2019-03-04',1551139200
2132,25,21,76.23981585771244,0.0032887510515686,b'HadGEM3-GC31-LL',7,0.0007155511910006,254.04784292867532,162.13640205295445,b'ssp245',8.13557436976001,272.89753644784736,287.8401230623,258.24759715626703,b'2019-03-05/2019-03-11',1551744000
2132,25,21,76.26677914953959,0.0032692770954827,b'HadGEM3-GC31-LL',7,0.0003253780444692,255.6686170751938,178.45743553192492,b'ssp245',7.609825560803952,275.2581238210888,285.7513913755064,267.3370071444377,b'2019-03-12/2019-03-18',1552348800
2132,25,21,83.80618366392238,0.0027817238972675,b'HadGEM3-GC31-LL',7,0.0002376678371952,251.83003662280345,188.57645775052643,b'ssp245',7.601951230622288,271.0703824254311,277.3812799058968,263.73803877155245,b'2019-03-19/2019-03-25',1552953600
2132,25,21,75.5998623417873,0.0027080382605381,b'HadGEM3-GC31-LL',7,7.497523440093863e-05,245.1904499613159,205.9435505135349,b'ssp245',6.160042364130575,272.6031498794722,282.481833530667,261.67626035603047,b'2019-03-26/2019-04-01',1553558400
2132,25,21,81.25880613543703,0.0051579849720302,b'HadGEM3-GC31-LL',7,0.0002090013907593,273.5525167722254,209.69034641003483,b'ssp245',6.779516615156737,279.83990520307515,292.5637739592908,269.0120851603988,b'2019-04-02/2019-04-08',1554163200
2132,25,21,82.38433432794234,0.0057991049748111,b'HadGEM3-GC31-LL',7,0.0001300631428569,287.8582806508563,213.49828112329465,b'ssp245',5.916241323469288,282.13953153418487,290.8391648502392,273.62138243698087,b'2019-04-09/2019-04-15',1554768000
2132,25,21,87.5235974299659,0.0066239400345042,b'HadGEM3-GC31-LL',7,0.0002289861432693,308.50435181328936,187.6740571445592,b'ssp245',5.229344057064728,282.64512244378005,292.8090953951568,272.4176878420097,b'2019-04-16/2019-04-22',1555372800
2132,25,21,87.39920766755053,0.0076217128993195,b'HadGEM3-GC31-LL',7,0.0003558850585368,311.1684011156003,217.7960784869368,b'ssp245',4.861049104323092,285.7428687173111,293.8448332742928,277.55716979581547,b'2019-04-23/2019-04-29',1555977600
2132,25,21,78.17184387216528,0.0057153968796147,b'HadGEM3-GC31-LL',7,0.0007151159791693,286.5371489823143,222.0433302498517,b'ssp245',6.09193497189398,282.37200216322424,290.4408080655765,274.42040470430794,b'2019-04-30/2019-05-06',1556582400
2132,25,21,79.66586899957737,0.0065533187642688,b'HadGEM3-GC31-LL',7,5.515103013817828e-05,291.51413165228115,263.08058514136445,b'ssp245',3.720587105903898,284.4990261349766,291.3741258276315,275.7305109028204,b'2019-05-07/2019-05-13',1557187200
2132,25,21,82.5039005534804,0.0085836523441482,b'HadGEM3-GC31-LL',7,0.0001257519098288,309.02151456014263,286.00540086097374,b'ssp245',4.688109891347117,288.3076915390722,297.44175477536936,280.974401070921,b'2019-05-14/2019-05-20',1557792000
2132,25,21,86.08679913242695,0.0095718033721051,b'HadGEM3-GC31-LL',7,0.0004632761842744,330.0551646209156,236.19116923299268,b'ssp245',3.589587043239215,289.0332062498936,296.96849342628764,280.3105744671458,b'2019-05-21/2019-05-27',1558396800
2132,25,21,82.85561913906731,0.0097594619618477,b'HadGEM3-GC31-LL',7,0.0001617378052327,320.0173526387552,295.2617296016443,b'ssp245',4.02552619070937,290.2322226606572,297.84978902313964,282.2233120122507,b'2019-05-28/2019-06-03',1559001600
2132,25,21,79.4699105607955,0.010022155165445,b'HadGEM3-GC31-LL',7,0.0005990317316243,320.50837547475584,311.9312717593276,b'ssp245',4.158273151126414,290.76317214847097,300.921776266659,282.38988127531826,b'2019-06-04/2019-06-10',1559606400
2132,25,21,85.56502389774269,0.0123919579094646,b'HadGEM3-GC31-LL',7,0.0001513555835375,347.4456439571814,280.9683967825412,b'ssp245',3.751818360808925,293.5088189721961,300.4105761825129,285.42632737502555,b'2019-06-11/2019-06-17',1560211200
2132,25,21,92.64883654369136,0.0134358379941745,b'HadGEM3-GC31-LL',7,0.0006035009989054,364.2116527397092,243.31423286274145,b'ssp245',4.128516009987012,294.1188169942999,302.312631179045,286.42383922834546,b'2019-06-18/2019-06-24',1560816000
2132,25,21,88.48780494355131,0.0155916379383798,b'HadGEM3-GC31-LL',7,0.0001069714847266,378.79410958312366,288.2436007497617,b'ssp245',4.046442026443434,296.9814920719264,306.3587401811853,287.35840468728725,b'2019-06-25/2019-07-01',1561420800
2132,25,21,77.58475966324436,0.0125725091505451,b'HadGEM3-GC31-LL',7,0.0003408190771697,352.84137952598576,286.3725403192961,b'ssp245',5.339727609950807,295.0776049094225,306.551112621698,284.1877056445951,b'2019-07-02/2019-07-08',1562025600
2132,25,21,91.77835733156653,0.0156013567668466,b'HadGEM3-GC31-LL',7,0.0003840242659436,376.6421466712228,279.1790015288613,b'ssp245',4.029387115801453,296.15713964486616,305.3156266887723,285.626881385421,b'2019-07-09/2019-07-15',1562630400
2132,25,21,84.90462238633518,0.0161385586835418,b'HadGEM3-GC31-LL',7,0.0002905666442519,376.7900163998976,284.8307157125274,b'ssp245',4.9903335036275696,298.4398666842497,305.11601799194074,290.0716679059862,b'2019-07-16/2019-07-22',1563235200
2132,25,21,82.36357732179785,0.0156206524749151,b'HadGEM3-GC31-LL',7,0.0002305206442859,372.82996770892606,275.6026168856486,b'ssp245',4.535344421028757,298.43143110515695,305.73617852902885,289.1240455777037,b'2019-07-23/2019-07-29',1563840000
2132,25,21,84.6365274333746,0.0139644743238134,b'HadGEM3-GC31-LL',7,0.0003321715717932,368.9337948354798,242.4625598184424,b'ssp245',4.0890558604840885,295.6239179129768,303.8739810852184,287.59703060640487,b'2019-07-30/2019-08-05',1564444800
2132,25,21,92.08140683404169,0.0178076923890644,b'HadGEM3-GC31-LL',7,0.0003464734301402,385.5568230845941,241.95716543521164,b'ssp245',3.2388065371823545,299.3036277336456,305.5258598244528,291.9184880142378,b'2019-08-06/2019-08-12',1565049600
2132,25,21,77.20649368756291,0.0136201953053951,b'HadGEM3-GC31-LL',7,0.0002170052231648,359.99855567226894,256.15098239341853,b'ssp245',3.959867748670997,296.83502681671627,305.7014938720171,286.70332632293366,b'2019-08-13/2019-08-19',1565654400
2132,25,21,87.43770841330782,0.015323644564242,b'HadGEM3-GC31-LL',7,8.407799103344413e-05,371.5050456584001,234.36945311436207,b'ssp245',2.4424904724759844,297.3557067073248,303.5218061725558,289.24178259357126,b'2019-08-20/2019-08-26',1566259200
2132,25,21,79.1128308521488,0.0144491473950823,b'HadGEM3-GC31-LL',7,0.0003104091738063,368.7968194737747,222.41695457479867,b'ssp245',4.596402887759311,297.1140444364052,306.5114673622813,287.1374872743694,b'2019-08-27/2019-09-02',1566864000
2132,25,21,73.49416170378471,0.0109576569067779,b'HadGEM3-GC31-LL',7,2.000374179944296e-06,341.3942821893297,235.2134189124869,b'ssp245',3.037635660898712,293.78121900751404,301.9361110845163,284.5314842340473,b'2019-09-03/2019-09-09',1567468800
2132,25,21,82.75255204315613,0.0138028106781767,b'HadGEM3-GC31-LL',7,0.0002419706055273,364.87281816888,211.32152290712293,b'ssp245',4.655372937817162,296.229683603856,304.29278551155704,287.4734550259991,b'2019-09-10/2019-09-16',1568073600
2132,25,21,83.49690430846275,0.0107306330645942,b'HadGEM3-GC31-LL',7,0.0004248689229913,359.1414681798827,162.66477987679448,b'ssp245',5.370632459692149,291.78371828603406,299.8211054916216,283.53896170555896,b'2019-09-17/2019-09-23',1568678400
2132,25,21,73.02223237978868,0.0086154535268147,b'HadGEM3-GC31-LL',7,0.0004555715753437,325.8050989126662,194.90665906662144,b'ssp245',3.715853139428828,290.3641461426693,297.67418183636306,283.4202845621213,b'2019-09-24/2019-09-30',1569283200
2132,25,21,78.1768245892921,0.0078472896111526,b'HadGEM3-GC31-LL',7,0.0002623048551715,322.49066011088684,164.6375766567749,b'ssp245',5.059185495711991,287.9196185513593,297.44385949095346,278.44734687223416,b'2019-10-01/2019-10-07',1569888000
2132,25,21,78.34731751960496,0.0080449053940269,b'HadGEM3-GC31-LL',7,0.000284139916679,317.9879656832351,159.7216972305958,b'ssp245',4.990277094518957,288.3435959493932,296.4142468022366,279.25112755470025,b'2019-10-08/2019-10-14',1570492800
2132,25,21,75.37394291450032,0.0068780611429468,b'HadGEM3-GC31-LL',7,8.039637124038921e-05,295.8254151568396,170.50921965669409,b'ssp245',4.62452007979943,286.0769973788127,295.5822266555819,276.53969891450504,b'2019-10-15/2019-10-21',1571097600
2132,25,21,88.0131893686294,0.0097224893337686,b'HadGEM3-GC31-LL',7,1.536385521741446e-05,333.42511306416014,148.50885720227762,b'ssp245',3.0181744698605506,290.133526457458,297.02014692053035,280.64589642958964,b'2019-10-22/2019-10-28',1571702400
2132,25,21,80.29859002757733,0.0082769394329601,b'HadGEM3-GC31-LL',7,0.0004956861386669,324.8009412559512,125.23507612544802,b'ssp245',5.929288712907275,287.48408163992593,296.7775658169084,275.3137333356737,b'2019-10-29/2019-11-04',1572307200
2132,25,21,71.51821498354387,0.0053882316326495,b'HadGEM3-GC31-LL',7,0.0001407807851755,292.76630873907186,120.78622164638696,b'ssp245',7.424858117897563,283.1532317231906,292.2670252182905,275.4395484010119,b'2019-11-05/2019-11-11',1572912000
2132,25,21,79.63693544095156,0.0058643994315208,b'HadGEM3-GC31-LL',7,0.0005367397321486,303.7260310021361,98.74866196495552,b'ssp245',5.471539069216384,283.8455689065448,289.2400375067019,275.1371987868498,b'2019-11-12/2019-11-18',1573516800
2132,25,21,76.18938733839077,0.0049418672472742,b'HadGEM3-GC31-LL',7,0.0004955384072744,294.4943114683482,91.87533774496129,b'ssp245',8.173642249557039,280.63669109136714,290.95816206256814,272.4814525595937,b'2019-11-19/2019-11-25',1574121600
2132,25,21,67.66863979715964,0.0031207461291828,b'HadGEM3-GC31-LL',7,1.941500202704096e-05,272.14056720846435,87.12963012115925,b'ssp245',6.626158915536633,276.29429134935225,280.9113463690598,271.82360713518267,b'2019-11-26/2019-12-02',1574726400
2132,25,21,73.96773520266939,0.0039125762091716,b'HadGEM3-GC31-LL',7,0.0003615604992576,277.20814468569,82.48162164459562,b'ssp245',6.525290746685875,277.37694011252506,289.59719602630554,269.7397856535735,b'2019-12-03/2019-12-09',1575331200
2132,25,21,77.64263110571919,0.0042533036825758,b'HadGEM3-GC31-LL',7,0.0001485913933536,271.92595957789587,81.92265534126385,b'ssp245',4.814034882787971,279.07061831215776,284.4893174514272,272.2861501656327,b'2019-12-10/2019-12-16',1575936000
2132,25,21,77.21298741952971,0.0040054969380731,b'HadGEM3-GC31-LL',7,0.0003275144864626,286.194567003912,72.21895516493815,b'ssp245',6.628634828442247,278.6795328605075,284.47404310438367,270.6293717926624,b'2019-12-17/2019-12-23',1576540800
2132,25,21,74.3288719564296,0.0039000606158248,b'HadGEM3-GC31-LL',7,0.0,272.3427814824389,84.13316752210868,b'ssp245',6.431478172679798,278.2802626665901,284.65454427349283,271.1041328912208,b'2019-12-24/2019-12-30',1577145600
2132,25,21,65.26059525101273,0.0027391874547926,b'HadGEM3-GC31-LL',1,0.0,237.6772754145604,94.946874896945,b'ssp245',6.652956677937561,276.13154771592883,279.7379813266995,272.5251303944972,b'2019-12-31/2020-01-06',1577750400
1977,25,23,68.06054171547558,0.0027480920858091,b'HadGEM3-GC31-LL',5,0.0001787487566209,272.9330974484278,69.31724420342563,b'ssp245',8.028724868914031,274.9706574387083,280.83177186860104,270.3760191141644,b'2014-12-30/2015-01-05',1419897600
1977,25,23,78.47049589087939,0.0026926438752664,b'HadGEM3-GC31-LL',7,0.0004523252810782,259.92501847782995,80.50396491231031,b'ssp245',10.258416740744323,271.3587390669965,283.5313371570502,252.9806403438203,b'2015-01-06/2015-01-12',1420502400
1977,25,23,76.88251987816933,0.0023600416148257,b'HadGEM3-GC31-LL',7,2.7885914629285684e-05,246.7545661585269,100.80333460465032,b'ssp245',6.018425534840759,269.8961762859198,279.3790045764117,252.30614800211103,b'2015-01-13/2015-01-19',1421107200
1977,25,23,76.80957466700684,0.0020653894208031,b'HadGEM3-GC31-LL',7,0.000103277608917,255.1839529144601,88.79681450079295,b'ssp245',7.01174436304778,268.875009017844,275.72459802548747,261.00046792418783,b'2015-01-20/2015-01-26',1421712000
1977,25,23,69.38386609506438,0.0019749392710797,b'HadGEM3-GC31-LL',7,4.379448813444411e-06,234.8028760380197,126.46358969320552,b'ssp245',6.209097287047269,269.4812918753261,278.8946096517119,260.8895700357881,b'2015-01-27/2015-02-02',1422316800
1977,25,23,70.57145197818967,0.0032150309683401,b'HadGEM3-GC31-LL',7,0.0003758225156372,264.6570926202371,116.82103106762028,b'ssp245',7.408476060428835,275.5853402891656,284.7898127568232,264.62924756407034,b'2015-02-03/2015-02-09',1422921600
1977,25,23,63.281609903722575,0.0027420123272939,b'HadGEM3-GC31-LL',7,7.735485510018378e-08,246.11249770127333,149.22928624403258,b'ssp245',6.239551825434106,275.30941458483494,280.7767210040492,267.40876652921384,b'2015-02-10/2015-02-16',1423526400
1977,25,23,65.37985780625544,0.0028195247624061,b'HadGEM3-GC31-LL',7,3.5877309740927624e-05,239.61286408721463,158.31658997956325,b'ssp245',7.199869083662542,274.7803924503928,283.37622095533635,263.8620043037351,b'2015-02-17/2015-02-23',1424131200
1977,25,23,65.86301902028517,0.0018396194018983,b'HadGEM3-GC31-LL',7,3.7058212966347113e-07,220.5231811013867,176.0170541069403,b'ssp245',8.834405607910979,270.2470366654417,281.04570884659546,255.9086190215812,b'2015-02-24/2015-03-02',1424736000
1977,25,23,77.14495135053332,0.0032089622502778,b'HadGEM3-GC31-LL',7,0.0003463954357796,263.9120260577396,149.6459202463218,b'ssp245',8.153561765175683,273.72943223324967,284.1912716051482,261.53612632706427,b'2015-03-03/2015-03-09',1425340800
1977,25,23,84.06197376350949,0.0035406939832919,b'HadGEM3-GC31-LL',7,0.0007709253826052,276.4887281685821,127.45310575472682,b'ssp245',9.501129422306027,274.04283504193336,280.54250972527115,264.38367336953263,b'2015-03-10/2015-03-16',1425945600
1977,25,23,79.40245741240832,0.0041367611399356,b'HadGEM3-GC31-LL',7,9.019539997379364e-05,271.45377739365694,194.8153741186396,b'ssp245',5.603686012693351,278.28748826856736,282.7127560522086,272.51308386216056,b'2015-03-17/2015-03-23',1426550400
1977,25,23,79.55125777639775,0.0049502057200295,b'HadGEM3-GC31-LL',7,0.0004058005225254,283.2214850163375,180.1842852454299,b'ssp245',7.131517141419049,279.2034369237227,292.90442467411407,263.118613683347,b'2015-03-24/2015-03-30',1427155200
1977,25,23,83.26346566259288,0.0057980890869924,b'HadGEM3-GC31-LL',7,0.0004234269927823,299.60414730129287,185.8084571878269,b'ssp245',5.5941423701484,281.81928163484366,292.2506235746453,273.06885893370213,b'2015-03-31/2015-04-06',1427760000
1977,25,23,86.64729138453306,0.0057563288803332,b'HadGEM3-GC31-LL',7,0.0011252603836758,302.06048595308147,158.71601530536063,b'ssp245',11.522541853122515,281.66063315085444,291.3598035071507,273.7257498749032,b'2015-04-07/2015-04-13',1428364800
1977,25,23,78.64065978715665,0.0053428543455424,b'HadGEM3-GC31-LL',7,0.0001586356826319,274.099484705366,234.84993869101424,b'ssp245',6.064798840464698,282.0332253607796,289.97160146593905,273.87122961987853,b'2015-04-14/2015-04-20',1428969600
1977,25,23,91.63508599780424,0.008129726950617,b'HadGEM3-GC31-LL',7,0.0002221023846029,316.329729424739,225.5393860589032,b'ssp245',4.503412095827645,286.2311764808947,292.73426413507923,279.5498994829522,b'2015-04-21/2015-04-27',1429574400
1977,25,23,83.74306935969685,0.0076726687244905,b'HadGEM3-GC31-LL',7,1.6998536243338595e-05,293.48110885221206,265.7967388676157,b'ssp245',2.9078087278714486,286.7538692212503,292.6747137112488,279.77998007962384,b'2015-04-28/2015-05-04',1430179200
1977,25,23,75.49533659275032,0.0070847323836485,b'HadGEM3-GC31-LL',7,0.0002328989671112,296.9833544394805,273.62753492777733,b'ssp245',4.967590621117296,286.31678071700014,295.8403164662043,276.0867145993211,b'2015-05-05/2015-05-11',1430784000
1977,25,23,80.14274893516351,0.0083725945569315,b'HadGEM3-GC31-LL',7,0.0001288212204156,314.4029789006334,275.63075059725713,b'ssp245',6.018421917143429,288.0866313129437,296.7405261835776,280.0088145358503,b'2015-05-12/2015-05-18',1431388800
1977,25,23,88.70548217407988,0.0105596621366722,b'HadGEM3-GC31-LL',7,0.000146413974393,332.90514228757746,276.1771731197301,b'ssp245',4.6169609923772095,290.6437056849147,298.13830858250856,281.0559042398032,b'2015-05-19/2015-05-25',1431993600
1977,25,23,85.84127698111119,0.0112975642317866,b'HadGEM3-GC31-LL',7,0.0003198706940687,326.46925753167034,309.8561037565126,b'ssp245',5.437523925016895,292.474004000752,299.1347154349334,282.86856370946174,b'2015-05-26/2015-06-01',1432598400
1977,25,23,87.54567318828013,0.0125608595576954,b'HadGEM3-GC31-LL',7,0.0001435717282939,349.7384631458835,274.12743049682064,b'ssp245',4.526730398239867,293.76995601001,301.8268246341061,286.57183535236953,b'2015-06-02/2015-06-08',1433203200
1977,25,23,89.75965940926163,0.0138582612715659,b'HadGEM3-GC31-LL',7,0.0003986294558077,364.5197405391288,270.34712000483506,b'ssp245',4.976940494621959,295.0088966177897,302.71280789966426,284.7712728777348,b'2015-06-09/2015-06-15',1433808000
1977,25,23,80.77600379206515,0.0129810095530491,b'HadGEM3-GC31-LL',7,0.0004859542284828,343.4812484177596,315.35828227099285,b'ssp245',4.077774219035217,295.36933430275843,301.9217451471646,285.7280908289597,b'2015-06-16/2015-06-22',1434412800
1977,25,23,76.52206592427918,0.0129127665304261,b'HadGEM3-GC31-LL',7,0.0002123167629813,343.6760245516361,305.4939359014121,b'ssp245',5.07817350207583,295.7459866785444,301.4021021314889,288.4490392835813,b'2015-06-23/2015-06-29',1435017600
1977,25,23,86.44624890040981,0.0157557319814229,b'HadGEM3-GC31-LL',7,4.5686566086593294e-05,363.4790871977746,312.87397093120643,b'ssp245',4.200254570474751,297.9272825048391,304.14757479292723,289.2516110182653,b'2015-06-30/2015-07-06',1435622400
1977,25,23,84.98140131062009,0.0159399955354217,b'HadGEM3-GC31-LL',7,0.0002891753916368,377.41262682012206,280.9539631499189,b'ssp245',6.251278047437792,298.8761556737639,304.29844080036617,290.97861766252214,b'2015-07-07/2015-07-13',1436227200
1977,25,23,87.35375145423028,0.0180589941629175,b'HadGEM3-GC31-LL',7,0.0002342994666517,384.0766884708388,290.99753436601515,b'ssp245',5.324562282179435,299.6888720248116,307.5374949701843,290.5206409080533,b'2015-07-14/2015-07-20',1436832000
1977,25,23,82.13442265868771,0.0156385118060402,b'HadGEM3-GC31-LL',7,0.0002448018702736,370.29180313190136,276.0182101126967,b'ssp245',4.056226256123319,298.89477724360665,303.70152893426706,291.8710235631733,b'2015-07-21/2015-07-27',1437436800
1977,25,23,80.77650439178265,0.0156001797823059,b'HadGEM3-GC31-LL',7,0.0002349577256361,374.02456255324233,263.7880750435121,b'ssp245',4.53393746089887,299.3256670198587,304.2727946131683,292.02792689876264,b'2015-07-28/2015-08-03',1438041600
1977,25,23,91.76533552566454,0.0180443653374718,b'HadGEM3-GC31-LL',7,0.0005705246253315,389.4379508149908,235.33858808986173,b'ssp245',5.807876847771091,299.9050621770047,304.77792516931305,294.6721709880806,b'2015-08-04/2015-08-10',1438646400
1977,25,23,83.6601535850521,0.0163078603538456,b'HadGEM3-GC31-LL',7,0.0001096474708237,374.5931873163901,253.46372531344625,b'ssp245',3.99068366417617,299.3689426133234,304.5852469091854,291.39347174598305,b'2015-08-11/2015-08-17',1439251200
1977,25,23,89.45153388069862,0.0179069532258355,b'HadGEM3-GC31-LL',7,0.0002157298137948,390.4794574904189,231.8812981404629,b'ssp245',3.532324925344013,299.985322851579,305.8945634249672,293.3315512556957,b'2015-08-18/2015-08-24',1439856000
1977,25,23,83.91309321560009,0.0164999182487299,b'HadGEM3-GC31-LL',7,0.0001520027078003,382.3459539260645,224.4595089335127,b'ssp245',4.943422861778026,299.2885647119248,306.39537082568535,289.0141102183949,b'2015-08-25/2015-08-31',1440460800
1977,25,23,78.99782082925539,0.012833437888804,b'HadGEM3-GC31-LL',7,0.0007485764588617,357.176397510515,218.89393932531044,b'ssp245',5.946475046765525,295.4192602318764,302.4299394952082,284.2318500397197,b'2015-09-01/2015-09-07',1441065600
1977,25,23,76.58187767771288,0.0123178220391247,b'HadGEM3-GC31-LL',7,6.150652670936558e-05,355.62308993623435,223.3986811825268,b'ssp245',4.640975080627799,295.3056653801758,305.01310108459546,285.64286813206763,b'2015-09-08/2015-09-14',1441670400
1977,25,23,85.45757648727306,0.0136036804601861,b'HadGEM3-GC31-LL',7,1.0756144148843588e-05,359.6693718379898,211.02702958211063,b'ssp245',2.3277056067805004,296.39091432249387,301.50428932307034,290.344656123462,b'2015-09-15/2015-09-21',1442275200
1977,25,23,75.08271872934957,0.0098116652889883,b'HadGEM3-GC31-LL',7,0.0002206323161895,339.5857133612824,199.3199867715641,b'ssp245',5.335566638030336,292.08859537568253,301.73226662087467,283.4742840223076,b'2015-09-22/2015-09-28',1442880000
1977,25,23,76.69143982371102,0.008866411742881,b'HadGEM3-GC31-LL',7,0.0001424322974554,332.5404717491537,164.26923686655,b'ssp245',5.878528239252917,289.6008642965192,298.5703357034479,279.203616740149,b'2015-09-29/2015-10-05',1443484800
1977,25,23,77.08743653640838,0.0088936997007978,b'HadGEM3-GC31-LL',7,1.5704490883768723e-05,328.29961290904777,175.08339569817548,b'ssp245',4.2492550879912905,290.448731642305,297.0117219927178,278.7712214626416,b'2015-10-06/2015-10-12',1444089600
1977,25,23,79.0875475171405,0.0085421983474011,b'HadGEM3-GC31-LL',7,7.409937327494109e-05,333.42142558503986,140.61643048236735,b'ssp245',6.348511754571738,289.51782005748856,296.41247140643446,280.4607622851447,b'2015-10-13/2015-10-19',1444694400
1977,25,23,75.63676527013342,0.0070298776197986,b'HadGEM3-GC31-LL',7,5.7089137838985866e-05,311.6037066262294,148.72180046201214,b'ssp245',5.999526415652943,286.93772712407696,294.7805775684054,277.1676012059451,b'2015-10-20/2015-10-26',1445299200
1977,25,23,70.20615761676954,0.0058860312207187,b'HadGEM3-GC31-LL',7,5.122588595145612e-05,301.2786461696152,126.27514662206184,b'ssp245',6.297306937016489,284.8718265218826,293.2602966380654,273.8648342596457,b'2015-10-27/2015-11-02',1445904000
1977,25,23,63.5702346477486,0.0041562178634611,b'HadGEM3-GC31-LL',7,3.865916675278368e-05,282.99741529907703,121.36044374318926,b'ssp245',5.38070775614478,281.2416327945055,290.3909823835389,273.9232346716006,b'2015-11-03/2015-11-09',1446508800
1977,25,23,78.97583529606982,0.0053741372496562,b'HadGEM3-GC31-LL',7,0.0001624905559653,303.6736261191186,99.1537087495662,b'ssp245',5.974799856847646,281.78011586200046,288.99858394113875,271.53559545811964,b'2015-11-10/2015-11-16',1447113600
1977,25,23,65.53673044604582,0.0038763495063326,b'HadGEM3-GC31-LL',7,0.0001486137486115,278.4054722263994,98.57552315384967,b'ssp245',5.081609677938692,279.135764855642,289.09042412443733,271.6747729809253,b'2015-11-17/2015-11-23',1447718400
1977,25,23,80.43782907538399,0.0059443345540173,b'HadGEM3-GC31-LL',7,0.000427900113806,317.2687834483773,83.88671274518138,b'ssp245',6.863293311390431,282.367123134624,291.7015843126822,272.0054556205957,b'2015-11-24/2015-11-30',1448323200
1977,25,23,78.78407016599091,0.004296075476597,b'HadGEM3-GC31-LL',7,0.0001397618593611,281.68099469361647,82.22482988496196,b'ssp245',7.545482414853292,277.9254943724124,288.6226759080763,269.58235134228346,b'2015-12-01/2015-12-07',1448928000
1977,25,23,81.16025482862308,0.0044537736990828,b'HadGEM3-GC31-LL',7,0.0006310501057127,289.8306851128861,69.26327446512758,b'ssp245',7.506309568469812,278.9134509285579,286.228434484993,272.91796838969805,b'2015-12-08/2015-12-14',1449532800
1977,25,23,80.47649203007892,0.0053071738096658,b'HadGEM3-GC31-LL',7,0.0001048992059892,296.31683227364056,72.1667554845374,b'ssp245',8.605054407623209,281.46508029854743,290.3015622405826,274.7100993655225,b'2015-12-15/2015-12-21',1450137600
1977,25,23,67.04081034551766,0.0028658959270065,b'HadGEM3-GC31-LL',7,0.0001467760906996,248.96289883473807,90.44091467327362,b'ssp245',8.079708293670947,274.7114200215654,288.2526907712537,265.624411518768,b'2015-12-22/2015-12-28',1450742400
1977,25,23,68.46148029365352,0.0033636875228736,b'HadGEM3-GC31-LL',7,0.000562844045493,258.01116536218126,89.8500585699186,b'ssp245',6.152531606066505,276.67873708512974,286.46076242926546,270.3311646516658,b'2015-12-29/2016-01-04',1451347200
1977,25,23,79.14751394950312,0.003125017342753,b'HadGEM3-GC31-LL',7,0.0002895340574794,272.4846910466068,76.93005404228666,b'ssp245',6.449583182589846,273.80476611274594,281.6024164157043,264.9755374048226,b'2016-01-05/2016-01-11',1451952000
1977,25,23,77.59256816573841,0.0026265114420472,b'HadGEM3-GC31-LL',7,0.0004657374067626,261.0455411826404,81.66448706441756,b'ssp245',10.4388908718223,271.1442114047808,285.649795802453,256.6120996756705,b'2016-01-12/2016-01-18',1452556800
1977,25,23,80.4356544984897,0.0046318031713645,b'HadGEM3-GC31-LL',7,0.001380486653822,289.44154940569933,84.42696455699594,b'ssp245',8.819086876501016,280.02039361735945,287.55112998629124,275.08105169699354,b'2016-01-19/2016-01-25',1453161600
1977,25,23,68.07775879935683,0.0035511171880359,b'HadGEM3-GC31-LL',7,0.0005112195279081,282.1290214694276,95.05501180910343,b'ssp245',10.143974135951058,277.6173895470588,288.0899838354118,270.67473864414615,b'2016-01-26/2016-02-01',1453766400
1977,25,23,63.13259286698734,0.0019771254234716,b'HadGEM3-GC31-LL',7,9.816368953011484e-08,228.3568552589513,134.08794270665194,b'ssp245',7.325128245582909,271.0692047309586,281.0018903964244,260.08707057768225,b'2016-02-02/2016-02-08',1454371200
1977,25,23,78.98018544712282,0.0031983563130822,b'HadGEM3-GC31-LL',7,0.0003394423034229,266.0649605202703,119.41763564309416,b'ssp245',7.78890916279384,274.02623128673844,283.0435449449343,262.66063667666674,b'2016-02-09/2016-02-15',1454976000
1977,25,23,73.37092219800044,0.0026707978880113,b'HadGEM3-GC31-LL',7,0.0002201896920753,258.1618243761299,134.286643122356,b'ssp245',7.818718374268082,271.8580028876865,281.31884246790145,262.9999909564201,b'2016-02-16/2016-02-22',1455580800
1977,25,23,77.43013600648445,0.0020568850504998,b'HadGEM3-GC31-LL',7,2.707884118602842e-05,233.3812400983868,158.90089595368107,b'ssp245',10.684428372658974,268.0891506782489,281.1396320077294,255.30643525286857,b'2016-02-23/2016-02-29',1456185600
1977,25,23,78.10914628029995,0.0031366985081384,b'HadGEM3-GC31-LL',7,0.0003733884904243,268.0426971414958,145.61324779982107,b'ssp245',7.068098813772885,273.32400775201046,283.43476368657537,261.2952995795708,b'2016-03-01/2016-03-07',1456790400
1977,25,23,80.80422799015028,0.0045306010186378,b'HadGEM3-GC31-LL',7,0.0006292972734405,288.6649349480943,152.65351316413742,b'ssp245',6.89629587569794,278.77719327244955,287.123672755578,267.5479698136114,b'2016-03-08/2016-03-14',1457395200
1977,25,23,79.0604761387128,0.0048022052111911,b'HadGEM3-GC31-LL',7,0.00017465307628,276.9396516951446,186.14390856324167,b'ssp245',8.106534828804339,280.27206276777645,287.63872285773084,271.0760825201077,b'2016-03-15/2016-03-21',1458000000
1977,25,23,83.53151898988082,0.0050864064695115,b'HadGEM3-GC31-LL',7,0.0002259670184941,279.40563022139344,185.5384241555469,b'ssp245',5.090967435421801,280.5301852355741,288.4388817220821,270.143730947231,b'2016-03-22/2016-03-28',1458604800
1977,25,23,78.9776882751331,0.0045582727261052,b'HadGEM3-GC31-LL',7,0.0003115869534248,277.06094319946266,201.9278204743065,b'ssp245',7.605104493218221,278.7291273868874,289.09729537153186,265.95990761280615,b'2016-03-29/2016-04-04',1459209600
1977,25,23,76.95922461921639,0.0051074833379827,b'HadGEM3-GC31-LL',7,6.84710327357568e-06,257.277737408228,247.60454775378685,b'ssp245',5.666694381824532,281.6827490014076,289.87003846151623,274.80276856765835,b'2016-04-05/2016-04-11',1459814400
1977,25,23,86.63628098823547,0.0072748597091175,b'HadGEM3-GC31-LL',7,0.0005310004418016,310.0374902450812,218.6764689841345,b'ssp245',7.929758861346798,284.8826241392694,292.9740565636645,269.10437516141525,b'2016-04-12/2016-04-18',1460419200
1977,25,23,88.5721019642573,0.0079918825211306,b'HadGEM3-GC31-LL',7,0.0001375851803787,318.60914189491007,221.8306403427909,b'ssp245',4.943825903299144,285.8307952391878,295.1115283808432,273.01480790715857,b'2016-04-19/2016-04-25',1461024000
1977,25,23,89.17808551888056,0.0084324105133641,b'HadGEM3-GC31-LL',7,0.0001273464343826,317.49565927727787,232.89720169764823,b'ssp245',3.739961229059905,287.0456779635682,293.05093747694065,280.82125191536534,b'2016-04-26/2016-05-02',1461628800
1977,25,23,83.06298601906825,0.0088247293160295,b'HadGEM3-GC31-LL',7,0.0003231828751108,310.4325990591629,256.82243055066004,b'ssp245',5.973024712503208,289.0760171510333,297.6581594924296,281.36221735029886,b'2016-05-03/2016-05-09',1462233600
1977,25,23,78.17050336058294,0.0084541423922018,b'HadGEM3-GC31-LL',7,7.772155139903652e-05,310.02609879855135,276.4065616612169,b'ssp245',5.634432152886277,289.4773564820427,298.2752357311766,281.0192360185536,b'2016-05-10/2016-05-16',1462838400
1977,25,23,84.58366050083251,0.0106606571529067,b'HadGEM3-GC31-LL',7,0.0004579322434739,334.4818124036037,261.2892417682526,b'ssp245',6.029779571126899,291.5317260876014,299.688543182337,278.96900606662064,b'2016-05-17/2016-05-23',1463443200
1977,25,23,79.67348836923574,0.009814250673442,b'HadGEM3-GC31-LL',7,0.0001084608886156,318.5145496684316,306.32236270579625,b'ssp245',4.785875216485839,291.1360778448292,299.08847179210176,279.19496567330924,b'2016-05-24/2016-05-30',1464048000
1977,25,23,82.31507064013803,0.0115393159044272,b'HadGEM3-GC31-LL',7,0.0003004091335662,329.09357911906284,308.6259437235476,b'ssp245',4.494805359723777,292.84832572197104,301.3737333223417,283.9843153339913,b'2016-05-31/2016-06-06',1464652800
1977,25,23,90.7439858688635,0.0130389805406904,b'HadGEM3-GC31-LL',7,0.0003989928110319,358.969143192409,257.1650222595595,b'ssp245',4.873174445145366,293.4893802997334,303.37985932081057,280.5049328224155,b'2016-06-07/2016-06-13',1465257600
1977,25,23,87.6251118621852,0.0141600990651602,b'HadGEM3-GC31-LL',7,5.321546038313781e-05,356.8287476944791,289.26193175538634,b'ssp245',3.322022805629723,295.49729994324935,304.03024486555256,287.24660415379185,b'2016-06-14/2016-06-20',1465862400
1977,25,23,79.54420893130767,0.013167700936352,b'HadGEM3-GC31-LL',7,0.0004150392402841,350.456875254682,304.745771519067,b'ssp245',5.394047714120161,294.98591833811093,302.5456202843676,286.23731001996936,b'2016-06-21/2016-06-27',1466467200
1977,25,23,80.53160713004067,0.0153283267970741,b'HadGEM3-GC31-LL',7,1.5116763124741002e-05,361.3775479938715,323.7226098276628,b'ssp245',4.32848038913066,298.51354625313934,305.1672352472191,288.5007599849768,b'2016-06-28/2016-07-04',1467072000
1977,25,23,82.58920663700756,0.0155742199520341,b'HadGEM3-GC31-LL',7,0.000180009785436,370.7579010313449,300.3095878283236,b'ssp245',4.152052947533514,298.3364157854435,305.80336648880234,284.7714839426376,b'2016-07-05/2016-07-11',1467676800
1977,25,23,75.47411014121305,0.0136172616476377,b'HadGEM3-GC31-LL',7,0.0002029476918375,352.9884293649988,313.2052973069918,b'ssp245',4.927767624801157,297.0967079042926,303.1503966060129,286.65777739217464,b'2016-07-12/2016-07-18',1468281600
1977,25,23,83.49900926476406,0.0153826961243864,b'HadGEM3-GC31-LL',7,0.0002784159674918,369.6779210217225,271.51207074445057,b'ssp245',4.128970066679531,297.8236815500348,303.6528200331939,290.5994316380308,b'2016-07-19/2016-07-25',1468886400
1977,25,23,80.60048905358303,0.0150286547167656,b'HadGEM3-GC31-LL',7,0.0001408130753334,366.8545948787129,288.34309363015325,b'ssp245',4.4152167507721085,297.7543406403674,304.68400496265537,289.3312770298549,b'2016-07-26/2016-08-01',1469491200
1977,25,23,78.02976942778157,0.0141455279213958,b'HadGEM3-GC31-LL',7,0.0001073461095197,357.347440969564,293.5951912954417,b'ssp245',4.5185594014643735,297.28343109321304,304.59044855291194,287.7849013363456,b'2016-08-02/2016-08-08',1470096000
1977,25,23,85.49801293970017,0.0159886074336463,b'HadGEM3-GC31-LL',7,0.000458350556884,377.2258258780333,240.37491387753124,b'ssp245',4.020490031074283,298.272946784138,303.8979551277025,290.33282614823923,b'2016-08-09/2016-08-15',1470700800
1977,25,23,77.0936836272272,0.0134596678838799,b'HadGEM3-GC31-LL',7,0.000105902178864,369.1780340227193,241.4497596559285,b'ssp245',5.22963771258705,296.7509050374088,305.51977348102446,288.4908089846056,b'2016-08-16/2016-08-22',1471305600
1977,25,23,71.21534164294884,0.010594499241991,b'HadGEM3-GC31-LL',7,0.0001373923340531,342.4945871009254,244.4352178240651,b'ssp245',4.451257379767987,293.8920250048342,301.32367033434866,285.3875890234144,b'2016-08-23/2016-08-29',1471910400
1977,25,23,76.22791549829311,0.0105275714647123,b'HadGEM3-GC31-LL',7,0.0002855353165426,357.9273854173804,182.6766922439727,b'ssp245',4.922944437574829,292.97498439274744,299.48156558130256,287.5073352800209,b'2016-08-30/2016-09-05',1472515200
1977,25,23,82.63468915605085,0.0126650823793235,b'HadGEM3-GC31-LL',7,0.0002924587221497,359.0072171627359,220.4664775779545,b'ssp245',4.728631489995479,294.59870710676927,301.0187710848722,284.53486905328776,b'2016-09-06/2016-09-12',1473120000
1977,25,23,79.03087355391254,0.0113487256441731,b'HadGEM3-GC31-LL',7,0.0005915547640892,354.4875739514677,199.33773837424908,b'ssp245',4.681615999847183,293.2968577003575,300.3553655234813,284.3462257069989,b'2016-09-13/2016-09-19',1473724800
1977,25,23,82.57797368088708,0.010268518352951,b'HadGEM3-GC31-LL',7,0.0003040894504384,353.04865705876466,175.05413471182678,b'ssp245',6.558744951974562,291.26788573539324,298.6955816455827,284.9298481586551,b'2016-09-20/2016-09-26',1474329600
1977,25,23,73.9226790325379,0.008714353678747,b'HadGEM3-GC31-LL',7,0.0001794247836919,339.4567062576096,175.59590911221838,b'ssp245',5.04239221458834,291.18904014171767,297.0298081074865,285.1281331500309,b'2016-09-27/2016-10-03',1474934400
1977,25,23,85.43018944441597,0.0107401649405286,b'HadGEM3-GC31-LL',7,7.026616476366263e-05,340.02408673844104,176.58969794608103,b'ssp245',3.60924350630274,292.2960669455912,297.57650569478903,285.8059060773433,b'2016-10-04/2016-10-10',1475539200
1977,25,23,84.84341016702818,0.0101236600867384,b'HadGEM3-GC31-LL',7,0.0001635258769435,350.2719570654684,152.12251896825236,b'ssp245',4.542674342141141,291.22971946084493,297.422042720574,280.8357796517004,b'2016-10-11/2016-10-17',1476144000
1977,25,23,69.75160865635709,0.0068709195320076,b'HadGEM3-GC31-LL',7,5.609696147143924e-05,315.59603340868244,151.08862578517008,b'ssp245',7.4534978129084015,287.8072376762721,296.4747205641925,280.7127737430361,b'2016-10-18/2016-10-24',1476748800
1977,25,23,72.82400250832977,0.006128753503798,b'HadGEM3-GC31-LL',7,8.285980543636321e-05,307.370958888967,133.51831290299262,b'ssp245',6.48586985980063,285.2843301599033,292.4141552417309,277.994074905918,b'2016-10-25/2016-10-31',1477353600
1977,25,23,75.27051392347902,0.0059271410806143,b'HadGEM3-GC31-LL',7,0.0003893116937801,315.13889290482626,113.742341451891,b'ssp245',8.085963439651877,284.30586737576294,293.6787973739461,277.9274444760229,b'2016-11-01/2016-11-07',1477958400
1977,25,23,79.18892193693077,0.0062845600522308,b'HadGEM3-GC31-LL',7,0.0001882798147504,308.2191565132881,109.6472995273579,b'ssp245',5.072307921356688,284.57568439156154,292.1418122671008,276.239540793679,b'2016-11-08/2016-11-14',1478563200
1977,25,23,77.44754842602798,0.0053569520204765,b'HadGEM3-GC31-LL',7,0.0007814454757468,311.20590122973744,81.67615675286834,b'ssp245',9.115482210489686,282.2987607330873,291.57200872968474,274.6464094682173,b'2016-11-15/2016-11-21',1479168000
1977,25,23,77.74524151356027,0.0044967039566166,b'HadGEM3-GC31-LL',7,0.0007099336839808,299.96987035902214,83.38980172411912,b'ssp245',7.663678822257624,278.8479332913434,289.7670676851779,269.5595863099081,b'2016-11-22/2016-11-28',1479772800
1977,25,23,77.81083216983244,0.0042561476006079,b'HadGEM3-GC31-LL',7,1.2411114147446038e-05,286.56445702912936,90.74651640353022,b'ssp245',5.321961682489016,278.7533931748263,287.39792806902346,270.4426497602406,b'2016-11-29/2016-12-05',1480377600
1977,25,23,72.33368219165541,0.004069926359944,b'HadGEM3-GC31-LL',7,0.0001178878025573,273.87435507231487,85.20527662051067,b'ssp245',7.619554072734094,278.8540805785124,288.2740557782061,268.3668672275656,b'2016-12-06/2016-12-12',1480982400
1977,25,23,66.40778948287976,0.0026111384320396,b'HadGEM3-GC31-LL',7,0.000103727614571,252.52658159549048,83.200555856402,b'ssp245',8.112151593055346,274.20747151328976,279.94846694387815,268.2212964703088,b'2016-12-13/2016-12-19',1481587200
1977,25,23,71.80589081726744,0.0031516916564038,b'HadGEM3-GC31-LL',7,7.508675128065079e-05,258.49721946208024,81.05051781005652,b'ssp245',6.955841138483923,275.8696631246442,282.2832824634971,271.24373643823327,b'2016-12-20/2016-12-26',1482192000
1977,25,23,76.68687934508752,0.0027734752447006,b'HadGEM3-GC31-LL',7,0.000284104771807,260.2893863008203,80.7181490362344,b'ssp245',11.1207410928511,272.2323001855782,282.57537106780825,265.79991861498763,b'2016-12-27/2017-01-02',1482796800
1977,25,23,75.83292933100692,0.0032233132244533,b'HadGEM3-GC31-LL',7,0.0008282140577759,268.54669667110613,81.75130475031865,b'ssp245',8.5226845823305,273.69481669873284,286.36211682604505,264.057535867342,b'2017-01-03/2017-01-09',1483401600
1977,25,23,74.54156925859608,0.003292563234073,b'HadGEM3-GC31-LL',7,0.0001293388467625,274.13101996674186,83.73249760339988,b'ssp245',7.444129753804444,275.32743780117124,283.9029294569067,266.2386744475562,b'2017-01-10/2017-01-16',1484006400
1977,25,23,73.05619739436604,0.0016805150867438,b'HadGEM3-GC31-LL',7,2.725205426641784e-05,230.3492925666118,103.19651355508567,b'ssp245',8.296063296166373,266.78878655500404,279.0515028988456,257.75734666556366,b'2017-01-17/2017-01-23',1484611200
1977,25,23,75.47113882146209,0.0032393987701361,b'HadGEM3-GC31-LL',7,0.0003955456949902,268.6218212666208,99.90683284057576,b'ssp245',7.654464553632589,274.6593990444956,284.8556476759657,263.30059540623614,b'2017-01-24/2017-01-30',1485216000
1977,25,23,66.65411010667553,0.0023807972872194,b'HadGEM3-GC31-LL',7,0.0001464585599689,249.33706688973407,114.53715072544333,b'ssp245',6.649322452020797,272.55748218234623,280.69087902010546,263.7588677164233,b'2017-01-31/2017-02-06',1485820800
1977,25,23,84.54629430386444,0.0017822229002887,b'HadGEM3-GC31-LL',7,0.0004472813716794,234.06427909656767,125.6582699082597,b'ssp245',12.293766993900478,265.3477465777076,282.4447415294444,255.95430978101703,b'2017-02-07/2017-02-13',1486425600
1977,25,23,67.91368155592829,0.0021444065227326,b'HadGEM3-GC31-LL',7,5.284064696218796e-06,250.87331771914927,139.77167454367444,b'ssp245',8.026920324635357,271.37700425185164,278.2025262141312,264.9612296328494,b'2017-02-14/2017-02-20',1487030400
1977,25,23,70.70765309390903,0.0033200970201519,b'HadGEM3-GC31-LL',7,0.0003261168881508,267.8674592500514,141.86000415417894,b'ssp245',8.33524002355716,276.1517202885924,284.502832946417,269.58275005246,b'2017-02-21/2017-02-27',1487635200
1977,25,23,72.99890873986686,0.003448695020997,b'HadGEM3-GC31-LL',7,0.0002413329848634,251.94440655926263,160.8735585617243,b'ssp245',7.213969750958483,276.2353511610207,283.43409244397736,269.1086582872915,b'2017-02-28/2017-03-06',1488240000
1977,25,23,74.55400359214389,0.0022882700043713,b'HadGEM3-GC31-LL',7,0.0006067040950434,250.1150466731073,149.7944602844063,b'ssp245',9.85581882922037,270.8249621250553,278.34566100569793,258.82391076386324,b'2017-03-07/2017-03-13',1488844800
1977,25,23,83.48141366125742,0.0039068816581872,b'HadGEM3-GC31-LL',7,0.0007692860117488,274.92362310802343,159.7416633661289,b'ssp245',9.668123917387437,276.4762453879287,281.8964986789888,270.8327479266783,b'2017-03-14/2017-03-20',1489449600
1977,25,23,74.08659885488204,0.0031087250066039,b'HadGEM3-GC31-LL',7,0.0001651351032476,258.4639749280878,183.4037556589544,b'ssp245',7.513856251659191,274.3881630102123,281.8406251008845,264.7875135617668,b'2017-03-21/2017-03-27',1490054400
1977,25,23,83.85687284168817,0.0046877947277493,b'HadGEM3-GC31-LL',7,0.0004342498813813,292.9606771972573,172.37712612528483,b'ssp245',8.316137000187029,278.69116906835046,286.1291101088631,272.8732017327931,b'2017-03-28/2017-04-03',1490659200
1977,25,23,75.24379201674466,0.0038982845541167,b'HadGEM3-GC31-LL',7,0.0002156555609503,275.65840022820083,186.5992985424776,b'ssp245',6.338261616614038,276.53941645037565,284.7410342814368,270.23144599707376,b'2017-04-04/2017-04-10',1491264000
1977,25,23,90.3977103874321,0.0066827231995179,b'HadGEM3-GC31-LL',7,0.0002210587856824,304.8061061144317,208.49965513952867,b'ssp245',4.47606872689927,282.7923311081357,291.1644927366002,272.67280533575536,b'2017-04-11/2017-04-17',1491868800
1977,25,23,76.38756288221863,0.0054250758160599,b'HadGEM3-GC31-LL',7,3.178817252635507e-05,288.55170721580697,232.589570401752,b'ssp245',4.491099660443624,282.7231267580678,288.6397021224957,276.9746793816757,b'2017-04-18/2017-04-24',1492473600
1977,25,23,83.07751960902375,0.0063469931165182,b'HadGEM3-GC31-LL',7,0.0004309652502097,304.444414550246,207.7620265585593,b'ssp245',5.534356133976841,283.2488132424692,289.9460096122804,275.57088300216293,b'2017-04-25/2017-05-01',1493078400
1977,25,23,85.0701573320898,0.0075818241222326,b'HadGEM3-GC31-LL',7,0.0001654373710465,302.2773894671747,252.75099371802165,b'ssp245',6.025145369932007,285.7022002489254,292.74176652316083,275.4941051352545,b'2017-05-02/2017-05-08',1493683200
1977,25,23,87.99725756401516,0.0084513110297325,b'HadGEM3-GC31-LL',7,0.0003572935295373,315.16339473688976,248.96652403889544,b'ssp245',5.677186314865437,286.5864026138323,293.777457209095,278.78327086177313,b'2017-05-09/2017-05-15',1494288000
1977,25,23,88.32534120263408,0.0090550127950336,b'HadGEM3-GC31-LL',7,0.0004523875107178,324.67058931898555,256.7990098484533,b'ssp245',4.709010022067363,287.9067476799846,295.0561189077258,280.0134735647875,b'2017-05-16/2017-05-22',1494892800
1977,25,23,83.39702941410698,0.0093528064888935,b'HadGEM3-GC31-LL',7,0.0002436714366002,324.0606588053852,267.523537805499,b'ssp245',3.607052865891337,290.2677141750295,296.13926233789294,283.31220397588913,b'2017-05-23/2017-05-29',1495497600
1977,25,23,87.7057949741085,0.0107775087339363,b'HadGEM3-GC31-LL',7,0.0003737702469565,336.3148418651059,294.8249148019632,b'ssp245',4.386356031176894,290.6744482098633,298.0452685215397,282.9482794427252,b'2017-05-30/2017-06-05',1496102400
1977,25,23,88.38574682510126,0.0120753104587851,b'HadGEM3-GC31-LL',7,0.0004059639037659,344.45748849380755,284.71423286055807,b'ssp245',4.994558264099742,293.2021527045049,298.8643110291032,283.87106117870053,b'2017-06-06/2017-06-12',1496707200
1977,25,23,86.60032489099115,0.0136955698845578,b'HadGEM3-GC31-LL',7,3.446120047604767e-05,347.8074279054257,318.1024269416694,b'ssp245',3.4870219744564728,295.13134538120033,301.8614695074989,287.04240448106134,b'2017-06-13/2017-06-19',1497312000
1977,25,23,86.93211059004123,0.0133118440377762,b'HadGEM3-GC31-LL',7,0.0001443902909386,363.9146943718853,270.89483825817416,b'ssp245',6.311738505333707,294.0724964447459,304.00232578534303,284.0787511327894,b'2017-06-20/2017-06-26',1497916800
1977,25,23,88.54853601145248,0.0135528742720423,b'HadGEM3-GC31-LL',7,0.000315831611933,361.1625558663669,290.4239527302943,b'ssp245',3.279108006388406,294.5416991487485,302.7053501169684,284.57506034337644,b'2017-06-27/2017-07-03',1498521600
1977,25,23,83.60766613143635,0.0136634819996541,b'HadGEM3-GC31-LL',7,0.0004027050701891,360.5325680103968,287.67690154725614,b'ssp245',4.542999795002325,295.26378722825405,301.9603954616939,286.7512613451889,b'2017-07-04/2017-07-10',1499126400
1977,25,23,92.14125461742437,0.0168234248940755,b'HadGEM3-GC31-LL',7,0.0001892662990454,379.3840983611653,274.0071201823095,b'ssp245',4.317700668699445,298.2107250093308,303.29766611506835,290.00911675715525,b'2017-07-11/2017-07-17',1499731200
1977,25,23,95.84837478352028,0.0179633839333297,b'HadGEM3-GC31-LL',7,0.0004200170374717,393.0992167024552,241.95758810443849,b'ssp245',3.1608789673662243,298.3200455677009,305.1913034918739,290.75462973638577,b'2017-07-18/2017-07-24',1500336000
1977,25,23,86.48615989228246,0.0161904442944178,b'HadGEM3-GC31-LL',7,0.0001481812321886,374.5936226898671,279.87289849234827,b'ssp245',4.470350895066309,297.72488427512013,305.4311022617741,289.25971568714493,b'2017-07-25/2017-07-31',1500940800
1977,25,23,89.09883865945797,0.0168871186380845,b'HadGEM3-GC31-LL',7,4.4476330037037744e-05,378.0055980531175,270.4638286377612,b'ssp245',4.658696866473775,298.6439319133839,304.8853188686979,292.06222188289775,b'2017-08-01/2017-08-07',1501545600
1977,25,23,76.83122008669977,0.0133989415421948,b'HadGEM3-GC31-LL',7,7.799154966162129e-05,356.6364554567509,277.0247187235641,b'ssp245',3.783533811609426,296.36730226132937,303.2283063255769,289.2513216597412,b'2017-08-08/2017-08-14',1502150400
1977,25,23,82.47919720054416,0.0150702245048719,b'HadGEM3-GC31-LL',7,0.000217480205369,368.9217545767823,239.96650417853536,b'ssp245',4.49370461719437,297.3033835722636,303.4902497959249,289.5056503277883,b'2017-08-15/2017-08-21',1502755200
1977,25,23,78.6818013183985,0.0132973672123743,b'HadGEM3-GC31-LL',7,6.195920796988936e-05,360.0750114658386,246.8017329696781,b'ssp245',4.168845242081936,296.4755138256313,302.9231408489637,289.8308094299388,b'2017-08-22/2017-08-28',1503360000
1977,25,23,79.73418844335295,0.0127527849773234,b'HadGEM3-GC31-LL',7,0.000764321607769,352.8346839167453,228.5476188897724,b'ssp245',5.013628820722351,294.4568048877044,302.53173824521986,284.7013674108872,b'2017-08-29/2017-09-04',1503964800
1977,25,23,74.19494687197964,0.0098458599395952,b'HadGEM3-GC31-LL',7,0.000158581923996,343.4466864498536,211.6062792313,b'ssp245',5.081928548492776,292.2011575864527,299.1948671667466,286.238295950321,b'2017-09-05/2017-09-11',1504569600
1977,25,23,74.65031232880509,0.0100947109155191,b'HadGEM3-GC31-LL',7,1.953358511147562e-05,336.0336291100368,223.74331129475897,b'ssp245',4.230530609427465,291.9687153852736,299.42689501549586,283.68529693351303,b'2017-09-12/2017-09-18',1505174400
1977,25,23,85.18085143497368,0.0117584297728489,b'HadGEM3-GC31-LL',7,0.0001728920193201,357.8072879281046,195.6951940764583,b'ssp245',6.249156124255251,292.97246031263336,299.58711626397394,283.4600564895864,b'2017-09-19/2017-09-25',1505779200
1977,25,23,81.07858148717341,0.0097204450865665,b'HadGEM3-GC31-LL',7,4.233283761720605e-05,343.6587003314449,175.27639313310328,b'ssp245',3.0302436907509764,291.3253515857652,297.2376319137627,285.4927349788661,b'2017-09-26/2017-10-02',1506384000
1977,25,23,84.3193309640458,0.0107188949546482,b'HadGEM3-GC31-LL',7,1.242955784647426e-06,344.1202125079637,180.9959648133611,b'ssp245',2.848835483653325,292.5469646997527,298.045279294569,286.00253508476607,b'2017-10-03/2017-10-09',1506988800
1977,25,23,83.86795899147809,0.0100738633638299,b'HadGEM3-GC31-LL',7,0.000216513180974,344.85501782177147,154.9918117706561,b'ssp245',6.208481004777376,291.5349454012784,298.2207606291968,283.53977553762815,b'2017-10-10/2017-10-16',1507593600
1977,25,23,84.69872071228697,0.0098482451028901,b'HadGEM3-GC31-LL',7,0.0002055969616979,346.73183276581307,134.7582533732295,b'ssp245',4.052446197470196,291.2554096512096,296.2667610321585,284.20463398074315,b'2017-10-17/2017-10-23',1508198400
1977,25,23,72.89232682659004,0.0074690137070119,b'HadGEM3-GC31-LL',7,0.0006801020443197,316.4758976347472,135.71214421054006,b'ssp245',5.76700146501071,288.83326156289365,296.1954324805609,280.3835808800131,b'2017-10-24/2017-10-30',1508803200
1977,25,23,74.2788776842292,0.0064847678106153,b'HadGEM3-GC31-LL',7,2.500382864985412e-07,299.0709006415187,131.84234613092698,b'ssp245',4.910038226208532,286.0562279505479,293.32539535216205,278.6293561590886,b'2017-10-31/2017-11-06',1509408000
1977,25,23,82.3599613400088,0.0066789391062283,b'HadGEM3-GC31-LL',7,0.0010193540746153,316.0980617029708,87.11955873229125,b'ssp245',10.495370069549788,285.29803161054906,292.51865647281073,278.6315744663495,b'2017-11-07/2017-11-13',1510012800
1977,25,23,69.87566289903341,0.0041452325000255,b'HadGEM3-GC31-LL',7,3.451507953209055e-05,282.49848215325443,102.5396862419284,b'ssp245',7.3759240177635155,279.8307553743467,287.0112051034902,273.0316759850368,b'2017-11-14/2017-11-20',1510617600
1977,25,23,80.07841106047415,0.0053948639676999,b'HadGEM3-GC31-LL',7,6.92119600036629e-05,286.92109822495064,96.11571248672648,b'ssp245',6.741126681564428,282.6561243626978,288.4217271680955,276.2935801104081,b'2017-11-21/2017-11-27',1511222400
1977,25,23,76.31126744937366,0.0043820753937995,b'HadGEM3-GC31-LL',7,0.0001524598311568,290.6906334331253,78.07610284306988,b'ssp245',7.410374492673251,280.111758356453,285.21463625208685,273.0269180532048,b'2017-11-28/2017-12-04',1511827200
1977,25,23,80.2734732059267,0.0045667881257441,b'HadGEM3-GC31-LL',7,0.0010884744488435,290.61678463605625,78.67011793718548,b'ssp245',8.876980060709931,279.3010866265209,287.1139093644503,272.6508240682879,b'2017-12-05/2017-12-11',1512432000
1977,25,23,82.04665424040023,0.0046795930528532,b'HadGEM3-GC31-LL',7,5.6528990726512376e-05,292.6056894967318,81.5008309966377,b'ssp245',4.181552213166008,280.65480345444365,285.0839621083373,275.979730347112,b'2017-12-12/2017-12-18',1513036800
1977,25,23,88.8599287790037,0.0055703269017724,b'HadGEM3-GC31-LL',7,0.0012493419376662,326.823927981151,50.80989909706881,b'ssp245',8.929377961669449,282.0521532696643,286.635029906506,276.9878620386405,b'2017-12-19/2017-12-25',1513641600
1977,25,23,75.18029330661032,0.0037914628180965,b'HadGEM3-GC31-LL',7,8.144563737618359e-05,284.92623444813097,76.172788945232,b'ssp245',6.800136800921372,278.5198361529812,282.87217451183403,274.56449009198366,b'2017-12-26/2018-01-01',1514246400
1977,25,23,77.04615517196616,0.004105427281018,b'HadGEM3-GC31-LL',7,0.0005100332254032,294.3009860713841,74.4479261466837,b'ssp245',7.921014539305567,278.7224272574999,285.4700634808861,270.3972592044186,b'2018-01-02/2018-01-08',1514851200
1977,25,23,67.49241359528612,0.0019951745450919,b'HadGEM3-GC31-LL',7,5.683450156873521e-05,247.90554044700667,88.46842508288695,b'ssp245',9.643592259437122,270.3688066919732,279.14032043673205,261.30489705163444,b'2018-01-09/2018-01-15',1515456000
1977,25,23,77.0051785213466,0.0031242830732069,b'HadGEM3-GC31-LL',7,0.0003670331535373,270.56192162266507,95.35489127599362,b'ssp245',6.387518186998681,274.26669317185326,280.53538763593474,262.8087116408095,b'2018-01-16/2018-01-22',1516060800
1977,25,23,77.75896289405303,0.0035103874492791,b'HadGEM3-GC31-LL',7,0.0006004852897325,291.21846889239134,76.40958080848286,b'ssp245',7.156033126353655,275.87968464640824,284.3497238069104,269.348402471441,b'2018-01-23/2018-01-29',1516665600
1977,25,23,72.84442616393702,0.0037127014784102,b'HadGEM3-GC31-LL',7,3.4102599083984684e-05,268.7958025276852,119.09553335842544,b'ssp245',5.64919568197907,277.79379789236924,284.03955384381686,270.3388000992704,b'2018-01-30/2018-02-05',1517270400
1977,25,23,67.7590985046428,0.0023519056082242,b'HadGEM3-GC31-LL',7,0.0002547025105116,239.82939092102407,133.31266315245952,b'ssp245',11.566054129041571,271.8698527876091,283.5421689156236,257.1127575870951,b'2018-02-06/2018-02-12',1517875200
1977,25,23,81.1875844329098,0.0019795364215628,b'HadGEM3-GC31-LL',7,0.0001438419354786,235.69268307530632,133.79757177900112,b'ssp245',9.752622015903682,267.5354908418647,279.6434071798674,257.224308414752,b'2018-02-13/2018-02-19',1518480000
1977,25,23,83.90535002226048,0.0037022791031231,b'HadGEM3-GC31-LL',7,0.0004135039206991,285.0617540410647,115.63658868098344,b'ssp245',8.405811213385416,275.7242201665015,282.940146886472,263.31184439450817,b'2018-02-20/2018-02-26',1519084800
1977,25,23,73.25539209356513,0.0029847540869962,b'HadGEM3-GC31-LL',7,0.0002728025947896,257.5292677703204,155.0489540994419,b'ssp245',8.75160537214017,273.0613673135027,284.8606200595392,258.4234626706966,b'2018-02-27/2018-03-05',1519689600
1977,25,23,72.32409232839764,0.0035232678776756,b'HadGEM3-GC31-LL',7,0.0007084371591087,260.57220753917284,164.97360063238557,b'ssp245',8.346091072320897,275.9586870949794,286.2546543810416,267.7268897983231,b'2018-03-06/2018-03-12',1520294400
1977,25,23,84.53783132366837,0.0045469225737958,b'HadGEM3-GC31-LL',7,0.00033993744703,273.9802033901616,159.6478662682255,b'ssp245',4.928683425789439,278.3566362674049,286.7542020579296,268.71092701521223,b'2018-03-13/2018-03-19',1520899200
1977,25,23,81.95088373892905,0.004648671213658,b'HadGEM3-GC31-LL',7,0.0005627507221733,269.90104129178104,184.6427967832671,b'ssp245',6.717576682899347,278.6057948181492,287.12378019763,265.37238028029765,b'2018-03-20/2018-03-26',1521504000
1977,25,23,93.2687316163633,0.0060106773133789,b'HadGEM3-GC31-LL',7,0.0006302673405034,323.29276417568013,148.6048202064271,b'ssp245',6.150218717121801,282.006833502888,290.11535230183966,276.83528189450817,b'2018-03-27/2018-04-02',1522108800
1977,25,23,87.62080197873938,0.0066102733731119,b'HadGEM3-GC31-LL',7,3.0430898906132027e-05,297.8854434611243,213.87941125183565,b'ssp245',6.119111504878859,284.228537721806,290.5675923281042,275.95724462083547,b'2018-04-03/2018-04-09',1522713600
1977,25,23,74.13875153648208,0.0059176710867639,b'HadGEM3-GC31-LL',7,2.8365229503395587e-05,276.1073633439425,237.6087554066916,b'ssp245',7.2361805361385665,284.0132804892481,293.1861559294754,272.1956037681246,b'2018-04-10/2018-04-16',1523318400
1977,25,23,79.8696191073228,0.0059286699419676,b'HadGEM3-GC31-LL',7,0.0002297819297959,290.36120321859613,211.47375651703936,b'ssp245',5.675152074991098,282.9938671712349,289.9443379912213,273.3739638075215,b'2018-04-17/2018-04-23',1523923200
1977,25,23,82.81501797814255,0.0073352914043103,b'HadGEM3-GC31-LL',7,0.0001326765775102,293.781993382776,247.51852728396048,b'ssp245',5.357062761167145,286.1410152791101,293.40726821340945,277.9217816097255,b'2018-04-24/2018-04-30',1524528000
1977,25,23,88.8844527683525,0.0082758678285774,b'HadGEM3-GC31-LL',7,0.0005216358070365,318.77854208351886,216.957103980816,b'ssp245',4.812652366642687,286.8094168804733,292.0221899904073,280.18033024271097,b'2018-05-01/2018-05-07',1525132800
1977,25,23,84.36997097309413,0.008622335536689,b'HadGEM3-GC31-LL',7,0.0002456191160802,309.9438986183921,260.1456522356903,b'ssp245',4.652571244673295,288.3137613246002,296.5398909423539,281.9227521191521,b'2018-05-08/2018-05-14',1525737600
1977,25,23,92.62059520014344,0.0112058051658718,b'HadGEM3-GC31-LL',7,0.0004086524664572,340.97651809020675,238.43910734061143,b'ssp245',4.9698428633563285,291.21166417248475,297.3518375905655,283.1671984964165,b'2018-05-15/2018-05-21',1526342400
1977,25,23,81.86453870907462,0.0101744482330795,b'HadGEM3-GC31-LL',7,8.06523203155819e-05,323.5736918855546,302.7749135542889,b'ssp245',4.40019243188563,291.7411743565541,298.7973424918255,285.07227992898873,b'2018-05-22/2018-05-28',1526947200
1977,25,23,78.48989361296377,0.0103911149765881,b'HadGEM3-GC31-LL',7,0.0002135044124468,323.3402734976189,306.4597559874366,b'ssp245',5.316867999914706,292.3054120775861,301.32832255357835,284.70005573151104,b'2018-05-29/2018-06-04',1527552000
1977,25,23,88.98383510291707,0.014243560421569,b'HadGEM3-GC31-LL',7,4.6221135252866256e-05,362.6239799439032,305.1624785815912,b'ssp245',3.808344000406019,295.72078903128755,305.0512757644743,286.714033286715,b'2018-06-05/2018-06-11',1528156800
1977,25,23,72.61599156377608,0.0110737641339941,b'HadGEM3-GC31-LL',7,0.0003031407588106,337.7774088720102,307.11539762782934,b'ssp245',5.278148554251676,294.1684034183146,303.0227519894434,286.2868007403197,b'2018-06-12/2018-06-18',1528761600
1977,25,23,86.27050714594132,0.0131209193541782,b'HadGEM3-GC31-LL',7,0.0002469744038536,356.0944668825651,278.3557697076744,b'ssp245',5.452481675256584,294.0991596100322,303.7181214892175,286.979551349086,b'2018-06-19/2018-06-25',1529366400
1977,25,23,85.1929967027427,0.0151034797241618,b'HadGEM3-GC31-LL',7,0.0001838603966751,361.5430597416927,294.92847933281047,b'ssp245',4.417733692282427,297.2412190031173,303.6797897897335,287.58532044682056,b'2018-06-26/2018-07-02',1529971200
1977,25,23,79.38826314199432,0.0161473936245641,b'HadGEM3-GC31-LL',7,5.4283631419211264e-05,366.79778813390914,331.1956680459988,b'ssp245',4.641830536783957,298.99233728268234,308.4433808850285,290.6209179946917,b'2018-07-03/2018-07-09',1530576000
1977,25,23,75.91494837063,0.0154521393992268,b'HadGEM3-GC31-LL',7,0.0004251716746819,373.04747347189135,285.3112678186832,b'ssp245',4.336000861677639,299.34246868893393,307.9079263049849,290.3031669535631,b'2018-07-10/2018-07-16',1531180800
1977,25,23,80.487505056581,0.0151679553187343,b'HadGEM3-GC31-LL',7,0.0001004880699484,362.4469239969522,310.50675591957634,b'ssp245',3.416943828559762,297.8882832481318,304.1711522342182,291.1382661029046,b'2018-07-17/2018-07-23',1531785600
1977,25,23,83.4204193092072,0.0162546412127403,b'HadGEM3-GC31-LL',7,9.717009207025128e-05,369.71709747494606,290.3958908701289,b'ssp245',3.956390735652278,299.2789023957982,303.92851374422366,293.5342912369945,b'2018-07-24/2018-07-30',1532390400
1977,25,23,90.77731691779648,0.0184243489524921,b'HadGEM3-GC31-LL',7,0.000459026162974,386.0425337625607,253.8192716853617,b'ssp245',3.9465899083843152,300.2843350600102,305.535054969112,293.7197014494516,b'2018-07-31/2018-08-06',1532995200
1977,25,23,91.98216672972296,0.018357145671806,b'HadGEM3-GC31-LL',7,0.001218770380745,393.4000697194635,203.2805873943553,b'ssp245',5.537520800137082,300.19102307913334,304.8499272334111,291.6986535442762,b'2018-08-07/2018-08-13',1533600000
1977,25,23,92.79053156829076,0.0168245899903972,b'HadGEM3-GC31-LL',7,0.0004005906188888,391.8320236013036,204.89367873689983,b'ssp245',3.348116749875922,298.5645435762397,304.5196861798535,291.1893654995572,b'2018-08-14/2018-08-20',1534204800
1977,25,23,83.89394255902076,0.0150132315078783,b'HadGEM3-GC31-LL',7,0.0001632573082931,369.74508032860695,226.64128327944724,b'ssp245',3.633666474575095,297.0837443263761,305.2017093735011,288.0327576476258,b'2018-08-21/2018-08-27',1534809600
1977,25,23,75.85743817030065,0.0122022241709615,b'HadGEM3-GC31-LL',7,9.264482527313357e-05,356.0340987945572,228.441780202283,b'ssp245',5.024649067579705,295.691105382401,303.3141098652989,284.66137144050464,b'2018-08-28/2018-09-03',1535414400
1977,25,23,80.46349435601351,0.0127365547504861,b'HadGEM3-GC31-LL',7,0.0006484690888293,357.60273453662114,210.9098007837824,b'ssp245',3.1890208546639616,295.3382943073439,301.390423879432,287.63226779545914,b'2018-09-04/2018-09-10',1536019200
1977,25,23,72.9085461974727,0.0106504679654219,b'HadGEM3-GC31-LL',7,0.0002067187687847,344.97520675569103,214.01385080868644,b'ssp245',3.9277523244728143,293.42191403614646,302.0332490635031,285.2827234909976,b'2018-09-11/2018-09-17',1536624000
1977,25,23,73.77776759123999,0.0095917610391888,b'HadGEM3-GC31-LL',7,4.686174856738652e-05,337.5408001850016,207.5084948733557,b'ssp245',4.368664052116869,291.8027239365368,299.0623253976581,281.2792082407117,b'2018-09-18/2018-09-24',1537228800
1977,25,23,79.92323338480777,0.0105568214163666,b'HadGEM3-GC31-LL',7,2.3455771268822176e-05,344.90675351687685,184.9169155770037,b'ssp245',5.019652664771991,292.7511621231694,299.34224700026977,284.94814335666547,b'2018-09-25/2018-10-01',1537833600
1977,25,23,86.77183475709923,0.0100766962378724,b'HadGEM3-GC31-LL',7,0.0007495903185541,356.9968929564215,128.6973567788286,b'ssp245',7.344970993658687,291.0768113904346,296.0865928172502,284.1063633798286,b'2018-10-02/2018-10-08',1538438400
1977,25,23,87.04495357385392,0.0092850077357271,b'HadGEM3-GC31-LL',7,0.0004704021642531,343.8772180035777,139.35042574981108,b'ssp245',6.243776969472158,289.9644565077209,295.17849360334264,284.54750992415785,b'2018-10-09/2018-10-15',1539043200
1977,25,23,82.19382276195643,0.0081639556781425,b'HadGEM3-GC31-LL',7,0.0005809108405175,332.8555653572565,128.7078107491897,b'ssp245',6.839394650786617,288.4407472679639,294.6363737248192,281.8204556840088,b'2018-10-16/2018-10-22',1539648000
1977,25,23,81.49854018889665,0.0079070904485687,b'HadGEM3-GC31-LL',7,0.0002956447980229,320.195069321896,145.86461454492172,b'ssp245',6.129145228213334,288.3102387087123,294.4733773223624,282.3653613093893,b'2018-10-23/2018-10-29',1540252800
1977,25,23,80.53340769803309,0.0080301540183224,b'HadGEM3-GC31-LL',7,0.0003054884870097,320.10190335597207,118.08842499337764,b'ssp245',7.378225197617532,287.9200249882809,295.78803931442314,276.24472359361164,b'2018-10-30/2018-11-05',1540857600
1977,25,23,78.98627364476629,0.0059666393757799,b'HadGEM3-GC31-LL',7,0.000230663999679,304.818628376462,110.161285366934,b'ssp245',7.495057201321158,283.489845542245,291.9766868041848,275.36171656656995,b'2018-11-06/2018-11-12',1541462400
1977,25,23,85.15022007219504,0.0065022591637504,b'HadGEM3-GC31-LL',7,6.522160036808182e-05,324.03879075509576,92.16599977299946,b'ssp245',6.389386885201153,285.1606175755143,290.06455487428053,277.4428432063764,b'2018-11-13/2018-11-19',1542067200
1977,25,23,71.3352746691666,0.0037722547661806,b'HadGEM3-GC31-LL',7,0.0002441005641482,289.8882134370487,85.4438489050824,b'ssp245',7.568959299358716,278.08390119156604,284.2305289564617,273.84376790700867,b'2018-11-20/2018-11-26',1542672000
1977,25,23,73.5811120482194,0.0042986611428116,b'HadGEM3-GC31-LL',7,0.0004353507871466,282.60346377754433,85.07169908680225,b'ssp245',8.176203544273768,278.5786913123656,292.6706083583719,268.7257255545192,b'2018-11-27/2018-12-03',1543276800
1977,25,23,71.96879873213025,0.0034683350652555,b'HadGEM3-GC31-LL',7,2.946451612066448e-05,255.20103723014824,90.88193345194544,b'ssp245',6.623856092026109,276.89507764281296,281.44294185705985,270.9696102930494,b'2018-12-04/2018-12-10',1543881600
1977,25,23,79.09676295714908,0.0038783255168753,b'HadGEM3-GC31-LL',7,0.0002823562274967,286.50170119155774,71.15461434801668,b'ssp245',7.118296283516679,276.8095451068026,284.55432143318325,270.07573353160507,b'2018-12-11/2018-12-17',1544486400
1977,25,23,78.99360283954407,0.0040443230991804,b'HadGEM3-GC31-LL',7,0.0003361732407783,280.5672057009121,77.96157329081282,b'ssp245',9.35652643569828,277.729536499497,285.0774886706644,270.4887567765597,b'2018-12-18/2018-12-24',1545091200
1977,25,23,76.43005674905531,0.003937851266777,b'HadGEM3-GC31-LL',7,0.0001600846937353,279.8913645532807,67.77771300098549,b'ssp245',6.845075915768168,277.9163473138602,284.62496876181785,266.6436319002153,b'2018-12-25/2018-12-31',1545696000
1977,25,23,72.38665133749862,0.0035995799831107,b'HadGEM3-GC31-LL',7,0.0001621712303353,274.5070846436659,79.88210236601974,b'ssp245',7.363733774816673,277.0692625594272,285.6842015794486,262.65625562071097,b'2019-01-01/2019-01-07',1546300800
1977,25,23,70.82148434746263,0.0029256227450381,b'HadGEM3-GC31-LL',7,0.0003190011939602,263.0992656726422,87.25731512691546,b'ssp245',6.113484752260627,274.5006657968908,286.1814548532966,268.32596581829483,b'2019-01-08/2019-01-14',1546905600
1977,25,23,72.01821794669128,0.0032834868441759,b'HadGEM3-GC31-LL',7,0.0007374230028864,274.15463907953097,85.10407197887609,b'ssp245',8.117613077203908,275.2987148512031,288.8604039504086,267.04719188559574,b'2019-01-15/2019-01-21',1547510400
1977,25,23,70.77660793613917,0.0032402939605482,b'HadGEM3-GC31-LL',7,0.0004621149905585,256.8382037299985,109.89016284064392,b'ssp245',7.798696300556776,275.01658029953575,288.7953355377089,263.14298555448454,b'2019-01-22/2019-01-28',1548115200
1977,25,23,69.57172814387056,0.0025599453252136,b'HadGEM3-GC31-LL',7,0.0002496494781094,252.5507405538908,110.05601193857024,b'ssp245',8.360458373621315,272.77264677096946,282.28753885496604,259.7883339693864,b'2019-01-29/2019-02-04',1548720000
1977,25,23,75.8290768876046,0.0029455904743944,b'HadGEM3-GC31-LL',7,0.0002766696666919,255.6446563314076,117.19838019538476,b'ssp245',9.077346532094296,273.40842891595963,281.2470972270583,264.3203762013909,b'2019-02-05/2019-02-11',1549324800
1977,25,23,81.0687752921699,0.002963610017157,b'HadGEM3-GC31-LL',7,0.0001878115415915,260.81194525332813,125.21046226811582,b'ssp245',8.827998480118834,272.25277867464376,281.92671205414786,256.89725012480864,b'2019-02-12/2019-02-18',1549929600
1977,25,23,86.4984967673603,0.0035394162994328,b'HadGEM3-GC31-LL',7,0.000743593378259,277.3997067924212,112.20371522740984,b'ssp245',7.9742486266185875,273.1071957237384,285.1551209216698,257.9693267714175,b'2019-02-19/2019-02-25',1550534400
1977,25,23,81.55052356459395,0.0028687182632927,b'HadGEM3-GC31-LL',7,0.0005953502982667,257.1598945137702,147.65429839856264,b'ssp245',7.960251675305146,271.5750808702952,286.7054587480169,260.409764709833,b'2019-02-26/2019-03-04',1551139200
1977,25,23,76.7052354186919,0.0034903578848319,b'HadGEM3-GC31-LL',7,0.0006187016625278,257.298296960093,163.92821407334196,b'ssp245',8.912093817433732,273.88560263224684,288.345343363468,260.09988950979323,b'2019-03-05/2019-03-11',1551744000
1977,25,23,75.87759302389885,0.0034251505128337,b'HadGEM3-GC31-LL',7,0.0003158850830961,259.53686345602733,175.9255849742069,b'ssp245',8.279535763741022,275.73941141438337,286.4750200111722,267.0461295351932,b'2019-03-12/2019-03-18',1552348800
1977,25,23,82.0695818989368,0.0028971312702679,b'HadGEM3-GC31-LL',7,0.0003260299731684,258.2051274323266,182.56969622533023,b'ssp245',8.322023925420947,272.016096897804,277.89063382739863,265.3290439862428,b'2019-03-19/2019-03-25',1552953600
1977,25,23,74.85077293165659,0.0028329461013125,b'HadGEM3-GC31-LL',7,8.72135625493559e-05,251.72236300021444,200.1078631818787,b'ssp245',6.749256251814956,273.2063826806912,282.76862768468214,260.7524852189714,b'2019-03-26/2019-04-01',1553558400
1977,25,23,81.46461208483122,0.0052112358862819,b'HadGEM3-GC31-LL',7,0.0002024201226002,276.4998414105077,210.1945725748361,b'ssp245',7.292150845111853,280.0497369661683,292.60836828022383,269.17078699609607,b'2019-04-02/2019-04-08',1554163200
1977,25,23,83.93771357672233,0.0058492779504613,b'HadGEM3-GC31-LL',7,0.0001352106434638,294.103761026682,205.38211833190147,b'ssp245',6.225486245640295,282.03376784688965,290.91184022941724,273.7650673966481,b'2019-04-09/2019-04-15',1554768000
1977,25,23,86.54329408725087,0.0064629561456759,b'HadGEM3-GC31-LL',7,0.0002093555879366,310.4488721935357,189.54020600842472,b'ssp245',5.82344459679099,282.4458800991584,291.5602239003007,271.96442857402275,b'2019-04-16/2019-04-22',1555372800
1977,25,23,88.16802683325355,0.0074736436847505,b'HadGEM3-GC31-LL',7,0.0002935580305822,313.18761406646126,216.59312903111007,b'ssp245',5.130479042717851,285.01823996886327,292.5714613589092,277.04226814279025,b'2019-04-23/2019-04-29',1555977600
1977,25,23,77.1064472607043,0.0057307202359549,b'HadGEM3-GC31-LL',7,0.0007128729796103,290.1616949865399,220.3055863247732,b'ssp245',6.420568126151524,282.3368450337868,290.39766602138985,272.8703815770965,b'2019-04-30/2019-05-06',1556582400
1977,25,23,79.40928807019745,0.0065799637021096,b'HadGEM3-GC31-LL',7,4.804180171591926e-05,290.2192301126893,273.8434270124328,b'ssp245',3.9948276586366913,284.5559207467812,290.61954283010573,275.3245657928719,b'2019-05-07/2019-05-13',1557187200
1977,25,23,83.14097980737968,0.0084899876773769,b'HadGEM3-GC31-LL',7,9.75760217687788e-05,308.28962839029754,291.4950837514758,b'ssp245',5.013224230505882,287.8885614939133,295.8701597391644,280.8334025233244,b'2019-05-14/2019-05-20',1557792000
1977,25,23,87.52303040636833,0.0096054808498195,b'HadGEM3-GC31-LL',7,0.0004340555177833,332.99895437275666,233.84372756605424,b'ssp245',3.80354592831908,288.7438092295285,296.1392290099593,279.157897264645,b'2019-05-21/2019-05-27',1558396800
1977,25,23,84.55805770428795,0.0098793017575075,b'HadGEM3-GC31-LL',7,0.0001623178210874,324.5046997585029,291.30083299451223,b'ssp245',4.277849462024678,290.0739660135991,296.9647207789326,283.0202543400535,b'2019-05-28/2019-06-03',1559001600
1977,25,23,80.16260043186207,0.0101086104954398,b'HadGEM3-GC31-LL',7,0.0005959072766136,323.3043230751309,308.45089923706155,b'ssp245',4.382166639309665,290.8749867460341,300.1950769345622,282.5272601599395,b'2019-06-04/2019-06-10',1559606400
1977,25,23,86.84303119882682,0.0125190071468812,b'HadGEM3-GC31-LL',7,0.0001604357598701,348.26006401166245,279.9835425299845,b'ssp245',3.8626278459694032,293.49914723211486,300.2210960703448,286.6347357919956,b'2019-06-11/2019-06-17',1560211200
1977,25,23,93.05130920307212,0.0135087202541714,b'HadGEM3-GC31-LL',7,0.0005448210366316,365.70069907129385,243.9197895206394,b'ssp245',4.498639021902587,294.28210631428607,301.67637574827506,288.52894057236705,b'2019-06-18/2019-06-24',1560816000
1977,25,23,89.81562280807714,0.0151693125568464,b'HadGEM3-GC31-LL',7,0.0001080727028463,376.75578148800514,287.3986042786416,b'ssp245',4.343792459176189,296.0786477570028,305.0931378469276,286.7085769815456,b'2019-06-25/2019-07-01',1561420800
1977,25,23,78.6963174916134,0.0128155986838599,b'HadGEM3-GC31-LL',7,0.0003304948397607,354.8577224903876,291.54886270112263,b'ssp245',5.726172589274557,295.2222112358712,306.1929905698882,283.40679088533983,b'2019-07-02/2019-07-08',1562025600
1977,25,23,92.7411099988989,0.0152854886197205,b'HadGEM3-GC31-LL',7,0.0004308812716023,376.613992748624,275.9267578305151,b'ssp245',4.425218333400186,295.47148286996713,303.9126792646496,285.47515177360816,b'2019-07-09/2019-07-15',1562630400
1977,25,23,87.47155785910455,0.0162985745673223,b'HadGEM3-GC31-LL',7,0.0002538721565142,377.2361163446404,287.90258114011,b'ssp245',5.186806449320732,297.8935156770894,304.26510115694407,290.98286796488753,b'2019-07-16/2019-07-22',1563235200
1977,25,23,83.62105080457697,0.0157709873833866,b'HadGEM3-GC31-LL',7,0.0002190103019118,373.8747526578345,276.6820942503462,b'ssp245',4.766848019352046,298.24355303422857,304.9839583828148,288.9500733502781,b'2019-07-23/2019-07-29',1563840000
1977,25,23,84.86491702229844,0.0141801317793398,b'HadGEM3-GC31-LL',7,0.0003675944597799,370.3813117187006,243.03178347341327,b'ssp245',4.560086949355366,295.8324001014363,303.02357009113035,289.3208403424079,b'2019-07-30/2019-08-05',1564444800
1977,25,23,92.86240956497386,0.0178167585064863,b'HadGEM3-GC31-LL',7,0.0003016080306794,384.7966146406384,247.91457314828247,b'ssp245',3.5185808108817627,299.0437679770102,304.36924867956526,292.79222497861247,b'2019-08-06/2019-08-12',1565049600
1977,25,23,77.87473691135096,0.0138187874496538,b'HadGEM3-GC31-LL',7,0.0002145451183067,361.6632096085828,255.4071553102089,b'ssp245',4.351662429393614,297.14020186649606,305.13087212969026,287.8952205076972,b'2019-08-13/2019-08-19',1565654400
1977,25,23,87.76767164524055,0.0155212356956971,b'HadGEM3-GC31-LL',7,0.0001128122535323,373.4965241718984,233.55533102508096,b'ssp245',2.6395957205745537,297.8587673609967,302.97897270409806,290.565409906921,b'2019-08-20/2019-08-26',1566259200
1977,25,23,80.64619488264943,0.0148847622724322,b'HadGEM3-GC31-LL',7,0.0003572930018753,372.1484413552312,221.9905456913565,b'ssp245',4.8669478677340114,297.48180886235,305.538106258532,287.6782318079204,b'2019-08-27/2019-09-02',1566864000
1977,25,23,72.96795518025517,0.011171844261209,b'HadGEM3-GC31-LL',7,2.354826735889996e-06,344.01342346737005,233.3043330683638,b'ssp245',3.318682853760175,294.8484080972991,301.58180937603765,286.58564399800304,b'2019-09-03/2019-09-09',1567468800
1977,25,23,84.25772064615612,0.0142522077557584,b'HadGEM3-GC31-LL',7,0.0002466958121881,367.856559821618,210.00413460939805,b'ssp245',5.127518659097225,296.5156553374271,303.22551636318667,288.57116371343943,b'2019-09-10/2019-09-16',1568073600
1977,25,23,84.50434667928603,0.0111979490094518,b'HadGEM3-GC31-LL',7,0.0004468425214442,365.84392408247766,157.92426805115002,b'ssp245',6.043720354296381,292.15354345266644,300.07215843515945,284.001992145705,b'2019-09-17/2019-09-23',1568678400
1977,25,23,70.93119486710498,0.0086770057680578,b'HadGEM3-GC31-LL',7,0.0003854422244498,327.26544912115963,195.6491497706997,b'ssp245',3.909684509868303,291.222060856117,298.0147787947581,285.3698197942416,b'2019-09-24/2019-09-30',1569283200
1977,25,23,78.26480774759624,0.0081487474050438,b'HadGEM3-GC31-LL',7,0.0003141433147174,325.00873619075725,164.2980253438681,b'ssp245',5.49681296837553,288.4341542306206,297.50726916460667,278.17558733547173,b'2019-10-01/2019-10-07',1569888000
1977,25,23,77.8443271278591,0.0081549557374353,b'HadGEM3-GC31-LL',7,0.0003077680371095,318.9634507092884,159.22827901983365,b'ssp245',5.447875290983421,288.8414668795592,295.99895966404864,279.10372895980527,b'2019-10-08/2019-10-14',1570492800
1977,25,23,75.81897071867975,0.0070961962588637,b'HadGEM3-GC31-LL',7,0.0001119175977203,297.8783240328753,169.9728185094253,b'ssp245',4.990864386263374,286.70530040558884,295.07507662902617,278.3474933574726,b'2019-10-15/2019-10-21',1571097600
1977,25,23,89.22978545530064,0.0097570339881284,b'HadGEM3-GC31-LL',7,1.1415718305159868e-05,335.04879908466,148.88958137500626,b'ssp245',3.258459584711776,290.3086459268746,295.94333840542447,282.0021037312297,b'2019-10-22/2019-10-28',1571702400
1977,25,23,80.73504211714022,0.0083185697416888,b'HadGEM3-GC31-LL',7,0.0005210803585513,326.82812685298165,127.91222658766966,b'ssp245',6.265141119259689,287.66416499562035,296.06943938019987,275.6179168953383,b'2019-10-29/2019-11-04',1572307200
1977,25,23,70.93335018714497,0.0055059912672014,b'HadGEM3-GC31-LL',7,0.0001608151427083,297.6159746874884,120.95420436695063,b'ssp245',8.013440044719626,283.66032575149524,292.8630199229703,276.5170664601512,b'2019-11-05/2019-11-11',1572912000
1977,25,23,78.22471174194109,0.0059544587382022,b'HadGEM3-GC31-LL',7,0.0005795129099935,306.58436831794234,99.33398788472736,b'ssp245',5.8142370509345325,284.22480995511506,290.006625557171,276.6936041641686,b'2019-11-12/2019-11-18',1573516800
1977,25,23,76.27938333460845,0.0050417448527595,b'HadGEM3-GC31-LL',7,0.0004305818920656,297.69506830790334,91.3465810368165,b'ssp245',8.685249856077693,281.0573985819914,291.0590396237064,273.512484571869,b'2019-11-19/2019-11-25',1574121600
1977,25,23,66.6246229877237,0.0032342547233261,b'HadGEM3-GC31-LL',7,3.919910452225999e-05,278.4913457213254,86.14725907252237,b'ssp245',7.017388662613952,276.97981393717254,281.5283858874613,271.91962448174166,b'2019-11-26/2019-12-02',1574726400
1977,25,23,74.06717322161838,0.0040208176229991,b'HadGEM3-GC31-LL',7,0.0003499141263432,281.7533061129988,82.71701361851943,b'ssp245',7.061222506204812,277.995065417252,289.62421818072283,270.1884718065138,b'2019-12-03/2019-12-09',1575331200
1977,25,23,76.80801026538445,0.0043687962872024,b'HadGEM3-GC31-LL',7,0.0001612243973046,274.7303323087854,82.719120198065,b'ssp245',5.122096792122307,279.8386762068593,285.14199955207255,272.6506308743636,b'2019-12-10/2019-12-16',1575936000
1977,25,23,77.18045674538125,0.0041020787172983,b'HadGEM3-GC31-LL',7,0.0003656949078392,289.9881370365569,72.82589863870291,b'ssp245',7.2362738536288465,279.0659742942446,284.9092124389504,270.55155550293546,b'2019-12-17/2019-12-23',1576540800
1977,25,23,74.2270860438766,0.0039863135092472,b'HadGEM3-GC31-LL',7,3.316856137185703e-07,273.33924563068985,86.93145809215405,b'ssp245',6.959119511889172,278.7407271188474,285.04860138696085,270.8338011974709,b'2019-12-24/2019-12-30',1577145600
1977,25,23,63.47884149112274,0.0028125166020508,b'HadGEM3-GC31-LL',1,1.805591110403188e-07,240.18840005237348,95.04923395114074,b'ssp245',7.12326945774389,276.37565870408883,280.24373748310904,272.50758947307133,b'2019-12-31/2020-01-06',1577750400
2703,25,25,67.18253543202471,0.0025875675332981,b'HadGEM3-GC31-LL',5,0.0001220422712283,266.78570459877574,71.04253874988092,b'ssp245',7.614304837947939,274.77863977943986,279.1610836866426,270.8596329107517,b'2014-12-30/2015-01-05',1419897600
2703,25,25,77.46909968944378,0.002509512517821,b'HadGEM3-GC31-LL',7,0.0004891029186525,254.2209258129372,81.03140774504233,b'ssp245',9.359334475487367,270.28642485615273,282.8372255650963,251.7443691346704,b'2015-01-06/2015-01-12',1420502400
2703,25,25,79.13072362760218,0.0021978076149868,b'HadGEM3-GC31-LL',7,1.9396922930243866e-05,240.5472605369648,101.19779132218312,b'ssp245',5.317415390695845,268.0610376019096,278.3750148866235,250.12296202124625,b'2015-01-13/2015-01-19',1421107200
2703,25,25,77.63398737359132,0.0017700501456401,b'HadGEM3-GC31-LL',7,7.22055352281775e-05,241.7365628551524,94.18872309561807,b'ssp245',6.137268740541013,266.659869469832,273.7506591052544,257.67746455494955,b'2015-01-20/2015-01-26',1421712000
2703,25,25,72.64760766378264,0.0018012403191686,b'HadGEM3-GC31-LL',7,2.5541999097013984e-06,228.53647305159623,125.5158805847168,b'ssp245',5.466967758816709,267.73942656301045,277.6397541325267,258.174322733065,b'2015-01-27/2015-02-02',1422316800
2703,25,25,68.17426014943406,0.0029548069296683,b'HadGEM3-GC31-LL',7,0.0003187325634781,256.0848218273203,119.83852062158886,b'ssp245',6.622935934764584,274.8447024249034,283.6780622528821,264.10373706352425,b'2015-02-03/2015-02-09',1422921600
2703,25,25,62.00301472733661,0.0025871206222601,b'HadGEM3-GC31-LL',7,0.0,240.12995083905267,148.09989840145312,b'ssp245',5.525093629385121,275.10264241820016,280.7856184796589,267.30000640124814,b'2015-02-10/2015-02-16',1423526400
2703,25,25,62.84406596193747,0.0027007997571003,b'HadGEM3-GC31-LL',7,4.134038539543726e-05,233.7404739433049,160.64650061736958,b'ssp245',6.490805147416916,274.5469909029971,283.82495042754385,263.4381557557641,b'2015-02-17/2015-02-23',1424131200
2703,25,25,63.43961737629429,0.0016409702200923,b'HadGEM3-GC31-LL',7,1.2860415728116607e-06,211.87145685069652,179.41710208268117,b'ssp245',8.170469401190092,269.4413653117855,280.89387326124245,255.51338698224325,b'2015-02-24/2015-03-02',1424736000
2703,25,25,75.79167099530689,0.0030038300865144,b'HadGEM3-GC31-LL',7,0.0003030105630657,254.401054249408,156.77935592970366,b'ssp245',7.1791507283985,272.9699346562296,283.58353517113665,256.654684299376,b'2015-03-03/2015-03-09',1425340800
2703,25,25,85.5451242400379,0.0033255570425362,b'HadGEM3-GC31-LL',7,0.0006712226803805,269.4008935270409,132.1692870668418,b'ssp245',8.132200461646821,272.807653500228,279.3567914264959,262.22842183927213,b'2015-03-10/2015-03-16',1425945600
2703,25,25,79.52680708722372,0.0040340544939858,b'HadGEM3-GC31-LL',7,9.429011241791602e-05,265.1300537694207,198.38955869242707,b'ssp245',4.835316899346144,277.73406535823176,282.6194093285538,271.5610868872666,b'2015-03-17/2015-03-23',1426550400
2703,25,25,79.29433689715556,0.0048835719069579,b'HadGEM3-GC31-LL',7,0.0004448014177152,278.04802169533974,177.95993488590895,b'ssp245',6.4123496963587385,278.8135708267265,293.1151603140483,263.6044173822171,b'2015-03-24/2015-03-30',1427155200
2703,25,25,84.02772266773398,0.0057510700314516,b'HadGEM3-GC31-LL',7,0.0003321010769422,295.63033345185926,189.392368010943,b'ssp245',4.809378465293593,281.5423053914247,291.67419545243433,272.51245935951795,b'2015-03-31/2015-04-06',1427760000
2703,25,25,86.38263448522481,0.0056735088039539,b'HadGEM3-GC31-LL',7,0.0009981184481234,298.57481118444787,164.01271134220352,b'ssp245',9.89903385049375,281.49301854575555,291.4701597632432,274.57503490913206,b'2015-04-07/2015-04-13',1428364800
2703,25,25,79.69361761804244,0.0053105356166859,b'HadGEM3-GC31-LL',7,0.0002035501906015,269.73225990322,239.2208408129756,b'ssp245',5.270569565404168,281.6297419212421,291.1657800441836,273.5143235369427,b'2015-04-14/2015-04-20',1428969600
2703,25,25,91.65452325800986,0.0083190331126819,b'HadGEM3-GC31-LL',7,0.0002965687319052,319.2203704089653,219.3111792109154,b'ssp245',3.931667079908923,286.5146254695666,293.9639405041206,280.4418349847561,b'2015-04-21/2015-04-27',1429574400
2703,25,25,84.52208495721585,0.0078626255292237,b'HadGEM3-GC31-LL',7,3.053037651919268e-05,296.2486866276439,263.91737612946946,b'ssp245',2.6632914850520755,286.87436519184183,293.47112329994764,279.69456333067365,b'2015-04-28/2015-05-04',1430179200
2703,25,25,76.52575236995047,0.0072190315772548,b'HadGEM3-GC31-LL',7,0.0001879555377398,296.75563559714925,274.03337240717553,b'ssp245',4.584221607093612,286.31338373376934,297.2630503584699,276.3728957757717,b'2015-05-05/2015-05-11',1430784000
2703,25,25,79.60636573552256,0.0081978626354541,b'HadGEM3-GC31-LL',7,9.822486885187163e-05,307.6800511057785,276.247385935501,b'ssp245',5.520261467126189,287.7865277865208,296.74089013076417,276.89039276867385,b'2015-05-12/2015-05-18',1431388800
2703,25,25,86.84859485161016,0.0106592228188331,b'HadGEM3-GC31-LL',7,0.000124815970731,330.6201410592641,281.5367338067564,b'ssp245',4.253840066206996,291.06765646053947,299.04250838116906,279.58233642578125,b'2015-05-19/2015-05-25',1431993600
2703,25,25,83.90831587788122,0.0111638410406297,b'HadGEM3-GC31-LL',7,0.000317418698581,326.34025260048054,313.06935202037005,b'ssp245',5.137372933613714,292.432856862138,300.6089901807832,280.1676550144103,b'2015-05-26/2015-06-01',1432598400
2703,25,25,87.04634228483727,0.012434937963619,b'HadGEM3-GC31-LL',7,0.0001720064154536,350.8182831342213,271.7253872542432,b'ssp245',4.105929049880663,293.8144950733783,302.5131486101849,286.34472470167213,b'2015-06-02/2015-06-08',1433203200
2703,25,25,88.88153307446204,0.013837381160594,b'HadGEM3-GC31-LL',7,0.0004564322077229,363.2665531278072,273.815358710206,b'ssp245',4.400209865088248,295.1312628556628,303.44001397853947,285.4297396031822,b'2015-06-09/2015-06-15',1433808000
2703,25,25,79.20198958925255,0.012593035566708,b'HadGEM3-GC31-LL',7,0.0003625742444853,341.3802093612193,320.8563823101828,b'ssp245',3.7607516341093112,294.93352186887523,302.5306798423209,286.39512113245524,b'2015-06-16/2015-06-22',1434412800
2703,25,25,78.01609146968829,0.0126345337608679,b'HadGEM3-GC31-LL',7,0.0002441077572374,343.3272682216525,296.43961990834947,b'ssp245',4.678959410157353,295.0365691500674,301.34593051817365,286.8498092279202,b'2015-06-23/2015-06-29',1435017600
2703,25,25,85.02793666294644,0.0154969565171215,b'HadGEM3-GC31-LL',7,4.599997622174825e-05,363.7532735685023,317.6232191345003,b'ssp245',3.916639311388395,297.6992576147206,305.2105124868998,286.3217356612043,b'2015-06-30/2015-07-06',1435622400
2703,25,25,84.87491643553413,0.0157482478920149,b'HadGEM3-GC31-LL',7,0.0003336865859791,375.93192931916246,283.2551263948767,b'ssp245',5.67434742475636,298.5956759569122,305.141592630526,289.1819941823076,b'2015-07-07/2015-07-13',1436227200
2703,25,25,86.93231601249882,0.0178795649072979,b'HadGEM3-GC31-LL',7,0.0003428523186811,385.3937762855238,285.23383894863866,b'ssp245',4.658936426614636,300.0103072854285,309.11605202279446,290.2368655321075,b'2015-07-14/2015-07-20',1436832000
2703,25,25,82.69678933279855,0.0152024135872954,b'HadGEM3-GC31-LL',7,0.0002794003890482,367.8680587928055,275.08239036320816,b'ssp245',3.738980272090394,297.9811096723071,303.4635344714653,290.6541200963463,b'2015-07-21/2015-07-27',1437436800
2703,25,25,81.87615824576456,0.0155203459956374,b'HadGEM3-GC31-LL',7,0.0002352091444013,373.1179992463116,261.3046708322984,b'ssp245',4.122288207351539,298.5130692857483,304.9370999219941,290.01489257812506,b'2015-07-28/2015-08-03',1438041600
2703,25,25,90.64869858745084,0.0173257663294361,b'HadGEM3-GC31-LL',7,0.0005034260181476,386.5266279692434,240.7347670232793,b'ssp245',4.737735234901881,299.49349087705184,305.3836219601515,293.3999972459747,b'2015-08-04/2015-08-10',1438646400
2703,25,25,84.29864673415129,0.0159999334013238,b'HadGEM3-GC31-LL',7,0.000148043658777,373.7856388424332,252.2071445744212,b'ssp245',3.6477089395506463,298.6729573638598,304.7926055163872,288.6674384140387,b'2015-08-11/2015-08-17',1439251200
2703,25,25,89.18479438276657,0.0176382396720635,b'HadGEM3-GC31-LL',7,0.0002175255066304,391.0329130485084,226.2261195963684,b'ssp245',3.171838020821482,300.0440364930688,306.60101764958085,292.71331117211327,b'2015-08-18/2015-08-24',1439856000
2703,25,25,82.00229195518362,0.0157298226386489,b'HadGEM3-GC31-LL',7,0.0001398852130078,377.0231958050346,228.0627142078785,b'ssp245',4.335482901397068,298.839299643912,306.48176128108327,288.70059836783065,b'2015-08-25/2015-08-31',1440460800
2703,25,25,78.3250232922491,0.0122968451613203,b'HadGEM3-GC31-LL',7,0.0007080557871386,353.1532474743781,221.59348419402127,b'ssp245',5.215529811922266,294.6764222786402,303.32985408131674,282.40681085353947,b'2015-09-01/2015-09-07',1441065600
2703,25,25,75.2696419559705,0.0119455474305521,b'HadGEM3-GC31-LL',7,4.886869744468197e-05,351.3088876013141,226.8478252397597,b'ssp245',4.084430218158284,295.0283386017803,306.3589473817407,283.92738118985807,b'2015-09-08/2015-09-14',1441670400
2703,25,25,84.75443972278558,0.0132763252174968,b'HadGEM3-GC31-LL',7,1.061189796684364e-05,356.257833660272,214.7143495938504,b'ssp245',2.078056093292369,295.72404804296195,302.3945878191692,288.08122178984854,b'2015-09-15/2015-09-21',1442275200
2703,25,25,74.35383053025303,0.0094948122845735,b'HadGEM3-GC31-LL',7,0.00012534829497,336.07093162403714,201.92872553170767,b'ssp245',4.732539720236218,291.6721404603965,302.6568138308642,282.8739851044446,b'2015-09-22/2015-09-28',1442880000
2703,25,25,75.30216448979927,0.0083945252987773,b'HadGEM3-GC31-LL',7,0.0001017665313433,327.1317702236907,170.01645265639036,b'ssp245',5.340872262828442,288.9470483334638,299.2484819365711,277.792508381169,b'2015-09-29/2015-10-05',1443484800
2703,25,25,75.87517146200254,0.0085952925781365,b'HadGEM3-GC31-LL',7,1.8516749670785743e-05,322.9852691012393,178.61968497033735,b'ssp245',3.780541627249236,289.7632696171671,298.15841786454365,278.9632315286777,b'2015-10-06/2015-10-12',1444089600
2703,25,25,79.00550508665292,0.0084342661789108,b'HadGEM3-GC31-LL',7,8.923270376349471e-05,327.77061526202164,143.06250252540937,b'ssp245',5.332713523808258,289.33567464476266,297.0363955614044,280.5768335854135,b'2015-10-13/2015-10-19',1444694400
2703,25,25,75.27111490761364,0.0068454388180221,b'HadGEM3-GC31-LL',7,7.151301970890662e-05,308.265412706116,149.7306527327162,b'ssp245',5.279574620599115,286.3951996593941,295.1795832936357,277.3899778040444,b'2015-10-20/2015-10-26',1445299200
2703,25,25,70.85603574427164,0.0056630316172573,b'HadGEM3-GC31-LL',7,3.8978326523558685e-05,295.33494722053985,128.54812212688168,b'ssp245',5.678884451397621,284.15284574821027,293.33179715784587,273.92285528415584,b'2015-10-27/2015-11-02',1445904000
2703,25,25,65.39404821229729,0.0039876296155751,b'HadGEM3-GC31-LL',7,3.858385654960486e-05,277.09090593716826,123.92826247796782,b'ssp245',4.803048579950366,280.3708096813242,289.67469862030777,271.95104794385963,b'2015-11-03/2015-11-09',1446508800
2703,25,25,78.31647076756282,0.0050064912155101,b'HadGEM3-GC31-LL',7,0.000127459435248,297.065988414379,99.35740101378973,b'ssp245',5.431930949255981,280.7022180856313,288.6098807730326,271.19422577648635,b'2015-11-10/2015-11-16',1447113600
2703,25,25,66.68700648184854,0.0035985391810113,b'HadGEM3-GC31-LL',7,0.0001590872063843,274.68275334693834,97.41424610390482,b'ssp245',4.73454672492755,278.1144452244563,287.8087351729231,270.9116694752763,b'2015-11-17/2015-11-23',1447718400
2703,25,25,79.53931468206001,0.0056614630704725,b'HadGEM3-GC31-LL',7,0.0003371392406888,311.3330875091021,84.27560698612228,b'ssp245',6.2291581281801545,281.59026057545736,291.2539330459223,271.90745023401774,b'2015-11-24/2015-11-30',1448323200
2703,25,25,80.14517380717741,0.0039918009485426,b'HadGEM3-GC31-LL',7,0.0001446301647658,275.2612006423366,81.32460478540084,b'ssp245',6.60988255411075,276.37756863371425,287.3541806849038,267.7034558552068,b'2015-12-01/2015-12-07',1448928000
2703,25,25,81.48902785404219,0.0042281702383119,b'HadGEM3-GC31-LL',7,0.000604787721871,284.1180285410599,68.54497795237897,b'ssp245',6.553981260140184,277.79776165792754,284.4987603164301,271.67090774163967,b'2015-12-08/2015-12-14',1449532800
2703,25,25,79.96001201722682,0.0052432639062735,b'HadGEM3-GC31-LL',7,0.0001318402406834,295.78669374578925,69.72714828863377,b'ssp245',7.651034321934505,280.90640125872784,290.6488647460938,274.0788589105374,b'2015-12-15/2015-12-21',1450137600
2703,25,25,65.7841956241621,0.0025947931837549,b'HadGEM3-GC31-LL',7,0.0001066122901936,241.1666017857994,90.267908328917,b'ssp245',7.622399929923879,274.02899419804487,288.095675212581,265.54099180640253,b'2015-12-22/2015-12-28',1450742400
2703,25,25,68.74647492066494,0.0032254701899282,b'HadGEM3-GC31-LL',7,0.0005220073082188,255.40964640972928,87.22869272265287,b'ssp245',5.616483362709604,276.0915505013815,286.8913410465892,269.1013269191835,b'2015-12-29/2016-01-04',1451347200
2703,25,25,80.63489749124243,0.0028678324758658,b'HadGEM3-GC31-LL',7,0.0002820750346583,264.5860941817121,78.28869999078094,b'ssp245',5.853585587145976,271.9933881593499,280.5547392310166,261.28528427496195,b'2016-01-05/2016-01-11',1451952000
2703,25,25,77.72492762974332,0.0023715078132226,b'HadGEM3-GC31-LL',7,0.0004325300112058,250.96766173465744,83.7075415222487,b'ssp245',9.124842101273222,269.37678134399846,285.02835641256195,253.4751525506741,b'2016-01-12/2016-01-18',1452556800
2703,25,25,77.75014705857335,0.0045024802083252,b'HadGEM3-GC31-LL',7,0.0009622739202668,287.284841132081,86.00631489238674,b'ssp245',7.349475886348233,279.6851318572041,286.9109616163301,274.888297104254,b'2016-01-19/2016-01-25',1453161600
2703,25,25,66.84224839160667,0.0034356719991905,b'HadGEM3-GC31-LL',7,0.0005089364236417,275.8312046702316,95.68598300654716,b'ssp245',9.463575997834424,277.2688599696143,287.5328049078221,270.5053171297399,b'2016-01-26/2016-02-01',1453766400
2703,25,25,61.8116047357433,0.001817518233513,b'HadGEM3-GC31-LL',7,0.0,220.20705565342925,136.42574367456737,b'ssp245',6.823861636351211,270.4153448231129,281.2446322557403,259.1383413919589,b'2016-02-02/2016-02-08',1454371200
2703,25,25,77.73347768218676,0.0030722944065928,b'HadGEM3-GC31-LL',7,0.0003213998613495,260.22442509986803,120.53258067805594,b'ssp245',7.055598598324048,273.2056202107606,283.24485555509244,261.91095268435595,b'2016-02-09/2016-02-15',1454976000
2703,25,25,75.30511627463099,0.0024944893530657,b'HadGEM3-GC31-LL',7,0.000210102198936,249.6205486603315,135.98740077267956,b'ssp245',7.073053356662446,270.4793477340858,280.15827048697133,259.70093517768674,b'2016-02-16/2016-02-22',1455580800
2703,25,25,77.73413422215692,0.0019524518009201,b'HadGEM3-GC31-LL',7,3.092496185617188e-05,227.9094144974021,161.7531769915325,b'ssp245',9.733262271415898,266.6816482809778,280.395089870546,254.2376675489473,b'2016-02-23/2016-02-29',1456185600
2703,25,25,79.48964188738569,0.0029486300908872,b'HadGEM3-GC31-LL',7,0.0003694291852397,260.46655472811926,145.55812018258234,b'ssp245',6.242764606708434,272.0548163756261,282.2789414568646,258.6163534769198,b'2016-03-01/2016-03-07',1456790400
2703,25,25,79.83049896452901,0.0045144032611501,b'HadGEM3-GC31-LL',7,0.0004513369888837,284.2899336598892,155.04403959001817,b'ssp245',6.07633618693734,278.4942059134773,286.43753684439315,267.68088550102425,b'2016-03-08/2016-03-14',1457395200
2703,25,25,77.41812961192913,0.0048084101312751,b'HadGEM3-GC31-LL',7,0.000163828971017,274.4176069518831,189.01500297838805,b'ssp245',7.486371464845612,280.41571576587006,288.87889210770777,271.7898295332746,b'2016-03-15/2016-03-21',1458000000
2703,25,25,83.11261288712664,0.0051243413646967,b'HadGEM3-GC31-LL',7,0.0002674867873348,278.3110325776742,181.9759442000439,b'ssp245',4.604595731775105,280.4354068344064,288.2196052365188,269.58843249809456,b'2016-03-22/2016-03-28',1458604800
2703,25,25,80.083433942097,0.0046031389589086,b'HadGEM3-GC31-LL',7,0.0003649614025966,274.62719282622123,204.5661008349695,b'ssp245',6.755204950060164,278.6510939647927,288.93843190262965,265.95004160811266,b'2016-03-29/2016-04-04',1459209600
2703,25,25,76.61535126157754,0.0051846801301703,b'HadGEM3-GC31-LL',7,5.929461982615489e-06,253.23046417768,251.8964035884844,b'ssp245',4.945586088019382,281.8301858935207,291.41715780118625,273.82123584282107,b'2016-04-05/2016-04-11',1459814400
2703,25,25,86.52597512434583,0.0076236175089256,b'HadGEM3-GC31-LL',7,0.0004902836424372,308.25342413606546,216.01419620314545,b'ssp245',7.284953320067935,285.27694218333176,295.39578209853755,271.1046310052639,b'2016-04-12/2016-04-18',1460419200
2703,25,25,87.85862501988429,0.008303922957997,b'HadGEM3-GC31-LL',7,0.0001753437921559,318.85472771515003,222.3123949695548,b'ssp245',4.66180940746015,286.80199929479943,296.8984754608899,274.98376204327843,b'2016-04-19/2016-04-25',1461024000
2703,25,25,88.2380110046174,0.0087530858009949,b'HadGEM3-GC31-LL',7,0.00012131632565,319.3247871000177,229.94055824412703,b'ssp245',3.459907110559816,288.0143692069768,294.55967675185786,281.4782770668588,b'2016-04-26/2016-05-02',1461628800
2703,25,25,83.40928853264255,0.0090746318050156,b'HadGEM3-GC31-LL',7,0.0004450805591525,314.8281079867161,249.37698800223217,b'ssp245',5.520294134209796,289.3465307680987,298.421864207198,280.485109282703,b'2016-05-03/2016-05-09',1462233600
2703,25,25,78.88021665832308,0.0083858116695378,b'HadGEM3-GC31-LL',7,9.42432790918424e-05,307.1363643420283,277.59702601416194,b'ssp245',5.149376271493759,289.101465790114,299.1736602783204,280.2450974627239,b'2016-05-10/2016-05-16',1462838400
2703,25,25,84.30956249037686,0.0103368475969932,b'HadGEM3-GC31-LL',7,0.0004608917769398,331.1652996847439,255.9028031352505,b'ssp245',5.329789951703275,291.1228463309152,300.45981058260287,279.5627117622189,b'2016-05-17/2016-05-23',1463443200
2703,25,25,80.05146340293753,0.0097242371594526,b'HadGEM3-GC31-LL',7,0.0001394275569931,316.70373455406485,307.168225650588,b'ssp245',4.511656705510741,290.67984046005625,299.23311410299164,279.19975131895484,b'2016-05-24/2016-05-30',1464048000
2703,25,25,80.61168464634063,0.0112746127017932,b'HadGEM3-GC31-LL',7,0.0002645490082458,323.6918421090688,323.79472454748924,b'ssp245',4.115296725404388,292.57003587463595,302.22081291384814,282.29413213962465,b'2016-05-31/2016-06-06',1464652800
2703,25,25,90.28298790695776,0.0129112822039357,b'HadGEM3-GC31-LL',7,0.000409560515802,359.6958529375988,255.6141974419252,b'ssp245',4.3767043784105,293.52742738092405,304.7615419713463,280.62516189203035,b'2016-06-07/2016-06-13',1465257600
2703,25,25,85.74038773380506,0.0140823928188233,b'HadGEM3-GC31-LL',7,6.961055460581565e-05,356.3228440234886,297.0769018512155,b'ssp245',2.923337672230258,295.75753954312535,305.0068370539968,287.4127193543969,b'2016-06-14/2016-06-20',1465862400
2703,25,25,80.67405473396754,0.0132152356713594,b'HadGEM3-GC31-LL',7,0.0004459843678375,351.45148374976185,301.25727791071773,b'ssp245',4.89075614309477,295.0472114908571,302.7214143334366,287.2460167117236,b'2016-06-21/2016-06-27',1466467200
2703,25,25,78.43318599607888,0.0150043718899739,b'HadGEM3-GC31-LL',7,3.5809187174087e-05,361.3423181194877,324.18615839622584,b'ssp245',3.977677030845802,298.5382904690733,305.62633123630434,288.3111233594941,b'2016-06-28/2016-07-04',1467072000
2703,25,25,82.2469816307573,0.0153461797763219,b'HadGEM3-GC31-LL',7,0.0001939427304256,368.97384042773103,300.1101238503274,b'ssp245',3.896129981358293,298.210200612138,306.3530452076982,286.2471934993093,b'2016-07-05/2016-07-11',1467676800
2703,25,25,74.05888559427828,0.0129939889720273,b'HadGEM3-GC31-LL',7,0.0001651020006203,349.20984019635034,310.282022775258,b'ssp245',4.632268724125852,295.9084378019858,303.43849963676644,285.892186234637,b'2016-07-12/2016-07-18',1468281600
2703,25,25,82.89273960498984,0.0148599480509186,b'HadGEM3-GC31-LL',7,0.0002661973636826,367.2436267706576,271.4638301570241,b'ssp245',3.7176656918243256,297.0336692889809,304.0629581358375,288.4345319794446,b'2016-07-19/2016-07-25',1468886400
2703,25,25,80.0544132272541,0.0146342024015658,b'HadGEM3-GC31-LL',7,0.0001624661075635,364.8280365309234,284.2339425967546,b'ssp245',4.114426017015239,297.0263532047073,305.85503406059456,288.57495861518674,b'2016-07-26/2016-08-01',1469491200
2703,25,25,77.752215993529,0.0138403883184393,b'HadGEM3-GC31-LL',7,0.0001454272228884,356.0879647391183,290.97546854584067,b'ssp245',3.881531356519108,296.56747681089394,305.603067909799,285.13654829816124,b'2016-08-02/2016-08-08',1470096000
2703,25,25,84.62786814726189,0.0155278935862983,b'HadGEM3-GC31-LL',7,0.0005068858619012,375.1087354068557,238.4366246399564,b'ssp245',3.536640670656744,298.0432311799053,304.4544350228659,288.12018789896155,b'2016-08-09/2016-08-15',1470700800
2703,25,25,77.55908720169334,0.0132883723633759,b'HadGEM3-GC31-LL',7,9.062447380839752e-05,367.63943816394345,238.3656737962251,b'ssp245',4.520891715425233,296.3892229990677,306.5144199278297,288.2767650325124,b'2016-08-16/2016-08-22',1471305600
2703,25,25,70.65809858634498,0.0101356141671589,b'HadGEM3-GC31-LL',7,0.0001105251096489,337.4557713631554,246.4137070021148,b'ssp245',3.929971487679964,293.01390389366026,301.5326958633051,283.290914768126,b'2016-08-23/2016-08-29',1471910400
2703,25,25,76.55391024546341,0.0101964122515158,b'HadGEM3-GC31-LL',7,0.0001873482412975,352.718618838214,187.83221217564173,b'ssp245',4.220606564644738,292.5016866012733,299.74748639362616,286.333861932522,b'2016-08-30/2016-09-05',1472515200
2703,25,25,82.27167710360752,0.0125073352974647,b'HadGEM3-GC31-LL',7,0.0001881977769122,360.13568455500064,214.3592844574294,b'ssp245',4.239840079683045,294.61106915091807,301.6376156690644,284.22553346215227,b'2016-09-06/2016-09-12',1473120000
2703,25,25,79.4772696146151,0.0110654406288463,b'HadGEM3-GC31-LL',7,0.0005018536274324,351.09487771489484,201.925929930152,b'ssp245',4.131875910410067,292.8169694960325,300.3357815626192,281.92172948325555,b'2016-09-13/2016-09-19',1473724800
2703,25,25,82.00350918919368,0.0099061970738531,b'HadGEM3-GC31-LL',7,0.0003338483891239,347.058715660813,179.22430188647544,b'ssp245',5.58727524089481,290.8445854585761,299.138575484113,283.257872046494,b'2016-09-20/2016-09-26',1474329600
2703,25,25,75.21790967668808,0.0085485571880178,b'HadGEM3-GC31-LL',7,0.0001223450551509,333.31934880379606,179.13466442254364,b'ssp245',4.295310512652381,290.50510132686605,296.33486826826885,283.6621685493284,b'2016-09-27/2016-10-03',1474934400
2703,25,25,85.16470126906339,0.0105540671869333,b'HadGEM3-GC31-LL',7,6.018828467282088e-05,337.7606002329118,177.99254140288988,b'ssp245',3.186614671235301,291.6895114486642,298.7589208091178,283.3973009062977,b'2016-10-04/2016-10-10',1475539200
2703,25,25,84.4695766728099,0.0100317753767042,b'HadGEM3-GC31-LL',7,0.0001703945273642,346.6343932999136,149.91609324810813,b'ssp245',4.037932212344446,291.117990473837,297.6364854021771,280.895025858065,b'2016-10-11/2016-10-17',1476144000
2703,25,25,71.31928661226812,0.0066952883859751,b'HadGEM3-GC31-LL',7,6.120837686192474e-05,310.0192285198783,149.48611721344528,b'ssp245',6.775591341045262,287.13425597081203,296.2846843440359,280.2068220929402,b'2016-10-18/2016-10-24',1476748800
2703,25,25,74.04692527558329,0.0058903342797598,b'HadGEM3-GC31-LL',7,9.05546718923888e-05,301.91217104815445,131.405793206617,b'ssp245',5.961791597592291,284.42086084877576,291.72688256240474,277.048947962319,b'2016-10-25/2016-10-31',1477353600
2703,25,25,75.65490712022948,0.0057104079487639,b'HadGEM3-GC31-LL',7,0.000364990965195,311.3322059551598,112.41270184932272,b'ssp245',7.023034811019898,283.72356842785354,293.1438643292683,277.80736039324506,b'2016-11-01/2016-11-07',1477958400
2703,25,25,79.7757075505805,0.0061851576658594,b'HadGEM3-GC31-LL',7,0.0001893077957885,302.8344139604204,109.65877291051356,b'ssp245',4.563622263665815,283.9655034400861,292.2545858243617,276.1387343988186,b'2016-11-08/2016-11-14',1478563200
2703,25,25,78.48488231486145,0.0051920427161979,b'HadGEM3-GC31-LL',7,0.0007585298273857,307.5108462343648,81.03892812828569,b'ssp245',7.9726649809382115,281.609109167438,290.737248862662,273.9602631359565,b'2016-11-15/2016-11-21',1479168000
2703,25,25,78.78040507778475,0.0042854610778624,b'HadGEM3-GC31-LL',7,0.0007684550581448,293.5822756564576,83.52300622654295,b'ssp245',6.844116671160124,277.93653534679885,287.7285550745522,268.53948565227233,b'2016-11-22/2016-11-28',1479772800
2703,25,25,79.4551216816653,0.0041065634409198,b'HadGEM3-GC31-LL',7,1.0967965469784008e-05,282.2135327435537,87.62398901218322,b'ssp245',4.716618440707802,277.5402132891612,287.23564445681694,267.7243730498524,b'2016-11-29/2016-12-05',1480377600
2703,25,25,73.1602576518308,0.0039489538490346,b'HadGEM3-GC31-LL',7,9.275796280856346e-05,270.2566362706627,84.97729800553273,b'ssp245',6.97955451111345,278.2128148095533,288.3377499464082,268.26718176865,b'2016-12-06/2016-12-12',1480982400
2703,25,25,66.55241746935695,0.0024284027455591,b'HadGEM3-GC31-LL',7,5.912257943125996e-05,243.4617437701608,84.0862914627022,b'ssp245',7.208498062157051,273.364165462268,278.94510259860897,267.1972455280584,b'2016-12-13/2016-12-19',1481587200
2703,25,25,72.88674126601802,0.0029571187189205,b'HadGEM3-GC31-LL',7,9.19878577916257e-05,251.1062046808648,81.97906068143946,b'ssp245',6.071687328690852,274.7358899266047,281.09254529999527,270.19542414967606,b'2016-12-20/2016-12-26',1482192000
2703,25,25,75.82465133932827,0.0025452449100451,b'HadGEM3-GC31-LL',7,0.0002536712639572,252.4714759268412,81.45611240639505,b'ssp245',10.036060888177428,271.2573476120155,281.04580279094426,265.2724367467369,b'2016-12-27/2017-01-02',1482796800
2703,25,25,76.39324836863875,0.0029570229614367,b'HadGEM3-GC31-LL',7,0.000606638587891,261.6557020393399,82.3714087815235,b'ssp245',7.610654309236215,272.30889531045847,285.1356443079507,263.3394243193836,b'2017-01-03/2017-01-09',1483401600
2703,25,25,72.76784417022813,0.0030055728940558,b'HadGEM3-GC31-LL',7,0.0001144028405672,266.1310353827394,86.31753730773927,b'ssp245',6.526004090957111,274.2175634829425,282.5233291998142,265.65523622094133,b'2017-01-10/2017-01-16',1484006400
2703,25,25,73.398670847823,0.001471589217798,b'HadGEM3-GC31-LL',7,4.007858217253271e-05,220.11084165141145,105.76281075029009,b'ssp245',7.472211442342619,264.9974903811146,277.3399207882765,256.013928669255,b'2017-01-17/2017-01-23',1484611200
2703,25,25,74.52604876661135,0.0029962658703664,b'HadGEM3-GC31-LL',7,0.0004295077459969,263.58229450398625,98.66514277042828,b'ssp245',6.849531642235946,273.6120372067761,283.7122810177687,262.756728753811,b'2017-01-24/2017-01-30',1485216000
2703,25,25,65.6468019585161,0.0021490939744368,b'HadGEM3-GC31-LL',7,0.0001505567787738,238.5682753187439,118.18761424818938,b'ssp245',6.130391705326919,271.586211307539,278.72417133610423,263.5990232142007,b'2017-01-31/2017-02-06',1485820800
2703,25,25,81.73826607096073,0.0015535978411765,b'HadGEM3-GC31-LL',7,0.0003575646312458,225.8225578547355,129.5983429752576,b'ssp245',11.442238374038856,264.0587786631302,280.62949538812404,254.37762302305643,b'2017-02-07/2017-02-13',1486425600
2703,25,25,69.95986959743168,0.0020872759066914,b'HadGEM3-GC31-LL',7,3.411765535973956e-06,243.012983235748,142.138920268946,b'ssp245',7.374561343874251,270.36852357445696,277.56050072646724,263.9970770114806,b'2017-02-14/2017-02-20',1487030400
2703,25,25,72.11113142219571,0.0032591360324233,b'HadGEM3-GC31-LL',7,0.0003547405688927,263.2668511792759,142.88202358870558,b'ssp245',7.687063644987367,275.226223722983,283.0655662722705,267.1306115127192,b'2017-02-21/2017-02-27',1487635200
2703,25,25,75.3347206647388,0.0033188077486492,b'HadGEM3-GC31-LL',7,0.0002551006503064,250.0210286316556,160.52152302705457,b'ssp245',6.431612736256697,274.9859677623789,281.886472004216,267.18220668885766,b'2017-02-28/2017-03-06',1488240000
2703,25,25,75.82147531808462,0.002073498717785,b'HadGEM3-GC31-LL',7,0.0004996787743981,240.52497683003392,154.94015265009548,b'ssp245',8.881508045495597,269.4820144068489,277.1069585288444,257.5393926108756,b'2017-03-07/2017-03-13',1488844800
2703,25,25,84.79426962822573,0.0038028317568531,b'HadGEM3-GC31-LL',7,0.0007400039104595,268.49568992375504,163.16322724079842,b'ssp245',8.3960111207663,275.53711304348934,281.20798659906154,269.3196076183785,b'2017-03-14/2017-03-20',1489449600
2703,25,25,77.07061261167095,0.0029325737789895,b'HadGEM3-GC31-LL',7,0.0001165283358928,250.6318080782476,191.8344716726696,b'ssp245',6.5528949029769645,272.9978427687589,280.25480168040207,263.9444781047543,b'2017-03-21/2017-03-27',1490054400
2703,25,25,85.6142498109399,0.0045564191688487,b'HadGEM3-GC31-LL',7,0.0003844835148771,286.6566209959236,177.8142447521462,b'ssp245',7.173790367638193,277.87092032083655,284.1064434516721,272.6211529243283,b'2017-03-28/2017-04-03',1490659200
2703,25,25,76.07860473473313,0.0037119442139482,b'HadGEM3-GC31-LL',7,0.0002117739835678,267.675413736483,192.5163826360936,b'ssp245',5.785625689121074,276.07105906416734,282.8618822795589,268.8334946050877,b'2017-04-04/2017-04-10',1491264000
2703,25,25,90.30596386846352,0.0066995243801497,b'HadGEM3-GC31-LL',7,0.0002348489010533,304.2707123706565,208.3278527608732,b'ssp245',3.750822179408855,282.70209000750293,292.40180485423025,272.22181441144244,b'2017-04-11/2017-04-17',1491868800
2703,25,25,77.44114946903667,0.0054305562723544,b'HadGEM3-GC31-LL',7,2.888725076839298e-05,285.1118789832352,234.3811115437684,b'ssp245',4.075792094556297,282.2827068156067,288.7945590135528,276.0765276653011,b'2017-04-18/2017-04-24',1492473600
2703,25,25,84.7679830145753,0.0064416380285995,b'HadGEM3-GC31-LL',7,0.0004465849075553,302.3619387955616,207.7470997667479,b'ssp245',4.761339641198879,283.36066226759857,290.1360187065311,275.8042770013577,b'2017-04-25/2017-05-01',1493078400
2703,25,25,85.09977654380667,0.0076169925831088,b'HadGEM3-GC31-LL',7,0.0002107275270696,300.98427004930454,252.634483709568,b'ssp245',5.440280806727527,285.8349598741698,293.2560208948648,275.6066395829364,b'2017-05-02/2017-05-08',1493683200
2703,25,25,87.48016926303559,0.0085012974657234,b'HadGEM3-GC31-LL',7,0.0004550181785132,314.98029356634163,246.69392137161952,b'ssp245',5.096423619715595,286.9276804109899,294.8038460336081,279.46926209984764,b'2017-05-09/2017-05-15',1494288000
2703,25,25,86.9329847674752,0.0089195358886574,b'HadGEM3-GC31-LL',7,0.0003883856918657,321.9153534892544,257.585578134251,b'ssp245',4.353457405176728,287.97819231943805,295.8993213932689,280.63359553639486,b'2017-05-16/2017-05-22',1494892800
2703,25,25,82.29257760396818,0.0092137995109493,b'HadGEM3-GC31-LL',7,0.0002001361651666,324.0916680525405,265.9746415673233,b'ssp245',3.4308944155530234,289.9003344279964,297.1199720429212,281.02800434391673,b'2017-05-23/2017-05-29',1495497600
2703,25,25,86.32972054032915,0.0108255282570104,b'HadGEM3-GC31-LL',7,0.000365107217422,336.2146932356034,288.8247794174567,b'ssp245',4.104264315412435,291.2302963841668,298.90238654904255,283.61703491210943,b'2017-05-30/2017-06-05',1496102400
2703,25,25,88.17434959544539,0.0123321043817449,b'HadGEM3-GC31-LL',7,0.0003626212194375,346.7577365782203,285.1277954420562,b'ssp245',4.453090126090765,293.5670562637808,299.6819815286776,283.3350398366045,b'2017-06-06/2017-06-12',1496707200
2703,25,25,84.17816310975611,0.013562145626711,b'HadGEM3-GC31-LL',7,5.50665057572565e-05,348.50364158710124,321.1592668274139,b'ssp245',3.322161327671091,295.25451734589376,303.04509158250767,286.8362538407489,b'2017-06-13/2017-06-19',1497312000
2703,25,25,84.14104623827787,0.013199857014267,b'HadGEM3-GC31-LL',7,0.0001488974084911,361.07867516707046,280.32086038091046,b'ssp245',5.731798471058704,294.55569590924097,305.55176786097087,284.4239702922542,b'2017-06-20/2017-06-26',1497916800
2703,25,25,85.78059593227267,0.0135904603819475,b'HadGEM3-GC31-LL',7,0.0002525902755944,359.30601363231915,299.16504044482934,b'ssp245',3.0693561312213595,295.1874995746679,304.1743800465654,285.8721302311596,b'2017-06-27/2017-07-03',1498521600
2703,25,25,81.29871046750804,0.0135792493982441,b'HadGEM3-GC31-LL',7,0.0003257090936973,359.1006208147322,293.9769517320374,b'ssp245',4.325854160229089,295.46130275394034,302.77516583698554,285.2161958275772,b'2017-07-04/2017-07-10',1499126400
2703,25,25,90.82053816526196,0.0169116293781076,b'HadGEM3-GC31-LL',7,0.0002801214104692,380.8647233384827,268.8095310224474,b'ssp245',3.811385162200663,298.7286022864153,304.3197773258861,289.5261725448981,b'2017-07-11/2017-07-17',1499731200
2703,25,25,94.12816003141504,0.0180778393638725,b'HadGEM3-GC31-LL',7,0.0004341827280246,389.8054118937316,253.97593138691445,b'ssp245',2.8343348557110035,299.2965506842743,307.01022003918166,291.4864788520628,b'2017-07-18/2017-07-24',1500336000
2703,25,25,84.94042728171532,0.0159622005053928,b'HadGEM3-GC31-LL',7,0.0001480734376522,374.9916044228584,276.1949083813392,b'ssp245',4.2614937285513,297.90931691026856,306.47206301805454,286.9316603497761,b'2017-07-25/2017-07-31',1500940800
2703,25,25,87.67794063448491,0.0166982189437393,b'HadGEM3-GC31-LL',7,0.0001260231489728,378.5564692693305,266.1476222446987,b'ssp245',4.100883057723893,298.96179332135034,306.1864851044446,292.2216607070551,b'2017-08-01/2017-08-07',1501545600
2703,25,25,76.47033060053916,0.0133100390168172,b'HadGEM3-GC31-LL',7,7.258827859337412e-05,355.9916262211285,277.0704776351876,b'ssp245',3.3597146725405387,296.01702731993146,304.27900695800787,286.7846199593893,b'2017-08-08/2017-08-14',1502150400
2703,25,25,80.98413887422676,0.0146313247316312,b'HadGEM3-GC31-LL',7,0.0002421028023707,367.1103929260467,238.99079397912644,b'ssp245',4.096603794380348,297.03684752992643,303.90792623380344,288.76929120319653,b'2017-08-15/2017-08-21',1502755200
2703,25,25,78.8247765065901,0.0132736888461022,b'HadGEM3-GC31-LL',7,8.036686667570926e-05,359.3702700943897,246.08930485423025,b'ssp245',3.8706148999908665,295.9659212757071,303.30177418778584,287.4014025432308,b'2017-08-22/2017-08-28',1503360000
2703,25,25,78.84915692133356,0.0121846901957036,b'HadGEM3-GC31-LL',7,0.0005320164705472,350.5535792440488,227.44605536909472,b'ssp245',4.639225147742428,293.7018127441406,302.23690088783826,282.43605413669496,b'2017-08-29/2017-09-04',1503964800
2703,25,25,74.2041736828741,0.0094740432719553,b'HadGEM3-GC31-LL',7,9.748002003661674e-05,335.63116646477573,218.6372053565049,b'ssp245',4.243093350207764,291.4888487493535,298.8020369366902,284.2045544880193,b'2017-09-05/2017-09-11',1504569600
2703,25,25,74.73775870293275,0.0097933062546941,b'HadGEM3-GC31-LL',7,1.4036584515196875e-05,332.87066347341505,224.68394969980065,b'ssp245',3.9249588720474513,291.1219699341246,299.52940405868907,281.7348275533537,b'2017-09-12/2017-09-18',1505174400
2703,25,25,82.95915363059227,0.0113240319388538,b'HadGEM3-GC31-LL',7,0.0002187463834138,353.3236288675448,197.85941819779137,b'ssp245',5.436466417661529,292.77556139583794,300.5745410453983,282.65404156940747,b'2017-09-19/2017-09-25',1505779200
2703,25,25,81.66477014628023,0.0094289990216623,b'HadGEM3-GC31-LL',7,2.2667827858097045e-05,338.29604145541845,179.2605724799924,b'ssp245',2.6444306693426,290.3714302940236,297.82514395364905,283.5347985988711,b'2017-09-26/2017-10-02',1506384000
2703,25,25,84.5950886530328,0.0106270491220186,b'HadGEM3-GC31-LL',7,2.5121378839907176e-06,343.30383747379955,179.48413583044393,b'ssp245',2.588985679456997,292.05962390434456,298.7576632615997,284.2343013112138,b'2017-10-03/2017-10-09',1506988800
2703,25,25,83.69735744356694,0.0097985676658511,b'HadGEM3-GC31-LL',7,0.0003412670484089,338.348748396498,156.1150594172993,b'ssp245',5.284648302124768,290.9620000327506,298.86664674340227,281.905517578125,b'2017-10-10/2017-10-16',1507593600
2703,25,25,84.44097641203878,0.0095136309292439,b'HadGEM3-GC31-LL',7,0.0001883957797206,341.50281373133646,137.52908193608195,b'ssp245',3.620923309168334,290.4073812770511,296.53812650354905,284.00883781619194,b'2017-10-17/2017-10-23',1508198400
2703,25,25,74.95193186371169,0.0073805378380033,b'HadGEM3-GC31-LL',7,0.0007899844357416,309.2204409077608,137.07819832991223,b'ssp245',5.3076546296010045,287.8529638629342,296.2349980051925,279.7971708716416,b'2017-10-24/2017-10-30',1508803200
2703,25,25,75.83893240951912,0.0064713963224691,b'HadGEM3-GC31-LL',7,1.0008045862610834e-06,297.9781149621625,132.00722255108667,b'ssp245',4.371597425862888,285.5312299562249,293.2675892899676,277.4794486441264,b'2017-10-31/2017-11-06',1509408000
2703,25,25,82.35521947880656,0.0063486453713621,b'HadGEM3-GC31-LL',7,0.0009083828624236,310.1385315685738,88.80671907883489,b'ssp245',9.04533387102732,284.2584762839075,291.8296155231756,276.539672479397,b'2017-11-07/2017-11-13',1510012800
2703,25,25,73.82047390024006,0.0040603526255426,b'HadGEM3-GC31-LL',7,3.074535111159649e-05,274.197584570908,106.6229132143878,b'ssp245',6.561026883042233,278.4466063070796,286.939521603468,271.26196884527445,b'2017-11-14/2017-11-20',1510617600
2703,25,25,80.15169093168572,0.0052801119772074,b'HadGEM3-GC31-LL',7,3.606249591518086e-05,285.61434830190416,95.8238359311732,b'ssp245',5.948587553426364,282.0557472149255,288.3545007473086,275.8107753846704,b'2017-11-21/2017-11-27',1511222400
2703,25,25,77.40292007499457,0.0042551838519466,b'HadGEM3-GC31-LL',7,0.0001248474833706,284.57827540806363,79.50792253474326,b'ssp245',6.51757031118413,279.14471701379443,284.18062014696073,271.98608212354713,b'2017-11-28/2017-12-04',1511827200
2703,25,25,79.63673139033834,0.0043181583134437,b'HadGEM3-GC31-LL',7,0.0008835574661038,284.56905056624464,78.84933641147947,b'ssp245',7.701457952373119,278.3766238116221,285.6992835068121,272.5164534405965,b'2017-12-05/2017-12-11',1512432000
2703,25,25,81.76498789239015,0.0046873407061973,b'HadGEM3-GC31-LL',7,4.20982924905696e-05,289.7269911284231,79.91731262207033,b'ssp245',3.798396503468424,280.1750733378873,285.05773962997813,275.110454280202,b'2017-12-12/2017-12-18',1513036800
2703,25,25,87.04011425324019,0.005521223015551,b'HadGEM3-GC31-LL',7,0.0013644573103345,322.77477825311007,49.63474867817417,b'ssp245',8.053880519567882,281.71413259473,286.59678687118907,276.1513965885813,b'2017-12-19/2017-12-25',1513641600
2703,25,25,74.69789524942325,0.0037187212008904,b'HadGEM3-GC31-LL',7,6.569604763709743e-05,280.285338026306,77.4628212825762,b'ssp245',6.165187132483161,278.0257850141891,282.2463003019008,274.23180519662253,b'2017-12-26/2018-01-01',1514246400
2703,25,25,75.92836146072229,0.0038861044072497,b'HadGEM3-GC31-LL',7,0.0004178871281675,284.9267147210417,76.54444338303412,b'ssp245',7.00670883215263,277.85712451469607,284.3499201332651,270.3617769566979,b'2018-01-02/2018-01-08',1514851200
2703,25,25,67.33603221614187,0.0018302277476892,b'HadGEM3-GC31-LL',7,4.413195029459109e-05,238.36882558683072,91.28011122647064,b'ssp245',8.852607030071034,269.2966386216859,277.8791042420923,260.3699422696742,b'2018-01-09/2018-01-15',1515456000
2703,25,25,77.63031320870962,0.0029328866214377,b'HadGEM3-GC31-LL',7,0.000313940474132,264.0551487726617,95.95906428426817,b'ssp245',5.627190611088318,273.0050376865507,279.93505896591563,261.3972287061738,b'2018-01-16/2018-01-22',1516060800
2703,25,25,77.19413906190455,0.00333540143854,b'HadGEM3-GC31-LL',7,0.0005277395005731,283.84326831139754,79.24274367488636,b'ssp245',6.37041341220045,275.0561411256159,282.91226084639385,268.9824806771628,b'2018-01-23/2018-01-29',1516665600
2703,25,25,72.8596281722863,0.0036083114417009,b'HadGEM3-GC31-LL',7,3.629280170587929e-05,267.16600674619247,116.79423655865502,b'ssp245',5.047888482489237,276.97754437915125,283.4165455887957,268.5193812672685,b'2018-01-30/2018-02-05',1517270400
2703,25,25,66.6762337701246,0.0021826208316402,b'HadGEM3-GC31-LL',7,0.0002684544237966,234.50752649074653,133.8691757148982,b'ssp245',10.739021031283338,271.1637708285129,282.1646508937929,256.54952519114426,b'2018-02-06/2018-02-12',1517875200
2703,25,25,80.10382364518968,0.0017960714622487,b'HadGEM3-GC31-LL',7,0.0001194884229988,227.5955538068499,139.07268703606903,b'ssp245',8.96222089059677,266.23286310388653,279.1769100282251,256.7964965075982,b'2018-02-13/2018-02-19',1518480000
2703,25,25,84.11887900588405,0.0035534790962064,b'HadGEM3-GC31-LL',7,0.0004512205597642,278.62814043955524,115.38564048660758,b'ssp245',7.46278109201571,274.8171917852209,283.25590664002954,259.01712184999053,b'2018-02-20/2018-02-26',1519084800
2703,25,25,75.2885133430933,0.0028167899766164,b'HadGEM3-GC31-LL',7,0.0002769704517795,250.77516493315483,157.13230374964274,b'ssp245',7.841238857561704,271.7557639411103,283.4128786412681,257.4035905047161,b'2018-02-27/2018-03-05',1519689600
2703,25,25,72.22301120957432,0.0034022762783711,b'HadGEM3-GC31-LL',7,0.0007794987305539,256.96626289713265,165.07638591008734,b'ssp245',7.601916492193004,275.48314967138845,286.0415288413444,266.8452967201792,b'2018-03-06/2018-03-12',1520294400
2703,25,25,83.8077038754985,0.0044799774275923,b'HadGEM3-GC31-LL',7,0.0003048812378415,271.89352839665963,159.2942315344196,b'ssp245',4.177519140343218,278.02803310699994,285.59796365877474,268.4304065239139,b'2018-03-13/2018-03-19',1520899200
2703,25,25,80.02078686358621,0.0045835936901593,b'HadGEM3-GC31-LL',7,0.0004030321775289,265.2223885300268,189.8503536530073,b'ssp245',5.902087400183861,278.5158182602726,286.7470479825648,265.3160497153678,b'2018-03-20/2018-03-26',1521504000
2703,25,25,92.22224702735396,0.0061093091782999,b'HadGEM3-GC31-LL',7,0.0006364092568629,320.915422127222,152.36816367704282,b'ssp245',5.003662964608196,282.1959092941019,288.2508321622523,277.02436679747046,b'2018-03-27/2018-04-02',1522108800
2703,25,25,85.63122789868079,0.0069508753337277,b'HadGEM3-GC31-LL',7,2.649695304404393e-05,297.069496447201,217.91091998695083,b'ssp245',5.617686422859751,285.0302798174815,293.15503339069653,276.24504610387294,b'2018-04-03/2018-04-09',1522713600
2703,25,25,72.98905326098931,0.0060971985390175,b'HadGEM3-GC31-LL',7,2.9725623936961136e-05,274.9659818057815,238.7168566607432,b'ssp245',6.663956226372139,284.5752429496952,295.73717666253816,273.0157411156631,b'2018-04-10/2018-04-16',1523318400
2703,25,25,79.28299897888397,0.0058491116690607,b'HadGEM3-GC31-LL',7,0.0002609082877475,287.22852067581874,211.07991249802225,b'ssp245',5.316059437778354,282.8721268285027,290.30152967499527,273.09707790467803,b'2018-04-17/2018-04-23',1523923200
2703,25,25,83.40979127518392,0.0074348790824205,b'HadGEM3-GC31-LL',7,0.0001732449255685,292.895388799262,244.82509993177675,b'ssp245',4.849783539772035,286.0543348465232,293.6992105623571,275.81926448170736,b'2018-04-24/2018-04-30',1524528000
2703,25,25,87.6437390423818,0.0082352164019716,b'HadGEM3-GC31-LL',7,0.0004014965687785,314.4082328450805,223.4427802587636,b'ssp245',4.326836758789701,287.02978611324727,293.0681394251382,280.4707343869093,b'2018-05-01/2018-05-07',1525132800
2703,25,25,83.87655012283592,0.0086473385496746,b'HadGEM3-GC31-LL',7,0.000231107910866,308.8605988931158,262.4246109221456,b'ssp245',4.207325536614927,288.41681875833655,298.6575916569408,279.23898687595283,b'2018-05-08/2018-05-14',1525737600
2703,25,25,92.03201991755788,0.0114213141778204,b'HadGEM3-GC31-LL',7,0.0003932138159409,339.74704628123646,241.69648822425552,b'ssp245',4.151470027734179,291.59462437646323,297.7764587402344,281.91726089105373,b'2018-05-15/2018-05-21',1526342400
2703,25,25,81.1053537242504,0.0099858069266695,b'HadGEM3-GC31-LL',7,7.204386898390513e-05,321.33728532425624,300.3523138491535,b'ssp245',3.986128192745436,291.3095705783326,299.3612756496523,283.65500585044305,b'2018-05-22/2018-05-28',1526947200
2703,25,25,76.81965949560292,0.0101205156012746,b'HadGEM3-GC31-LL',7,0.0001622876108588,321.9330577252219,309.2451807746489,b'ssp245',5.016453685660812,292.1201198458256,301.9786116437215,282.434510021675,b'2018-05-29/2018-06-04',1527552000
2703,25,25,86.41135522131306,0.0144139551703626,b'HadGEM3-GC31-LL',7,7.939212310625075e-05,362.8272590770124,310.0944007049455,b'ssp245',3.5372215077436766,296.63470326068096,306.39599013910066,286.7406020745999,b'2018-06-05/2018-06-11',1528156800
2703,25,25,72.33096702921266,0.0107562718799382,b'HadGEM3-GC31-LL',7,0.00025202032901,335.52670569868457,303.31033176329083,b'ssp245',5.017044590325306,293.83021449710435,303.54173055509244,286.0733806330984,b'2018-06-12/2018-06-18',1528761600
2703,25,25,85.66294936602125,0.0129514464878116,b'HadGEM3-GC31-LL',7,0.0002375451766988,353.44625785375723,285.1917829081572,b'ssp245',4.594290321712295,294.1282945161082,304.02177652498574,285.8643996075886,b'2018-06-19/2018-06-25',1529366400
2703,25,25,83.01290965329481,0.0149430030038521,b'HadGEM3-GC31-LL',7,0.0001197396563284,361.745862156672,301.36030397847145,b'ssp245',3.9241685410409857,297.3724270597983,304.9382878745475,286.9300332418303,b'2018-06-26/2018-07-02',1529971200
2703,25,25,77.02596948869554,0.0160442492794829,b'HadGEM3-GC31-LL',7,5.889068216208949e-05,367.5337188933369,336.69196300971805,b'ssp245',4.219862392555132,299.1985141873775,310.1469432551687,288.44910784465515,b'2018-07-03/2018-07-09',1530576000
2703,25,25,74.36546855354973,0.0151455561786188,b'HadGEM3-GC31-LL',7,0.0004931925371641,370.78748930289777,285.9056110315622,b'ssp245',4.109948844859825,299.4302679719826,308.96892119617,288.9182322432355,b'2018-07-10/2018-07-16',1531180800
2703,25,25,80.65954434331702,0.0147759482939483,b'HadGEM3-GC31-LL',7,0.0002066776977297,361.6201995955943,303.94028682908123,b'ssp245',3.141383418638117,297.08342320246146,304.28745511683024,289.7439284906155,b'2018-07-17/2018-07-23',1531785600
2703,25,25,83.57298152538128,0.0161839230034746,b'HadGEM3-GC31-LL',7,0.0001309862730012,370.4843304996292,286.5808846609933,b'ssp245',3.661554973507592,298.93371683047627,304.6772840546399,291.5796732088414,b'2018-07-24/2018-07-30',1532390400
2703,25,25,89.98413759823048,0.0178966947964259,b'HadGEM3-GC31-LL',7,0.000540274722769,384.3584684046304,249.93844242959904,b'ssp245',3.438115748378874,300.1237358598344,305.6013998636385,294.0382016809976,b'2018-07-31/2018-08-06',1532995200
2703,25,25,91.93431523286507,0.0176633097400128,b'HadGEM3-GC31-LL',7,0.0011788981044932,389.88887199375273,203.9213453817866,b'ssp245',4.415417801212351,299.79668562088284,304.50991188607566,291.4927204411205,b'2018-08-07/2018-08-13',1533600000
2703,25,25,91.89977201933644,0.0163949743847813,b'HadGEM3-GC31-LL',7,0.000304173610369,387.641665468648,209.8170751910592,b'ssp245',2.9470138462578386,298.45350620389405,305.0307382723181,291.5483435654059,b'2018-08-14/2018-08-20',1534204800
2703,25,25,83.3991356693494,0.0147048056820076,b'HadGEM3-GC31-LL',7,0.0001105478112405,367.45249295650046,227.9303666224464,b'ssp245',3.238889444580477,296.92312861319624,305.4733291253812,286.53328165193886,b'2018-08-21/2018-08-27',1534809600
2703,25,25,76.33197598341035,0.0119180567384103,b'HadGEM3-GC31-LL',7,0.0001836393502338,352.9415834539859,225.29970555853765,b'ssp245',4.384933221215571,294.86108371854243,303.17824163669496,284.42903397722944,b'2018-08-28/2018-09-03',1535414400
2703,25,25,81.44404045131566,0.0126171774321757,b'HadGEM3-GC31-LL',7,0.0004489461569314,355.25967901675136,214.9004802238651,b'ssp245',2.725812512823098,294.727688885732,301.5985181854993,286.136311600848,b'2018-09-04/2018-09-10',1536019200
2703,25,25,73.16979141767017,0.0102170314948083,b'HadGEM3-GC31-LL',7,0.0001757254808802,338.9423891924816,219.0867356091011,b'ssp245',3.5010428220968217,292.5446356264972,302.82629022365666,283.0316876667302,b'2018-09-11/2018-09-17',1536624000
2703,25,25,74.88924470429637,0.0093835152779747,b'HadGEM3-GC31-LL',7,4.124035417146111e-05,332.18570414154374,212.68761864107248,b'ssp245',3.878977265507503,290.9643223991793,299.30933733684265,279.64432507026487,b'2018-09-18/2018-09-24',1537228800
2703,25,25,79.13303251632,0.0102402693932739,b'HadGEM3-GC31-LL',7,1.9507948220451934e-05,341.1262304325968,187.5623855590821,b'ssp245',4.280628492607888,292.1730202598439,300.0297282149152,283.30675934582223,b'2018-09-25/2018-10-01',1537833600
2703,25,25,86.3513907588733,0.0097489456827865,b'HadGEM3-GC31-LL',7,0.0007097385993811,352.8209811752267,130.02091989284608,b'ssp245',6.220255225585313,290.8062920121782,295.9225586681832,282.78330472620524,b'2018-10-02/2018-10-08',1538438400
2703,25,25,86.69065942000016,0.0090655151881173,b'HadGEM3-GC31-LL',7,0.0004103159974279,342.6836739251008,138.78429511199846,b'ssp245',5.1975724049146175,289.76442556348,295.51972142661486,283.7515470923447,b'2018-10-09/2018-10-15',1539043200
2703,25,25,82.86373450780995,0.0081229063184146,b'HadGEM3-GC31-LL',7,0.0005868484507798,331.367821244828,128.8040498474334,b'ssp245',5.906433616365706,288.2733123991963,294.87053810677884,281.8418381853802,b'2018-10-16/2018-10-22',1539648000
2703,25,25,81.77938911889905,0.0077996647710674,b'HadGEM3-GC31-LL',7,0.00032771342091,317.21763860722456,142.66454753809276,b'ssp245',5.398204146777297,287.8539785989901,294.8885658078078,280.73104746748766,b'2018-10-23/2018-10-29',1540252800
2703,25,25,79.41793183914876,0.0078512330487603,b'HadGEM3-GC31-LL',7,0.0003102787024757,317.3683303673509,116.19662961394944,b'ssp245',6.69807532647761,287.3191087569925,296.7647083561596,275.87519203744284,b'2018-10-30/2018-11-05',1540857600
2703,25,25,79.33719654947208,0.005734138196425,b'HadGEM3-GC31-LL',7,0.0002148491933761,297.5386382843975,111.96360653867292,b'ssp245',6.538351378789763,282.61002644927663,292.12328357231326,274.53433785787445,b'2018-11-06/2018-11-12',1541462400
2703,25,25,85.00308783129118,0.0063254600836982,b'HadGEM3-GC31-LL',7,6.328575160253191e-05,315.15788497658974,93.04177129393256,b'ssp245',5.177461033914148,284.4638301836074,289.93575752072223,277.25536178961033,b'2018-11-13/2018-11-19',1542067200
2703,25,25,73.07715213257264,0.0035671962206884,b'HadGEM3-GC31-LL',7,0.0002042758728553,279.480222429548,88.21815706711614,b'ssp245',6.774100394199119,276.7464567709468,282.96330745045736,271.17469452648635,b'2018-11-20/2018-11-26',1542672000
2703,25,25,74.40069382032867,0.0041343370661015,b'HadGEM3-GC31-LL',7,0.0004917089222558,277.78339093570514,83.85407597345758,b'ssp245',7.502022160054915,277.46958583074166,292.34261042897293,269.1288184189216,b'2018-11-27/2018-12-03',1543276800
2703,25,25,76.01427417183588,0.0032251460874413,b'HadGEM3-GC31-LL',7,2.080607357417715e-05,249.58726714130896,91.83600733421406,b'ssp245',5.709876120298167,274.79076611455724,280.2704073277916,269.39809361899773,b'2018-12-04/2018-12-10',1543881600
2703,25,25,80.43609825160863,0.0036805345902368,b'HadGEM3-GC31-LL',7,0.0002664420507841,282.27352004101056,70.71965212938264,b'ssp245',6.331389867054878,275.6616097692829,282.9801505484233,268.8429063006146,b'2018-12-11/2018-12-17',1544486400
2703,25,25,78.52993343765313,0.0038235372079224,b'HadGEM3-GC31-LL',7,0.0003584574872924,276.4308642344193,77.05722233974976,b'ssp245',8.296498594383745,276.86665998186385,283.8513001232613,269.75752928198835,b'2018-12-18/2018-12-24',1545091200
2703,25,25,75.49222058286237,0.0037332812278735,b'HadGEM3-GC31-LL',7,0.0001646190238065,274.9116416957736,66.44030048622902,b'ssp245',6.215040630579826,277.16135813217966,283.6438911251906,266.7509542325648,b'2018-12-25/2018-12-31',1545696000
2703,25,25,71.7195466005013,0.0033198027159265,b'HadGEM3-GC31-LL',7,0.0001729913209262,266.1389521422702,80.62398131633054,b'ssp245',6.557828339965503,276.18549376165413,285.0561251756622,263.1474747076267,b'2019-01-01/2019-01-07',1546300800
2703,25,25,68.52274345770115,0.0026270479676945,b'HadGEM3-GC31-LL',7,0.0003041122026094,255.3825152726124,86.18569915718318,b'ssp245',5.550945605135131,273.4446111273683,284.28168320074315,267.27547324576034,b'2019-01-08/2019-01-14',1546905600
2703,25,25,72.97914915051611,0.0031196635171043,b'HadGEM3-GC31-LL',7,0.0007213074066537,266.9967904705619,86.09704682885148,b'ssp245',7.401461379453281,274.04429690264664,288.59198258562793,264.1906589415016,b'2019-01-15/2019-01-21',1547510400
2703,25,25,70.48820340758002,0.0030492157273753,b'HadGEM3-GC31-LL',7,0.000375132310856,252.55602275037603,107.18185456704596,b'ssp245',7.1088477850791065,273.9326453657516,288.4862123815025,261.542199483732,b'2019-01-22/2019-01-28',1548115200
2703,25,25,69.48016697022975,0.0023065602750831,b'HadGEM3-GC31-LL',7,0.0002468640506538,244.40432545200045,109.92963548985924,b'ssp245',7.62812743162029,271.55328571173374,281.2066441977897,259.12736511230474,b'2019-01-29/2019-02-04',1548720000
2703,25,25,77.34161517844383,0.0027373633485364,b'HadGEM3-GC31-LL',7,0.0002356190657514,250.53791965923247,120.5116475600399,b'ssp245',7.867664205903376,272.05590235480867,280.36502856743044,260.97193983124527,b'2019-02-05/2019-02-11',1549324800
2703,25,25,80.17135963041194,0.0028286408630965,b'HadGEM3-GC31-LL',7,0.0001970180449671,255.6425385691148,125.4831997409515,b'ssp245',7.916841015583133,271.08777807149323,280.78623739103,255.42381361054217,b'2019-02-12/2019-02-18',1549929600
2703,25,25,84.9237111586727,0.0033255091364144,b'HadGEM3-GC31-LL',7,0.0006314121747701,268.53845501942925,114.4672120390038,b'ssp245',7.126385714534268,272.080109971741,284.6061524181832,256.08534464022006,b'2019-02-19/2019-02-25',1550534400
2703,25,25,82.05784626871038,0.0025811071993574,b'HadGEM3-GC31-LL',7,0.0006029554361457,247.811243808228,153.9365283022359,b'ssp245',7.002062173670593,269.75808577587384,284.27444011409114,259.00148791801644,b'2019-02-26/2019-03-04',1551139200
2703,25,25,77.01346531645348,0.003153855203349,b'HadGEM3-GC31-LL',7,0.0007062505868976,251.8136809345737,162.80370011811473,b'ssp245',7.759102754476594,272.32851917652306,286.9813619474086,257.4240383985566,b'2019-03-05/2019-03-11',1551744000
2703,25,25,75.67486089779526,0.0031791256249067,b'HadGEM3-GC31-LL',7,0.0003223774998087,253.53044830215936,181.06603337995685,b'ssp245',7.404515685104743,274.98326376672406,285.2362860702887,267.9171682218227,b'2019-03-12/2019-03-18',1552348800
2703,25,25,83.4837923614821,0.0027325437720604,b'HadGEM3-GC31-LL',7,0.0002127159573059,250.4427551641697,189.9511442549968,b'ssp245',7.392077933620494,270.9098143361587,277.529076180807,263.3023752352087,b'2019-03-19/2019-03-25',1552953600
2703,25,25,74.54207775900173,0.0025981810841974,b'HadGEM3-GC31-LL',7,5.963479992903848e-05,242.04412206457056,209.22348079614943,b'ssp245',5.918010182496979,272.23522678069537,282.5323679854231,260.82890505907017,b'2019-03-26/2019-04-01',1553558400
2703,25,25,81.11557093231521,0.005101381512667,b'HadGEM3-GC31-LL',7,0.0002024525322419,272.87317793045315,209.10957355034063,b'ssp245',6.544987436786347,279.7343493205745,292.160655324052,269.95675845262485,b'2019-04-02/2019-04-08',1554163200
2703,25,25,82.54497122681515,0.0057842476319404,b'HadGEM3-GC31-LL',7,0.0001396161941461,286.938412124687,213.43892911585368,b'ssp245',5.726780184469988,282.09108167907505,290.69234224645106,273.82198985030016,b'2019-04-09/2019-04-15',1554768000
2703,25,25,87.42139667417948,0.0065213757492471,b'HadGEM3-GC31-LL',7,0.0002387295261564,307.4486633460282,186.04131442079972,b'ssp245',5.03863458974021,282.48286969653407,292.7286890541635,272.9384129221847,b'2019-04-16/2019-04-22',1555372800
2703,25,25,87.47492400112885,0.0075621524629367,b'HadGEM3-GC31-LL',7,0.000390419276522,310.99749883459015,218.19948046215737,b'ssp245',4.669018926520797,285.64786404599715,293.7269223841226,277.8608923190978,b'2019-04-23/2019-04-29',1555977600
2703,25,25,78.33740502865888,0.0056837620700381,b'HadGEM3-GC31-LL',7,0.0006900068197634,285.8139306576826,222.9851139613561,b'ssp245',5.945207755740097,282.36144450649573,290.29244362435696,274.70641792111286,b'2019-04-30/2019-05-06',1556582400
2703,25,25,80.14506954764656,0.0065711914376721,b'HadGEM3-GC31-LL',7,7.662076522243164e-05,291.00000000000006,264.6885796789508,b'ssp245',3.632938776697432,284.4118986229448,291.64781188964844,275.468886956936,b'2019-05-07/2019-05-13',1557187200
2703,25,25,82.88525700319937,0.0086216017886191,b'HadGEM3-GC31-LL',7,0.0001179354554862,308.9999223768919,287.00500044340873,b'ssp245',4.495860359809956,288.28497170903546,297.58210828827646,280.7186513761195,b'2019-05-14/2019-05-20',1557792000
2703,25,25,86.25727211556784,0.0094756938189345,b'HadGEM3-GC31-LL',7,0.0005038532689933,328.415216585485,236.0225356896165,b'ssp245',3.5099634872911705,288.942247716392,296.6930355909395,280.3485252566454,b'2019-05-21/2019-05-27',1558396800
2703,25,25,82.60113791223189,0.0097347514757412,b'HadGEM3-GC31-LL',7,0.0001589156212192,319.87401673851946,296.7192383344165,b'ssp245',3.966413423990124,290.24520597557574,298.2855243217655,282.3643408054259,b'2019-05-28/2019-06-03',1559001600
2703,25,25,79.1753019007241,0.0099922468194588,b'HadGEM3-GC31-LL',7,0.0005624679745767,319.8519339212557,314.830723486711,b'ssp245',4.126566484414743,290.7981115467457,301.01122749142536,282.0525739716321,b'2019-06-04/2019-06-10',1559606400
2703,25,25,85.57739914418929,0.0123251010209503,b'HadGEM3-GC31-LL',7,0.0001561391714818,348.4163833777664,280.2307512502637,b'ssp245',3.739053352161567,293.5175347942924,300.1323391053735,285.3478278183356,b'2019-06-11/2019-06-17',1560211200
2703,25,25,92.54369552293306,0.0133244757498338,b'HadGEM3-GC31-LL',7,0.0005471668633261,364.51336521055646,245.1075267193625,b'ssp245',3.953464362264096,294.0051026560289,302.4782859988329,286.6820779195647,b'2019-06-18/2019-06-24',1560816000
2703,25,25,88.11277059893992,0.015585564891402,b'HadGEM3-GC31-LL',7,0.0001040398418927,379.06699560079016,289.28405272586843,b'ssp245',3.904314496791322,297.1309847416363,306.6115424923781,287.35715652093666,b'2019-06-25/2019-07-01',1561420800
2703,25,25,77.24691965854127,0.0124958662270772,b'HadGEM3-GC31-LL',7,0.0003479890962957,353.2240613877566,283.60292603496066,b'ssp245',5.26801307649978,295.08590363293166,306.6633457090797,284.3963887284442,b'2019-07-02/2019-07-08',1562025600
2703,25,25,91.74596694786791,0.0155553994716537,b'HadGEM3-GC31-LL',7,0.0003796318344054,376.81508543433216,278.1414883975784,b'ssp245',3.820063119981348,296.2251557140816,305.2421592154154,285.316202675424,b'2019-07-09/2019-07-15',1562630400
2703,25,25,85.0056136127964,0.0160486823619579,b'HadGEM3-GC31-LL',7,0.0002699557863642,377.4371208164336,282.53171860964045,b'ssp245',4.894014180952665,298.4209588346581,305.34375037216563,289.6868758783108,b'2019-07-16/2019-07-22',1563235200
2703,25,25,81.88933266829115,0.0154347674911419,b'HadGEM3-GC31-LL',7,0.0001978422707786,371.9957669886148,279.5267914562691,b'ssp245',4.421207853310615,298.26229161917126,305.8284405964177,288.8537314810404,b'2019-07-23/2019-07-29',1563840000
2703,25,25,84.1524500697332,0.0138121534233023,b'HadGEM3-GC31-LL',7,0.0002983122746173,368.1657393718016,245.5242061548533,b'ssp245',3.918677221399567,295.49180592394043,304.1223155696218,287.12257831852617,b'2019-07-30/2019-08-05',1564444800
2703,25,25,92.11103343631332,0.0177740158694909,b'HadGEM3-GC31-LL',7,0.0003245743585843,386.23244260994,242.7277188184785,b'ssp245',3.11617447565657,299.33723114758004,305.84968678544215,291.5176867973514,b'2019-08-06/2019-08-12',1565049600
2703,25,25,77.10636573552256,0.0135790365293803,b'HadGEM3-GC31-LL',7,0.0002183653025814,360.0897156718716,257.2064920618144,b'ssp245',3.7863225587984415,296.80793491057824,305.91418457031256,286.6268336598466,b'2019-08-13/2019-08-19',1565654400
2703,25,25,87.37428930993697,0.0153665480654984,b'HadGEM3-GC31-LL',7,7.026709991256522e-05,371.3933857243236,235.99467912202104,b'ssp245',2.400165055063959,297.3929839981558,303.8591066686119,289.2760683385338,b'2019-08-20/2019-08-26',1566259200
2703,25,25,79.2272085528756,0.0143782900425666,b'HadGEM3-GC31-LL',7,0.0002921380719049,368.662342722823,221.73472576606565,b'ssp245',4.485981932085151,297.07217040377634,306.85653798173115,286.75024339629385,b'2019-08-27/2019-09-02',1566864000
2703,25,25,74.22220985067017,0.0109560827380662,b'HadGEM3-GC31-LL',7,1.3452842761292166e-06,340.2430744237601,236.43538362722367,b'ssp245',2.940592082950712,293.59623867127954,302.1352851681594,284.0498567906822,b'2019-09-03/2019-09-09',1567468800
2703,25,25,82.96237492312123,0.0137049003604812,b'HadGEM3-GC31-LL',7,0.0002679555848275,364.3052339454146,210.9857443301105,b'ssp245',4.408417272235459,296.1092365012352,304.7951079577936,286.89751564584134,b'2019-09-10/2019-09-16',1568073600
2703,25,25,83.26328847798739,0.0106007372425018,b'HadGEM3-GC31-LL',7,0.0004016510072052,358.14494318413824,163.80161309325325,b'ssp245',5.129472887889849,291.63282286747,299.88183891482475,283.507142229778,b'2019-09-17/2019-09-23',1568678400
2703,25,25,73.27413610132729,0.0085642332347427,b'HadGEM3-GC31-LL',7,0.0004573421184187,324.70041074320835,194.95379085740151,b'ssp245',3.6723376971504,290.227089061139,297.7294542266102,283.0879564983089,b'2019-09-24/2019-09-30',1569283200
2703,25,25,78.46824963666006,0.0077653709979149,b'HadGEM3-GC31-LL',7,0.00026737349148,321.4118020725583,164.5267018441124,b'ssp245',4.897009025052035,287.7266555413967,297.4557859839463,278.4186315769103,b'2019-10-01/2019-10-07',1569888000
2703,25,25,78.35155222557148,0.0079579203696239,b'HadGEM3-GC31-LL',7,0.0002424801332657,317.6813005719867,158.76032682412182,b'ssp245',4.9276917121966965,288.24318804059715,296.4119359458366,279.1691392107708,b'2019-10-08/2019-10-14',1570492800
2703,25,25,75.56875086661417,0.0068145152806054,b'HadGEM3-GC31-LL',7,8.417161305859315e-05,294.88845676329083,170.220533789658,b'ssp245',4.524272701881489,285.94404447867896,295.52174749607,276.5672384122523,b'2019-10-15/2019-10-21',1571097600
2703,25,25,88.49101036683193,0.0097358276992905,b'HadGEM3-GC31-LL',7,2.3552444927384765e-05,334.21068586289675,147.72140906995182,b'ssp245',2.8543799249552686,290.0953941212299,296.9633439226848,280.68941181461986,b'2019-10-22/2019-10-28',1571702400
2703,25,25,80.70568854302066,0.008302962231427,b'HadGEM3-GC31-LL',7,0.0004510699877989,324.89799143296085,123.55418885128007,b'ssp245',5.699610460095291,287.48280711954897,296.98885438500383,275.2935273705459,b'2019-10-29/2019-11-04',1572307200
2703,25,25,71.78890256183904,0.0053413542667371,b'HadGEM3-GC31-LL',7,0.0001411608980245,291.3128312805389,119.6679170455667,b'ssp245',7.22551196875888,283.0388957166506,292.18457068466563,275.0254862715559,b'2019-11-05/2019-11-11',1572912000
2703,25,25,79.771079046801,0.0057535530076092,b'HadGEM3-GC31-LL',7,0.0005303510376032,301.78478530724294,98.35120754042568,b'ssp245',5.3524488812955004,283.4499069373367,288.7730694282346,274.58016186225706,b'2019-11-12/2019-11-18',1573516800
2703,25,25,76.7257376614348,0.0049245337365869,b'HadGEM3-GC31-LL',7,0.0004992876401793,293.0527381498224,91.5031610017039,b'ssp245',7.892480767977779,280.43282671672546,290.9396120397056,272.22099006466755,b'2019-11-19/2019-11-25',1574121600
2703,25,25,67.4455605084888,0.0030738085537551,b'HadGEM3-GC31-LL',7,1.642567454426881e-05,271.76995216927884,85.78946889152927,b'ssp245',6.352275094919505,276.1778868033911,280.8814704708937,271.5503167873476,b'2019-11-26/2019-12-02',1574726400
2703,25,25,73.73604457469767,0.0038550915427745,b'HadGEM3-GC31-LL',7,0.0003554954855866,275.7134925496703,82.47586066880709,b'ssp245',6.301404970448192,277.1889659070803,289.28306951755434,269.55818176269537,b'2019-12-03/2019-12-09',1575331200
2703,25,25,77.28655253553225,0.0041976450481662,b'HadGEM3-GC31-LL',7,0.0001361418951511,269.84909477632635,81.79942981042097,b'ssp245',4.729466280455374,278.85636992238545,284.1973422911109,272.14013523008765,b'2019-12-10/2019-12-16',1575936000
2703,25,25,76.58583090114261,0.0039540927164347,b'HadGEM3-GC31-LL',7,0.0002884560031239,284.499836061059,71.90629491905717,b'ssp245',6.432958457528092,278.47767112811687,284.2416791218083,270.5193113001382,b'2019-12-17/2019-12-23',1576540800
2703,25,25,73.88585660848055,0.0038432912233379,b'HadGEM3-GC31-LL',7,0.0,270.87711514994663,83.31306832343445,b'ssp245',6.24807225121023,278.10286173006386,284.5022735595703,271.0347502173447,b'2019-12-24/2019-12-30',1577145600
2703,25,25,64.2788453451017,0.0026334515125377,b'HadGEM3-GC31-LL',1,0.0,235.01350477265152,96.1712821402201,b'ssp245',6.585951165455144,275.9496009640578,279.4784557063405,272.4207719012005,b'2019-12-31/2020-01-06',1577750400
2093,25,27,68.28037162485703,0.0023983132446863,b'HadGEM3-GC31-LL',5,0.0001070305873271,256.2169620712028,73.84252432933829,b'ssp245',7.582901922773919,274.0355278799152,277.3095480228656,270.607464650191,b'2014-12-30/2015-01-05',1419897600
2093,25,27,75.38966461428527,0.0022627186094696,b'HadGEM3-GC31-LL',7,0.0004572611135901,245.66897629253867,82.98736608244815,b'ssp245',9.003064205783884,269.0543342752916,281.902861857546,249.7130549478268,b'2015-01-06/2015-01-12',1420502400
2093,25,27,83.41795467144877,0.0020259925056641,b'HadGEM3-GC31-LL',7,9.425115490110277e-06,232.93801111042168,101.45384830212912,b'ssp245',4.847326706974358,265.5852843889027,276.85407517575425,247.0381025704231,b'2015-01-13/2015-01-19',1421107200
2093,25,27,78.19215722509323,0.0015657697895511,b'HadGEM3-GC31-LL',7,3.666445260394518e-05,229.55611046578065,98.59420992422972,b'ssp245',5.695711782981584,264.4340194593759,271.7629640863745,253.5549590221426,b'2015-01-20/2015-01-26',1421712000
2093,25,27,74.61296300850427,0.0016630458315387,b'HadGEM3-GC31-LL',7,1.6048322460472625e-06,220.99189467215595,125.19496005569374,b'ssp245',5.037788462187234,265.94724455173315,276.00660447600137,253.7582091273524,b'2015-01-27/2015-02-02',1422316800
2093,25,27,65.57764452397588,0.0028374873823081,b'HadGEM3-GC31-LL',7,0.0002946351987332,252.11273031016452,119.04366375923908,b'ssp245',6.308145860282098,274.5749049161868,284.1371874730231,263.964263646247,b'2015-02-03/2015-02-09',1422921600
2093,25,27,63.36297939213223,0.0024941886299702,b'HadGEM3-GC31-LL',7,1.7348891657100725e-08,236.1295704505156,147.61667095325834,b'ssp245',5.14774547861426,274.76293444554454,280.8102685580596,266.6804576894855,b'2015-02-10/2015-02-16',1423526400
2093,25,27,59.96084518251968,0.00248956749672,b'HadGEM3-GC31-LL',7,4.117007659861175e-05,231.1199675935596,160.5324187798865,b'ssp245',6.12106531635456,274.0257235363702,284.01982307223324,262.5235618296249,b'2015-02-17/2015-02-23',1424131200
2093,25,27,57.72892635167821,0.0013899561320964,b'HadGEM3-GC31-LL',7,3.057470112805945e-07,203.4345320161912,183.02230693392613,b'ssp245',7.768304631440961,268.3547182921641,280.03533475254125,254.83898968775628,b'2015-02-24/2015-03-02',1424736000
2093,25,27,75.33328733496903,0.0027334074372897,b'HadGEM3-GC31-LL',7,0.000240267451155,244.54767998000628,163.01794794288884,b'ssp245',6.422019186712384,271.37557125196935,282.1067139177691,248.05259333657955,b'2015-03-03/2015-03-09',1425340800
2093,25,27,88.948234797766,0.0031191934531167,b'HadGEM3-GC31-LL',7,0.0006693796325372,261.26877907118467,133.191284712601,b'ssp245',7.302547672929591,270.9865832707406,277.7915810432223,255.61986117705453,b'2015-03-10/2015-03-16',1425945600
2093,25,27,80.63066018216706,0.0037867679304406,b'HadGEM3-GC31-LL',7,0.0001025619990974,257.198753306352,200.519942926589,b'ssp245',4.387242800209028,276.3600259517438,281.6825182498489,269.9322151984958,b'2015-03-17/2015-03-23',1426550400
2093,25,27,79.05640149797713,0.0046898549930824,b'HadGEM3-GC31-LL',7,0.0005371917810356,272.2746693648028,173.02712116798455,b'ssp245',6.068633006535465,277.7214341835799,293.04710767545754,261.68513109407377,b'2015-03-24/2015-03-30',1427155200
2093,25,27,84.89552362467609,0.0057575744979381,b'HadGEM3-GC31-LL',7,0.0003058568594845,291.1091159064844,189.5304009658103,b'ssp245',4.536249991157625,281.0893066333991,292.0863943363421,271.3048351140312,b'2015-03-31/2015-04-06',1427760000
2093,25,27,86.63922581059217,0.0054404582207523,b'HadGEM3-GC31-LL',7,0.0010188273928965,293.43916745927265,166.91949280977437,b'ssp245',9.010439977216835,280.7347642568876,291.6299242725688,274.91525959836844,b'2015-04-07/2015-04-13',1428364800
2093,25,27,79.7612894854587,0.0051522390878168,b'HadGEM3-GC31-LL',7,0.0001676220233248,266.5693276312752,240.18300597590544,b'ssp245',4.6248635651280585,280.84858488761824,292.4157664936551,271.2356748127806,b'2015-04-14/2015-04-20',1428969600
2093,25,27,89.76396119886246,0.0081206550953237,b'HadGEM3-GC31-LL',7,0.00035292777016,313.9280582852503,213.0531284925405,b'ssp245',3.914423973981847,286.2012933889147,295.4296516544912,279.3148820740083,b'2015-04-21/2015-04-27',1429574400
2093,25,27,84.63382802118724,0.0077405268037889,b'HadGEM3-GC31-LL',7,4.443377389915406e-05,297.1161934362591,255.24932274942617,b'ssp245',2.60813911929315,286.35217067414413,293.5565168517729,278.822428362936,b'2015-04-28/2015-05-04',1430179200
2093,25,27,78.2961644113205,0.0070520635936835,b'HadGEM3-GC31-LL',7,0.0002029423430141,293.4777798370385,267.66614875221404,b'ssp245',4.4481023625868366,285.33170099536926,297.74378648620944,275.2414709607541,b'2015-05-05/2015-05-11',1430784000
2093,25,27,79.13916434308348,0.0078264877004232,b'HadGEM3-GC31-LL',7,9.802466741205472e-05,298.4731972493425,273.59939057576725,b'ssp245',5.1936728430245935,286.7840401424417,296.7724628258806,272.70572764359787,b'2015-05-12/2015-05-18',1431388800
2093,25,27,84.89609847697294,0.0104483442590148,b'HadGEM3-GC31-LL',7,0.0001478217240217,325.11559250973863,282.3946018655562,b'ssp245',4.140206860959672,290.86931035524293,299.7349205733663,276.0591152970962,b'2015-05-19/2015-05-25',1431993600
2093,25,27,81.35214658223838,0.0106625844305858,b'HadGEM3-GC31-LL',7,0.0002950030690919,322.20705759339006,311.97027406037654,b'ssp245',4.859393075628364,291.8579370560379,301.44376151574915,276.0591152970962,b'2015-05-26/2015-06-01',1432598400
2093,25,27,85.82018399197189,0.0119535950416053,b'HadGEM3-GC31-LL',7,0.0002346777668726,348.53329891454734,266.4529659545224,b'ssp245',3.992937276865802,293.3576040025574,302.1524289125896,283.9591741235217,b'2015-06-02/2015-06-08',1433203200
2093,25,27,88.15757740445278,0.0138937068151216,b'HadGEM3-GC31-LL',7,0.0005935687063615,358.7807203261233,282.1110423484748,b'ssp245',3.880974304901867,295.1576828833914,305.19826489864795,284.3610462673461,b'2015-06-09/2015-06-15',1433808000
2093,25,27,78.44527538272463,0.0119876416244241,b'HadGEM3-GC31-LL',7,0.0003574299239698,337.9626118215125,321.81008566455193,b'ssp245',3.457200779986363,294.11908241518864,302.2479376018377,283.5298600339099,b'2015-06-16/2015-06-22',1434412800
2093,25,27,78.41551030376529,0.0115744179485904,b'HadGEM3-GC31-LL',7,0.0002574033584069,336.81036651298206,288.8272179595297,b'ssp245',4.443202577948853,293.19067770845794,300.26933811250973,283.46487637514576,b'2015-06-23/2015-06-29',1435017600
2093,25,27,83.0157012337291,0.0147290580354677,b'HadGEM3-GC31-LL',7,4.561969703705392e-05,360.78228114488655,316.8491554483054,b'ssp245',3.637733543229649,297.0197147697563,305.9139371756032,282.08954923008025,b'2015-06-30/2015-07-06',1435622400
2093,25,27,84.40132327030847,0.0151637216715322,b'HadGEM3-GC31-LL',7,0.0005410563901091,371.5264173379731,277.75557567593427,b'ssp245',5.293387122293487,298.0234734490808,304.7683660011924,284.8385676431393,b'2015-07-07/2015-07-13',1436227200
2093,25,27,84.70151157936151,0.0173228652976546,b'HadGEM3-GC31-LL',7,0.0004336631708117,382.4084227431733,281.33479771663,b'ssp245',4.309488792031792,300.1284966882045,310.73577007483385,289.4338263580154,b'2015-07-14/2015-07-20',1436832000
2093,25,27,82.84530693782816,0.0141658664562672,b'HadGEM3-GC31-LL',7,0.0003974417643917,361.5706412203217,265.26139069085247,b'ssp245',3.5137176647276607,296.2887128412959,302.37493689099733,287.5860128834762,b'2015-07-21/2015-07-27',1437436800
2093,25,27,81.32591814193185,0.0146221504559197,b'HadGEM3-GC31-LL',7,0.0003294803311221,366.53160286220685,254.92165641995425,b'ssp245',3.715786885500143,296.7583852910958,304.4900019524506,285.8944183181004,b'2015-07-28/2015-08-03',1438041600
2093,25,27,88.75614175171766,0.0164282028558909,b'HadGEM3-GC31-LL',7,0.0006338421177673,379.62077406933673,239.62498519885412,b'ssp245',4.13101680094366,298.9199198493265,305.51784457212,291.56340659125743,b'2015-08-04/2015-08-10',1438646400
2093,25,27,82.96165164595244,0.0151735032357322,b'HadGEM3-GC31-LL',7,0.0001952497068044,368.03144380709466,251.00912412479343,b'ssp245',3.446461142200885,297.5451025766374,305.241531641839,284.9621441920159,b'2015-08-11/2015-08-17',1439251200
2093,25,27,87.57479539372926,0.0170404051552543,b'HadGEM3-GC31-LL',7,0.0003143033375186,386.6618822972419,221.74424408970617,b'ssp245',2.939846372519692,299.8032856207338,306.9933275254392,291.8514362145524,b'2015-08-18/2015-08-24',1439856000
2093,25,27,79.4530271624992,0.0148103926901211,b'HadGEM3-GC31-LL',7,0.0001588638483596,369.9684000907964,232.18659644966155,b'ssp245',4.041227427955302,298.0539334171479,306.1677005156628,287.65223056519227,b'2015-08-25/2015-08-31',1440460800
2093,25,27,77.45587157540747,0.0114921621970931,b'HadGEM3-GC31-LL',7,0.0008748910005641,347.05533512540006,221.2352762422509,b'ssp245',4.871716972872697,293.37158443749,303.4605280586369,279.50799761187307,b'2015-09-01/2015-09-07',1441065600
2093,25,27,72.80531681124019,0.0112215970351779,b'HadGEM3-GC31-LL',7,1.374941575868424e-05,344.1407313779667,228.8860983423295,b'ssp245',3.904293645510264,294.23950567448713,307.4534757329614,281.608893176337,b'2015-09-08/2015-09-14',1441670400
2093,25,27,83.09974572197508,0.012360955510162,b'HadGEM3-GC31-LL',7,2.312345961188799e-05,350.7995616861658,216.0991542680676,b'ssp245',1.9690944020025545,294.3572639182316,302.19268598187693,284.5941965851336,b'2015-09-15/2015-09-21',1442275200
2093,25,27,72.8479528768851,0.0089829091268613,b'HadGEM3-GC31-LL',7,7.882401202214019e-05,331.8601467767849,202.7923569761305,b'ssp245',4.35763393603824,290.72246104348056,302.54428353494046,280.0845493042666,b'2015-09-22/2015-09-28',1442880000
2093,25,27,71.4833811123915,0.0075692874204143,b'HadGEM3-GC31-LL',7,4.981586934801103e-05,316.2093709727395,177.5729418874257,b'ssp245',5.245855688540693,287.7368695362215,299.42292579945945,273.92944099889934,b'2015-09-29/2015-10-05',1443484800
2093,25,27,73.64921666952976,0.008141885013132,b'HadGEM3-GC31-LL',7,2.662452914030077e-05,316.88000262350005,181.15355038902567,b'ssp245',3.524670874046922,288.65923256938066,299.5848242659595,276.0195458006464,b'2015-10-06/2015-10-12',1444089600
2093,25,27,77.7724948591008,0.0081835377353501,b'HadGEM3-GC31-LL',7,7.57755478242323e-05,322.4881782730452,143.9158039391088,b'ssp245',4.504112299719286,288.9843500632608,297.23578218070185,277.91412928460056,b'2015-10-13/2015-10-19',1444694400
2093,25,27,72.79815601267585,0.0063787670583326,b'HadGEM3-GC31-LL',7,5.792190522342761e-05,299.94737706835474,153.44894851949522,b'ssp245',4.806140870773237,285.171588132357,296.0563173072773,273.9583677007349,b'2015-10-20/2015-10-26',1445299200
2093,25,27,69.54339060794676,0.0051989432812418,b'HadGEM3-GC31-LL',7,2.5049889572681885e-05,287.5811110137482,131.95402651322388,b'ssp245',5.551442630195015,282.8117139591979,293.22032568494257,273.3262139926299,b'2015-10-27/2015-11-02',1445904000
2093,25,27,64.84671946783752,0.0036015226835922,b'HadGEM3-GC31-LL',7,3.300153553129749e-05,265.9169734060623,130.92102027838874,b'ssp245',4.541411993723736,278.91105221189093,288.78360143840644,269.0844806818672,b'2015-11-03/2015-11-09',1446508800
2093,25,27,75.5277486594907,0.0043816193025308,b'HadGEM3-GC31-LL',7,8.031776827640527e-05,283.8659822965289,106.6796061189888,b'ssp245',5.182813382854403,278.7774591579904,287.8743714390539,269.16404622957856,b'2015-11-10/2015-11-16',1447113600
2093,25,27,67.54680643209625,0.0033044982218879,b'HadGEM3-GC31-LL',7,0.0001563321171377,265.53531331315975,101.31037625144953,b'ssp245',4.505691821667371,276.6291266100371,286.36054805523787,268.61404069932127,b'2015-11-17/2015-11-23',1447718400
2093,25,27,78.42872548573771,0.0053199961234432,b'HadGEM3-GC31-LL',7,0.000305948535455,302.11240453321165,85.56629936230306,b'ssp245',6.236810933856768,280.3963832213922,290.7268479826701,270.96020823104607,b'2015-11-24/2015-11-30',1448323200
2093,25,27,81.70089707227795,0.0036159559182422,b'HadGEM3-GC31-LL',7,0.000135185008942,269.83777848795444,81.4320607083749,b'ssp245',5.935808525286797,274.3180111542591,286.3262136048375,265.13783474916914,b'2015-12-01/2015-12-07',1448928000
2093,25,27,81.66687795372582,0.003943207530373,b'HadGEM3-GC31-LL',7,0.0005822075394793,278.9524460272424,68.32484541172668,b'ssp245',5.860716170105486,276.3678700363533,283.14451789645204,270.40411837245875,b'2015-12-08/2015-12-14',1449532800
2093,25,27,79.4484903078147,0.0050339181174802,b'HadGEM3-GC31-LL',7,0.0001611692283243,293.8098959882897,68.16203981503409,b'ssp245',7.118354084215111,280.06485307628753,290.3732942865699,272.61022613694,b'2015-12-15/2015-12-21',1450137600
2093,25,27,65.03911473847039,0.0023427846282591,b'HadGEM3-GC31-LL',7,8.258940687161529e-05,236.21509150961955,91.02949032441028,b'ssp245',7.265103700241896,273.18875623791826,287.597937736722,265.5901978550696,b'2015-12-22/2015-12-28',1450742400
2093,25,27,70.46050636183114,0.0030631977346068,b'HadGEM3-GC31-LL',7,0.0004441419582292,252.9945079969061,85.2823527907422,b'ssp245',5.227183419056737,275.2326842370519,287.0547043605404,268.4707424100592,b'2015-12-29/2016-01-04',1451347200
2093,25,27,80.58459077276578,0.0025771594409067,b'HadGEM3-GC31-LL',7,0.0002729613304015,253.8544717127824,82.49843801334325,b'ssp245',5.532529497071336,270.4216580168883,278.3314905661905,257.74057573350103,b'2016-01-05/2016-01-11',1451952000
2093,25,27,75.4906788357055,0.0021278719604731,b'HadGEM3-GC31-LL',7,0.0004439929193751,237.6622342489795,87.43293798788383,b'ssp245',8.28949366093811,267.70111992767505,284.29943699283496,249.9421853502811,b'2016-01-12/2016-01-18',1452556800
2093,25,27,76.60261531128315,0.004205886959598,b'HadGEM3-GC31-LL',7,0.0005603012010198,281.9373286559625,85.1101226466419,b'ssp245',6.104054012106644,278.962808104698,285.70632885674746,273.5973142845196,b'2016-01-19/2016-01-25',1453161600
2093,25,27,67.63211045419503,0.0032684575294874,b'HadGEM3-GC31-LL',7,0.0005291764722028,267.55698736080905,97.00408444453528,b'ssp245',9.022473647299018,276.6877704165729,286.7526225558961,269.6968033089822,b'2016-01-26/2016-02-01',1453766400
2093,25,27,59.01334981127997,0.0016105807509828,b'HadGEM3-GC31-LL',7,0.0,213.48409890142503,139.65591370628496,b'ssp245',6.5924867847347794,269.74001801813694,281.2270446945949,258.6175196189248,b'2016-02-02/2016-02-08',1454371200
2093,25,27,76.69610700539556,0.0029086903590839,b'HadGEM3-GC31-LL',7,0.000302767463836,255.1424388617536,117.66077608260566,b'ssp245',6.511835045088157,272.2840537537151,282.9773088655419,260.3815819840405,b'2016-02-09/2016-02-15',1454976000
2093,25,27,78.46021022781576,0.002311725381375,b'HadGEM3-GC31-LL',7,0.0001981378304606,241.62393636846505,136.55195705410807,b'ssp245',6.5381505421229775,268.7624548522901,278.09730096469264,253.6976329234424,b'2016-02-16/2016-02-22',1455580800
2093,25,27,73.60422953159299,0.0017532825648774,b'HadGEM3-GC31-LL',7,2.358846249797023e-05,219.238756526956,164.5531054405688,b'ssp245',9.152423358245828,265.12702638404807,279.4575940716991,253.4748403053916,b'2016-02-23/2016-02-29',1456185600
2093,25,27,79.90973777198943,0.0027038340307749,b'HadGEM3-GC31-LL',7,0.0003581241829722,250.5143681924364,145.5670012428145,b'ssp245',5.700528633867369,270.3182500970203,280.79360852320553,255.5456093972559,b'2016-03-01/2016-03-07',1456790400
2093,25,27,79.5261953406571,0.0044045596369177,b'HadGEM3-GC31-LL',7,0.000351710350898,278.7260529142529,155.92768294974962,b'ssp245',5.622487952093864,277.8352951953048,286.1351981990246,267.20777282714846,b'2016-03-08/2016-03-14',1457395200
2093,25,27,76.33599396655197,0.0046140390027081,b'HadGEM3-GC31-LL',7,0.0001754674343304,270.3000013018746,184.42843288731743,b'ssp245',7.285793722061634,279.69373402343365,289.3158771662422,270.55219143187804,b'2016-03-15/2016-03-21',1458000000
2093,25,27,83.76063142338417,0.0050670243797113,b'HadGEM3-GC31-LL',7,0.0002614224420615,277.7581946899125,175.10120561474784,b'ssp245',4.274608617489415,279.75808119920646,287.7316224324769,268.47522476786406,b'2016-03-22/2016-03-28',1458604800
2093,25,27,79.79642276959619,0.0043299677234507,b'HadGEM3-GC31-LL',7,0.0003569114126998,268.9435531170612,204.92399995136932,b'ssp245',6.419033326252108,277.66527071669054,288.0260720774614,265.0844730103214,b'2016-03-29/2016-04-04',1459209600
2093,25,27,76.10847635908962,0.0050289171204285,b'HadGEM3-GC31-LL',7,2.9802332383343577e-06,248.0558480423082,254.89554646288025,b'ssp245',4.695963869700774,280.9678854324353,292.53442603685573,270.37310157059306,b'2016-04-05/2016-04-11',1459814400
2093,25,27,86.22676763135614,0.0075456889972146,b'HadGEM3-GC31-LL',7,0.000485537932377,303.0377878021987,214.60266418095736,b'ssp245',6.882256804099682,284.9807825969164,297.26470411100445,271.511294960317,b'2016-04-12/2016-04-18',1460419200
2093,25,27,86.72082175817091,0.0085323343172906,b'HadGEM3-GC31-LL',7,0.0001702698375266,319.3375525567131,225.4278007031616,b'ssp245',4.508418947914594,287.776230320859,298.59574070714456,277.05701961622714,b'2016-04-19/2016-04-25',1461024000
2093,25,27,86.08179380120306,0.0086660539223823,b'HadGEM3-GC31-LL',7,0.0001097951425099,314.6629300304916,228.25572632606705,b'ssp245',3.561473876355479,288.3401729207389,295.9436476565198,280.53337063446884,b'2016-04-26/2016-05-02',1461628800
2093,25,27,82.76901529458158,0.0087196546761816,b'HadGEM3-GC31-LL',7,0.0006363489193093,314.0454535215599,241.4435480408341,b'ssp245',5.257369689576346,288.6111385956654,298.62754440729134,277.9966117395222,b'2016-05-03/2016-05-09',1462233600
2093,25,27,79.09968352464588,0.0080737705425533,b'HadGEM3-GC31-LL',7,0.0001315232362696,304.8297856211192,271.7663958964239,b'ssp245',4.743216007209333,288.1751233806173,299.56746891927986,276.21527087807,b'2016-05-10/2016-05-16',1462838400
2093,25,27,83.70994883283632,0.0098012960689757,b'HadGEM3-GC31-LL',7,0.000757994647542,323.42480299662867,245.39629814792264,b'ssp245',4.894691374476914,290.2943931886693,301.56859363534835,279.14743240946564,b'2016-05-17/2016-05-23',1463443200
2093,25,27,79.2802713973746,0.0092208231984539,b'HadGEM3-GC31-LL',7,0.0001687024919294,308.566646963118,312.12345814211875,b'ssp245',4.36339274387992,289.5592190954002,299.30875741526575,276.6176026233652,b'2016-05-24/2016-05-30',1464048000
2093,25,27,79.19987627554805,0.0107423673487534,b'HadGEM3-GC31-LL',7,0.0002583001733655,316.7023358616757,332.14067824919954,b'ssp245',3.7858180023970895,291.6421541305819,302.8451101735152,278.80016961703643,b'2016-05-31/2016-06-06',1464652800
2093,25,27,90.15181456206815,0.0127222644123259,b'HadGEM3-GC31-LL',7,0.0004842370795518,356.29625453211327,257.81591351034143,b'ssp245',3.8159054979717255,293.13940111023294,305.9799972787088,277.97762838964314,b'2016-06-07/2016-06-13',1465257600
2093,25,27,82.78400340513066,0.0131916794944303,b'HadGEM3-GC31-LL',7,6.624303573790966e-05,349.9795354612813,303.95403116974387,b'ssp245',2.568547338299048,294.8324014038953,305.80939963324954,284.59507680650574,b'2016-06-14/2016-06-20',1465862400
2093,25,27,82.73923963984826,0.0127051680408352,b'HadGEM3-GC31-LL',7,0.0005109408840921,350.2547886560165,290.61460506255554,b'ssp245',4.473477696318652,293.88058212990825,302.2697451428156,285.34339388852624,b'2016-06-21/2016-06-27',1466467200
2093,25,27,75.131474355383,0.0140415876282741,b'HadGEM3-GC31-LL',7,7.729794215948296e-05,356.9904575965117,325.61026612773315,b'ssp245',3.651684999861111,297.73765366696523,305.6120407357401,286.65903409673365,b'2016-06-28/2016-07-04',1467072000
2093,25,27,82.79172159599901,0.0145700841328391,b'HadGEM3-GC31-LL',7,0.0002601614285402,364.3092308496056,296.48741054399426,b'ssp245',3.698344540755957,297.15418295796314,306.59970972893643,284.13439968383113,b'2016-07-05/2016-07-11',1467676800
2093,25,27,72.91220400749272,0.0119784776993159,b'HadGEM3-GC31-LL',7,0.0001635793415257,341.9083850092839,306.8189928760845,b'ssp245',4.271660596325158,293.98244526056953,302.89117355768195,281.6643803549076,b'2016-07-12/2016-07-18',1468281600
2093,25,27,81.6706099416105,0.0138179377942318,b'HadGEM3-GC31-LL',7,0.0003224868026931,361.6105521378973,265.5959776061675,b'ssp245',3.389652128829294,295.47323153163853,303.7848393561432,284.61120957854047,b'2016-07-19/2016-07-25',1468886400
2093,25,27,77.93017411025002,0.013494556486436,b'HadGEM3-GC31-LL',7,0.00017567694224,358.0151912939106,279.17953283464993,b'ssp245',3.839820998742435,295.4756031858328,306.2063173072773,285.9488091737526,b'2016-07-26/2016-08-01',1469491200
2093,25,27,75.71476625052605,0.012911220928676,b'HadGEM3-GC31-LL',7,0.0001773227423961,350.62115849688377,286.3655260659619,b'ssp245',3.577281761771596,295.1027273176596,306.21377438708566,281.19298132796314,b'2016-08-02/2016-08-08',1470096000
2093,25,27,84.57942943136432,0.0147607298300328,b'HadGEM3-GC31-LL',7,0.0007006148520548,370.1344624291279,233.36471018922924,b'ssp245',3.280206368923564,297.1381981082667,304.68844285827976,286.47779482003733,b'2016-08-09/2016-08-15',1470700800
2093,25,27,78.95544348237264,0.012933251501488,b'HadGEM3-GC31-LL',7,6.029387564484586e-05,365.2910743960265,229.9753428313896,b'ssp245',4.277025313554265,295.4599443997185,307.30904407817354,285.45333816781226,b'2016-08-16/2016-08-22',1471305600
2093,25,27,70.326546030865,0.0094957048998117,b'HadGEM3-GC31-LL',7,9.564504690000108e-05,331.92791116740074,244.27775768590143,b'ssp245',3.586416009324879,291.4421775041082,301.04690273558896,280.09354288512174,b'2016-08-23/2016-08-29',1471910400
2093,25,27,79.98945988246373,0.0099673332866272,b'HadGEM3-GC31-LL',7,0.000248123563618,349.14386180946934,182.34555947199144,b'ssp245',4.068273543088382,291.4650479504134,299.49078203907334,284.2292429381313,b'2016-08-30/2016-09-05',1472515200
2093,25,27,82.63522981675291,0.0122785746176883,b'HadGEM3-GC31-LL',7,0.000157619363559,359.5677491053316,204.9395542063484,b'ssp245',3.98759690272874,294.36174676740086,301.8416462597926,283.5342450895362,b'2016-09-06/2016-09-12',1473120000
2093,25,27,78.93995988419796,0.0105837441181826,b'HadGEM3-GC31-LL',7,0.0004430817111573,345.8775814282208,205.8663701491744,b'ssp245',3.911046900952437,291.8556989975397,300.49733192064485,278.8130043999266,b'2016-09-13/2016-09-19',1473724800
2093,25,27,81.09622221105948,0.0092953768908689,b'HadGEM3-GC31-LL',7,0.0003879604411331,336.92829645483533,184.33496597398428,b'ssp245',5.073569992902059,289.75607072669123,298.9631573924702,280.9921021182234,b'2016-09-20/2016-09-26',1474329600
2093,25,27,76.09173232201242,0.0081618624356748,b'HadGEM3-GC31-LL',7,8.15149495691506e-05,326.37860607216464,180.03194266351642,b'ssp245',3.919520897082485,289.2872513022118,295.6920315568618,281.56775357578346,b'2016-09-27/2016-10-03',1474934400
2093,25,27,84.1798969693323,0.0101463364165984,b'HadGEM3-GC31-LL',7,5.6459690118963e-05,332.5811751753304,179.53638106589253,b'ssp245',2.957280799866475,290.6047250869619,299.69990075885926,280.13685341513616,b'2016-10-04/2016-10-10',1475539200
2093,25,27,83.73277354914087,0.0097724655250214,b'HadGEM3-GC31-LL',7,0.0001754653268889,341.5269296045461,149.75401987257962,b'ssp245',3.832113249892782,290.6581230904234,298.01926431392445,280.0591078447373,b'2016-10-11/2016-10-17',1476144000
2093,25,27,70.75387915752023,0.0062490198979905,b'HadGEM3-GC31-LL',7,3.7389845394073536e-05,302.12422022409294,148.92581677034133,b'ssp245',6.478604107140178,286.07402077594327,295.8299578587653,278.3176047646538,b'2016-10-18/2016-10-24',1476748800
2093,25,27,72.78947126513499,0.0053985074240031,b'HadGEM3-GC31-LL',7,9.234036356867732e-05,293.077566839036,131.8015354683386,b'ssp245',5.649581876117223,283.1516304479778,290.7486915040411,274.6812878181921,b'2016-10-25/2016-10-31',1477353600
2093,25,27,76.23274093784492,0.005404101977207,b'HadGEM3-GC31-LL',7,0.0003760613727696,304.2880069916326,111.9993804528192,b'ssp245',6.549347195384441,282.6651353313684,291.98723719475686,276.3036818024862,b'2016-11-01/2016-11-07',1477958400
2093,25,27,80.83661167292306,0.0059879462955402,b'HadGEM3-GC31-LL',7,0.0001891138624312,294.45346318390204,111.5048934322318,b'ssp245',4.186464189598667,282.8258914914391,292.1857978272833,274.0462980323075,b'2016-11-08/2016-11-14',1478563200
2093,25,27,79.35368778797803,0.0050138415423263,b'HadGEM3-GC31-LL',7,0.0007810166473188,301.67871396757994,80.53337548940128,b'ssp245',7.67659360220231,280.7813339534479,289.88969075745644,272.553586354967,b'2016-11-15/2016-11-21',1479168000
2093,25,27,78.76735183667647,0.0039718908606384,b'HadGEM3-GC31-LL',7,0.0007795355861859,284.24163521613866,87.31237691082913,b'ssp245',6.426045281828721,276.7993052228944,285.6292045635413,267.2138932201744,b'2016-11-22/2016-11-28',1479772800
2093,25,27,80.74223643109472,0.0039273802630401,b'HadGEM3-GC31-LL',7,9.510849936816926e-06,278.23167664031865,86.54209419437159,b'ssp245',4.380823694897526,276.38700823584406,286.65648242254946,264.81143598187697,b'2016-11-29/2016-12-05',1480377600
2093,25,27,73.62665936109488,0.0037082497139377,b'HadGEM3-GC31-LL',7,7.860023740828933e-05,263.41259689873,86.5860111257648,b'ssp245',6.789729752819087,277.24776770780664,288.17797057431045,268.29656970619493,b'2016-12-06/2016-12-12',1480982400
2093,25,27,65.98188283358772,0.0021759759023253,b'HadGEM3-GC31-LL',7,2.709409465502649e-05,233.87436397344743,87.83081257676362,b'ssp245',6.56807221515779,272.2670747463404,278.1778376289495,265.70044776537145,b'2016-12-13/2016-12-19',1481587200
2093,25,27,72.84756718178667,0.0026952145187861,b'HadGEM3-GC31-LL',7,5.66435451669814e-05,244.67039488903063,84.01470397973306,b'ssp245',5.662892267848905,273.64221024005167,279.4172366653358,268.19708965153984,b'2016-12-20/2016-12-26',1482192000
2093,25,27,74.08976590217524,0.0022486716326937,b'HadGEM3-GC31-LL',7,0.0002066949117248,243.64721749658744,84.24846018495386,b'ssp245',9.262903622256175,270.08728852305904,278.55360498586407,264.3098679516197,b'2016-12-27/2017-01-02',1482796800
2093,25,27,76.44495218844516,0.0026529012210431,b'HadGEM3-GC31-LL',7,0.0004886300676361,254.16999523400696,84.24563984949944,b'ssp245',7.2810957018747615,270.6855704099058,284.45849036116624,260.0192184532545,b'2017-01-03/2017-01-09',1483401600
2093,25,27,71.48732159561122,0.0027718761999596,b'HadGEM3-GC31-LL',7,9.739410065548924e-05,257.48089751474674,88.73574179940648,b'ssp245',6.071112504058121,273.2717064716728,281.586405312554,265.1074225662822,b'2017-01-10/2017-01-16',1484006400
2093,25,27,68.92211111440561,0.0012442301353705,b'HadGEM3-GC31-LL',7,2.774420866726906e-05,207.6895564764997,110.84643691920256,b'ssp245',6.965164095582037,263.3941038353008,274.85685967714085,254.1783946674832,b'2017-01-17/2017-01-23',1484611200
2093,25,27,71.83734573900183,0.002855640390962,b'HadGEM3-GC31-LL',7,0.0004363243734149,258.40148451036606,98.12049083965636,b'ssp245',6.52222010330977,273.33817726141274,284.49203460861963,262.3973066298342,b'2017-01-24/2017-01-30',1485216000
2093,25,27,64.05081253081866,0.0019424865479509,b'HadGEM3-GC31-LL',7,0.0001564021170703,230.25350684908875,118.41742602997913,b'ssp245',5.7487044565115,270.867457059094,276.8576840395427,263.9054525638812,b'2017-01-31/2017-02-06',1485820800
2093,25,27,75.06694894743983,0.001386730523313,b'HadGEM3-GC31-LL',7,0.0002957747606135,218.929944641306,133.66218593750963,b'ssp245',10.810680467271393,262.88558475822566,279.1523401249838,253.35374137077545,b'2017-02-07/2017-02-13',1486425600
2093,25,27,71.40101405793321,0.0019064834987249,b'HadGEM3-GC31-LL',7,9.145644208263312e-07,228.092122076286,151.0505004894856,b'ssp245',7.0585894505998334,268.36524083499563,275.9969562846653,262.0350839182817,b'2017-02-14/2017-02-20',1487030400
2093,25,27,73.8306110367026,0.0030397339611539,b'HadGEM3-GC31-LL',7,0.0003547367910597,255.4640782609923,143.19486283962428,b'ssp245',7.364678178326578,273.7315510425402,281.3304376591635,263.43667457538413,b'2017-02-21/2017-02-27',1487635200
2093,25,27,76.78388446967435,0.0030227142208437,b'HadGEM3-GC31-LL',7,0.0002496700068729,245.81578248949057,158.18963816340926,b'ssp245',5.976934672474579,273.3921215680611,280.09004835265773,264.64555303246937,b'2017-02-28/2017-03-06',1488240000
2093,25,27,75.3695379460432,0.0018312975390357,b'HadGEM3-GC31-LL',7,0.0004177657238034,227.5389552657588,160.19017837813453,b'ssp245',8.412628127800357,267.6706428389335,275.3726336400153,255.6783853520346,b'2017-03-07/2017-03-13',1488844800
2093,25,27,87.2226589169762,0.0035881416037297,b'HadGEM3-GC31-LL',7,0.0006384755903388,261.41845130227927,164.03487398468238,b'ssp245',7.45611842254437,274.0230578150821,280.09993021422326,266.695528652128,b'2017-03-14/2017-03-20',1489449600
2093,25,27,77.87981086315465,0.0026876877138468,b'HadGEM3-GC31-LL',7,9.288364736831396e-05,236.8724525698547,202.17450670514788,b'ssp245',5.893960829917709,271.3740812691536,279.1781129615742,260.1431238585414,b'2017-03-21/2017-03-27',1490054400
2093,25,27,87.80314208394257,0.00428509673057,b'HadGEM3-GC31-LL',7,0.0003192584291646,277.1400131069024,183.88329745490623,b'ssp245',6.308862184443244,276.3089091143649,282.36571724401654,269.7241061215901,b'2017-03-28/2017-04-03',1490659200
2093,25,27,77.44171185813367,0.0035479592108303,b'HadGEM3-GC31-LL',7,0.0002238427534996,258.68938481211194,197.2999025135597,b'ssp245',5.332242842499629,275.3233064767406,281.40347709866523,267.1582736695011,b'2017-04-04/2017-04-10',1491264000
2093,25,27,91.0599295395608,0.0068009045416078,b'HadGEM3-GC31-LL',7,0.0002494666370527,301.9041633744455,210.04534057761708,b'ssp245',3.434768100667395,282.3611343371746,293.8489505325233,267.0118888391316,b'2017-04-11/2017-04-17',1491868800
2093,25,27,77.3812520353081,0.0051912280838221,b'HadGEM3-GC31-LL',7,2.5636135424355e-05,279.79951855208617,231.61078735086613,b'ssp245',3.996841589898318,281.15400087617,289.00054009369074,274.4837655251856,b'2017-04-18/2017-04-24',1492473600
2093,25,27,86.68675801277914,0.0063294730141858,b'HadGEM3-GC31-LL',7,0.0005396042416826,299.11715813857325,205.04971987296017,b'ssp245',4.42879454502461,282.7300070481876,290.89789924410826,274.9610430638435,b'2017-04-25/2017-05-01',1493078400
2093,25,27,85.43433805554517,0.0076049771112107,b'HadGEM3-GC31-LL',7,0.0002169545369153,298.11416237702406,246.5258821458824,b'ssp245',4.864975108400329,285.4548332762323,294.2143901171606,274.7395983785556,b'2017-05-02/2017-05-08',1493683200
2093,25,27,86.60233314712875,0.0083218408084379,b'HadGEM3-GC31-LL',7,0.0005699387866874,309.49498075200705,245.9474623730546,b'ssp245',4.715350069845391,286.5525261762299,296.42059518382035,277.43818057571326,b'2017-05-09/2017-05-15',1494288000
2093,25,27,86.47060361047758,0.0086136890899083,b'HadGEM3-GC31-LL',7,0.0004095861379275,316.8451978892723,250.5325773972268,b'ssp245',4.058526422202164,287.2967060236641,297.04794611641057,277.90867243814205,b'2017-05-16/2017-05-22',1494892800
2093,25,27,80.67826601312966,0.0087600443528004,b'HadGEM3-GC31-LL',7,0.0001933211301637,320.8564731492523,260.88333652920863,b'ssp245',3.1757743748229794,288.84447887875285,297.5351392714358,277.5466984870026,b'2017-05-23/2017-05-29',1495497600
2093,25,27,84.37314612336674,0.0105226121488561,b'HadGEM3-GC31-LL',7,0.0004183267586377,332.08503171082265,284.4538358379746,b'ssp245',3.9933250697090017,291.0808659120724,299.00191061957764,282.8832072558324,b'2017-05-30/2017-06-05',1496102400
2093,25,27,86.96285559481866,0.0122064919260954,b'HadGEM3-GC31-LL',7,0.0004078483946142,342.8644440516206,289.46052117110617,b'ssp245',3.961177382971606,293.4269659269675,300.48658123543254,281.39426665753945,b'2017-06-06/2017-06-12',1496707200
2093,25,27,80.86746202151232,0.0128659442517003,b'HadGEM3-GC31-LL',7,8.862614734963389e-05,344.1708041364976,323.9711623459043,b'ssp245',3.208972419258545,294.5996566302774,304.59301693742447,283.9910826793692,b'2017-06-13/2017-06-19',1497312000
2093,25,27,80.67688204818762,0.0127987588219191,b'HadGEM3-GC31-LL',7,0.0001276579544089,354.32726888920064,293.64397114043925,b'ssp245',5.23956130981069,294.549047389102,306.8558607407038,283.0680381817054,b'2017-06-20/2017-06-26',1497916800
2093,25,27,82.72897897011292,0.0131206667695367,b'HadGEM3-GC31-LL',7,0.0002335028569544,354.0576493285073,304.63239683348456,b'ssp245',3.0611193521246727,294.95521076687135,305.66094741399775,284.66535797962166,b'2017-06-27/2017-07-03',1498521600
2093,25,27,79.12939945091482,0.0128977965934005,b'HadGEM3-GC31-LL',7,0.0002647107912713,353.10851679849355,295.475547172709,b'ssp245',4.251913526459012,294.6636595138152,303.1385988519995,281.9692725250076,b'2017-07-04/2017-07-10',1499126400
2093,25,27,89.05614448673818,0.0161833313344473,b'HadGEM3-GC31-LL',7,0.0004151407316022,375.9531643452754,261.2210676836046,b'ssp245',3.4590867377494203,298.2320728810829,304.467996704776,287.2331696231062,b'2017-07-11/2017-07-17',1499731200
2093,25,27,92.92673522961262,0.0173470282308233,b'HadGEM3-GC31-LL',7,0.0004876843833786,382.3691478653978,256.5924040290815,b'ssp245',2.477726095524376,299.042943290584,307.7712179953222,290.75636009932884,b'2017-07-18/2017-07-24',1500336000
2093,25,27,82.80197671530468,0.0150492066388835,b'HadGEM3-GC31-LL',7,0.0001835217202357,370.06934930790857,270.1812004637323,b'ssp245',4.050191835935603,297.222490797517,306.72498234701425,283.3146075506896,b'2017-07-25/2017-07-31',1500940800
2093,25,27,85.66480373993762,0.0159068250867678,b'HadGEM3-GC31-LL',7,0.0002185364324968,374.6292673329245,259.1823746076793,b'ssp245',3.8573571412320575,298.6506947048461,306.69898366348525,291.6196835344009,b'2017-08-01/2017-08-07',1501545600
2093,25,27,75.81199523757176,0.0128357749038332,b'HadGEM3-GC31-LL',7,7.278509534002753e-05,354.4131559400551,270.4124432558513,b'ssp245',3.201305231628403,295.04039133217924,304.70670634738644,283.5712628443597,b'2017-08-08/2017-08-14',1502150400
2093,25,27,77.81977931190498,0.0135257689850499,b'HadGEM3-GC31-LL',7,0.000332174380983,360.9282211339841,236.53469196250333,b'ssp245',3.863947331463153,296.0071331695581,303.5526762061356,286.3629522334146,b'2017-08-15/2017-08-21',1502755200
2093,25,27,77.17222620505655,0.0125920890781207,b'HadGEM3-GC31-LL',7,9.32931717614786e-05,353.9542173077012,245.9105767025003,b'ssp245',3.59161740364573,294.62830262097583,303.31485180933834,283.65378389305835,b'2017-08-22/2017-08-28',1503360000
2093,25,27,75.8417508508431,0.0113632795954785,b'HadGEM3-GC31-LL',7,0.0004011907605156,344.4582671252027,228.4361744423786,b'ssp245',4.445667977999211,292.5679518244261,303.0261557226022,277.85473676649906,b'2017-08-29/2017-09-04',1503964800
2093,25,27,74.363747365661,0.0089385618830956,b'HadGEM3-GC31-LL',7,6.278751979876543e-05,326.7981882072756,223.6099809341009,b'ssp245',3.919393852233135,290.07083598124103,297.89959517842505,280.6719865830564,b'2017-09-05/2017-09-11',1504569600
2093,25,27,74.2743834268981,0.0093637546187379,b'HadGEM3-GC31-LL',7,1.0833465847907171e-05,329.1762887474488,223.8958846371477,b'ssp245',3.8194654516281816,289.8159467400579,299.93085354125304,278.7754671212718,b'2017-09-12/2017-09-18',1505174400
2093,25,27,80.09780401637825,0.0108176249043387,b'HadGEM3-GC31-LL',7,0.0003049654539884,348.0975608843749,196.83370306772235,b'ssp245',5.057697244431902,292.5059993295286,301.7473764830531,281.40134848916074,b'2017-09-19/2017-09-25',1505779200
2093,25,27,81.42854343104193,0.0089816437738681,b'HadGEM3-GC31-LL',7,6.667379695985499e-06,330.170240625925,184.204964003228,b'ssp245',2.480462549672695,289.0903298851441,298.2699853717952,280.0864829553425,b'2017-09-26/2017-10-02',1506384000
2093,25,27,83.84940897844491,0.0102800836134628,b'HadGEM3-GC31-LL',7,5.157433758681415e-06,338.9902728652051,178.63962979094666,b'ssp245',2.456722498015334,291.21291212700635,299.3437241190705,281.48414768619426,b'2017-10-03/2017-10-09',1506988800
2093,25,27,83.29417673847105,0.009447660549318,b'HadGEM3-GC31-LL',7,0.0004720984886949,330.2444696777152,158.13625312811195,b'ssp245',4.668011376259359,290.2250292988019,299.5001788903337,279.01089007129985,b'2017-10-10/2017-10-16',1507593600
2093,25,27,83.5779012588224,0.0089525431738585,b'HadGEM3-GC31-LL',7,0.00016500981811,334.42479556113034,138.82409523690697,b'ssp245',3.519970395457773,289.30138850644903,296.39415011748423,280.760025395346,b'2017-10-17/2017-10-23',1508198400
2093,25,27,76.62052666920795,0.0070738123250564,b'HadGEM3-GC31-LL',7,0.0008981077974429,302.8678903484871,137.39804857550592,b'ssp245',5.019793952762752,286.296794570405,295.6161158609127,276.6786277475937,b'2017-10-24/2017-10-30',1508803200
2093,25,27,77.51802020596065,0.0063455152770043,b'HadGEM3-GC31-LL',7,2.831845551139796e-07,295.6645510654706,131.92443206413768,b'ssp245',4.028482008638961,284.5999690103268,292.584657296028,275.0794810258222,b'2017-10-31/2017-11-06',1509408000
2093,25,27,82.58209260430219,0.0058962758429474,b'HadGEM3-GC31-LL',7,0.0008599733459923,302.58567834626814,89.1836886040884,b'ssp245',7.999468845463025,282.67061835261154,291.16599598247046,273.5932537605749,b'2017-11-07/2017-11-13',1510012800
2093,25,27,78.02187629284217,0.0038500831224098,b'HadGEM3-GC31-LL',7,1.9807718928275705e-05,267.1528376626705,108.38680285037552,b'ssp245',6.058574651900294,276.42910378327406,286.32025180205454,268.5793410496159,b'2017-11-14/2017-11-20',1510617600
2093,25,27,79.78167136236732,0.0049841655706052,b'HadGEM3-GC31-LL',7,9.874779450192314e-06,281.91068758825287,98.22827575731768,b'ssp245',5.20420164595275,280.89633017813213,287.58454927054555,274.5136178201075,b'2017-11-21/2017-11-27',1511222400
2093,25,27,79.15637680631787,0.0040251600657881,b'HadGEM3-GC31-LL',7,0.0001274120037592,278.30596317932566,79.13538544315377,b'ssp245',5.904022414230793,277.7087686299337,282.01785072621715,270.30554942768583,b'2017-11-28/2017-12-04',1511827200
2093,25,27,78.97186624516439,0.0040054521067309,b'HadGEM3-GC31-LL',7,0.0007968813058817,278.8033635224521,78.87031107106921,b'ssp245',6.815875579488494,277.13557975064515,284.4233800392784,271.09543610462174,b'2017-12-05/2017-12-11',1512432000
2093,25,27,81.43335513782576,0.0045305439799908,b'HadGEM3-GC31-LL',7,1.7818816425236764e-05,280.49838768553343,81.88453729384136,b'ssp245',3.486850395180056,279.2263936922695,284.7339902593286,273.4685112716085,b'2017-12-12/2017-12-18',1513036800
2093,25,27,86.23556463757932,0.0053726047139993,b'HadGEM3-GC31-LL',7,0.0016339347572104,314.7898331085904,49.43792235774136,b'ssp245',7.14865921887245,281.16574226264987,286.36399573226004,273.5457338280441,b'2017-12-19/2017-12-25',1513641600
2093,25,27,74.78795524302109,0.0035397049915059,b'HadGEM3-GC31-LL',7,5.117966099910097e-05,272.30641455164834,78.75105829517393,b'ssp245',5.672723737210859,277.1251280365352,281.2659052896237,273.4054884431112,b'2017-12-26/2018-01-01',1514246400
2093,25,27,75.72342918654927,0.0036135074139139,b'HadGEM3-GC31-LL',7,0.0003892413778676,274.61909835442094,78.38397114459417,b'ssp245',6.459111064554861,276.8227732766023,283.37496184459707,270.4597832442648,b'2018-01-02/2018-01-08',1514851200
2093,25,27,66.02079608589058,0.0016773082753604,b'HadGEM3-GC31-LL',7,3.807872535499634e-05,231.2278280063981,94.01212953418472,b'ssp245',8.496295491559541,268.3801705159441,276.51856515789564,259.57242888561274,b'2018-01-09/2018-01-15',1515456000
2093,25,27,78.97420661342173,0.0026758475278668,b'HadGEM3-GC31-LL',7,0.0002777945342436,253.4324886319011,98.69735870602192,b'ssp245',5.036633517089188,271.31598564214187,279.3109187510791,259.3228463863141,b'2018-01-16/2018-01-22',1516060800
2093,25,27,77.95699982014621,0.0032119385872569,b'HadGEM3-GC31-LL',7,0.0004923828625814,276.02167477746974,83.59522071151915,b'ssp245',5.728873320348449,274.4717016495582,281.9681574700287,268.36261502260663,b'2018-01-23/2018-01-29',1516665600
2093,25,27,73.9222012219508,0.0034747074529617,b'HadGEM3-GC31-LL',7,3.232228904766079e-05,262.22856195656067,113.58326749643568,b'ssp245',4.758290528479578,276.17577115053626,283.1983854009302,267.315054506755,b'2018-01-30/2018-02-05',1517270400
2093,25,27,61.25834794590204,0.0019219348486346,b'HadGEM3-GC31-LL',7,0.0002623066444686,226.04423663012136,135.4420680629426,b'ssp245',10.361128836423276,270.6900630646836,280.8912550446737,256.6378300450784,b'2018-02-06/2018-02-12',1517875200
2093,25,27,75.88056664711486,0.0016315975101822,b'HadGEM3-GC31-LL',7,9.610991990815342e-05,217.82504351464613,145.2528368413213,b'ssp245',8.397207230174269,264.7465237829002,278.1036011585214,255.44811505902533,b'2018-02-13/2018-02-19',1518480000
2093,25,27,86.5575854794473,0.0034107225294714,b'HadGEM3-GC31-LL',7,0.0004640969867769,271.4861688651527,117.10223501697712,b'ssp245',6.710432310375343,273.4871844742556,283.28828221105084,252.2564093321068,b'2018-02-20/2018-02-26',1519084800
2093,25,27,75.72253265139996,0.0026087937359374,b'HadGEM3-GC31-LL',7,0.0002769061210019,242.15028469745064,158.91525353820847,b'ssp245',7.271789508930981,270.39702210580634,281.6793419769455,255.30235267765613,b'2018-02-27/2018-03-05',1519689600
2093,25,27,71.48282893180095,0.0031889030262301,b'HadGEM3-GC31-LL',7,0.0007777995415363,251.01151579606224,165.9441025581149,b'ssp245',7.135382002926099,274.6290369191881,285.3921680429364,265.45663118309733,b'2018-03-06/2018-03-12',1520294400
2093,25,27,84.19466412852105,0.0043262821133744,b'HadGEM3-GC31-LL',7,0.0003438985328444,269.35155444668334,154.7650221766688,b'ssp245',3.7986995519571822,277.01210653761194,285.8143393163523,267.4853828725236,b'2018-03-13/2018-03-19',1520899200
2093,25,27,78.76898577147426,0.0044192396375205,b'HadGEM3-GC31-LL',7,0.0003473437292302,260.4432941114611,194.11163190316293,b'ssp245',5.515834311227114,277.8730613485696,287.5931922027419,264.9394607122432,b'2018-03-20/2018-03-26',1521504000
2093,25,27,91.35960744121644,0.0060580860391176,b'HadGEM3-GC31-LL',7,0.0006859197405187,314.7909369392666,149.05148087752175,b'ssp245',4.511603114919203,282.03578880689423,287.73978856545125,276.5422800643668,b'2018-03-27/2018-04-02',1522108800
2093,25,27,83.19260806329814,0.0070694071966228,b'HadGEM3-GC31-LL',7,2.5735332343307537e-05,293.88464989184206,219.1477189266503,b'ssp245',5.374803760659535,285.44438328671475,295.6669936037854,274.68443917121675,b'2018-04-03/2018-04-09',1522713600
2093,25,27,71.93835256496752,0.0060142539525198,b'HadGEM3-GC31-LL',7,3.220011197234432e-05,271.4945317245038,235.88518295348305,b'ssp245',6.300474107293698,284.5662293010372,297.6245171647045,271.8929403231288,b'2018-04-10/2018-04-16',1523318400
2093,25,27,78.50079042394046,0.0055565382357269,b'HadGEM3-GC31-LL',7,0.0002907085509646,281.0497731811716,210.4053355806346,b'ssp245',5.0265606931748135,282.1648154531959,289.9603485107422,272.4115596708013,b'2018-04-17/2018-04-23',1523923200
2093,25,27,83.51892585844719,0.0072710603368251,b'HadGEM3-GC31-LL',7,0.0002306246995686,292.47132185865973,229.45551359783312,b'ssp245',4.580306343046247,285.4749551316933,294.23864071672136,272.5291245096955,b'2018-04-24/2018-04-30',1524528000
2093,25,27,86.05926484346578,0.0078737279974679,b'HadGEM3-GC31-LL',7,0.0003421479082318,304.4163564198772,230.32411034876847,b'ssp245',4.171055510275553,286.60377441502595,294.0514636129306,278.6328645990698,b'2018-05-01/2018-05-07',1525132800
2093,25,27,83.52443790992791,0.0084902658116589,b'HadGEM3-GC31-LL',7,0.0002042942589247,306.9935917951408,255.2928880668947,b'ssp245',3.857978293118556,287.9119935165923,301.4724823672468,275.6347715430497,b'2018-05-08/2018-05-14',1525737600
2093,25,27,91.01133010370484,0.0111837650837792,b'HadGEM3-GC31-LL',7,0.000420401488719,330.8709320863214,243.70598803055788,b'ssp245',3.617448794211378,291.23108344676467,298.725865738168,279.23301010553354,b'2018-05-15/2018-05-21',1526342400
2093,25,27,79.58342605626952,0.0093082198064594,b'HadGEM3-GC31-LL',7,9.475093709341484e-05,317.5438343749615,289.40796723399654,b'ssp245',3.622234049780499,290.14416142127226,299.28685147617404,280.9621959370144,b'2018-05-22/2018-05-28',1526947200
2093,25,27,75.19433206439301,0.0095690805615302,b'HadGEM3-GC31-LL',7,0.0001591620451012,317.27376395860057,306.85258027327376,b'ssp245',4.72281971273219,291.1645197409952,302.7414283878895,278.5775845690985,b'2018-05-29/2018-06-04',1527552000
2093,25,27,82.53477663975018,0.0144179031944553,b'HadGEM3-GC31-LL',7,5.453120211307664e-05,360.7329055075582,318.07001410215605,b'ssp245',3.4924702641243246,297.5663415753757,307.5897322681069,285.23505523850247,b'2018-06-05/2018-06-11',1528156800
2093,25,27,70.92081258001531,0.0100019192741338,b'HadGEM3-GC31-LL',7,0.0001786761570498,330.92570860997466,297.24363804601177,b'ssp245',4.761136919217686,292.7906507026896,303.99380014324714,282.9919297529189,b'2018-06-12/2018-06-18',1528761600
2093,25,27,84.915681682126,0.0124486284776668,b'HadGEM3-GC31-LL',7,0.0002264858019814,347.72643021701737,290.51308689975514,b'ssp245',4.227073499943764,293.4146097473771,304.9412363800555,282.0039359076906,b'2018-06-19/2018-06-25',1529366400
2093,25,27,80.79055959013569,0.0140861232152712,b'HadGEM3-GC31-LL',7,0.0001156400511079,357.4316797559056,302.68075272846903,b'ssp245',3.592938287162179,296.54926191298347,305.0486742388477,284.9590926871116,b'2018-06-26/2018-07-02',1529971200
2093,25,27,73.07200679974756,0.0149226554813511,b'HadGEM3-GC31-LL',7,4.506382534447932e-05,363.2171470226598,342.8180761420077,b'ssp245',3.9800293471273136,298.52424761042784,311.77609463686446,284.2769472069503,b'2018-07-03/2018-07-09',1530576000
2093,25,27,72.22282572823805,0.014131570298404,b'HadGEM3-GC31-LL',7,0.0006487925607408,365.59786123322425,285.0009564322191,b'ssp245',3.918403617076829,298.47840391669394,309.69926337985044,285.01130676269537,b'2018-07-10/2018-07-16',1531180800
2093,25,27,80.04886709031102,0.0136215545491395,b'HadGEM3-GC31-LL',7,0.0002364197967582,355.5309119341217,294.8147583345023,b'ssp245',2.903812261717284,295.1870149463392,303.0297825260057,286.72366059867056,b'2018-07-17/2018-07-23',1531785600
2093,25,27,83.77660564552073,0.0151556993869956,b'HadGEM3-GC31-LL',7,0.0002066404724788,365.7994620981796,276.675985912874,b'ssp245',3.306637390749419,297.3375518389358,304.1440887451172,287.38178029771666,b'2018-07-24/2018-07-30',1532390400
2093,25,27,88.51899532688445,0.0165472698800012,b'HadGEM3-GC31-LL',7,0.0006102982241289,376.9403588250574,245.36808451567472,b'ssp245',3.0885430491619816,298.88190734911456,304.8874160850904,291.88054234625884,b'2018-07-31/2018-08-06',1532995200
2093,25,27,90.6741269287013,0.0165566870562684,b'HadGEM3-GC31-LL',7,0.001183276988353,381.9306797283507,205.9832227181523,b'ssp245',3.842330639928744,298.8691646464528,303.87002307196354,290.8275958656606,b'2018-08-07/2018-08-13',1533600000
2093,25,27,91.92798672128872,0.015880820369855,b'HadGEM3-GC31-LL',7,0.0004011351320809,383.0047923508834,203.1610172636037,b'ssp245',2.7744191397054982,298.01083405095005,305.20491457775813,291.71103535857645,b'2018-08-14/2018-08-20',1534204800
2093,25,27,83.32378297548362,0.0139861321188479,b'HadGEM3-GC31-LL',7,9.102466244824048e-05,362.12365377015175,224.06524193936104,b'ssp245',2.9881168487416354,295.957443324016,304.76110598738023,284.02747347499786,b'2018-08-21/2018-08-27',1534809600
2093,25,27,75.79854449458072,0.0112953270248915,b'HadGEM3-GC31-LL',7,0.0002821575693711,348.18844209232947,223.54593069773543,b'ssp245',4.067859745693659,293.5003542062328,303.08521639154765,282.1245090885057,b'2018-08-28/2018-09-03',1535414400
2093,25,27,82.56529718111516,0.0121712842363725,b'HadGEM3-GC31-LL',7,0.000526049377771,352.2876223521244,212.6915311029038,b'ssp245',2.519050662575882,293.61713238289343,300.9918370536678,283.5355615942518,b'2018-09-04/2018-09-10',1536019200
2093,25,27,73.10050433007582,0.0095334816083823,b'HadGEM3-GC31-LL',7,0.0001109634766903,331.1376780135856,223.8384945081366,b'ssp245',3.2949020612587963,290.9730215793721,303.5869511219678,279.3225863799205,b'2018-09-11/2018-09-17',1536624000
2093,25,27,75.42510717041208,0.008982819417931,b'HadGEM3-GC31-LL',7,4.459968879931825e-05,326.6115233026157,215.51977796306173,b'ssp245',3.562695550410505,289.5429346796651,299.2058458191255,277.08311184203427,b'2018-09-18/2018-09-24',1537228800
2093,25,27,78.05505376452994,0.0098564117612873,b'HadGEM3-GC31-LL',7,2.704387559170248e-05,335.6776522400818,189.03046297406053,b'ssp245',3.937237094995443,291.39404240994355,300.47329666390607,280.8053177807213,b'2018-09-25/2018-10-01',1537833600
2093,25,27,86.1112831350566,0.0091895911725709,b'HadGEM3-GC31-LL',7,0.0005652994305719,344.1353119378214,133.7164174447967,b'ssp245',5.552024936977107,289.9828748912254,295.58455915082226,280.48088778501057,b'2018-10-02/2018-10-08',1538438400
2093,25,27,86.1530009281005,0.0087242570133098,b'HadGEM3-GC31-LL',7,0.0003738976156888,337.3319748587183,141.02710942040304,b'ssp245',4.490134438004377,289.2540634986257,295.9912959146236,282.7307935008687,b'2018-10-09/2018-10-15',1539043200
2093,25,27,83.41432883391347,0.0078962944877637,b'HadGEM3-GC31-LL',7,0.0005138746143137,324.5928619505198,131.76015729354702,b'ssp245',5.382733204596233,287.64719359677144,295.1264222371645,280.78118539040923,b'2018-10-16/2018-10-22',1539648000
2093,25,27,82.16668946372306,0.0074892432558266,b'HadGEM3-GC31-LL',7,0.000378256981413,312.7668864381906,140.3617361229804,b'ssp245',4.915790524968221,287.0203209953037,295.0631606802756,278.3576051659347,b'2018-10-23/2018-10-29',1540252800
2093,25,27,78.29536254720229,0.0075158739576061,b'HadGEM3-GC31-LL',7,0.0003221686406702,314.03017823807164,113.68032842724928,b'ssp245',6.33243611402745,286.3308347971494,297.2675412678587,274.1816980688612,b'2018-10-30/2018-11-05',1540857600
2093,25,27,78.8869422542268,0.0053171636678767,b'HadGEM3-GC31-LL',7,0.000184679571203,290.5057079637342,113.34645338111162,b'ssp245',5.911187392026305,281.37327173439274,291.6128652667472,273.06355545296856,b'2018-11-06/2018-11-12',1541462400
2093,25,27,84.78273905729252,0.0059434046713383,b'HadGEM3-GC31-LL',7,6.504805984322568e-05,305.1133163560538,92.63398681857404,b'ssp245',4.470586138290972,283.3388166709123,289.4767608811184,274.0560714974588,b'2018-11-13/2018-11-19',1542067200
2093,25,27,74.99763713195367,0.0032564138617085,b'HadGEM3-GC31-LL',7,0.0001841489776054,267.54636659689936,92.28939824574748,b'ssp245',6.259990452158236,274.7163988337709,280.8771722614436,266.6721268290314,b'2018-11-20/2018-11-26',1542672000
2093,25,27,75.76736786502877,0.0038271126260626,b'HadGEM3-GC31-LL',7,0.000521522608116,271.48120529307283,83.7971677700365,b'ssp245',7.080948160761628,275.56256890180265,291.5283657010748,267.76186287389936,b'2018-11-27/2018-12-03',1543276800
2093,25,27,80.31544173736692,0.0029252394337733,b'HadGEM3-GC31-LL',7,8.979107280364944e-06,246.3489058268004,92.0261487595002,b'ssp245',5.253615983245688,272.2074785456849,278.8026587386158,266.71516635958005,b'2018-12-04/2018-12-10',1543881600
2093,25,27,81.27426811164068,0.0033543132869423,b'HadGEM3-GC31-LL',7,0.0002206233402986,273.5948762455604,72.7378426179231,b'ssp245',5.788291945020892,274.20928012333053,280.4493202335927,267.9370768678781,b'2018-12-11/2018-12-17',1544486400
2093,25,27,78.18401406159435,0.003516570636624,b'HadGEM3-GC31-LL',7,0.0003066356132441,271.1563644770477,76.56185480462536,b'ssp245',7.561360143768383,275.95211799218134,282.70272803543685,269.3668009046692,b'2018-12-18/2018-12-24',1545091200
2093,25,27,75.4446770358669,0.0034479785400376,b'HadGEM3-GC31-LL',7,0.0001564904644683,269.9284151157057,64.67960063961424,b'ssp245',5.786145817452561,276.2024424516036,282.1756843187532,267.3443456154502,b'2018-12-25/2018-12-31',1545696000
2093,25,27,71.87144673655328,0.0030563556913439,b'HadGEM3-GC31-LL',7,0.000197649492859,260.9984869495564,79.50900206261011,b'ssp245',5.975198800900647,275.2642900618965,284.8138522322007,263.89165723600445,b'2019-01-01/2019-01-07',1546300800
2093,25,27,65.79867781207801,0.0023960904665862,b'HadGEM3-GC31-LL',7,0.0003118072717209,253.7634721185433,83.4903367618359,b'ssp245',5.2318560468369615,272.8804787796129,283.2473070682084,267.0172797777376,b'2019-01-08/2019-01-14',1546905600
2093,25,27,74.3014828197958,0.0029345539601643,b'HadGEM3-GC31-LL',7,0.000730323394351,260.1100617382408,85.50633046271392,b'ssp245',7.04187370163301,272.7187826010592,287.94993060201574,258.7826945605199,b'2019-01-15/2019-01-21',1547510400
2093,25,27,70.96776176247901,0.0028299239217031,b'HadGEM3-GC31-LL',7,0.0002737296289676,247.01310559207283,104.6674165383981,b'ssp245',6.612840863128488,272.7807067389364,287.75010851443807,260.02202676172413,b'2019-01-22/2019-01-28',1548115200
2093,25,27,67.11323116425933,0.0020470806558567,b'HadGEM3-GC31-LL',7,0.0002387542502462,238.2179761999502,108.24499099719402,b'ssp245',7.210756608267515,270.9610165783432,280.1027182563234,259.7703493571413,b'2019-01-29/2019-02-04',1548720000
2093,25,27,78.7664117844724,0.0024845879490857,b'HadGEM3-GC31-LL',7,0.0002158305596171,244.58325045614987,121.32129119355189,b'ssp245',7.043812337821173,270.4185959934153,279.1473584085538,257.2597411772164,b'2019-02-05/2019-02-11',1549324800
2093,25,27,77.86124006420398,0.0025675380018518,b'HadGEM3-GC31-LL',7,0.0001796012945224,244.848482595924,129.59419525104337,b'ssp245',7.547568422673534,269.4379483868028,279.19655985963936,253.5929325925711,b'2019-02-12/2019-02-18',1549929600
2093,25,27,82.03427247888193,0.0031974755227151,b'HadGEM3-GC31-LL',7,0.0006289232730299,258.6491260856743,115.92815438731976,b'ssp245',6.6753237492848125,271.2254329401391,284.1863377186475,253.77071666401395,b'2019-02-19/2019-02-25',1550534400
2093,25,27,84.57038971525341,0.0024239782933178,b'HadGEM3-GC31-LL',7,0.0005839469196235,241.3031349621708,155.3599174860809,b'ssp245',6.497512236823224,267.9414375070333,282.41545098236253,253.3666016805238,b'2019-02-26/2019-03-04',1551139200
2093,25,27,75.9171614375186,0.0030066121200719,b'HadGEM3-GC31-LL',7,0.0007783737043701,248.5935218130592,158.8316900041034,b'ssp245',7.242609778858116,271.2917473531842,287.6054300381993,254.58579522232984,b'2019-03-05/2019-03-11',1551744000
2093,25,27,76.7123557719266,0.0029528005286057,b'HadGEM3-GC31-LL',7,0.0003160052930867,247.6931035271384,181.88708047603376,b'ssp245',6.805798735897091,274.05188618624595,284.6856691982206,266.9832401507467,b'2019-03-12/2019-03-18',1552348800
2093,25,27,86.20670625706217,0.0025326587417991,b'HadGEM3-GC31-LL',7,0.0001307786720777,240.48548890484912,197.1733247511577,b'ssp245',6.658254330480014,268.98971637343453,276.35751551844135,260.0328075598617,b'2019-03-19/2019-03-25',1552953600
2093,25,27,76.50918498050537,0.0024648523483727,b'HadGEM3-GC31-LL',7,6.264581934889337e-05,235.082197942937,211.95579981152807,b'ssp245',5.463838924247633,271.0700357197774,281.63868349191233,262.26114889745554,b'2019-03-26/2019-04-01',1553558400
2093,25,27,80.85152228158952,0.0049258541064402,b'HadGEM3-GC31-LL',7,0.0002267863835636,267.40269175637115,208.17450821717708,b'ssp245',6.149105299864591,278.98924956046983,292.8233894305993,267.8537954931101,b'2019-04-02/2019-04-08',1554163200
2093,25,27,80.03681086515383,0.0055281121107721,b'HadGEM3-GC31-LL',7,0.0001336890679231,276.6299553477492,223.7276476419716,b'ssp245',5.636355720097001,281.64447921355503,291.65106730592845,272.5250478502137,b'2019-04-09/2019-04-15',1554768000
2093,25,27,88.90468591390488,0.0066809345303388,b'HadGEM3-GC31-LL',7,0.0002435633897939,303.40414320562616,185.61651942276447,b'ssp245',4.499558264511067,282.41501166171327,294.5802791869442,270.7494431300717,b'2019-04-16/2019-04-22',1555372800
2093,25,27,86.36742109616345,0.0076274781281697,b'HadGEM3-GC31-LL',7,0.0004325608889217,306.93057021191487,217.6132517807862,b'ssp245',4.589511250546342,286.1906518275284,295.36410363971856,277.16668906870467,b'2019-04-23/2019-04-29',1555977600
2093,25,27,79.84109914910633,0.0055118396893678,b'HadGEM3-GC31-LL',7,0.0007731875502884,279.9339110003369,220.89107679383625,b'ssp245',5.646418369766663,281.58630806818286,290.5491867318338,273.6204493401459,b'2019-04-30/2019-05-06',1556582400
2093,25,27,79.99360425929527,0.0062526870300976,b'HadGEM3-GC31-LL',7,5.044514593991534e-05,290.1526502071823,247.97580372389604,b'ssp245',3.3829273277036584,283.65778844482617,291.8263937934328,275.4603378211596,b'2019-05-07/2019-05-13',1557187200
2093,25,27,81.78030995622619,0.008400775576172,b'HadGEM3-GC31-LL',7,0.0001908651333494,307.0924733150636,276.64660079341854,b'ssp245',4.3598720826779,288.17668921900434,299.3303075295127,279.9666967908322,b'2019-05-14/2019-05-20',1557792000
2093,25,27,84.13342636698518,0.0091986211294627,b'HadGEM3-GC31-LL',7,0.0005457695833682,323.2277355070649,238.8816644019749,b'ssp245',3.3409643026158484,288.64019042197987,297.79286320301713,277.9595382437522,b'2019-05-21/2019-05-27',1558396800
2093,25,27,80.52063026940061,0.0092068537323637,b'HadGEM3-GC31-LL',7,0.0001638827818162,311.19522216122454,298.5537018484644,b'ssp245',3.706681426764476,289.5622772770786,298.81438827936165,279.4496511385586,b'2019-05-28/2019-06-03',1559001600
2093,25,27,78.18941178415926,0.0094817140048491,b'HadGEM3-GC31-LL',7,0.0006312634097049,313.8232979404898,316.0122004351657,b'ssp245',3.840282402437506,289.8173583285867,301.5535311704183,278.933488169296,b'2019-06-04/2019-06-10',1559606400
2093,25,27,83.59554382179701,0.0118418940886907,b'HadGEM3-GC31-LL',7,0.0001634373662777,343.3756881509133,279.9061707109001,b'ssp245',3.5737829263603587,292.9273666610658,301.9991152094214,281.772683176283,b'2019-06-11/2019-06-17',1560211200
2093,25,27,91.84708462167934,0.0129026567173831,b'HadGEM3-GC31-LL',7,0.0007250913346993,358.52337432596374,241.10984449499503,b'ssp245',3.710311688432189,293.2250275862528,302.9475819793195,282.25954114376515,b'2019-06-18/2019-06-24',1560816000
2093,25,27,86.75888461178462,0.0156993213390464,b'HadGEM3-GC31-LL',7,0.0001109218092567,378.7711616184924,286.4524186902848,b'ssp245',3.671338301788848,297.5901417696862,308.5073655945161,287.1355023968944,b'2019-06-25/2019-07-01',1561420800
2093,25,27,76.0509844788248,0.0117923233373606,b'HadGEM3-GC31-LL',7,0.0003439514504189,346.56205756496803,281.0239761701793,b'ssp245',4.777250416822667,294.0036815736645,306.2555133629899,284.3084289550781,b'2019-07-02/2019-07-08',1562025600
2093,25,27,90.44434933139289,0.0155036892344985,b'HadGEM3-GC31-LL',7,0.0003719342492869,373.779586115162,281.94562935531843,b'ssp245',3.5411756473822016,296.3796099102018,307.3761514737462,282.1038038222171,b'2019-07-09/2019-07-15',1562630400
2093,25,27,81.17666502172024,0.0153316361008574,b'HadGEM3-GC31-LL',7,0.0003671030428561,372.500362101783,280.65134345749374,b'ssp245',4.753935845150379,298.4516959848984,306.2275701027549,287.74776936736555,b'2019-07-16/2019-07-22',1563235200
2093,25,27,80.49048108354552,0.0148035205225882,b'HadGEM3-GC31-LL',7,0.000270197314394,368.5104198428713,270.7244074905022,b'ssp245',4.216306141726878,297.9489547958314,306.00904303282005,286.2121311925393,b'2019-07-23/2019-07-29',1563840000
2093,25,27,84.61375519497336,0.0131612814660018,b'HadGEM3-GC31-LL',7,0.0003016091857258,363.6582827067508,239.64928290676488,b'ssp245',3.45817164043413,294.3507563228954,304.6282488069482,284.1466681380298,b'2019-07-30/2019-08-05',1564444800
2093,25,27,90.48948486015,0.0170447573474451,b'HadGEM3-GC31-LL',7,0.0004465446176536,382.38774537626176,234.43930707297744,b'ssp245',2.9271386038438485,298.88316651594954,306.4394206684598,290.01209185689856,b'2019-08-06/2019-08-12',1565049600
2093,25,27,76.438629589969,0.0128411818327324,b'HadGEM3-GC31-LL',7,0.0002400224846016,354.63845228573047,257.0243419848941,b'ssp245',3.471953240500348,295.5839529421354,305.87788721579875,284.0254178884939,b'2019-08-13/2019-08-19',1565654400
2093,25,27,86.6123576843936,0.0144193655391529,b'HadGEM3-GC31-LL',7,6.839642976991951e-05,365.60555692099166,234.28766094469705,b'ssp245',2.2169985303939,295.9842188882564,303.8701855401307,286.3146764934392,b'2019-08-20/2019-08-26',1566259200
2093,25,27,76.69137514109863,0.0133732158399605,b'HadGEM3-GC31-LL',7,0.0003027586532444,360.5580283341864,224.20582067283385,b'ssp245',4.256103423437738,295.92782265919817,307.2128024949553,284.5624568538771,b'2019-08-27/2019-09-02',1566864000
2093,25,27,73.67894209972403,0.0102506778583712,b'HadGEM3-GC31-LL',7,2.966021338516784e-06,334.89274047755214,236.32328859011585,b'ssp245',2.717696223140422,291.672147102627,301.981912501214,280.57932423965707,b'2019-09-03/2019-09-09',1567468800
2093,25,27,80.62628035270612,0.0128181057137561,b'HadGEM3-GC31-LL',7,0.0002389405214067,357.7721125698316,212.70723879843504,b'ssp245',4.153035758354576,295.29460138503083,305.4013285094203,284.8761228951301,b'2019-09-10/2019-09-16',1568073600
2093,25,27,82.29157819017804,0.0098224095955723,b'HadGEM3-GC31-LL',7,0.0004535443850493,345.1266082041077,169.1485482743526,b'ssp245',4.540444995685178,290.5683239991776,299.2886436841764,281.61790972124805,b'2019-09-17/2019-09-23',1568678400
2093,25,27,75.79987699332536,0.0082913273508088,b'HadGEM3-GC31-LL',7,0.0005752216689949,320.282642955223,193.75165953301217,b'ssp245',3.469366478665946,288.5955713960065,296.83359464360865,278.92738544611643,b'2019-09-24/2019-09-30',1569283200
2093,25,27,78.01887485109735,0.0072579668685955,b'HadGEM3-GC31-LL',7,0.0002207631019803,315.85778088166944,165.8287207250437,b'ssp245',4.508859260390854,286.68408196621647,296.9836561677206,276.7852131374633,b'2019-10-01/2019-10-07',1569888000
2093,25,27,78.93427858119323,0.007726295768256,b'HadGEM3-GC31-LL',7,0.000294560198871,313.7055830596466,160.87395779881405,b'ssp245',4.427722803701448,287.20193567193206,296.6749639690252,277.32952137309536,b'2019-10-08/2019-10-14',1570492800
2093,25,27,74.81576634431883,0.0064475823749126,b'HadGEM3-GC31-LL',7,3.883257665753909e-05,291.1346689418441,170.60721734339737,b'ssp245',4.176688309306692,284.80831996854494,295.88296866232525,272.95633627538524,b'2019-10-15/2019-10-21',1571097600
2093,25,27,85.92048950556611,0.0094620678023285,b'HadGEM3-GC31-LL',7,1.5224818594479116e-05,327.77376033599296,148.562133100189,b'ssp245',2.798531147665929,289.501482111352,298.2363808984915,278.0906024237364,b'2019-10-22/2019-10-28',1571702400
2093,25,27,79.21093865765674,0.0079938158242218,b'HadGEM3-GC31-LL',7,0.000455791870158,317.9363561713047,123.17657546936856,b'ssp245',5.60532755763303,286.737653421283,297.59521681643326,273.88192121811335,b'2019-10-29/2019-11-04',1572307200
2093,25,27,72.25123868067621,0.0050820410330819,b'HadGEM3-GC31-LL',7,0.0001159082090146,283.8780039449329,120.24153771825728,b'ssp245',6.680518994109312,281.9291099831356,291.0579299673849,272.0837962788113,b'2019-11-05/2019-11-11',1572912000
2093,25,27,81.4229193707762,0.0056309578845448,b'HadGEM3-GC31-LL',7,0.0004890466769934,297.8136670504768,98.5851359333499,b'ssp245',5.026899474497,282.9654056034223,288.3272442559511,272.5690573339304,b'2019-11-12/2019-11-18',1573516800
2093,25,27,75.67713300528824,0.0046458968465622,b'HadGEM3-GC31-LL',7,0.0005347709616219,288.44874691018555,92.70078652433834,b'ssp245',7.624824937197197,279.5564923365472,290.5146755155278,270.5967190568619,b'2019-11-19/2019-11-25',1574121600
2093,25,27,69.59385973471963,0.0028838337854068,b'HadGEM3-GC31-LL',7,4.633101505797801e-06,259.78156101073256,89.42198279304775,b'ssp245',6.25324438636286,274.7711055379264,279.44091033092525,271.17691786961007,b'2019-11-26/2019-12-02',1574726400
2093,25,27,73.77119628617213,0.0036578667543893,b'HadGEM3-GC31-LL',7,0.0003526066207697,269.3229852039605,82.10578979004437,b'ssp245',5.876007756381498,276.09302775466546,289.1273131987008,268.5809661528024,b'2019-12-03/2019-12-09',1575331200
2093,25,27,78.87524671065309,0.003979867204565,b'HadGEM3-GC31-LL',7,0.0001256491389209,266.0894092671214,81.11734110915765,b'ssp245',4.431769782591732,277.51948360933875,283.0876369581697,270.9451750191536,b'2019-12-10/2019-12-16',1575936000
2093,25,27,77.50444373151122,0.0037808590382171,b'HadGEM3-GC31-LL',7,0.000276328822649,279.609621454132,70.84965809895095,b'ssp245',5.864637285024045,277.7468499669148,283.4142680974296,270.39266222537555,b'2019-12-17/2019-12-23',1576540800
2093,25,27,74.38428180577158,0.003684311092687,b'HadGEM3-GC31-LL',7,7.75499056205328e-09,269.4900011624138,80.10333558092366,b'ssp245',5.80751300394394,277.3622333264671,283.8447256351703,271.2352822994,b'2019-12-24/2019-12-30',1577145600
2093,25,27,67.45668679337476,0.0025587897985731,b'HadGEM3-GC31-LL',1,0.0,233.48812754931367,93.96772315093826,b'ssp245',6.146131071596514,275.4779924255708,278.87638349164257,272.07959459842243,b'2019-12-31/2020-01-06',1577750400

