geometry_id,STATEFP,COUNTYFP,hurs,huss,model,n_observations,pr,rlds,rsds,scenario,sfcWind,tas,tasmax,tasmin,week,week_start
1065,25,17,66.89241974143302,0.0024661848005371,b'ACCESS-CM2',6,1.5125738292122098e-05,255.2563491058093,81.61905812560892,b'ssp245',8.584937356950132,273.107987915121,278.7538316924526,267.9764941504594,b'2024-12-31/2025-01-06',1735603200
1065,25,17,72.64561662549097,0.0024338353719124,b'ACCESS-CM2',7,0.0002973925667177,245.13331594125532,91.15337293183369,b'ssp245',7.070205839876303,270.0732009793302,283.63084035145425,254.3548896382342,b'2025-01-07/2025-01-13',1736208000
1065,25,17,77.88577780670751,0.0037279262572152,b'ACCESS-CM2',7,0.0006162244937686,281.87612727789065,81.79706455110525,b'ssp245',6.660200066333914,275.93585192346,286.4207011642532,267.1301043645853,b'2025-01-14/2025-01-20',1736812800
1065,25,17,71.24561514516233,0.0039489579931921,b'ACCESS-CM2',7,0.0004362838522678,279.44447472420995,94.8513246063465,b'ssp245',6.2577413869168215,276.7044160063876,287.08807535930214,263.82929640786284,b'2025-01-21/2025-01-27',1737417600
1065,25,17,70.96586609325757,0.0030646116208731,b'ACCESS-CM2',7,0.0004862110053163,257.1678647768616,110.8599080522186,b'ssp245',7.740118786098802,272.8022925484319,287.25060568019103,260.7056451434455,b'2025-01-28/2025-02-03',1738022400
1065,25,17,66.40187741793963,0.0021578959726831,b'ACCESS-CM2',7,5.261065363320931e-05,236.10578594885527,128.18179613908336,b'ssp245',8.212296797549735,271.2079349803746,281.7264206992895,265.18253491604315,b'2025-02-04/2025-02-10',1738627200
1065,25,17,71.6099425826102,0.0027417615733996,b'ACCESS-CM2',7,0.000416977219734,240.9259643225408,135.37488602007264,b'ssp245',7.403134255456574,272.81453326272884,281.6278862929176,263.8991915577007,b'2025-02-11/2025-02-17',1739232000
1065,25,17,73.31769300759086,0.0030017009536464,b'ACCESS-CM2',7,5.1669546631856495e-05,259.73839956433665,139.36571267799854,b'ssp245',7.735003736649909,274.5145113959687,280.2605193139083,265.0226650026749,b'2025-02-18/2025-02-24',1739836800
1065,25,17,74.49026792578654,0.0031568421337095,b'ACCESS-CM2',7,0.000422863965955,258.23257916938513,139.2150688056139,b'ssp245',6.337032328542402,274.03431217620016,283.7560868584977,261.6594647948235,b'2025-02-25/2025-03-03',1740441600
1065,25,17,77.70931753126465,0.0036161872188164,b'ACCESS-CM2',7,0.0003664880035088,265.25801925209163,157.19733049735422,b'ssp245',7.391377385649435,275.6426658493171,285.2848848494637,264.1434701725556,b'2025-03-04/2025-03-10',1741046400
1065,25,17,76.63380466812961,0.003721386658383,b'ACCESS-CM2',7,0.0005026031028912,267.41267766885284,157.2806819827415,b'ssp245',7.343699281738054,276.07628408011345,286.7184040111838,263.72547007519427,b'2025-03-11/2025-03-17',1741651200
1065,25,17,80.65448002656778,0.0040657329500011,b'ACCESS-CM2',7,0.0001644570166168,281.9190517266934,153.94060573103167,b'ssp245',6.292767911622069,277.75273916666805,281.55105071437566,271.6432506795616,b'2025-03-18/2025-03-24',1742256000
1065,25,17,78.53344793406139,0.0046911298428582,b'ACCESS-CM2',7,0.0003428268153896,277.02313436135813,184.60100220323653,b'ssp245',5.369305196005292,280.16270457972826,289.394839068794,272.55377848799014,b'2025-03-25/2025-03-31',1742860800
1065,25,17,77.4277960840806,0.004844243900692,b'ACCESS-CM2',7,0.0002259761240743,271.3144273248924,211.2796167080873,b'ssp245',7.593298725422604,280.5226413955656,288.6370776465532,272.0939863652501,b'2025-04-01/2025-04-07',1743465600
1065,25,17,81.39300102461088,0.0056070481745761,b'ACCESS-CM2',7,8.258632482719577e-05,286.398792216905,211.33672212576835,b'ssp245',5.184644188920022,282.43495648213553,288.8760967581173,273.3298649629437,b'2025-04-08/2025-04-14',1744070400
1065,25,17,86.7061961622242,0.0076086149155587,b'ACCESS-CM2',7,0.0003198224483231,308.9621491677091,209.37190014440333,b'ssp245',5.027905570056143,286.26446733404754,295.37816949481333,276.4609923578821,b'2025-04-15/2025-04-21',1744675200
1065,25,17,86.15334351240105,0.0073243790498283,b'ACCESS-CM2',7,0.0001669367951128,306.1499601124585,219.79847461325608,b'ssp245',4.410720390306927,285.2173973394116,295.9702484653315,275.674094085847,b'2025-04-22/2025-04-28',1745280000
1065,25,17,92.4603853858198,0.0099638619269505,b'ACCESS-CM2',7,0.0002135660627009,343.94434834912323,197.2962383083123,b'ssp245',4.6207242383491804,289.26853027255936,295.3464404026426,280.48793022101984,b'2025-04-29/2025-05-05',1745884800
1065,25,17,68.05908455572236,0.0051879643185184,b'ACCESS-CM2',7,1.639109966243424e-05,284.92214748496167,263.5238989713534,b'ssp245',6.160496963938094,283.2540420885652,292.7917035766478,275.61375567079904,b'2025-05-06/2025-05-12',1746489600
1065,25,17,80.47668151240815,0.0085673145709338,b'ACCESS-CM2',7,6.160642522106586e-05,310.2947800874607,286.8936751443453,b'ssp245',3.259260485745423,288.4480961281144,299.3183462214013,278.1786333374146,b'2025-05-13/2025-05-19',1747094400
1065,25,17,85.06383839073393,0.0102073277558885,b'ACCESS-CM2',7,0.0003216707355657,323.69902753987736,276.23446919355194,b'ssp245',3.597209966194714,290.5276955560786,297.2626302820918,280.2233375326504,b'2025-05-20/2025-05-26',1747699200
1065,25,17,79.96561335186496,0.0105753152240257,b'ACCESS-CM2',7,0.0001743384915216,317.26873778857833,328.4068783960519,b'ssp245',3.919723481655876,291.5615404019543,301.89609821853554,279.3566494391403,b'2025-05-27/2025-06-02',1748304000
1065,25,17,83.737399403508,0.0110645686170945,b'ACCESS-CM2',7,0.0005903319004041,341.32599542096705,272.319343647019,b'ssp245',4.293725590245566,291.662841875902,300.8093972566264,282.49146826245624,b'2025-06-03/2025-06-09',1748908800
1065,25,17,80.53028550338031,0.0133095379932747,b'ACCESS-CM2',7,0.0001378061008927,349.52900141514453,326.2403509573291,b'ssp245',3.438163279595263,295.472519507015,305.775215632966,284.6224543791403,b'2025-06-10/2025-06-16',1749513600
1065,25,17,82.65558465225818,0.0135746050408716,b'ACCESS-CM2',7,0.0002740023385564,350.2636416120643,306.23328252690004,b'ssp245',3.983281058264265,295.1699111844083,303.272117960489,286.2431694407237,b'2025-06-17/2025-06-23',1750118400
1065,25,17,84.48836177298531,0.0156410332663843,b'ACCESS-CM2',7,0.0001727124419167,369.8242372203569,304.2920806164742,b'ssp245',3.5885561278802407,297.3882092687316,308.3936108668885,287.9993985301898,b'2025-06-24/2025-06-30',1750723200
1065,25,17,76.21837947331234,0.0145971360630453,b'ACCESS-CM2',7,3.69131174399492e-05,361.5927284053033,302.76899206002065,b'ssp245',3.762473107361824,297.55121095471026,308.2532653193939,287.85247102028654,b'2025-07-01/2025-07-07',1751328000
1065,25,17,72.31261942839728,0.0124754558967587,b'ACCESS-CM2',7,0.0002692006327715,344.9423508065807,313.89612685483297,b'ssp245',4.631358671455893,295.1459691279947,304.3497850431536,284.3209166435556,b'2025-07-08/2025-07-14',1751932800
1065,25,17,85.55430848120682,0.0174252887128756,b'ACCESS-CM2',7,0.0003925550556394,384.2579192566436,276.15602375020086,b'ssp245',4.231454077907096,299.19304929076634,308.90725956942737,288.9392337242042,b'2025-07-15/2025-07-21',1752537600
1065,25,17,75.75941060515825,0.0140333938431259,b'ACCESS-CM2',7,0.0002075524393714,356.73621208707885,310.3311295655455,b'ssp245',3.1832291046126664,296.43193656340753,304.6446191762749,286.6264417020216,b'2025-07-22/2025-07-28',1753142400
1065,25,17,80.12927709169789,0.0148197988376724,b'ACCESS-CM2',7,0.0004744840122539,361.4230827646553,282.74155162272905,b'ssp245',3.294939275748986,296.672136135812,306.8167534988572,284.8999955560505,b'2025-07-29/2025-08-04',1753747200
1065,25,17,79.45498059146131,0.0151922436171924,b'ACCESS-CM2',7,0.0003066409609586,372.5977224526414,240.98400265349704,b'ssp245',4.005765254369589,297.64498038656194,307.6428263223423,288.1496460944384,b'2025-08-05/2025-08-11',1754352000
1065,25,17,78.67123159431344,0.0119764716011395,b'ACCESS-CM2',7,3.983182127974386e-05,349.53549386195834,256.29751552888564,b'ssp245',3.819223214869636,294.2195244203144,301.0890125839372,285.3972097898178,b'2025-08-12/2025-08-18',1754956800
1065,25,17,82.89726932894975,0.0130099059886337,b'ACCESS-CM2',7,0.0002138802832757,358.08240869593703,221.59037097617545,b'ssp245',3.676598155623698,294.745090191012,302.3881055634068,284.5526001960009,b'2025-08-19/2025-08-25',1755561600
1065,25,17,80.98073077596291,0.0119212562555411,b'ACCESS-CM2',7,0.0001507355382753,351.51782580866706,226.21860797537985,b'ssp245',2.976440462066602,293.99113598042743,299.8210402812362,284.20400841166486,b'2025-08-26/2025-09-01',1756166400
1065,25,17,73.10722841645055,0.0112071955739865,b'ACCESS-CM2',7,0.0001001743037527,348.7909499053011,219.1773821869577,b'ssp245',5.490455734079784,293.61664148516456,304.18650810187904,282.2901368539738,b'2025-09-02/2025-09-08',1756771200
1065,25,17,86.02421123541407,0.0112277867135564,b'ACCESS-CM2',7,0.0011048815559252,362.38760769794254,154.75048931408847,b'ssp245',4.170175105697765,291.6546249290864,300.75645792520294,279.52265350864246,b'2025-09-09/2025-09-15',1757376000
1065,25,17,76.92012412694525,0.0104408655766493,b'ACCESS-CM2',7,0.0003384992059389,347.0546754308269,196.06245998162495,b'ssp245',4.214018267807283,292.32504621057643,302.2107359856397,282.9773512856598,b'2025-09-16/2025-09-22',1757980800
1065,25,17,83.8866584930398,0.0098999436305485,b'ACCESS-CM2',7,0.0004163062455537,345.3449382010921,161.4805697486514,b'ssp245',3.327884918630526,290.60041239868394,297.2176852346306,280.6222533257706,b'2025-09-23/2025-09-29',1758585600
1065,25,17,82.73509143757452,0.0099235893074551,b'ACCESS-CM2',7,0.0001682686094048,338.9239256091468,172.82748939932344,b'ssp245',3.864921761800738,290.53884038594515,298.2718012599426,281.04913520620903,b'2025-09-30/2025-10-06',1759190400
1065,25,17,81.91927032075567,0.0081334073032736,b'ACCESS-CM2',7,0.0003099485017611,335.5640067895048,129.31857692963817,b'ssp245',4.309151787137731,288.5690962311656,295.05570158713533,278.10198455226623,b'2025-10-07/2025-10-13',1759795200
1065,25,17,76.11223035386236,0.0063006739365773,b'ACCESS-CM2',7,0.000535103825185,309.7234245369441,134.66705355083764,b'ssp245',4.973612382384174,284.4741985401718,293.8779903538637,274.3256661990378,b'2025-10-14/2025-10-20',1760400000
1065,25,17,78.92064509133162,0.0058949004003646,b'ACCESS-CM2',7,0.0004709024331304,302.37345342920105,124.94947867187008,b'ssp245',6.225825472883725,283.2740348955312,292.8523946187768,272.02064724679195,b'2025-10-21/2025-10-27',1761004800
1065,25,17,83.871338611746,0.0076074976536482,b'ACCESS-CM2',7,7.317382328721745e-05,315.270337680624,126.9137784705164,b'ssp245',4.719198473407765,286.1886185344355,295.4131501995905,275.5989157992668,b'2025-10-28/2025-11-03',1761609600
1065,25,17,83.61901417966712,0.0062778671799325,b'ACCESS-CM2',7,0.0003792337373383,312.4572424319918,98.6517407709944,b'ssp245',5.393446143866099,283.2759213832415,292.72115504945754,274.7726224993411,b'2025-11-04/2025-11-10',1762214400
1065,25,17,82.00565796930177,0.006280923792547,b'ACCESS-CM2',7,0.0004585097311955,308.1162720121697,99.58144291677571,b'ssp245',6.378751426545035,283.10177851580755,291.6166635688098,272.8792283595028,b'2025-11-11/2025-11-17',1762819200
1065,25,17,69.24390080396672,0.0033764342141408,b'ACCESS-CM2',7,1.3130379779385963e-05,268.973757306306,94.1640787729684,b'ssp245',7.222509828544729,276.2962737277572,286.14248005693173,270.706745773884,b'2025-11-18/2025-11-24',1763424000
1065,25,17,73.40176134983457,0.0039195917965649,b'ACCESS-CM2',7,0.0002093805164996,277.6686643540919,88.36483434271835,b'ssp245',6.020879279073408,277.6324499857681,287.86729060823217,271.3433874462546,b'2025-11-25/2025-12-01',1764028800
1065,25,17,76.82126469036568,0.0026767542779671,b'ACCESS-CM2',7,0.0001991310708415,256.5801524169289,77.56341141739297,b'ssp245',8.433877629181442,271.1770143867002,281.8008009189325,260.71453264280626,b'2025-12-02/2025-12-08',1764633600
1065,25,17,80.6572951568046,0.0021271972865838,b'ACCESS-CM2',7,8.298160509941393e-05,241.7396288045686,83.26268481837812,b'ssp245',5.965818715188129,268.2590628777488,275.63393329109425,260.6387513805132,b'2025-12-09/2025-12-15',1765238400
1065,25,17,77.67732822965364,0.0036881436121067,b'ACCESS-CM2',7,0.0005883810045547,274.13353879289514,73.67813329870899,b'ssp245',7.110065870500437,274.636732623622,286.3360783172638,262.4287297766494,b'2025-12-16/2025-12-22',1765843200
1065,25,17,73.9152813514794,0.0027839988305779,b'ACCESS-CM2',7,0.0005702896176743,249.19004773483087,82.80555821192245,b'ssp245',6.965201872507457,272.1075412583958,284.13345770245223,263.4988720789176,b'2025-12-23/2025-12-29',1766448000
1065,25,17,72.627006698694,0.003386974825634,b'ACCESS-CM2',7,0.0001604941901573,275.8537657760644,75.40734829749671,b'ssp245',5.528621000414219,276.62701084102383,281.6391843121577,271.5559851270908,b'2025-12-30/2026-01-05',1767052800
1065,25,17,72.35710947867898,0.0025114012738783,b'ACCESS-CM2',7,0.0003694803416727,259.8996281684894,78.26651049490336,b'ssp245',8.589463554274484,271.899170387256,284.1403058715697,258.8022526398166,b'2026-01-06/2026-01-12',1767657600
1065,25,17,70.23037801332875,0.0031998626423677,b'ACCESS-CM2',7,0.0002998057989838,267.14944998025373,89.3071834430851,b'ssp245',5.75546833968406,275.1623366170265,281.8969980414661,265.8526477026195,b'2026-01-13/2026-01-19',1768262400
1065,25,17,69.64765592116002,0.0024541385667001,b'ACCESS-CM2',7,5.166396510108218e-05,244.70148141043524,104.98546941913882,b'ssp245',6.603228540836246,271.8180841065331,278.38213997617106,261.2061639422736,b'2026-01-20/2026-01-26',1768867200
1065,25,17,74.15729445653791,0.0025706314232751,b'ACCESS-CM2',7,0.0003230784915779,253.49973149272864,107.5542064952672,b'ssp245',7.861561613037608,272.05397652077374,277.44094427594723,264.6679057479505,b'2026-01-27/2026-02-02',1769472000
1065,25,17,76.74120745811852,0.0027657319447476,b'ACCESS-CM2',7,0.0001848294369078,264.0193843015611,110.25521794059706,b'ssp245',5.360355642335463,272.60711461378503,280.2723619474505,264.449953784155,b'2026-02-03/2026-02-09',1770076800
1065,25,17,78.65027359375385,0.0031715864750908,b'ACCESS-CM2',7,0.0002651548478065,268.495196554716,119.11735847702542,b'ssp245',6.084668231343145,273.3418280116226,283.29458154100183,262.28637974980126,b'2026-02-10/2026-02-16',1770681600
1065,25,17,72.8763291467747,0.0028887386398525,b'ACCESS-CM2',7,0.0004046857895125,252.4625692486917,134.46152831763433,b'ssp245',7.422166749155447,272.07915023432724,287.823300303049,256.7965778147225,b'2026-02-17/2026-02-23',1771286400
1065,25,17,71.42649267814328,0.001734600634006,b'ACCESS-CM2',7,0.000136507051045,221.89826980698385,165.30446417200326,b'ssp245',5.874136505804719,267.93322027297245,278.4271028178696,257.4553133531399,b'2026-02-24/2026-03-02',1771891200
1065,25,17,78.65838924831083,0.0044406047508582,b'ACCESS-CM2',7,0.0007941739987043,282.2438037550169,147.57749502450642,b'ssp245',6.867314654929125,277.6988462432479,289.34842444474594,266.8004624596295,b'2026-03-03/2026-03-09',1772496000
1065,25,17,72.06729672634589,0.0028436084837578,b'ACCESS-CM2',7,0.0001167479956238,243.7030524466641,181.9470105698736,b'ssp245',7.703943758143947,272.1727651816411,285.8273348006357,254.2581618847803,b'2026-03-10/2026-03-16',1773100800
1065,25,17,77.60203924935047,0.0035112412660011,b'ACCESS-CM2',7,0.0004796863487947,258.6827558446936,177.21910510106386,b'ssp245',5.605073271715595,275.37052439147834,284.1054337454466,267.7039376649731,b'2026-03-17/2026-03-23',1773705600
1065,25,17,80.50469420916946,0.0046517871106676,b'ACCESS-CM2',7,0.0002078607840665,263.6276542104897,207.85714360460616,b'ssp245',5.140204973794319,278.4752256887076,290.71849104621015,266.8589463709344,b'2026-03-24/2026-03-30',1774310400
1065,25,17,80.23496038672599,0.0052093476620923,b'ACCESS-CM2',7,6.775641174582987e-05,276.7918695157045,216.0537832361933,b'ssp245',4.631374176826911,281.25283492978326,291.4303510498784,269.51002679154465,b'2026-03-31/2026-04-06',1774915200
1065,25,17,80.67637411300578,0.0060456744073299,b'ACCESS-CM2',7,0.0008646218472944,287.5251051422984,190.1052789074828,b'ssp245',6.512719975051529,282.3803713791251,292.8593282862851,269.05766350168955,b'2026-04-07/2026-04-13',1775520000
1065,25,17,77.8057912904193,0.0060887317039332,b'ACCESS-CM2',7,4.563336792379567e-05,285.3704589088603,238.2195276757861,b'ssp245',5.257220310506983,283.9377748557705,294.1177280575847,273.800163399657,b'2026-04-14/2026-04-20',1776124800
1065,25,17,74.88864941707429,0.0051261846314021,b'ACCESS-CM2',7,4.502448626653781e-06,263.8473243696914,267.0546607427881,b'ssp245',4.063527910336541,281.80637591980354,291.6717020363246,273.74757193174486,b'2026-04-21/2026-04-27',1776729600
1065,25,17,84.23494381850408,0.0071331674754678,b'ACCESS-CM2',7,0.0003866061379131,302.0913263923777,235.3628022170996,b'ssp245',4.164511665373873,285.4873272321358,291.1233441524756,277.5377006415514,b'2026-04-28/2026-05-04',1777334400
1065,25,17,75.89580521839434,0.0063529508331729,b'ACCESS-CM2',7,0.0003101316314377,295.23676282158004,263.48988476191954,b'ssp245',6.168686723695386,284.6685400710245,294.0291883270786,276.06665186579494,b'2026-05-05/2026-05-11',1777939200
1065,25,17,83.8460071570855,0.0097539568706593,b'ACCESS-CM2',7,9.929750789049163e-05,311.2695762778062,300.4709630973595,b'ssp245',4.221191651768658,289.57617169060376,297.9907519752525,280.8438807369359,b'2026-05-12/2026-05-18',1778544000
1065,25,17,80.76936020163078,0.0090558488535465,b'ACCESS-CM2',7,0.0002021641470911,309.21369664731805,291.9517987234406,b'ssp245',4.11980437193135,289.1380511401729,297.8791419391305,278.42812415792383,b'2026-05-19/2026-05-25',1779148800
1065,25,17,88.09208641002853,0.0099047325066353,b'ACCESS-CM2',7,0.0005408990714527,331.5019676966935,251.51128688960972,b'ssp245',4.362313542121126,289.1081713008428,298.42077326318406,281.11635074058444,b'2026-05-26/2026-06-01',1779753600
1065,25,17,88.68203241981853,0.0117724131987863,b'ACCESS-CM2',7,0.0005145296049997,339.5357375767158,277.24669119602066,b'ssp245',3.712120390576332,291.5084729502654,299.29388762720885,282.39619625587113,b'2026-06-02/2026-06-08',1780358400
1065,25,17,82.77942339606703,0.0131370149396864,b'ACCESS-CM2',7,0.0003224252270037,350.13551806264803,302.4116751284346,b'ssp245',4.47831069145455,294.88215354685644,303.37843468734263,286.0396751565155,b'2026-06-09/2026-06-15',1780963200
1065,25,17,77.2738119747429,0.0125245915549236,b'ACCESS-CM2',7,0.0002306594534988,343.7271900706592,316.1662625974244,b'ssp245',4.385179913450429,294.55331387092457,303.3013402779417,284.70494250156366,b'2026-06-16/2026-06-22',1781568000
1065,25,17,83.63551582684363,0.0125620943396198,b'ACCESS-CM2',7,0.000380885132411,349.53416124348536,285.3229754561401,b'ssp245',3.504941431125656,293.9249438100745,301.3027126162433,284.5773013327177,b'2026-06-23/2026-06-29',1782172800
1065,25,17,82.67943933668315,0.0163606522069422,b'ACCESS-CM2',7,0.0002735377447456,373.6111808758196,308.870597601177,b'ssp245',4.1780775843927485,298.50168331378376,306.699483450806,286.5990742878371,b'2026-06-30/2026-07-06',1782777600
1065,25,17,73.07780139721686,0.0121443776625224,b'ACCESS-CM2',7,7.09854001036261e-05,347.6177764220849,307.6828298556377,b'ssp245',4.651965959246014,294.9589529749541,305.6095019260802,283.5432036400801,b'2026-07-07/2026-07-13',1783382400
1065,25,17,91.51434229254087,0.0164437100221312,b'ACCESS-CM2',7,0.0005750719650051,378.4610494065672,254.8719958581267,b'ssp245',4.918982170619754,297.3561101196447,303.6177463128128,284.4921374364201,b'2026-07-14/2026-07-20',1783987200
1065,25,17,83.43658087692951,0.0158724307655106,b'ACCESS-CM2',7,0.000407414655269,374.2194183485712,265.91303510999285,b'ssp245',4.86067739830928,297.68251088745654,305.24111038008243,285.4475140374713,b'2026-07-21/2026-07-27',1784592000
1065,25,17,83.19654183352769,0.0151953884812963,b'ACCESS-CM2',7,0.0002455926025489,367.7931546784874,266.26899911098184,b'ssp245',3.974367666117597,297.02675053850726,303.3389753973616,286.20492123453033,b'2026-07-28/2026-08-03',1785196800
1065,25,17,79.877202749218,0.0148757045639461,b'ACCESS-CM2',7,0.0002654356010743,366.37815765394026,261.41624442561374,b'ssp245',3.430114470596983,296.8837941114448,305.9640799192984,287.2174070421663,b'2026-08-04/2026-08-10',1785801600
1065,25,17,75.13132462428123,0.0132179942817822,b'ACCESS-CM2',7,1.1093530355201186e-06,355.09792791834974,265.46994646379983,b'ssp245',3.318839813458664,295.787665500896,306.1190857978505,286.7256005355359,b'2026-08-11/2026-08-17',1786406400
1065,25,17,77.64999784893003,0.0146886144395327,b'ACCESS-CM2',7,0.0001787556990499,368.9761585449078,238.6177595234864,b'ssp245',4.242892234141218,297.5182305759808,306.78485574559016,288.7500602361058,b'2026-08-18/2026-08-24',1787011200
1065,25,17,85.90993635199288,0.0150883849600358,b'ACCESS-CM2',7,0.0001796321885747,372.6817609347674,225.7352601436724,b'ssp245',3.2437780636915146,296.68720028585983,304.85386803695195,286.1134035047087,b'2026-08-25/2026-08-31',1787616000
1065,25,17,77.740898862226,0.0133080811562278,b'ACCESS-CM2',7,0.0002492058789288,363.1819568469942,225.2835442360966,b'ssp245',4.151653797673486,296.2459526210187,304.861907159934,283.67249076051894,b'2026-09-01/2026-09-07',1788220800
1065,25,17,73.79800485834048,0.0103422984360405,b'ACCESS-CM2',7,6.801613315636586e-05,339.0454284026972,216.0949783643498,b'ssp245',3.5027699046230305,292.7155983521087,301.09591610266006,283.30106629585805,b'2026-09-08/2026-09-14',1788825600
1065,25,17,77.3612997137099,0.0102840423469561,b'ACCESS-CM2',7,0.0002587025297071,338.4475564178743,194.6252926533007,b'ssp245',4.787150953883079,292.10315300539884,301.6312342218281,281.868067746196,b'2026-09-15/2026-09-21',1789430400
1065,25,17,80.69324784051803,0.0097631948134255,b'ACCESS-CM2',7,0.0006097469198054,339.3591079196044,176.8638651033834,b'ssp245',5.321999018508878,290.8676065316802,297.88979278902514,281.722215174188,b'2026-09-22/2026-09-28',1790035200
1065,25,17,73.8835219974707,0.0067711066368362,b'ACCESS-CM2',7,9.903565712531696e-05,302.90506449899567,171.29924982054732,b'ssp245',5.599226205679275,286.3229406513493,295.70215015853154,277.8206592878666,b'2026-09-29/2026-10-05',1790640000
1065,25,17,74.98952362407385,0.0073420270922905,b'ACCESS-CM2',7,0.00021934009639,317.7793511006664,156.1593906499725,b'ssp245',6.026691561276201,286.4725323225539,297.4910797395735,275.2989611976216,b'2026-10-06/2026-10-12',1791244800
1065,25,17,77.76138644492157,0.0071218681205243,b'ACCESS-CM2',7,0.0002927964166226,307.40185953863846,145.49560698014062,b'ssp245',5.107338154441143,286.30307664954904,296.1523533078718,278.9567660267379,b'2026-10-13/2026-10-19',1791849600
1065,25,17,73.0736592950932,0.0049432659549299,b'ACCESS-CM2',7,1.3940748090170369e-05,298.8082611694248,124.21158590304422,b'ssp245',5.275717032451352,281.9617678099374,287.5479474178134,275.28361392909545,b'2026-10-20/2026-10-26',1792454400
1065,25,17,73.87413162211688,0.0048354377793843,b'ACCESS-CM2',7,0.000158521543255,285.9344365879059,119.70980453875369,b'ssp245',5.7984307488337326,280.6009167267974,289.6074143454868,271.68879052783547,b'2026-10-27/2026-11-02',1793059200
1065,25,17,79.43307701959282,0.0049092852062804,b'ACCESS-CM2',7,0.0005529894824081,287.8296923746464,113.78566283367464,b'ssp245',6.218975184958816,279.62808527841514,290.81956016333083,269.7137858072917,b'2026-11-03/2026-11-09',1793664000
1065,25,17,79.56431074366091,0.0054315893943717,b'ACCESS-CM2',7,0.0003894331371736,299.14656047796353,100.89398041561752,b'ssp245',5.070152306999169,281.50059079238963,291.29728552750106,273.6017556857966,b'2026-11-10/2026-11-16',1794268800
1065,25,17,81.0509355281895,0.0045483650272804,b'ACCESS-CM2',7,0.0005427247725553,288.1394054910602,88.5027720298103,b'ssp245',7.721187964255407,278.0867944288521,288.29746961641644,267.61481201540664,b'2026-11-17/2026-11-23',1794873600
1065,25,17,78.13270645020864,0.0041687747030748,b'ACCESS-CM2',7,0.0004844244172937,283.19295413791485,86.85164171465007,b'ssp245',5.751304588357658,277.4137024048712,288.9238202881597,268.57717330026,b'2026-11-24/2026-11-30',1795478400
1065,25,17,78.5758854966595,0.0046530907940552,b'ACCESS-CM2',7,0.000850011404625,283.02891856196146,77.04075121066668,b'ssp245',6.434632814319814,278.1839962869973,288.799114338701,267.62660154283105,b'2026-12-01/2026-12-07',1796083200
1065,25,17,67.09228315533124,0.0027752166486215,b'ACCESS-CM2',7,5.071680275118452e-05,257.3935480031362,77.94037771300434,b'ssp245',7.771645302910407,274.413001462069,287.0881092574781,268.35996362353853,b'2026-12-08/2026-12-14',1796688000
1065,25,17,68.53076595821717,0.0023181414419871,b'ACCESS-CM2',7,1.000553675140221e-05,242.5086308329624,84.46892615109617,b'ssp245',6.733578446579912,271.52167180939006,278.5073434881573,257.2918034118468,b'2026-12-15/2026-12-21',1797292800
1065,25,17,73.40946620413766,0.0021856122760424,b'ACCESS-CM2',7,7.130721475171699e-05,236.19813731652744,83.69627155199133,b'ssp245',5.986531845804016,269.5270045004273,284.16616600013566,259.2318814096134,b'2026-12-22/2026-12-28',1797897600
1065,25,17,75.66843780574654,0.0039189908121714,b'ACCESS-CM2',7,0.0002188543792368,278.8931950116531,81.86615667177126,b'ssp245',6.131948034637455,277.2127252962071,285.32318588518064,271.1615532973981,b'2026-12-29/2027-01-04',1798502400
1065,25,17,66.3709213740876,0.0027466865815878,b'ACCESS-CM2',7,2.7541108633225736e-06,243.62841340055255,98.14428874589164,b'ssp245',7.080089019127259,274.4774987324075,279.75264095371705,269.306786144368,b'2027-01-05/2027-01-11',1799107200
1065,25,17,74.32381243946533,0.0029698956147553,b'ACCESS-CM2',7,0.0002740985272636,271.63952594132,81.11229615752738,b'ssp245',5.741420858490467,274.34274215160417,279.7875424910407,268.9259187788642,b'2027-01-12/2027-01-18',1799712000
1065,25,17,74.85685313387648,0.0020034476130514,b'ACCESS-CM2',7,0.0003027421042992,247.11035905469487,93.74276224168456,b'ssp245',8.40193754442303,268.07942730285265,278.76942611340905,254.8200366124886,b'2027-01-19/2027-01-25',1800316800
1065,25,17,77.83885998946096,0.0023622516375996,b'ACCESS-CM2',7,0.0002210582096942,248.71716126392695,98.8234555339525,b'ssp245',7.020617359886065,269.2564591413401,282.3538980320741,255.2586848632566,b'2027-01-26/2027-02-01',1800921600
1065,25,17,73.70982168321385,0.0024542450093103,b'ACCESS-CM2',7,0.0002759195710889,239.73910027883872,123.83512892467206,b'ssp245',6.670848381397553,270.6583548260325,282.8731727254355,256.8032931109809,b'2027-02-02/2027-02-08',1801526400
1065,25,17,72.78550212905657,0.0027986991331366,b'ACCESS-CM2',7,0.0002350683415915,247.21231715707637,132.507464300624,b'ssp245',7.905220834664552,272.3634247805228,284.3521556719793,261.5985372952464,b'2027-02-09/2027-02-15',1802131200
1065,25,17,67.83569577463649,0.0021876852421012,b'ACCESS-CM2',7,4.726114195008805e-05,225.96670593252932,154.1409462281327,b'ssp245',6.867229343403879,270.7266686068663,277.78198909087246,258.7029711981674,b'2027-02-16/2027-02-22',1802736000
1065,25,17,77.13892505158967,0.002816596994472,b'ACCESS-CM2',7,0.0008932578367524,250.7191824728491,142.5722073755441,b'ssp245',8.788225892052823,272.11036258237067,281.62265617009496,263.04146890169665,b'2027-02-23/2027-03-01',1803340800
1065,25,17,74.72029168814004,0.002838940714609,b'ACCESS-CM2',7,0.0001835041529739,248.273798312957,172.50017799505858,b'ssp245',5.416562785417669,272.8706909144564,284.1090331600991,263.63698037753534,b'2027-03-02/2027-03-08',1803945600
1065,25,17,73.53066757513865,0.0032712691386488,b'ACCESS-CM2',7,0.0005057030031471,257.511435170531,173.21969547307398,b'ssp245',8.328987876728547,275.25658793333463,285.84976528202293,266.79515762559595,b'2027-03-09/2027-03-15',1804550400
1065,25,17,78.90821866312741,0.0042013954002422,b'ACCESS-CM2',7,0.0003755732137747,266.20252184867167,191.75477811385016,b'ssp245',5.887843759741445,277.7879971550996,286.434090943735,270.2582414671253,b'2027-03-16/2027-03-22',1805155200
1065,25,17,70.03322239879772,0.0032978032133725,b'ACCESS-CM2',7,0.0002372126666748,241.6468273585965,224.2563858504193,b'ssp245',5.846162082788465,275.4948442634996,285.41852866919027,265.69709751709223,b'2027-03-23/2027-03-29',1805760000
1065,25,17,71.43216911286282,0.0032960966702334,b'ACCESS-CM2',7,0.0001127059964294,245.64203938064497,224.354089823923,b'ssp245',6.282727257877164,274.7970205237583,284.0461488168645,264.47564660386377,b'2027-03-30/2027-04-05',1806364800
1065,25,17,70.25722348297299,0.0039022040808361,b'ACCESS-CM2',7,0.0002049019221332,253.42732075227624,227.11797464145988,b'ssp245',5.520350436652551,278.6068476914433,286.08056692870605,267.87193736280915,b'2027-04-06/2027-04-12',1806969600
1065,25,17,86.86627800943799,0.0060357139206009,b'ACCESS-CM2',7,0.0005973402897314,295.8154905426504,199.3593523752396,b'ssp245',4.1456602841825765,282.0220062163661,288.89440865723145,274.4934847582982,b'2027-04-13/2027-04-19',1807574400
1065,25,17,83.07555267680824,0.0068526657591899,b'ACCESS-CM2',7,0.0002412685405316,285.44264918165294,240.24404244717203,b'ssp245',3.642522081816356,284.30074728157786,293.05796099429404,273.78397675943523,b'2027-04-20/2027-04-26',1808179200
1065,25,17,84.51159004800833,0.007818739984783,b'ACCESS-CM2',7,0.0001989370669262,304.8671661671109,239.405952751062,b'ssp245',4.029195324017357,286.4414765752145,300.1956553540801,275.7214595183865,b'2027-04-27/2027-05-03',1808784000
1065,25,17,82.14889934234114,0.009572431291978,b'ACCESS-CM2',7,0.0001092798741008,317.8193682748933,285.23865798908486,b'ssp245',5.626772440658029,289.88845009900496,301.33845152763683,278.8006262956909,b'2027-05-04/2027-05-10',1809388800
1065,25,17,77.26646630730735,0.0082286100826836,b'ACCESS-CM2',7,0.0001259136551382,297.14016261544606,305.4197030186121,b'ssp245',5.685472116318045,288.0471836485771,301.08331504737254,274.8869122431237,b'2027-05-11/2027-05-17',1809993600
1065,25,17,81.10493417760996,0.009183595416626,b'ACCESS-CM2',7,0.0003859479140274,308.3335395893113,303.972613518366,b'ssp245',3.878524632612384,289.4672521493226,298.1534246500405,278.63472401291466,b'2027-05-18/2027-05-24',1810598400
1065,25,17,85.90278990878214,0.0114727455134102,b'ACCESS-CM2',7,3.688227216036745e-05,329.6554954944798,318.68803532424374,b'ssp245',3.1616308519847443,292.10809610229893,301.973276097969,279.49882819261194,b'2027-05-25/2027-05-31',1811203200
1065,25,17,76.38553367596087,0.0102376809244278,b'ACCESS-CM2',7,9.231295925929826e-05,317.6781020479362,334.77632738425393,b'ssp245',4.465916578383124,292.05512761431726,301.51667848646576,280.0578941199234,b'2027-06-01/2027-06-07',1811808000
1065,25,17,78.22184536752381,0.0121707770796719,b'ACCESS-CM2',7,0.0002184574566264,346.4676602445494,293.9568859742984,b'ssp245',4.981773926978178,294.1930615531165,305.4497523312602,283.30872043021856,b'2027-06-08/2027-06-14',1812412800
1065,25,17,76.98066351633588,0.0124303957485192,b'ACCESS-CM2',7,0.0001380495176807,343.56049869050565,319.1241475317807,b'ssp245',4.271687901632303,294.7889601074008,304.8571815759633,285.18621097806715,b'2027-06-15/2027-06-21',1813017600
1065,25,17,80.69315251863665,0.0132755387177573,b'ACCESS-CM2',7,0.0003211106316605,359.4977642921488,281.76760750985835,b'ssp245',4.064557042092389,295.4888405984399,304.2503576057795,288.11987169463583,b'2027-06-22/2027-06-28',1813622400
1065,25,17,78.80637492428339,0.0139517032027773,b'ACCESS-CM2',7,0.0001980909266072,352.2092738858814,314.6293742520537,b'ssp245',3.938342979221511,295.92215603304464,303.9005552601118,285.3575912736813,b'2027-06-29/2027-07-05',1814227200
1065,25,17,76.43178151690039,0.0152144705511735,b'ACCESS-CM2',7,7.071144333068978e-05,364.6177327289562,318.5133267554803,b'ssp245',3.880257505115853,297.9295800979695,308.71176322637365,287.70056007900024,b'2027-07-06/2027-07-12',1814832000
1065,25,17,82.22806510766141,0.0154681278671626,b'ACCESS-CM2',7,0.0003182467756801,364.6016736558112,294.89534630553874,b'ssp245',3.3802173264231405,297.3176810470798,306.8746943324954,284.7845437778807,b'2027-07-13/2027-07-19',1815436800
1065,25,17,92.5410988623419,0.0168654120036424,b'ACCESS-CM2',7,0.0004008948298937,381.9569786838997,254.6197438290129,b'ssp245',3.5963396602458286,297.829575697924,305.93597473574783,291.3105638087216,b'2027-07-20/2027-07-26',1816041600
1065,25,17,85.1860513875097,0.0158734156968134,b'ACCESS-CM2',7,7.026973613955582e-05,368.94436404036543,280.79568113750423,b'ssp245',2.07834386997061,297.2718855948812,305.23215293308044,287.4958666967601,b'2027-07-27/2027-08-02',1816646400
1065,25,17,84.40012556967022,0.0170557060201374,b'ACCESS-CM2',7,0.0003907830093956,382.94255974508496,253.23656814963743,b'ssp245',3.840666777966537,298.977139014852,308.25387007760366,289.7062097340072,b'2027-08-03/2027-08-09',1817251200
1065,25,17,81.24415521535268,0.0130318460448473,b'ACCESS-CM2',7,0.0002354019417448,361.425285566558,239.4808376017551,b'ssp245',4.25608423083416,295.0928850323497,306.02776094649846,286.91288795740104,b'2027-08-10/2027-08-16',1817856000
1065,25,17,83.65730481785057,0.0151273262742094,b'ACCESS-CM2',7,9.106590176747152e-05,370.2089171274465,239.0344946516485,b'ssp245',3.0229987015468303,297.3235324052337,307.20104786852687,290.4906939826342,b'2027-08-17/2027-08-23',1818460800
1065,25,17,84.36504199813207,0.0150402743659281,b'ACCESS-CM2',7,0.0003113896452788,378.1641597865794,209.3386088747066,b'ssp245',3.2491760614741154,297.28927924900216,306.1269502668582,288.2451875346665,b'2027-08-24/2027-08-30',1819065600
1065,25,17,87.67539517805054,0.0146569731110555,b'ACCESS-CM2',7,9.552146453297004e-05,371.7049305421502,210.9212858562005,b'ssp245',2.6952049157856486,296.35992469836987,304.17411605973257,288.7523908509469,b'2027-08-31/2027-09-06',1819670400
1065,25,17,81.0947275207019,0.0133316183096694,b'ACCESS-CM2',7,0.0003728066029569,361.1652051771721,208.919336504738,b'ssp245',3.8733638123871854,295.55253055129623,305.7788845957346,285.0907579558373,b'2027-09-07/2027-09-13',1820275200
1065,25,17,78.55084797070705,0.0112997703181871,b'ACCESS-CM2',7,7.624599645677198e-05,355.00090745781296,192.20863344480344,b'ssp245',4.5306285913857325,293.63607208554885,303.2363138650239,283.2830870782981,b'2027-09-14/2027-09-20',1820880000
1065,25,17,78.5330815145805,0.0104940127658532,b'ACCESS-CM2',7,0.0002350577552475,345.1691842329552,179.5476403870937,b'ssp245',5.507185478242005,291.89209871672153,302.90465263681705,280.12359450110733,b'2027-09-21/2027-09-27',1821484800
1065,25,17,84.60905319343384,0.0108551171033745,b'ACCESS-CM2',7,1.3259890841383813e-05,335.1913411581264,192.16142360317917,b'ssp245',2.87799428094464,291.39393013142075,301.55334890621066,277.418960310061,b'2027-09-28/2027-10-04',1822089600
1065,25,17,87.35834618640999,0.0101969585112997,b'ACCESS-CM2',7,0.0007525677326383,343.60721460045227,135.49192859779723,b'ssp245',4.052046209766682,290.40808108102976,297.2626542536033,279.9230089754256,b'2027-10-05/2027-10-11',1822694400
1065,25,17,83.00700424187748,0.0085621077808241,b'ACCESS-CM2',7,0.0002468331269761,330.6480147672238,146.20702707254702,b'ssp245',3.3950225604453403,289.30280661003275,295.8737277581252,281.24665508289473,b'2027-10-12/2027-10-18',1823299200
1065,25,17,85.28922255045045,0.0083932932345682,b'ACCESS-CM2',7,9.92137768337199e-05,342.8029117422333,121.33291274745623,b'ssp245',5.111583281654091,289.23995727135144,295.0573653636983,283.69242006054094,b'2027-10-19/2027-10-25',1823904000
1065,25,17,80.06042395185487,0.00739743669917,b'ACCESS-CM2',7,0.000938346511367,319.66258377384713,102.56779077327126,b'ssp245',6.158202079573461,286.7970608275085,293.2007293854835,277.5179190121869,b'2027-10-26/2027-11-01',1824508800
1065,25,17,71.59101516883881,0.0041994632918072,b'ACCESS-CM2',7,1.9888769305137108e-05,278.2676059754182,114.8561138591566,b'ssp245',6.008894527478108,278.7137232355,288.9243875217341,271.41632780783846,b'2027-11-02/2027-11-08',1825113600
1065,25,17,78.5421418755402,0.0052935848364742,b'ACCESS-CM2',7,0.0002355722332463,291.0003355616477,108.51047726497944,b'ssp245',4.447198217900566,281.3434862694694,290.58633432071366,272.0717862255024,b'2027-11-09/2027-11-15',1825718400
1065,25,17,76.4696854547603,0.0053766654477628,b'ACCESS-CM2',7,0.0004665117922666,298.8816722133934,83.8393895699813,b'ssp245',6.7677093174042176,280.1273231424028,291.9768966567241,269.9193271971181,b'2027-11-16/2027-11-22',1826323200
1065,25,17,76.73653673203002,0.0058678820194123,b'ACCESS-CM2',7,0.0002122855132012,302.772778950772,82.58483973922806,b'ssp245',6.2920342481251215,281.7166479223496,292.2885823014519,266.7249314230374,b'2027-11-23/2027-11-29',1826928000
1065,25,17,75.07333671142858,0.0045927059935833,b'ACCESS-CM2',7,0.0001053617527691,280.96402611730423,83.84229938823736,b'ssp245',6.418406105919581,278.7709696372796,291.3319926189871,269.95887601147484,b'2027-11-30/2027-12-06',1827532800
1065,25,17,72.76651148274036,0.0033358140555687,b'ACCESS-CM2',7,6.441303510809745e-05,267.2998548476683,74.59165454250396,b'ssp245',7.138432767130182,275.5292789358798,282.0768395123285,268.75375191034504,b'2027-12-07/2027-12-13',1828137600
1065,25,17,72.8104072080175,0.0038462459151124,b'ACCESS-CM2',7,0.0004807438686713,267.8555246769413,75.57897240720092,b'ssp245',6.51852025568631,275.82234414706653,288.89696171540623,264.7799719496436,b'2027-12-14/2027-12-20',1828742400
1065,25,17,77.0673999745217,0.0027810981114275,b'ACCESS-CM2',7,0.0005680217203003,254.5170919862587,77.02813144135588,b'ssp245',7.690710609618784,271.1873888397985,285.057788092084,260.2805105096023,b'2027-12-21/2027-12-27',1829347200
1065,25,17,77.1522188709376,0.0027497044955536,b'ACCESS-CM2',7,0.0002551779021103,264.4838198816977,75.41153284148884,b'ssp245',7.258140225150468,271.83762889648574,279.8601793364095,258.1428564711279,b'2027-12-28/2028-01-03',1829952000
1065,25,17,76.85504291322039,0.0018898339914898,b'ACCESS-CM2',7,0.0003016936156018,232.88925577887284,90.92074563996842,b'ssp245',6.956684128704078,267.92809549308885,276.2846291533409,261.22558390914133,b'2028-01-04/2028-01-10',1830556800
1065,25,17,79.11549717586617,0.0014668804484488,b'ACCESS-CM2',7,2.9142583517430145e-05,225.2659577320435,96.5347824513766,b'ssp245',6.924514130197347,265.0510886956112,277.5475428831901,257.36393797721746,b'2028-01-11/2028-01-17',1831161600
1065,25,17,85.27258268841186,0.0023209532157116,b'ACCESS-CM2',7,0.0009733781972019,258.1077102377953,77.67051382206135,b'ssp245',10.776839949007323,267.8279073860916,279.65140176179546,257.0480982385733,b'2028-01-18/2028-01-24',1831766400
1065,25,17,78.84331764678889,0.0020407286582719,b'ACCESS-CM2',7,0.0004854006413866,239.0957370780557,105.94287996452636,b'ssp245',7.678139322045174,267.55082518459994,281.2864938910754,256.724579518175,b'2028-01-25/2028-01-31',1832371200
1065,25,17,79.80664443366048,0.0018379571343418,b'ACCESS-CM2',7,0.0001096973111734,224.922418308162,134.52512267860058,b'ssp245',10.23473134848252,265.94860939505526,279.9000700213997,257.26255535575194,b'2028-02-01/2028-02-07',1832976000
1065,25,17,77.73960571003686,0.0038797582998504,b'ACCESS-CM2',7,0.0004577756486409,284.5424955936322,109.7457820056514,b'ssp245',6.202951738052685,276.491141867936,285.8735047308699,269.2652447134826,b'2028-02-08/2028-02-14',1833580800
1065,25,17,82.81843164899747,0.0044589434305081,b'ACCESS-CM2',7,0.0004648819427091,288.2829176905926,118.60803633157408,b'ssp245',6.289685308598834,277.03471928359005,286.77493071003863,262.80842410545694,b'2028-02-15/2028-02-21',1834185600
1065,25,17,75.0816734367747,0.0025032059956888,b'ACCESS-CM2',7,0.0006128770717826,238.2184347416956,156.29573506791715,b'ssp245',6.609987636038492,271.0687647920909,280.73309605839506,262.7142481808696,b'2028-02-22/2028-02-28',1834790400
1065,25,17,76.23234747660415,0.0028536330732079,b'ACCESS-CM2',7,5.954553834167204e-05,245.55767769580984,170.6856822009876,b'ssp245',7.388243708708631,271.8153370283881,280.78490949709493,255.3799297720764,b'2028-02-29/2028-03-06',1835395200
1065,25,17,79.2971353784703,0.0034281295759584,b'ACCESS-CM2',7,0.0003475307738719,257.1655519738195,166.90781341781033,b'ssp245',6.945318632512757,274.72582418183566,282.6421154748277,265.1196697807504,b'2028-03-07/2028-03-13',1836000000
1065,25,17,71.64538430707984,0.0031868353889319,b'ACCESS-CM2',7,0.0003993827949848,243.750073020912,192.63280573660924,b'ssp245',6.291963141627525,274.52367598580685,288.020190866092,264.79673332222035,b'2028-03-14/2028-03-20',1836604800
1065,25,17,77.57348152229793,0.0046023310941511,b'ACCESS-CM2',7,0.0007701677844096,272.0887607008652,199.3042301995139,b'ssp245',7.3943335484847825,277.8122544281089,293.3957293645853,264.5811669540789,b'2028-03-21/2028-03-27',1837209600
1065,25,17,79.09052569724521,0.0051684535555074,b'ACCESS-CM2',7,0.0001957399907832,275.95732024940133,206.05475010910985,b'ssp245',6.174583520465335,280.54465969427594,292.08360230598555,270.98778030687464,b'2028-03-28/2028-04-03',1837814400
1065,25,17,84.14160411441227,0.0056689998248253,b'ACCESS-CM2',7,0.0001264879359976,284.13998160858216,214.3473115256151,b'ssp245',4.733107921700222,282.01970867430833,288.9270162745664,272.9935234200438,b'2028-04-04/2028-04-10',1838419200
1065,25,17,90.79583856579622,0.0069468090575444,b'ACCESS-CM2',7,0.0002339941782228,314.0710408080826,197.44334275738623,b'ssp245',4.552010083023617,284.8366646841436,289.92649228191084,279.06617326534763,b'2028-04-11/2028-04-17',1839024000
1065,25,17,81.07095399696593,0.0063401243641785,b'ACCESS-CM2',7,0.0001086027107978,288.0896169382314,237.21264623412293,b'ssp245',3.89267416076512,284.2743240024971,290.88960716347435,276.81871427630125,b'2028-04-18/2028-04-24',1839628800
1065,25,17,80.60997871110257,0.0071010631356382,b'ACCESS-CM2',7,4.426651289438532e-05,282.92730949751984,278.0698811488947,b'ssp245',3.969029112044658,285.2132218226033,298.13283730129467,275.223639420032,b'2028-04-25/2028-05-01',1840233600
1065,25,17,86.07985851456321,0.0085351980815049,b'ACCESS-CM2',7,0.0002866155988046,318.12492242186653,221.26676418461943,b'ssp245',4.99354163723324,287.7926084573038,298.6300283626007,279.75199498294694,b'2028-05-02/2028-05-08',1840838400
1065,25,17,96.48667297890128,0.01171779117266,b'ACCESS-CM2',7,0.0003662179111188,356.54623215957565,220.46835833799065,b'ssp245',3.0474884852010247,291.5020242799976,297.9939907415876,285.07740582392177,b'2028-05-09/2028-05-15',1841443200
1065,25,17,79.83842079053935,0.0089840012598621,b'ACCESS-CM2',7,1.9041129201550144e-05,311.625774301774,295.9767751110627,b'ssp245',3.968260842233299,289.6290590881426,297.85882208786694,278.0653169599305,b'2028-05-16/2028-05-22',1842048000
1065,25,17,82.65289797815139,0.010159882687157,b'ACCESS-CM2',7,0.0006377473503082,323.9546113390834,280.2294312138091,b'ssp245',3.7909596339864975,290.6082939419055,299.75852018204574,279.1131388961008,b'2028-05-23/2028-05-29',1842652800
1065,25,17,96.48613118761786,0.0127964147609495,b'ACCESS-CM2',7,0.000685790023348,365.706586143813,192.7191781505134,b'ssp245',4.44520926098226,293.2503948099166,296.9007202947488,289.1229372514338,b'2028-05-30/2028-06-05',1843257600
1065,25,17,92.9536083541385,0.0129543322790587,b'ACCESS-CM2',7,0.0007224761553226,357.8658533800148,237.08097323704547,b'ssp245',3.6801314460272554,293.3159926009339,300.5001564909444,286.41740357551686,b'2028-06-06/2028-06-12',1843862400
1065,25,17,80.22610834193323,0.0137979398572522,b'ACCESS-CM2',7,0.0001275170134118,353.82672496713883,312.06431092037394,b'ssp245',3.994823845680318,296.3837558536148,304.4283789627982,286.2056818382977,b'2028-06-13/2028-06-19',1844467200
1065,25,17,85.6878097834921,0.0118466371225806,b'ACCESS-CM2',7,1.4623609905738873e-05,338.22691845060365,314.9353517179197,b'ssp245',3.3320093603549865,292.4717882837156,301.4350895723187,284.2418147737285,b'2028-06-20/2028-06-26',1845072000
1065,25,17,86.71331513039482,0.0135483093192089,b'ACCESS-CM2',7,0.0003434304685852,355.380997004843,286.2722717118321,b'ssp245',3.938112718186744,294.5789632697085,302.242859900898,288.1359972689687,b'2028-06-27/2028-07-03',1845676800
1065,25,17,82.88609936082642,0.0148970955665797,b'ACCESS-CM2',7,1.5068878721334344e-05,360.7352917961654,322.0034641819607,b'ssp245',2.387460918567829,296.6662777530394,305.56002211402665,286.4353431478848,b'2028-07-04/2028-07-10',1846281600
1065,25,17,70.85775065075629,0.012764883354931,b'ACCESS-CM2',7,4.649771808010446e-05,347.4145041377814,322.49008395157,b'ssp245',3.7433432113385128,296.0066681193578,306.23146879228824,283.89405049826325,b'2028-07-11/2028-07-17',1846886400
1065,25,17,79.19114851124971,0.0126412759642603,b'ACCESS-CM2',7,0.0002073355984523,346.4158861963993,282.66954376830967,b'ssp245',2.821393427583334,294.1259197728477,300.82321732474,286.2381598250743,b'2028-07-18/2028-07-24',1847491200
1065,25,17,80.95366832023556,0.0174533604148363,b'ACCESS-CM2',7,0.0001478235115578,384.4974868504405,278.5560313512774,b'ssp245',4.488643225517706,300.1714185622249,310.1986736132418,289.5599490316493,b'2028-07-25/2028-07-31',1848096000
1065,25,17,76.875580618766,0.0140238433808072,b'ACCESS-CM2',7,5.373027768015695e-05,359.5601546773634,273.2049121749673,b'ssp245',3.909186798828897,296.39596528201594,304.0556057625546,286.25679767527964,b'2028-08-01/2028-08-07',1848700800
1065,25,17,85.95214441041777,0.015068845740605,b'ACCESS-CM2',7,0.0003355237583235,369.72846897275065,234.59556570370023,b'ssp245',2.7929965490540942,296.76472631857007,303.726217740492,288.24188235495143,b'2028-08-08/2028-08-14',1849305600
1065,25,17,74.92940621450812,0.0136400072505382,b'ACCESS-CM2',7,0.0001191689282906,357.96183643168195,257.49407427089017,b'ssp245',3.4041079385488806,296.3160561737337,305.1278507966409,286.056182246674,b'2028-08-15/2028-08-21',1849910400
1065,25,17,78.32244756043067,0.0136530055507584,b'ACCESS-CM2',7,0.0003855652406522,369.2868950187585,221.29652168801863,b'ssp245',4.654200607367581,296.12424538911046,308.5781982667736,285.23160410839733,b'2028-08-22/2028-08-28',1850515200
1065,25,17,85.07376651711779,0.0135754360205735,b'ACCESS-CM2',7,0.0001284015272505,364.5091415578693,209.17077134897545,b'ssp245',3.2132047231789715,295.0690318505346,303.68167704325793,286.2293549044975,b'2028-08-29/2028-09-04',1851120000
1065,25,17,80.69786500279088,0.013954102018613,b'ACCESS-CM2',7,0.0001599672010767,366.4352002847008,215.2944272518364,b'ssp245',3.715283736807376,296.5584436163355,306.8765710559856,281.23851896748926,b'2028-09-05/2028-09-11',1851724800
1065,25,17,80.03112253939018,0.012539911610635,b'ACCESS-CM2',7,0.0004021080103794,360.5902391350573,182.4618898451268,b'ssp245',4.5292426858629495,294.5901859718644,304.4486708780309,281.74284333596887,b'2028-09-12/2028-09-18',1852329600
1065,25,17,77.41775324402602,0.0096267538426952,b'ACCESS-CM2',7,0.000303628840805,336.413586775256,179.95851752981318,b'ssp245',5.658352584637184,290.6466785047298,301.2145584890129,279.7441889675482,b'2028-09-19/2028-09-25',1852934400
1065,25,17,79.87475386284663,0.0085314483164887,b'ACCESS-CM2',7,0.0002020779299257,318.0635159135362,182.51742400925477,b'ssp245',4.477516930097471,288.8064579190564,298.268649006178,278.85160180713234,b'2028-09-26/2028-10-02',1853539200
1065,25,17,80.61232210196894,0.0081565903158464,b'ACCESS-CM2',7,0.0002269744393569,322.70299742414244,161.7613453607802,b'ssp245',4.248714553556962,287.63203717965627,295.9427979499071,275.4133235320584,b'2028-10-03/2028-10-09',1854144000
1065,25,17,84.6491272571944,0.0096835520222579,b'ACCESS-CM2',7,7.308200752293603e-05,341.1088999645467,148.4417994058384,b'ssp245',4.708642825790831,290.5324439042044,297.3400979709529,276.7595349760334,b'2028-10-10/2028-10-16',1854748800
1065,25,17,82.35487119202442,0.0081518294922514,b'ACCESS-CM2',7,0.0003152897261623,316.875961872266,145.35288367492998,b'ssp245',3.794607672309244,287.68538826788915,296.9059289968746,278.1233040770255,b'2028-10-17/2028-10-23',1855353600
1065,25,17,70.78100131148314,0.0052013295612732,b'ACCESS-CM2',7,1.6068539715281753e-05,287.3352217484233,134.1057908090134,b'ssp245',6.324435134805924,282.8460436872982,291.5836574097294,274.44921017557465,b'2028-10-24/2028-10-30',1855958400
1065,25,17,82.38079566061025,0.0079446485984377,b'ACCESS-CM2',7,0.0001456067903559,320.3038234257934,124.61668867084587,b'ssp245',4.824115655522023,286.5785453092827,296.3987017398153,276.8424419852542,b'2028-10-31/2028-11-06',1856563200
1065,25,17,87.2649240231723,0.0084096181187379,b'ACCESS-CM2',7,0.0004602539780856,337.57532053511017,95.26116203030412,b'ssp245',5.508621096490974,286.0841068843511,295.40319191124973,270.55610418559803,b'2028-11-07/2028-11-13',1857168000
1065,25,17,85.28387000334037,0.0066743871880958,b'ACCESS-CM2',7,0.0005950199565621,325.2020616966294,76.40400309776028,b'ssp245',5.771896670283455,282.8448620278824,292.0514244548264,270.1886425498509,b'2028-11-14/2028-11-20',1857772800
1065,25,17,71.41973576211633,0.0036795418293998,b'ACCESS-CM2',7,8.481270661270037e-06,262.5188856260705,99.1611319783265,b'ssp245',6.152089243431841,277.20483774254603,287.88559313387066,270.13500352688544,b'2028-11-21/2028-11-27',1858377600
1065,25,17,82.0608168409773,0.0049173360791095,b'ACCESS-CM2',7,0.0007035333217835,288.94202060339995,81.66564918301837,b'ssp245',4.644472294343562,279.3169231653522,288.760708627384,271.512195383554,b'2028-11-28/2028-12-04',1858982400
1065,25,17,82.02455845792898,0.0042069934257547,b'ACCESS-CM2',7,0.0004046362825209,291.78395623876764,70.55771443730995,b'ssp245',7.3856281823965135,278.24466869193446,284.7110834803586,273.66803817518525,b'2028-12-05/2028-12-11',1859587200
1065,25,17,79.5972596784407,0.0027104480337069,b'ACCESS-CM2',7,0.000314098468723,259.12571344662354,75.61854164179512,b'ssp245',7.487288248725904,271.60679980110496,279.3187069926497,259.2183053284613,b'2028-12-12/2028-12-18',1860192000
1065,25,17,79.88148034910317,0.0034209182301709,b'ACCESS-CM2',7,0.0006838800326957,275.90353766079,71.45937676745994,b'ssp245',7.20277565902059,274.3965199503036,283.03337697992384,264.8776268781371,b'2028-12-19/2028-12-25',1860796800
1065,25,17,73.44054108368475,0.0026782763101232,b'ACCESS-CM2',7,0.0005191482269155,255.9690648017041,81.2258248831999,b'ssp245',7.619991869398919,271.99742069609334,281.9050437105146,265.1766654914479,b'2028-12-26/2029-01-01',1861401600
1065,25,17,80.2786776581491,0.0025101532643305,b'ACCESS-CM2',7,0.0002276624623119,253.1380034452067,82.4682364795143,b'ssp245',7.01043305241312,270.8008397255608,279.3254602591676,263.2444631954934,b'2029-01-02/2029-01-08',1862006400
1065,25,17,76.52141639534955,0.0031193202483088,b'ACCESS-CM2',7,0.0004264210016354,271.7782286522011,78.7597026136209,b'ssp245',5.818022645509357,273.57998000863745,283.9042457665081,263.71147234130115,b'2029-01-09/2029-01-15',1862611200
1065,25,17,78.66647357197051,0.0023969956336041,b'ACCESS-CM2',7,0.0002795730679717,252.305805086112,90.88699343235024,b'ssp245',7.63106705967153,268.5967663712955,283.26714660705994,248.645224856466,b'2029-01-16/2029-01-22',1863216000
1065,25,17,77.73985037311789,0.0038245613046966,b'ACCESS-CM2',7,0.000100126631819,277.9021661720281,100.0724105395922,b'ssp245',6.63350798658048,276.1652184141881,285.7948437524586,254.45910552333123,b'2029-01-23/2029-01-29',1863820800
1065,25,17,67.81409181867326,0.0027989061806085,b'ACCESS-CM2',7,3.261926771961467e-06,243.8212487346027,130.49463343822669,b'ssp245',6.883576474075197,273.14121132297595,285.2159210543137,254.24420078427403,b'2029-01-30/2029-02-05',1864425600
1065,25,17,74.08279063214228,0.0023890948138024,b'ACCESS-CM2',7,0.0002377014811776,240.86298706555183,134.62490154118728,b'ssp245',5.937917442600292,270.18492263225386,284.2336856346476,257.223656153991,b'2029-02-06/2029-02-12',1865030400
1065,25,17,75.81193992275588,0.0030308327899015,b'ACCESS-CM2',7,0.0002957797541531,256.98733403504,125.5424939637012,b'ssp245',7.788829922453137,272.39703319968294,283.7365157789094,260.3001056221676,b'2029-02-13/2029-02-19',1865635200
1065,25,17,75.59816368650728,0.0023363843198662,b'ACCESS-CM2',7,0.0002793773802335,239.096501630976,141.04421452772118,b'ssp245',8.63387421048334,270.3949827178573,277.5271024675167,260.20557734709365,b'2029-02-20/2029-02-26',1866240000
1065,25,17,74.92797923619722,0.0027416614119244,b'ACCESS-CM2',7,0.0003114427308563,251.8864221420584,144.37756536223358,b'ssp245',8.351797227155663,271.39345339249746,287.8568519984127,257.81742866569897,b'2029-02-27/2029-03-05',1866844800
1065,25,17,76.19898987474963,0.0032541575310057,b'ACCESS-CM2',7,0.0002327296446749,262.6622611594499,153.63159206907898,b'ssp245',5.398859762627517,274.1996396475945,280.2441892441426,263.1776330492647,b'2029-03-06/2029-03-12',1867449600
1065,25,17,83.9795064079626,0.0037840837632678,b'ACCESS-CM2',7,0.0004335101481789,271.53364110778443,156.0055218936556,b'ssp245',6.618696666007383,275.040595210348,283.6625648644515,261.3281572693424,b'2029-03-13/2029-03-19',1868054400
1065,25,17,82.57501967727424,0.0040113384344169,b'ACCESS-CM2',7,0.0002416302155642,268.4829550962485,185.61970824712367,b'ssp245',6.435144548604101,276.4146158731236,284.1401810353135,262.2177109886392,b'2029-03-20/2029-03-26',1868659200
1065,25,17,76.68233496685572,0.0037235087468256,b'ACCESS-CM2',7,0.0004698051458166,257.36986121039234,189.38647015752284,b'ssp245',6.810430253774824,275.9262458407232,285.9486287127568,259.01307446190714,b'2029-03-27/2029-04-02',1869264000
1065,25,17,87.34775212946047,0.0053543942452101,b'ACCESS-CM2',7,0.0006246149670939,292.96374043264484,180.5671540974988,b'ssp245',5.70410540868457,278.9391447003326,292.0251851768532,264.95873162921697,b'2029-04-03/2029-04-09',1869868800
1065,25,17,74.82743122230895,0.0042000254000819,b'ACCESS-CM2',7,0.0001753719400578,257.2846001680078,236.7240852023385,b'ssp245',6.144029905617349,277.72704635574013,288.16650255401083,264.37827862665614,b'2029-04-10/2029-04-16',1870473600
1065,25,17,78.15237633984064,0.0050373332411636,b'ACCESS-CM2',7,0.0001368783180623,277.12312588878984,227.95944616685165,b'ssp245',5.133642614702409,280.29727441543224,288.7406673988427,270.5576245326169,b'2029-04-17/2029-04-23',1871078400
1065,25,17,87.87458353559843,0.008138667363266,b'ACCESS-CM2',7,0.0012910874102468,312.36223709749635,214.81654442644617,b'ssp245',5.030331614171493,286.3614167361753,294.44468807285773,274.28912577864384,b'2029-04-24/2029-04-30',1871683200
1065,25,17,85.69904518923197,0.0095927226984876,b'ACCESS-CM2',7,0.0002747181276199,315.2564956561865,274.91751881658286,b'ssp245',5.5828448542415305,288.8338016558852,299.0003866789204,275.8454352279924,b'2029-05-01/2029-05-07',1872288000
1065,25,17,79.25740437404043,0.0083056685683969,b'ACCESS-CM2',7,2.605523859572356e-05,292.6852092849935,309.91838006996585,b'ssp245',3.6805409435024714,288.3207083065344,297.6946827253666,279.1745863008835,b'2029-05-08/2029-05-14',1872892800
1065,25,17,85.97584279927052,0.0107420118637634,b'ACCESS-CM2',7,0.0003622416465373,325.3811810805873,282.226197759842,b'ssp245',4.283858099252675,291.5928229742334,299.99124277658456,282.0059927549487,b'2029-05-15/2029-05-21',1873497600
1065,25,17,81.2310418864494,0.0095117601514834,b'ACCESS-CM2',7,0.000153974483032,319.06896028284064,275.47442203061286,b'ssp245',3.4060825872483,289.9491499789823,298.2786972491523,281.71117377305194,b'2029-05-22/2029-05-28',1874102400
1065,25,17,81.44392441008831,0.0118007153200142,b'ACCESS-CM2',7,0.0002461911365785,339.8117950136516,302.3262954665815,b'ssp245',5.457846918100591,293.62657638591514,302.1735553107593,282.7870966209266,b'2029-05-29/2029-06-04',1874707200
1065,25,17,78.36903751237737,0.0122284625785928,b'ACCESS-CM2',7,7.480865986908916e-05,339.3378269863444,325.11670219982256,b'ssp245',4.130239833209037,294.2329980869153,305.4770178972534,281.7912662809589,b'2029-06-05/2029-06-11',1875312000
1065,25,17,77.46059443737649,0.0122080660595151,b'ACCESS-CM2',7,0.0003162510065331,339.8944229523307,313.6105369619458,b'ssp245',4.001121118092362,294.5134372834661,306.85861073904044,281.7863274120011,b'2029-06-12/2029-06-18',1875916800
1065,25,17,82.33374490574647,0.0151359204832882,b'ACCESS-CM2',7,6.100479899337996e-05,366.5117925128874,316.54456096325924,b'ssp245',3.660879346967995,297.36447644936845,309.32536037786963,286.3845489286824,b'2029-06-19/2029-06-25',1876521600
1065,25,17,75.42695215790755,0.0135600109915703,b'ACCESS-CM2',7,4.8841692436303305e-05,360.6441795712425,290.3598864207832,b'ssp245',4.348194079439582,296.5451613486439,308.0471382563687,286.5244245730857,b'2029-06-26/2029-07-02',1877126400
1065,25,17,87.09166885242068,0.0176301848561636,b'ACCESS-CM2',7,0.0005353961733089,386.21081092515067,283.0385479159431,b'ssp245',3.9137084497477295,299.653924210194,308.06916076106967,287.5234118381896,b'2029-07-03/2029-07-09',1877731200
1065,25,17,78.43849631594746,0.0165340421184598,b'ACCESS-CM2',7,4.8301533525493455e-05,373.3490405213728,318.8656114521446,b'ssp245',3.905646333212887,299.34107446320667,311.6849392893811,289.6912050429667,b'2029-07-10/2029-07-16',1878336000
1065,25,17,85.873253307691,0.0197284409861811,b'ACCESS-CM2',7,0.0002678424465734,398.5305354601701,265.5390905172529,b'ssp245',5.541247968347171,302.63642898886656,310.97814575687033,294.6939194785864,b'2029-07-17/2029-07-23',1878940800
1065,25,17,75.69731280409574,0.0160320557319211,b'ACCESS-CM2',7,0.0001158746987889,370.985439387796,303.473971135701,b'ssp245',2.826437565152241,299.30150800827613,308.22371532981856,288.69634078564604,b'2029-07-24/2029-07-30',1879545600
1065,25,17,83.5237761261377,0.0165143501453788,b'ACCESS-CM2',7,0.0001912288972677,373.4362280435004,262.4001270613041,b'ssp245',3.484267850005186,298.45513479611185,306.65525552033176,289.22857899584204,b'2029-07-31/2029-08-06',1880150400
1065,25,17,83.21914580324162,0.017264736113407,b'ACCESS-CM2',7,0.0002123976656984,387.0235686540226,244.245041260152,b'ssp245',3.696174594399363,299.4956011222671,311.2354643822676,289.1868004621216,b'2029-08-07/2029-08-13',1880755200
1065,25,17,78.83394344342456,0.0155286974871324,b'ACCESS-CM2',7,0.0001165976099303,377.4117758724436,238.67608565965875,b'ssp245',3.272059056213855,298.9586627791724,311.35089547732554,291.2922234818534,b'2029-08-14/2029-08-20',1881360000
1065,25,17,79.47202842360073,0.0139670177360045,b'ACCESS-CM2',7,0.000348588287928,358.5076827816338,241.9644881176993,b'ssp245',3.63476486777834,296.45143082439944,305.59533795897454,286.11310536671743,b'2029-08-21/2029-08-27',1881964800
1065,25,17,84.9402509274165,0.0167741920380182,b'ACCESS-CM2',7,0.0001254968243286,381.7776670624688,222.40041298084915,b'ssp245',3.426673589207563,299.17075329131484,306.8341627168992,289.67618769005105,b'2029-08-28/2029-09-03',1882569600
1065,25,17,81.29422758363368,0.0143376059850017,b'ACCESS-CM2',7,0.0001001338575989,367.9221486132911,215.9211528362636,b'ssp245',3.784794618578853,297.21607247875187,305.95877038316064,286.33673301612265,b'2029-09-04/2029-09-10',1883174400
1065,25,17,81.23064645090268,0.0120419613736178,b'ACCESS-CM2',7,0.000129723935162,363.9988250622661,183.2513885980989,b'ssp245',4.335597414658954,293.7599226691331,303.3653764523048,283.73816929074803,b'2029-09-11/2029-09-17',1883779200
1065,25,17,77.68762588500977,0.0093243549340873,b'ACCESS-CM2',7,0.0002184309483425,324.8645246558148,197.01558673777967,b'ssp245',3.5818637039760524,290.20350350841073,299.0870213811131,278.7377299667005,b'2029-09-18/2029-09-24',1884384000
1065,25,17,77.49539658402799,0.009245582686949,b'ACCESS-CM2',7,8.081638666954498e-06,329.1902613600729,183.16346497056188,b'ssp245',3.2144436176312667,290.8071737672216,300.86952235595453,280.88782334495767,b'2029-09-25/2029-10-01',1884988800
1065,25,17,85.50997257685424,0.0114557989241927,b'ACCESS-CM2',7,3.666668426181216e-05,353.7925276258938,165.41014710262922,b'ssp245',3.520752920382075,292.34930034445915,301.6631000438125,281.84458018261614,b'2029-10-02/2029-10-08',1885593600
1065,25,17,70.41883757405616,0.0071026015474855,b'ACCESS-CM2',7,4.034261923928357e-05,306.34620799313103,167.6994086133715,b'ssp245',5.277544636123387,287.5563015642139,298.6804112245188,274.2566925079561,b'2029-10-09/2029-10-15',1886198400
1065,25,17,68.26991434087685,0.0061290325835955,b'ACCESS-CM2',7,2.4880037066619416e-05,296.67792998868055,158.77318790431949,b'ssp245',5.36465085168448,285.5026368926093,296.10701964532984,274.7201995388619,b'2029-10-16/2029-10-22',1886803200
1065,25,17,78.27576129327761,0.0069288708509896,b'ACCESS-CM2',7,0.0004394490889783,312.99138904231825,130.54458523331706,b'ssp245',5.693138063459872,285.2771157835597,294.74969325685066,274.8394866974092,b'2029-10-23/2029-10-29',1887408000
1065,25,17,77.916618796085,0.0072777521281489,b'ACCESS-CM2',7,0.0004479612808528,312.62515073514743,122.23663789861374,b'ssp245',6.24642605500982,285.71408823030043,295.8385192625232,276.4607886307669,b'2029-10-30/2029-11-05',1888012800
1065,25,17,83.68635371832036,0.0069961497010674,b'ACCESS-CM2',7,0.0001031281713431,310.56660890147043,113.92649899261696,b'ssp245',3.7681277680441614,284.76042790605663,292.564596124286,275.7970241765601,b'2029-11-06/2029-11-12',1888617600
1065,25,17,75.63419902693398,0.0038561705452523,b'ACCESS-CM2',7,0.0002458136525945,273.3252351706259,96.52294702410542,b'ssp245',5.514580673047097,275.3959665683993,292.03472679115134,266.1158762275872,b'2029-11-13/2029-11-19',1889222400
1065,25,17,78.99652360727625,0.0041714989381046,b'ACCESS-CM2',7,6.149452469720576e-05,284.4672063027092,83.95840663413249,b'ssp245',7.068135739195999,278.07681793357773,284.9065394713679,269.8328768911678,b'2029-11-20/2029-11-26',1889827200
1065,25,17,77.28950155184364,0.0033176905860626,b'ACCESS-CM2',7,0.0001769561000582,270.7487072550192,79.12461330406684,b'ssp245',6.598170383990779,274.56760066348926,282.4490312190214,268.03366168772226,b'2029-11-27/2029-12-03',1890432000
1065,25,17,78.41777135711524,0.0037391533122648,b'ACCESS-CM2',7,0.0002139404355596,275.504182370202,79.5945028212581,b'ssp245',4.773910150787261,275.8035861802708,283.86954054971704,270.2516314764877,b'2029-12-04/2029-12-10',1891036800
1065,25,17,82.14575495175913,0.0040096042337038,b'ACCESS-CM2',7,0.0006325624757162,287.445015966695,67.88480050058574,b'ssp245',6.166650634174843,276.2662044125072,284.9928381421414,268.3864761152776,b'2029-12-11/2029-12-17',1891641600
1065,25,17,75.89708032938681,0.0033310128555359,b'ACCESS-CM2',7,0.0004237535105111,276.9556533183456,71.08229348285988,b'ssp245',7.097791553829885,275.5434352505414,280.7570034922189,271.2557057421973,b'2029-12-18/2029-12-24',1892246400
1065,25,17,74.8937591082963,0.0026029488456332,b'ACCESS-CM2',7,9.581774361007616e-05,255.2985823248088,77.74642726847154,b'ssp245',5.995553980146683,271.75136630591027,280.4079833861444,265.5815016639917,b'2029-12-25/2029-12-31',1892851200
1222,25,15,66.26449589377523,0.0023502003022932,b'ACCESS-CM2',6,1.8004590823840958e-05,254.0561395253812,82.883412083311,b'ssp245',8.211327418885567,272.5498326167537,278.5399866057906,267.7887710793146,b'2024-12-31/2025-01-06',1735603200
1222,25,15,71.44641858348939,0.0021385105295659,b'ACCESS-CM2',7,0.0002665643725241,239.5054253605258,89.17096672788823,b'ssp245',6.247140617093286,268.6677213695675,280.7307300475187,253.24607706146983,b'2025-01-07/2025-01-13',1736208000
1222,25,15,79.67139715656462,0.0036924362537585,b'ACCESS-CM2',7,0.000638431050331,281.90474847951606,75.0043437877649,b'ssp245',6.020955427012652,275.5753456325254,287.116937591109,265.9661542310083,b'2025-01-14/2025-01-20',1736812800
1222,25,15,71.6841620941127,0.0039135143776077,b'ACCESS-CM2',7,0.0003877106231301,273.71631633759426,96.9564214205043,b'ssp245',6.084120109178661,276.07498139364463,287.49624268958564,262.6273596151965,b'2025-01-21/2025-01-27',1737417600
1222,25,15,68.28004993039909,0.0028095717926395,b'ACCESS-CM2',7,0.0004995304367951,254.29023730350428,110.03837816109429,b'ssp245',7.116502342008427,271.95826821555005,286.09783629878086,260.88274579518065,b'2025-01-28/2025-02-03',1738022400
1222,25,15,64.93634196337999,0.0020459260687402,b'ACCESS-CM2',7,4.08179201262791e-05,233.0063417858597,129.7930381611151,b'ssp245',7.439429385926743,270.7357977473816,281.79271045986786,264.2947896485953,b'2025-02-04/2025-02-10',1738627200
1222,25,15,72.34168022872393,0.0027266434665879,b'ACCESS-CM2',7,0.000506349098624,242.60772660002544,132.1911688170091,b'ssp245',6.452788111356343,272.3191579945941,281.34340375613704,262.76299782600466,b'2025-02-11/2025-02-17',1739232000
1222,25,15,73.54229468691854,0.0028413136173677,b'ACCESS-CM2',7,3.217971928356394e-05,249.5757336206038,146.74688060416267,b'ssp245',7.201192373495412,273.4739315016232,279.9255213822224,263.338351346757,b'2025-02-18/2025-02-24',1739836800
1222,25,15,74.21101292500781,0.0030656969845346,b'ACCESS-CM2',7,0.0003729729371677,254.1158387047464,140.31413715925115,b'ssp245',5.9621581600963065,273.5873897859744,282.9577058906124,260.8168413843207,b'2025-02-25/2025-03-03',1740441600
1222,25,15,75.90933907634526,0.0034212111988715,b'ACCESS-CM2',7,0.0003000841607656,257.59857593274904,162.43195531067275,b'ssp245',6.94840252996454,274.99340350540416,284.94316931803127,261.6556238719836,b'2025-03-04/2025-03-10',1741046400
1222,25,15,76.03212955491581,0.0034123062052272,b'ACCESS-CM2',7,0.0003702216394181,261.3547605175139,156.2557576608911,b'ssp245',7.061970462156394,274.9108836501734,286.2289429203952,262.5674901416884,b'2025-03-11/2025-03-17',1741651200
1222,25,15,79.95860323805802,0.0038132826555214,b'ACCESS-CM2',7,7.979088605936623e-05,269.4536128269727,166.20490925003358,b'ssp245',5.718633208185703,277.095807939816,281.5963905346798,270.1061057243286,b'2025-03-18/2025-03-24',1742256000
1222,25,15,79.77092969354294,0.0047170265233618,b'ACCESS-CM2',7,0.0003446676695557,270.8841164309628,190.75008946622796,b'ssp245',4.863543765417787,279.9219006226516,289.99724064890137,270.46203282961744,b'2025-03-25/2025-03-31',1742860800
1222,25,15,75.98219813988001,0.0045121107171462,b'ACCESS-CM2',7,0.0001870264363195,265.01705524471873,210.72331074041836,b'ssp245',6.654115548178971,279.6629432169362,289.0319755689778,270.3600471755415,b'2025-04-01/2025-04-07',1743465600
1222,25,15,80.67831255034379,0.0055099234755281,b'ACCESS-CM2',7,8.919324836523143e-05,286.3294546874324,208.95047855619305,b'ssp245',4.503437606396424,282.004175006119,289.4831434012615,270.91233911961075,b'2025-04-08/2025-04-14',1744070400
1222,25,15,86.58262735521329,0.0076950035450651,b'ACCESS-CM2',7,0.0003479929241307,310.9363539814812,203.1154601526073,b'ssp245',4.619074233376674,286.3892077673343,296.6270226893017,276.29512322199366,b'2025-04-15/2025-04-21',1744675200
1222,25,15,85.17910988986178,0.0074081997889633,b'ACCESS-CM2',7,0.0001450639279162,304.63044402111274,220.3317435093133,b'ssp245',4.086023474851108,285.152317725894,297.3035408969072,274.8279698977371,b'2025-04-22/2025-04-28',1745280000
1222,25,15,88.66068344591619,0.0097197284830655,b'ACCESS-CM2',7,0.0001279451430476,338.5168400898064,205.2877344747297,b'ssp245',4.591440253683636,289.29776981370486,296.5627613961216,277.73952640662867,b'2025-04-29/2025-05-05',1745884800
1222,25,15,66.3066473916197,0.0048891577643754,b'ACCESS-CM2',7,1.3210541244402636e-06,271.607582805395,276.7477277539604,b'ssp245',5.655471917803228,282.91192662168424,293.2445770904591,274.18214285855146,b'2025-05-06/2025-05-12',1746489600
1222,25,15,77.75273250999778,0.0083082785479338,b'ACCESS-CM2',7,6.525595126207604e-05,311.63542532023945,278.9481121902237,b'ssp245',3.1585381885832744,288.24920706415514,299.87657863142425,274.65647244800084,b'2025-05-13/2025-05-19',1747094400
1222,25,15,83.00558785800156,0.0099801133532302,b'ACCESS-CM2',7,0.0004394230625318,322.92202714417783,275.81721798024995,b'ssp245',3.449794795588536,290.566346186786,299.0695368407809,277.7571421979125,b'2025-05-20/2025-05-26',1747699200
1222,25,15,78.34718936556568,0.0104879817641461,b'ACCESS-CM2',7,0.0002849874799029,316.4634459209641,325.9757479947845,b'ssp245',3.6070686136633534,291.189262680663,303.70839872344834,275.8879030193767,b'2025-05-27/2025-06-02',1748304000
1222,25,15,81.22476188365621,0.0105695634544713,b'ACCESS-CM2',7,0.0005381303688372,337.89115017984034,278.58810680819914,b'ssp245',3.8183121486979,291.4999874563105,302.8673183459651,281.7508149524498,b'2025-06-03/2025-06-09',1748908800
1222,25,15,77.09226429998917,0.0128985079580961,b'ACCESS-CM2',7,0.0001715514513599,350.2852775878343,325.6055581757304,b'ssp245',3.055100829475283,295.6028839470524,306.8902073183815,282.8201045959177,b'2025-06-10/2025-06-16',1749513600
1222,25,15,78.75298583653351,0.0125262364616177,b'ACCESS-CM2',7,0.0003816185844236,349.8858053214881,299.079583529647,b'ssp245',3.920918273782719,294.4574184069974,304.3130258982325,282.874006477812,b'2025-06-17/2025-06-23',1750118400
1222,25,15,80.06423460174427,0.0149723822577666,b'ACCESS-CM2',7,0.0001833635152926,368.9507793511911,309.9635670334204,b'ssp245',3.323288191721177,297.38313695967906,309.85255434593984,284.822305904259,b'2025-06-24/2025-06-30',1750723200
1222,25,15,72.33281772911975,0.013708754402009,b'ACCESS-CM2',7,7.537670240910274e-05,363.2369318490432,292.63697220859314,b'ssp245',3.613122933653192,297.2585338924434,309.2313584434005,284.8335121660125,b'2025-07-01/2025-07-07',1751328000
1222,25,15,71.03767250988959,0.0116116670030174,b'ACCESS-CM2',7,0.0002271549591473,343.5036138080709,313.8861670812118,b'ssp245',4.350335350989636,293.8058027614767,303.64896788466154,280.92000430697186,b'2025-07-08/2025-07-14',1751932800
1222,25,15,82.14219276398289,0.0169714911478256,b'ACCESS-CM2',7,0.0003936065599533,386.5967704232395,269.62290324235994,b'ssp245',3.6246728020563928,299.5932144739049,310.7585923498397,287.35872392546577,b'2025-07-15/2025-07-21',1752537600
1222,25,15,70.33620715234838,0.0122028959735783,b'ACCESS-CM2',7,0.0001450509837533,348.70164814079,310.00703920724897,b'ssp245',3.180535613458811,294.5842068863884,305.91554011281744,282.2014929258381,b'2025-07-22/2025-07-28',1753142400
1222,25,15,75.98483610648414,0.0135143116839141,b'ACCESS-CM2',7,0.0004547224939349,358.074288708713,282.75909417489373,b'ssp245',3.068343406952806,295.4883814797841,308.9981746642771,280.43879716962533,b'2025-07-29/2025-08-04',1753747200
1222,25,15,75.53000474212739,0.0139160450619292,b'ACCESS-CM2',7,0.0003172822587776,371.3457719638665,241.54483822457877,b'ssp245',3.386919304759459,296.8100951472304,308.2521974135293,283.79106290506047,b'2025-08-05/2025-08-11',1754352000
1222,25,15,77.02820810247123,0.0111767206798413,b'ACCESS-CM2',7,4.493180698112326e-05,350.32174610073673,249.077420017886,b'ssp245',3.6828542122960832,293.4923472295533,301.4384585181808,282.67415548641964,b'2025-08-12/2025-08-18',1754956800
1222,25,15,82.24943555862284,0.0121458913647747,b'ACCESS-CM2',7,0.0003990255048081,359.82439710844653,208.78528754672087,b'ssp245',3.599839830684684,293.822812546766,302.4283157866298,281.2230445972745,b'2025-08-19/2025-08-25',1755561600
1222,25,15,80.6159149018496,0.011366800203474,b'ACCESS-CM2',7,0.0001302128119917,352.3999103869243,220.3963466867024,b'ssp245',2.9222867962616905,293.42534629879884,300.119313032061,280.3957296688838,b'2025-08-26/2025-09-01',1756166400
1222,25,15,71.11658902303633,0.0108874488223026,b'ACCESS-CM2',7,0.0001347139298651,347.3282407949463,220.7659956586298,b'ssp245',5.085994046416153,293.3033012215821,304.45347962510414,281.0624826952021,b'2025-09-02/2025-09-08',1756771200
1222,25,15,85.48796147395579,0.0117986701783966,b'ACCESS-CM2',7,0.001086142084076,365.0686561695401,162.73988407257386,b'ssp245',3.7455334405329,292.59894804577067,302.96016085475253,276.0803479516641,b'2025-09-09/2025-09-15',1757376000
1222,25,15,75.88803003215637,0.0104856593782602,b'ACCESS-CM2',7,0.0003885689954288,349.30427854473254,189.26690034318293,b'ssp245',3.997877263648665,292.44057469001524,303.88124008055456,280.72046766142466,b'2025-09-16/2025-09-22',1757980800
1222,25,15,82.30200194608194,0.0094384990423829,b'ACCESS-CM2',7,0.000423662341886,339.2864834582753,167.84325599978547,b'ssp245',3.271939101462382,290.05863519840693,297.9469694713784,279.05838530360217,b'2025-09-23/2025-09-29',1758585600
1222,25,15,80.84503061315245,0.0094479627247633,b'ACCESS-CM2',7,0.0002000928185766,334.9358499942078,172.36185771379573,b'ssp245',3.780871616344157,289.8627666699647,299.42922948982107,277.9894957904476,b'2025-09-30/2025-10-06',1759190400
1222,25,15,81.18558522269986,0.0079186708759236,b'ACCESS-CM2',7,0.0002774955947236,331.8021301790717,129.2285921672132,b'ssp245',4.08930011690282,288.405456324634,295.5953222715412,277.6888246798169,b'2025-10-07/2025-10-13',1759795200
1222,25,15,75.31426801049845,0.0059429815141885,b'ACCESS-CM2',7,0.0003276267963454,300.1978970071391,143.6490644538152,b'ssp245',4.5143267182865845,283.771955457098,294.456177990348,273.7644299336127,b'2025-10-14/2025-10-20',1760400000
1222,25,15,77.89324849839853,0.0054913704502663,b'ACCESS-CM2',7,0.0004106141014848,298.2042863160447,124.86355662659524,b'ssp245',5.634744085452311,282.6213424122694,292.61023373210946,271.3631224008292,b'2025-10-21/2025-10-27',1761004800
1222,25,15,82.68079535393854,0.007450152058395,b'ACCESS-CM2',7,8.271174330049707e-05,314.7398378648192,126.52507278227571,b'ssp245',4.473556987908595,285.8382767537106,296.4975475995336,273.93098614866784,b'2025-10-28/2025-11-03',1761609600
1222,25,15,85.1450429370985,0.0064147656949822,b'ACCESS-CM2',7,0.0003542782356415,312.5088423502904,96.75782696556448,b'ssp245',4.978094072889958,283.4368781682501,293.0932339620514,273.7441519150248,b'2025-11-04/2025-11-10',1762214400
1222,25,15,82.44416543030447,0.0063788863364284,b'ACCESS-CM2',7,0.0004304928498025,309.66555299457383,98.40439806968324,b'ssp245',5.848843699373165,283.0626828519186,292.219490310102,271.4468063822856,b'2025-11-11/2025-11-17',1762819200
1222,25,15,66.64744945731253,0.0030506627833843,b'ACCESS-CM2',7,4.439833311740691e-06,259.2127680053288,98.48054008034892,b'ssp245',7.029188665869383,275.3102574545436,285.5003474763984,269.8628768304631,b'2025-11-18/2025-11-24',1763424000
1222,25,15,75.91161875193261,0.0038320624012479,b'ACCESS-CM2',7,0.0002167385812862,273.5538632190175,90.458394796062,b'ssp245',5.548921819484842,276.4907000550711,286.3075165140032,269.54288602221953,b'2025-11-25/2025-12-01',1764028800
1222,25,15,75.00838125701206,0.0024248315509571,b'ACCESS-CM2',7,0.0001669074239325,249.4388602367043,83.30811740849713,b'ssp245',7.954628382052667,269.9991316329847,278.71434255177826,258.96981471343656,b'2025-12-02/2025-12-08',1764633600
1222,25,15,80.81933157256368,0.0018447888323249,b'ACCESS-CM2',7,6.604366563091282e-05,231.4293371324255,88.59301451791552,b'ssp245',5.542956740317487,266.473114739107,273.3170888281408,258.8605664180824,b'2025-12-09/2025-12-15',1765238400
1222,25,15,77.91626645565144,0.0034777815049357,b'ACCESS-CM2',7,0.0006941582489433,272.5244174748625,73.43776968932444,b'ssp245',6.642872438677293,273.4901060997518,285.01639045382547,258.78163095206173,b'2025-12-16/2025-12-22',1765843200
1222,25,15,76.10718178941669,0.0027540746794489,b'ACCESS-CM2',7,0.0005496215157544,248.06127734946895,80.46347084723307,b'ssp245',6.135579635000329,271.28604834508377,284.1864744318899,260.0938241493336,b'2025-12-23/2025-12-29',1766448000
1222,25,15,74.7227558089326,0.0034338599478749,b'ACCESS-CM2',7,0.0001458400090871,273.8081727546218,73.99314944550977,b'ssp245',5.130745265050819,276.5176145376192,281.8234448656319,270.6681126608409,b'2025-12-30/2026-01-05',1767052800
1222,25,15,72.75196629816298,0.0024866524176959,b'ACCESS-CM2',7,0.0004139599906497,255.7245454944476,80.92569660914843,b'ssp245',8.397821793180952,271.48181127693044,284.4104482623024,259.64653766983355,b'2026-01-06/2026-01-12',1767657600
1222,25,15,71.88423099865574,0.0032620920408271,b'ACCESS-CM2',7,0.00033282389851,267.3288117969336,85.9285312655229,b'ssp245',5.45879014314748,275.110623607728,282.0053353009201,263.915427705583,b'2026-01-13/2026-01-19',1768262400
1222,25,15,70.91772297978704,0.0025492423734326,b'ACCESS-CM2',7,5.337471026920913e-05,247.9628980519066,102.8035278954188,b'ssp245',6.2004009655543735,271.9148534285728,278.8535687719293,260.29784397008154,b'2026-01-20/2026-01-26',1768867200
1222,25,15,73.68512726886537,0.0023905846136395,b'ACCESS-CM2',7,0.0002721782761683,247.5417138316905,108.89791805409077,b'ssp245',7.020974465558801,271.1760744807519,277.9791132567965,263.6774415738749,b'2026-01-27/2026-02-02',1769472000
1222,25,15,76.97299181658431,0.0026309529214139,b'ACCESS-CM2',7,0.0001218570645725,255.4998407740255,115.71809930755173,b'ssp245',4.977920192343904,272.0464498104797,279.93537244658097,262.9311424341649,b'2026-02-03/2026-02-09',1770076800
1222,25,15,78.28270467533241,0.0029797461095568,b'ACCESS-CM2',7,0.0003010161424875,261.8394036996236,119.99221914182657,b'ssp245',5.646553659064925,272.4683376992792,283.2043921450614,260.0736138708949,b'2026-02-10/2026-02-16',1770681600
1222,25,15,72.89350120338425,0.0028287684152928,b'ACCESS-CM2',7,0.0004109732839788,248.23576406042656,132.41971090190438,b'ssp245',7.197317652743051,270.869967973235,288.3168798887287,255.252417840172,b'2026-02-17/2026-02-23',1771286400
1222,25,15,73.55387119352199,0.0017016398118188,b'ACCESS-CM2',7,0.0001070424968806,212.88339704579136,172.34151356968022,b'ssp245',5.502829004814188,266.482555193079,278.71809024841605,254.0969479858201,b'2026-02-24/2026-03-02',1771891200
1222,25,15,78.77612439033867,0.0045395473980346,b'ACCESS-CM2',7,0.0006948974439397,279.49448926350334,148.48702847806297,b'ssp245',6.625146862433245,277.78674515724845,291.13176415463454,267.05576552481955,b'2026-03-03/2026-03-09',1772496000
1222,25,15,69.59115562729491,0.0026433892491823,b'ACCESS-CM2',7,8.629739011478534e-05,239.1599138032309,178.9518693386477,b'ssp245',7.34295345645784,271.38243847830915,285.27362809928445,251.94594143819737,b'2026-03-10/2026-03-16',1773100800
1222,25,15,78.49522639894607,0.0033704770424057,b'ACCESS-CM2',7,0.0004087600997325,253.7698944042496,183.19034765346095,b'ssp245',4.989893721455711,274.61713905079165,284.99759497819696,263.45909707804293,b'2026-03-17/2026-03-23',1773705600
1222,25,15,80.06145956839256,0.0046676767444267,b'ACCESS-CM2',7,0.0001797692724829,263.7202333669973,206.6946210053455,b'ssp245',4.911541777286579,278.2268236707436,292.57651757654736,265.65803273929725,b'2026-03-24/2026-03-30',1774310400
1222,25,15,79.36397681906458,0.005164990812175,b'ACCESS-CM2',7,5.98533604167308e-05,276.5517097999614,215.11513775126255,b'ssp245',4.490560296609114,280.9867895651491,293.1502579055811,267.73763919762536,b'2026-03-31/2026-04-06',1774915200
1222,25,15,80.38181770653969,0.0061536014490362,b'ACCESS-CM2',7,0.0007873623449425,287.5249923434897,188.28376882708488,b'ssp245',6.137548919145544,282.49148873690785,294.4673058628458,267.7052485600042,b'2026-04-07/2026-04-13',1775520000
1222,25,15,76.05410894257022,0.0060313200832148,b'ACCESS-CM2',7,6.065707375864863e-05,288.10377557025123,228.68781358519465,b'ssp245',5.004715608334449,283.6826269350948,295.3596165769513,272.9528743022864,b'2026-04-14/2026-04-20',1776124800
1222,25,15,75.8929742125972,0.0052622436884207,b'ACCESS-CM2',7,2.8400604702271964e-06,265.2953017213013,262.3093409763867,b'ssp245',3.7428618226842576,281.9243685601079,292.8606894744232,271.64779613784515,b'2026-04-21/2026-04-27',1776729600
1222,25,15,84.83728662275591,0.0075410516554746,b'ACCESS-CM2',7,0.0003584651412267,305.2462998651451,236.57760529966023,b'ssp245',3.778456757807606,286.2397707374163,293.97189266962846,276.1462861339958,b'2026-04-28/2026-05-04',1777334400
1222,25,15,74.18440898505254,0.0060825145228649,b'ACCESS-CM2',7,0.0002592780329191,289.6945532968901,260.19434299816743,b'ssp245',5.77056902576863,284.40078724786974,294.84277634628376,273.9910747176804,b'2026-05-05/2026-05-11',1777939200
1222,25,15,80.40152589228806,0.0094518116534533,b'ACCESS-CM2',7,0.000112316558686,306.018534903545,296.6554274480887,b'ssp245',4.075328417086254,289.5483636563352,299.5061644521784,278.8193934229542,b'2026-05-12/2026-05-18',1778544000
1222,25,15,78.19770679522298,0.0087281707334663,b'ACCESS-CM2',7,0.0001652252224451,309.3057583479416,286.663835371886,b'ssp245',3.873918825914809,289.0741750196417,298.7130411915325,276.70149410907214,b'2026-05-19/2026-05-25',1779148800
1222,25,15,89.29406642847789,0.009733277248997,b'ACCESS-CM2',7,0.0006297146739561,332.16890989999536,242.4104832874389,b'ssp245',4.0092073364508725,288.75959978207084,299.16409217945403,279.90724771280867,b'2026-05-26/2026-06-01',1779753600
1222,25,15,87.2265736984651,0.0113853407673796,b'ACCESS-CM2',7,0.0006976145014472,338.5450584258435,270.29678132378314,b'ssp245',3.386972523577462,291.3587242353604,299.8189432517007,280.6530495984104,b'2026-06-02/2026-06-08',1780358400
1222,25,15,78.92923445165668,0.0125443272459404,b'ACCESS-CM2',7,0.0003971268357717,346.31726367210047,307.7160040553657,b'ssp245',4.334742924756055,294.8694313625087,304.21960212571946,284.1201018054574,b'2026-06-09/2026-06-15',1780963200
1222,25,15,74.1804264983321,0.0118337921317199,b'ACCESS-CM2',7,0.0003238930301074,343.7169526322676,315.87538843883425,b'ssp245',4.08195654745606,294.11756351487674,303.1415369283402,281.9755190847764,b'2026-06-16/2026-06-22',1781568000
1222,25,15,81.89882365336133,0.0118294604175942,b'ACCESS-CM2',7,0.0003900753713673,348.0344959701866,280.8663597538321,b'ssp245',3.3059122735733752,293.1684208440088,300.88463285627967,283.18904066933186,b'2026-06-23/2026-06-29',1782172800
1222,25,15,79.74314738805593,0.0158283649635333,b'ACCESS-CM2',7,0.0003031567969601,373.9483960290553,311.59266312205426,b'ssp245',3.592275917158649,298.7812795878943,308.00240857150527,285.40919492163835,b'2026-06-30/2026-07-06',1782777600
1222,25,15,69.41804836122648,0.0109531705331348,b'ACCESS-CM2',7,6.155394513647497e-05,342.83118246269095,305.9657473111852,b'ssp245',4.588553419130768,294.05490805341776,305.68078884439063,279.32987929237873,b'2026-07-07/2026-07-13',1783382400
1222,25,15,88.19066188485635,0.0155199777589413,b'ACCESS-CM2',7,0.0007181755463917,374.7109222165603,258.17477062374127,b'ssp245',4.626672971339417,297.0093627971946,303.74500704813084,281.96114431945114,b'2026-07-14/2026-07-20',1783987200
1222,25,15,81.23906863591371,0.0151186498529398,b'ACCESS-CM2',7,0.0005096284148391,372.4995253259416,257.51968166158514,b'ssp245',4.28332175087109,297.06393445294697,305.38976030241884,283.27900121439257,b'2026-07-21/2026-07-27',1784592000
1222,25,15,80.84161115831682,0.0142941399420033,b'ACCESS-CM2',7,0.0003066551035379,366.7871021488207,257.8004298682249,b'ssp245',3.722446092028501,296.4167901291573,303.6963808124401,282.8853255412113,b'2026-07-28/2026-08-03',1785196800
1222,25,15,76.57015601377577,0.0138481826670407,b'ACCESS-CM2',7,0.0003172177630564,365.0767368622143,257.76060181931814,b'ssp245',3.153059729164092,296.36816316803146,306.44051675380524,284.1434042688718,b'2026-08-04/2026-08-10',1785801600
1222,25,15,71.43003921808119,0.012256901237504,b'ACCESS-CM2',7,7.91419344985791e-06,353.40826255433865,264.3836902483709,b'ssp245',2.974707229924813,294.9744376722451,306.7630738980936,283.9127562096122,b'2026-08-11/2026-08-17',1786406400
1222,25,15,75.78075938837758,0.0142209645553721,b'ACCESS-CM2',7,0.0002553777323681,371.2413702655989,233.6675298476423,b'ssp245',3.97892104800788,297.53698392401884,307.44691785279304,288.2444220374975,b'2026-08-18/2026-08-24',1787011200
1222,25,15,83.15969758481648,0.014813077147296,b'ACCESS-CM2',7,0.0002694285463076,370.4804470362466,230.62705224902365,b'ssp245',2.973494938304125,296.63250840885,306.66168932691335,283.44521123488613,b'2026-08-25/2026-08-31',1787616000
1222,25,15,73.59816967761465,0.0126871121133822,b'ACCESS-CM2',7,0.0001783405731142,361.59589748527833,227.3280831043588,b'ssp245',4.014874632188527,296.2415927417719,306.6581167489145,281.20835977532755,b'2026-09-01/2026-09-07',1788220800
1222,25,15,70.89283921474842,0.009564785827351,b'ACCESS-CM2',7,0.0001045595626279,335.42331370695507,217.32148847265225,b'ssp245',3.430141065788137,291.4443003277897,301.4744553080668,279.3988105638348,b'2026-09-08/2026-09-14',1788825600
1222,25,15,76.49187811687091,0.0097887963832486,b'ACCESS-CM2',7,0.0003168546665038,336.35442862388527,193.60375487422,b'ssp245',4.6837645876140765,291.1790978832056,302.49830585535204,278.8014324231371,b'2026-09-15/2026-09-21',1789430400
1222,25,15,79.53978845458535,0.0092645703679298,b'ACCESS-CM2',7,0.0005331086260425,335.1346649655893,174.93254885221228,b'ssp245',4.930290254246906,290.1025454928136,298.254031672809,279.048867221025,b'2026-09-22/2026-09-28',1790035200
1222,25,15,73.13151551613542,0.0063707719997822,b'ACCESS-CM2',7,0.0001091380065574,302.0280764817697,173.2261569993534,b'ssp245',5.150391266468682,285.7101285482372,296.03751354802984,276.88814119453,b'2026-09-29/2026-10-05',1790640000
1222,25,15,75.30670638604938,0.0072985969394867,b'ACCESS-CM2',7,0.000263409563121,319.617362970792,151.64566811254113,b'ssp245',5.795991151954076,286.3728114255108,298.3091243811686,273.5480960482349,b'2026-10-06/2026-10-12',1791244800
1222,25,15,77.58805624079051,0.0070856218866766,b'ACCESS-CM2',7,0.0004107111478089,307.67422599449134,145.9562022026268,b'ssp245',4.947678123531786,286.137338806899,297.09305420907907,277.14932216465576,b'2026-10-13/2026-10-19',1791849600
1222,25,15,73.52525021632054,0.0047659221967282,b'ACCESS-CM2',7,2.1444930138075065e-06,292.4283386765741,125.91340553746774,b'ssp245',4.933915896859204,281.17454067840333,287.6380080313982,273.5609815163066,b'2026-10-20/2026-10-26',1792454400
1222,25,15,74.2681123780621,0.0046432276297542,b'ACCESS-CM2',7,0.000143068714292,282.1136710446233,120.84937726744268,b'ssp245',5.484782428133991,279.95441485188616,289.61902644291445,269.8834149633355,b'2026-10-27/2026-11-02',1793059200
1222,25,15,79.81524933586763,0.0045075350590527,b'ACCESS-CM2',7,0.0004857632021601,280.6964730976527,115.91647653163731,b'ssp245',5.552583366955727,278.05026926181074,289.9331434801438,267.28665195643805,b'2026-11-03/2026-11-09',1793664000
1222,25,15,80.41422723892956,0.0053983404368381,b'ACCESS-CM2',7,0.0003945903725846,297.48351659187125,101.82467825330764,b'ssp245',4.643832026742882,281.2721732285071,291.2850257984464,273.4467193159803,b'2026-11-10/2026-11-16',1794268800
1222,25,15,80.04799963755006,0.0043522455832606,b'ACCESS-CM2',7,0.0004992668362752,283.50113882051176,90.82975011385813,b'ssp245',6.974936842890885,277.3522041509203,288.328953756847,265.59196104872404,b'2026-11-17/2026-11-23',1794873600
1222,25,15,78.35128465833385,0.0039812286900037,b'ACCESS-CM2',7,0.0005197342467266,277.6273413807147,87.15541898057006,b'ssp245',5.423651475816134,276.25958216033524,288.0194935344148,267.0928759844508,b'2026-11-24/2026-11-30',1795478400
1222,25,15,79.70019479747626,0.0045138935416316,b'ACCESS-CM2',7,0.0008392502165983,279.4613799414953,77.11041388741658,b'ssp245',5.7887193594302415,277.360749629197,288.8987702845757,264.9863222088298,b'2026-12-01/2026-12-07',1796083200
1222,25,15,65.73412716969206,0.0025465247562127,b'ACCESS-CM2',7,1.897117378343407e-05,252.27510589169984,83.01500594585673,b'ssp245',7.586308621820995,273.630635490215,284.3794294366544,267.6153127642556,b'2026-12-08/2026-12-14',1796688000
1222,25,15,70.23062196120142,0.0022667338153715,b'ACCESS-CM2',7,1.8772622395352863e-05,235.70895270940312,88.6234090625896,b'ssp245',6.411610200282418,270.4283320279257,277.63068652422635,256.16103295247666,b'2026-12-15/2026-12-21',1797292800
1222,25,15,73.20616851038947,0.0020909199352427,b'ACCESS-CM2',7,0.0001078401038951,228.4433645657351,86.82031262237318,b'ssp245',5.5924550421155965,268.57184528110486,284.2648117237985,257.3894152910914,b'2026-12-22/2026-12-28',1797897600
1222,25,15,76.96565523374282,0.0039270731149562,b'ACCESS-CM2',7,0.0002019525398333,277.7999088015316,80.11565320903921,b'ssp245',5.787151325720166,276.94566122302007,285.1212520568552,271.3530728489594,b'2026-12-29/2027-01-04',1798502400
1222,25,15,67.67217345494144,0.0027268391552093,b'ACCESS-CM2',7,2.9478982027228014e-06,245.11217826457656,96.45822273323064,b'ssp245',6.573012743319756,274.0686259618566,279.15224411183306,268.4032568122729,b'2027-01-05/2027-01-11',1799107200
1222,25,15,75.78907002374864,0.0030046783326618,b'ACCESS-CM2',7,0.0003522263141641,268.12739466850513,81.39560398460124,b'ssp245',5.529703772648526,274.1240642309024,280.09128759134563,267.642731107302,b'2027-01-12/2027-01-18',1799712000
1222,25,15,74.88629686367476,0.0018544393275517,b'ACCESS-CM2',7,0.0002585633061812,240.45738497711403,97.27250999065076,b'ssp245',8.04005131918482,266.9325304522185,276.79303052467753,253.478403686129,b'2027-01-19/2027-01-25',1800316800
1222,25,15,77.65727672757383,0.0021426428157552,b'ACCESS-CM2',7,0.0002149664037346,244.03019159010205,97.8018224871574,b'ssp245',6.556475750656622,268.015865020435,281.8393887472076,253.9066073366822,b'2027-01-26/2027-02-01',1800921600
1222,25,15,74.22048795247997,0.0022937981673231,b'ACCESS-CM2',7,0.0002780903522053,235.18008804233253,127.14905081757104,b'ssp245',5.991671989510468,269.64226380732714,281.4495627752991,256.0691922731661,b'2027-02-02/2027-02-08',1801526400
1222,25,15,73.18560169113445,0.0027488659558831,b'ACCESS-CM2',7,0.0002197867948409,244.52050368174545,132.43783431291965,b'ssp245',7.414187401347421,271.5873092063272,284.6178422228393,260.7976668793859,b'2027-02-09/2027-02-15',1802131200
1222,25,15,69.41706983723432,0.0020328955617097,b'ACCESS-CM2',7,6.084513394749231e-05,220.38621749895535,156.57474055093238,b'ssp245',5.903729507121428,269.11916451505886,277.81874165820005,255.4282090737092,b'2027-02-16/2027-02-22',1802736000
1222,25,15,76.45537347219131,0.0026223701398566,b'ACCESS-CM2',7,0.0007388801446373,243.33358006815203,149.0378639314512,b'ssp245',8.092818837173535,271.2795537072188,280.432314279584,261.51387627868166,b'2027-02-23/2027-03-01',1803340800
1222,25,15,77.71685478832,0.0028326749728986,b'ACCESS-CM2',7,0.0001808271436522,243.98674196815097,173.94966214935144,b'ssp245',5.01584942451449,272.09667103157955,283.67215917337694,262.3658607495236,b'2027-03-02/2027-03-08',1803945600
1222,25,15,73.32534787397915,0.0031562788790693,b'ACCESS-CM2',7,0.0004613824750091,252.7831210839179,176.75591219794856,b'ssp245',7.796711104807005,274.7685171057329,285.53373005856224,267.4280747026927,b'2027-03-09/2027-03-15',1804550400
1222,25,15,78.34509804076585,0.004047143204598,b'ACCESS-CM2',7,0.0002974322420503,263.41981906041303,197.3979397035762,b'ssp245',5.532349336513219,277.1150277527546,287.614864811566,268.5860914190289,b'2027-03-16/2027-03-22',1805155200
1222,25,15,71.60021755377855,0.003299583949008,b'ACCESS-CM2',7,0.0001990388467752,239.46166722790463,227.71423673684785,b'ssp245',5.4909394806976985,275.1043275348479,287.27633607830484,264.64886992274273,b'2027-03-23/2027-03-29',1805760000
1222,25,15,68.82660913016211,0.0029720588762505,b'ACCESS-CM2',7,8.518396946416133e-05,240.04817983599585,230.31399917866656,b'ssp245',5.794994282111708,273.8593933683,283.6817762039013,261.2453034482596,b'2027-03-30/2027-04-05',1806364800
1222,25,15,71.19820078663372,0.0038986437220642,b'ACCESS-CM2',7,0.0001716429516965,254.24614964724412,224.14294297662695,b'ssp245',5.176671206469682,278.1032846267246,286.8787594796768,265.1681528414971,b'2027-04-06/2027-04-12',1806969600
1222,25,15,87.65433400777205,0.0062307761330823,b'ACCESS-CM2',7,0.0006471238150979,296.80499485208674,200.02304405355025,b'ssp245',3.782147428165703,282.5155320245676,289.6296098305451,274.29733902495207,b'2027-04-13/2027-04-19',1807574400
1222,25,15,81.3875504050661,0.006940338537832,b'ACCESS-CM2',7,0.0002099789620158,281.8853471493188,248.33030362616728,b'ssp245',3.3685872708020628,284.50948115581457,294.75599174930903,272.2931779359192,b'2027-04-20/2027-04-26',1808179200
1222,25,15,82.79622013277802,0.0080847453227975,b'ACCESS-CM2',7,0.0002336467002693,306.3180137438832,241.2944169439566,b'ssp245',4.0567963639996005,287.01542078648106,304.0934094751017,274.0495946141553,b'2027-04-27/2027-05-03',1808784000
1222,25,15,77.39640686612688,0.0097176252636252,b'ACCESS-CM2',7,0.0001049741767293,314.5930109611704,289.8894402023939,b'ssp245',5.425077680019482,290.69169140236227,303.74252955324243,277.11857858882775,b'2027-05-04/2027-05-10',1809388800
1222,25,15,74.89096524405639,0.0080994193667526,b'ACCESS-CM2',7,0.0001316512566203,293.7289470476283,308.34588331816354,b'ssp245',5.225941390823939,288.0644668730528,302.8297543132826,273.5411205877202,b'2027-05-11/2027-05-17',1809993600
1222,25,15,79.86343701078908,0.0093838510609915,b'ACCESS-CM2',7,0.0003952524130874,309.90934634742416,302.0347614935412,b'ssp245',3.565238937395097,289.8962326560427,300.2722381443893,275.2526604524529,b'2027-05-18/2027-05-24',1810598400
1222,25,15,83.59968842102093,0.0115747231398591,b'ACCESS-CM2',7,3.311764562745002e-05,331.0891226533652,326.9476812077868,b'ssp245',2.8510853133024425,292.4563430303684,303.60753842355365,276.62857849416906,b'2027-05-25/2027-05-31',1811203200
1222,25,15,74.56671808499429,0.0099860011173737,b'ACCESS-CM2',7,0.0001194995651345,313.6826240615264,338.16448360454564,b'ssp245',4.129166218031093,291.63293193620814,302.92789342137644,277.68950425057113,b'2027-06-01/2027-06-07',1811808000
1222,25,15,77.15141372539803,0.012043735425951,b'ACCESS-CM2',7,0.0003090861785325,347.3495205901881,289.9184301443692,b'ssp245',4.604103721814098,294.1065037346811,307.584424833874,280.99200365501,b'2027-06-08/2027-06-14',1812412800
1222,25,15,72.82410605047858,0.0116668505977366,b'ACCESS-CM2',7,9.197695790773524e-05,343.2275154119052,318.79406727012355,b'ssp245',3.8481671896262566,294.3481474611629,307.563535329791,283.1943639407058,b'2027-06-15/2027-06-21',1813017600
1222,25,15,78.22303220501074,0.0125890464805446,b'ACCESS-CM2',7,0.000245504351336,356.108726073599,279.09544126403654,b'ssp245',3.608331767180597,294.9985966069468,307.1471145950342,285.2707100469192,b'2027-06-22/2027-06-28',1813622400
1222,25,15,75.23577591477655,0.0131075009894929,b'ACCESS-CM2',7,0.0002218223506832,350.68436492983307,318.97416352818533,b'ssp245',3.7967470532995486,295.4467444737899,305.8557762922494,281.7894698776221,b'2027-06-29/2027-07-05',1814227200
1222,25,15,71.3874467417904,0.0141133742882834,b'ACCESS-CM2',7,5.013349804893601e-05,363.5391037934597,320.09065018034744,b'ssp245',3.8025251311956536,297.57031514819056,310.55575556593305,284.3151706085452,b'2027-07-06/2027-07-12',1814832000
1222,25,15,78.48116764779073,0.0148163022277431,b'ACCESS-CM2',7,0.0005087915907156,367.2704104633274,290.5992929620169,b'ssp245',3.2108754530641903,297.1899303063878,307.52859004056126,282.699639784115,b'2027-07-13/2027-07-19',1815436800
1222,25,15,90.6229881587712,0.0162670240109236,b'ACCESS-CM2',7,0.0004156843523822,382.1641939868835,252.2555524102816,b'ssp245',3.343861795863845,297.9873314159119,306.3942483091585,290.39247296507403,b'2027-07-20/2027-07-26',1816041600
1222,25,15,78.96654871454862,0.0148194440118856,b'ACCESS-CM2',7,1.4304074601855911e-05,367.0097460382507,286.0903630981868,b'ssp245',1.9280645035167725,296.9550819282523,306.2583681269878,284.5249276353777,b'2027-07-27/2027-08-02',1816646400
1222,25,15,83.29119578646976,0.0169134039619664,b'ACCESS-CM2',7,0.0004735524540415,386.6067282744707,246.88340761390265,b'ssp245',3.4608180816196112,299.6099883166907,309.9481811030424,288.9082720976846,b'2027-08-03/2027-08-09',1817251200
1222,25,15,81.69747438481409,0.0126624612340575,b'ACCESS-CM2',7,0.00027766774714,361.6540907387257,235.53883288920736,b'ssp245',3.7294534732446425,294.7294722626838,307.01265005379776,285.1394374274284,b'2027-08-10/2027-08-16',1817856000
1222,25,15,82.50736317567454,0.014708516310265,b'ACCESS-CM2',7,0.0001444091780217,373.949967187793,229.221270077228,b'ssp245',2.7303561239079683,297.3611027189141,308.53221936449296,289.4061052017335,b'2027-08-17/2027-08-23',1818460800
1222,25,15,81.43731296978618,0.0144328081543164,b'ACCESS-CM2',7,0.0004364271522038,377.9086006212092,208.7908578604604,b'ssp245',2.8439593442779976,297.3421857082456,306.73801186704867,286.9996485301867,b'2027-08-24/2027-08-30',1819065600
1222,25,15,84.66412352635243,0.0141009947469041,b'ACCESS-CM2',7,8.361516638451826e-05,369.4044831287165,216.6898748387703,b'ssp245',2.502250371341366,296.4305048682193,305.1424116341093,287.6196632200373,b'2027-08-31/2027-09-06',1819670400
1222,25,15,75.97997611966058,0.0124091687359683,b'ACCESS-CM2',7,0.0002866922035792,352.2815362792518,218.1311199646912,b'ssp245',3.680035032357736,294.8354556208914,307.393822492806,281.79753174419744,b'2027-09-07/2027-09-13',1820275200
1222,25,15,77.70714170630688,0.011481546941081,b'ACCESS-CM2',7,0.0001297428985357,358.55380038435953,189.5057445907329,b'ssp245',4.2883208108338975,294.04236581477954,304.0595673051135,281.96803744659667,b'2027-09-14/2027-09-20',1820880000
1222,25,15,75.52848341743969,0.009954085036856,b'ACCESS-CM2',7,0.0002625104092673,339.00997698018165,182.0634233064033,b'ssp245',5.247292785536685,291.3949736245862,304.1235779005799,278.51378684590827,b'2027-09-21/2027-09-27',1821484800
1222,25,15,82.25786194580135,0.010340729331782,b'ACCESS-CM2',7,1.81052725980938e-05,334.06125075839674,193.5661161322806,b'ssp245',2.7811510926329626,291.00208524575885,302.9451920566344,275.38862553166643,b'2027-09-28/2027-10-04',1822089600
1222,25,15,86.89516347554549,0.0100247766499095,b'ACCESS-CM2',7,0.0006141332290225,343.11726726969533,141.30885563913571,b'ssp245',3.640094663374368,290.3001465153645,297.65393796067247,277.14511916941706,b'2027-10-05/2027-10-11',1822694400
1222,25,15,82.4693193028492,0.0083855803540724,b'ACCESS-CM2',7,0.000190010693431,326.90804107123705,150.06504544456865,b'ssp245',3.27855758905796,289.0591683298618,296.61351089600794,280.55926168561945,b'2027-10-12/2027-10-18',1823299200
1222,25,15,85.6349975388732,0.0086175500308441,b'ACCESS-CM2',7,0.000152855137857,344.3805529596402,116.99296810696865,b'ssp245',4.833503391515458,289.8338967593361,296.2788337867749,284.98527322254586,b'2027-10-19/2027-10-25',1823904000
1222,25,15,79.12264072815266,0.007069506861928,b'ACCESS-CM2',7,0.0007809199081165,312.97214740301536,108.97518720699463,b'ssp245',5.801071596508787,286.0443902859753,293.2269882670512,275.8556464323128,b'2027-10-26/2027-11-01',1824508800
1222,25,15,71.89628214498273,0.004022703305731,b'ACCESS-CM2',7,1.7357569739338434e-05,273.2251679107716,118.24752155253772,b'ssp245',5.684633648150682,277.5296629732485,289.0074749824882,269.6368790782133,b'2027-11-02/2027-11-08',1825113600
1222,25,15,79.83746523475251,0.0050839795473083,b'ACCESS-CM2',7,0.0001794299151413,290.54954329137854,107.579649524878,b'ssp245',3.987268571129523,280.2638166591804,291.27836266241866,270.7950991135999,b'2027-11-09/2027-11-15',1825718400
1222,25,15,75.25698697679786,0.0051415295233135,b'ACCESS-CM2',7,0.0003339015802234,293.9966487924139,87.7633918112485,b'ssp245',6.69566418721278,279.2597517642584,292.1748737587875,268.86291139075746,b'2027-11-16/2027-11-22',1826323200
1222,25,15,77.20259364867854,0.0057793044516424,b'ACCESS-CM2',7,0.0002643397253505,297.99335103813013,82.01861965268363,b'ssp245',5.958952010984705,281.1175364906563,292.78939784824945,263.83998578738704,b'2027-11-23/2027-11-29',1826928000
1222,25,15,73.99301397665637,0.0044362646139196,b'ACCESS-CM2',7,0.0001037987958876,277.08909279783467,85.2669780721517,b'ssp245',6.207949816589128,278.00385911784383,291.97736118298167,268.5962721619738,b'2027-11-30/2027-12-06',1827532800
1222,25,15,72.63293219327981,0.0031156506751655,b'ACCESS-CM2',7,5.293684601997856e-05,261.28172754410537,78.86299317828949,b'ssp245',6.744134771557017,274.46436213148456,280.4516168203031,267.6023669019462,b'2027-12-07/2027-12-13',1828137600
1222,25,15,73.84039017523021,0.0037204224304952,b'ACCESS-CM2',7,0.0005153623442606,263.2641647448035,74.54802731237316,b'ssp245',6.13851452572583,274.92111625821053,289.1344942206905,262.405212550248,b'2027-12-14/2027-12-20',1828742400
1222,25,15,76.86944397310724,0.0025454382853562,b'ACCESS-CM2',7,0.0004954867815019,247.0036674198421,81.9520251223267,b'ssp245',6.963927965474519,269.7954197418544,283.90780057891703,257.91953451375394,b'2027-12-21/2027-12-27',1829347200
1222,25,15,76.14804426396165,0.0025496874384637,b'ACCESS-CM2',7,0.0001426194463438,255.33201582569905,81.10522279930865,b'ssp245',6.804480780032114,270.7977031088855,279.3532498903536,256.1489416809575,b'2027-12-28/2028-01-03',1829952000
1222,25,15,77.91392786839035,0.0016684140174477,b'ACCESS-CM2',7,0.000290648851187,225.7427445672936,92.75077024486691,b'ssp245',6.260958288163256,266.356840195734,274.01757802639713,258.3992255585259,b'2028-01-04/2028-01-10',1830556800
1222,25,15,81.04069689132864,0.0013300714494297,b'ACCESS-CM2',7,3.4204605464805814e-05,214.17373852671477,102.49393195850648,b'ssp245',6.4080753465076254,263.39767139117004,276.6269289180036,252.7263314735524,b'2028-01-11/2028-01-17',1831161600
1222,25,15,83.73586993346225,0.0018702244459209,b'ACCESS-CM2',7,0.0008347592037717,245.19427156745493,85.73526268964989,b'ssp245',10.003474125596908,265.36695030735353,277.346005441299,254.4150970409684,b'2028-01-18/2028-01-24',1831766400
1222,25,15,79.82336599568751,0.0017728168304321,b'ACCESS-CM2',7,0.0004730228938142,228.6948270852754,109.7630990356544,b'ssp245',6.902691334025183,265.8948864526351,279.1734510677505,254.229797042822,b'2028-01-25/2028-01-31',1832371200
1222,25,15,75.3705517249214,0.0014722047057103,b'ACCESS-CM2',7,6.838262063775603e-05,213.006563353478,139.67842598234344,b'ssp245',9.343862699521434,264.1433234920189,278.727691453185,256.263846648529,b'2028-02-01/2028-02-07',1832976000
1222,25,15,76.64314493812756,0.003592573573186,b'ACCESS-CM2',7,0.000379224045447,273.2740283810237,120.5640809468301,b'ssp245',5.613785942349675,275.2623700006108,284.79477027313783,268.5265703586461,b'2028-02-08/2028-02-14',1833580800
1222,25,15,83.01804521984573,0.0044667564143662,b'ACCESS-CM2',7,0.0004869727456732,285.7257514810991,113.5012935177988,b'ssp245',6.430627557990901,276.548751693715,288.5472188280935,261.0767469267468,b'2028-02-15/2028-02-21',1834185600
1222,25,15,74.0884410040279,0.0022138634060334,b'ACCESS-CM2',7,0.000469588496145,229.67065794518,163.0018583940849,b'ssp245',6.050652957859476,269.54841174634754,279.532104196379,258.4660571565151,b'2028-02-22/2028-02-28',1834790400
1222,25,15,76.52001356577834,0.0026972869196388,b'ACCESS-CM2',7,5.127045698981716e-05,240.41223922085052,174.33500816121597,b'ssp245',6.801371396564596,270.7575813679065,280.67565932759175,253.6690135703141,b'2028-02-29/2028-03-06',1835395200
1222,25,15,80.32362578775215,0.0032810492353685,b'ACCESS-CM2',7,0.0003407814652071,253.1894897383464,167.35177717950586,b'ssp245',6.288414225247065,273.88738015670305,282.00646795171144,262.91023942149315,b'2028-03-07/2028-03-13',1836000000
1222,25,15,71.39069018351847,0.0030193611714412,b'ACCESS-CM2',7,0.0004171400640846,240.60176467807472,192.42428907917795,b'ssp245',5.615518830374431,273.1881739151773,288.49535753191583,261.18721355875783,b'2028-03-14/2028-03-20',1836604800
1222,25,15,77.13281487263077,0.0043522543637109,b'ACCESS-CM2',7,0.0005744696729757,267.0829961174992,201.8441234230308,b'ssp245',7.096111614985305,276.6965558536054,292.1610485563756,263.086601491506,b'2028-03-21/2028-03-27',1837209600
1222,25,15,79.5319713651515,0.0051101091697303,b'ACCESS-CM2',7,0.0001900639522283,273.2608750829954,210.5907019556408,b'ssp245',5.733885057468269,280.24750995437904,293.2045988659096,271.15440099959613,b'2028-03-28/2028-04-03',1837814400
1222,25,15,84.12302781824096,0.0056781805184459,b'ACCESS-CM2',7,0.000122997255203,280.21769372767073,218.17234176470237,b'ssp245',4.140081348689907,281.8264713740751,289.39375746423474,271.21304927696514,b'2028-04-04/2028-04-10',1838419200
1222,25,15,91.02818495193364,0.0070175658387019,b'ACCESS-CM2',7,0.0002532522067817,313.2905932808759,193.56228452110687,b'ssp245',3.654323920349643,285.11417176743845,290.5324170631816,277.9435868517455,b'2028-04-11/2028-04-17',1839024000
1222,25,15,79.62685187925457,0.0060673859125158,b'ACCESS-CM2',7,0.0001270665148752,289.7053682427194,231.620226002774,b'ssp245',3.580089258316783,283.63740434961346,291.2327519972991,274.11712158400337,b'2028-04-18/2028-04-24',1839628800
1222,25,15,78.4028605714891,0.0069422725496304,b'ACCESS-CM2',7,2.348638280332409e-05,280.4888926650645,277.1527220785219,b'ssp245',3.7192717432122895,284.8903756968122,300.5746957412251,273.38324906406194,b'2028-04-25/2028-05-01',1840233600
1222,25,15,85.67338318321849,0.0085791450414265,b'ACCESS-CM2',7,0.0005535955496289,320.3131479544588,208.32316224348892,b'ssp245',4.72644921937111,287.8626898231392,301.41682387245686,278.68977619719624,b'2028-05-02/2028-05-08',1840838400
1222,25,15,94.32858806357436,0.0119675358853238,b'ACCESS-CM2',7,0.0003414818802601,353.93487065674225,232.6351823346763,b'ssp245',3.1293182836623274,292.3538098558664,299.4777367611887,284.98765487547644,b'2028-05-09/2028-05-15',1841443200
1222,25,15,76.93003614642673,0.0086217271325262,b'ACCESS-CM2',7,1.7184676404986153e-05,305.1150646337373,299.9388527393671,b'ssp245',3.763199137535377,289.26286041590794,298.55459530634727,275.7333584540495,b'2028-05-16/2028-05-22',1842048000
1222,25,15,82.13528966562538,0.0096925188944829,b'ACCESS-CM2',7,0.0005595452443034,322.109098468343,278.4431466851586,b'ssp245',3.398760257954689,289.896555742325,299.6541784529925,276.0199947819379,b'2028-05-23/2028-05-29',1842652800
1222,25,15,94.7851458509222,0.0124998156788605,b'ACCESS-CM2',7,0.0005415204000718,361.0353606466386,215.8826659867485,b'ssp245',3.704130575229356,293.31207546548427,297.94086777990583,285.74762026982467,b'2028-05-30/2028-06-05',1843257600
1222,25,15,91.48222100165216,0.012584085897997,b'ACCESS-CM2',7,0.0007945461686218,355.8975803384929,244.30607772605296,b'ssp245',3.071565486227644,293.43916620482975,301.6313456841933,284.48396145970065,b'2028-06-06/2028-06-12',1843862400
1222,25,15,77.31345750574096,0.0134163163481986,b'ACCESS-CM2',7,7.469667867006462e-05,355.5637844076009,315.42146267815,b'ssp245',3.782028288618952,296.6604365919524,306.35245791236497,283.82612908136866,b'2028-06-13/2028-06-19',1844467200
1222,25,15,85.70924658987722,0.0116652275401021,b'ACCESS-CM2',7,1.62318522470135e-05,341.81710394254713,307.8706967749773,b'ssp245',3.0271241188379463,292.33313208024714,302.422894553337,282.72684011628826,b'2028-06-20/2028-06-26',1845072000
1222,25,15,83.77787010074901,0.0124775767377939,b'ACCESS-CM2',7,0.0003623534454861,350.6193044043127,287.88181666768844,b'ssp245',3.769232924199671,293.80432891669625,302.7481255107627,284.8818985996031,b'2028-06-27/2028-07-03',1845676800
1222,25,15,78.38284913447556,0.0139756243963532,b'ACCESS-CM2',7,7.376063596355223e-07,359.27537707415297,327.7783605072423,b'ssp245',2.26989744726406,296.30461721730626,307.2118340462976,284.9399831152502,b'2028-07-04/2028-07-10',1846281600
1222,25,15,67.66743395550269,0.0117191598552263,b'ACCESS-CM2',7,7.73276805790342e-05,346.03799011667144,318.30728637145955,b'ssp245',3.4104917439527447,294.886985386158,306.4810673185234,279.61283615679264,b'2028-07-11/2028-07-17',1846886400
1222,25,15,79.48112786594781,0.0113996351015242,b'ACCESS-CM2',7,0.0002641674090029,345.79143531389064,269.1051424943408,b'ssp245',2.683106910128696,292.1916887471287,300.60452245857107,282.63282635369865,b'2028-07-18/2028-07-24',1847491200
1222,25,15,76.22907150817913,0.0165418401375986,b'ACCESS-CM2',7,0.0001161373604665,383.9628809971373,274.6609419244502,b'ssp245',4.215120580051669,300.3507031058429,312.1451804510804,288.5840112935746,b'2028-07-25/2028-07-31',1848096000
1222,25,15,74.38875779680806,0.0127592245656321,b'ACCESS-CM2',7,9.349003848681232e-05,357.48637444720435,271.44583170380406,b'ssp245',3.6659872354163663,295.1483289241901,304.5138006996069,282.64441652559884,b'2028-08-01/2028-08-07',1848700800
1222,25,15,82.30807678588896,0.0139517212525601,b'ACCESS-CM2',7,0.0003888683207971,367.5314886118231,234.8247143313815,b'ssp245',2.559251151870641,296.0774630228092,304.5450434522984,284.841221675349,b'2028-08-08/2028-08-14',1849305600
1222,25,15,72.17543622106486,0.0129191197567556,b'ACCESS-CM2',7,0.0001226654728677,359.6360504903998,253.7779693603516,b'ssp245',3.096355555653435,295.7530860222984,306.09739317763024,283.2974879645377,b'2028-08-15/2028-08-21',1849910400
1222,25,15,75.33147890683881,0.0130537471626733,b'ACCESS-CM2',7,0.00027614244927,370.08238440310464,219.4039979464128,b'ssp245',4.239137936760916,296.1951360854381,310.13978362198986,282.4393638401309,b'2028-08-22/2028-08-28',1850515200
1222,25,15,82.77927045824346,0.0128349120071608,b'ACCESS-CM2',7,0.0001326123459923,362.8841082117119,209.92750639467573,b'ssp245',3.0832643290741357,294.7634954745242,306.03608134181894,283.3429908567562,b'2028-08-29/2028-09-04',1851120000
1222,25,15,75.28366749066006,0.013765671728499,b'ACCESS-CM2',7,0.0001971799864936,365.1787900028894,221.86842301820133,b'ssp245',3.6417561264916265,297.1270915774696,310.96083879856,280.10442553198203,b'2028-09-05/2028-09-11',1851724800
1222,25,15,76.55706591488389,0.0123583890775812,b'ACCESS-CM2',7,0.0003326573346706,360.54271495334,183.2437275178488,b'ssp245',4.29074719341198,294.8604698225172,307.3491310526365,280.6480850441584,b'2028-09-12/2028-09-18',1852329600
1222,25,15,75.16673488075507,0.0091757852886754,b'ACCESS-CM2',7,0.0002569776962782,327.9460882859942,188.75082021889776,b'ssp245',5.132354893146254,290.33521264237123,301.7533472705158,278.203622352711,b'2028-09-19/2028-09-25',1852934400
1222,25,15,78.53447874638381,0.008111899778932,b'ACCESS-CM2',7,0.0001551947742682,317.6269383134453,182.92506335971817,b'ssp245',3.791993536466048,288.1204510567069,298.9930234055526,275.30936063356665,b'2028-09-26/2028-10-02',1853539200
1222,25,15,79.72783889259888,0.0076881601991457,b'ACCESS-CM2',7,0.0001513709473349,319.5139364862784,162.90656415920404,b'ssp245',3.957963954266131,287.0267802559144,296.9811372279351,273.2719751706224,b'2028-10-03/2028-10-09',1854144000
1222,25,15,82.29878097171463,0.0098028428798393,b'ACCESS-CM2',7,0.0001161579506548,344.2164169723543,143.6799490440258,b'ssp245',4.8456159232808895,290.95756142336967,298.4719187007775,276.1886298899119,b'2028-10-10/2028-10-16',1854748800
1222,25,15,81.02671638944808,0.0078839771572079,b'ACCESS-CM2',7,0.0002614748641384,315.0268266978507,149.11660681028386,b'ssp245',3.656805861774835,287.13590748107055,297.9952663242913,275.88342201343846,b'2028-10-17/2028-10-23',1855353600
1222,25,15,71.4460424207084,0.005036926025642,b'ACCESS-CM2',7,1.901296209216486e-05,281.4645093032622,135.21201837901953,b'ssp245',5.847517723193104,282.19554759733626,291.9137100441583,273.5119615594867,b'2028-10-24/2028-10-30',1855958400
1222,25,15,81.4888392100014,0.0080264617978903,b'ACCESS-CM2',7,0.0001565177482241,317.6107801538182,128.29505238465893,b'ssp245',4.522910545556231,286.23096470114217,297.0565668700777,274.890164623353,b'2028-10-31/2028-11-06',1856563200
1222,25,15,84.89840837166544,0.0086698526761692,b'ACCESS-CM2',7,0.000483275214254,335.7337070995959,92.22740748141564,b'ssp245',5.151538721221494,286.3511984864972,296.9896243685475,268.49450515968925,b'2028-11-07/2028-11-13',1857168000
1222,25,15,84.10742795051947,0.0066249591391683,b'ACCESS-CM2',7,0.0005761573482256,322.6909811203458,74.55806307393189,b'ssp245',5.276584966612446,282.89150869975646,292.84127492088106,269.2618966788198,b'2028-11-14/2028-11-20',1857772800
1222,25,15,72.94702633528244,0.0036184368541437,b'ACCESS-CM2',7,9.092865663535998e-06,262.906030295271,99.91750441339256,b'ssp245',5.717585340152567,276.40662082414167,288.1158872736868,268.758611577393,b'2028-11-21/2028-11-27',1858377600
1222,25,15,83.5088979006639,0.0048905348465101,b'ACCESS-CM2',7,0.0006892670101342,286.5871802936821,81.32759709273479,b'ssp245',4.3617157528919295,278.8685952456642,288.0920798158415,269.50071082785365,b'2028-11-28/2028-12-04',1858982400
1222,25,15,82.1933338245398,0.0038618209178369,b'ACCESS-CM2',7,0.0002521686321105,280.2841493213477,75.27826421805021,b'ssp245',6.788523930092483,276.76260785882647,283.18401458690937,272.6760739032209,b'2028-12-05/2028-12-11',1859587200
1222,25,15,79.53306555995594,0.0025061827927331,b'ACCESS-CM2',7,0.0002297527907504,250.46871898940773,80.54681639117787,b'ssp245',6.733781942120607,270.52462829829307,277.68148946685045,258.5431200067524,b'2028-12-12/2028-12-18',1860192000
1222,25,15,79.91328240013168,0.0031721151351993,b'ACCESS-CM2',7,0.000526500051197,267.3321320854872,73.26255016120014,b'ssp245',6.771182973473445,273.2852639947289,280.9695970476733,261.8501663331261,b'2028-12-19/2028-12-25',1860796800
1222,25,15,73.67698343163849,0.0024516004814584,b'ACCESS-CM2',7,0.0004265012380496,252.26915117127777,82.45755648178286,b'ssp245',6.905913117519021,270.8924703802712,279.93983644352977,261.4216664056978,b'2028-12-26/2029-01-01',1861401600
1222,25,15,81.1072361547953,0.0022281081946445,b'ACCESS-CM2',7,0.0002027352209878,246.1347516550909,86.86029655004026,b'ssp245',6.22813783422673,269.2574109188162,278.80262315099964,262.03684635193173,b'2029-01-02/2029-01-08',1862006400
1222,25,15,78.50245452042736,0.0030424568741183,b'ACCESS-CM2',7,0.0004641452052028,265.13002726917813,82.69761372294845,b'ssp245',5.1776751148048685,272.92476471813563,283.29418501599736,263.5642799784178,b'2029-01-09/2029-01-15',1862611200
1222,25,15,77.11759367325882,0.0021040437398979,b'ACCESS-CM2',7,0.0002760198530008,241.34652411687355,95.17108476780976,b'ssp245',7.302734177244086,266.8931528316368,282.1695113913886,246.30166046684897,b'2029-01-16/2029-01-22',1863216000
1222,25,15,78.81047535624923,0.0038950665135059,b'ACCESS-CM2',7,0.0001026151089224,278.5128913138113,96.04054170983125,b'ssp245',5.947571318446146,275.96014528959034,286.3728867439923,252.9752964149192,b'2029-01-23/2029-01-29',1863820800
1222,25,15,66.44893538657497,0.0027814366183692,b'ACCESS-CM2',7,1.445798967496479e-06,244.43235345660415,129.0417680861409,b'ssp245',6.576709003721406,273.04399857211826,285.5796406735126,253.10117200811385,b'2029-01-30/2029-02-05',1864425600
1222,25,15,73.91373611932644,0.0023189152215139,b'ACCESS-CM2',7,0.0002440407891925,234.39505348584132,135.36226115082584,b'ssp245',5.518566536402664,269.38943387772616,283.7805899526076,254.7431317947216,b'2029-02-06/2029-02-12',1865030400
1222,25,15,73.83746009948153,0.0029161935588069,b'ACCESS-CM2',7,0.0002525116471926,253.18010458648,128.47617390445768,b'ssp245',7.256705030788595,271.996166293516,283.51266997157086,260.18764065694734,b'2029-02-13/2029-02-19',1865635200
1222,25,15,73.91770460004211,0.0020575861292825,b'ACCESS-CM2',7,0.000250365211656,225.09061207739387,152.86358847002936,b'ssp245',7.471741900112788,268.8840187507663,276.9916497694272,257.3544371424661,b'2029-02-20/2029-02-26',1866240000
1222,25,15,72.9149341781338,0.0025806337222311,b'ACCESS-CM2',7,0.0003542186935786,241.8249151078873,152.04182358545216,b'ssp245',8.23365786123463,270.1847689338295,288.1808111286318,256.62734329642694,b'2029-02-27/2029-03-05',1866844800
1222,25,15,76.53886256866137,0.0031635054058727,b'ACCESS-CM2',7,0.0002124498996189,259.70509981058115,150.87382507500297,b'ssp245',5.170261249953816,273.7626015341588,280.25035408278853,259.9865103923446,b'2029-03-06/2029-03-12',1867449600
1222,25,15,83.17448457162814,0.0035117108878538,b'ACCESS-CM2',7,0.0003629474582036,261.4863288152199,164.2996283275218,b'ssp245',6.212221563261321,273.9585951473431,283.47383780779865,257.35098133487736,b'2029-03-13/2029-03-19',1868054400
1222,25,15,82.34787676115937,0.0037744031957795,b'ACCESS-CM2',7,0.0001796973112205,262.2378642233861,188.32152448381697,b'ssp245',5.704952591152796,275.52990817033253,284.8958146152282,260.8298920614461,b'2029-03-20/2029-03-26',1868659200
1222,25,15,77.29312732008954,0.0036018337710411,b'ACCESS-CM2',7,0.0003919667206975,253.17417178406004,190.48295738700904,b'ssp245',6.246354246370627,275.19652178632504,285.57711111632614,256.5764209950683,b'2029-03-27/2029-04-02',1869264000
1222,25,15,86.81557829430108,0.0049999362128484,b'ACCESS-CM2',7,0.0005662792450598,286.30524707462286,176.9360276606736,b'ssp245',5.528108597462045,277.82005616079545,292.48310622799187,260.55154552059145,b'2029-04-03/2029-04-09',1869868800
1222,25,15,75.58109567370614,0.0041396580657457,b'ACCESS-CM2',7,0.0001906190953237,253.75259230732783,238.09840081763164,b'ssp245',5.509323329428121,277.31637689452674,289.7846804913103,262.0851619886851,b'2029-04-10/2029-04-16',1870473600
1222,25,15,77.14889358214135,0.0047685378823796,b'ACCESS-CM2',7,0.0001071029877597,270.29454098280434,232.32107442525253,b'ssp245',4.838503056686194,279.8291348691298,289.74254015304734,269.4160868162485,b'2029-04-17/2029-04-23',1871078400
1222,25,15,86.25822056960268,0.0081428622011462,b'ACCESS-CM2',7,0.0013287155859473,310.0137235921881,219.75551817396783,b'ssp245',4.490632143907616,286.55528470216984,296.7416668770194,273.0512269348244,b'2029-04-24/2029-04-30',1871683200
1222,25,15,82.41258368105859,0.0094891971983307,b'ACCESS-CM2',7,0.0003043704896865,311.5456850468741,273.7816414321347,b'ssp245',5.208818525578006,288.7320729336452,301.534831895967,272.0764047749015,b'2029-05-01/2029-05-07',1872288000
1222,25,15,77.86162230832566,0.0083427494069392,b'ACCESS-CM2',7,2.9076637014110563e-05,293.6440233115701,304.58202366110305,b'ssp245',3.547285203924912,288.19673599394594,299.36381109234594,275.61005816975785,b'2029-05-08/2029-05-14',1872892800
1222,25,15,83.45296803308693,0.0104852409388748,b'ACCESS-CM2',7,0.0003655258109953,323.2984210431865,279.84636102425924,b'ssp245',4.058345539917055,291.45967839811294,301.42130709695886,278.5510792770756,b'2029-05-15/2029-05-21',1873497600
1222,25,15,78.93004001658811,0.0090866465377927,b'ACCESS-CM2',7,0.0001500816292198,315.13485641004087,266.5470512913084,b'ssp245',3.395131729338589,289.2958501150667,300.4191393135823,279.25028856120315,b'2029-05-22/2029-05-28',1874102400
1222,25,15,78.59878329539613,0.0115241885021673,b'ACCESS-CM2',7,0.0003004344592223,338.07601174399235,306.2762232520084,b'ssp245',5.014467107267487,293.7133188007776,303.8592480488471,281.62586124648186,b'2029-05-29/2029-06-04',1874707200
1222,25,15,75.0441410496965,0.0118874303536382,b'ACCESS-CM2',7,6.856340354628292e-05,339.89244097549647,325.6211215172633,b'ssp245',3.853724684969481,294.2878034685436,307.0131549496258,278.4431925389994,b'2029-06-05/2029-06-11',1875312000
1222,25,15,73.84838652814368,0.0117205675601521,b'ACCESS-CM2',7,0.0003850020879423,339.583130995616,321.4296046595306,b'ssp245',3.801160040942786,294.4209779888605,308.3226725096079,278.8725294566117,b'2029-06-12/2029-06-18',1875916800
1222,25,15,78.47530747780534,0.0147313723972975,b'ACCESS-CM2',7,6.399689467559445e-05,366.74279990109295,325.18751969943827,b'ssp245',3.278905461215819,297.9669426381657,311.7177540127411,285.48785927915804,b'2029-06-19/2029-06-25',1876521600
1222,25,15,72.24907691281194,0.0128858562794459,b'ACCESS-CM2',7,6.625611547992113e-05,360.1240855361583,284.5830404500392,b'ssp245',3.8212376476682257,296.2819190977243,308.9648676118866,283.64926837680804,b'2029-06-26/2029-07-02',1877126400
1222,25,15,83.72527605519404,0.0174076044530074,b'ACCESS-CM2',7,0.000549922417689,386.2362945084756,289.6769297828912,b'ssp245',3.4791259802491017,300.4047274313319,310.0345534415545,285.0496972597088,b'2029-07-03/2029-07-09',1877731200
1222,25,15,73.93051203805418,0.016233122630095,b'ACCESS-CM2',7,2.995824515244269e-05,380.09531360153454,317.6584992363633,b'ssp245',3.714498016648829,300.1276473101033,315.0470336026637,288.21604162656826,b'2029-07-10/2029-07-16',1878336000
1222,25,15,80.44932230146712,0.0189909111375679,b'ACCESS-CM2',7,0.0004501842433222,400.3940023021227,252.39357254165665,b'ssp245',4.66867385542258,303.1705453618691,314.07078046906554,294.3301951172664,b'2029-07-17/2029-07-23',1878940800
1222,25,15,69.93138051247614,0.0144692492851212,b'ACCESS-CM2',7,0.0001900376565458,367.8652638220331,302.79263710640004,b'ssp245',2.402872570359402,298.1810185749152,309.56902400742445,285.05484570825234,b'2029-07-24/2029-07-30',1879545600
1222,25,15,80.2196333476035,0.015232308141624,b'ACCESS-CM2',7,0.000218433298728,372.499924744906,258.0591638469542,b'ssp245',3.2078908770457994,297.8158691110441,306.87877328407404,288.61647110108606,b'2029-07-31/2029-08-06',1880150400
1222,25,15,78.74709651444324,0.0169735106375405,b'ACCESS-CM2',7,0.0001909431355805,391.316544505264,240.05978204448533,b'ssp245',3.5029724252545864,300.27511531883545,312.83384002044625,289.2522983828346,b'2029-08-07/2029-08-13',1880755200
1222,25,15,74.95539935015378,0.0145341917501017,b'ACCESS-CM2',7,0.0001162822677061,377.3221551616501,236.9611529295917,b'ssp245',3.0407653687431115,298.78112221776604,313.4014834402451,290.819203316684,b'2029-08-14/2029-08-20',1881360000
1222,25,15,76.53503004717217,0.0129191531266044,b'ACCESS-CM2',7,0.0003172686112101,357.2989106414887,244.98470636892063,b'ssp245',3.2615951619906487,295.54204313699466,306.20150677953666,282.83762158715865,b'2029-08-21/2029-08-27',1881964800
1222,25,15,78.7072563303444,0.0161141824994313,b'ACCESS-CM2',7,0.0001681793408654,381.37700922297137,227.788113968878,b'ssp245',3.2608412552342085,299.46297416273234,308.6632355180041,286.7812745521064,b'2029-08-28/2029-09-03',1882569600
1222,25,15,78.80886954917882,0.0141825872943485,b'ACCESS-CM2',7,0.0001569750057063,371.4418624430696,211.9492864197186,b'ssp245',3.559741636360322,297.41155395930394,306.74123361615256,286.6665422134523,b'2029-09-04/2029-09-10',1883174400
1222,25,15,80.14229281328855,0.0119725263573507,b'ACCESS-CM2',7,0.0002033456893429,363.3271152083439,177.95693292536365,b'ssp245',4.022178535507647,294.0506561300426,304.81529736249246,283.91373040564423,b'2029-09-11/2029-09-17',1883779200
1222,25,15,78.4243247707639,0.0088819782989012,b'ACCESS-CM2',7,0.0003145179664474,323.93547252141764,192.4543288684513,b'ssp245',3.1224442393846337,289.43071693475,298.9030934766729,275.99564392385656,b'2029-09-18/2029-09-24',1884384000
1222,25,15,77.63862047827108,0.0090416605672877,b'ACCESS-CM2',7,6.047486784030744e-06,328.43353686320603,184.06152400270557,b'ssp245',3.0511638405084773,290.1426966244812,302.6235333320975,278.05486197772046,b'2029-09-25/2029-10-01',1884988800
1222,25,15,83.42580508547515,0.0110536449934453,b'ACCESS-CM2',7,3.636742211058172e-05,351.0930483351672,165.97876303008323,b'ssp245',3.457340784967565,292.2361603522724,303.38716330089176,280.7309106879165,b'2029-10-02/2029-10-08',1885593600
1222,25,15,70.56736560102262,0.006925952824887,b'ACCESS-CM2',7,5.3324172334986606e-05,303.92102443783995,168.54053113995926,b'ssp245',5.076061798413081,286.842163726856,298.8789380001136,274.1901713973678,b'2029-10-09/2029-10-15',1886198400
1222,25,15,67.9416561280776,0.005925499171684,b'ACCESS-CM2',7,3.0362124383448777e-05,288.1506147633352,166.1279421255436,b'ssp245',4.934925015628022,284.77632618984893,297.047744036106,271.6714853215873,b'2029-10-16/2029-10-22',1886803200
1222,25,15,76.08898217425511,0.0065639175497963,b'ACCESS-CM2',7,0.000307732492544,308.35999713460154,135.2283270365092,b'ssp245',5.347844800524313,284.70645349371824,294.828180464096,273.0972343777609,b'2029-10-23/2029-10-29',1887408000
1222,25,15,76.68496185028054,0.0070991131046968,b'ACCESS-CM2',7,0.0003837854826384,308.17993993030643,123.14403964618654,b'ssp245',5.749629220372669,285.4305521553228,296.69740889492255,275.7133639186187,b'2029-10-30/2029-11-05',1888012800
1222,25,15,84.59765675357879,0.0068973107751352,b'ACCESS-CM2',7,8.753453128407718e-05,309.1051301091201,110.41892200701513,b'ssp245',3.510420758867826,284.2108997280704,292.9191594285611,274.9339196816785,b'2029-11-06/2029-11-12',1888617600
1222,25,15,75.19621226321514,0.0036388625529031,b'ACCESS-CM2',7,0.0002647777801234,264.8375026827015,100.46431994619752,b'ssp245',5.227712978151305,274.12376649963534,292.31259658147906,264.0806380412112,b'2029-11-13/2029-11-19',1889222400
1222,25,15,80.00030041995512,0.0038978266762945,b'ACCESS-CM2',7,3.801860639554517e-05,275.3992082149912,89.5841337600592,b'ssp245',6.416284165755449,276.3740778944384,283.6206031022819,264.38742706348125,b'2029-11-20/2029-11-26',1889827200
1222,25,15,75.90278575482557,0.0029903810105687,b'ACCESS-CM2',7,0.0001296420863775,263.57268290516413,84.0718128460537,b'ssp245',5.911684655136251,273.3319442541253,280.53325439847544,266.6458381320048,b'2029-11-27/2029-12-03',1890432000
1222,25,15,78.84956305631722,0.003509572789115,b'ACCESS-CM2',7,0.0001126681110466,267.4155418172379,84.82645340810988,b'ssp245',4.564444962368809,274.749831931464,282.9354020767335,269.1663531425119,b'2029-12-04/2029-12-10',1891036800
1222,25,15,82.81458843450416,0.0036499786530073,b'ACCESS-CM2',7,0.0005450088404446,276.58890032157484,70.28754111016399,b'ssp245',5.714596855593642,274.73115794157394,282.86493876369394,267.84671074739373,b'2029-12-11/2029-12-17',1891641600
1222,25,15,78.02793930937615,0.0031974014940895,b'ACCESS-CM2',7,0.0004279754081631,268.649879668619,72.549394062147,b'ssp245',6.600633821282739,274.4488102525315,280.4208003769784,269.4686673708224,b'2029-12-18/2029-12-24',1892246400
1222,25,15,76.59955596395598,0.0023807795611004,b'ACCESS-CM2',7,9.512078405725384e-05,249.05758322586567,81.28904427080046,b'ssp245',5.620992853766415,270.3277414560924,279.08839557012953,263.19802338780414,b'2029-12-25/2029-12-31',1892851200
1516,25,9,67.87109185969918,0.0025289251344702,b'ACCESS-CM2',6,1.883633395397575e-05,254.6451663108529,80.41275195192965,b'ssp245',8.577302706605126,273.1958686676185,279.19177886289,267.7333894362585,b'2024-12-31/2025-01-06',1735603200
1516,25,9,73.85101882999895,0.002540257463501,b'ACCESS-CM2',7,0.0003033002786668,244.6979137693992,91.72270850224126,b'ssp245',7.363009200970725,270.5989062398229,284.77884474312094,255.49493879925944,b'2025-01-07/2025-01-13',1736208000
1516,25,9,77.40159556048043,0.0037163460562458,b'ACCESS-CM2',7,0.0005718871196555,279.7031459180876,84.93178711693906,b'ssp245',6.851282409796473,275.8725425372955,286.2948178553055,266.9521133470987,b'2025-01-14/2025-01-20',1736812800
1516,25,9,71.45083059884236,0.0040451190452757,b'ACCESS-CM2',7,0.0004136730629748,280.35879103328364,94.26075149302336,b'ssp245',6.20914373428986,276.9459153149997,287.2029008353922,264.5438174659897,b'2025-01-21/2025-01-27',1737417600
1516,25,9,72.65691593457257,0.0031797734852321,b'ACCESS-CM2',7,0.0004470330228288,256.2383045370163,110.6513007732596,b'ssp245',7.897374840779797,272.99981264490003,287.65315756812834,260.4192623294866,b'2025-01-28/2025-02-03',1738022400
1516,25,9,67.98427398358449,0.0021944037122788,b'ACCESS-CM2',7,4.3605438986480894e-05,234.96227356548405,127.73845403223436,b'ssp245',8.373766255303511,271.1218124052704,281.8062514536764,265.1260798601698,b'2025-02-04/2025-02-10',1738627200
1516,25,9,71.58135877336774,0.0027500049714938,b'ACCESS-CM2',7,0.0003709580850024,237.683115769636,137.19048780103478,b'ssp245',7.751931306530409,272.95783678891155,281.8295321780425,264.1226283413378,b'2025-02-11/2025-02-17',1739232000
1516,25,9,72.66087475226989,0.0030619534083615,b'ACCESS-CM2',7,5.4358781721858696e-05,262.5968725299878,137.68463370455123,b'ssp245',7.896798225499961,274.9350720371626,280.50040057931415,265.2778183127804,b'2025-02-18/2025-02-24',1739836800
1516,25,9,74.86784914454236,0.0031665600512055,b'ACCESS-CM2',7,0.0004207570147071,259.30073234829723,137.80529523680156,b'ssp245',6.487294736989396,274.0776004662327,283.78893219860566,262.10453801200214,b'2025-02-25/2025-03-03',1740441600
1516,25,9,78.73268341813983,0.0036891770572516,b'ACCESS-CM2',7,0.0003847375293727,268.2084166194577,154.05681797318115,b'ssp245',7.496021262693641,275.7387360224266,285.5218505859375,264.72820659842023,b'2025-03-04/2025-03-10',1741046400
1516,25,9,77.15056727522393,0.0038209250630158,b'ACCESS-CM2',7,0.0005428054944469,268.6487730970894,158.1732861784032,b'ssp245',7.3590774776807715,276.30734045949265,287.04213351180505,264.24229984704624,b'2025-03-11/2025-03-17',1741651200
1516,25,9,79.93084743443025,0.0040817033212401,b'ACCESS-CM2',7,0.0001938058156612,285.74830613000915,152.17675797065775,b'ssp245',6.484580632317652,277.8658935079278,281.62272292657605,272.0109135961683,b'2025-03-18/2025-03-24',1742256000
1516,25,9,78.31344713139717,0.0046460014431551,b'ACCESS-CM2',7,0.0003226024809746,279.2201051853862,181.58023765636167,b'ssp245',5.565267374677774,280.0949180365791,289.20194164962044,272.441192915763,b'2025-03-25/2025-03-31',1742860800
1516,25,9,78.49665394577156,0.0049485474148237,b'ACCESS-CM2',7,0.0002167817759555,274.35165300064125,211.46412409249052,b'ssp245',7.90962811121268,280.730916199033,288.44775275101046,272.2503922038274,b'2025-04-01/2025-04-07',1743465600
1516,25,9,81.57921891730345,0.0055865418147454,b'ACCESS-CM2',7,8.873240030294893e-05,286.15064798899203,212.4718682837948,b'ssp245',5.368279305112528,282.48536682128906,288.70604727471283,274.329841878512,b'2025-04-08/2025-04-14',1744070400
1516,25,9,86.37133610963068,0.00749166461441,b'ACCESS-CM2',7,0.0003166636654316,307.47412330795913,212.2778046716705,b'ssp245',5.097949109672695,286.0598010440945,295.21426102791673,276.3540041950599,b'2025-04-15/2025-04-21',1744675200
1516,25,9,85.92530529990073,0.0071945951604369,b'ACCESS-CM2',7,0.0001677668331307,305.51349413314347,222.68040300242907,b'ssp245',4.5110385886931965,285.1518877054346,295.5833929404851,275.3752603621137,b'2025-04-22/2025-04-28',1745280000
1516,25,9,93.71022986764036,0.0099567468999999,b'ACCESS-CM2',7,0.0002557173079094,345.27026594109554,198.776295435434,b'ssp245',4.558374429135884,288.98453798504653,294.9289688447296,281.578500308449,b'2025-04-29/2025-05-05',1745884800
1516,25,9,68.71875676898175,0.0051941030105086,b'ACCESS-CM2',7,2.554829192954575e-05,290.609869078077,258.95904601528173,b'ssp245',6.403727403682005,283.1511661345597,292.7210587462416,275.6455936371716,b'2025-05-06/2025-05-12',1746489600
1516,25,9,81.3883510725409,0.0085838601193984,b'ACCESS-CM2',7,7.468625247058258e-05,309.9011276609568,289.4969864923065,b'ssp245',3.3491451359375364,288.4491423597848,299.31525880831646,279.4874831238756,b'2025-05-13/2025-05-19',1747094400
1516,25,9,85.52088814761628,0.0101323745080402,b'ACCESS-CM2',7,0.0002893816915266,323.8156942236042,278.04438427258526,b'ssp245',3.644315638457294,290.2545130189446,296.8839717828889,280.91363578339104,b'2025-05-20/2025-05-26',1747699200
1516,25,9,80.35246668124103,0.0104928157261247,b'ACCESS-CM2',7,0.0001150086656486,317.69657694407016,328.5010083934755,b'ssp245',4.043223814767671,291.5930974546882,301.1061632896448,280.20111680858145,b'2025-05-27/2025-06-02',1748304000
1516,25,9,84.27306237377631,0.0110889348946847,b'ACCESS-CM2',7,0.0006019200737951,342.6009880571335,270.3963419298376,b'ssp245',4.373112252404314,291.59516636494743,300.380031790267,282.53961359740055,b'2025-06-03/2025-06-09',1748908800
1516,25,9,81.96772258633051,0.0134468684187003,b'ACCESS-CM2',7,0.0001150563401818,350.285092732454,326.115380640017,b'ssp245',3.527265670762614,295.31870345072247,305.3414044786326,285.2915198389288,b'2025-06-10/2025-06-16',1749513600
1516,25,9,84.23288982437772,0.0138825006705782,b'ACCESS-CM2',7,0.0002202554622367,349.8957317570621,310.7455867751861,b'ssp245',3.951981260466006,295.24357481892446,303.13004502738687,287.15209537349665,b'2025-06-17/2025-06-23',1750118400
1516,25,9,86.57962754031676,0.0157333590409668,b'ACCESS-CM2',7,0.0001665880592327,371.30812856666455,299.6143586415329,b'ssp245',3.6855035214984992,297.1975005512143,307.6543579101562,288.6835912951159,b'2025-06-24/2025-06-30',1750723200
1516,25,9,77.35087833516283,0.014748590198606,b'ACCESS-CM2',7,3.6655851947406726e-05,360.97630327249664,308.13862607800354,b'ssp245',3.81729459496649,297.5493130711834,308.11417309493294,289.0585767583516,b'2025-07-01/2025-07-07',1751328000
1516,25,9,72.50722479164843,0.0126097329360033,b'ACCESS-CM2',7,0.0002826940184358,345.6016940460274,313.4466737263264,b'ssp245',4.755011875278082,295.52840445932367,304.6294429069061,285.3421486454431,b'2025-07-08/2025-07-14',1751932800
1516,25,9,86.26519388763577,0.0172174562135171,b'ACCESS-CM2',7,0.0003866865427706,382.9002173872024,280.8073961344749,b'ssp245',4.407371720412444,298.7242348985986,308.1877891468325,289.06007958060184,b'2025-07-15/2025-07-21',1752537600
1516,25,9,77.94696974614656,0.0145641809065816,b'ACCESS-CM2',7,0.0002159895347461,359.6269239414484,309.8413039452861,b'ssp245',3.215528822203056,296.80251797387706,303.7956632018466,287.82849414717134,b'2025-07-22/2025-07-28',1753142400
1516,25,9,81.08934000538727,0.0150281830072576,b'ACCESS-CM2',7,0.0004334305717146,362.2629838267013,282.7270380633003,b'ssp245',3.3486484941892547,296.83841105354105,305.5875558943402,285.7914346400119,b'2025-07-29/2025-08-04',1753747200
1516,25,9,80.23136841858653,0.0155180786482808,b'ACCESS-CM2',7,0.0002818586563509,373.5913505330715,241.49632146972,b'ssp245',4.256459831197609,297.8321866847309,307.5037652145049,289.41856167669926,b'2025-08-05/2025-08-11',1754352000
1516,25,9,78.20962670538113,0.0121250801374308,b'ACCESS-CM2',7,3.337831200638144e-05,348.9124650787588,259.54066148218993,b'ssp245',3.768139909816895,294.44207155795823,300.97120714638885,286.10662283431094,b'2025-08-12/2025-08-18',1754956800
1516,25,9,82.68500120481858,0.0132869576318453,b'ACCESS-CM2',7,0.0001918786485288,357.9406366060316,226.60859607973308,b'ssp245',3.6144189149101016,295.03014357619696,302.7701259095586,285.5984371438011,b'2025-08-19/2025-08-25',1755561600
1516,25,9,81.40719980288863,0.012068725558927,b'ACCESS-CM2',7,0.0001523464087178,350.51081449311823,228.46470045216077,b'ssp245',2.989807933689829,293.9816334033775,300.0571225524324,285.27567394749974,b'2025-08-26/2025-09-01',1756166400
1516,25,9,73.96823358041523,0.0112182683955227,b'ACCESS-CM2',7,0.0001029901278571,348.9415565342879,216.65616453977896,b'ssp245',5.672114500702905,293.6708404004654,304.50116804345555,282.1313080411604,b'2025-09-02/2025-09-08',1756771200
1516,25,9,85.6642044603744,0.0108851574791729,b'ACCESS-CM2',7,0.0010991570954139,361.28502861665896,150.38248844499145,b'ssp245',4.44052719081399,291.1923560700797,299.6038531474886,279.8810874385413,b'2025-09-09/2025-09-15',1757376000
1516,25,9,77.1644657009515,0.0103650910021428,b'ACCESS-CM2',7,0.0002852297782847,345.16095575140963,199.49377287718127,b'ssp245',4.374412785784088,292.23613851443235,301.9353656949305,283.41073747989884,b'2025-09-16/2025-09-22',1757980800
1516,25,9,83.78430527854256,0.0099507570047428,b'ACCESS-CM2',7,0.0003666576707069,345.71945706161625,160.8935358632841,b'ssp245',3.371479925243314,290.66956221041994,296.9700830983063,281.1089390414747,b'2025-09-23/2025-09-29',1758585600
1516,25,9,83.55251993193933,0.0100925179235527,b'ACCESS-CM2',7,0.0001443734644726,339.1375194754134,172.6772174448406,b'ssp245',3.9255126664207673,290.7504615250768,298.0770754167333,282.14052704531304,b'2025-09-30/2025-10-06',1759190400
1516,25,9,82.48562810656291,0.0081924565243246,b'ACCESS-CM2',7,0.0003552093167313,335.3252107569525,131.13410677056746,b'ssp245',4.345014646924686,288.45305135347866,294.9486759318162,278.01957336810864,b'2025-10-07/2025-10-13',1759795200
1516,25,9,77.22977917341565,0.0064192781373421,b'ACCESS-CM2',7,0.0006685964697187,313.1921646166299,128.8428312751182,b'ssp245',5.157159201300536,284.5261108618483,293.6676223225397,274.4412358521663,b'2025-10-14/2025-10-20',1760400000
1516,25,9,79.51298654976596,0.0060293180279919,b'ACCESS-CM2',7,0.0004948065729038,303.77681056912706,123.31475965371804,b'ssp245',6.473900283871067,283.3935235510436,293.09553272716624,272.05209485363883,b'2025-10-21/2025-10-27',1761004800
1516,25,9,84.17058242447153,0.0076480469977631,b'ACCESS-CM2',7,5.681511531234827e-05,315.13823262266664,127.37120335507146,b'ssp245',4.7196011351486105,286.1977728851855,295.1094878283961,275.9383625307293,b'2025-10-28/2025-11-03',1761609600
1516,25,9,82.92670840709904,0.0061796924526164,b'ACCESS-CM2',7,0.0003727053392226,311.3485186913358,97.63687912888116,b'ssp245',5.43065287826189,283.1699686209432,292.41647969435434,275.1546358415381,b'2025-11-04/2025-11-10',1762214400
1516,25,9,81.99335383982098,0.0062233897436194,b'ACCESS-CM2',7,0.0005128235999519,307.7831513111309,98.582946805709,b'ssp245',6.5711320859991575,283.05659061963087,291.5971280648505,273.7699830930692,b'2025-11-11/2025-11-17',1762819200
1516,25,9,71.34676563594726,0.0035284654740029,b'ACCESS-CM2',7,1.5743824663746397e-05,272.8418796190328,91.99399014989125,b'ssp245',7.278977305355132,276.6014649510222,286.53339888996874,270.4466574395116,b'2025-11-18/2025-11-24',1763424000
1516,25,9,72.94762343122595,0.0039499041707468,b'ACCESS-CM2',7,0.0002112328971979,279.44225478720267,86.11785141462246,b'ssp245',6.142383497649884,277.9328093285924,288.12458165887773,271.98224700061303,b'2025-11-25/2025-12-01',1764028800
1516,25,9,78.8741049592481,0.0027648487272379,b'ACCESS-CM2',7,0.0002112371888341,257.71676815216904,75.45285543980711,b'ssp245',8.543400435256443,271.3847587829562,282.66407029786694,260.85330927033533,b'2025-12-02/2025-12-08',1764633600
1516,25,9,81.47954203986865,0.0022553997825697,b'ACCESS-CM2',7,8.924899150886368e-05,244.5474512341754,80.99479122944058,b'ssp245',6.064642063558182,268.8417583463857,276.5329840145652,261.13103901475006,b'2025-12-09/2025-12-15',1765238400
1516,25,9,78.09454674568192,0.0037745501720793,b'ACCESS-CM2',7,0.0005332702645409,273.83977989550914,73.16120472444291,b'ssp245',7.188196134062273,275.0478975589128,286.886888233269,263.1706123231713,b'2025-12-16/2025-12-22',1765843200
1516,25,9,73.66601920589878,0.0027819456527455,b'ACCESS-CM2',7,0.0005570648565665,247.4412441829563,83.24761590618118,b'ssp245',7.237193085847538,272.31156471668464,284.21550353618824,264.07144314257505,b'2025-12-23/2025-12-29',1766448000
1516,25,9,71.70596278062968,0.0033627228063575,b'ACCESS-CM2',7,0.0001456767684201,275.81862499414126,75.19394066678667,b'ssp245',5.603055398385768,276.5216157628696,281.8087412837176,271.4215533139202,b'2025-12-30/2026-01-05',1767052800
1516,25,9,72.89370807047736,0.0025272403136027,b'ACCESS-CM2',7,0.0003416741025743,259.44088330124885,78.00947151682622,b'ssp245',8.531958381460292,271.9393570613302,284.20634344925264,257.7084230729834,b'2026-01-06/2026-01-12',1767657600
1516,25,9,69.9438880741623,0.0031757949277875,b'ACCESS-CM2',7,0.0002759620010577,266.1814881299411,89.83318217029546,b'ssp245',5.821932334199366,275.0384648698254,281.84444439523975,266.3189613992108,b'2026-01-13/2026-01-19',1768262400
1516,25,9,69.366684267681,0.0024194531277278,b'ACCESS-CM2',7,5.003237727892005e-05,242.4159834880236,104.80788077637656,b'ssp245',6.693377268695788,271.7065089785768,278.43080711966434,261.16875724912813,b'2026-01-20/2026-01-26',1768867200
1516,25,9,74.56755138120441,0.0026501733745704,b'ACCESS-CM2',7,0.0003161585755018,254.79771296469784,106.97265725395816,b'ssp245',8.203711074502042,272.30622480064966,277.29181630227845,264.78537733396894,b'2026-01-27/2026-02-02',1769472000
1516,25,9,76.31768368020042,0.0028097568907536,b'ACCESS-CM2',7,0.0001963700553001,265.93027947431426,108.80521516941754,b'ssp245',5.492458165041119,272.7651409958869,280.8317598649756,264.6806532802641,b'2026-02-03/2026-02-09',1770076800
1516,25,9,78.77510606130537,0.0032268078979001,b'ACCESS-CM2',7,0.0002326956950569,268.9050528314426,120.0254006611436,b'ssp245',6.179687921342252,273.41236746789315,283.47828337371544,262.5144401093011,b'2026-02-10/2026-02-16',1770681600
1516,25,9,73.43504479620142,0.0029149974659928,b'ACCESS-CM2',7,0.0003791001130862,253.5595995098044,134.80692723185263,b'ssp245',7.47004865267729,272.4100460896571,287.93119311407906,257.36512515672746,b'2026-02-17/2026-02-23',1771286400
1516,25,9,71.06265979524451,0.001717789834597,b'ACCESS-CM2',7,0.0001277658645665,223.427147152296,163.55580788638582,b'ssp245',5.996977067735078,268.38135728324625,278.17720561223075,258.9270359845567,b'2026-02-24/2026-03-02',1771891200
1516,25,9,78.68647082252726,0.0044133870190583,b'ACCESS-CM2',7,0.0007821824099511,283.2734863879499,147.48681415765873,b'ssp245',6.881365261834288,277.58363907527365,288.65443309699697,266.6482867412387,b'2026-03-03/2026-03-09',1772496000
1516,25,9,73.34919536860475,0.0028767208840509,b'ACCESS-CM2',7,0.000133028108266,244.54245682415956,182.5628104018649,b'ssp245',7.746830895227481,272.3974507672661,285.87979823933784,255.927446527812,b'2026-03-10/2026-03-16',1773100800
1516,25,9,77.39879786855415,0.0035205464790721,b'ACCESS-CM2',7,0.0004787644887964,259.49716961152814,174.85208093609666,b'ssp245',5.852472955764763,275.4424848449074,283.8061182160483,268.66660691511,b'2026-03-17/2026-03-23',1773705600
1516,25,9,80.67321890804776,0.0045880515815323,b'ACCESS-CM2',7,0.0002190451986039,263.2416559144579,207.63621328971905,b'ssp245',5.21672126203574,278.415765866335,290.2931035760825,267.5866019071464,b'2026-03-24/2026-03-30',1774310400
1516,25,9,80.93046599049028,0.005177952024545,b'ACCESS-CM2',7,7.416440552247655e-05,275.7766251463028,217.03424374484544,b'ssp245',4.669644725811594,281.1943635325971,290.85001674134645,270.77126617912984,b'2026-03-31/2026-04-06',1774915200
1516,25,9,80.4218248545237,0.0059107795081014,b'ACCESS-CM2',7,0.0008966173417091,286.7918624740401,191.51866585523925,b'ssp245',6.642087805964162,281.95281411678525,291.9026844493974,268.4571659316776,b'2026-04-07/2026-04-13',1775520000
1516,25,9,78.78312623108653,0.0060170130800403,b'ACCESS-CM2',7,4.21503123982522e-05,282.78462362267936,242.85009736400187,b'ssp245',5.32340635416367,283.708783940938,293.5743133833732,273.91808037502153,b'2026-04-14/2026-04-20',1776124800
1516,25,9,74.23578431833,0.0049797510438119,b'ACCESS-CM2',7,5.573301731108769e-06,263.54451507939683,269.72831645620033,b'ssp245',4.091913541784797,281.64846638786514,291.30818792397287,274.072088247594,b'2026-04-21/2026-04-27',1776729600
1516,25,9,83.7393375807595,0.0068639999008122,b'ACCESS-CM2',7,0.0003685789387274,300.5226876120032,233.51993682503752,b'ssp245',4.203023264299593,284.9282491373661,290.6562417207832,277.1774224603214,b'2026-04-28/2026-05-04',1777334400
1516,25,9,76.56771617990832,0.0063281004802281,b'ACCESS-CM2',7,0.0003179011632194,296.8146918194957,263.2650863214246,b'ssp245',6.319851830232352,284.53567444370265,294.0062181731504,275.66516368396645,b'2026-05-05/2026-05-11',1777939200
1516,25,9,85.11588277382698,0.0097217014797682,b'ACCESS-CM2',7,0.0001015438174389,313.5009888781788,301.40124932212194,b'ssp245',4.238697788370467,289.3025620448906,297.59783622669494,281.2587521429694,b'2026-05-12/2026-05-18',1778544000
1516,25,9,81.8684686159647,0.0090587050648747,b'ACCESS-CM2',7,0.0002260219162415,309.5594535989232,292.5680163513706,b'ssp245',4.216825749058613,288.9526618933452,297.7585591216945,278.84190955899123,b'2026-05-19/2026-05-25',1779148800
1516,25,9,87.48204695850731,0.0098136763718799,b'ACCESS-CM2',7,0.0005156634366107,331.1227482662055,254.5749401317732,b'ssp245',4.434612710446912,289.007046252986,298.29151560305047,280.36896175540954,b'2026-05-26/2026-06-01',1779753600
1516,25,9,89.1899573922211,0.0117325962144661,b'ACCESS-CM2',7,0.0004524580424799,339.8893952956335,279.5933690872639,b'ssp245',3.7683359803568943,291.3749564791005,298.9547128286271,282.58319457622736,b'2026-06-02/2026-06-08',1780358400
1516,25,9,84.74303678673309,0.0131912031273914,b'ACCESS-CM2',7,0.0002891052244915,351.80366107653583,299.18058808143206,b'ssp245',4.4655795250996215,294.4752863109944,302.99629991212475,286.4764069277405,b'2026-06-09/2026-06-15',1780963200
1516,25,9,78.43370542143744,0.0126034234815795,b'ACCESS-CM2',7,0.0002159117631975,343.5597807586381,316.7713039582137,b'ssp245',4.500192183908872,294.408521132192,303.4368084447241,284.941542423862,b'2026-06-16/2026-06-22',1781568000
1516,25,9,84.09212176205608,0.0126340112402537,b'ACCESS-CM2',7,0.0003816981747592,349.7228016657784,290.3821740547995,b'ssp245',3.61922441016666,293.8628384425545,301.4231818647414,284.7717021376553,b'2026-06-23/2026-06-29',1782172800
1516,25,9,84.37304346773097,0.0163145195247891,b'ACCESS-CM2',7,0.0003052303479477,374.2073544145114,306.32454562778133,b'ssp245',4.27063704772595,298.0583424303864,306.51343842034083,286.950375000385,b'2026-06-30/2026-07-06',1782777600
1516,25,9,74.08132984080578,0.0123543327539124,b'ACCESS-CM2',7,8.332238994449916e-05,350.1123309210648,306.5455619120931,b'ssp245',4.668040651789438,295.0296334141598,305.5578435181819,284.6113000623059,b'2026-07-07/2026-07-13',1783382400
1516,25,9,92.48248692770808,0.0163904575963847,b'ACCESS-CM2',7,0.0004712974324349,379.86085479997627,255.04853481105337,b'ssp245',4.959445418995637,296.9895988007073,303.0272683224844,285.08229002365925,b'2026-07-14/2026-07-20',1783987200
1516,25,9,84.15490493671267,0.0158310565017179,b'ACCESS-CM2',7,0.0003736724895064,374.6834687365772,270.6438782164619,b'ssp245',5.030631848475373,297.4542646575693,305.09803223233865,285.65209946497004,b'2026-07-21/2026-07-27',1784592000
1516,25,9,84.15661551985669,0.0152188200107386,b'ACCESS-CM2',7,0.0002368403969671,368.1999407815955,269.323710867498,b'ssp245',4.073806388870238,296.79400962083497,302.71496028478964,286.62468813345635,b'2026-07-28/2026-08-03',1785196800
1516,25,9,80.92810938948175,0.0149606770081189,b'ACCESS-CM2',7,0.0002234794960115,366.1989236275534,264.062282904358,b'ssp245',3.576271315639542,296.72677907991005,305.66213214284613,287.5827858621014,b'2026-08-04/2026-08-10',1785801600
1516,25,9,76.61532061397625,0.0134270101218639,b'ACCESS-CM2',7,1.3410153839543166e-06,355.7302023366315,266.7695020492574,b'ssp245',3.3335904194031167,295.8323349060911,305.93999214052025,287.4055923317509,b'2026-08-11/2026-08-17',1786406400
1516,25,9,77.89643973496219,0.0146212324562199,b'ACCESS-CM2',7,0.0001525174060395,368.2952423920874,240.6994125758167,b'ssp245',4.3139742849215885,297.3938296276366,306.5458090989748,288.6983754732631,b'2026-08-18/2026-08-24',1787011200
1516,25,9,86.78674919296891,0.0148908566125744,b'ACCESS-CM2',7,0.0001770558507344,373.10731989072747,223.19379490374877,b'ssp245',3.309112562849587,296.441440914063,304.2692337276808,286.68331042750026,b'2026-08-25/2026-08-31',1787616000
1516,25,9,80.01800009859419,0.0134223396572988,b'ACCESS-CM2',7,0.00031203463108,363.3443330521517,222.69157244977563,b'ssp245',4.149361100214029,295.95256689552144,304.1193941038113,284.22484504386824,b'2026-09-01/2026-09-07',1788220800
1516,25,9,75.29758310511393,0.0106156919719822,b'ACCESS-CM2',7,4.6936725511063125e-05,339.46926641270835,216.9136243754005,b'ssp245',3.5400517913015537,293.0349112360689,301.1900970266444,284.1226312294368,b'2026-09-08/2026-09-14',1788825600
1516,25,9,77.82915399180924,0.0103872428010643,b'ACCESS-CM2',7,0.0002329874572139,337.9365731540592,195.3069686545827,b'ssp245',4.793772748377259,292.29449355618374,301.3833961366479,283.02081226625654,b'2026-09-15/2026-09-21',1789430400
1516,25,9,81.28453521419075,0.0098708619906282,b'ACCESS-CM2',7,0.000665109776244,339.61034799363495,178.65774560887945,b'ssp245',5.443249720853425,291.0198701546502,297.9324778848642,282.56976284664887,b'2026-09-22/2026-09-28',1790035200
1516,25,9,74.23636072785428,0.0069089422038948,b'ACCESS-CM2',7,9.492747139479177e-05,302.56082990868987,171.36773766564485,b'ssp245',5.759133541514175,286.5975611627827,295.58658539684785,278.1579219685744,b'2026-09-29/2026-10-05',1790640000
1516,25,9,74.948863558535,0.0073136358066289,b'ACCESS-CM2',7,0.0001831021569035,315.72853938305144,158.05952241991275,b'ssp245',6.049962696485446,286.58698279925324,297.4543472915794,275.9874220405843,b'2026-10-06/2026-10-12',1791244800
1516,25,9,78.26720530581721,0.0071609992247054,b'ACCESS-CM2',7,0.0002515218350088,305.6224636371848,146.06044861087395,b'ssp245',5.122150331050654,286.3054913610636,295.8167675511694,279.1000595333448,b'2026-10-13/2026-10-19',1791849600
1516,25,9,73.33546125249532,0.0050251673592892,b'ACCESS-CM2',7,1.976640465134968e-05,300.4569523842714,123.37822637261438,b'ssp245',5.382215820652453,282.1817495338333,287.8335628088341,275.8273606646324,b'2026-10-20/2026-10-26',1792454400
1516,25,9,74.0959982285364,0.0048919970293685,b'ACCESS-CM2',7,0.0001527313491377,286.1914142060247,119.43934962963296,b'ssp245',5.8423205334197945,280.72623591790494,289.654409799666,271.7932712783573,b'2026-10-27/2026-11-02',1793059200
1516,25,9,79.58581234990825,0.0050227389536707,b'ACCESS-CM2',7,0.0005458397189159,289.49172237511414,111.71045157736408,b'ssp245',6.4038495461969775,280.06775247540327,290.8031620061735,270.3120412736285,b'2026-11-03/2026-11-09',1793664000
1516,25,9,79.92998856195946,0.005414729136749,b'ACCESS-CM2',7,0.0003720581882742,298.37236328262526,100.37408254381876,b'ssp245',5.21745562145118,281.4807705357033,291.3422521356528,273.7566080183637,b'2026-11-10/2026-11-16',1794268800
1516,25,9,81.82187098519874,0.0045966711214274,b'ACCESS-CM2',7,0.0005544528188458,288.5920883701319,86.45649186057406,b'ssp245',7.934190351020758,278.1807370282551,288.1744623515132,268.12423446125786,b'2026-11-17/2026-11-23',1794873600
1516,25,9,78.2711466806007,0.00420057415651,b'ACCESS-CM2',7,0.000449821086023,283.76808123182417,86.02774315774306,b'ssp245',5.864232967006241,277.6514151368178,288.82777505868614,268.66745014371173,b'2026-11-24/2026-11-30',1795478400
1516,25,9,78.59465665675434,0.0046982520411324,b'ACCESS-CM2',7,0.000825430396091,283.46712980059795,76.23157142958914,b'ssp245',6.647011677119687,278.43975653353976,288.91930242592605,267.76066521966493,b'2026-12-01/2026-12-07',1796083200
1516,25,9,68.51958998069402,0.0028648699325084,b'ACCESS-CM2',7,6.479125028750129e-05,257.6406970305612,74.72948381201324,b'ssp245',7.788018608372616,274.49018045694453,287.9185052625012,268.5048644249372,b'2026-12-08/2026-12-14',1796688000
1516,25,9,68.43054305287619,0.0023164388194791,b'ACCESS-CM2',7,1.0295589821750484e-05,243.73227491546396,81.41632196805453,b'ssp245',6.792402841369007,271.7636038946536,279.14599094330697,257.4390845073134,b'2026-12-15/2026-12-21',1797292800
1516,25,9,74.26612680889885,0.0022432617095553,b'ACCESS-CM2',7,6.249403435048902e-05,239.43187373927609,81.73273287511397,b'ssp245',6.088926075814596,269.8833495351096,284.4453908637495,259.4966499978436,b'2026-12-22/2026-12-28',1797897600
1516,25,9,75.61372942363641,0.0039124443948498,b'ACCESS-CM2',7,0.0002027148680677,277.9425173566491,82.58971970099596,b'ssp245',6.147211823070195,277.1124170964341,285.7212167252501,270.83272574150976,b'2026-12-29/2027-01-04',1798502400
1516,25,9,65.78010634378894,0.0027422004376918,b'ACCESS-CM2',7,2.419395968023092e-06,240.91100523417032,97.98475462168707,b'ssp245',7.198535793157459,274.5489729425293,280.1604961311027,269.1489012324096,b'2027-01-05/2027-01-11',1799107200
1516,25,9,73.74889998674499,0.0029652297023894,b'ACCESS-CM2',7,0.0002427537819172,272.3127495076754,81.32084546082724,b'ssp245',5.750202816045193,274.3774724189308,279.9909036919145,269.17222667417315,b'2027-01-12/2027-01-18',1799712000
1516,25,9,74.98994231857979,0.0020386802979336,b'ACCESS-CM2',7,0.0003013123419653,246.89174960851133,93.60480280167458,b'ssp245',8.540677478583131,268.4604171470996,278.87897960771147,256.1471112849961,b'2027-01-19/2027-01-25',1800316800
1516,25,9,78.0904989014772,0.0024246568943185,b'ACCESS-CM2',7,0.0002217284087946,248.796880779636,101.2047973820195,b'ssp245',7.154877248461475,269.6292224211862,282.73146629935184,255.78561991020703,b'2027-01-26/2027-02-01',1800921600
1516,25,9,73.70491383343249,0.0024988180330014,b'ACCESS-CM2',7,0.0002463128725781,240.1391338676738,122.90645985046773,b'ssp245',6.841556165604078,271.0131036896811,283.291069439909,257.6318386811939,b'2027-02-02/2027-02-08',1801526400
1516,25,9,73.12453318523254,0.0028088820324694,b'ACCESS-CM2',7,0.0002230897717855,247.11887419100225,132.54536756108934,b'ssp245',8.007850868415058,272.54476302268534,284.50465152391496,261.4826456545279,b'2027-02-09/2027-02-15',1802131200
1516,25,9,68.34228196558838,0.0022415066256318,b'ACCESS-CM2',7,3.999515794684697e-05,225.3905357990033,155.06968347378387,b'ssp245',7.205957370171842,271.0763364278717,278.151423553563,259.4363509698621,b'2027-02-16/2027-02-22',1802736000
1516,25,9,77.91381537930393,0.0028628981808368,b'ACCESS-CM2',7,0.0009330878682606,252.24913577766984,139.1496108623709,b'ssp245',9.082108003591404,272.1832025776365,282.04489246452647,263.4075847348956,b'2027-02-23/2027-03-01',1803340800
1516,25,9,73.27445339909434,0.0027892972075528,b'ACCESS-CM2',7,0.0001806174452291,248.67978674057852,173.18138538238537,b'ssp245',5.613501779127357,272.93195126753983,284.381913001605,263.4869368399731,b'2027-03-02/2027-03-08',1803945600
1516,25,9,73.67162261625946,0.0032820261156256,b'ACCESS-CM2',7,0.0005031466030583,258.7038485753531,170.1305579348371,b'ssp245',8.455782240390132,275.2583485930392,285.7456007033868,266.78960040841577,b'2027-03-09/2027-03-15',1804550400
1516,25,9,79.35246661419588,0.0042195864310429,b'ACCESS-CM2',7,0.0003478226701781,265.88116574727934,187.9005196594128,b'ssp245',5.943302844869708,277.8864190822359,285.52442022377755,270.751747636765,b'2027-03-16/2027-03-22',1805155200
1516,25,9,69.61064513259343,0.0032650024324584,b'ACCESS-CM2',7,0.0002468122562643,242.0041839510216,220.69478493029064,b'ssp245',5.912435684294354,275.6169507171507,284.41425494365507,266.4994198772058,b'2027-03-23/2027-03-29',1805760000
1516,25,9,72.85828817401077,0.003376901346171,b'ACCESS-CM2',7,0.0001236414019135,246.8689478822203,221.0049567203255,b'ssp245',6.437300157095732,274.94778311730715,283.877654692352,265.8640869333165,b'2027-03-30/2027-04-05',1806364800
1516,25,9,71.09855859007799,0.0038987101289036,b'ACCESS-CM2',7,0.0002067617647024,252.45084705326997,229.65127465143672,b'ssp245',5.557392841311605,278.4567978709815,285.6366935754048,268.7142734467419,b'2027-04-06/2027-04-12',1806969600
1516,25,9,86.55657348185844,0.0058794262575143,b'ACCESS-CM2',7,0.0005649216690962,295.4517771242545,199.54788766373596,b'ssp245',4.286173899144727,281.6277845536551,288.37485005953334,274.5136266281176,b'2027-04-13/2027-04-19',1807574400
1516,25,9,83.69665306266657,0.0066441343529606,b'ACCESS-CM2',7,0.0002319407079626,285.7264586212722,237.1780521174496,b'ssp245',3.724875953295253,283.82377740035673,292.01245165322484,273.9068311336289,b'2027-04-20/2027-04-26',1808179200
1516,25,9,85.25927730077233,0.0075496512331083,b'ACCESS-CM2',7,0.0002016075320371,304.3816494625826,237.30676832022888,b'ssp245',3.9847640532961615,285.8475632669691,298.01131330905275,275.83564142173026,b'2027-04-27/2027-05-03',1808784000
1516,25,9,84.07185308930035,0.0093326955545171,b'ACCESS-CM2',7,0.0001185770664682,318.72376640082587,283.46637709670483,b'ssp245',5.638205790530458,289.2212083703927,300.06715267915456,279.3848717144987,b'2027-05-04/2027-05-10',1809388800
1516,25,9,78.24741451457687,0.0081215731492378,b'ACCESS-CM2',7,0.0001234178210701,298.77075376162503,302.13581718867727,b'ssp245',5.8007921743307,287.7102808150798,300.44144076278155,275.00031706512164,b'2027-05-11/2027-05-17',1809993600
1516,25,9,81.50309187488116,0.0089338116413682,b'ACCESS-CM2',7,0.0003812662320971,308.73283979666024,304.29088530985285,b'ssp245',3.8521880000869984,288.9700999249204,297.07090845920305,279.22753246800755,b'2027-05-18/2027-05-24',1810598400
1516,25,9,86.47158727177417,0.0112698884200725,b'ACCESS-CM2',7,4.0049832225517486e-05,329.20948292963027,315.6367095734096,b'ssp245',3.324753526579748,291.7405121894826,301.51009578283646,280.53883987571163,b'2027-05-25/2027-05-31',1811203200
1516,25,9,77.07485885413824,0.0101640555228443,b'ACCESS-CM2',7,8.164119396239045e-05,320.0722641671977,331.90650201757086,b'ssp245',4.6012659823910615,291.90002580997697,301.1797703403027,280.6608540628234,b'2027-06-01/2027-06-07',1811808000
1516,25,9,78.45632825578961,0.0120001991502704,b'ACCESS-CM2',7,0.0002037748305024,345.46030259959707,297.673352276328,b'ssp245',5.100200258971013,293.91220798294734,304.4142976393835,283.5316531304681,b'2027-06-08/2027-06-14',1812412800
1516,25,9,78.82461604410165,0.0124795614582674,b'ACCESS-CM2',7,0.0001561982861009,343.3660663537691,319.04996190322527,b'ssp245',4.436529033728793,294.52237335933984,303.8046370545396,285.40097079592925,b'2027-06-15/2027-06-21',1813017600
1516,25,9,81.90565598854452,0.0132711581137062,b'ACCESS-CM2',7,0.0003288807256967,360.508300409923,283.1467904000198,b'ssp245',4.16181403068123,295.2178571029739,302.45523639281845,288.4538364831581,b'2027-06-22/2027-06-28',1813622400
1516,25,9,80.00992461484313,0.0139532662340938,b'ACCESS-CM2',7,0.0001709879653574,352.5614327924539,311.9396559520582,b'ssp245',4.013841719550021,295.719309129066,302.7174471304619,286.1808991056135,b'2027-06-29/2027-07-05',1814227200
1516,25,9,79.06544170577334,0.0153809464288981,b'ACCESS-CM2',7,0.0001007899089755,364.8240344205274,317.3523338768277,b'ssp245',3.849471765576638,297.6077373929258,308.1411192018527,288.5448399973968,b'2027-07-06/2027-07-12',1814832000
1516,25,9,83.46447305047549,0.0154578020884736,b'ACCESS-CM2',7,0.000242492312229,364.6283204404015,296.27802604616846,b'ssp245',3.367119336192701,297.0751101754709,306.7245020821267,285.7152341728331,b'2027-07-13/2027-07-19',1815436800
1516,25,9,92.8663241939536,0.0167547737807706,b'ACCESS-CM2',7,0.0003501270630559,381.8873070969997,256.3941996859343,b'ssp245',3.6720117592177663,297.43243274800454,305.6898041252834,290.4623228728959,b'2027-07-20/2027-07-26',1816041600
1516,25,9,87.11542329620595,0.0159967166267556,b'ACCESS-CM2',7,8.738359738644482e-05,369.5378846782669,280.3749535463049,b'ssp245',2.1257557175942723,297.12617727849545,305.00322013397704,287.306016169888,b'2027-07-27/2027-08-02',1816646400
1516,25,9,84.73737740054652,0.0167550270877099,b'ACCESS-CM2',7,0.0003306072156881,381.2340985057912,257.0917671207052,b'ssp245',3.901392979952815,298.3919084023763,307.2776760739107,289.15017262166987,b'2027-08-03/2027-08-09',1817251200
1516,25,9,79.76847824399242,0.0128045135522668,b'ACCESS-CM2',7,0.0001799924933229,358.2077203297626,245.6631907307924,b'ssp245',4.282598474827259,294.91354625232583,305.5648312252778,286.303698037325,b'2027-08-10/2027-08-16',1817856000
1516,25,9,82.52818454606621,0.0149222074809755,b'ACCESS-CM2',7,5.755510074908246e-05,367.0669298348205,247.12855198341427,b'ssp245',3.1309387470054544,297.04260740757206,306.8497356811909,289.6233701495342,b'2027-08-17/2027-08-23',1818460800
1516,25,9,85.15667309101342,0.0150733704579243,b'ACCESS-CM2',7,0.0002826969245117,378.2780916094511,209.1170476369355,b'ssp245',3.4266191799933976,297.10835183596174,306.0576471755933,288.2817931069936,b'2027-08-24/2027-08-30',1819065600
1516,25,9,88.84088636400894,0.014817057989551,b'ACCESS-CM2',7,0.0001139804302766,372.73373199229087,209.1317637040842,b'ssp245',2.75682730057477,296.25023406666105,304.1743674293301,289.0669619683587,b'2027-08-31/2027-09-06',1819670400
1516,25,9,82.65347360866248,0.0134492264141392,b'ACCESS-CM2',7,0.0003935164545551,363.8321586701719,205.2370989757811,b'ssp245',3.896800773860421,295.6993977846246,305.24569750283416,285.63254198140527,b'2027-09-07/2027-09-13',1820275200
1516,25,9,78.7528352655769,0.011212656112747,b'ACCESS-CM2',7,6.035896309612188e-05,353.0087853561064,194.6607792473097,b'ssp245',4.583835155000124,293.46397188796067,303.24692215302764,283.539096098217,b'2027-09-14/2027-09-20',1820880000
1516,25,9,79.85037302100588,0.0106711277210225,b'ACCESS-CM2',7,0.0002371693303984,347.0169956160859,178.2217727599245,b'ssp245',5.581709261787212,292.0570317698578,302.5875632589924,280.4223558684629,b'2027-09-21/2027-09-27',1821484800
1516,25,9,85.5967564834244,0.0110602812055009,b'ACCESS-CM2',7,9.815235301947342e-06,334.4973384312221,192.33119520038676,b'ssp245',2.9232449489920564,291.46838494430204,300.9865810261915,278.0452252697869,b'2027-09-28/2027-10-04',1822089600
1516,25,9,87.47456802017466,0.0102255346560736,b'ACCESS-CM2',7,0.0007791079951225,342.70733382649223,133.26542413100404,b'ssp245',4.272025215405502,290.3796361482267,297.4808775603959,280.7270128027498,b'2027-10-05/2027-10-11',1822694400
1516,25,9,82.91814634745161,0.0085763494133043,b'ACCESS-CM2',7,0.0002351520759747,329.66398478951095,146.73404339639492,b'ssp245',3.369055723757183,289.2519981999717,295.913671884627,281.24097512422674,b'2027-10-12/2027-10-18',1823299200
1516,25,9,85.07885306394009,0.0082708658656183,b'ACCESS-CM2',7,7.097879556213108e-05,340.5372534911339,123.15143190842052,b'ssp245',4.878190678591769,288.8509466472968,294.70024826097944,282.6809716450303,b'2027-10-19/2027-10-25',1823904000
1516,25,9,80.58251370691725,0.0074886492925261,b'ACCESS-CM2',7,0.0009716337157449,321.3643787275729,100.60683270111016,b'ssp245',6.26071091851118,286.956245982792,293.17444093144644,277.8444775121069,b'2027-10-26/2027-11-01',1824508800
1516,25,9,71.67030813157854,0.0042548589546899,b'ACCESS-CM2',7,2.116970751687272e-05,278.5212733134218,113.09610228605128,b'ssp245',6.048406827229537,279.0393016002048,289.004864858152,271.7750638366121,b'2027-11-02/2027-11-08',1825113600
1516,25,9,78.25659220430323,0.0053647747076543,b'ACCESS-CM2',7,0.00027737653652,289.9507708487182,108.01025687342778,b'ssp245',4.551892931260413,281.6393151096311,290.4116414067121,272.7641822020714,b'2027-11-09/2027-11-15',1825718400
1516,25,9,77.35025496738567,0.0054525004386831,b'ACCESS-CM2',7,0.0005084134795776,299.70128064630484,82.33794388463767,b'ssp245',6.740785926298388,280.4630000908238,292.12261298627885,270.0491382586843,b'2027-11-16/2027-11-22',1826323200
1516,25,9,77.47153634238533,0.0059238090049227,b'ACCESS-CM2',7,0.0001981224144755,303.6520031021758,82.07810444292478,b'ssp245',6.387246994888423,281.7716843964765,292.2755909627921,267.4643674543603,b'2027-11-23/2027-11-29',1826928000
1516,25,9,76.35019157619399,0.0046511484417999,b'ACCESS-CM2',7,9.308128873507187e-05,280.45786970636226,83.05923731641867,b'ssp245',6.462117073986109,278.9032201573568,291.0499894295581,270.23232603825227,b'2027-11-30/2027-12-06',1827532800
1516,25,9,73.15080284782228,0.0034184085889628,b'ACCESS-CM2',7,7.098144922087493e-05,268.17658754188017,72.12998044141621,b'ssp245',7.189022215060577,275.8305951153281,282.78568082502585,268.9395281674358,b'2027-12-07/2027-12-13',1828137600
1516,25,9,72.93871792848715,0.0038958798735429,b'ACCESS-CM2',7,0.0004459867005095,267.6767633583375,75.54027475801445,b'ssp245',6.613269538855756,276.1198179598271,289.02713874311473,265.4932493095518,b'2027-12-14/2027-12-20',1828742400
1516,25,9,77.7829463455042,0.0028574377405484,b'ACCESS-CM2',7,0.0005628131254081,255.3241455951431,74.37146986385035,b'ssp245',7.8614959804901074,271.5500079684023,285.6688420148302,261.1624244184524,b'2027-12-21/2027-12-27',1829347200
1516,25,9,78.61068847470585,0.0028638392167722,b'ACCESS-CM2',7,0.0003643146326863,268.14067650786814,70.78464949695093,b'ssp245',7.24487185725332,272.08832071105763,280.25990507204074,258.40883147904555,b'2027-12-28/2028-01-03',1829952000
1516,25,9,76.8482864142646,0.0019661971046979,b'ACCESS-CM2',7,0.0002957210034413,233.7015373432835,90.3036230980356,b'ssp245',7.188506859495276,268.3013446011915,276.83932586573644,261.3418321098063,b'2028-01-04/2028-01-10',1830556800
1516,25,9,78.07362866842193,0.0015180761988674,b'ACCESS-CM2',7,2.356434367574709e-05,228.5609468457504,94.54445817009616,b'ssp245',7.089051844032566,265.6434426911514,277.76432521110075,259.24805188103807,b'2028-01-11/2028-01-17',1831161600
1516,25,9,85.5566179482665,0.0025072851378137,b'ACCESS-CM2',7,0.0009728547560784,262.3425900500978,74.22239151963676,b'ssp245',10.875313968151309,268.8357316473144,280.40876640055086,257.66869029336925,b'2028-01-18/2028-01-24',1831766400
1516,25,9,78.65218346051236,0.002123202265062,b'ACCESS-CM2',7,0.0004659738653502,241.85427908018505,104.08549064663735,b'ssp245',7.887567647892701,268.04101198049426,281.6497081672356,257.7592805687937,b'2028-01-25/2028-01-31',1832371200
1516,25,9,81.6569420606932,0.0019842967960079,b'ACCESS-CM2',7,0.0001320949560429,229.87552494635287,131.2253771434232,b'ssp245',10.44992674681022,266.4917530199062,280.5914430828876,257.21486107859323,b'2028-02-01/2028-02-07',1832976000
1516,25,9,78.51434427599156,0.0040037545295572,b'ACCESS-CM2',7,0.0004418288001579,288.0409236734329,105.15278004632978,b'ssp245',6.379355257295606,276.8503825190691,286.14312094318376,268.96998268873534,b'2028-02-08/2028-02-14',1833580800
1516,25,9,82.87492195514474,0.004505168623018,b'ACCESS-CM2',7,0.0004367609292495,288.64231881497943,120.65190264446986,b'ssp245',6.137250232718022,277.17945338520394,286.2037748703821,263.33381662459027,b'2028-02-15/2028-02-21',1834185600
1516,25,9,75.31692850251304,0.0025854816668363,b'ACCESS-CM2',7,0.000593670864369,239.20847821160444,154.2827754009946,b'ssp245',6.831621885514571,271.5355311183577,280.8158044664642,264.16568570783835,b'2028-02-22/2028-02-28',1834790400
1516,25,9,76.20217299149776,0.0029121406049569,b'ACCESS-CM2',7,5.967641401948196e-05,247.0764812591539,169.46249160147724,b'ssp245',7.535325564474284,272.1804618887022,280.87977600097656,256.29648380700723,b'2028-02-29/2028-03-06',1835395200
1516,25,9,78.90700471696685,0.0034476027771731,b'ACCESS-CM2',7,0.0003358147826676,257.57455653035464,166.84946617514984,b'ssp245',7.1251961913072295,274.85548409818256,282.6158357253209,265.5852879665628,b'2028-03-07/2028-03-13',1836000000
1516,25,9,72.11921534338423,0.0032038494186797,b'ACCESS-CM2',7,0.0004085934798226,243.06861367210604,193.4845872958967,b'ssp245',6.492059480719547,274.77774612406125,287.3754157899682,265.4724881145104,b'2028-03-14/2028-03-20',1836604800
1516,25,9,77.85660365509955,0.0046574857656005,b'ACCESS-CM2',7,0.0009368007788869,273.5116290470242,196.6869279724781,b'ssp245',7.408158975659646,278.2287151238681,293.1724083355925,264.2668745359788,b'2028-03-21/2028-03-27',1837209600
1516,25,9,78.89186034217617,0.0051152979698112,b'ACCESS-CM2',7,0.0001970236888195,276.1084655892371,203.83275263864965,b'ssp245',6.306517106017964,280.45535932956057,291.39945295556487,270.57666179283933,b'2028-03-28/2028-04-03',1837814400
1516,25,9,84.32363342518954,0.0056303486204065,b'ACCESS-CM2',7,0.0001360845426639,286.100215456302,211.28294848407265,b'ssp245',4.90517285795242,281.9124622869298,288.8107746497314,273.3316507911081,b'2028-04-04/2028-04-10',1838419200
1516,25,9,90.76806864452662,0.0068848258073878,b'ACCESS-CM2',7,0.0002446013990177,315.2663981646984,198.13964253752656,b'ssp245',4.845380335414984,284.43486847432683,289.6138648385129,278.7639562083344,b'2028-04-11/2028-04-17',1839024000
1516,25,9,81.69381417837053,0.0063663877747405,b'ACCESS-CM2',7,9.929142818716092e-05,286.1943280846216,240.96131845055643,b'ssp245',3.917597064621656,284.2881850130443,291.0267341204622,277.47473409273647,b'2028-04-18/2028-04-24',1839628800
1516,25,9,80.95700075820847,0.007040449561771,b'ACCESS-CM2',7,4.1522981534358985e-05,281.35242088768274,282.8168353699198,b'ssp245',3.8873473959175406,285.2038653916526,296.9935642085993,275.3049736624636,b'2028-04-25/2028-05-01',1840233600
1516,25,9,86.10587877408508,0.0084119979091745,b'ACCESS-CM2',7,0.000180877209503,315.3758391371285,233.3285620123376,b'ssp245',4.858789500431629,287.5954971279094,297.1449781351661,279.44975381845177,b'2028-05-02/2028-05-08',1840838400
1516,25,9,97.10789279671282,0.0114763414528373,b'ACCESS-CM2',7,0.0003717004313413,358.9655284976143,213.74225362714964,b'ssp245',2.929932485861303,290.84185435504406,297.36059358518577,284.5131747369134,b'2028-05-09/2028-05-15',1841443200
1516,25,9,80.69561104862579,0.008970221450742,b'ACCESS-CM2',7,2.5851147150813057e-05,314.22939156475985,294.304261347258,b'ssp245',4.0523827236587255,289.4893416498845,297.3986187763395,278.6423013488577,b'2028-05-16/2028-05-22',1842048000
1516,25,9,83.13512210579485,0.0101518245910618,b'ACCESS-CM2',7,0.0006645712645716,324.40723735848866,279.7266388317656,b'ssp245',3.975980549956721,290.4958786897801,299.72778455090446,279.8037365453101,b'2028-05-23/2028-05-29',1842652800
1516,25,9,96.63555863334446,0.0126914145891252,b'ACCESS-CM2',7,0.0007701009400632,367.3750907206869,186.411715046357,b'ssp245',4.716511920262371,292.79125328115543,296.4888111198738,288.9479597314299,b'2028-05-30/2028-06-05',1843257600
1516,25,9,93.42598782471032,0.0128623075515061,b'ACCESS-CM2',7,0.0007331586540756,358.9830992304564,234.47521194588657,b'ssp245',4.045448003131132,292.85031455935206,299.99343761359853,285.94995588910314,b'2028-06-06/2028-06-12',1843862400
1516,25,9,81.6845211890325,0.0137725224260554,b'ACCESS-CM2',7,0.000186016740948,353.4833688826215,309.9251922875602,b'ssp245',4.077629919415285,295.976784876737,303.8952087979963,286.84313844506295,b'2028-06-13/2028-06-19',1844467200
1516,25,9,85.49121923046962,0.0118070712164899,b'ACCESS-CM2',7,1.7926038104795734e-05,337.5689392089844,317.25177371217194,b'ssp245',3.310730692071386,292.3823756956743,301.06884332410164,284.4638064892886,b'2028-06-20/2028-06-26',1845072000
1516,25,9,88.04665123422492,0.0137591737869382,b'ACCESS-CM2',7,0.0003725052102685,358.2753252301897,283.4002437892396,b'ssp245',3.991557774000095,294.6188235461255,301.91148540123777,287.9403930567792,b'2028-06-27/2028-07-03',1845676800
1516,25,9,84.73378929354791,0.0151374156865089,b'ACCESS-CM2',7,1.9425130056979568e-05,362.2074657094645,318.37064407300494,b'ssp245',2.3797890338182124,296.6660888108008,305.2408507915701,286.79085615380706,b'2028-07-04/2028-07-10',1846281600
1516,25,9,71.78023520972934,0.0129387747240766,b'ACCESS-CM2',7,4.037594438823538e-05,347.55348305962224,324.2106445848861,b'ssp245',3.914310202935946,296.1395559495717,306.1853433121642,284.99925515929976,b'2028-07-11/2028-07-17',1846886400
1516,25,9,78.34681923940623,0.0128741640555191,b'ACCESS-CM2',7,0.0001789921799729,346.1403421313444,289.856073669186,b'ssp245',2.871578206694733,294.6459871612728,301.0838864203131,286.8580330929921,b'2028-07-18/2028-07-24',1847491200
1516,25,9,83.05523232781924,0.0175253706094449,b'ACCESS-CM2',7,0.00016812121601,385.1193689773512,278.6187365146412,b'ssp245',4.52576425479521,299.7418873302568,309.40159910183974,289.6415811532679,b'2028-07-25/2028-07-31',1848096000
1516,25,9,78.01690830094903,0.0143700201461387,b'ACCESS-CM2',7,4.9049742591960685e-05,360.5289658713631,274.81103800996675,b'ssp245',4.014654466406403,296.618010628809,303.91924148703976,286.89812491143164,b'2028-08-01/2028-08-07',1848700800
1516,25,9,86.69325650366861,0.0152386677236962,b'ACCESS-CM2',7,0.000277176469309,369.88572694246375,237.9248960717619,b'ssp245',2.892362722436175,296.7538595109332,303.3985369468713,288.78366305474606,b'2028-08-08/2028-08-14',1849305600
1516,25,9,75.99464812414126,0.0137723619867503,b'ACCESS-CM2',7,0.0001226008864896,357.0190145416054,257.787725918784,b'ssp245',3.5337726849862827,296.42686619184855,305.0477158699878,286.6208630390348,b'2028-08-15/2028-08-21',1849910400
1516,25,9,79.50110298387098,0.0137248662144697,b'ACCESS-CM2',7,0.0004972559089003,368.605047795836,222.01617255604123,b'ssp245',4.771296612042035,295.89681437467874,307.852870616251,285.8915838969619,b'2028-08-22/2028-08-28',1850515200
1516,25,9,85.63589596157409,0.0137203283970583,b'ACCESS-CM2',7,0.0001289944077266,364.3405480541695,210.4684677536609,b'ssp245',3.214851960237631,295.0297416972384,302.8764582492576,286.96945691033494,b'2028-08-29/2028-09-04',1851120000
1516,25,9,82.9195414298609,0.0139411498896135,b'ACCESS-CM2',7,0.0001887113257807,366.6557533982746,211.88639165904945,b'ssp245',3.7240191942241183,296.2284510691137,305.2645447066153,281.36625796537675,b'2028-09-05/2028-09-11',1851724800
1516,25,9,81.7462732625362,0.0125927745339213,b'ACCESS-CM2',7,0.0004714445479204,360.4947340124198,180.94815610152423,b'ssp245',4.590975677284801,294.4160419342055,303.4631156560375,281.94240418443167,b'2028-09-12/2028-09-18',1852329600
1516,25,9,78.21506134590193,0.0096780525026452,b'ACCESS-CM2',7,0.0002990453246396,336.6276509584528,177.97308693430668,b'ssp245',5.733925079053025,290.5461012301761,300.9713310939656,279.8278388375363,b'2028-09-19/2028-09-25',1852934400
1516,25,9,80.29792234155174,0.0086516192685073,b'ACCESS-CM2',7,0.0001998350964963,315.39255096999415,183.431306148768,b'ssp245',4.534967823923575,289.0099420259535,298.1722112228441,280.1273588066221,b'2028-09-26/2028-10-02',1853539200
1516,25,9,81.161403642253,0.0083462823815677,b'ACCESS-CM2',7,0.0002841879974962,323.0322292855646,162.57025120697776,b'ssp245',4.327752384423887,287.84268858928084,295.76885249862914,276.0080704072296,b'2028-10-03/2028-10-09',1854144000
1516,25,9,85.85293920516108,0.0097454771691821,b'ACCESS-CM2',7,7.322737364871056e-05,340.33626883370533,149.8443667363239,b'ssp245',4.679114389494766,290.3614317939968,297.1239524865376,277.08384189545546,b'2028-10-10/2028-10-16',1854748800
1516,25,9,82.89770410511073,0.0082494516018819,b'ACCESS-CM2',7,0.0002921803416473,314.50833268098967,145.03169688000878,b'ssp245',3.921274557528382,287.8455398855256,296.681052174854,278.6387831149417,b'2028-10-17/2028-10-23',1855353600
1516,25,9,71.13781068689278,0.0052505455071332,b'ACCESS-CM2',7,1.945521187351188e-05,289.26823823438025,134.15698885649053,b'ssp245',6.436091564753508,283.01710820380714,291.5115679912387,274.68003436067505,b'2028-10-24/2028-10-30',1855958400
1516,25,9,82.65870616477908,0.0079096092611891,b'ACCESS-CM2',7,0.0001485102749094,321.4248050657034,121.57962386830536,b'ssp245',4.967897955712675,286.7498228632689,296.25143100485815,277.3449378750677,b'2028-10-31/2028-11-06',1856563200
1516,25,9,88.24528885403426,0.0082991920464993,b'ACCESS-CM2',7,0.0004872516150593,337.8580539698211,96.17916050275308,b'ssp245',5.590073938249414,285.9475404826195,294.9796054009759,271.6692889962662,b'2028-11-07/2028-11-13',1857168000
1516,25,9,85.91858198622317,0.0066691799950334,b'ACCESS-CM2',7,0.0006127060539888,325.2326100896531,75.8341693431206,b'ssp245',6.013181516209826,282.83663974811816,291.81954893479207,270.9480535465084,b'2028-11-14/2028-11-20',1857772800
1516,25,9,70.60136243296724,0.0036589130939711,b'ACCESS-CM2',7,8.105918332971808e-06,260.0620902303427,97.53290517118504,b'ssp245',6.256164357918992,277.3397865725187,287.65916409176606,269.9860484126238,b'2028-11-21/2028-11-27',1858377600
1516,25,9,81.54831785981641,0.004857028882263,b'ACCESS-CM2',7,0.0006589631867376,287.95512057661523,80.41026655302868,b'ssp245',4.661524623726445,279.34050044867297,288.8670173909762,272.42108236126336,b'2028-11-28/2028-12-04',1858982400
1516,25,9,81.64430332742548,0.0043927268562132,b'ACCESS-CM2',7,0.0005482709160469,297.68756412267146,67.84699760959619,b'ssp245',7.577295674779168,278.88616765259945,285.9111711760801,273.4098638781237,b'2028-12-05/2028-12-11',1859587200
1516,25,9,79.7536133022231,0.0027912451400148,b'ACCESS-CM2',7,0.0003291191295502,261.6412037578237,72.94497074335209,b'ssp245',7.672091031300156,272.01390562534544,279.8487918023432,259.6076535486648,b'2028-12-12/2028-12-18',1860192000
1516,25,9,80.0582746236697,0.0035318065081198,b'ACCESS-CM2',7,0.0007715389913344,278.5824573236631,69.83623197004569,b'ssp245',7.20055458276,274.75680414778304,283.6728090111766,265.4229186145289,b'2028-12-19/2028-12-25',1860796800
1516,25,9,73.82763776052852,0.0027505454819572,b'ACCESS-CM2',7,0.0005158690505643,255.32948691053076,80.63329855930488,b'ssp245',7.833521450140714,272.27776456663554,282.6084352126257,265.25900658448035,b'2028-12-26/2029-01-01',1861401600
1516,25,9,79.97917372474481,0.0025944035903622,b'ACCESS-CM2',7,0.000212788751882,253.73782383358767,80.94722351548693,b'ssp245',7.222811337901214,271.1567295413127,279.5582452527356,263.6253276548175,b'2029-01-02/2029-01-08',1862006400
1516,25,9,75.7345041633458,0.0031340098026193,b'ACCESS-CM2',7,0.000385897288788,272.73834446498324,77.30182625098827,b'ssp245',6.012633702947299,273.78905693697146,284.43233684936905,263.63263156060543,b'2029-01-09/2029-01-15',1862611200
1516,25,9,79.4057459218806,0.0024987824947456,b'ACCESS-CM2',7,0.0002601667857716,254.45148746169005,89.94252310104335,b'ssp245',7.690496945338187,269.1119792331388,283.5431353451702,250.00224294572223,b'2029-01-16/2029-01-22',1863216000
1516,25,9,77.08500592823553,0.0038257115917943,b'ACCESS-CM2',7,9.934009354421878e-05,277.0638758834282,101.78697776880388,b'ssp245',6.818378976896681,276.2315942352556,285.81387430185026,255.1909095451283,b'2029-01-23/2029-01-29',1863820800
1516,25,9,68.76940771500878,0.0028118113774147,b'ACCESS-CM2',7,4.1184007941838844e-06,241.50734354150677,130.57876982136642,b'ssp245',7.020261450574547,273.05181640652506,285.1650342971368,254.38964699345053,b'2029-01-30/2029-02-05',1864425600
1516,25,9,74.31469943857557,0.0023991619138398,b'ACCESS-CM2',7,0.0002224608251099,241.81686496261864,133.52664194025397,b'ssp245',6.038978930903533,270.3974277106101,284.57950830309176,257.72888077696786,b'2029-02-06/2029-02-12',1865030400
1516,25,9,77.17259248971617,0.0030808329630532,b'ACCESS-CM2',7,0.0002820479540795,257.7807332159647,123.95925721438849,b'ssp245',7.967522242843917,272.50434821164515,284.05910720584524,260.58373941608033,b'2029-02-13/2029-02-19',1865635200
1516,25,9,76.43955009291976,0.0024128696677835,b'ACCESS-CM2',7,0.0002518423557858,242.87761274615403,137.12591991106527,b'ssp245',8.99449850525497,270.7374037767971,277.7476961635264,261.1300203822765,b'2029-02-20/2029-02-26',1866240000
1516,25,9,75.9767156173754,0.0028069318374108,b'ACCESS-CM2',7,0.0002875668282099,256.0037455995,140.8955329613086,b'ssp245',8.320092355039218,271.82596027362234,287.789514824419,258.47188397236044,b'2029-02-27/2029-03-05',1866844800
1516,25,9,75.96180621263625,0.0032373736859598,b'ACCESS-CM2',7,0.0002288468490497,262.44218426945514,154.85622917783854,b'ssp245',5.500158235155391,274.1585922275593,280.25882742608,264.2908882598395,b'2029-03-06/2029-03-12',1867449600
1516,25,9,84.13255557953747,0.0038267297922801,b'ACCESS-CM2',7,0.0004431407106595,274.1171817478697,154.25996266554583,b'ssp245',6.74384632031087,275.24582312138244,283.6524921501472,262.84742067740166,b'2029-03-13/2029-03-19',1868054400
1516,25,9,82.49964411057776,0.0040371901298079,b'ACCESS-CM2',7,0.0002579463676594,269.3822584938713,184.84131040568823,b'ssp245',6.6493404749654985,276.5063792878091,284.1520580207512,262.6423350433446,b'2029-03-20/2029-03-26',1868659200
1516,25,9,76.25912846912935,0.0036773723371766,b'ACCESS-CM2',7,0.0004385418670507,257.53921611591625,191.5778103364701,b'ssp245',6.977700539997646,276.01317600905224,285.9374954271768,259.91537311927,b'2029-03-27/2029-04-02',1869264000
1516,25,9,87.26131103123667,0.0053722830299886,b'ACCESS-CM2',7,0.0006646336202154,294.7738746825292,181.3206387468693,b'ssp245',5.762742798840908,279.13859756146536,291.5434169829456,267.39364522939974,b'2029-04-03/2029-04-09',1869868800
1516,25,9,74.54405740941628,0.0041242640029215,b'ACCESS-CM2',7,0.000184338773541,257.7630655117645,235.79991548047403,b'ssp245',6.395742445445479,277.6745696581393,287.22981122615585,265.3241790867754,b'2029-04-10/2029-04-16',1870473600
1516,25,9,78.47172349291161,0.0050073389682994,b'ACCESS-CM2',7,0.0001620927184692,279.326915130684,224.9695670019135,b'ssp245',5.207797688586908,280.07662126318513,288.1164160406552,270.4952459485749,b'2029-04-17/2029-04-23',1871078400
1516,25,9,88.74716403474675,0.0079607235913262,b'ACCESS-CM2',7,0.0012194302784929,313.8799987352877,211.15670610473413,b'ssp245',5.081776975833279,285.85359625797,293.69877128721413,274.6546397404716,b'2029-04-24/2029-04-30',1871683200
1516,25,9,87.04478250188083,0.0095230789887439,b'ACCESS-CM2',7,0.000276538853837,318.0226976378321,273.8855916831664,b'ssp245',5.605721702603619,288.70005584483,298.1878224562396,277.9773993747843,b'2029-05-01/2029-05-07',1872288000
1516,25,9,79.90528221353854,0.0081721323619102,b'ACCESS-CM2',7,3.306797769559029e-05,292.4677644637642,310.23543761409366,b'ssp245',3.7551748581757782,288.05892198243725,297.43638105422536,279.3574532108728,b'2029-05-08/2029-05-14',1872892800
1516,25,9,87.17147765432514,0.0107184163883996,b'ACCESS-CM2',7,0.0003440998299453,326.06505407648825,284.05205820916524,b'ssp245',4.288229410419489,291.26406654058786,299.4582020852844,282.8429259291207,b'2029-05-15/2029-05-21',1873497600
1516,25,9,82.2976458473429,0.0095185616961039,b'ACCESS-CM2',7,0.0001550076852415,321.00099505320924,278.6427230972489,b'ssp245',3.3889970017908504,289.9213503974684,297.561492679247,281.92961163926947,b'2029-05-22/2029-05-28',1874102400
1516,25,9,82.5339910447893,0.0116847804921698,b'ACCESS-CM2',7,0.0002307669469657,340.0762059683196,299.71237580418426,b'ssp245',5.543857462183749,293.1521811018983,301.38171377091754,282.042161718904,b'2029-05-29/2029-06-04',1874707200
1516,25,9,80.08770896014246,0.0121732659255157,b'ACCESS-CM2',7,8.816351266584247e-05,339.1646611066271,323.4036825557397,b'ssp245',4.208580611363463,293.8769809057606,304.7905919408949,282.392131143564,b'2029-06-05/2029-06-11',1875312000
1516,25,9,79.17952757496293,0.0121809501442663,b'ACCESS-CM2',7,0.0002444838563246,340.0444535560144,308.81447167072065,b'ssp245',4.110093852134909,294.209334254426,306.32395121577406,282.26183841356345,b'2029-06-12/2029-06-18',1875916800
1516,25,9,84.10117448563508,0.0150939349121606,b'ACCESS-CM2',7,6.98578740119107e-05,366.1271955465185,312.93694293386176,b'ssp245',3.7624584049617664,296.8980629960929,308.67717177333884,286.568863059444,b'2029-06-19/2029-06-25',1876521600
1516,25,9,76.60727021542687,0.0135768310860665,b'ACCESS-CM2',7,5.2052811032859634e-05,360.968577628632,293.8773934259883,b'ssp245',4.532373997959913,296.3301271882988,307.49810843964104,286.36796617959203,b'2029-06-26/2029-07-02',1877126400
1516,25,9,88.28368983670579,0.0173884728378244,b'ACCESS-CM2',7,0.0005256833703459,386.4976696961632,279.11600826172315,b'ssp245',3.981813396242837,299.010641826064,307.11451562345974,287.78086997432285,b'2029-07-03/2029-07-09',1877731200
1516,25,9,79.99423240121823,0.0162953962513159,b'ACCESS-CM2',7,6.757008187255042e-05,370.9160916507647,317.6623822315796,b'ssp245',3.905102813872414,298.7572709264493,309.8628940522106,289.88980073658075,b'2029-07-10/2029-07-16',1878336000
1516,25,9,88.33967125829462,0.0195860371447733,b'ACCESS-CM2',7,0.0002009763391951,398.22992848984666,269.4793513720505,b'ssp245',5.674763943279793,301.8892094052122,309.627079142381,294.22320455557167,b'2029-07-17/2029-07-23',1878940800
1516,25,9,77.77691619274798,0.0162780464642797,b'ACCESS-CM2',7,8.878894554272158e-05,372.3465859893207,302.8355631198685,b'ssp245',2.992474734917478,299.3321152455423,307.3122306366448,289.6406139289543,b'2029-07-24/2029-07-30',1879545600
1516,25,9,84.36990578210046,0.0166679263148924,b'ACCESS-CM2',7,0.0001783397458956,373.6605744398408,264.0298198959536,b'ssp245',3.578940517948575,298.43197696474346,306.4392504285939,289.14700100775394,b'2029-07-31/2029-08-06',1880150400
1516,25,9,84.81447615243121,0.0170469171583312,b'ACCESS-CM2',7,0.0002365907672177,384.944538874581,248.5921398333033,b'ssp245',3.722141545976052,298.9673178055201,310.30617790342507,288.6798414838051,b'2029-08-07/2029-08-13',1880755200
1516,25,9,81.30637102612721,0.0158139141700379,b'ACCESS-CM2',7,0.0001192749489724,376.71559616852153,241.158347371786,b'ssp245',3.242300439869407,298.6202166412477,310.37406011635574,290.47059501383205,b'2029-08-14/2029-08-20',1881360000
1516,25,9,80.46035812673617,0.0141838595324412,b'ACCESS-CM2',7,0.0003647973527477,358.39488207149634,239.8434219257205,b'ssp245',3.7234890552295545,296.51118842628205,305.71135718890173,287.00626727083124,b'2029-08-21/2029-08-27',1881964800
1516,25,9,87.13191083553086,0.016752432026397,b'ACCESS-CM2',7,0.0001085935539822,381.8534510484845,220.54703737304467,b'ssp245',3.472086718137224,298.8810760718093,306.0108969414648,290.3683416805809,b'2029-08-28/2029-09-03',1882569600
1516,25,9,82.33076836344034,0.0142032108934861,b'ACCESS-CM2',7,8.574537942355043e-05,366.31143178161926,217.62086046381324,b'ssp245',3.8387566896750616,296.92734761042544,305.7253233130422,286.10487558262577,b'2029-09-04/2029-09-10',1883174400
1516,25,9,81.35140615929994,0.0118275856461338,b'ACCESS-CM2',7,9.766977299195104e-05,362.38574610706274,186.95513745824084,b'ssp245',4.361396158477539,293.4298266788601,302.84373580018047,283.532609283736,b'2029-09-11/2029-09-17',1883779200
1516,25,9,77.74682371355274,0.0094625256482827,b'ACCESS-CM2',7,0.0001849237909875,323.85015039156013,199.1962130608028,b'ssp245',3.7927502551665433,290.33494037011013,299.2105343213969,278.8989562506932,b'2029-09-18/2029-09-24',1884384000
1516,25,9,77.51100390083138,0.0092934041744439,b'ACCESS-CM2',7,1.2035205341001095e-05,328.08169303986875,183.95487674886763,b'ssp245',3.1906163172176045,290.99563565625965,300.20693704984166,281.9333738212705,b'2029-09-25/2029-10-01',1884988800
1516,25,9,86.31766352711523,0.0115937604688513,b'ACCESS-CM2',7,2.786307994831614e-05,353.7414587088779,166.61206151988927,b'ssp245',3.5589327131267487,292.27669960768065,301.1192631285273,282.46495012830854,b'2029-10-02/2029-10-08',1885593600
1516,25,9,70.65111879380558,0.0071452125623014,b'ACCESS-CM2',7,3.325515110143473e-05,306.1411306992368,167.80154674920263,b'ssp245',5.321384984826977,287.8500803414096,298.85449334273954,274.6021035853244,b'2029-10-09/2029-10-15',1886198400
1516,25,9,69.20518481704553,0.0062128113913875,b'ACCESS-CM2',7,2.16503506555431e-05,299.3239591167875,155.56441368869747,b'ssp245',5.506721242691493,285.7422662075708,295.8715221031983,275.50027157756426,b'2029-10-16/2029-10-22',1886803200
1516,25,9,79.6991670719403,0.0070682832020166,b'ACCESS-CM2',7,0.0004122324593653,314.2542484415818,127.98007135619017,b'ssp245',5.809818829970082,285.4432335364061,294.78532274890017,275.36133101309883,b'2029-10-23/2029-10-29',1887408000
1516,25,9,78.97576673764696,0.0073690269498717,b'ACCESS-CM2',7,0.0004542428570772,314.3843654651478,121.33357723729468,b'ssp245',6.429014491143126,285.73543020818295,295.4772071718042,276.49837732164644,b'2029-10-30/2029-11-05',1888012800
1516,25,9,83.37965218749011,0.007011249466703,b'ACCESS-CM2',7,0.0001137841272694,311.3914100884209,114.3434563680187,b'ssp245',3.82204207416696,284.8566525817293,292.5941111567645,276.18816763219013,b'2029-11-06/2029-11-12',1888617600
1516,25,9,75.47453404117564,0.003880291598114,b'ACCESS-CM2',7,0.0002198761869165,275.235518429289,94.7105936933176,b'ssp245',5.564401358191416,275.8224623320392,292.0525536762803,266.80490911345373,b'2029-11-13/2029-11-19',1889222400
1516,25,9,78.40483817693186,0.0042090345595456,b'ACCESS-CM2',7,6.386981829098365e-05,284.3259556595405,82.73773930856052,b'ssp245',7.0918154682109575,278.34419137027254,285.1664662165596,270.9202589161389,b'2029-11-20/2029-11-26',1889827200
1516,25,9,77.51423065852559,0.003408755506863,b'ACCESS-CM2',7,0.0001596161290087,270.4228181705758,78.32200089549632,b'ssp245',6.866961150354176,274.9115806191072,283.2043358835888,268.44453718985665,b'2029-11-27/2029-12-03',1890432000
1516,25,9,78.71047699435329,0.0038693129424859,b'ACCESS-CM2',7,0.0002847967017609,278.69052596777715,75.36979733484723,b'ssp245',4.808604845113182,276.22528572649827,284.5657397730493,270.695178781022,b'2029-12-04/2029-12-10',1891036800
1516,25,9,81.84600446373558,0.0041425954565193,b'ACCESS-CM2',7,0.0006784420273611,290.7673348851868,66.64373319435893,b'ssp245',6.349304367959795,276.8018251464624,285.67667747521625,268.5246494425584,b'2029-12-11/2029-12-17',1891641600
1516,25,9,75.98648036391201,0.0033941651257879,b'ACCESS-CM2',7,0.0003979322798335,278.6563709357022,70.29047762375257,b'ssp245',7.215205946286663,275.8516875546813,280.80851119850706,271.3143535818588,b'2029-12-18/2029-12-24',1892246400
1516,25,9,74.72881177719137,0.0027046951930339,b'ACCESS-CM2',7,9.42399581730358e-05,255.99012155348032,75.67379770970872,b'ssp245',6.1224117486957175,272.24890650387766,280.9694087272187,266.1030165615142,b'2029-12-25/2029-12-31',1892851200
1559,25,5,68.43450887560267,0.0027500085925777,b'ACCESS-CM2',6,1.4886772850242526e-05,262.81215246449347,81.90613797689981,b'ssp245',10.042662437180963,274.1816311158996,279.78690145741336,268.4145696225374,b'2024-12-31/2025-01-06',1735603200
1559,25,5,73.87869060034583,0.0029134352492143,b'ACCESS-CM2',7,0.0003185166635675,257.6675708304774,93.69869738987516,b'ssp245',8.117773555672686,272.08349688354235,286.3054187719373,255.5658616660298,b'2025-01-07/2025-01-13',1736208000
1559,25,5,77.73437756998445,0.0042058359787704,b'ACCESS-CM2',7,0.0006323409669529,290.9551829494057,84.38216277649683,b'ssp245',7.841394629784498,277.625169660043,288.14714581033456,268.8914292929829,b'2025-01-14/2025-01-20',1736812800
1559,25,5,69.77355513246903,0.0041192846928527,b'ACCESS-CM2',7,0.0005402817480826,288.0529221781539,95.78205540737996,b'ssp245',7.496559905956496,278.1996657219486,288.1764759008435,266.5063542020493,b'2025-01-21/2025-01-27',1737417600
1559,25,5,72.94136912659827,0.0034630628180251,b'ACCESS-CM2',7,0.0004463669662522,267.57242080972804,111.52519638503806,b'ssp245',9.28707693131567,274.52299743399607,289.21443516828003,262.2332927759143,b'2025-01-28/2025-02-03',1738022400
1559,25,5,70.39958863979047,0.0025650872830127,b'ACCESS-CM2',7,0.0001186548690077,246.4822076011642,125.9005456667756,b'ssp245',9.871432399848478,272.8087925059948,282.2830123680225,266.0318100639012,b'2025-02-04/2025-02-10',1738627200
1559,25,5,70.60603977464,0.0031024486371209,b'ACCESS-CM2',7,0.0004905849519011,251.01093997362975,135.89207985524558,b'ssp245',8.580793447376038,275.1146868466837,282.76678250077833,268.3764473735422,b'2025-02-11/2025-02-17',1739232000
1559,25,5,72.54978179852661,0.0032440246066934,b'ACCESS-CM2',7,6.188632325485901e-05,269.1350299400819,134.39821827574545,b'ssp245',9.246838723749352,276.0939173980776,281.1212483281674,266.71970568670747,b'2025-02-18/2025-02-24',1739836800
1559,25,5,73.3432261709841,0.0034196160618489,b'ACCESS-CM2',7,0.0003903440949836,268.6912994669091,141.44446386807206,b'ssp245',7.160015271563955,275.4676552592844,285.12380141106206,262.83681238146795,b'2025-02-25/2025-03-03',1740441600
1559,25,5,77.5546578211814,0.003815594695144,b'ACCESS-CM2',7,0.0003489522296274,270.58580081220987,161.99293714566753,b'ssp245',8.543937253557129,276.6267458013373,286.0549425650334,268.2401166832965,b'2025-03-04/2025-03-10',1741046400
1559,25,5,76.83403965414928,0.0038997240276817,b'ACCESS-CM2',7,0.0005974889085984,276.50567239007097,148.6795522196199,b'ssp245',8.57643051078354,277.02812268748784,287.3324839274088,264.2109196759653,b'2025-03-11/2025-03-17',1741651200
1559,25,5,80.45030806010308,0.0042432245362634,b'ACCESS-CM2',7,0.0001927147557139,291.25357416441227,144.45837786024893,b'ssp245',7.611381157486087,278.58720457341605,282.2924108532892,273.59530458312105,b'2025-03-18/2025-03-24',1742256000
1559,25,5,77.40717702514142,0.0047569234787503,b'ACCESS-CM2',7,0.000327636428021,285.73688336169005,184.1958926609584,b'ssp245',6.288775367815795,280.6972334267437,289.6915810405344,274.0200718091882,b'2025-03-25/2025-03-31',1742860800
1559,25,5,77.77611718266647,0.0049169738800119,b'ACCESS-CM2',7,0.0003406479667499,275.59500607950594,206.94666277646525,b'ssp245',9.10303932351849,280.6868510812953,288.62652415399964,272.86968122841654,b'2025-04-01/2025-04-07',1743465600
1559,25,5,82.04958383627311,0.0056310646171347,b'ACCESS-CM2',7,7.439878449358765e-05,290.6574770467375,206.06226589605677,b'ssp245',6.166409865077237,282.5377938596358,288.14022893491,275.1751283065132,b'2025-04-08/2025-04-14',1744070400
1559,25,5,88.43968091218368,0.0075206665319291,b'ACCESS-CM2',7,0.0002531453533545,311.71167369392344,211.14532313060565,b'ssp245',5.855769033659072,285.88505331161844,293.2252908900164,276.80515570156814,b'2025-04-15/2025-04-21',1744675200
1559,25,5,87.23462394256275,0.0073865435189349,b'ACCESS-CM2',7,0.0002651542473496,313.7228944197945,210.3149112804089,b'ssp245',5.129663958658095,285.069926607436,294.129778300852,276.44914378290594,b'2025-04-22/2025-04-28',1745280000
1559,25,5,94.50673148429664,0.0094748633728587,b'ACCESS-CM2',7,0.0003383798226679,346.5184077987513,183.5797742318416,b'ssp245',5.341436348988156,288.3733617367952,293.88362240998634,280.16003218941063,b'2025-04-29/2025-05-05',1745884800
1559,25,5,69.54013495672316,0.0055521268457343,b'ACCESS-CM2',7,2.3280486062653648e-05,292.1587827757525,255.7995250915148,b'ssp245',6.456615250155052,283.56644950534985,292.5658444611922,275.7763332201087,b'2025-05-06/2025-05-12',1746489600
1559,25,5,83.0290937119636,0.0087019350671827,b'ACCESS-CM2',7,4.121175047081071e-05,312.0390805830867,286.5644461305985,b'ssp245',3.290698246161143,288.32707654111874,297.8957048056781,280.5851703588513,b'2025-05-13/2025-05-19',1747094400
1559,25,5,87.53478107965758,0.0102916805844899,b'ACCESS-CM2',7,0.0002692647202604,328.31118688484645,270.7634775355242,b'ssp245',4.263713053146504,290.157490915492,296.61493981402845,281.8848721269248,b'2025-05-20/2025-05-26',1747699200
1559,25,5,81.32665490728974,0.0104952675556497,b'ACCESS-CM2',7,0.0002228850926247,319.77165652446865,329.7177358686553,b'ssp245',4.336238182602956,291.3435525708564,300.46821673849354,281.26732779240257,b'2025-05-27/2025-06-02',1748304000
1559,25,5,86.46935620357284,0.0113569850499276,b'ACCESS-CM2',7,0.0006812263280167,348.74007062260404,259.765670624727,b'ssp245',5.331994875025305,291.38133443196614,299.9699229807094,281.64230059195256,b'2025-06-03/2025-06-09',1748908800
1559,25,5,82.83949382774084,0.0128806792878339,b'ACCESS-CM2',7,0.0001292267047328,348.84731953306965,323.04994385839746,b'ssp245',4.107492837056857,294.49512760644126,304.0160445061283,285.1508573670318,b'2025-06-10/2025-06-16',1749513600
1559,25,5,85.13402638879622,0.0137459109309774,b'ACCESS-CM2',7,0.0002650128637212,351.85227460209626,301.3161872026589,b'ssp245',4.155035599591075,295.00323513496977,300.95431239915933,287.7099635912025,b'2025-06-17/2025-06-23',1750118400
1559,25,5,86.65671187533108,0.0155734612803142,b'ACCESS-CM2',7,0.0001006917995051,367.2044297433541,310.9482900268049,b'ssp245',4.180265606066702,296.5436129489054,306.8497588669044,289.130830405415,b'2025-06-24/2025-06-30',1750723200
1559,25,5,81.4404402170122,0.0151537214629505,b'ACCESS-CM2',7,4.246819838672288e-05,363.258649471433,301.79121455790835,b'ssp245',4.000949425949073,297.24744107896004,306.02694626960204,289.15595641205266,b'2025-07-01/2025-07-07',1751328000
1559,25,5,74.6509690436764,0.0134418958892532,b'ACCESS-CM2',7,0.0001874175292858,350.1722148508265,313.11052773675067,b'ssp245',4.856135832152751,296.28061654858953,304.6554246100826,287.19445371766017,b'2025-07-08/2025-07-14',1751932800
1559,25,5,89.06112699488922,0.0174946015124164,b'ACCESS-CM2',7,0.0002837875012382,383.72760820408536,270.4106847285237,b'ssp245',5.323246488561295,298.5073680427504,306.1999571869339,289.9389247286147,b'2025-07-15/2025-07-21',1752537600
1559,25,5,78.49813032920315,0.0148755035496183,b'ACCESS-CM2',7,0.0002330746273225,363.1097131575117,307.38826450640124,b'ssp245',3.2839599085150297,297.2338806720994,303.4439780857252,290.0511453379755,b'2025-07-22/2025-07-28',1753142400
1559,25,5,82.75757687175744,0.0158612817695544,b'ACCESS-CM2',7,0.0005351522290519,367.6166063518011,278.17378028885423,b'ssp245',3.888500914539116,297.48351039215146,306.0297495524088,288.4238861083984,b'2025-07-29/2025-08-04',1753747200
1559,25,5,83.11508676280145,0.0159332837882464,b'ACCESS-CM2',7,0.0004311020111981,374.5267184555654,237.8598655906029,b'ssp245',4.583082538855495,297.6424216955592,306.19784576858297,289.122548907736,b'2025-08-05/2025-08-11',1754352000
1559,25,5,81.47629003268096,0.0129198777738101,b'ACCESS-CM2',7,5.422176268321564e-05,357.5481106712705,251.03308156015464,b'ssp245',4.859496286591635,295.1889335742895,300.9834840636322,288.4286811275758,b'2025-08-12/2025-08-18',1754956800
1559,25,5,84.43705308491644,0.0135571029993625,b'ACCESS-CM2',7,0.0001926813022007,359.13609974231287,225.1269296965984,b'ssp245',4.514551395683801,295.31966539465856,301.3620021654212,286.57077981700064,b'2025-08-19/2025-08-25',1755561600
1559,25,5,80.60243642739874,0.012296807350047,b'ACCESS-CM2',7,0.0001704709775641,353.59159154793235,231.05433851917337,b'ssp245',3.3121527853466213,294.5896604739361,299.8604381616565,287.6477704918903,b'2025-08-26/2025-09-01',1756166400
1559,25,5,75.18399093501561,0.0117994578442425,b'ACCESS-CM2',7,0.000109546819556,353.2085697087195,224.194007889331,b'ssp245',6.078186323183664,293.9810116596103,303.51785357931385,282.64011155280514,b'2025-09-02/2025-09-08',1756771200
1559,25,5,85.52351220172385,0.0121141211700472,b'ACCESS-CM2',7,0.0010884006348475,369.3087050159525,159.75631721291236,b'ssp245',4.914514175359754,292.6758111294258,300.7017178300498,283.0164371214051,b'2025-09-09/2025-09-15',1757376000
1559,25,5,78.33641048771007,0.0110487343307669,b'ACCESS-CM2',7,0.000530719176695,354.3966968986559,193.3431068625756,b'ssp245',4.51831043568704,293.20021599874235,300.8143410060717,284.72883185787475,b'2025-09-16/2025-09-22',1757980800
1559,25,5,86.33818021343855,0.010721976016542,b'ACCESS-CM2',7,0.0005963715219507,359.13530138856873,152.35221250861818,b'ssp245',4.147050478246148,291.5643071271371,297.6689040916553,282.76471756644867,b'2025-09-23/2025-09-29',1758585600
1559,25,5,83.0854990941397,0.0104424782311369,b'ACCESS-CM2',7,0.0001861402380494,346.47239400101495,175.6277258705155,b'ssp245',4.364096225714832,291.4612305003416,298.10620002193724,284.4086250194605,b'2025-09-30/2025-10-06',1759190400
1559,25,5,81.12185261412436,0.0086345944660628,b'ACCESS-CM2',7,0.0002256088175242,345.80970012277794,127.37404349664725,b'ssp245',5.212041423705793,289.64771243899014,295.72187084253284,280.24938995803615,b'2025-10-07/2025-10-13',1759795200
1559,25,5,74.52964911451004,0.0067193068259281,b'ACCESS-CM2',7,0.0003376723768795,314.9273297232871,139.4726489302041,b'ssp245',5.673693473837638,285.7728174308318,294.5948303222656,275.95304423898887,b'2025-10-14/2025-10-20',1760400000
1559,25,5,79.2505291435289,0.0065234153088486,b'ACCESS-CM2',7,0.0005056131155338,310.461848746669,128.8621708319054,b'ssp245',7.110915687513647,284.85355105192764,293.2678059453549,274.0458483709805,b'2025-10-21/2025-10-27',1761004800
1559,25,5,85.24370407673142,0.0080907169951214,b'ACCESS-CM2',7,0.0001424358393701,320.3344744696133,126.3642510613546,b'ssp245',5.889944390579287,287.5802437665793,294.6183090873387,278.01032714843745,b'2025-10-28/2025-11-03',1761609600
1559,25,5,82.26273452885155,0.0066760058159019,b'ACCESS-CM2',7,0.0003847267103718,321.3732076956866,104.88427957728288,b'ssp245',6.8338974865820585,284.5669305773749,293.2157941735309,274.6496074289515,b'2025-11-04/2025-11-10',1762214400
1559,25,5,81.6540387566292,0.0065665401709236,b'ACCESS-CM2',7,0.0004354550544084,312.21705850478776,105.1996861167576,b'ssp245',7.254638532526004,284.10446469008804,292.394826341712,273.30684044879416,b'2025-11-11/2025-11-17',1762819200
1559,25,5,69.48228692238375,0.0037306745000584,b'ACCESS-CM2',7,3.414423083871196e-05,283.639673290687,89.24733666998506,b'ssp245',7.873371753633393,278.0002054155243,288.38054075379296,272.8756074767182,b'2025-11-18/2025-11-24',1763424000
1559,25,5,71.72106927117451,0.0041802820131108,b'ACCESS-CM2',7,0.0001588222716137,285.5297096078687,90.46206616624788,b'ssp245',7.011494695276454,279.1873382757909,289.4728503683339,273.80020437931665,b'2025-11-25/2025-12-01',1764028800
1559,25,5,75.6417403606154,0.0030816657684393,b'ACCESS-CM2',7,0.000206189867499,271.03157705303056,72.86147568507224,b'ssp245',9.70605164897121,273.50163691108025,285.422863504161,263.543718907453,b'2025-12-02/2025-12-08',1764633600
1559,25,5,77.34970725713062,0.0025567925032844,b'ACCESS-CM2',7,0.0001151003330642,258.4397806740202,80.43033631761128,b'ssp245',6.971894887169943,271.5567271672914,278.44818336376244,264.1618185734403,b'2025-12-09/2025-12-15',1765238400
1559,25,5,77.87333966525692,0.0040640007351152,b'ACCESS-CM2',7,0.0005387698733419,280.48600080343994,76.61781779382045,b'ssp245',8.524960677618813,276.21046510937293,288.428324691109,267.0398348158684,b'2025-12-16/2025-12-22',1765843200
1559,25,5,74.61170920298953,0.0031068883815058,b'ACCESS-CM2',7,0.000489045236694,259.57248464074934,85.89830859324452,b'ssp245',8.375203272422649,274.00167379122587,285.18360078231143,266.7854341811028,b'2025-12-23/2025-12-29',1766448000
1559,25,5,72.17557202372738,0.0036067930544296,b'ACCESS-CM2',7,0.0002561700685825,284.8523671973566,78.38936465087637,b'ssp245',6.586815190907591,277.6282844938353,282.81928772857225,273.1752219822096,b'2025-12-30/2026-01-05',1767052800
1559,25,5,71.52429791799983,0.0027354431778479,b'ACCESS-CM2',7,0.0003492974624945,274.1816884042807,73.26993511902866,b'ssp245',9.900259451935256,273.47758940070804,285.30231031334915,262.3117845618207,b'2026-01-06/2026-01-12',1767657600
1559,25,5,69.69712349948921,0.0034223247217023,b'ACCESS-CM2',7,0.0002828032215006,272.4199743772392,94.50948913842748,b'ssp245',6.825340682477931,276.39500034245395,284.10631687330164,268.55248399817424,b'2026-01-13/2026-01-19',1768262400
1559,25,5,67.98241778940395,0.0026548765568393,b'ACCESS-CM2',7,4.764160022394304e-05,251.01730205464807,106.77633500819869,b'ssp245',7.704815446170466,273.28552534210013,279.4679480511209,262.37409380484314,b'2026-01-20/2026-01-26',1768867200
1559,25,5,74.69882003752589,0.002805862737401,b'ACCESS-CM2',7,0.0003988887586023,260.4081049032586,110.17969582283226,b'ssp245',9.052496306545738,273.1502156954621,279.45040048792737,265.62242980072466,b'2026-01-27/2026-02-02',1769472000
1559,25,5,76.88423700115447,0.0030870977745537,b'ACCESS-CM2',7,0.0002208096079735,277.0747469663126,106.6967001146905,b'ssp245',6.194805469177277,274.1161520568974,281.3652449455814,267.6907062475232,b'2026-02-03/2026-02-09',1770076800
1559,25,5,78.95303724142829,0.0034555063098012,b'ACCESS-CM2',7,0.0002374184511807,279.1116391420858,116.80945623014776,b'ssp245',7.260806601338751,275.0300750226955,284.16207014443216,265.06924022729845,b'2026-02-10/2026-02-16',1770681600
1559,25,5,72.88218883095814,0.003036983847,b'ACCESS-CM2',7,0.0004030316391246,259.3582428768308,135.48163502932087,b'ssp245',8.322736284895713,273.5895888366068,287.89594828287755,259.2717393515766,b'2026-02-17/2026-02-23',1771286400
1559,25,5,68.593256814929,0.0019666378752676,b'ACCESS-CM2',7,0.0001810486176388,236.5799732437292,160.19200302029247,b'ssp245',6.6917235960871535,270.4535771845784,279.99550679524737,260.2002383909364,b'2026-02-24/2026-03-02',1771891200
1559,25,5,78.94478224839236,0.0045222434419636,b'ACCESS-CM2',7,0.0008799016550883,288.15895488731115,148.3876129703245,b'ssp245',7.963091016951061,278.3300986406472,288.21362154311026,266.6555366405542,b'2026-03-03/2026-03-09',1772496000
1559,25,5,73.81925551452004,0.0031888006198148,b'ACCESS-CM2',7,0.000114986131024,249.7776859354529,183.30913205670024,b'ssp245',8.790352712013213,273.5885936665979,285.74895678534017,254.9800649449445,b'2026-03-10/2026-03-16',1773100800
1559,25,5,76.2922817696202,0.0037799131556165,b'ACCESS-CM2',7,0.0005758823760838,268.47255345694026,173.59442571162188,b'ssp245',6.382493853618393,276.79803145825247,283.5988258251245,268.630662647192,b'2026-03-17/2026-03-23',1773705600
1559,25,5,80.36542958482698,0.0047220377519525,b'ACCESS-CM2',7,0.0001279170068266,263.34791674880506,211.88126805149497,b'ssp245',5.88727023310296,278.7828080518892,288.10860246298967,267.7407805954201,b'2026-03-24/2026-03-30',1774310400
1559,25,5,80.14322378502129,0.0053036762590425,b'ACCESS-CM2',7,5.702818869712414e-05,279.2848982564164,218.77428779365115,b'ssp245',5.155103350426098,281.66656396838204,290.2179320404495,269.37998449353205,b'2026-03-31/2026-04-06',1774915200
1559,25,5,82.0932359225508,0.0059313433869562,b'ACCESS-CM2',7,0.0009585645245889,293.71104783715674,185.8388306769772,b'ssp245',7.286330557313765,282.2359472365606,291.5600656260615,269.47910996589104,b'2026-04-07/2026-04-13',1775520000
1559,25,5,79.17585538149373,0.0061250905179481,b'ACCESS-CM2',7,4.414997080095952e-05,288.8145098447306,238.08689452935445,b'ssp245',5.791746189480736,284.1759763413581,292.9575802125793,273.9576317386351,b'2026-04-14/2026-04-20',1776124800
1559,25,5,73.65301782517206,0.0051329249869954,b'ACCESS-CM2',7,5.6444519072348e-06,267.4372459395825,261.91575930577625,b'ssp245',5.079828832608571,281.9474922890989,290.2578404965608,274.73735585972884,b'2026-04-21/2026-04-27',1776729600
1559,25,5,84.42825229084022,0.0070485088106544,b'ACCESS-CM2',7,0.0004279953674116,304.31069737783866,230.94141199968865,b'ssp245',5.246123593440954,285.33170834495905,290.7935254525447,277.71691801651656,b'2026-04-28/2026-05-04',1777334400
1559,25,5,77.17830352941162,0.0065448928430606,b'ACCESS-CM2',7,0.0004284992675398,302.32293801001634,260.01880638801777,b'ssp245',6.71100922183714,284.55134650757594,293.9143017755038,275.0732215328493,b'2026-05-05/2026-05-11',1777939200
1559,25,5,86.33785084315709,0.0097092406818446,b'ACCESS-CM2',7,8.435869576859216e-05,315.2524305134333,298.0545930913763,b'ssp245',4.662509946299883,289.36301863455134,295.91945486759795,281.74836646923114,b'2026-05-12/2026-05-18',1778544000
1559,25,5,81.68575170291876,0.0091527134390242,b'ACCESS-CM2',7,0.0002187544513369,313.2634625421054,289.82431462447835,b'ssp245',4.477712293762104,289.26052362983023,296.6002398504727,281.63802671570704,b'2026-05-19/2026-05-25',1779148800
1559,25,5,88.4597191315013,0.0100862940387726,b'ACCESS-CM2',7,0.0006220801430123,334.5109090548371,250.30634268845583,b'ssp245',5.031512624926202,289.29241958523386,296.6486568285071,281.1714969358582,b'2026-05-26/2026-06-01',1779753600
1559,25,5,89.73390533099756,0.0119824596979571,b'ACCESS-CM2',7,0.0002551639772312,341.58177346176245,282.6670364158741,b'ssp245',4.519475784360992,291.5262273310628,299.8542325227157,283.5629612577134,b'2026-06-02/2026-06-08',1780358400
1559,25,5,84.75266095116024,0.0131388024346011,b'ACCESS-CM2',7,0.0002902865863821,350.81831462220373,301.13488010066885,b'ssp245',5.126881957251586,294.51751525120704,301.98731959246203,286.8121736830559,b'2026-06-09/2026-06-15',1780963200
1559,25,5,80.41237105691407,0.0130004933468349,b'ACCESS-CM2',7,0.0001481673919407,347.6838951474144,313.9949261082872,b'ssp245',4.710217220097101,294.90795723419507,302.80618264018625,286.80603292713994,b'2026-06-16/2026-06-22',1781568000
1559,25,5,84.27555122770384,0.0128959758560062,b'ACCESS-CM2',7,0.0003056840142215,351.9571176785613,288.824040427514,b'ssp245',3.850246719889512,294.31150124117454,301.2556024081465,286.330188784392,b'2026-06-23/2026-06-29',1782172800
1559,25,5,84.95275561251749,0.0162472315252166,b'ACCESS-CM2',7,0.0001255108644549,371.6210052490234,308.3859648520902,b'ssp245',5.04630355716492,297.7138041747036,305.277784751118,286.1041527347288,b'2026-06-30/2026-07-06',1782777600
1559,25,5,73.70350481827066,0.0128609350973095,b'ACCESS-CM2',7,3.0144275937081623e-05,348.59224449141914,319.86124948695084,b'ssp245',4.833663414033055,295.6978857068048,304.9048535775447,286.8779766580333,b'2026-07-07/2026-07-13',1783382400
1559,25,5,92.72567419995924,0.0170052954853814,b'ACCESS-CM2',7,0.0005441095385193,380.2433074572072,256.8260676855873,b'ssp245',5.387547421257935,297.73735068500906,303.5418930717136,286.7001636449841,b'2026-07-14/2026-07-20',1783987200
1559,25,5,85.21627194106455,0.0164281220385499,b'ACCESS-CM2',7,0.000336584510321,376.7674556313588,266.93860896013786,b'ssp245',5.556808190612318,298.1485697428385,304.3252876613451,288.25485238337865,b'2026-07-21/2026-07-27',1784592000
1559,25,5,84.16697453406039,0.0159402210296248,b'ACCESS-CM2',7,0.0001075003772243,369.392985386187,274.5460075457397,b'ssp245',4.266986295920228,297.79880194180254,303.7924583987913,289.7154959858327,b'2026-07-28/2026-08-03',1785196800
1559,25,5,83.1281897045317,0.015919018188958,b'ACCESS-CM2',7,0.000302189989872,370.9798736066799,258.5161214824542,b'ssp245',3.860377882232824,297.4193133873476,305.3022826706154,289.1575359399768,b'2026-08-04/2026-08-10',1785801600
1559,25,5,76.6072890161234,0.0138231349960508,b'ACCESS-CM2',7,3.388006611026764e-06,358.79858684658257,266.2054189646466,b'ssp245',4.222962266243763,296.3478413520639,305.13664723271904,288.0787683901579,b'2026-08-11/2026-08-17',1786406400
1559,25,5,81.3948068448969,0.0155848745455266,b'ACCESS-CM2',7,0.0002141057405997,372.8962887592197,237.16384778072123,b'ssp245',4.862395759300169,297.59825546864886,305.43250643965126,290.0255844779636,b'2026-08-18/2026-08-24',1787011200
1559,25,5,88.11876644505722,0.0157769056424636,b'ACCESS-CM2',7,0.0001068211223344,378.6477087238067,222.01510942352485,b'ssp245',3.818604421541557,297.08551448087513,303.71946198836616,289.0578435483186,b'2026-08-25/2026-08-31',1787616000
1559,25,5,80.33368358098696,0.0141135797986286,b'ACCESS-CM2',7,0.0002129961580428,367.972965520065,222.99505739389735,b'ssp245',4.672591566496507,296.6560604435069,303.9482293612715,285.988418269503,b'2026-09-01/2026-09-07',1788220800
1559,25,5,73.24932468959264,0.0109131188064381,b'ACCESS-CM2',7,7.97545043605452e-05,345.08638220366487,216.88682145776212,b'ssp245',4.029679158508901,294.2664779062843,300.92798554793643,286.0351304206296,b'2026-09-08/2026-09-14',1788825600
1559,25,5,77.32741498137605,0.0110169645562751,b'ACCESS-CM2',7,0.000325222901416,346.8126142292536,192.49643488976773,b'ssp245',5.563293383531195,293.5483749547607,301.28158892203066,285.36694919752034,b'2026-09-15/2026-09-21',1789430400
1559,25,5,80.41364292121081,0.0105154464194862,b'ACCESS-CM2',7,0.0005610272328371,347.6200233032984,177.55375167183254,b'ssp245',6.1282138405379305,292.2029107577559,298.4241892054461,284.48925069173174,b'2026-09-22/2026-09-28',1790035200
1559,25,5,73.34666109894621,0.0074084480766468,b'ACCESS-CM2',7,0.0001553448946186,312.3945981991216,166.78838155363408,b'ssp245',6.580417476973919,287.7057937085011,296.7961671248726,279.8651863429857,b'2026-09-29/2026-10-05',1790640000
1559,25,5,75.35395693887587,0.0078917553285849,b'ACCESS-CM2',7,0.0002030432499169,324.08322163141537,160.1270890577486,b'ssp245',7.275380107334682,287.5930346123674,297.4664453036543,276.7503503771796,b'2026-10-06/2026-10-12',1791244800
1559,25,5,76.69008893157137,0.0075202396048876,b'ACCESS-CM2',7,0.0002882486361508,314.94766306748795,146.80183185711658,b'ssp245',6.176530100001065,287.5033382123548,296.2641838184301,280.623439976789,b'2026-10-13/2026-10-19',1791849600
1559,25,5,71.2489275140545,0.0052516428432687,b'ACCESS-CM2',7,2.678287786818373e-05,308.23694243184275,125.70016614862602,b'ssp245',6.249162367955004,283.32850426462613,289.11365683735283,276.3524380891219,b'2026-10-20/2026-10-26',1792454400
1559,25,5,72.21900232998233,0.0052224484159018,b'ACCESS-CM2',7,0.0002295415662192,298.91117508850726,114.73669371042192,b'ssp245',6.929913270350076,282.48909962024254,290.2193942747254,275.87932305819743,b'2026-10-27/2026-11-02',1793059200
1559,25,5,78.52632271429026,0.0055105105873031,b'ACCESS-CM2',7,0.0006132680041113,299.21780782822003,114.22209167638428,b'ssp245',7.52393213088468,281.86763587461985,292.58362289649847,273.2633095561594,b'2026-11-03/2026-11-09',1793664000
1559,25,5,78.67284092083727,0.005854779898669,b'ACCESS-CM2',7,0.0003438035683009,308.5278453503089,102.72589850573806,b'ssp245',6.001412752153463,282.72990267103995,292.5742835887964,272.7954884404721,b'2026-11-10/2026-11-16',1794268800
1559,25,5,81.3138128655791,0.0050048980968435,b'ACCESS-CM2',7,0.0004905619448309,297.2901757629268,91.39730908648566,b'ssp245',9.187077808577577,279.7050664866193,289.93456703960027,270.8683634882388,b'2026-11-17/2026-11-23',1794873600
1559,25,5,78.10202764823076,0.0046191411329564,b'ACCESS-CM2',7,0.0004938344152843,295.5800607306124,88.86160670215297,b'ssp245',6.591870784117815,279.2638328220533,290.3778706868489,270.7619926563208,b'2026-11-24/2026-11-30',1795478400
1559,25,5,77.97859678564603,0.0049095063512724,b'ACCESS-CM2',7,0.0008714534878599,289.7160619415852,79.91927034998038,b'ssp245',7.716043727047448,279.56258700984847,289.3889976612036,270.21791470292686,b'2026-12-01/2026-12-07',1796083200
1559,25,5,67.31629401181301,0.0030946549030568,b'ACCESS-CM2',7,8.064537255775385e-05,269.02001210404234,77.52983278547013,b'ssp245',8.749592592800132,275.8844636715717,287.27122997339217,269.666153838669,b'2026-12-08/2026-12-14',1796688000
1559,25,5,67.25572978349452,0.0026471315565668,b'ACCESS-CM2',7,1.0506188906765736e-05,256.5943296096833,84.03406580417547,b'ssp245',7.769044332129121,273.7898448809827,279.9743623595307,259.50300385848334,b'2026-12-15/2026-12-21',1797292800
1559,25,5,73.7569981118907,0.0024742068586182,b'ACCESS-CM2',7,6.253584054720489e-05,249.4704072908832,82.48461691025128,b'ssp245',7.0210400033441385,271.7649331860908,285.3183634440104,262.026440252774,b'2026-12-22/2026-12-28',1797897600
1559,25,5,74.84788666403317,0.0042182564813986,b'ACCESS-CM2',7,0.0003301104970922,287.02540413992745,82.4287317603765,b'ssp245',7.546890583393737,278.7795801135077,286.10150774527284,272.0679954197095,b'2026-12-29/2027-01-04',1798502400
1559,25,5,64.89828312796836,0.0029956577911174,b'ACCESS-CM2',7,3.507216458216264e-06,249.54142999431852,101.85678423768984,b'ssp245',8.425799455800659,275.8159320270546,281.3666758661684,270.4154230974723,b'2027-01-05/2027-01-11',1799107200
1559,25,5,74.0113629327304,0.0032440431960269,b'ACCESS-CM2',7,0.0003057275086337,283.55160168318025,77.8681618194896,b'ssp245',6.968910902331333,275.7497334355893,281.2366750523664,271.3130787725034,b'2027-01-12/2027-01-18',1799712000
1559,25,5,75.077735953795,0.0022797606631632,b'ACCESS-CM2',7,0.0003557601812231,258.8346353566424,88.51330150185656,b'ssp245',9.421443610852796,269.44311283340613,282.8684854258662,253.5383642003156,b'2027-01-19/2027-01-25',1800316800
1559,25,5,78.2259179219943,0.0028367959218645,b'ACCESS-CM2',7,0.0002230166790476,259.3263107141846,95.90348377741148,b'ssp245',8.129888328261996,271.5595794740918,283.9523517111073,257.2989873471467,b'2027-01-26/2027-02-01',1800921600
1559,25,5,72.6965078539483,0.0028124289811534,b'ACCESS-CM2',7,0.0003120109354832,251.6360939610325,119.31477215295004,b'ssp245',7.984069347430953,273.01872413903783,284.266025797526,261.11763655068216,b'2027-02-02/2027-02-08',1801526400
1559,25,5,72.30976616837717,0.0030924328270716,b'ACCESS-CM2',7,0.0002095562285977,255.67219885911013,134.08676254082908,b'ssp245',9.076834301375948,274.2802202370843,285.08194235096806,263.37280114215355,b'2027-02-09/2027-02-15',1802131200
1559,25,5,66.29820546057407,0.0025021288665656,b'ACCESS-CM2',7,6.091038394140798e-05,236.7364244512396,149.81892247960187,b'ssp245',8.167004452679716,273.1580923518779,279.48168883392776,263.78728991522297,b'2027-02-16/2027-02-22',1802736000
1559,25,5,75.95625121391092,0.0031629673764253,b'ACCESS-CM2',7,0.0008953815706213,260.74744685076286,143.8436279897117,b'ssp245',9.686782211201036,273.9488706790142,284.1901302614074,266.7949324898097,b'2027-02-23/2027-03-01',1803340800
1559,25,5,73.38062996163377,0.0031871796101157,b'ACCESS-CM2',7,0.0001688138199553,260.9045025811679,164.6963985672155,b'ssp245',6.195925420460987,274.92218850967055,285.55147461822065,266.2532785609148,b'2027-03-02/2027-03-08',1803945600
1559,25,5,73.27716979032718,0.0035449624904209,b'ACCESS-CM2',7,0.0005109786712924,266.02370162553177,170.89910155428615,b'ssp245',9.625685743564896,276.56200256347654,287.089026675017,268.02486603225486,b'2027-03-09/2027-03-15',1804550400
1559,25,5,77.81448217435407,0.0044922616381938,b'ACCESS-CM2',7,0.000597899187228,274.9179441748198,190.422117557881,b'ssp245',7.419656399268788,279.29818330057907,289.9931790559188,269.3503117658089,b'2027-03-16/2027-03-22',1805155200
1559,25,5,70.21014541246875,0.0036229768346639,b'ACCESS-CM2',7,0.0002372344799043,250.34051667207515,219.43768997982173,b'ssp245',6.7824047891743175,277.36269768187714,286.2146533468495,269.6432817984318,b'2027-03-23/2027-03-29',1805760000
1559,25,5,71.89031017769443,0.0036978371800491,b'ACCESS-CM2',7,0.0001423259418997,255.51362569109992,215.76443124459144,b'ssp245',7.133630315215938,276.5789341454674,286.0960110871688,267.4952302794525,b'2027-03-30/2027-04-05',1806364800
1559,25,5,67.54061944617987,0.0040294509991813,b'ACCESS-CM2',7,0.0002664841725771,261.942102698411,221.47834920942407,b'ssp245',6.415731219524675,279.9433766746126,286.1417178831239,271.22492065429685,b'2027-04-06/2027-04-12',1806969600
1559,25,5,86.93123931568849,0.0062462631539743,b'ACCESS-CM2',7,0.0006001599401203,301.9536491757348,198.385165863353,b'ssp245',4.5668220481023525,282.70886158439686,289.48739964581915,275.02538328308987,b'2027-04-13/2027-04-19',1807574400
1559,25,5,83.54272560451341,0.0069668570125579,b'ACCESS-CM2',7,0.0003462987865452,294.6746313501836,235.0501108931705,b'ssp245',4.515347442962615,284.77242668578344,291.94932649031927,275.3317446059075,b'2027-04-20/2027-04-26',1808179200
1559,25,5,84.55346653940266,0.0078103619109931,b'ACCESS-CM2',7,0.0001459996826892,308.612105369173,240.73328733898344,b'ssp245',4.609598540075076,286.64383847570315,298.19644032353943,277.09378029643625,b'2027-04-27/2027-05-03',1808784000
1559,25,5,84.65863634982216,0.0092935937268786,b'ACCESS-CM2',7,9.025725014685554e-05,319.44363207451795,281.6394521835674,b'ssp245',6.302229049141609,289.38121528704465,299.1511084515115,279.9255942082059,b'2027-05-04/2027-05-10',1809388800
1559,25,5,78.78043445089588,0.0083100153006975,b'ACCESS-CM2',7,0.0001318788783853,301.1542616439409,297.0670705538605,b'ssp245',6.300011787750212,288.0268499086115,298.9464611551036,275.33075534986415,b'2027-05-11/2027-05-17',1809993600
1559,25,5,82.41013708805691,0.0092653314237854,b'ACCESS-CM2',7,0.0003483905176707,313.4439303064445,297.79666141486314,b'ssp245',4.9149051562105885,289.5480531617474,297.3823071465976,281.26488497084466,b'2027-05-18/2027-05-24',1810598400
1559,25,5,88.33337249281983,0.0113008018446156,b'ACCESS-CM2',7,5.519634119618695e-05,330.20141576920975,305.96931162769005,b'ssp245',3.207855094836612,291.5866618091275,299.2967221467392,280.8801478289176,b'2027-05-25/2027-05-31',1811203200
1559,25,5,77.46115573859363,0.0103235092853806,b'ACCESS-CM2',7,5.309835123116594e-05,320.21963350600083,336.97100224781235,b'ssp245',4.7740099581132025,292.2753069133245,300.5584589419157,281.7973861915478,b'2027-06-01/2027-06-07',1811808000
1559,25,5,79.61209494549294,0.01222694307396,b'ACCESS-CM2',7,0.0001579968534702,347.5984063632246,296.089392355214,b'ssp245',5.558152541413317,294.23976532045606,303.3332349694293,285.3881787728572,b'2027-06-08/2027-06-14',1812412800
1559,25,5,80.14652477288098,0.0129485533482107,b'ACCESS-CM2',7,0.0001674218067197,345.7705677293102,316.8585632008302,b'ssp245',4.792677755039918,295.0381088730711,303.2812700354534,287.2763206592504,b'2027-06-15/2027-06-21',1813017600
1559,25,5,81.96097204551931,0.0136503727859807,b'ACCESS-CM2',7,0.0004224909309472,361.9774535500978,283.0604161232895,b'ssp245',4.710434873257118,295.785209772651,303.2925242990687,289.2357608076454,b'2027-06-22/2027-06-28',1813622400
1559,25,5,80.97336246498377,0.0147225110348136,b'ACCESS-CM2',7,0.0002191467364999,356.7199829796579,312.9940900561725,b'ssp245',4.196339563109119,296.534227378324,303.65822851208674,287.5903579048488,b'2027-06-29/2027-07-05',1814227200
1559,25,5,77.2028614936655,0.015829019760038,b'ACCESS-CM2',7,4.309768305000222e-05,368.0625011815294,320.7049744031444,b'ssp245',4.324521249224187,298.4784670053802,308.0181398695794,289.73319171407945,b'2027-07-06/2027-07-12',1814832000
1559,25,5,84.64838791525389,0.0159213223303696,b'ACCESS-CM2',7,0.0001974270329902,363.2648736420625,294.63004346575053,b'ssp245',3.96192971813506,297.53192833057346,305.1355814615885,288.2650939941406,b'2027-07-13/2027-07-19',1815436800
1559,25,5,92.69860987692884,0.0170848411378714,b'ACCESS-CM2',7,0.0002585808232267,380.31554762561865,260.5670779115665,b'ssp245',3.806396210168953,297.5921008250234,305.1356988436934,290.57258000028304,b'2027-07-20/2027-07-26',1816041600
1559,25,5,90.5122131995286,0.0166236964511389,b'ACCESS-CM2',7,0.0001080431009535,374.7539666975507,261.3128165140409,b'ssp245',2.474512813994603,297.18375745184915,304.0078131634256,288.34172128870864,b'2027-07-27/2027-08-02',1816646400
1559,25,5,86.88713072466801,0.0176289835115643,b'ACCESS-CM2',7,0.0004177982286928,386.67108288877495,245.05120665113876,b'ssp245',4.599410507743157,298.82123001130225,307.2743133102638,291.0072709677876,b'2027-08-03/2027-08-09',1817251200
1559,25,5,84.27627209333652,0.014182286845871,b'ACCESS-CM2',7,0.0004172043001585,376.4395329635336,220.35841015485997,b'ssp245',5.596006360162613,296.13516405314886,305.4441912664884,290.18171174422554,b'2027-08-10/2027-08-16',1817856000
1559,25,5,86.35865590666144,0.0156465848911684,b'ACCESS-CM2',7,5.757249737555774e-05,372.5659574962797,237.3038781965741,b'ssp245',3.2723082641143484,297.10388466023505,305.8661467621292,290.36424985139263,b'2027-08-17/2027-08-23',1818460800
1559,25,5,86.957248079604,0.0159135230787977,b'ACCESS-CM2',7,0.0002635842878264,383.0404113895898,206.76198363373243,b'ssp245',3.915430772526664,297.41194615334456,305.18505412668424,290.22846746030064,b'2027-08-24/2027-08-30',1819065600
1559,25,5,89.39366102988674,0.0150781852567248,b'ACCESS-CM2',7,9.407170900745782e-05,377.3632858623876,201.8488435764984,b'ssp245',3.27872783165294,296.48745114028327,302.79481616918594,288.87511716096293,b'2027-08-31/2027-09-06',1819670400
1559,25,5,84.2298220316569,0.0143178866738472,b'ACCESS-CM2',7,0.0004611401850016,370.4854059886735,204.6374158460408,b'ssp245',4.610313513609687,296.24871826803707,304.52154470250224,287.60911847543025,b'2027-09-07/2027-09-13',1820275200
1559,25,5,78.53262399551043,0.0114494568461987,b'ACCESS-CM2',7,6.69046700956141e-05,356.36284328800303,196.19285267579133,b'ssp245',5.379369287362503,293.929845944991,301.91675857322804,285.25191884801006,b'2027-09-14/2027-09-20',1820880000
1559,25,5,78.88674064778392,0.0110311141935625,b'ACCESS-CM2',7,0.0001562255721136,350.7138337571675,182.74188849407693,b'ssp245',6.35350827578432,292.6505012717553,301.9722637674083,281.5815454455389,b'2027-09-21/2027-09-27',1821484800
1559,25,5,85.4715529037065,0.0114694861369303,b'ACCESS-CM2',7,3.088429547569539e-07,339.9351134432522,190.96427199085304,b'ssp245',3.417160995850652,292.23148285607124,300.94475721276325,279.56005784186766,b'2027-09-28/2027-10-04',1822089600
1559,25,5,87.73342058801748,0.0110318193879309,b'ACCESS-CM2',7,0.0007327304112875,351.71997807030846,139.12127716822653,b'ssp245',4.630902787271741,291.50810876060467,298.1099950375764,282.2949433257614,b'2027-10-05/2027-10-11',1822694400
1559,25,5,83.3328774967549,0.0092385265820005,b'ACCESS-CM2',7,0.0003683759638258,343.7537664314728,142.28377030335105,b'ssp245',4.305803931672627,290.5145674427103,296.1097865450209,282.9204779583475,b'2027-10-12/2027-10-18',1823299200
1559,25,5,85.26683118989995,0.0087703654585949,b'ACCESS-CM2',7,7.709281582718394e-05,351.4540061555787,121.35412077025104,b'ssp245',7.152769756514586,290.12083759821223,295.0565314693728,285.27363856218864,b'2027-10-19/2027-10-25',1823904000
1559,25,5,79.34088129868913,0.0078018034970306,b'ACCESS-CM2',7,0.0008701352232467,329.18653412812984,103.69090952192036,b'ssp245',7.069660096138902,287.815593850588,294.5308127582937,279.59690631368886,b'2027-10-26/2027-11-01',1824508800
1559,25,5,69.85139213941112,0.0045265920600018,b'ACCESS-CM2',7,2.302264747474532e-05,290.1805934234682,114.69929548938822,b'ssp245',7.111637859068054,280.6646116837211,289.868838324063,273.83891039862146,b'2027-11-02/2027-11-08',1825113600
1559,25,5,76.38416831527931,0.005812291892469,b'ACCESS-CM2',7,0.0001922784624671,301.6428905479162,112.0498139407077,b'ssp245',5.5247723961962425,283.3386333141761,291.4219435982082,273.94674616274625,b'2027-11-09/2027-11-15',1825718400
1559,25,5,76.67930482031149,0.0058189341376147,b'ACCESS-CM2',7,0.0004653502825752,308.4754636049764,85.22171925688875,b'ssp245',7.571086684961496,281.4358527457985,292.2883028334465,271.266681836999,b'2027-11-16/2027-11-22',1826323200
1559,25,5,74.380927414825,0.0060403176084908,b'ACCESS-CM2',7,0.0001419646925173,308.5858899229061,88.93430231540593,b'ssp245',7.166248466460108,283.11194305104004,292.6199141792629,270.41963478862374,b'2027-11-23/2027-11-29',1826928000
1559,25,5,75.10691623569275,0.0049416783823501,b'ACCESS-CM2',7,0.0001396960042652,290.8452068352551,85.14389653018296,b'ssp245',7.323247846066335,280.08682503078296,292.0447025907212,271.2349350639012,b'2027-11-30/2027-12-06',1827532800
1559,25,5,72.71855738858999,0.0036489302953357,b'ACCESS-CM2',7,9.639886392787864e-05,276.679871597448,75.3038864048865,b'ssp245',8.572665726620217,277.10234337089963,284.60509639131845,271.50051083772075,b'2027-12-07/2027-12-13',1828137600
1559,25,5,71.8631465524867,0.0041363661498984,b'ACCESS-CM2',7,0.0005027453346635,278.1783071134895,78.01010498615526,b'ssp245',7.472913092609271,277.585933475218,289.2813890982365,267.6479562952898,b'2027-12-14/2027-12-20',1828742400
1559,25,5,76.2080895070457,0.0031434036365432,b'ACCESS-CM2',7,0.0006511160824788,267.32646311884344,76.78821503222605,b'ssp245',9.14749995640346,273.52195436465814,286.1043658270352,262.8702439460202,b'2027-12-21/2027-12-27',1829347200
1559,25,5,75.95318069063111,0.0030072334220084,b'ACCESS-CM2',7,0.0001588471842417,275.94974908295626,77.79509150976966,b'ssp245',9.04849160897312,273.4994252017319,281.78511538298227,257.84900194251014,b'2027-12-28/2028-01-03',1829952000
1559,25,5,76.4457284220504,0.0022893235027378,b'ACCESS-CM2',7,0.0003525724862744,245.6106683735028,90.28954964789791,b'ssp245',7.8051201829258705,270.41102053561315,280.8044802016106,262.5275129235309,b'2028-01-04/2028-01-10',1830556800
1559,25,5,76.81232082295863,0.0017330356085418,b'ACCESS-CM2',7,5.0637575409899344e-05,243.68829543151224,89.97298950921922,b'ssp245',7.906688687322549,267.89658812212895,279.4820754341457,262.48130882373755,b'2028-01-11/2028-01-17',1831161600
1559,25,5,88.91120716987436,0.0025980535687831,b'ACCESS-CM2',7,0.0011380267882499,264.97552844061363,74.81022203970646,b'ssp245',12.971316424462612,268.793599509798,282.0006619660751,258.0872200786204,b'2028-01-18/2028-01-24',1831766400
1559,25,5,78.70943384427214,0.002365036410213,b'ACCESS-CM2',7,0.0004634562952737,249.7571826879529,103.91267199151017,b'ssp245',9.006346532079249,269.5651995293595,283.3735967663751,260.3999240156533,b'2028-01-25/2028-01-31',1832371200
1559,25,5,82.38481182311632,0.0022777428923562,b'ACCESS-CM2',7,6.373005517128655e-05,236.1665490097141,133.3218649459428,b'ssp245',11.603676812051493,268.65668625604536,282.51157761725824,255.81095808830813,b'2028-02-01/2028-02-07',1832976000
1559,25,5,79.43989080425128,0.0041000081270577,b'ACCESS-CM2',7,0.0005155906583268,291.9524453204611,105.53723313941715,b'ssp245',7.345671854552275,277.4465381946129,286.7754566137341,269.9937326624774,b'2028-02-08/2028-02-14',1833580800
1559,25,5,82.71601938994034,0.004607483039959,b'ACCESS-CM2',7,0.0004202502762473,293.6033301059257,120.6025915126129,b'ssp245',7.500908525538001,278.078147430104,286.4598623082257,263.83571940988736,b'2028-02-15/2028-02-21',1834185600
1559,25,5,76.18466286827072,0.0029805543151583,b'ACCESS-CM2',7,0.0008732063092409,251.73858777790585,150.15705111959707,b'ssp245',7.558602173234612,273.26130230194786,283.7208807461503,265.4737173329229,b'2028-02-22/2028-02-28',1834790400
1559,25,5,75.86621645972842,0.0031115896920779,b'ACCESS-CM2',7,6.785854829941717e-05,252.8687933501249,163.85934397221598,b'ssp245',8.804849959308315,273.5222550733736,281.56887622777964,256.35602795144786,b'2028-02-29/2028-03-06',1835395200
1559,25,5,79.44493810997245,0.0038006225995638,b'ACCESS-CM2',7,0.0003909035774622,266.4566211518787,162.2232042695671,b'ssp245',8.276394484897084,276.42344666791007,284.86284683890966,268.29229431152345,b'2028-03-07/2028-03-13',1836000000
1559,25,5,71.09718781781245,0.003538862892762,b'ACCESS-CM2',7,0.0002287742367034,253.8870230159404,185.47857248215445,b'ssp245',7.678329435984294,276.46824634623084,288.9570333729619,268.10247846962744,b'2028-03-14/2028-03-20',1836604800
1559,25,5,77.25958320586084,0.0047156992976748,b'ACCESS-CM2',7,0.0004248592101608,275.9527911326406,202.79557551192448,b'ssp245',8.614696427062926,278.5733306252932,294.3672588403674,265.05186966605805,b'2028-03-21/2028-03-27',1837209600
1559,25,5,79.63465579883898,0.0052740151650709,b'ACCESS-CM2',7,0.0001566741451409,282.93814914932403,203.2374459308127,b'ssp245',7.262203667030571,281.1230361338234,291.00981781448144,272.3905090774315,b'2028-03-28/2028-04-03',1837814400
1559,25,5,84.24992973217066,0.0056767513360403,b'ACCESS-CM2',7,0.000122859385482,289.2238455478202,212.4036387725893,b'ssp245',5.924191487551228,282.3267153406242,288.2946360712466,274.33955564637114,b'2028-04-04/2028-04-10',1838419200
1559,25,5,90.6516756598747,0.0067168643842711,b'ACCESS-CM2',7,0.0002066841177322,314.9627482538638,194.3205953120198,b'ssp245',5.772719972276787,284.661881162908,289.4488974308622,280.2329635398975,b'2028-04-11/2028-04-17',1839024000
1559,25,5,80.17002717801996,0.0063491459016149,b'ACCESS-CM2',7,0.0001183444320759,293.0966250212296,234.7310738447043,b'ssp245',4.697128148108535,284.8414695155299,290.0174362846043,277.6474403270777,b'2028-04-18/2028-04-24',1839628800
1559,25,5,82.70525407337007,0.0071900870733919,b'ACCESS-CM2',7,9.018495874529736e-05,294.7798270342019,257.3138470067248,b'ssp245',5.207502696035318,285.450659040684,295.9612201635388,276.41966977326763,b'2028-04-25/2028-05-01',1840233600
1559,25,5,88.35974085395132,0.0086390906011619,b'ACCESS-CM2',7,0.0004560230666721,331.7687373443667,196.8031111170293,b'ssp245',6.504924243676243,287.8384773712474,297.05857840275416,280.9565845434216,b'2028-05-02/2028-05-08',1840838400
1559,25,5,98.16725301959744,0.011233448284036,b'ACCESS-CM2',7,0.0004616113259596,357.1614140291391,216.4534045801893,b'ssp245',3.607409712690744,290.75286635246823,296.7164625969486,285.44311576511546,b'2028-05-09/2028-05-15',1841443200
1559,25,5,82.11175780997266,0.0092839365689118,b'ACCESS-CM2',7,2.5497098671083792e-05,319.9989562672364,284.4531410327856,b'ssp245',4.060372513619021,289.900265471338,296.9463116189708,279.7768822269163,b'2028-05-16/2028-05-22',1842048000
1559,25,5,82.88428446293862,0.0102960553118576,b'ACCESS-CM2',7,0.0005105577138772,325.0376001709489,288.2869266044032,b'ssp245',4.318522512098276,291.0498058753478,299.32708974644754,282.00128134022583,b'2028-05-23/2028-05-29',1842652800
1559,25,5,96.4044280911084,0.0128125863450561,b'ACCESS-CM2',7,0.0007485860623551,365.3671450786709,200.3580604189918,b'ssp245',5.1404492337758,293.29199489174914,297.47909992605014,288.4652546758237,b'2028-05-30/2028-06-05',1843257600
1559,25,5,92.97458067394436,0.0132376205640811,b'ACCESS-CM2',7,0.0005143421682519,359.35021315548977,245.9517292188561,b'ssp245',3.94149285680759,293.7308502449999,299.3955345264379,287.8666979361271,b'2028-06-06/2028-06-12',1843862400
1559,25,5,83.23469754963435,0.0141366722777593,b'ACCESS-CM2',7,6.699185885532358e-05,354.30057069766593,313.2512912758142,b'ssp245',4.264401926189723,295.9259063720703,303.3073573900305,287.2595072428385,b'2028-06-13/2028-06-19',1844467200
1559,25,5,85.24314340626971,0.0120178372884558,b'ACCESS-CM2',7,2.1354567112110896e-05,343.4133737125752,306.4952703440412,b'ssp245',4.104617606680338,293.06529647795554,300.3055645044299,286.0231310858243,b'2028-06-20/2028-06-26',1845072000
1559,25,5,86.44651222150024,0.0139796111418423,b'ACCESS-CM2',7,0.0001626108255271,357.00704726067136,290.98057262981405,b'ssp245',4.353194921307929,295.137259865202,302.0695144874462,289.19798787434894,b'2028-06-27/2028-07-03',1845676800
1559,25,5,86.70161605108352,0.0150931417876487,b'ACCESS-CM2',7,2.493103439568117e-05,362.53469109387134,313.4274610310114,b'ssp245',2.968989679408616,296.2093456702696,303.379931994452,286.6775937729987,b'2028-07-04/2028-07-10',1846281600
1559,25,5,74.23701830482878,0.0138046668774947,b'ACCESS-CM2',7,3.50498195802936e-05,354.2328708182704,318.5371825855958,b'ssp245',3.8743114410226633,296.8821073164851,305.5011764305225,287.9492692145749,b'2028-07-11/2028-07-17',1846886400
1559,25,5,80.14746875012636,0.0135862761348732,b'ACCESS-CM2',7,0.0001715243290275,351.1751985222163,285.07288953255915,b'ssp245',3.1245057530284663,295.7211451180973,301.94016803243886,288.7405365432518,b'2028-07-18/2028-07-24',1847491200
1559,25,5,83.87972210870272,0.0178808261131323,b'ACCESS-CM2',7,0.0001372695013458,385.2607009034719,279.871334630362,b'ssp245',5.116747791475885,299.7630416333058,307.8218521339305,290.90680940047554,b'2028-07-25/2028-07-31',1848096000
1559,25,5,78.97663942419965,0.0147599889730984,b'ACCESS-CM2',7,6.173707124389229e-05,362.1394235930828,272.8328673747755,b'ssp245',4.177292482551827,297.16329856856765,303.13775245555934,289.54895996978314,b'2028-08-01/2028-08-07',1848700800
1559,25,5,87.99228301433301,0.0158683562755399,b'ACCESS-CM2',7,0.0003257998012202,375.18839550452697,228.97827237210169,b'ssp245',3.664571481733341,297.2046486864425,303.0109832763672,288.9735493977864,b'2028-08-08/2028-08-14',1849305600
1559,25,5,77.2151599181118,0.0144231783095014,b'ACCESS-CM2',7,0.000143654553218,363.2931290083544,256.22428949960266,b'ssp245',3.7583173841669937,296.965787393953,304.99068864463027,288.5184227542601,b'2028-08-15/2028-08-21',1849910400
1559,25,5,78.92388659491054,0.0141427633217602,b'ACCESS-CM2',7,0.0001521470897629,371.1571305363815,223.8975480073728,b'ssp245',5.479035506880308,296.38163886218337,307.3930801612743,286.83776028398154,b'2028-08-22/2028-08-28',1850515200
1559,25,5,86.56625570135334,0.014419266144797,b'ACCESS-CM2',7,0.000118135598369,370.37041432003554,206.005111024592,b'ssp245',3.890466797722053,295.8051481069245,302.07036380491394,288.8742256496263,b'2028-08-29/2028-09-04',1851120000
1559,25,5,82.35585136334596,0.0141063514001682,b'ACCESS-CM2',7,3.351357910888885e-05,369.8952222930719,212.32352629477933,b'ssp245',4.251610230683787,296.1662347070919,305.1035536614017,282.6188526982847,b'2028-09-05/2028-09-11',1851724800
1559,25,5,80.18614516801222,0.0127333241663332,b'ACCESS-CM2',7,0.0003905609986285,364.52781279190725,187.4821665066863,b'ssp245',5.451612254995736,294.9154738274173,303.50700042282324,282.9042751146399,b'2028-09-12/2028-09-18',1852329600
1559,25,5,78.64900718831127,0.0103722141350871,b'ACCESS-CM2',7,0.000420647115544,354.0364480281221,168.39461831987273,b'ssp245',7.332296079187413,291.8413900434601,301.06913093898606,282.1697159476902,b'2028-09-19/2028-09-25',1852934400
1559,25,5,79.7618205084317,0.0092282299565509,b'ACCESS-CM2',7,0.0002736243038892,328.5933914405712,175.9640110165929,b'ssp245',6.4654261333355,290.38644531123634,298.14299869260924,284.21650496773094,b'2028-09-26/2028-10-02',1853539200
1559,25,5,80.71284160416565,0.0087461530982938,b'ACCESS-CM2',7,0.0002297752911406,329.1676029813462,161.7279475873548,b'ssp245',5.139810095712018,288.6696098817308,296.2088890186254,277.8941734866819,b'2028-10-03/2028-10-09',1854144000
1559,25,5,85.82416573755488,0.0098842788474174,b'ACCESS-CM2',7,7.826086368390366e-06,342.73162974481994,154.3370326245547,b'ssp245',5.008441778443614,290.799318251205,296.58897059343866,277.3835531041242,b'2028-10-10/2028-10-16',1854748800
1559,25,5,82.94761818516575,0.0086831104357419,b'ACCESS-CM2',7,0.0004438056543601,328.1860721564441,141.9571818033854,b'ssp245',4.205669641050493,288.852432705897,296.2962743786798,281.534172832102,b'2028-10-17/2028-10-23',1855353600
1559,25,5,69.39570922535646,0.0056096475539578,b'ACCESS-CM2',7,4.625565226407998e-06,294.45460868503733,132.704367574056,b'ssp245',7.5693202720665775,284.28312647722765,292.6324357627094,275.6012202166129,b'2028-10-24/2028-10-30',1855958400
1559,25,5,83.34677314521363,0.0083464896616835,b'ACCESS-CM2',7,9.370717292989086e-05,332.8605991466198,123.83075334537102,b'ssp245',5.590504353387014,288.05996091222664,296.2349315256312,278.98198432369503,b'2028-10-31/2028-11-06',1856563200
1559,25,5,89.53362916587055,0.0087390701882309,b'ACCESS-CM2',7,0.0003049484022913,344.5565215558986,101.56756884809852,b'ssp245',6.597473201248215,287.1019553806471,294.7607051683509,272.10225286069124,b'2028-11-07/2028-11-13',1857168000
1559,25,5,86.66081916224637,0.0073420999299321,b'ACCESS-CM2',7,0.0004489469021186,334.6027868614433,83.41006460091094,b'ssp245',6.82867226432816,284.01404568058115,293.0767474188321,269.3729784537053,b'2028-11-14/2028-11-20',1857772800
1559,25,5,70.63428468644989,0.0040932099069285,b'ACCESS-CM2',7,1.1029225709209212e-05,276.37400898114,98.8463708312862,b'ssp245',7.169931066505163,279.0943593722199,288.97948404947914,271.97372754967733,b'2028-11-21/2028-11-27',1858377600
1559,25,5,81.62301859095476,0.0054883067125423,b'ACCESS-CM2',7,0.0008280787420361,299.996102636744,85.2041251954578,b'ssp245',5.665518186304633,281.2275043874547,290.9109070266502,274.0873099064481,b'2028-11-28/2028-12-04',1858982400
1559,25,5,81.68421245914563,0.0043818740367958,b'ACCESS-CM2',7,0.0001547046335026,297.53608167186286,72.10559219218189,b'ssp245',8.85907980166607,279.4054183675635,286.50571196182915,273.5010625866876,b'2028-12-05/2028-12-11',1859587200
1559,25,5,77.6574734563413,0.0031574833753959,b'ACCESS-CM2',7,0.0004042141759722,274.6173385841259,74.02597426104496,b'ssp245',8.94608709047053,274.1453455638688,282.4932868404665,263.6507532092108,b'2028-12-12/2028-12-18',1860192000
1559,25,5,78.82650685280747,0.0037164757834211,b'ACCESS-CM2',7,0.0005294417514899,285.422762439167,73.5173739526089,b'ssp245',8.913715556590946,276.02218879399584,284.9643581666808,269.0352933579597,b'2028-12-19/2028-12-25',1860796800
1559,25,5,73.64768460670612,0.0031022021898615,b'ACCESS-CM2',7,0.0006678749948438,267.2359805563222,80.21071980320394,b'ssp245',8.664570107667343,273.9919201710703,284.5642619699671,267.67182701221407,b'2028-12-26/2029-01-01',1861401600
1559,25,5,82.20904148804722,0.0031688429803276,b'ACCESS-CM2',7,0.000388645451929,269.29053058189885,78.28719435745144,b'ssp245',8.600597042277238,273.64408727294415,281.8260452933933,266.07035173056784,b'2029-01-02/2029-01-08',1862006400
1559,25,5,75.1946116263822,0.003584344949579,b'ACCESS-CM2',7,0.0004534348502495,288.6695955169867,74.97339960339153,b'ssp245',7.014785717239538,275.5336913809766,286.3503246804942,264.3376057500424,b'2029-01-09/2029-01-15',1862611200
1559,25,5,81.6762323430853,0.0028719817256885,b'ACCESS-CM2',7,0.0003350591691484,267.60653131141424,85.3490404993851,b'ssp245',8.702192819241905,270.8464895686748,286.1055285467617,248.88226608055223,b'2029-01-16/2029-01-22',1863216000
1559,25,5,77.17186385760888,0.0041943026541232,b'ACCESS-CM2',7,8.517749696752144e-05,283.9155105748778,104.35029918441614,b'ssp245',8.056325644834688,277.8897816596811,286.82924503934555,256.17111360853994,b'2029-01-23/2029-01-29',1863820800
1559,25,5,67.059312400265,0.0031072492466363,b'ACCESS-CM2',7,1.3712895268805008e-05,254.0220635739913,131.08123862540995,b'ssp245',7.672586513157957,275.2962179685477,286.3842217486838,257.85217351498807,b'2029-01-30/2029-02-05',1864425600
1559,25,5,72.76165370585755,0.0026757247128241,b'ACCESS-CM2',7,0.0002419164110984,255.13331145292483,131.84984154869062,b'ssp245',6.976766729552305,272.50168888573813,285.06561832151544,262.2158831610196,b'2029-02-06/2029-02-12',1865030400
1559,25,5,76.11847778225537,0.0032898822834996,b'ACCESS-CM2',7,0.0003907458773551,265.2331126495424,125.42830115213648,b'ssp245',8.921816845710234,274.0650520403686,284.3692575205927,264.2323406717051,b'2029-02-13/2029-02-19',1865635200
1559,25,5,75.1355236866953,0.0026930801769261,b'ACCESS-CM2',7,0.0003860699259423,254.0666612802825,133.32000328522045,b'ssp245',10.560451910263756,272.52995123379475,279.4277555603911,263.84163982004355,b'2029-02-20/2029-02-26',1866240000
1559,25,5,76.12158891902946,0.002910234654003,b'ACCESS-CM2',7,0.0002867193058456,261.6217799911341,143.2364607658939,b'ssp245',9.445950204047604,272.68804160171413,288.4627365775731,258.4539001907128,b'2029-02-27/2029-03-05',1866844800
1559,25,5,76.07979059081147,0.0035772738266276,b'ACCESS-CM2',7,0.0002633967227115,271.015440548725,159.17778386655058,b'ssp245',6.289657748066367,275.7760111174968,282.1835584115291,266.4401773646258,b'2029-03-06/2029-03-12',1867449600
1559,25,5,84.86184972285237,0.0041723168127269,b'ACCESS-CM2',7,0.0004749903364851,284.6683057354597,151.5605408915328,b'ssp245',7.395272102365829,276.64394552100515,285.38375098186987,265.65161844889326,b'2029-03-13/2029-03-19',1868054400
1559,25,5,83.24725404822308,0.0043728083600125,b'ACCESS-CM2',7,0.0003163586109763,280.0004190006612,178.6887208136959,b'ssp245',7.837169359238744,277.70900915552613,284.0111850904381,263.0121040675951,b'2029-03-20/2029-03-26',1868659200
1559,25,5,77.27312769919448,0.0040526285795513,b'ACCESS-CM2',7,0.0006964727222734,270.45571069184297,178.59537547804553,b'ssp245',7.921156539285158,277.1123483914519,287.76074687570764,260.46926349142325,b'2029-03-27/2029-04-02',1869264000
1559,25,5,87.07786960799254,0.0056892137744079,b'ACCESS-CM2',7,0.0004684773616112,300.4406998596823,186.00192889101015,b'ssp245',6.461199630170628,280.3092319591198,291.4475781869197,266.2709828252378,b'2029-04-03/2029-04-09',1869868800
1559,25,5,75.87290128624956,0.0046440086065256,b'ACCESS-CM2',7,0.0001150308557669,270.6702293885667,226.78349518390917,b'ssp245',7.01191447210608,279.2190707883973,291.13125977447066,265.8760099991508,b'2029-04-10/2029-04-16',1870473600
1559,25,5,77.72679668924083,0.0053438445547398,b'ACCESS-CM2',7,0.0001226858297697,284.8842417715005,226.71586953868035,b'ssp245',6.107796035000503,281.3280125841097,289.1367808908656,272.0300343389097,b'2029-04-17/2029-04-23',1871078400
1559,25,5,86.64033697061164,0.008313213771317,b'ACCESS-CM2',7,0.0016189838391859,315.82569633784004,216.30372606360396,b'ssp245',6.71242049643712,287.03456425953107,294.9603498375934,274.7135053993999,b'2029-04-24/2029-04-30',1871683200
1559,25,5,87.00838398745834,0.0092742300158516,b'ACCESS-CM2',7,5.5760976533505455e-05,315.6797837914887,267.01426014396714,b'ssp245',6.679891508706608,288.4852884549285,296.39452519071267,277.84281452565955,b'2029-05-01/2029-05-07',1872288000
1559,25,5,80.78717714708537,0.0082201837803049,b'ACCESS-CM2',7,2.3749225757705264e-05,293.3181483235172,309.6778093863225,b'ssp245',3.963171731166958,288.2792306019406,296.1330789759539,280.85676959493884,b'2029-05-08/2029-05-14',1872892800
1559,25,5,86.74169486067555,0.0106269404247757,b'ACCESS-CM2',7,0.0003580783112685,327.2554325269616,282.41319458134177,b'ssp245',5.163461784941316,291.6810012280324,298.74964825174084,284.1681334122367,b'2029-05-15/2029-05-21',1873497600
1559,25,5,81.19708571819044,0.0097061472157243,b'ACCESS-CM2',7,0.0001781495901641,322.2655720396812,279.07517040876616,b'ssp245',3.71712604768528,290.7165360286862,297.2751148610876,283.03223324098445,b'2029-05-22/2029-05-28',1874102400
1559,25,5,83.67623584186562,0.011953833639452,b'ACCESS-CM2',7,0.0002380474254374,343.3058168904875,302.468620821556,b'ssp245',6.106564114602209,293.6287234983582,300.8270517985026,284.69639578556666,b'2029-05-29/2029-06-04',1874707200
1559,25,5,79.87738427582734,0.0124443667171441,b'ACCESS-CM2',7,3.7105497244149127e-05,342.1810683540676,324.5167541946189,b'ssp245',4.501827496574038,294.2758603619246,303.97991611646563,284.6048194332399,b'2029-06-05/2029-06-11',1875312000
1559,25,5,79.02518398529746,0.0127482152462977,b'ACCESS-CM2',7,0.0003681547674931,343.1217613583519,315.7562059422211,b'ssp245',4.382623953503358,294.8712069556827,304.70222619098166,285.6233914140342,b'2029-06-12/2029-06-18',1875916800
1559,25,5,84.51370609986363,0.0149956323125439,b'ACCESS-CM2',7,2.049081619489796e-05,367.0209655572168,308.21343308600825,b'ssp245',4.103482503377626,296.35573966142795,307.0479977815047,285.8494726650956,b'2029-06-19/2029-06-25',1876521600
1559,25,5,78.74262933987761,0.0141376712511815,b'ACCESS-CM2',7,5.289605067111981e-05,361.5452048228641,290.91717220646007,b'ssp245',4.841769333162169,296.5214169267295,306.7188871521881,286.3650453429291,b'2029-06-26/2029-07-02',1877126400
1559,25,5,89.60815691740616,0.0180097276138576,b'ACCESS-CM2',7,0.0003998196412542,387.4789788603536,280.7006186475418,b'ssp245',4.6932812918046976,299.27051511650006,306.0933469468269,290.8072094903476,b'2029-07-03/2029-07-09',1877731200
1559,25,5,82.12565244749713,0.017055207367323,b'ACCESS-CM2',7,2.15713316680659e-05,372.3675670552698,318.14310593377974,b'ssp245',4.341732727420009,299.0025032627904,309.4173386283543,290.9454204614612,b'2029-07-10/2029-07-16',1878336000
1559,25,5,88.75426365633189,0.0201171412285008,b'ACCESS-CM2',7,0.0001547927147594,395.1603979391094,273.3094802919628,b'ssp245',6.881365194676085,302.1350422545249,308.1006498917289,294.51560385883715,b'2029-07-17/2029-07-23',1878940800
1559,25,5,79.21064086029493,0.0170948616853735,b'ACCESS-CM2',7,5.987529432640292e-05,372.2444078844279,302.87124949706015,b'ssp245',3.245527045919288,299.8692874821569,306.97537076646,291.1821389903193,b'2029-07-24/2029-07-30',1879545600
1559,25,5,86.06224197798386,0.0178776094425801,b'ACCESS-CM2',7,0.0001943227188883,379.2875604096407,261.1924479450992,b'ssp245',3.9686858548881103,299.184638310466,307.37364603678384,289.46969661989067,b'2029-07-31/2029-08-06',1880150400
1559,25,5,84.36155275933244,0.017877170203859,b'ACCESS-CM2',7,0.0002641008366478,389.5760452238915,242.10308879591665,b'ssp245',4.196497529831485,299.20269662924187,309.9323788850204,290.36062237283454,b'2029-08-07/2029-08-13',1880755200
1559,25,5,78.15378842087264,0.0157949291480083,b'ACCESS-CM2',7,3.996881108686358e-05,377.1688476688867,242.63254343036783,b'ssp245',4.098448146154668,299.2587871480432,310.2463638084522,291.4563265593155,b'2029-08-14/2029-08-20',1881360000
1559,25,5,81.24609132691694,0.0147300520196448,b'ACCESS-CM2',7,0.0003797179293995,360.7942576785512,240.24859338606365,b'ssp245',4.312570718899523,296.9861703687079,304.143249069435,287.445578400985,b'2029-08-21/2029-08-27',1881964800
1559,25,5,88.40502766990267,0.0176021908955574,b'ACCESS-CM2',7,3.8990591581039165e-05,384.11118479979456,222.24008695235165,b'ssp245',3.899905511854104,299.0935059288767,305.91044541510985,292.1542754684669,b'2029-08-28/2029-09-03',1882569600
1559,25,5,82.70655719449061,0.0150049411541324,b'ACCESS-CM2',7,0.0001235524015263,371.424823876296,213.2899607214128,b'ssp245',4.478485228013301,297.6634046029353,305.5344621298969,286.912747325068,b'2029-09-04/2029-09-10',1883174400
1559,25,5,84.26101412881728,0.0131169563598976,b'ACCESS-CM2',7,0.0002420375846021,374.2046504050308,176.52488540744187,b'ssp245',5.192270404754465,294.6035877488415,302.2888374218042,284.22744432532267,b'2029-09-11/2029-09-17',1883779200
1559,25,5,76.59028509546758,0.0099495791457014,b'ACCESS-CM2',7,0.0002347471783433,331.9182506742931,197.9093259317781,b'ssp245',4.21552933807452,291.51849178211535,300.02215925576024,280.6986067619876,b'2029-09-18/2029-09-24',1884384000
1559,25,5,76.72073026542584,0.0098979686653939,b'ACCESS-CM2',7,5.709934192303376e-05,336.9675522703562,178.19156689535262,b'ssp245',4.242400466137051,292.3168735606823,300.16298076242634,284.53616032254865,b'2029-09-25/2029-10-01',1884988800
1559,25,5,87.79827303837051,0.0123250720351471,b'ACCESS-CM2',7,6.83773001528084e-05,363.3215002719413,163.19606573448416,b'ssp245',4.000661764579283,293.23029572860054,300.92458111306894,284.6519174327021,b'2029-10-02/2029-10-08',1885593600
1559,25,5,69.38558107932901,0.0075790117510187,b'ACCESS-CM2',7,2.890194618524853e-05,313.42105846839416,166.9231230030889,b'ssp245',6.10336142519246,288.92268204146046,298.9923037763955,273.7176112962806,b'2029-10-09/2029-10-15',1886198400
1559,25,5,66.5445844180342,0.0064931710672952,b'ACCESS-CM2',7,2.446407572620265e-05,301.5576285226004,160.3269903621318,b'ssp245',6.389416899098619,286.772483778296,296.0292002802309,278.0782158893087,b'2029-10-16/2029-10-22',1886803200
1559,25,5,78.83964543076036,0.0075454601802039,b'ACCESS-CM2',7,0.000716266446376,319.3021335262196,132.5351312009444,b'ssp245',6.647591166960278,286.473961568323,294.9373165407042,275.98014132734653,b'2029-10-23/2029-10-29',1887408000
1559,25,5,77.35039699704505,0.0074968414882479,b'ACCESS-CM2',7,0.0003441779442697,318.0216212618178,126.35176305040316,b'ssp245',7.33273414208035,286.75647232971824,295.9782415859941,277.8011174740998,b'2029-10-30/2029-11-05',1888012800
1559,25,5,83.08183533251902,0.0074051260831524,b'ACCESS-CM2',7,0.0001086924312904,314.97061861089543,120.60449107231317,b'ssp245',4.504844754773885,286.3755862281436,292.77283471148945,277.4711011803669,b'2029-11-06/2029-11-12',1888617600
1559,25,5,77.11065636865841,0.0044636716909501,b'ACCESS-CM2',7,0.0003126878010399,289.0126955683927,94.02476793372114,b'ssp245',6.422939427002616,277.8260482061477,292.7655381797016,268.97796737007474,b'2029-11-13/2029-11-19',1889222400
1559,25,5,79.78568170519841,0.0047750193995903,b'ACCESS-CM2',7,0.000122365031782,300.34114973174854,80.38102477095389,b'ssp245',9.125217860085623,280.6503725419133,287.58585488139715,273.30238289211104,b'2029-11-20/2029-11-26',1889827200
1559,25,5,80.18897818018436,0.0038842835337285,b'ACCESS-CM2',7,0.0003425153431105,284.41116405984627,76.87208514953991,b'ssp245',7.89674615317003,276.53382582891555,285.2630827972854,269.8010109279466,b'2029-11-27/2029-12-03',1890432000
1559,25,5,76.10800658200344,0.0040309872943907,b'ACCESS-CM2',7,0.0001946587654632,286.1512426593536,82.03520632915614,b'ssp245',5.651394968644925,277.77990898306075,285.8295592819435,270.4773479074672,b'2029-12-04/2029-12-10',1891036800
1559,25,5,81.59859924948239,0.0044022789390807,b'ACCESS-CM2',7,0.0005081670129993,298.5433932097061,69.45833024050631,b'ssp245',7.252059113461038,277.94371644961905,286.8265498949134,268.0696366462155,b'2029-12-11/2029-12-17',1891641600
1559,25,5,73.17987801056223,0.0035664112636853,b'ACCESS-CM2',7,0.0005166567718603,288.11761195338784,72.46879971743122,b'ssp245',8.366910336427313,277.25745409221133,283.3880008863366,272.970854695638,b'2029-12-18/2029-12-24',1892246400
1559,25,5,71.98764707829888,0.0029747868206941,b'ACCESS-CM2',7,0.0001106033697133,268.9812001798957,77.88500639163189,b'ssp245',7.042276141658332,274.0814840502373,282.7727929599043,267.51230420098784,b'2029-12-25/2029-12-31',1892851200
1592,25,1,69.97793521127132,0.002801378904884,b'ACCESS-CM2',6,2.615287646864846e-05,265.0599283356952,80.59382344922449,b'ssp245',10.75090337589256,274.3392019842425,279.84210190406213,268.51126797993976,b'2024-12-31/2025-01-06',1735603200
1592,25,1,75.40724725863,0.0030334404693794,b'ACCESS-CM2',7,0.0003039951914538,263.047931328798,95.65431250582684,b'ssp245',9.033587233160006,272.8110974839319,286.406478881836,258.28076450641345,b'2025-01-07/2025-01-13',1736208000
1592,25,1,77.32470026208368,0.0041161339460093,b'ACCESS-CM2',7,0.0005803449124209,291.8812165103116,89.21075642851247,b'ssp245',8.66581397440844,277.7041594397017,287.4196113684239,269.01831543751257,b'2025-01-14/2025-01-20',1736812800
1592,25,1,70.80579963883201,0.0040804605171252,b'ACCESS-CM2',7,0.000518596331257,294.9605156755273,93.50570917042184,b'ssp245',7.9247285946384896,278.5000469990265,287.53530189318536,267.87412971105334,b'2025-01-21/2025-01-27',1737417600
1592,25,1,75.51630085117215,0.0035704486400947,b'ACCESS-CM2',7,0.0003650617822394,271.36303874773864,109.77956395882828,b'ssp245',10.103518801294404,275.1080955882649,289.58452924092614,262.9659258524577,b'2025-01-28/2025-02-03',1738022400
1592,25,1,72.44768724162064,0.0026893210747119,b'ACCESS-CM2',7,0.0001502085867055,251.70283619737452,120.91226762642354,b'ssp245',10.883208544263038,273.2196590786889,282.35146287771374,266.6829515114809,b'2025-02-04/2025-02-10',1738627200
1592,25,1,71.6114198087336,0.0031688716633572,b'ACCESS-CM2',7,0.0004470089769715,252.7598839819213,136.64101163458912,b'ssp245',9.523343598558792,275.54738044040107,282.8347581227621,268.9869855244954,b'2025-02-11/2025-02-17',1739232000
1592,25,1,71.42726754181551,0.0033365339426674,b'ACCESS-CM2',7,7.743046708004643e-05,276.4246058097253,129.02950774880995,b'ssp245',9.932830879648964,276.7090511042557,281.3568527515119,268.30946433238495,b'2025-02-18/2025-02-24',1739836800
1592,25,1,73.51756289677743,0.0034938451034786,b'ACCESS-CM2',7,0.0003584706709366,274.0728778245248,140.20065187097907,b'ssp245',7.682719464812962,275.9819739135631,285.44355338659045,264.6675194960374,b'2025-02-25/2025-03-03',1740441600
1592,25,1,78.76422655538762,0.0039185070773972,b'ACCESS-CM2',7,0.0003626483800896,276.93032407236626,156.82632556852406,b'ssp245',9.140051346122128,277.04525437547176,286.41177113850915,269.2868725703313,b'2025-03-04/2025-03-10',1741046400
1592,25,1,76.77052579781949,0.0040785646667441,b'ACCESS-CM2',7,0.0007078331528949,281.87984435112924,145.04568798114093,b'ssp245',9.028081058910043,277.84661057580524,288.1904011261769,266.3684570605938,b'2025-03-11/2025-03-17',1741651200
1592,25,1,79.61558696725866,0.0043752636723053,b'ACCESS-CM2',7,0.0002724837954723,297.8787875891606,138.83626603381538,b'ssp245',8.347475769428106,278.94185562273526,282.9917680300199,273.4685039520264,b'2025-03-18/2025-03-24',1742256000
1592,25,1,76.45964609397637,0.004718975071301,b'ACCESS-CM2',7,0.0002795084318703,291.98916564494266,180.68080057067317,b'ssp245',6.921496629278303,280.8069797138592,289.8431469354875,274.0715290949895,b'2025-03-25/2025-03-31',1742860800
1592,25,1,79.75754776280442,0.0051496382568188,b'ACCESS-CM2',7,0.0004185265310307,281.94891155857744,201.94544328263396,b'ssp245',10.09142736626632,281.16290262941914,288.55622467627893,273.9343243134328,b'2025-04-01/2025-04-07',1743465600
1592,25,1,82.0610579047011,0.0056576787381331,b'ACCESS-CM2',7,7.984373371329706e-05,290.3806751900977,207.82915393424125,b'ssp245',6.992866128055385,282.60284556574004,287.92536486112164,276.8876839173146,b'2025-04-08/2025-04-14',1744070400
1592,25,1,88.97242877072905,0.007412961433853,b'ACCESS-CM2',7,0.0002366944379456,310.3370145720877,212.34374767869383,b'ssp245',6.373518794392928,285.40868834610825,291.72804211347534,276.86250779567627,b'2025-04-15/2025-04-21',1744675200
1592,25,1,87.93236157309005,0.007406398160818,b'ACCESS-CM2',7,0.0003322278082122,314.0420621236166,210.56559016503687,b'ssp245',5.493817549212513,284.9978654044015,292.8557821909587,276.0955824729724,b'2025-04-22/2025-04-28',1745280000
1592,25,1,96.3698148570218,0.0095211556801766,b'ACCESS-CM2',7,0.0005322890740632,347.43307627863067,181.14707350992896,b'ssp245',5.557286670629359,288.0193858653198,293.3628276922764,281.76059468587243,b'2025-04-29/2025-05-05',1745884800
1592,25,1,72.3190911078191,0.0058787986963446,b'ACCESS-CM2',7,4.192808802369964e-05,299.2541006318816,246.2668350520152,b'ssp245',6.8749712367197535,283.7945014478523,292.33128249339575,275.72937525235693,b'2025-05-06/2025-05-12',1746489600
1592,25,1,86.20586928343162,0.0089566055403837,b'ACCESS-CM2',7,5.589382196300128e-05,308.216298197652,289.4164116967729,b'ssp245',3.4071278429893788,288.3296024196751,296.50654660738434,282.99415471003607,b'2025-05-13/2025-05-19',1747094400
1592,25,1,89.30076358257197,0.0104075538567198,b'ACCESS-CM2',7,0.0001896625220596,327.62105325552136,270.73344824165656,b'ssp245',4.646628688870769,289.9645736470764,295.9759363027719,283.7521935976469,b'2025-05-20/2025-05-26',1747699200
1592,25,1,83.2400051927392,0.0104877155473721,b'ACCESS-CM2',7,0.0001414551160294,319.4089609921634,330.5023729792445,b'ssp245',4.766275608222999,291.2724019424383,298.803826943422,283.3426177196014,b'2025-05-27/2025-06-02',1748304000
1592,25,1,88.577717150524,0.0116009585098397,b'ACCESS-CM2',7,0.0006378326427982,350.8623807299268,254.49880576919728,b'ssp245',5.927768417603367,291.3919014424195,298.7604970687475,282.24798774719244,b'2025-06-03/2025-06-09',1748908800
1592,25,1,85.73226472484325,0.0128599242891454,b'ACCESS-CM2',7,0.0001393979942818,346.9731557168367,319.4693657277705,b'ssp245',4.535926771087524,294.01834633935505,302.2934084672195,286.80904809022564,b'2025-06-10/2025-06-16',1749513600
1592,25,1,89.33657280080048,0.0141490808694073,b'ACCESS-CM2',7,0.0002523808618414,350.3128312568525,298.4125669570197,b'ssp245',4.169788296924624,294.80421723026933,299.9939685234657,288.0382930070926,b'2025-06-17/2025-06-23',1750118400
1592,25,1,90.6042213387542,0.0156239911520703,b'ACCESS-CM2',7,0.0001190869344976,365.89101546151306,301.6919071316283,b'ssp245',4.592954417506418,296.0569371164064,304.6654651837472,289.1333548227946,b'2025-06-24/2025-06-30',1750723200
1592,25,1,85.36437624452752,0.0153753082937434,b'ACCESS-CM2',7,4.108754814048121e-05,360.35427891378447,306.52137084234334,b'ssp245',4.123643508324257,296.7748853802245,304.0282889146072,289.29929503416406,b'2025-07-01/2025-07-07',1751328000
1592,25,1,77.2441536428291,0.0139188966370569,b'ACCESS-CM2',7,0.0003089571787411,350.30891343001485,312.08333588694484,b'ssp245',4.99011777035701,296.61088397826035,303.95762991293884,289.02682837461816,b'2025-07-08/2025-07-14',1751932800
1592,25,1,90.42353466054897,0.0170475115399165,b'ACCESS-CM2',7,0.0002396141016094,379.9686409248101,277.5465907980671,b'ssp245',6.05823971991574,297.7010487497072,303.73048254159784,290.245990508642,b'2025-07-15/2025-07-21',1752537600
1592,25,1,83.18455312365577,0.015682900700788,b'ACCESS-CM2',7,0.0003007056094654,367.2656534984435,302.3913571598766,b'ssp245',3.412421638603176,297.6505288553762,302.8526642139142,291.9688752492269,b'2025-07-22/2025-07-28',1753142400
1592,25,1,85.72291722315137,0.016129948158924,b'ACCESS-CM2',7,0.0005513125494092,369.0378574888349,274.68666203816736,b'ssp245',4.339681912254502,297.4588059505701,304.095566774026,290.527188765697,b'2025-07-29/2025-08-04',1753747200
1592,25,1,86.56636781482906,0.0164300785881838,b'ACCESS-CM2',7,0.0004843148443613,374.512930286673,236.58329327901205,b'ssp245',5.135538328534518,297.58898369645897,304.68949073400256,290.396510442098,b'2025-08-05/2025-08-11',1754352000
1592,25,1,82.18733765528752,0.0132527457193672,b'ACCESS-CM2',7,6.269601788897405e-05,358.663206526648,253.12692994337817,b'ssp245',5.18199670391205,295.28237381260914,300.2637231288812,289.3790549253806,b'2025-08-12/2025-08-18',1754956800
1592,25,1,84.44657345307179,0.0138330005896925,b'ACCESS-CM2',7,0.0001766075093042,357.0615313044398,234.2502592142685,b'ssp245',4.668681056044259,295.5537246871781,300.82412127959424,288.5593633407202,b'2025-08-19/2025-08-25',1755561600
1592,25,1,81.18743125160972,0.0123994086588469,b'ACCESS-CM2',7,0.0001798784367201,351.7928900037493,236.7461882650634,b'ssp245',3.4512841981518405,294.4748436574972,299.7926737956512,288.2954351474078,b'2025-08-26/2025-09-01',1756166400
1592,25,1,77.54302178023065,0.0118849231052807,b'ACCESS-CM2',7,0.0001227302519359,353.70771132808034,223.8846700339964,b'ssp245',6.504724624392751,293.8855045025166,302.36472604213617,282.8176254370274,b'2025-09-02/2025-09-08',1756771200
1592,25,1,86.00830719409846,0.011806186292966,b'ACCESS-CM2',7,0.0013022651588561,367.9686107286167,157.50447100859424,b'ssp245',5.4172558940046445,292.1409943898519,299.49634199876056,283.44280986296826,b'2025-09-09/2025-09-15',1757376000
1592,25,1,78.79632568796039,0.0108945041642466,b'ACCESS-CM2',7,0.0006261682830063,352.5913477747432,195.34336505442752,b'ssp245',4.805047930378618,292.984112414685,299.5712785476294,285.4941021845891,b'2025-09-16/2025-09-22',1757980800
1592,25,1,87.65140471964966,0.0109920932533092,b'ACCESS-CM2',7,0.0006721635282177,364.491847943037,148.8296925558712,b'ssp245',4.622279541232648,291.595249183012,297.0534871419271,284.31145633795325,b'2025-09-23/2025-09-29',1758585600
1592,25,1,84.29615944383782,0.0106075699462456,b'ACCESS-CM2',7,0.0001776416083656,347.68782468942493,175.9667529920082,b'ssp245',4.637940945096942,291.72839726458545,297.4830012688271,285.3783316000914,b'2025-09-30/2025-10-06',1759190400
1592,25,1,82.48544727926289,0.008890563869766,b'ACCESS-CM2',7,0.0003319553839948,350.2161955571437,129.58869822121366,b'ssp245',5.5995482224357005,289.63427508707014,295.4469076792399,280.87239162738507,b'2025-10-07/2025-10-13',1759795200
1592,25,1,75.41993380291558,0.0069524589116853,b'ACCESS-CM2',7,0.0003896888189346,321.1099544147869,134.58403771962875,b'ssp245',6.180506809290513,286.2819177466871,294.1359632443159,276.6497608087002,b'2025-10-14/2025-10-20',1760400000
1592,25,1,80.44032600423793,0.0068675488945277,b'ACCESS-CM2',7,0.0005942178040551,315.0365489987664,128.6496825899397,b'ssp245',7.741075625458918,285.2991177345807,293.16196651947814,275.00566037495935,b'2025-10-21/2025-10-27',1761004800
1592,25,1,86.50970522213332,0.0081637708390055,b'ACCESS-CM2',7,0.0001991620931961,319.68301226717216,128.4454400530665,b'ssp245',6.41316587813608,287.6145142635583,293.4701311649421,279.1204676505847,b'2025-10-28/2025-11-03',1761609600
1592,25,1,81.08471086697702,0.0066014172606538,b'ACCESS-CM2',7,0.0004137609378274,324.58729404407546,106.27889550911202,b'ssp245',7.438762700273878,284.55809432508306,292.6397472772843,275.23400536561627,b'2025-11-04/2025-11-10',1762214400
1592,25,1,81.0074496915489,0.0064397659647404,b'ACCESS-CM2',7,0.0005380485548891,312.4370700151493,105.92656669424568,b'ssp245',7.984717557008887,284.0677965604342,291.91895059438855,275.04065029437726,b'2025-11-11/2025-11-17',1762819200
1592,25,1,73.34067947611268,0.0040128045608144,b'ACCESS-CM2',7,7.15252335194214e-05,293.51359735565745,84.3108991921603,b'ssp245',8.301752687810543,278.4164366460109,288.6086323566926,273.10296264061566,b'2025-11-18/2025-11-24',1763424000
1592,25,1,70.88856033353143,0.0041561616934223,b'ACCESS-CM2',7,0.0001553404222661,289.87412892855133,89.26760694570159,b'ssp245',7.544189200078175,279.58322890424904,288.6950648870224,274.9143684093769,b'2025-11-25/2025-12-01',1764028800
1592,25,1,76.62104417465547,0.0032192371830042,b'ACCESS-CM2',7,0.0002640933467916,277.8896099167429,66.96281353981941,b'ssp245',10.44530137718379,274.1566756601299,286.5295862051157,264.4734823764899,b'2025-12-02/2025-12-08',1764633600
1592,25,1,75.77189845654554,0.0027573282670025,b'ACCESS-CM2',7,0.0001550678693097,267.03689683488005,75.73376491130928,b'ssp245',7.425104926466505,272.79326624748035,279.3995843544985,265.66424179077154,b'2025-12-09/2025-12-15',1765238400
1592,25,1,78.12038751923558,0.0040046103107729,b'ACCESS-CM2',7,0.0003619356594477,281.0169555258839,77.668903869587,b'ssp245',9.210109972036802,276.6353455637838,287.8106938875639,268.1613845336132,b'2025-12-16/2025-12-22',1765843200
1592,25,1,73.54502773459579,0.0030112360709275,b'ACCESS-CM2',7,0.0004759407935017,263.0830988517174,86.87029109333025,b'ssp245',9.228881745438873,274.0958362411667,284.5301308754163,267.5459699386206,b'2025-12-23/2025-12-29',1766448000
1592,25,1,71.92493982367463,0.0034732497347332,b'ACCESS-CM2',7,0.0002843164533764,288.83554895980893,78.05369475996976,b'ssp245',7.051868729538971,277.1999250349108,282.4526074238313,273.4897635044196,b'2025-12-30/2026-01-05',1767052800
1592,25,1,72.07527867428986,0.0026780976382963,b'ACCESS-CM2',7,0.0003126405226473,278.5651946050344,69.7156471839318,b'ssp245',10.238987408496524,273.34911369491414,284.4432977529673,262.5836439377223,b'2026-01-06/2026-01-12',1767657600
1592,25,1,69.8932873696198,0.0032865676281096,b'ACCESS-CM2',7,0.0002514819164686,274.46253511757203,97.36228909073296,b'ssp245',7.360717814047258,276.1114257281517,283.5964239560641,269.346032118186,b'2026-01-13/2026-01-19',1768262400
1592,25,1,68.32437104619905,0.0025756932598782,b'ACCESS-CM2',7,5.4024122456791245e-05,251.53045606438496,106.48714307812982,b'ssp245',8.265123004987563,273.07166239280843,279.29135767618817,263.2613473060804,b'2026-01-20/2026-01-26',1768867200
1592,25,1,75.80708274387179,0.0029051727990021,b'ACCESS-CM2',7,0.000415783494846,265.5779033458277,109.262195450919,b'ssp245',9.888472999026488,273.58643700875643,280.47775806524817,266.5309751461714,b'2026-01-27/2026-02-02',1769472000
1592,25,1,77.76760505145286,0.0031792420718591,b'ACCESS-CM2',7,0.0002927701023342,283.7550913562705,104.86777813181337,b'ssp245',6.596041428846318,274.38432680905527,281.6567647885054,267.9886498084435,b'2026-02-03/2026-02-09',1770076800
1592,25,1,78.8841906301268,0.0034566819145439,b'ACCESS-CM2',7,0.0001783637210114,281.9398725390871,118.4723095649328,b'ssp245',7.766970269136378,275.32543753878974,283.7333514384735,266.1272375155718,b'2026-02-10/2026-02-16',1770681600
1592,25,1,73.47272479752482,0.0030533872409267,b'ACCESS-CM2',7,0.0003865667215937,262.6297319048927,134.58701500787842,b'ssp245',8.620549414184067,274.2640479161189,287.3353795271654,260.6333160889455,b'2026-02-17/2026-02-23',1771286400
1592,25,1,67.32738551377378,0.0020087761053678,b'ACCESS-CM2',7,0.0001953254316763,245.62550651634132,152.76213856931136,b'ssp245',7.098019497844327,271.55861936296736,279.72580034304895,261.96163671444623,b'2026-02-24/2026-03-02',1771891200
1592,25,1,79.10484708534493,0.0044319778922266,b'ACCESS-CM2',7,0.0009288984023333,291.39098250210947,145.72236849362162,b'ssp245',8.453587040468888,278.23547121544027,286.980698805589,266.9106966165396,b'2026-03-03/2026-03-09',1772496000
1592,25,1,75.56247878423979,0.0033412947827005,b'ACCESS-CM2',7,0.0001389432438381,252.86164377023889,184.11969804239803,b'ssp245',9.322303166428766,274.47447405804644,285.6886142828526,259.1505355345898,b'2026-03-10/2026-03-16',1773100800
1592,25,1,76.32440458985913,0.0038786609258396,b'ACCESS-CM2',7,0.000653722700585,272.54630521278244,169.4678814734295,b'ssp245',7.001394096202467,277.25245971819425,283.745950111976,268.45935557438776,b'2026-03-17/2026-03-23',1773705600
1592,25,1,80.26124244819195,0.0046921131902458,b'ACCESS-CM2',7,0.000146012681765,263.42409330584627,212.85248527946052,b'ssp245',6.229919418474258,279.155230602502,287.332132535103,270.0998673561292,b'2026-03-24/2026-03-30',1774310400
1592,25,1,80.75822476851636,0.0053100937103465,b'ACCESS-CM2',7,7.519086051602587e-05,278.18302856347503,218.5290227722336,b'ssp245',5.476410930737472,281.8599278725984,289.26146634419763,271.57406459710546,b'2026-03-31/2026-04-06',1774915200
1592,25,1,82.14284484465044,0.0057563436852026,b'ACCESS-CM2',7,0.0008455222781478,293.05068028628176,190.04256452832905,b'ssp245',7.744720052122633,281.95794959295364,290.5100661546756,269.4975784008319,b'2026-04-07/2026-04-13',1775520000
1592,25,1,80.9786140211336,0.0061889830039644,b'ACCESS-CM2',7,5.5045010123622046e-05,285.9612777695988,244.6156996632671,b'ssp245',6.145760976023728,284.0611220419189,291.68490439194903,274.82168720930053,b'2026-04-14/2026-04-20',1776124800
1592,25,1,73.90407878225976,0.0051366509701254,b'ACCESS-CM2',7,6.308060168453295e-06,265.72730534941286,265.4342636345944,b'ssp245',5.539297175549327,281.899258128016,289.28372363555127,276.14241717411926,b'2026-04-21/2026-04-27',1776729600
1592,25,1,83.95521228392046,0.0069715774684398,b'ACCESS-CM2',7,0.0004742233307207,304.09571922917075,228.9562271715521,b'ssp245',5.784520961535283,285.06206010112834,290.59732882181805,277.32071671119104,b'2026-04-28/2026-05-04',1777334400
1592,25,1,79.51581624838023,0.0068422814065908,b'ACCESS-CM2',7,0.0005310876020968,306.2958296262301,256.24348882528454,b'ssp245',7.134765115194705,284.80079912178684,294.0327821878287,275.06720190781823,b'2026-05-05/2026-05-11',1777939200
1592,25,1,89.57104973565967,0.0098841438803824,b'ACCESS-CM2',7,0.0001152927029005,319.0946930197133,296.9224027906145,b'ssp245',4.879442828315082,289.1873089647119,295.152216397799,281.5922237298428,b'2026-05-12/2026-05-18',1778544000
1592,25,1,84.61127876624083,0.0094297574285072,b'ACCESS-CM2',7,0.0002598320495379,312.7197588337211,290.7132490982503,b'ssp245',4.740292056303322,289.28429467337475,295.77558982066626,282.5913507510454,b'2026-05-19/2026-05-25',1779148800
1592,25,1,88.10904167161321,0.0103070365056913,b'ACCESS-CM2',7,0.000814116155502,335.61787420140087,254.22466621468797,b'ssp245',5.400663697839657,289.7187208238539,295.9373442821014,280.95509137862774,b'2026-05-26/2026-06-01',1779753600
1592,25,1,91.43172763817476,0.0121470731051959,b'ACCESS-CM2',7,0.000200422223949,340.9493345742698,287.1630415689378,b'ssp245',4.880025476926849,291.5570714272859,299.6044296362461,284.40872803712506,b'2026-06-02/2026-06-08',1780358400
1592,25,1,88.40586567274381,0.0132824664203289,b'ACCESS-CM2',7,0.0002782416548575,351.35882071610337,293.12985931648006,b'ssp245',5.388455033138558,293.92640447791246,300.42482097332294,286.52040721208624,b'2026-06-09/2026-06-15',1780963200
1592,25,1,83.91130182769272,0.0133083967989627,b'ACCESS-CM2',7,0.0001152485971367,346.9339400700161,310.89677247896304,b'ssp245',4.907061067365466,294.70264689127606,302.0630345955873,287.06754782261,b'2026-06-16/2026-06-22',1781568000
1592,25,1,85.67405196423933,0.0130388809109171,b'ACCESS-CM2',7,0.0002711540839979,351.3754607539474,294.0633751132113,b'ssp245',4.099814987608365,294.10231910258426,300.64155456347345,286.87108959295807,b'2026-06-23/2026-06-29',1782172800
1592,25,1,87.82122920284341,0.0160219049579702,b'ACCESS-CM2',7,9.744713250470413e-05,368.6665776500772,303.1513863657857,b'ssp245',5.58847292237011,296.82773894006084,303.8233861189622,287.1233816391383,b'2026-06-30/2026-07-06',1782777600
1592,25,1,77.5485523716434,0.0135537536935061,b'ACCESS-CM2',7,4.104739467641894e-05,351.12321040394545,320.17154101836377,b'ssp245',4.8961875447969305,295.7660707466769,303.90268120398895,287.6311270884979,b'2026-07-07/2026-07-13',1783382400
1592,25,1,93.5926754570706,0.0169357501766507,b'ACCESS-CM2',7,0.0004141047838917,378.5522658239791,263.27954018771,b'ssp245',5.436946254510146,297.3056286542844,302.9101830017873,288.2156347617125,b'2026-07-14/2026-07-20',1783987200
1592,25,1,86.728316118429,0.0164189422315484,b'ACCESS-CM2',7,0.000356356042324,376.1757509070876,272.9806371416365,b'ssp245',5.964825940219475,297.7837037376432,303.43802691728644,289.710247431046,b'2026-07-21/2026-07-27',1784592000
1592,25,1,85.79047074859396,0.0161005150050866,b'ACCESS-CM2',7,6.700230520199906e-05,367.7476348527622,284.0291834331694,b'ssp245',4.329266186980974,297.6362243554531,303.0352964156714,291.9964514023219,b'2026-07-28/2026-08-03',1785196800
1592,25,1,85.55384968139313,0.0161210743897174,b'ACCESS-CM2',7,0.0003248650343841,370.4764744755113,261.0651376186273,b'ssp245',4.277113018728001,297.10164717789536,304.10588435637646,290.69305625328656,b'2026-08-04/2026-08-10',1785801600
1592,25,1,80.08075131601468,0.014131512599076,b'ACCESS-CM2',7,5.12572501075608e-06,359.91055823245773,265.7830919817691,b'ssp245',4.699880653630684,296.2429781623813,303.7056363423666,289.3242262815818,b'2026-08-11/2026-08-17',1786406400
1592,25,1,84.46883751621178,0.0156685150368735,b'ACCESS-CM2',7,0.0002039976566307,371.0973681076106,238.8062595255646,b'ssp245',5.145763542516764,296.9489751962515,304.15068391653216,289.84650729252746,b'2026-08-18/2026-08-24',1787011200
1592,25,1,89.29758410052067,0.0154179715915606,b'ACCESS-CM2',7,9.262069060098862e-05,379.7135955964253,218.6358531665453,b'ssp245',4.097401230190045,296.81132054590915,302.4607568887564,290.2023244515443,b'2026-08-25/2026-08-31',1787616000
1592,25,1,84.82998780889827,0.0143399698838451,b'ACCESS-CM2',7,0.0002976313889232,369.4258121937623,216.82619736570143,b'ssp245',4.800712260079908,296.05544814784014,302.9802050468249,287.2359204414563,b'2026-09-01/2026-09-07',1788220800
1592,25,1,74.96796052883835,0.0112013672672522,b'ACCESS-CM2',7,4.484534572440989e-05,346.6264788309733,216.49173409248888,b'ssp245',4.175084053432985,294.822404735691,300.38485130896936,288.2697072640444,b'2026-09-08/2026-09-14',1788825600
1592,25,1,77.16569772308127,0.0111252631780591,b'ACCESS-CM2',7,0.0004040661609149,347.77968657497087,194.243625392844,b'ssp245',5.827713902398344,293.9004529177488,300.9203805189867,287.3145760267209,b'2026-09-15/2026-09-21',1789430400
1592,25,1,81.57818390248897,0.0108309121083488,b'ACCESS-CM2',7,0.0006731928657078,351.0547280014653,178.57894452762255,b'ssp245',6.560941903964504,292.54873506315465,298.057465186486,285.7049318460318,b'2026-09-22/2026-09-28',1790035200
1592,25,1,73.94089684119592,0.007741443055721,b'ACCESS-CM2',7,0.0001768618805027,314.51875036889385,165.3481732026125,b'ssp245',7.126955956002296,288.23835206643133,296.64487398587744,280.1416877355331,b'2026-09-29/2026-10-05',1790640000
1592,25,1,75.77913726904454,0.0079347828990308,b'ACCESS-CM2',7,0.0001625987065905,322.6079079065568,165.75746923663243,b'ssp245',7.756590003386523,287.81368684594014,297.168451553736,278.8115851573456,b'2026-10-06/2026-10-12',1791244800
1592,25,1,76.46830705670648,0.007573659620043,b'ACCESS-CM2',7,0.0002388603645267,316.403311313727,146.1645048738836,b'ssp245',6.564895066477004,287.6232357234745,295.65459124247235,280.61345418294275,b'2026-10-13/2026-10-19',1791849600
1592,25,1,71.06396346738488,0.005404132014079,b'ACCESS-CM2',7,4.81222968717759e-05,315.8379793062315,122.18111225624226,b'ssp245',6.6519794320558026,283.78868784921946,290.00743528512817,277.6939183259622,b'2026-10-20/2026-10-26',1792454400
1592,25,1,72.58440364586129,0.0054365211949366,b'ACCESS-CM2',7,0.000300739068929,305.76195722447216,111.41100649955946,b'ssp245',7.350839588122491,283.0401738484701,290.1752755580804,276.88518152481475,b'2026-10-27/2026-11-02',1793059200
1592,25,1,78.59744788438846,0.0057385134976143,b'ACCESS-CM2',7,0.0005990962316592,305.9384996602824,110.7053424185449,b'ssp245',8.247649907301634,282.85910836244244,292.0627000759809,274.17196151537775,b'2026-11-03/2026-11-09',1793664000
1592,25,1,78.28666811722977,0.0058434814872047,b'ACCESS-CM2',7,0.0002723448202941,312.2014898921981,102.91083343387088,b'ssp245',6.53491911488575,282.9774191929744,292.1653110797589,273.52699201534955,b'2026-11-10/2026-11-16',1794268800
1592,25,1,81.5056139890091,0.0050678799272558,b'ACCESS-CM2',7,0.0005106875399007,301.87378965454667,89.51173856930856,b'ssp245',10.0733817165697,279.9834372342288,289.57271360739685,271.71694471897223,b'2026-11-17/2026-11-23',1794873600
1592,25,1,77.96414341070714,0.0046615449634602,b'ACCESS-CM2',7,0.0004269535712659,300.01756199986943,90.21561588734498,b'ssp245',7.078155101109774,279.7609693645994,289.669798435309,271.9053674355532,b'2026-11-24/2026-11-30',1795478400
1592,25,1,77.3209342764411,0.0048013778191038,b'ACCESS-CM2',7,0.0007919343233531,291.512350110344,81.18835014301342,b'ssp245',8.550695813837507,279.74872478722654,289.0582002493052,270.48900418403827,b'2026-12-01/2026-12-07',1796083200
1592,25,1,69.64888601600033,0.0032323384140988,b'ACCESS-CM2',7,0.0001302269801899,274.37757398444654,74.3241878944439,b'ssp245',9.221812799518364,276.066879607819,287.75558828696234,270.0389645894369,b'2026-12-08/2026-12-14',1796688000
1592,25,1,67.87138927725209,0.002692448962436,b'ACCESS-CM2',7,1.9558649957451115e-05,265.8209002358573,79.09179407685669,b'ssp245',8.214220789053064,274.2627678965474,280.39157485961914,261.0434825114715,b'2026-12-15/2026-12-21',1797292800
1592,25,1,73.2875925202073,0.0025214808761969,b'ACCESS-CM2',7,5.392484254343784e-05,260.0738329834991,79.29595410343492,b'ssp245',7.491130502996865,272.358628716661,285.0115280151368,262.9406666388879,b'2026-12-22/2026-12-28',1797897600
1592,25,1,74.99846314335919,0.0040885312291353,b'ACCESS-CM2',7,0.0003850107645516,289.1735352107457,81.6187799867693,b'ssp245',8.180172432364126,278.7431328881791,285.81748390197754,271.80921852894323,b'2026-12-29/2027-01-04',1798502400
1592,25,1,65.73768179669922,0.002972857143381,b'ACCESS-CM2',7,1.0421390260728069e-05,250.06371990664977,102.36295992638166,b'ssp245',9.30846648709678,275.7299158354819,281.44904258923657,269.8799540201823,b'2027-01-05/2027-01-11',1799107200
1592,25,1,74.48187990677663,0.0032295052375453,b'ACCESS-CM2',7,0.000300028558659,288.53149778065665,77.86756589823153,b'ssp245',7.405360586586454,275.6355769258716,281.0636333074326,270.60061078193866,b'2027-01-12/2027-01-18',1799712000
1592,25,1,74.64539156553947,0.0023631270150372,b'ACCESS-CM2',7,0.0004001108396555,264.8741682038639,83.59678991897638,b'ssp245',9.932083390789591,270.1632430597103,283.53106591640375,255.8762168639746,b'2027-01-19/2027-01-25',1800316800
1592,25,1,78.56771751550528,0.0029382067978242,b'ACCESS-CM2',7,0.0002267817309922,262.9837434370439,97.11818970603385,b'ssp245',8.985051656544428,272.43726318135805,283.9615634526962,258.6713893107879,b'2027-01-26/2027-02-01',1800921600
1592,25,1,73.35940603109508,0.0029294760412158,b'ACCESS-CM2',7,0.0002724204293372,257.5359245027815,115.92267645235027,b'ssp245',8.763241205569154,273.7485616006257,284.7435107597938,262.8828949561486,b'2027-02-02/2027-02-08',1801526400
1592,25,1,71.81268672192053,0.0030847083458539,b'ACCESS-CM2',7,0.0001993007894605,258.8556096911867,134.59262040246537,b'ssp245',9.742373104169692,274.7921447194976,285.17515221620226,264.2878999465551,b'2027-02-09/2027-02-15',1802131200
1592,25,1,68.22021454507178,0.0026407815189935,b'ACCESS-CM2',7,5.7742828613847286e-05,243.25584031898023,146.6200854839423,b'ssp245',8.993229583942847,273.80086673135725,279.90349075121765,264.93421671940735,b'2027-02-16/2027-02-22',1802736000
1592,25,1,76.2730843968444,0.0032915352540296,b'ACCESS-CM2',7,0.0008969535656925,266.936099317921,142.97078969277743,b'ssp245',10.35091876044815,274.62524698418144,285.06496527256115,267.59555014585834,b'2027-02-23/2027-03-01',1803340800
1592,25,1,71.6208908033895,0.0031875183691699,b'ACCESS-CM2',7,0.0001666085571862,266.21448468987325,162.18051124230414,b'ssp245',6.682368390289419,275.370353335426,285.9196214920435,266.61625241010614,b'2027-03-02/2027-03-08',1803945600
1592,25,1,73.87333928796399,0.0036476730381717,b'ACCESS-CM2',7,0.0004981147783579,270.7472614281344,169.30033243968813,b'ssp245',10.230353095046766,276.9436787406167,287.50612434974084,268.74474955827765,b'2027-03-09/2027-03-15',1804550400
1592,25,1,77.7123257546198,0.0045394197023953,b'ACCESS-CM2',7,0.0007126178731351,277.7898687460484,186.29738653099145,b'ssp245',8.22595524591404,279.7781925969945,289.1772155761719,271.26561766404376,b'2027-03-16/2027-03-22',1805155200
1592,25,1,70.1863344187265,0.0036589936607524,b'ACCESS-CM2',7,0.0002599201272855,253.4505053020659,213.27123665896968,b'ssp245',7.212024741120392,277.61324405320835,285.83046834896777,270.2868956541404,b'2027-03-23/2027-03-29',1805760000
1592,25,1,74.49409953665823,0.0039642559629463,b'ACCESS-CM2',7,0.0001738258494979,260.390947443225,207.7902094138848,b'ssp245',7.672236724869236,277.30488748515484,286.3287138816638,268.54105421213006,b'2027-03-30/2027-04-05',1806364800
1592,25,1,67.0832336935805,0.0040979479247556,b'ACCESS-CM2',7,0.0002972543983983,263.6018862322573,221.10393028818208,b'ssp245',6.872394914210062,280.3731820312612,286.5330531780537,272.4297148875702,b'2027-04-06/2027-04-12',1806969600
1592,25,1,86.22555008388703,0.0062280805746729,b'ACCESS-CM2',7,0.0005809624860967,301.4534462520055,199.4066424823943,b'ssp245',4.977559367106075,282.6183899191273,289.7913256914188,275.7094467847775,b'2027-04-13/2027-04-19',1807574400
1592,25,1,84.16635843074367,0.0069387256092777,b'ACCESS-CM2',7,0.0004066180633739,296.99551206456005,228.10119082552177,b'ssp245',5.0250771070793,284.68406691219343,291.48428007272577,275.2265743842492,b'2027-04-20/2027-04-26',1808179200
1592,25,1,86.07803441316653,0.0077206705138897,b'ACCESS-CM2',7,8.090616732304743e-05,308.85249840732894,240.5076083892432,b'ssp245',4.681349177664017,286.2491735171923,295.44135773487585,277.74149483900806,b'2027-04-27/2027-05-03',1808784000
1592,25,1,88.09923706473886,0.009247054441959,b'ACCESS-CM2',7,0.0001109841931295,320.54168177873663,275.1441690493853,b'ssp245',6.619963258996116,288.731294464279,296.917374488635,281.2059867565449,b'2027-05-04/2027-05-10',1809388800
1592,25,1,80.96830888283559,0.0085103978447047,b'ACCESS-CM2',7,0.0001535184830894,305.49544833955315,283.96041845664,b'ssp245',6.715312554668159,288.0752414381985,297.35293432382434,276.3458467141176,b'2027-05-11/2027-05-17',1809993600
1592,25,1,83.6762651471428,0.0092858092545108,b'ACCESS-CM2',7,0.0003439629153779,316.10294740977304,292.5071208206289,b'ssp245',5.30360953515266,289.41830923618414,296.29431807689184,281.7168295444587,b'2027-05-18/2027-05-24',1810598400
1592,25,1,89.9962429057111,0.0112645432865587,b'ACCESS-CM2',7,8.959630870982214e-05,328.8329630282336,295.9988897169903,b'ssp245',3.468780193600681,291.5417936206301,298.1089083842743,283.6090929080279,b'2027-05-25/2027-05-31',1811203200
1592,25,1,79.46124171512032,0.0104441694137486,b'ACCESS-CM2',7,5.1480058560602e-05,322.3972848675627,329.3865939304506,b'ssp245',5.005286474640553,292.3292791066153,299.18831282395587,283.29643078339416,b'2027-06-01/2027-06-07',1811808000
1592,25,1,80.43555721520507,0.0121286532648876,b'ACCESS-CM2',7,0.0001423166593299,344.02582235650704,298.40403250110893,b'ssp245',5.821159163128327,294.14920341575544,302.61343075678906,286.2541225628975,b'2027-06-08/2027-06-14',1812412800
1592,25,1,84.05804383798397,0.013339390286548,b'ACCESS-CM2',7,0.0002582633270844,344.5508459810809,311.19509762634726,b'ssp245',5.159726087208633,294.83888093019146,302.39191837799854,287.17612364353283,b'2027-06-15/2027-06-21',1813017600
1592,25,1,84.958165652586,0.0138547370677656,b'ACCESS-CM2',7,0.0006223016362723,362.1159076620808,283.46948620513245,b'ssp245',5.161368773642914,295.423256688939,301.0222199757894,289.1735934722118,b'2027-06-22/2027-06-28',1813622400
1592,25,1,84.03021442147839,0.0150596933060277,b'ACCESS-CM2',7,0.0002677670839112,356.80951161087654,307.0858748788799,b'ssp245',4.3055204187448215,296.43804541088286,303.0233000241794,288.734210625673,b'2027-06-29/2027-07-05',1814227200
1592,25,1,82.41329227349698,0.0162727812916166,b'ACCESS-CM2',7,7.521726438018079e-05,366.55022113227153,317.30027739556283,b'ssp245',4.478698033334572,298.0287412915912,306.4603204971705,291.27114829038965,b'2027-07-06/2027-07-12',1814832000
1592,25,1,87.33307636177149,0.0161630545639186,b'ACCESS-CM2',7,4.810723037839109e-05,361.47304830446353,298.2898509965275,b'ssp245',4.083250771675791,297.2640226944026,304.0015616783729,289.1257613255428,b'2027-07-13/2027-07-19',1815436800
1592,25,1,93.05298278095958,0.0171119398463025,b'ACCESS-CM2',7,0.0001567251090979,378.50924043341,266.9610026991848,b'ssp245',4.026109315045588,297.25908015324524,303.83550927577875,290.4439758398594,b'2027-07-20/2027-07-26',1816041600
1592,25,1,93.9649174379342,0.0167300645748132,b'ACCESS-CM2',7,0.0001622778739024,377.8746053814452,246.7343252447499,b'ssp245',2.773285269409746,296.97500808073056,302.66621848864435,288.93926253685584,b'2027-07-27/2027-08-02',1816646400
1592,25,1,88.83102400922951,0.0173185242044878,b'ACCESS-CM2',7,0.0003881762242667,383.8290597824824,246.8855059347747,b'ssp245',5.013021249255855,297.9679129114955,305.13855635814184,291.1871509062939,b'2027-08-03/2027-08-09',1817251200
1592,25,1,85.28258321922779,0.0143256145073168,b'ACCESS-CM2',7,0.0004672249579606,377.3183058155327,221.06724829551504,b'ssp245',6.2182329061267145,295.8022650344905,303.76774362417365,290.236201946552,b'2027-08-10/2027-08-16',1817856000
1592,25,1,86.46075550365798,0.0153525833992693,b'ACCESS-CM2',7,3.000978146118245e-05,367.79039658906265,248.53515301519263,b'ssp245',3.483317240472242,296.5135675996215,303.998397631523,289.8649045014993,b'2027-08-17/2027-08-23',1818460800
1592,25,1,90.13990618457726,0.0160745138265345,b'ACCESS-CM2',7,0.000300408967208,382.8667002877037,206.26119056114783,b'ssp245',4.3761132195209855,296.93556875710965,303.7464346274351,290.7522149208265,b'2027-08-24/2027-08-30',1819065600
1592,25,1,90.68929731627524,0.0150345366669054,b'ACCESS-CM2',7,0.0001309350112432,378.3500083392356,199.97301256787645,b'ssp245',3.54637747312531,296.11965915833645,301.8690833067283,289.59790317828845,b'2027-08-31/2027-09-06',1819670400
1592,25,1,87.71562092819495,0.014526290063202,b'ACCESS-CM2',7,0.0005911768446885,375.5249324491173,199.0779293465527,b'ssp245',4.951363249576136,296.12155977186274,302.4837275284987,287.8589259905693,b'2027-09-07/2027-09-13',1820275200
1592,25,1,78.78672898994698,0.0112132509034331,b'ACCESS-CM2',7,2.056906452359909e-05,353.47671006450724,203.03706711989184,b'ssp245',5.756864124274516,293.5198254637666,300.74810791015625,285.14332869114025,b'2027-09-14/2027-09-20',1820880000
1592,25,1,81.36340770791301,0.0112815232096314,b'ACCESS-CM2',7,0.0001303840434494,354.54080146398303,182.23473422081915,b'ssp245',6.67974744295026,292.7925189301208,300.48906878935986,282.58342865185864,b'2027-09-21/2027-09-27',1821484800
1592,25,1,86.62653966002414,0.0116637210702163,b'ACCESS-CM2',7,2.3946678995159004e-08,338.43058104742147,191.32149389986597,b'ssp245',3.802564281356205,292.5170968513349,299.37176992954363,281.0089623866938,b'2027-09-28/2027-10-04',1822089600
1592,25,1,88.05585151015622,0.0112164801222462,b'ACCESS-CM2',7,0.000794049560361,354.2426992143904,138.6610816424583,b'ssp245',5.105705943518069,291.77694875416745,298.032019297282,283.6777570186518,b'2027-10-05/2027-10-11',1822694400
1592,25,1,84.29160236176992,0.0093761783911105,b'ACCESS-CM2',7,0.0003623581844822,345.3443268716554,143.12709054318103,b'ssp245',4.665389122571047,290.23946481921297,295.710827216124,283.2043844369742,b'2027-10-12/2027-10-18',1823299200
1592,25,1,85.45804693585352,0.0086752139235506,b'ACCESS-CM2',7,3.821235488274132e-05,350.3941464825865,126.56782741861032,b'ssp245',7.625049692152184,289.4433924636561,294.4431269229987,284.52388699849456,b'2027-10-19/2027-10-25',1823904000
1592,25,1,80.72888460438767,0.0080567120843918,b'ACCESS-CM2',7,0.0009175696362933,335.5098300905892,101.81330609146929,b'ssp245',7.347955655483974,288.0247119232849,294.58697118514624,280.20159080701006,b'2027-10-26/2027-11-01',1824508800
1592,25,1,69.01778102881744,0.0046776162530593,b'ACCESS-CM2',7,3.9388781015655886e-05,296.6581293357598,111.9244880903335,b'ssp245',7.577367018976491,281.66268860114803,289.83394471192975,274.91305458851355,b'2027-11-02/2027-11-08',1825113600
1592,25,1,75.19392878406651,0.0058866463286137,b'ACCESS-CM2',7,0.000209459440759,303.13632106431675,112.2490009213542,b'ssp245',6.102406296264995,283.9233519865043,290.8983261890901,274.81360425704565,b'2027-11-09/2027-11-15',1825718400
1592,25,1,77.45896033314996,0.0058522956408926,b'ACCESS-CM2',7,0.0005674206284598,312.5481693840726,84.57216442024317,b'ssp245',8.084230943313448,281.957578037248,291.93060229374817,271.43703597631213,b'2027-11-16/2027-11-22',1826323200
1592,25,1,73.92249480883281,0.0058967435206162,b'ACCESS-CM2',7,0.000103426445638,310.1448391785116,92.30585866533356,b'ssp245',7.66147315851498,283.0954032520672,291.8867619832357,272.3157025850736,b'2027-11-23/2027-11-29',1826928000
1592,25,1,75.3295134039589,0.0049230892224204,b'ACCESS-CM2',7,0.000145532883213,296.6809844306974,83.39431328301903,b'ssp245',7.937994372004119,280.3194600269472,291.3010129684057,271.70424568958776,b'2027-11-30/2027-12-06',1827532800
1592,25,1,73.60110157138699,0.003744320927534,b'ACCESS-CM2',7,0.0001577198747315,283.24765632266093,73.2674975901733,b'ssp245',9.214875177258538,277.43147058452007,285.1715908539601,271.9892662243966,b'2027-12-07/2027-12-13',1828137600
1592,25,1,71.89833868292226,0.0040567429645533,b'ACCESS-CM2',7,0.0004611121097757,282.31865202376264,79.75425181895386,b'ssp245',7.885369041463832,277.93876080635266,288.4643229460105,268.7279622004583,b'2027-12-14/2027-12-20',1828742400
1592,25,1,75.22193484690601,0.003146959002448,b'ACCESS-CM2',7,0.000745776995972,274.3544051970318,72.50237058719874,b'ssp245',9.921536134167033,274.1116796151186,285.9216558016264,263.24544133895483,b'2027-12-21/2027-12-27',1829347200
1592,25,1,75.43190350375333,0.0030520621617558,b'ACCESS-CM2',7,0.0001972193277474,281.6349839710054,75.62965989025521,b'ssp245',9.943569612699552,273.90915702288845,282.2273337535369,259.8238014808068,b'2027-12-28/2028-01-03',1829952000
1592,25,1,75.30957800040753,0.0024485575173963,b'ACCESS-CM2',7,0.0003885618688047,253.39493328485736,88.1416166422568,b'ssp245',8.286262531638583,271.2415194109683,282.32351821508166,263.45074976407574,b'2028-01-04/2028-01-10',1830556800
1592,25,1,73.09359990633452,0.0018199627953075,b'ACCESS-CM2',7,5.743224077042574e-05,253.5353482948555,84.34128845393003,b'ssp245',8.529788880776136,268.9826250949622,279.5043622530424,263.3092096768893,b'2028-01-11/2028-01-17',1831161600
1592,25,1,87.85599571269948,0.0028085063723388,b'ACCESS-CM2',7,0.0012039953850641,272.0713378501026,70.80354502524212,b'ssp245',13.96273510316353,269.91661501454786,282.5881410745474,259.48403143271423,b'2028-01-18/2028-01-24',1831766400
1592,25,1,76.76679814167512,0.0024424330662667,b'ACCESS-CM2',7,0.0004293400642767,255.9788890880543,102.08474130246228,b'ssp245',9.834708670556765,270.42999350020307,283.6150979262132,262.5092736268655,b'2028-01-25/2028-01-31',1832371200
1592,25,1,83.29047543312605,0.0024786363878457,b'ACCESS-CM2',7,7.48431654707009e-05,245.5290766950056,130.3885831745553,b'ssp245',12.374308230566893,269.6408740941422,282.89958763122564,257.1533161799113,b'2028-02-01/2028-02-07',1832976000
1592,25,1,81.47651978552123,0.0042284413067292,b'ACCESS-CM2',7,0.0004336325264887,299.7875123705183,99.00603990415075,b'ssp245',8.103463173349263,277.9553107866001,287.047660338573,270.2081597646078,b'2028-02-08/2028-02-14',1833580800
1592,25,1,82.66939746241867,0.0045140302214888,b'ACCESS-CM2',7,0.000380964178675,293.7676260742076,126.43239670708068,b'ssp245',7.83274121489717,278.2100396837507,285.50967289851263,265.16786081363,b'2028-02-15/2028-02-21',1834185600
1592,25,1,76.946261600697,0.0032409657056838,b'ACCESS-CM2',7,0.0009683245639848,260.92220171903955,143.85831381200435,b'ssp245',8.101497911271595,274.4460464170128,284.7469657506698,267.89168665959284,b'2028-02-22/2028-02-28',1834790400
1592,25,1,75.29006364057354,0.0032145913778066,b'ACCESS-CM2',7,8.084213016533841e-05,258.53141793051924,156.83979966614274,b'ssp245',9.582856943319133,274.43294798323524,281.7877038319906,259.24902446453393,b'2028-02-29/2028-03-06',1835395200
1592,25,1,78.83557661461744,0.0038976001785854,b'ACCESS-CM2',7,0.0003896644025588,269.98509375603646,162.90620039670895,b'ssp245',9.080017524651993,277.0381332159916,285.2188909481734,269.4108090522962,b'2028-03-07/2028-03-13',1836000000
1592,25,1,72.51122416943421,0.0036751736333292,b'ACCESS-CM2',7,0.0001643114878669,257.55047575982064,182.63353395636705,b'ssp245',8.387942174087952,277.2042155702472,288.850163484231,269.7167469904973,b'2028-03-14/2028-03-20',1836604800
1592,25,1,77.20852590131236,0.0048351729386349,b'ACCESS-CM2',7,0.0004102020351592,279.26662947406703,198.7802333133125,b'ssp245',9.07322690933397,279.49537763490787,294.1052908775134,265.08495487310944,b'2028-03-21/2028-03-27',1837209600
1592,25,1,78.77954680753716,0.0052687419027698,b'ACCESS-CM2',7,0.0001448711012852,287.1668310654469,196.92836290226757,b'ssp245',7.880206993320487,281.52366067376335,290.3212253374932,272.808515793238,b'2028-03-28/2028-04-03',1837814400
1592,25,1,84.5441033447182,0.0057048754781081,b'ACCESS-CM2',7,0.0001341418056203,295.23029262416964,205.81955402150697,b'ssp245',6.766165561728426,282.3371516426841,287.91711494250177,275.31761550903326,b'2028-04-04/2028-04-10',1838419200
1592,25,1,90.41458009188864,0.0066652748577685,b'ACCESS-CM2',7,0.0001998197611433,315.16075425619607,195.41350444332585,b'ssp245',6.755579670324868,284.12825741610686,289.1143672160614,279.5261486738156,b'2028-04-11/2028-04-17',1839024000
1592,25,1,81.38396535775601,0.0065205921915754,b'ACCESS-CM2',7,0.0001077999528078,290.54899234562134,234.44966829740088,b'ssp245',5.042255766880819,285.1299743303013,290.05670053530963,279.6742570339105,b'2028-04-18/2028-04-24',1839628800
1592,25,1,84.51002584883581,0.0074065230922617,b'ACCESS-CM2',7,0.0001216861987318,296.0242417932867,254.73626091017397,b'ssp245',5.629105570170032,285.8279525351612,294.2799670879657,276.72375282874475,b'2028-04-25/2028-05-01',1840233600
1592,25,1,88.97002476737613,0.0087521481642203,b'ACCESS-CM2',7,0.0003304583655814,330.9826112963778,203.01982617640235,b'ssp245',6.991766150181111,287.7834152040028,296.27254965366467,281.5908051515237,b'2028-05-02/2028-05-08',1840838400
1592,25,1,98.86559227884035,0.0112342594437481,b'ACCESS-CM2',7,0.0006016677308887,357.0509889623621,213.57309500376385,b'ssp245',3.6608726179206768,290.3551655793802,296.1471826113188,285.5396818014292,b'2028-05-09/2028-05-15',1841443200
1592,25,1,84.18823956919242,0.009625535443721,b'ACCESS-CM2',7,3.777424119353278e-05,323.98295017563817,281.0884814244924,b'ssp245',4.35183739926898,290.23191656734485,296.2379991091216,281.4570756569888,b'2028-05-16/2028-05-22',1842048000
1592,25,1,83.48640585644343,0.0105087153588833,b'ACCESS-CM2',7,0.0005328784289805,325.1540306915731,289.5236439757295,b'ssp245',4.866893563733433,291.4433258811196,298.8368882888403,283.67381858825684,b'2028-05-23/2028-05-29',1842652800
1592,25,1,96.73775918492468,0.0130667972490156,b'ACCESS-CM2',7,0.0009549091530748,366.6047909984659,197.30513556274303,b'ssp245',5.7981927301530005,293.2627324813452,297.20529375320825,289.3084537799542,b'2028-05-30/2028-06-05',1843257600
1592,25,1,93.84692580359322,0.0134918230578077,b'ACCESS-CM2',7,0.0006055791277292,359.2631533556369,249.07818547622628,b'ssp245',4.453561191157108,293.6365247803293,299.14594606252814,287.64904252076764,b'2028-06-06/2028-06-12',1843862400
1592,25,1,86.18500359329111,0.0142768096778329,b'ACCESS-CM2',7,0.0001064368602769,351.92171547439074,310.7682340642909,b'ssp245',4.467353360011027,295.51402941553584,301.8204620556954,287.9867044595572,b'2028-06-13/2028-06-19',1844467200
1592,25,1,84.59797978663184,0.0121604440400748,b'ACCESS-CM2',7,3.718382502157716e-05,346.4082222753392,301.1845198690673,b'ssp245',4.633814262273985,293.5296572940254,299.5027855115059,287.6920649210613,b'2028-06-20/2028-06-26',1845072000
1592,25,1,88.7737653299129,0.0144431938844964,b'ACCESS-CM2',7,0.0001550798980032,358.5262199164311,291.60732694772577,b'ssp245',4.48214522484458,295.1870699382964,300.9207235972087,288.6754692762326,b'2028-06-27/2028-07-03',1845676800
1592,25,1,89.60469605721835,0.0152322716894559,b'ACCESS-CM2',7,4.003670403518416e-05,362.69008955763377,305.9313585959075,b'ssp245',3.3177731107006148,296.0194699633253,302.034654666216,287.8756216978416,b'2028-07-04/2028-07-10',1846281600
1592,25,1,77.71496967867618,0.014348669540079,b'ACCESS-CM2',7,3.5722010951811806e-05,354.8428164541504,317.50258977771244,b'ssp245',4.124861077020021,296.9694151336894,304.2101462926621,288.45316833104846,b'2028-07-11/2028-07-17',1846886400
1592,25,1,80.24654889543415,0.0141285912623294,b'ACCESS-CM2',7,0.000125769666958,350.92360240810524,295.2578533682631,b'ssp245',3.3422947342852103,296.52610938103646,302.02872540400585,290.5725742242276,b'2028-07-18/2028-07-24',1847491200
1592,25,1,88.48909846330301,0.0180017086619684,b'ACCESS-CM2',7,0.0001851074891914,384.31589881841086,281.21712048149806,b'ssp245',5.496855733813821,298.9341450436212,305.565690505199,291.92400907858826,b'2028-07-25/2028-07-31',1848096000
1592,25,1,81.96317622775125,0.0153840414673556,b'ACCESS-CM2',7,5.3256570477343526e-05,362.97133176056025,274.17752193269274,b'ssp245',4.223916922624295,297.397415307852,302.47659086569763,291.0319398733286,b'2028-08-01/2028-08-07',1848700800
1592,25,1,90.8613376530099,0.0161273929639292,b'ACCESS-CM2',7,0.0002934769019019,375.5563832237608,229.36910057067877,b'ssp245',4.103249006027922,296.9242708604415,301.81005888718823,290.4813572321183,b'2028-08-08/2028-08-14',1849305600
1592,25,1,80.2078529120365,0.0144845936805582,b'ACCESS-CM2',7,0.0001549466705506,361.7636302067684,256.1448113193442,b'ssp245',4.05311401977098,296.75795110066736,303.6886014693823,289.73709209148706,b'2028-08-15/2028-08-21',1849910400
1592,25,1,81.57489387980311,0.0142210825090978,b'ACCESS-CM2',7,0.0001393114633221,369.1412153977614,225.57734461145088,b'ssp245',5.918968503946787,295.96671309837933,304.97325540200256,286.95273580306616,b'2028-08-22/2028-08-28',1850515200
1592,25,1,88.17429049984439,0.0146097557321992,b'ACCESS-CM2',7,0.0001140071428913,369.8232096507873,208.4977512743884,b'ssp245',4.241987611839186,295.7179284078298,301.3440180558425,290.387204683744,b'2028-08-29/2028-09-04',1851120000
1592,25,1,86.5281911385365,0.0139067418486964,b'ACCESS-CM2',7,5.179049435663141e-05,370.8026974297268,208.12629982316017,b'ssp245',4.397038192402968,295.33388450818194,302.9769569788224,283.28248679332245,b'2028-09-05/2028-09-11',1851724800
1592,25,1,83.36518579699619,0.0126896915149673,b'ACCESS-CM2',7,0.0005215279367147,363.7799517593105,188.45191354367324,b'ssp245',5.89581641582124,294.3657519930885,301.4497449336908,284.12488873799646,b'2028-09-12/2028-09-18',1852329600
1592,25,1,81.29623401732673,0.0106492156951539,b'ACCESS-CM2',7,0.0005762893962127,359.9370516473121,160.95664621534803,b'ssp245',7.95390501902217,291.6492763281741,300.3648274739584,282.544638755994,b'2028-09-19/2028-09-25',1852934400
1592,25,1,80.93003810281719,0.009442059183749,b'ACCESS-CM2',7,0.000303256300704,329.01836915767234,174.01318768791228,b'ssp245',7.47130668660005,290.5397820804582,297.27175732148004,284.08443348224347,b'2028-09-26/2028-10-02',1853539200
1592,25,1,81.52889599642911,0.0090503192369419,b'ACCESS-CM2',7,0.0002928437657071,331.90389951070154,160.01067608354728,b'ssp245',5.579385403530066,289.0687141069126,296.2770520234719,279.07239410204767,b'2028-10-03/2028-10-09',1854144000
1592,25,1,87.16174047071856,0.0098782031791115,b'ACCESS-CM2',7,5.6400656269036165e-06,341.9757477337625,158.24754564753383,b'ssp245',5.132799844220009,290.56029693547623,295.7673019017929,278.498717381404,b'2028-10-10/2028-10-16',1854748800
1592,25,1,83.94143372664959,0.0088293336948248,b'ACCESS-CM2',7,0.000530530466028,329.4085596035689,141.80893350957516,b'ssp245',4.444426740318428,289.11250977987777,295.28623615167083,281.954128803351,b'2028-10-17/2028-10-23',1855353600
1592,25,1,69.32055109324473,0.005741500128005,b'ACCESS-CM2',7,7.993870895507719e-06,299.9315273229019,132.307025883224,b'ssp245',8.26309965086944,284.79568568079463,292.591418339656,277.094451659765,b'2028-10-24/2028-10-30',1855958400
1592,25,1,84.03884559498603,0.0082387246989777,b'ACCESS-CM2',7,9.623692234175848e-05,337.0585374936953,120.29347011894536,b'ssp245',6.096659623550409,288.2504268338829,295.49394392355896,280.62595685323083,b'2028-10-31/2028-11-06',1856563200
1592,25,1,90.78021203205265,0.0085008051694155,b'ACCESS-CM2',7,0.0002849447991044,346.2011446411357,104.34018760199076,b'ssp245',7.213293481495356,286.93704148177267,293.7234922555777,274.3685358487643,b'2028-11-07/2028-11-13',1857168000
1592,25,1,87.61613629763816,0.0073446124911392,b'ACCESS-CM2',7,0.0005468948767942,337.88002744262474,85.74398123213662,b'ssp245',7.596656192899188,284.07131248865375,292.24726549784344,270.83031238653723,b'2028-11-14/2028-11-20',1857772800
1592,25,1,69.4297115401034,0.0040765713441701,b'ACCESS-CM2',7,1.6112278726742293e-05,280.56267283163663,96.25355394593964,b'ssp245',7.822827018224276,279.33505958864544,288.3206522036822,272.4604222713373,b'2028-11-21/2028-11-27',1858377600
1592,25,1,80.57167279589308,0.0052907606123604,b'ACCESS-CM2',7,0.0007700112158334,302.0817903721289,85.21883674855634,b'ssp245',6.212855334956568,281.2356035491049,290.33412576333075,275.2261421497052,b'2028-11-28/2028-12-04',1858982400
1592,25,1,80.1124406419831,0.0044092336254221,b'ACCESS-CM2',7,0.0001799538299829,303.349356235602,72.13753007619809,b'ssp245',9.494490119017962,279.69471723954763,286.8000809596136,273.683861218966,b'2028-12-05/2028-12-11',1859587200
1592,25,1,76.6282627643683,0.0032643307406146,b'ACCESS-CM2',7,0.0005030086641502,281.24033213535074,72.0607786178589,b'ssp245',9.599923311354042,274.8117937290625,283.3775446476081,264.91268598116363,b'2028-12-12/2028-12-18',1860192000
1592,25,1,78.48256135074212,0.0036991713379872,b'ACCESS-CM2',7,0.0005422260252895,292.64436485653835,73.78167087167175,b'ssp245',9.744369208594383,276.25882497375267,284.9770091619248,269.7336938320063,b'2028-12-19/2028-12-25',1860796800
1592,25,1,75.09170913521623,0.003190415697362,b'ACCESS-CM2',7,0.0007095961065298,271.32463838416584,78.27124547128712,b'ssp245',9.400521276525524,274.2934644859789,285.3848155584091,267.3859240703094,b'2028-12-26/2029-01-01',1861401600
1592,25,1,81.79036594572521,0.0032948251710667,b'ACCESS-CM2',7,0.0004579122739314,277.35201561407297,75.92182278895118,b'ssp245',9.5162406036487,274.2371368058872,282.16495504134747,266.85833314748913,b'2029-01-02/2029-01-08',1862006400
1592,25,1,75.29484689890684,0.0035829673438173,b'ACCESS-CM2',7,0.0004472564603421,297.0050544668904,72.43724070975196,b'ssp245',7.585278675014719,275.735230414422,286.15180470393256,264.74667622492865,b'2029-01-09/2029-01-15',1862611200
1592,25,1,82.0754500308753,0.0030047634470761,b'ACCESS-CM2',7,0.0003637263099474,276.29502850487125,81.94256144216209,b'ssp245',9.30322868205034,271.8168851691725,285.71374986110595,251.850683163374,b'2029-01-16/2029-01-22',1863216000
1592,25,1,76.86459966806265,0.0040677481685613,b'ACCESS-CM2',7,9.63549942737994e-05,286.4684048502437,107.10071858905611,b'ssp245',8.850330240669706,277.93419710096424,286.2990419925788,258.1242282573993,b'2029-01-23/2029-01-29',1863820800
1592,25,1,68.3668942914341,0.0031169391442524,b'ACCESS-CM2',7,3.210981095634435e-05,256.2017100826725,130.45080792772902,b'ssp245',8.205400242637365,275.4005889473381,285.9320900256817,259.328304877648,b'2029-01-30/2029-02-05',1864425600
1592,25,1,72.88633267870753,0.0026898639983803,b'ACCESS-CM2',7,0.0002272635617968,263.0334911451235,129.3366892922929,b'ssp245',7.451210371085577,272.9825605804667,285.30548354906915,263.8883677262527,b'2029-02-06/2029-02-12',1865030400
1592,25,1,77.67719748954633,0.0033761515957878,b'ACCESS-CM2',7,0.0004590060657951,270.3222681331984,123.91877661956538,b'ssp245',9.538510090483852,274.65856881194065,284.63668387975446,265.72018046256824,b'2029-02-13/2029-02-19',1865635200
1592,25,1,75.82093684577244,0.0028631832904935,b'ACCESS-CM2',7,0.0004206807310733,266.0551970485366,122.60813610719674,b'ssp245',11.56089311434236,273.5144245301411,280.3584444583991,265.8570836874155,b'2029-02-20/2029-02-26',1866240000
1592,25,1,76.77321966227159,0.0030406015434608,b'ACCESS-CM2',7,0.000266793408728,269.69521491780824,136.4691949100285,b'ssp245',9.70148292238459,273.74003395667444,288.28656294407,260.24988692846057,b'2029-02-27/2029-03-05',1866844800
1592,25,1,76.12312884645148,0.0036923889494087,b'ACCESS-CM2',7,0.0002813553341206,275.29096599201586,162.05518059852798,b'ssp245',6.70290351776413,276.28437749981447,283.07792223416845,268.6962550236629,b'2029-03-06/2029-03-12',1867449600
1592,25,1,84.83125616953923,0.0043718660363416,b'ACCESS-CM2',7,0.0004790561719566,292.2564485501021,149.03293497309144,b'ssp245',7.576461082795165,277.6931366134476,285.6040917910063,267.3509148817796,b'2029-03-13/2029-03-19',1868054400
1592,25,1,82.94193364063027,0.00455531723589,b'ACCESS-CM2',7,0.0003810625060744,286.004677213592,175.85925197601318,b'ssp245',8.602005988468617,278.41672290899817,284.3996213766245,264.5959205138378,b'2029-03-20/2029-03-26',1868659200
1592,25,1,76.53766630158758,0.0041538282690826,b'ACCESS-CM2',7,0.000770020885542,276.94815155700013,174.67628902393383,b'ssp245',8.540619113506414,277.8745752760779,288.0633230942947,263.1117708744148,b'2029-03-27/2029-04-02',1869264000
1592,25,1,86.77552562755544,0.0059633553309549,b'ACCESS-CM2',7,0.0005186156036609,305.14369164631046,192.909113412375,b'ssp245',6.8428443753239,281.47250772133856,291.0609506949401,271.4211364648281,b'2029-04-03/2029-04-09',1869868800
1592,25,1,75.73642231343867,0.0047703700198432,b'ACCESS-CM2',7,0.0001290263108681,276.2466179320228,219.7604158597115,b'ssp245',7.690079174744777,279.98136068351107,290.65161548516693,268.1866433070256,b'2029-04-10/2029-04-16',1870473600
1592,25,1,78.77320506197194,0.0055974736097485,b'ACCESS-CM2',7,0.0001471777723843,291.6173022692894,221.15649679554247,b'ssp245',6.466510408745582,281.8310968867152,289.4239086738,272.51304597121026,b'2029-04-17/2029-04-23',1871078400
1592,25,1,87.535399887588,0.0083091787221216,b'ACCESS-CM2',7,0.0015978359827297,317.5659481369969,210.94680597668608,b'ssp245',7.532620003699384,286.90815729972644,294.854339550703,276.1368947640443,b'2029-04-24/2029-04-30',1871683200
1592,25,1,89.33971489567462,0.0093661031138659,b'ACCESS-CM2',7,3.3708521600308345e-05,316.8748904357463,262.5483964773325,b'ssp245',7.161419821364104,288.6339632181021,295.3704985594139,278.75686415647857,b'2029-05-01/2029-05-07',1872288000
1592,25,1,81.89213418960573,0.0082765833598146,b'ACCESS-CM2',7,3.476299623331457e-05,290.18427832746687,311.8304515810677,b'ssp245',4.249299771892719,288.4792528955928,294.6637908739922,282.4312001252786,b'2029-05-08/2029-05-14',1872892800
1592,25,1,89.40686957041423,0.010806454405284,b'ACCESS-CM2',7,0.0004150206945119,328.0655298337832,279.3755615150536,b'ssp245',5.462048578720827,291.5539248400119,297.729166960105,284.83907195849304,b'2029-05-15/2029-05-21',1873497600
1592,25,1,83.84718774788546,0.0100268610790857,b'ACCESS-CM2',7,0.0002259439042214,323.476554451408,286.04155731550503,b'ssp245',3.89988205246218,290.9935592050518,297.27913181598376,283.92728962042395,b'2029-05-22/2029-05-28',1874102400
1592,25,1,85.82251721511395,0.0120167317269318,b'ACCESS-CM2',7,0.0002576718813377,344.3180725460961,292.0258171759246,b'ssp245',6.500342598109891,293.34185866471176,299.5035607264593,286.3580759977684,b'2029-05-29/2029-06-04',1874707200
1592,25,1,83.4757432500958,0.0126437074686024,b'ACCESS-CM2',7,7.163294630970632e-05,340.66800473810554,321.9106807638874,b'ssp245',4.880991687541044,294.1353087722164,302.1651501777845,286.6127848013854,b'2029-06-05/2029-06-11',1875312000
1592,25,1,83.35346944515523,0.0130221305443604,b'ACCESS-CM2',7,0.0003782091195823,342.5219956073133,308.6339987206372,b'ssp245',4.596067270298144,294.5590758900066,302.5183266859788,286.4009896302835,b'2029-06-12/2029-06-18',1875916800
1592,25,1,88.22267268079543,0.0148764098437942,b'ACCESS-CM2',7,2.8581113437013803e-05,365.2704681913496,299.5334471747989,b'ssp245',4.559463548682112,295.4515297369207,304.6650610703689,286.2288228059426,b'2029-06-19/2029-06-25',1876521600
1592,25,1,81.30381006373591,0.0142290370232653,b'ACCESS-CM2',7,4.568848739292474e-05,359.8815343598307,296.1820708404094,b'ssp245',5.276445956784727,296.1701522799202,305.41842930133527,286.23000218318055,b'2029-06-26/2029-07-02',1877126400
1592,25,1,91.58160449820998,0.0177624118196668,b'ACCESS-CM2',7,0.0004103542772922,385.1331414861994,273.4081867797908,b'ssp245',5.056598056530779,298.47300741174723,304.2611159789257,292.0995827699319,b'2029-07-03/2029-07-09',1877731200
1592,25,1,85.27337477582716,0.0168578803981483,b'ACCESS-CM2',7,4.676720098050139e-05,367.01627940223335,316.0032645843841,b'ssp245',4.476730299465386,298.0943366808769,306.1522628099491,291.1164399660551,b'2029-07-10/2029-07-16',1878336000
1592,25,1,91.81976331109968,0.0201306142383715,b'ACCESS-CM2',7,9.902234864444796e-05,389.5247954274273,283.5455916827416,b'ssp245',7.463927465480763,301.3185706784874,305.7793748806685,295.6019348731408,b'2029-07-17/2029-07-23',1878940800
1592,25,1,83.26046610577204,0.0176715644544685,b'ACCESS-CM2',7,1.707214130995458e-05,371.582888844249,302.1161227872521,b'ssp245',3.667191230524809,299.9661156580999,305.20327890836285,293.18331136458966,b'2029-07-24/2029-07-30',1879545600
1592,25,1,89.49196202938376,0.0184444470540875,b'ACCESS-CM2',7,0.0001964267512135,380.7192671919044,261.2018694790292,b'ssp245',4.16381211922719,299.0377815791539,306.1271060552353,289.5791087517372,b'2029-07-31/2029-08-06',1880150400
1592,25,1,87.21414149113191,0.0175845951371528,b'ACCESS-CM2',7,0.0003115762032429,386.168473687364,245.12155162196456,b'ssp245',4.496117356932644,298.4497079115648,307.75671523656604,290.2873886793088,b'2029-08-07/2029-08-13',1880755200
1592,25,1,81.45569666314039,0.016011433760105,b'ACCESS-CM2',7,4.5340357568301726e-05,374.69068368625295,245.7775026083866,b'ssp245',4.475565382903749,298.7565814426967,308.05084443703674,290.91740256089435,b'2029-08-14/2029-08-20',1881360000
1592,25,1,82.79520295740485,0.0150199576237088,b'ACCESS-CM2',7,0.0003912072161574,360.2481427314954,239.15264819218564,b'ssp245',4.687412882298777,297.1103466369294,303.1479924519857,289.4630329914583,b'2029-08-21/2029-08-27',1881964800
1592,25,1,91.750290121351,0.0175010740301561,b'ACCESS-CM2',7,4.358269295663365e-05,383.5826905079377,218.8418654277648,b'ssp245',4.152750416443898,298.53236505138136,304.428461319361,292.686984086648,b'2029-08-28/2029-09-03',1882569600
1592,25,1,85.0315048458812,0.0147733872390911,b'ACCESS-CM2',7,0.0001077450889118,369.9660399510311,215.62579803676397,b'ssp245',4.796824230870485,297.12061891800323,304.2402445475261,287.32080195500305,b'2029-09-04/2029-09-10',1883174400
1592,25,1,85.53210946841118,0.0128969302409048,b'ACCESS-CM2',7,0.0002478849012011,375.9449890332344,177.38016554025506,b'ssp245',5.4899209808735625,294.14652281541095,301.40513899387463,285.284935437716,b'2029-09-11/2029-09-17',1883779200
1592,25,1,76.74356762218825,0.0101623290238454,b'ACCESS-CM2',7,0.000249610186289,332.9354875585536,199.5742640477834,b'ssp245',4.632697870661487,291.8459195357103,299.828965602777,281.7816673180996,b'2029-09-18/2029-09-24',1884384000
1592,25,1,76.43118896501842,0.0099479156269541,b'ACCESS-CM2',7,9.05465813859921e-05,334.562245463277,178.48818079281205,b'ssp245',4.677735442261557,292.5106530800844,298.5569205161853,286.1832083188571,b'2029-09-25/2029-10-01',1884988800
1592,25,1,90.19506140593646,0.0125280088999209,b'ACCESS-CM2',7,7.5981122152633e-05,363.5454842983149,165.3900721850413,b'ssp245',4.201690460299398,293.0926943419181,299.5208523090069,284.2741581354386,b'2029-10-02/2029-10-08',1885593600
1592,25,1,69.67217478123341,0.0076941869071523,b'ACCESS-CM2',7,2.721019390369305e-05,315.68642336806977,163.7211235067347,b'ssp245',6.517118588908689,289.4483061570388,298.9965213384384,274.8640779837584,b'2029-10-09/2029-10-15',1886198400
1592,25,1,67.32439022099143,0.0066245700564872,b'ACCESS-CM2',7,2.5498472589118703e-05,307.33581271887704,154.70961955702788,b'ssp245',6.977347879401057,287.2467571370331,295.08820343017584,279.0838743845622,b'2029-10-16/2029-10-22',1886803200
1592,25,1,80.47570846019649,0.0078092675234767,b'ACCESS-CM2',7,0.000906087390123,322.8180598863315,131.13608587879838,b'ssp245',7.29561070191773,287.0058419713171,294.63901265462243,278.00449464260004,b'2029-10-23/2029-10-29',1887408000
1592,25,1,78.00582283145779,0.007559328098528,b'ACCESS-CM2',7,0.000338259847022,323.5141448345813,127.2870159987565,b'ssp245',7.97682567677655,287.06119735075004,295.1787302555182,279.0069418198024,b'2029-10-30/2029-11-05',1888012800
1592,25,1,82.27137696961344,0.0074227009748531,b'ACCESS-CM2',7,0.0001430090222532,316.5469216147622,123.6452153611096,b'ssp245',4.970311775257737,286.65544797736646,292.4456313695664,278.944562080579,b'2029-11-06/2029-11-12',1888617600
1592,25,1,77.2648514827966,0.0046493868253874,b'ACCESS-CM2',7,0.0003304753861422,297.1582267607525,90.8217343672728,b'ssp245',6.893645620062238,278.97573872101617,292.4563305194562,270.4305302057511,b'2029-11-13/2029-11-19',1889222400
1592,25,1,79.00921406239381,0.004895711739344,b'ACCESS-CM2',7,0.0002035966936517,306.9298994113238,77.31797807644577,b'ssp245',9.960124940662595,281.0933084173517,287.6672074733637,274.5186584668282,b'2029-11-20/2029-11-26',1889827200
1592,25,1,80.04080807857027,0.0040733142909546,b'ACCESS-CM2',7,0.0004906426707428,290.7761869220943,75.02893888557351,b'ssp245',8.790998995577024,277.26598752199953,285.97485097249347,269.94320962367914,b'2029-11-27/2029-12-03',1890432000
1592,25,1,75.92109256960971,0.004092150040778,b'ACCESS-CM2',7,0.0002775224070762,292.39225420759715,80.17779597170625,b'ssp245',5.987971031567553,278.12294083899195,285.7239029713166,270.7828029241318,b'2029-12-04/2029-12-10',1891036800
1592,25,1,81.6429706859938,0.0044797216002098,b'ACCESS-CM2',7,0.0004887760988039,305.73375713082896,69.51132764397087,b'ssp245',7.987662188736075,278.356143001235,286.7138213133201,269.0431371835562,b'2029-12-11/2029-12-17',1891641600
1592,25,1,72.07206938554953,0.0035424981174683,b'ACCESS-CM2',7,0.0005241958148845,294.9844912155208,72.56340336624956,b'ssp245',8.873396233160856,277.434617751684,283.1543249472594,273.6212110763941,b'2029-12-18/2029-12-24',1892246400
1592,25,1,72.38751662781824,0.0030411721657404,b'ACCESS-CM2',7,0.0001293848479776,275.2864415165269,75.69845502717155,b'ssp245',7.574697025420465,274.4701600755965,282.94593087220807,267.69713147481286,b'2029-12-25/2029-12-31',1892851200
1977,25,23,68.95461358840144,0.0027519773340218,b'ACCESS-CM2',6,1.80654606286588e-05,260.5498195169292,81.57476107879963,b'ssp245',9.964411087554067,274.1626329358193,279.773849901652,268.2747027364503,b'2024-12-31/2025-01-06',1735603200
1977,25,23,74.50603664486337,0.00291923891864,b'ACCESS-CM2',7,0.0003129332976889,256.69756917427515,93.99543711893432,b'ssp245',8.253483980818691,272.053507413203,286.4549722682768,255.6787346093404,b'2025-01-07/2025-01-13',1736208000
1977,25,23,77.42863883721243,0.0041300287022309,b'ACCESS-CM2',7,0.0006217400267712,288.7657656104232,85.91179156484361,b'ssp245',7.899841659164364,277.4518973584882,287.9561188933137,268.4519596392599,b'2025-01-14/2025-01-20',1736812800
1977,25,23,69.90840544678908,0.0041160767551682,b'ACCESS-CM2',7,0.0005255025624857,288.822951735202,94.24456205865064,b'ssp245',7.394391844215913,278.2589079467135,287.9786208331796,266.32703706815647,b'2025-01-21/2025-01-27',1737417600
1977,25,23,73.78787659947317,0.0034747519275494,b'ACCESS-CM2',7,0.0004209166761748,266.1137229699392,111.0913815092208,b'ssp245',9.29221723943843,274.5337243584401,289.6449589284561,261.6804004655678,b'2025-01-28/2025-02-03',1738022400
1977,25,23,71.1192744971327,0.0025563461624439,b'ACCESS-CM2',7,0.0001155532934608,245.73415095135783,125.2711174106453,b'ssp245',9.892813960181698,272.68989108235706,282.2867974976018,266.00328872842795,b'2025-02-04/2025-02-10',1738627200
1977,25,23,71.08751373175203,0.0030646337696763,b'ACCESS-CM2',7,0.0004467730860803,248.0808327697867,136.6371547996867,b'ssp245',8.785090957731034,274.969702031082,282.6142396532799,267.9594327708203,b'2025-02-11/2025-02-17',1739232000
1977,25,23,72.06846092225408,0.0032444181570477,b'ACCESS-CM2',7,6.633388801104658e-05,270.2186138496007,132.0653331909077,b'ssp245',9.220765983139527,276.1873237145331,281.09567855240465,266.89003979751607,b'2025-02-18/2025-02-24',1739836800
1977,25,23,73.73945674101644,0.0034003749983876,b'ACCESS-CM2',7,0.0003905780845182,268.9169860340568,140.22928127057838,b'ssp245',7.134571658999989,275.33710227910973,285.0952288594972,262.8521914791751,b'2025-02-25/2025-03-03',1740441600
1977,25,23,78.23849283734066,0.0038192463029259,b'ACCESS-CM2',7,0.0003606558939438,272.4123502343033,158.80029104242115,b'ssp245',8.487485742866541,276.5377097359032,286.1292388447623,268.2856030604915,b'2025-03-04/2025-03-10',1741046400
1977,25,23,76.64506974319197,0.0039226672528721,b'ACCESS-CM2',7,0.0006094640794829,276.690088805792,149.87108965285168,b'ssp245',8.472685803207343,277.114084651366,287.6358341005364,264.3913446311545,b'2025-03-11/2025-03-17',1741651200
1977,25,23,80.00832940338232,0.0042344727740351,b'ACCESS-CM2',7,0.0002192845205309,292.99725080320576,143.20011017442775,b'ssp245',7.617627907410543,278.5291952389572,282.25945886389,273.1976208106967,b'2025-03-18/2025-03-24',1742256000
1977,25,23,77.0958095685007,0.0046870984889624,b'ACCESS-CM2',7,0.0003147588545264,287.3216498019945,182.00693007668792,b'ssp245',6.365468544066505,280.5708350871461,289.71726508742944,273.7743788970262,b'2025-03-25/2025-03-31',1742860800
1977,25,23,78.5097143977785,0.0049512575698667,b'ACCESS-CM2',7,0.0003379984932179,276.82703210370977,206.8663249460556,b'ssp245',9.204237919027475,280.70708197537226,288.5214120984219,272.88084532322256,b'2025-04-01/2025-04-07',1743465600
1977,25,23,82.21683216400584,0.0055823831852455,b'ACCESS-CM2',7,7.731633777982396e-05,289.7281180523483,207.09373339265207,b'ssp245',6.274255891959328,282.4412867841561,288.00122127960816,275.8383947595373,b'2025-04-08/2025-04-14',1744070400
1977,25,23,88.2832418716181,0.0073908419183523,b'ACCESS-CM2',7,0.0002524887228192,310.05064005794645,212.06306752452443,b'ssp245',5.8519252060356015,285.6108356024809,292.78479039936445,276.39009510387075,b'2025-04-15/2025-04-21',1744675200
1977,25,23,87.27874140386378,0.0072654556454127,b'ACCESS-CM2',7,0.0002623485203571,312.6033861684968,210.90471626007653,b'ssp245',5.113992368014833,284.8170159272831,293.715992392728,275.7673391366933,b'2025-04-22/2025-04-28',1745280000
1977,25,23,95.04145579821424,0.0094343044899239,b'ACCESS-CM2',7,0.0003548712880758,346.15411074299453,184.30174066083876,b'ssp245',5.2247714203753945,288.19229348849075,293.73961818654533,280.723125110973,b'2025-04-29/2025-05-05',1745884800
1977,25,23,70.35361859029975,0.0055312850501725,b'ACCESS-CM2',7,2.8835452411707375e-05,295.0561702507586,251.36955434432775,b'ssp245',6.550477505815955,283.2781026437765,292.4311060089147,275.20530933078373,b'2025-05-06/2025-05-12',1746489600
1977,25,23,83.75566085761385,0.0086525055047499,b'ACCESS-CM2',7,4.855204464753736e-05,310.4567440275519,288.2422555456034,b'ssp245',3.2705808934644254,288.1706473842241,297.5603977460084,281.1590271356396,b'2025-05-13/2025-05-19',1747094400
1977,25,23,87.7000934088043,0.0101811053904599,b'ACCESS-CM2',7,0.0002358730366203,326.9985737342982,271.1914740768487,b'ssp245',4.223015841836168,289.9315221988847,296.2058452799863,282.15794727456046,b'2025-05-20/2025-05-26',1747699200
1977,25,23,81.66526233134573,0.0103830261070197,b'ACCESS-CM2',7,0.0001921029465397,319.4168449732561,329.7792032170726,b'ssp245',4.345458934069444,291.20353054047274,299.8803878117621,281.780406316872,b'2025-05-27/2025-06-02',1748304000
1977,25,23,86.68843530534913,0.0113074296966337,b'ACCESS-CM2',7,0.0006504849300914,348.1718331380565,261.4156019803062,b'ssp245',5.30656125372991,291.2140080038101,299.37616172169,281.3677292500645,b'2025-06-03/2025-06-09',1748908800
1977,25,23,83.56727884864904,0.0128831179482055,b'ACCESS-CM2',7,0.0001336271076417,348.7499766678729,322.142636913416,b'ssp245',4.120168213217792,294.37102359405634,303.7754323119396,285.5244384909746,b'2025-06-10/2025-06-16',1749513600
1977,25,23,86.45030266318962,0.0138570346586314,b'ACCESS-CM2',7,0.000251410791508,350.69342515070093,301.5224013564196,b'ssp245',4.093652853537096,294.8937403047883,300.7752244897547,287.5442386703761,b'2025-06-17/2025-06-23',1750118400
1977,25,23,87.7843311352922,0.0155510493642295,b'ACCESS-CM2',7,0.0001100068478007,366.83174895854194,306.97964447942826,b'ssp245',4.184691088419576,296.3928332342469,306.42020881950083,288.94679698020815,b'2025-06-24/2025-06-30',1750723200
1977,25,23,82.19194023298321,0.0151316010644371,b'ACCESS-CM2',7,4.157160634515399e-05,361.8352463069664,304.18130031462806,b'ssp245',3.961284237097761,297.0593271189545,305.6095986754722,288.9390897964784,b'2025-07-01/2025-07-07',1751328000
1977,25,23,74.80205187167822,0.013449081376969,b'ACCESS-CM2',7,0.0001981867712681,349.4762885726951,313.20339005100806,b'ssp245',4.868485261183964,296.32279853222445,304.6705089510544,287.49790498807835,b'2025-07-08/2025-07-14',1751932800
1977,25,23,89.0934930030281,0.0172976354863711,b'ACCESS-CM2',7,0.0002788744278009,381.9088914870894,275.1513653062089,b'ssp245',5.42121900899311,298.2465238270379,305.6872615521464,289.7119615142714,b'2025-07-15/2025-07-21',1752537600
1977,25,23,79.64427334583918,0.0150645308072137,b'ACCESS-CM2',7,0.0002562430719592,364.0357893366177,306.51735144357974,b'ssp245',3.2557286351622605,297.36879466818124,303.3837531764223,290.771044374216,b'2025-07-22/2025-07-28',1753142400
1977,25,23,83.42593592635534,0.0158449205189633,b'ACCESS-CM2',7,0.000545860425095,366.7764199614464,279.0299175492144,b'ssp245',3.8719382995416303,297.3916711368133,305.3758056352383,288.65645461549724,b'2025-07-29/2025-08-04',1753747200
1977,25,23,83.67250435234503,0.0159831117106003,b'ACCESS-CM2',7,0.0003969853003286,373.4334894168395,238.1720206186208,b'ssp245',4.693076259391387,297.602143435479,305.9969544033515,289.3506934155821,b'2025-08-05/2025-08-11',1754352000
1977,25,23,81.24509230864794,0.0128940637144097,b'ACCESS-CM2',7,5.352719062399234e-05,356.2027459159873,254.11141769349987,b'ssp245',4.730716669070899,295.09113417670625,300.71492377307084,288.51586240297786,b'2025-08-12/2025-08-18',1754956800
1977,25,23,84.11123859124352,0.013574614931293,b'ACCESS-CM2',7,0.0001813551638821,357.56604603551693,229.1148809084584,b'ssp245',4.3409030628477785,295.33486658470446,301.38548255388963,286.9082192665289,b'2025-08-19/2025-08-25',1755561600
1977,25,23,80.82090163363596,0.0122337654535513,b'ACCESS-CM2',7,0.0001829503862238,351.7665562468046,232.68593124001035,b'ssp245',3.2822420884996304,294.3880614410827,299.8187109216467,287.6159265511432,b'2025-08-26/2025-09-01',1756166400
1977,25,23,75.67891317114378,0.0116757082292326,b'ACCESS-CM2',7,0.0001185444174333,352.0726191584548,223.31985315872012,b'ssp245',6.139067849776741,293.7602097795512,303.20343997599525,282.22736899996306,b'2025-09-02/2025-09-08',1756771200
1977,25,23,85.6729950019372,0.011741454910495,b'ACCESS-CM2',7,0.0012185310571236,367.1473981471583,155.21686648920382,b'ssp245',4.9516117126428165,292.06286343661225,299.756151435789,282.6741341294758,b'2025-09-09/2025-09-15',1757376000
1977,25,23,78.17043922618622,0.010812481141937,b'ACCESS-CM2',7,0.0005955328986425,352.4713877502431,194.75595892386485,b'ssp245',4.515071851162871,292.8991939334287,300.4586791992187,284.64401702700707,b'2025-09-16/2025-09-22',1757980800
1977,25,23,86.26130550935912,0.0106016028687221,b'ACCESS-CM2',7,0.0006160662106492,358.4321229664144,151.2642552811212,b'ssp245',4.122869962261828,291.32878285480564,297.13468354820776,282.8961666967399,b'2025-09-23/2025-09-29',1758585600
1977,25,23,83.65012103032656,0.0104099621735217,b'ACCESS-CM2',7,0.00018664831642,346.0816297654982,175.1364357894097,b'ssp245',4.355927525774627,291.3947289682878,297.77388881426634,284.7634192672783,b'2025-09-30/2025-10-06',1759190400
1977,25,23,81.74264595725319,0.0085808003555651,b'ACCESS-CM2',7,0.000237658170536,345.1706773459077,128.21750734418976,b'ssp245',5.128090256783307,289.37201845475005,295.32896893533933,279.9458648069128,b'2025-10-07/2025-10-13',1759795200
1977,25,23,75.31113102617421,0.0067251543191632,b'ACCESS-CM2',7,0.0003914635951713,316.02565675434045,136.33883836977515,b'ssp245',5.721700437516502,285.5988124950999,294.11281469495964,275.5219073335001,b'2025-10-14/2025-10-20',1760400000
1977,25,23,79.8597305884629,0.0065376942750015,b'ACCESS-CM2',7,0.0005202511904087,309.80971717158906,128.34745283122007,b'ssp245',7.207395306122526,284.6382073067677,293.0976195352277,273.7654071253897,b'2025-10-21/2025-10-27',1761004800
1977,25,23,85.39744124699652,0.0080187815072812,b'ACCESS-CM2',7,0.00012152628955,318.33677490357906,127.0741675420804,b'ssp245',5.849597847749218,287.3790351506087,294.269017207158,277.9157447139376,b'2025-10-28/2025-11-03',1761609600
1977,25,23,81.92034755892728,0.006559179363567,b'ACCESS-CM2',7,0.0004034159020309,320.1204933890968,104.33147692539616,b'ssp245',6.740148339631042,284.2575168825157,292.85173854354986,274.3013181359878,b'2025-11-04/2025-11-10',1762214400
1977,25,23,81.43159806561482,0.0064669798921085,b'ACCESS-CM2',7,0.0004630147692621,310.54654091255804,104.54416835294,b'ssp245',7.325893278527287,283.8837184381638,292.1427048792383,273.67608653387185,b'2025-11-11/2025-11-17',1762819200
1977,25,23,70.91584087982409,0.0037906166963793,b'ACCESS-CM2',7,3.836368703513146e-05,284.78426877988653,87.71055323407268,b'ssp245',7.855161667433088,277.9334141703435,288.29232525065487,272.5687773613327,b'2025-11-18/2025-11-24',1763424000
1977,25,23,71.63954462484719,0.0041508917626244,b'ACCESS-CM2',7,0.000157912658605,284.74370921484467,89.4455824247358,b'ssp245',7.0024708089025856,279.1940424818276,289.22494196976226,274.2780876294781,b'2025-11-25/2025-12-01',1764028800
1977,25,23,76.66486556551311,0.0030955283131012,b'ACCESS-CM2',7,0.0002271548896329,270.7761142889632,71.10843141671275,b'ssp245',9.650707974564993,273.3880826474281,285.7068637456072,263.1135889118649,b'2025-12-02/2025-12-08',1764633600
1977,25,23,77.44564894484635,0.0025960330175424,b'ACCESS-CM2',7,0.0001180720416667,258.77958438568965,78.53149565711033,b'ssp245',6.922823793752577,271.6642157055512,278.5823170055043,264.1044861344267,b'2025-12-09/2025-12-15',1765238400
1977,25,23,77.84709231176713,0.0040278369644482,b'ACCESS-CM2',7,0.0004716924793344,278.9054122464133,76.43795400559348,b'ssp245',8.480339151064928,276.2623207425564,288.32383236215134,266.93451637529284,b'2025-12-16/2025-12-22',1765843200
1977,25,23,74.08325316271024,0.0030468005659037,b'ACCESS-CM2',7,0.0005020943185299,258.4781188269976,85.85686932488342,b'ssp245',8.40187639409202,273.8711183174482,285.0118299752227,266.7527378627232,b'2025-12-23/2025-12-29',1766448000
1977,25,23,71.80367905978189,0.0035433488243979,b'ACCESS-CM2',7,0.0002496721472648,283.62779276759846,78.21757976810572,b'ssp245',6.542484246411759,277.4301145607956,282.7164276375258,273.1559168647848,b'2025-12-30/2026-01-05',1767052800
1977,25,23,71.84112776204414,0.0026936751879408,b'ACCESS-CM2',7,0.0003377077539792,272.9928210910405,72.37811621583761,b'ssp245',9.697393793745292,273.2742315746918,285.0171164700667,261.4127318687394,b'2026-01-06/2026-01-12',1767657600
1977,25,23,69.61607103030904,0.0033453612691311,b'ACCESS-CM2',7,0.0002790399070351,270.8953167186216,94.68904928309377,b'ssp245',6.77078466283509,276.1297267708575,283.71386401684254,268.55203603769274,b'2026-01-13/2026-01-19',1768262400
1977,25,23,67.98515887492864,0.0025861398492848,b'ACCESS-CM2',7,5.227638417621602e-05,248.59782341982665,106.33776972566896,b'ssp245',7.665035639027958,272.9734251138472,279.30298557754395,262.2883122792069,b'2026-01-20/2026-01-26',1768867200
1977,25,23,75.01343410785975,0.0028125688088936,b'ACCESS-CM2',7,0.000404943404914,260.52242777427585,109.34148594468134,b'ssp245',9.18821510079941,273.151318124664,279.4792109357705,265.6815904709637,b'2026-01-27/2026-02-02',1769472000
1977,25,23,77.11546119410707,0.0030774725507221,b'ACCESS-CM2',7,0.0002570636751423,277.4224390398895,104.86249395670627,b'ssp245',6.157300081235358,274.00567528642154,281.3971325582709,267.32170168033315,b'2026-02-03/2026-02-09',1770076800
1977,25,23,78.61260737398058,0.0034123219054934,b'ACCESS-CM2',7,0.0002050011877335,278.1550237585188,117.45386126809868,b'ssp245',7.196210810458163,274.8972027348032,284.0669474596115,264.7509938930255,b'2026-02-10/2026-02-16',1770681600
1977,25,23,73.09928588687036,0.0030046543691556,b'ACCESS-CM2',7,0.000395775122396,258.8685923406016,135.77804341077362,b'ssp245',8.240885553200744,273.5304150516216,287.85348802586793,258.80092501049194,b'2026-02-17/2026-02-23',1771286400
1977,25,23,68.2285991082567,0.0019177081566278,b'ACCESS-CM2',7,0.0001728902564071,237.4184879760433,157.93838030653794,b'ssp245',6.687573492114832,270.4117084360983,279.5098864342556,260.22064000009226,b'2026-02-24/2026-03-02',1771891200
1977,25,23,78.99492600418942,0.00445245101058,b'ACCESS-CM2',7,0.0009085613159946,288.1281907159937,146.56144715899623,b'ssp245',7.865160365594461,278.06533079489947,287.79468742649834,266.0711899434239,b'2026-03-03/2026-03-09',1772496000
1977,25,23,74.33808583146826,0.0031642646421848,b'ACCESS-CM2',7,0.000127028249132,249.68051984648332,183.6663930361821,b'ssp245',8.712647380344702,273.4246487333594,285.6914076551777,255.5795030109716,b'2026-03-10/2026-03-16',1773100800
1977,25,23,76.07304566592948,0.0037301792661857,b'ACCESS-CM2',7,0.0005887520806094,267.37942567163583,172.45423088903712,b'ssp245',6.490260031718309,276.5874080468157,283.20436061962715,268.1657699350764,b'2026-03-17/2026-03-23',1773705600
1977,25,23,80.52298258850438,0.0046595361749447,b'ACCESS-CM2',7,0.0001429647290446,262.8546408969971,211.42269064905992,b'ssp245',5.864919905397939,278.645407010299,287.8263613217836,267.8326168848463,b'2026-03-24/2026-03-30',1774310400
1977,25,23,80.66820216906737,0.0052456253084598,b'ACCESS-CM2',7,5.8170754285641387e-05,278.34651944833934,217.93058863327943,b'ssp245',5.1509599600418925,281.5169809090184,289.84753969230786,269.7997045956085,b'2026-03-31/2026-04-06',1774915200
1977,25,23,81.82821712020998,0.0057965171420347,b'ACCESS-CM2',7,0.0009234864500231,291.8338797922017,187.4368423909718,b'ssp245',7.3000463515314,281.8789754537169,291.0939167477586,268.76224583577374,b'2026-04-07/2026-04-13',1775520000
1977,25,23,79.70165242777242,0.0060444064898584,b'ACCESS-CM2',7,3.895506129856314e-05,286.4364334572264,242.057641749801,b'ssp245',5.777036099836827,283.917576278195,292.42749920589443,273.72537339535904,b'2026-04-14/2026-04-20',1776124800
1977,25,23,73.63403650117495,0.0050245772751585,b'ACCESS-CM2',7,5.013763747722018e-06,265.5774148499348,264.3115516259831,b'ssp245',4.996619004748044,281.62722138012214,289.87177569356686,275.056645164805,b'2026-04-21/2026-04-27',1776729600
1977,25,23,83.90197973690461,0.0068565475023863,b'ACCESS-CM2',7,0.0004320398723572,302.92540682417723,229.8515034336367,b'ssp245',5.22596172913268,284.94624202250225,290.57018607003346,277.0565700058109,b'2026-04-28/2026-05-04',1777334400
1977,25,23,77.86946969137644,0.0065077369378275,b'ACCESS-CM2',7,0.0004462182134654,302.57818649840164,259.2104164981825,b'ssp245',6.718719485478007,284.2904011762892,293.6495768469368,274.3270042806758,b'2026-05-05/2026-05-11',1777939200
1977,25,23,87.19538120958852,0.0096391532178996,b'ACCESS-CM2',7,7.929046461529808e-05,315.956837165615,298.6588013549743,b'ssp245',4.636639562138098,289.0923883776215,295.3727895112922,281.24257370769766,b'2026-05-12/2026-05-18',1778544000
1977,25,23,82.78226563725026,0.0091333957205213,b'ACCESS-CM2',7,0.0002437144055223,312.5797459780416,290.5852773392616,b'ssp245',4.469096776586214,289.0169216702249,296.4459323635349,281.62503891261434,b'2026-05-19/2026-05-25',1779148800
1977,25,23,88.09030926145134,0.0099860909423193,b'ACCESS-CM2',7,0.0006181124851547,334.0885735156464,251.3716768447173,b'ssp245',4.991688327134651,289.16315499709617,296.52862765009314,280.5152734173231,b'2026-05-26/2026-06-01',1779753600
1977,25,23,90.14485459529564,0.0118947982273494,b'ACCESS-CM2',7,0.0002557092649344,340.9267007766957,282.85986040655484,b'ssp245',4.473588870094043,291.30060804254146,299.65008602570185,283.430906942068,b'2026-06-02/2026-06-08',1780358400
1977,25,23,85.85245400678248,0.0131111484024717,b'ACCESS-CM2',7,0.000270479536418,351.1569839402905,297.4849623745902,b'ssp245',5.036573318108919,294.2011444869019,301.6145229587308,286.6600172454942,b'2026-06-09/2026-06-15',1780963200
1977,25,23,80.99827285640495,0.0129497017047583,b'ACCESS-CM2',7,0.0001466521409345,346.5375029380053,313.55898236142656,b'ssp245',4.731871226280651,294.6900596933916,302.5921734986648,286.77529575748736,b'2026-06-16/2026-06-22',1781568000
1977,25,23,84.71649727231838,0.0128374716771527,b'ACCESS-CM2',7,0.0003025358290571,351.2861582858503,290.65934311018606,b'ssp245',3.8557455680848456,294.0736710498055,301.044451572819,286.04335704744915,b'2026-06-23/2026-06-29',1782172800
1977,25,23,85.72187097825777,0.0161252489051474,b'ACCESS-CM2',7,0.0001385506781412,370.8915313242016,306.115270060338,b'ssp245',5.087310420740996,297.3777586264119,305.0189148813944,286.13677211072394,b'2026-06-30/2026-07-06',1782777600
1977,25,23,74.61912419008232,0.0129378727984533,b'ACCESS-CM2',7,3.979310688459244e-05,349.123978343133,318.2111974424406,b'ssp245',4.760033241189297,295.5350307568186,304.75120643516635,286.9102150152537,b'2026-07-07/2026-07-13',1783382400
1977,25,23,93.0275196056781,0.0168933244645129,b'ACCESS-CM2',7,0.0005018119121099,379.9577182944136,256.6218985076456,b'ssp245',5.32878926532589,297.4744510016889,303.3772498697148,286.6943927931532,b'2026-07-14/2026-07-20',1783987200
1977,25,23,85.48502952973301,0.0163405196347582,b'ACCESS-CM2',7,0.0003384413530552,376.41796034981655,269.5163628264048,b'ssp245',5.600863055729266,297.93118021053493,304.2243416706252,288.1274008362465,b'2026-07-21/2026-07-27',1784592000
1977,25,23,84.47451861879037,0.0158476384963257,b'ACCESS-CM2',7,0.0001100931414307,368.4816988621539,277.1486655943187,b'ssp245',4.254650974418445,297.5908168124236,303.43348320935104,290.06259526384474,b'2026-07-28/2026-08-03',1785196800
1977,25,23,83.67255391703023,0.0158322477252356,b'ACCESS-CM2',7,0.0002778690117803,369.7953274154728,260.918815382457,b'ssp245',3.889550646353901,297.1086962940038,305.0405849920676,289.33028169562147,b'2026-08-04/2026-08-10',1785801600
1977,25,23,77.5629327600009,0.0138137384441436,b'ACCESS-CM2',7,1.9413363811257523e-06,357.9723629435956,266.71809860489424,b'ssp245',4.114298133991644,296.1560542942561,304.8223158510967,288.27243146479765,b'2026-08-11/2026-08-17',1786406400
1977,25,23,81.73365413738475,0.0153959786634389,b'ACCESS-CM2',7,0.0001990013283487,370.75912060723937,238.5171452736368,b'ssp245',4.805605139654348,297.2116127522443,305.165691425274,289.4788945545976,b'2026-08-18/2026-08-24',1787011200
1977,25,23,88.34214464362303,0.015449003909593,b'ACCESS-CM2',7,0.0001136984681575,378.5525317102806,219.70914838446356,b'ssp245',3.784607627215283,296.855535941173,303.20233633498515,289.36286708286826,b'2026-08-25/2026-08-31',1787616000
1977,25,23,81.7222410083963,0.0140123111267332,b'ACCESS-CM2',7,0.0002487468433843,367.03804796681794,221.4683285032965,b'ssp245',4.586390808352855,296.22546240024366,303.57986868145616,285.9041242903492,b'2026-09-01/2026-09-07',1788220800
1977,25,23,74.31951671258697,0.0109404230458596,b'ACCESS-CM2',7,6.838383621987687e-05,344.45377099057595,216.8568149977781,b'ssp245',3.962038173706098,294.2702197973876,300.715504111478,286.5397044500466,b'2026-09-08/2026-09-14',1788825600
1977,25,23,77.50968266675476,0.0109123214025305,b'ACCESS-CM2',7,0.0003293348246868,345.3697360960905,193.5553064679271,b'ssp245',5.47374443304963,293.41491070234423,300.9194796403437,285.6631386496804,b'2026-09-15/2026-09-21',1789430400
1977,25,23,81.01882000616095,0.0104592458203152,b'ACCESS-CM2',7,0.0006437336458238,347.1260386322377,178.28023084079783,b'ssp245',6.113265608470502,292.03536765976327,298.0952819319796,284.7494243815488,b'2026-09-22/2026-09-28',1790035200
1977,25,23,73.69312927971843,0.0073885345825386,b'ACCESS-CM2',7,0.0001527074590935,310.4458559434839,167.5789956581655,b'ssp245',6.5517501792853015,287.5276090146157,296.42298570292894,279.47849764593093,b'2026-09-29/2026-10-05',1790640000
1977,25,23,75.26193918661477,0.0077549225790841,b'ACCESS-CM2',7,0.0001876528110755,321.37904619129097,162.19830903638612,b'ssp245',7.155964308272407,287.3284855387548,297.18367164728915,277.01528952282183,b'2026-10-06/2026-10-12',1791244800
1977,25,23,76.7897590885558,0.0074360273895619,b'ACCESS-CM2',7,0.0002633619005023,313.37731170268256,147.2450765441493,b'ssp245',6.049190746670249,287.2430084429255,295.8424273674434,280.14337641007785,b'2026-10-13/2026-10-19',1791849600
1977,25,23,71.58415096062274,0.0052511835030816,b'ACCESS-CM2',7,3.144557696637932e-05,309.1493890266592,124.85738042997738,b'ssp245',6.205355943686887,283.20318784696053,289.0897785713709,276.6982239922498,b'2026-10-20/2026-10-26',1792454400
1977,25,23,72.34959845978004,0.0052043241428279,b'ACCESS-CM2',7,0.0002251537578873,297.67623404665164,114.9154296105498,b'ssp245',6.825235295806411,282.2874577973138,290.0183718342426,275.6289834987455,b'2026-10-27/2026-11-02',1793059200
1977,25,23,78.59362028163446,0.0054997786209046,b'ACCESS-CM2',7,0.000594505252953,298.59063358856986,112.93041161820102,b'ssp245',7.584619029011809,281.8455916630073,292.23873876146047,272.9676055728052,b'2026-11-03/2026-11-09',1793664000
1977,25,23,78.65017957811231,0.0057798946489305,b'ACCESS-CM2',7,0.0003262737673428,307.43580636963674,102.13587891566932,b'ssp245',5.995939039464221,282.5505896671403,292.35906243802805,272.6449610182076,b'2026-11-10/2026-11-16',1794268800
1977,25,23,81.66016121187306,0.0049803994487933,b'ACCESS-CM2',7,0.000506403131941,296.5417437438399,90.08027102810917,b'ssp245',9.194281786846096,279.52853372966,289.66255831127324,270.65800286915675,b'2026-11-17/2026-11-23',1794873600
1977,25,23,78.19814241730678,0.0045953514375251,b'ACCESS-CM2',7,0.0004637998630019,294.4212789163961,89.45432452637581,b'ssp245',6.568127273528043,279.2081540642228,290.0871422057169,270.8777803783574,b'2026-11-24/2026-11-30',1795478400
1977,25,23,77.98101822725535,0.0048802348083429,b'ACCESS-CM2',7,0.0008356095482963,289.1057181741962,79.67297512484876,b'ssp245',7.780664228994903,279.5362401361669,289.4813992659063,269.9697729333655,b'2026-12-01/2026-12-07',1796083200
1977,25,23,68.27168133794045,0.0031156213284147,b'ACCESS-CM2',7,9.19317491096144e-05,268.0216917004829,75.77248549980102,b'ssp245',8.684048803364533,275.7534200070298,287.8405750189087,269.3244051342168,b'2026-12-08/2026-12-14',1796688000
1977,25,23,67.49925858730367,0.0026206524865663,b'ACCESS-CM2',7,1.0911265100653788e-05,256.8904765041105,82.17441803971919,b'ssp245',7.709014259275004,273.73216831505164,280.1245192130313,259.45465920188207,b'2026-12-15/2026-12-21',1797292800
1977,25,23,73.73888284236388,0.0024704489717196,b'ACCESS-CM2',7,6.0139061316177946e-05,251.5935979216793,80.90994497020282,b'ssp245',6.984101760405515,271.778962247105,285.3394368249382,261.94868737663256,b'2026-12-22/2026-12-28',1797897600
1977,25,23,74.70825762788127,0.0041563507726487,b'ACCESS-CM2',7,0.0003033357834766,285.7703738419276,82.41495404152589,b'ssp245',7.460595408505745,278.70715007244746,286.20717684803213,271.76543724663566,b'2026-12-29/2027-01-04',1798502400
1977,25,23,64.98604141212189,0.002967064726066,b'ACCESS-CM2',7,3.324126522902227e-06,247.68643812571077,101.31215990452245,b'ssp245',8.473596229704421,275.708971296038,281.37073496128335,270.0748437298231,b'2027-01-05/2027-01-11',1799107200
1977,25,23,73.94353718402957,0.0032044604078935,b'ACCESS-CM2',7,0.0002794755749229,283.1220538827295,77.56926507253353,b'ssp245',6.854457001759282,275.5917510188516,281.10082503389714,270.81048569572295,b'2027-01-12/2027-01-18',1799712000
1977,25,23,74.83747575013227,0.0022747620724931,b'ACCESS-CM2',7,0.0003809205524969,258.5224290687894,87.72602223682452,b'ssp245',9.3315175783978,269.49502565535425,282.8006555766676,253.8312341178885,b'2027-01-19/2027-01-25',1800316800
1977,25,23,78.47360717444018,0.0028155535408231,b'ACCESS-CM2',7,0.000224596168708,257.9998793606011,96.92965224380738,b'ssp245',8.127475532477693,271.50089919536947,283.9367308633527,257.0387878778271,b'2027-01-26/2027-02-01',1800921600
1977,25,23,72.91478517570631,0.0028025472048873,b'ACCESS-CM2',7,0.0002968400964845,251.22232561630992,118.62111485404536,b'ssp245',8.01797595034564,272.97330113393417,284.464686189942,260.822967745478,b'2027-02-02/2027-02-08',1801526400
1977,25,23,72.34999727096981,0.0030439447430418,b'ACCESS-CM2',7,0.0002080308445204,254.83669782211652,133.96351471307568,b'ssp245',9.079552492135932,274.1805094466239,285.15677474381084,263.2612298202064,b'2027-02-09/2027-02-15',1802131200
1977,25,23,67.17990611451616,0.0025068950325848,b'ACCESS-CM2',7,5.4592329898901215e-05,236.68938322126772,148.99268714234364,b'ssp245',8.306751457187977,273.07453043695284,279.2607226231022,263.5239479758523,b'2027-02-16/2027-02-22',1802736000
1977,25,23,76.40243421282086,0.0031515855764613,b'ACCESS-CM2',7,0.0009205067081522,260.9992636250975,142.59327294473042,b'ssp245',9.715911650500823,273.8032489428534,284.0947991273198,266.6572861924785,b'2027-02-23/2027-03-01',1803340800
1977,25,23,72.60832132644126,0.0031032790039547,b'ACCESS-CM2',7,0.0001677001852856,260.10122786438427,165.83784374327777,b'ssp245',6.214012583183949,274.67258757953,285.5440703372888,265.77272503885496,b'2027-03-02/2027-03-08',1803945600
1977,25,23,73.4607223598244,0.0035132491562689,b'ACCESS-CM2',7,0.0005198814434363,265.91548497481017,170.13951511547126,b'ssp245',9.58550869817375,276.3479140203344,287.0712913684327,267.42485473344567,b'2027-03-09/2027-03-15',1804550400
1977,25,23,77.96469075548285,0.0044465391003433,b'ACCESS-CM2',7,0.0006138583568421,274.0974888176676,189.1278439137521,b'ssp245',7.375543304671121,279.197870551444,289.2064059459051,269.8305945098048,b'2027-03-16/2027-03-22',1805155200
1977,25,23,70.07281253188673,0.0035509704041997,b'ACCESS-CM2',7,0.0002531226011431,249.3184240672214,218.17655319957632,b'ssp245',6.735029671119385,277.0319667332971,285.7027644818338,269.0483990773964,b'2027-03-23/2027-03-29',1805760000
1977,25,23,72.74949731503476,0.0036919232751456,b'ACCESS-CM2',7,0.0001445770107855,255.4964257528376,213.96091308181977,b'ssp245',7.156381852993937,276.3232608151126,285.64780434132183,267.1867758650706,b'2027-03-30/2027-04-05',1806364800
1977,25,23,67.33417954350789,0.0039603806565818,b'ACCESS-CM2',7,0.0002800370061941,260.39052232165506,222.9770201452869,b'ssp245',6.376205347343929,279.74051056706014,285.90280227030604,271.02653811476165,b'2027-04-06/2027-04-12',1806969600
1977,25,23,86.72857950010795,0.0061054399286044,b'ACCESS-CM2',7,0.0005957828093865,300.7295200285491,198.4007771132185,b'ssp245',4.593013565221431,282.2831243423974,289.13402920377297,274.7864134877463,b'2027-04-13/2027-04-19',1807574400
1977,25,23,83.76975249729423,0.0068147446356083,b'ACCESS-CM2',7,0.0003486067323469,293.99223767462496,231.13895734226267,b'ssp245',4.528744028478755,284.3999578920217,291.5539716520163,274.67794144055074,b'2027-04-20/2027-04-26',1808179200
1977,25,23,85.25188342458101,0.0076478912650898,b'ACCESS-CM2',7,0.0001294321236859,307.98299938761016,239.51865996001925,b'ssp245',4.495510532152674,286.22290451350915,297.17006639212616,276.73839625839355,b'2027-04-27/2027-05-03',1808784000
1977,25,23,85.8137486882949,0.0091609743191753,b'ACCESS-CM2',7,0.0001042509218359,319.29899436833585,279.8871026852216,b'ssp245',6.261644075805129,288.9160419630751,298.51910231048686,280.03263219047466,b'2027-05-04/2027-05-10',1809388800
1977,25,23,79.31585711760512,0.0082460396979987,b'ACCESS-CM2',7,0.000130981220835,301.9689110138099,295.121639857145,b'ssp245',6.335707757058403,287.7972457713312,298.5716443562873,275.02869070294054,b'2027-05-11/2027-05-17',1809993600
1977,25,23,82.3802838723602,0.0090938420892597,b'ACCESS-CM2',7,0.0003730365650163,312.2524720525074,299.2958085138453,b'ssp245',4.775292031659226,289.29874350550523,296.90742112557183,280.8944579645762,b'2027-05-18/2027-05-24',1810598400
1977,25,23,88.67476355259444,0.0111596459902346,b'ACCESS-CM2',7,6.04045897195199e-05,329.4423008489456,302.88489234835527,b'ssp245',3.263281020371824,291.4537081744985,299.1179667251028,281.64507404494026,b'2027-05-25/2027-05-31',1811203200
1977,25,23,77.75453751065876,0.0102126713201898,b'ACCESS-CM2',7,5.792524729208993e-05,320.90567442272624,333.6668918331028,b'ssp245',4.794391614225828,292.10249814248886,300.00636300511457,281.7929448980086,b'2027-06-01/2027-06-07',1811808000
1977,25,23,79.57075211731976,0.0120808995021124,b'ACCESS-CM2',7,0.0001514708355203,346.10802398594143,295.71942471179136,b'ssp245',5.54313067192371,294.06777699831304,302.73588895291056,285.409298226853,b'2027-06-08/2027-06-14',1812412800
1977,25,23,81.27918837906478,0.0129545815562338,b'ACCESS-CM2',7,0.0001761438358623,344.9012855791004,315.8409718966922,b'ssp245',4.847733175318244,294.79209207865176,302.40471417675894,286.6665416298678,b'2027-06-15/2027-06-21',1813017600
1977,25,23,82.87543490894488,0.013588223888148,b'ACCESS-CM2',7,0.0004230957820892,361.546538205146,284.7712982455682,b'ssp245',4.722311099759039,295.52420188066105,302.2147806971526,289.3053280448688,b'2027-06-22/2027-06-28',1813622400
1977,25,23,81.60652430098943,0.0146607697736688,b'ACCESS-CM2',7,0.0002122665513278,356.0400593269131,311.0940212095984,b'ssp245',4.158619188984925,296.3375763541672,303.1644285307865,287.6194565017502,b'2027-06-29/2027-07-05',1814227200
1977,25,23,78.93109456031915,0.0158647499106124,b'ACCESS-CM2',7,5.945715173382666e-05,367.0835837655173,319.62439897511166,b'ssp245',4.239654467427161,298.18593118339146,307.7350305694616,290.1392532943131,b'2027-07-06/2027-07-12',1814832000
1977,25,23,85.51949512715241,0.0159168464646401,b'ACCESS-CM2',7,0.0001433423581716,362.6465604965151,294.2645681570706,b'ssp245',3.846418241482196,297.3178832873986,305.0758617270513,288.2132550704577,b'2027-07-13/2027-07-19',1815436800
1977,25,23,93.03608521017382,0.0169839580821526,b'ACCESS-CM2',7,0.0002207916913444,379.53620370448914,261.83181305883863,b'ssp245',3.745809557506659,297.31905495857063,304.76990210883304,290.17906918576364,b'2027-07-20/2027-07-26',1816041600
1977,25,23,91.38686070126133,0.016515811971081,b'ACCESS-CM2',7,0.0001266025431302,374.3243783174548,258.6208166777736,b'ssp245',2.466058018376844,297.0200801752212,303.4227985260478,287.9663533792867,b'2027-07-27/2027-08-02',1816646400
1977,25,23,87.143314838329,0.0173164731559799,b'ACCESS-CM2',7,0.0004111761177881,384.5447324333635,246.5416528885472,b'ssp245',4.59477602468411,298.34969568791405,306.6467698782929,290.881228576444,b'2027-08-03/2027-08-09',1817251200
1977,25,23,83.62756396297019,0.0138974109819124,b'ACCESS-CM2',7,0.0003834139388409,373.5141929591722,226.18515635912,b'ssp245',5.551520578896222,295.7472689727201,304.91205460909833,289.6534059562818,b'2027-08-10/2027-08-16',1817856000
1977,25,23,85.87813320021583,0.0153884603484062,b'ACCESS-CM2',7,4.5150353934919445e-05,369.3328138567943,243.3111944174481,b'ssp245',3.311236466217813,296.76087915887314,305.4293599134353,290.13971624633353,b'2027-08-17/2027-08-23',1818460800
1977,25,23,87.93842699652801,0.0158020732225339,b'ACCESS-CM2',7,0.0002815258728893,382.1779296689702,206.16815421544675,b'ssp245',3.967889306074372,297.0987147503186,304.81469225742734,290.07205762266403,b'2027-08-24/2027-08-30',1819065600
1977,25,23,89.8887338649565,0.014967141258908,b'ACCESS-CM2',7,0.000104312555916,376.35467539076495,203.32037726685536,b'ssp245',3.2458500067929146,296.2300037442582,302.57170355390343,289.0592179011285,b'2027-08-31/2027-09-06',1819670400
1977,25,23,85.34320772363716,0.0142394512270363,b'ACCESS-CM2',7,0.0005338498305293,371.471294133493,202.22518647583644,b'ssp245',4.5612149066477885,296.076339986759,303.86311252058044,287.3306364849861,b'2027-09-07/2027-09-13',1820275200
1977,25,23,78.59518863821457,0.0112491169703131,b'ACCESS-CM2',7,4.570143739888511e-05,354.53308745262126,198.0067036886564,b'ssp245',5.345912724647902,293.58408495072547,301.55545162844965,284.820814400665,b'2027-09-14/2027-09-20',1820880000
1977,25,23,80.02122673463168,0.0110222946112287,b'ACCESS-CM2',7,0.0001600755230633,351.14283780493486,181.7850338888723,b'ssp245',6.2961390930075405,292.4696825027144,301.4554588200773,281.5190116224773,b'2027-09-21/2027-09-27',1821484800
1977,25,23,86.11968058770937,0.0114551374839854,b'ACCESS-CM2',7,1.094942706400468e-06,338.18834557213984,191.091699531698,b'ssp245',3.4125443046944284,292.1254303292493,300.3834829139034,279.4542017985122,b'2027-09-28/2027-10-04',1822089600
1977,25,23,87.92417352463748,0.0109165368495179,b'ACCESS-CM2',7,0.0007735697173461,350.9000866330681,136.37920137206908,b'ssp245',4.7231988031841246,291.31398617877466,297.76985890862505,282.3649480790428,b'2027-10-05/2027-10-11',1822694400
1977,25,23,83.55317095548875,0.0091198628310752,b'ACCESS-CM2',7,0.0003689806871553,341.52732026860485,142.72875098712447,b'ssp245',4.14814922708668,290.15276785117214,295.82768571982,282.61240449114985,b'2027-10-12/2027-10-18',1823299200
1977,25,23,85.2391616324587,0.0085797018554833,b'ACCESS-CM2',7,5.8048040970942016e-05,349.06538741893,122.68505939284832,b'ssp245',6.8213979179329565,289.6343070943996,294.579767004236,284.7813139175721,b'2027-10-19/2027-10-25',1823904000
1977,25,23,80.08313616171799,0.0078238537222483,b'ACCESS-CM2',7,0.0008834727625541,329.49947980114126,101.73265847759276,b'ssp245',6.911098878245708,287.7207291182146,294.3303828323887,279.49046431972675,b'2027-10-26/2027-11-01',1824508800
1977,25,23,69.6973255786069,0.004508117705935,b'ACCESS-CM2',7,2.545437851712528e-05,289.3597634544379,113.8480460851666,b'ssp245',7.037598503120514,280.65893151663994,289.63343178705173,273.8468346894139,b'2027-11-02/2027-11-08',1825113600
1977,25,23,76.32900339436381,0.0057764063981736,b'ACCESS-CM2',7,0.0002092488850431,298.8861428278657,111.81585120865256,b'ssp245',5.5554230180191215,283.25217295553534,291.1483055213829,273.7685844844741,b'2027-11-09/2027-11-15',1825718400
1977,25,23,77.02734189701836,0.0057835507399904,b'ACCESS-CM2',7,0.0005290207626,307.52247948275783,84.16473194108802,b'ssp245',7.51098592161911,281.3717314587775,292.20796356741624,270.69244172187456,b'2027-11-16/2027-11-22',1826323200
1977,25,23,74.44832571129066,0.0060011981041238,b'ACCESS-CM2',7,0.0001346533090479,307.7697464918322,88.77666327723726,b'ssp245',7.159021531898188,282.9995704685622,292.5804993540506,270.628337008894,b'2027-11-23/2027-11-29',1826928000
1977,25,23,75.48313738584397,0.0049112098877264,b'ACCESS-CM2',7,0.0001305229432786,289.9370567616453,84.37968974082098,b'ssp245',7.254640973464776,280.0222035892337,291.8785050177096,271.0593143900001,b'2027-11-30/2027-12-06',1827532800
1977,25,23,73.235040870238,0.0036638475721112,b'ACCESS-CM2',7,0.0001057913288172,276.3740174101625,74.0240806248884,b'ssp245',8.502735595957267,277.0672219942826,284.7213296541216,271.2637213804927,b'2027-12-07/2027-12-13',1828137600
1977,25,23,72.11170373209855,0.0040980859491615,b'ACCESS-CM2',7,0.0004823003492373,277.64878739440474,78.2194011737774,b'ssp245',7.418077360942324,277.5026519718772,289.1873501504045,267.51314709515896,b'2027-12-14/2027-12-20',1828742400
1977,25,23,76.15500026489916,0.0031188235348075,b'ACCESS-CM2',7,0.0006656446455061,266.7455292134085,75.12290376691195,b'ssp245',9.13615147398744,273.46301518139614,286.2257890757591,262.5626342485196,b'2027-12-21/2027-12-27',1829347200
1977,25,23,76.22068886218857,0.003021436490521,b'ACCESS-CM2',7,0.0001973349752149,276.01821326533906,76.44785846202565,b'ssp245',8.975724256466926,273.45865999512296,281.8181148020126,258.1536873881622,b'2027-12-28/2028-01-03',1829952000
1977,25,23,76.52062716574949,0.0023108584822658,b'ACCESS-CM2',7,0.0003543366650275,245.4334340384244,89.49973178026467,b'ssp245',7.866494338575555,270.41701816527313,280.91722973459866,262.4748878524041,b'2028-01-04/2028-01-10',1830556800
1977,25,23,75.77637334737715,0.0017309383995025,b'ACCESS-CM2',7,4.408627459871853e-05,244.5365323874013,88.69635373027232,b'ssp245',7.909759317527714,267.95782524233704,279.31828641384806,262.59233873315515,b'2028-01-11/2028-01-17',1831161600
1977,25,23,88.27995171485009,0.0026741220371467,b'ACCESS-CM2',7,0.0011840014922649,266.6261274054996,72.70982774736748,b'ssp245',12.860681740987118,269.1165134521937,282.2011755500802,258.165192623206,b'2028-01-18/2028-01-24',1831766400
1977,25,23,78.06653339928368,0.002362166284691,b'ACCESS-CM2',7,0.0004640910839476,250.22383687982352,103.49600391449064,b'ssp245',9.014020898969845,269.57174684676056,283.3889783478684,260.51052269153075,b'2028-01-25/2028-01-31',1832371200
1977,25,23,83.02797601178357,0.0023110465359717,b'ACCESS-CM2',7,7.85607737039419e-05,238.27831841576744,131.67730324665234,b'ssp245',11.59246314502844,268.61093251856767,282.57458499696764,255.55784046664004,b'2028-02-01/2028-02-07',1832976000
1977,25,23,79.88884028658173,0.0041294995781195,b'ACCESS-CM2',7,0.0004861796956677,293.0696178120371,103.39363113071327,b'ssp245',7.40791118259594,277.577726336148,286.9999696986031,269.8672608574841,b'2028-02-08/2028-02-14',1833580800
1977,25,23,82.61118044429372,0.0045593551268846,b'ACCESS-CM2',7,0.0004010720369763,292.33091582968854,122.76450273266408,b'ssp245',7.308604732454877,278.0077732734082,286.1950271408279,263.71086612417673,b'2028-02-15/2028-02-21',1834185600
1977,25,23,76.33816510626912,0.0029935939071363,b'ACCESS-CM2',7,0.0008977730036788,252.35753574072157,148.30618641030267,b'ssp245',7.577256940190879,273.2819759930581,283.5779395165381,265.3872179484001,b'2028-02-22/2028-02-28',1834790400
1977,25,23,75.736763551879,0.0031036615822049,b'ACCESS-CM2',7,7.373075604456407e-05,253.2228765334864,162.31512235891438,b'ssp245',8.801861004918676,273.4914909075838,281.43526191216006,256.63327094824564,b'2028-02-29/2028-03-06',1835395200
1977,25,23,79.2328366134677,0.0037599779164936,b'ACCESS-CM2',7,0.0003781187814544,265.72139852069887,162.9968752475789,b'ssp245',8.28905556792653,276.28410283508657,284.5908432277062,268.0394083178452,b'2028-03-07/2028-03-13',1836000000
1977,25,23,71.62503956694852,0.0035149244206984,b'ACCESS-CM2',7,0.0002222289448532,252.96519393521996,186.85512654032183,b'ssp245',7.710056648585743,276.3927392571949,288.80061479048294,268.188739402798,b'2028-03-14/2028-03-20',1836604800
1977,25,23,77.2186846637388,0.0047226687690246,b'ACCESS-CM2',7,0.0004678910943839,276.50527221401745,200.75468872682825,b'ssp245',8.545692802299877,278.7093285406032,294.5971644017603,264.27836070235253,b'2028-03-21/2028-03-27',1837209600
1977,25,23,79.10268049904418,0.005194702319404,b'ACCESS-CM2',7,0.0001523611489747,282.95626588108206,201.2549827782857,b'ssp245',7.269043181231662,281.0312346356939,290.72759343206945,271.9870146444021,b'2028-03-28/2028-04-03',1837814400
1977,25,23,84.3372719028503,0.0056133364367463,b'ACCESS-CM2',7,0.0001313763302024,289.9325033114841,210.02666387559591,b'ssp245',6.004319608301995,282.14443510598886,288.11310034237334,274.35506942731007,b'2028-04-04/2028-04-10',1838419200
1977,25,23,90.64270146666378,0.0066390573757884,b'ACCESS-CM2',7,0.0002117852837085,314.29195183882484,194.64481098331396,b'ssp245',5.940422735722516,284.3318557623446,289.23355279087025,280.1001305878514,b'2028-04-11/2028-04-17',1839024000
1977,25,23,81.001301880449,0.0063407802798807,b'ACCESS-CM2',7,0.0001117007546149,290.38553518886243,236.2067202579153,b'ssp245',4.659065569768087,284.74629130357835,290.0393906270176,278.24690522213047,b'2028-04-18/2028-04-24',1839628800
1977,25,23,83.01938279786144,0.0071382231323613,b'ACCESS-CM2',7,9.643225596461626e-05,292.965616155101,259.8141765623435,b'ssp245',5.037825890507459,285.35703556435885,295.37634843017867,275.9124678394448,b'2028-04-25/2028-05-01',1840233600
1977,25,23,87.97199287227966,0.0085023298539468,b'ACCESS-CM2',7,0.0003364486127426,329.1050683824343,203.79392904229172,b'ssp245',6.355708019671904,287.6193520193217,296.8534206133665,281.21023898254174,b'2028-05-02/2028-05-08',1840838400
1977,25,23,98.29360740714378,0.0110888354331669,b'ACCESS-CM2',7,0.0004507159991704,357.09145542710314,213.59910851921072,b'ssp245',3.492759663814597,290.45821722001364,296.51692367247455,285.4575561379317,b'2028-05-09/2028-05-15',1841443200
1977,25,23,82.76143937312767,0.0092536349407636,b'ACCESS-CM2',7,2.623716738420913e-05,320.7675433815943,284.09997437120506,b'ssp245',4.073662199566307,289.7982586522713,296.5377917869595,279.77055659738875,b'2028-05-16/2028-05-22',1842048000
1977,25,23,83.16589362803468,0.0102718798730344,b'ACCESS-CM2',7,0.0005247200802539,324.7710067329529,287.53767771277745,b'ssp245',4.376075825455579,290.98580110613943,299.21001584752247,281.9927893484357,b'2028-05-23/2028-05-29',1842652800
1977,25,23,96.71077946897582,0.0127761905256084,b'ACCESS-CM2',7,0.0008092679399527,366.5668379689856,193.61669080312504,b'ssp245',5.318167534017667,293.14175114958977,297.1023939688906,289.1756791043872,b'2028-05-30/2028-06-05',1843257600
1977,25,23,93.44339915233913,0.0131702466300336,b'ACCESS-CM2',7,0.0005600869939957,359.39032024113965,242.5334742548173,b'ssp245',4.107980955429193,293.44470864931475,299.08956999255184,287.91566137608845,b'2028-06-06/2028-06-12',1843862400
1977,25,23,83.86483863474125,0.0140428743338525,b'ACCESS-CM2',7,8.914670818139795e-05,353.122347461934,312.24057531075323,b'ssp245',4.276526559965468,295.68282153019715,302.84382995101043,287.18386966926005,b'2028-06-13/2028-06-19',1844467200
1977,25,23,85.00013920910582,0.011969071022348,b'ACCESS-CM2',7,2.643547307624128e-05,342.6389429507719,308.2758639022459,b'ssp245',4.088230838741856,293.08596947937474,300.0995526634676,286.250210740631,b'2028-06-20/2028-06-26',1845072000
1977,25,23,87.50012101900278,0.0140561998857451,b'ACCESS-CM2',7,0.0001854775499357,357.9562544131846,287.8057044600733,b'ssp245',4.284858383282297,294.9989507800311,301.68715075928594,288.50656470216575,b'2028-06-27/2028-07-03',1845676800
1977,25,23,87.48808308905544,0.0151139731853659,b'ACCESS-CM2',7,3.044703904554722e-05,362.2777423212029,311.7577613268237,b'ssp245',2.8838962746181216,296.164012804062,303.09392391776817,286.7839921503168,b'2028-07-04/2028-07-10',1846281600
1977,25,23,74.7366052705736,0.0138085061655347,b'ACCESS-CM2',7,3.3724143763771874e-05,353.04993873527985,320.2526067462573,b'ssp245',3.898761497820222,296.78121025354386,305.2964271806629,287.77373514546974,b'2028-07-11/2028-07-17',1846886400
1977,25,23,79.81869400675531,0.0136677509751487,b'ACCESS-CM2',7,0.0001579636337232,349.8607712319577,289.0132275248563,b'ssp245',3.052513494019485,295.8336960664988,301.7976109888646,289.1382751104542,b'2028-07-18/2028-07-24',1847491200
1977,25,23,85.11095629463833,0.0178383792755092,b'ACCESS-CM2',7,0.000155411126608,384.42167355001305,281.3844541645227,b'ssp245',5.079845728731855,299.4682060212103,307.3868913706809,290.9702774642349,b'2028-07-25/2028-07-31',1848096000
1977,25,23,79.72529680030425,0.0149107463338985,b'ACCESS-CM2',7,4.876262395219711e-05,361.7500494076964,274.0997276981719,b'ssp245',4.188081383162273,297.14272772238417,303.0476918045999,289.667433089039,b'2028-08-01/2028-08-07',1848700800
1977,25,23,88.9229500652023,0.0158496300218166,b'ACCESS-CM2',7,0.0003258436094614,374.1146370354864,229.90042475074517,b'ssp245',3.61140307472938,297.00735496795085,302.3735242390998,289.25559048162864,b'2028-08-08/2028-08-14',1849305600
1977,25,23,77.96648416890727,0.0143442349352895,b'ACCESS-CM2',7,0.0001552830720811,361.2058209750439,256.7927939031675,b'ssp245',3.788598156735354,296.76529655900487,304.65803403527843,288.80321725172024,b'2028-08-15/2028-08-21',1849910400
1977,25,23,79.93014839701235,0.0140594667411848,b'ACCESS-CM2',7,0.0001953953572623,369.6424447412052,224.459322026858,b'ssp245',5.4575840082955125,296.0383645899079,306.6482083479376,286.5184536227932,b'2028-08-22/2028-08-28',1850515200
1977,25,23,86.92655258448937,0.0143365257435824,b'ACCESS-CM2',7,0.0001223388670777,369.3523059985874,206.1245449797704,b'ssp245',3.846959677448681,295.5997306011764,301.6359511626512,289.1666730680319,b'2028-08-29/2028-09-04',1851120000
1977,25,23,83.8618531300298,0.0139467253805721,b'ACCESS-CM2',7,5.846172752868783e-05,368.883439281333,211.88785533033223,b'ssp245',4.1877149976833925,295.7601347646779,303.8196065603209,282.16348569255234,b'2028-09-05/2028-09-11',1851724800
1977,25,23,81.43157806885465,0.012614554974872,b'ACCESS-CM2',7,0.0004607859766483,363.2168125326948,186.53078144528368,b'ssp245',5.403542924196729,294.517834500451,302.4311169981253,282.82834402757663,b'2028-09-12/2028-09-18',1852329600
1977,25,23,79.39244190254024,0.0102920382665173,b'ACCESS-CM2',7,0.0004596645354734,353.6863051614104,166.2276583147363,b'ssp245',7.220265493442808,291.4389551258907,300.7457717841462,281.72419866676734,b'2028-09-19/2028-09-25',1852934400
1977,25,23,80.11311732675156,0.009139532989419,b'ACCESS-CM2',7,0.0002763339516803,324.4816646746428,177.86242481475537,b'ssp245',6.336316779846484,290.11766948111244,297.7468033647593,284.01907636874404,b'2028-09-26/2028-10-02',1853539200
1977,25,23,81.18102593179857,0.0087624650666429,b'ACCESS-CM2',7,0.0002728989745417,328.5463126972808,161.5325038354661,b'ssp245',5.087168192698593,288.5340663982616,295.9194460601987,277.8809727620346,b'2028-10-03/2028-10-09',1854144000
1977,25,23,86.30438917767721,0.0097904209443237,b'ACCESS-CM2',7,1.3490309494911109e-05,341.3677254874824,154.6986699019863,b'ssp245',4.9408126858962005,290.565296689743,296.2607518435932,277.29964820834795,b'2028-10-10/2028-10-16',1854748800
1977,25,23,83.16025893220534,0.0086176162949254,b'ACCESS-CM2',7,0.0004610066568657,325.3014675686624,142.2158246940295,b'ssp245',4.244868706281601,288.77947013393026,295.9546659395292,281.25515934427347,b'2028-10-17/2028-10-23',1855353600
1977,25,23,69.56225281739681,0.0055778296239457,b'ACCESS-CM2',7,7.452952512698468e-06,294.95243579892167,132.80046296952085,b'ssp245',7.559895454962633,284.14907629483065,292.438783683912,275.7256354069625,b'2028-10-24/2028-10-30',1855958400
1977,25,23,83.40272363182423,0.008222868045747,b'ACCESS-CM2',7,9.668496392083026e-05,332.00797862495085,122.14520485386277,b'ssp245',5.624556852002272,287.9673656991851,296.0629042948573,279.16736863101386,b'2028-10-31/2028-11-06',1856563200
1977,25,23,89.92125691738633,0.0085780064214562,b'ACCESS-CM2',7,0.0003290879778304,343.41786352123165,101.30705694364929,b'ssp245',6.609872638485568,286.8716750972527,294.4266782938519,272.33287612212445,b'2028-11-07/2028-11-13',1857168000
1977,25,23,86.84282604158979,0.0072429180143299,b'ACCESS-CM2',7,0.0004852973168173,333.44042765436734,83.40132043252687,b'ssp245',6.927103211815792,283.8050127137188,292.75399762258337,269.4784313143355,b'2028-11-14/2028-11-20',1857772800
1977,25,23,70.24982541695998,0.0040283474733785,b'ACCESS-CM2',7,1.0646041557957548e-05,274.162186410138,98.31851672724098,b'ssp245',7.180825948916271,278.9111214732818,288.68254628006935,271.7406376970419,b'2028-11-21/2028-11-27',1858377600
1977,25,23,81.57903088283169,0.0053594850348821,b'ACCESS-CM2',7,0.0007881759830516,298.43575662737413,84.33963668058887,b'ssp245',5.606073910197996,280.9751462198104,290.656226760522,274.1456213436555,b'2028-11-28/2028-12-04',1858982400
1977,25,23,81.38474810917636,0.0044234205165531,b'ACCESS-CM2',7,0.0001978520864217,298.5245925200731,71.52279784880876,b'ssp245',8.82143343148414,279.5362722596625,286.6873394134053,273.3098499068403,b'2028-12-05/2028-12-11',1859587200
1977,25,23,77.66560062531336,0.0031482093144559,b'ACCESS-CM2',7,0.0004199502789802,273.9698802158551,73.06309371204475,b'ssp245',8.941433567324422,274.0625418156189,282.45631871679456,263.2975805793771,b'2028-12-12/2028-12-18',1860192000
1977,25,23,79.06797069666015,0.0037171091511468,b'ACCESS-CM2',7,0.0005705366184724,286.09937816406904,73.7893246981884,b'ssp245',8.834615682707122,275.98988110405094,285.04595893220323,268.77993954565056,b'2028-12-19/2028-12-25',1860796800
1977,25,23,74.1800377611407,0.0031099928134015,b'ACCESS-CM2',7,0.0006918857174123,266.01849859105454,79.76021950641798,b'ssp245',8.671929356379902,273.89584664048664,284.9007829938616,267.2839535980044,b'2028-12-26/2029-01-01',1861401600
1977,25,23,81.81380165139988,0.0031475138594941,b'ACCESS-CM2',7,0.0003749561175545,269.02017974467475,76.82501677643249,b'ssp245',8.638074821878151,273.56946081816795,281.7768136016593,266.0873871750364,b'2029-01-02/2029-01-08',1862006400
1977,25,23,75.00490252101858,0.0035286189260271,b'ACCESS-CM2',7,0.0004265054921363,288.6156073390261,74.18492525241933,b'ssp245',7.066828026339666,275.3863722372867,286.3058252976382,263.77837763654577,b'2029-01-09/2029-01-15',1862611200
1977,25,23,81.6514290513508,0.0028794639089275,b'ACCESS-CM2',7,0.0003330811691567,267.8414885208405,84.89432476221921,b'ssp245',8.664549944030432,270.87567347647024,285.75328526952893,249.23095115832763,b'2029-01-16/2029-01-22',1863216000
1977,25,23,76.97214844424278,0.0041130004080521,b'ACCESS-CM2',7,9.020272895583778e-05,282.9252585470425,104.746901846873,b'ssp245',8.096509798840982,277.74810028204854,286.7118413895896,255.9553570347665,b'2029-01-23/2029-01-29',1863820800
1977,25,23,67.59943157690816,0.0030622958496393,b'ACCESS-CM2',7,9.65236088431138e-06,251.60789481767975,131.81134492330798,b'ssp245',7.69966100263121,275.0074553892612,286.25412145837555,257.2868721882033,b'2029-01-30/2029-02-05',1864425600
1977,25,23,72.96973516599668,0.0026317475345194,b'ACCESS-CM2',7,0.0002323993089961,255.759694465358,131.73619556089218,b'ssp245',6.940817386670948,272.342196532256,285.18354226284634,262.2088258781568,b'2029-02-06/2029-02-12',1865030400
1977,25,23,76.83102544642033,0.0032743428624709,b'ACCESS-CM2',7,0.0004002090978024,264.9445552198616,123.8107065865756,b'ssp245',8.95193930978336,273.9260410122896,284.4650839273032,264.19975343814565,b'2029-02-13/2029-02-19',1865635200
1977,25,23,75.58100686899263,0.0027006079213973,b'ACCESS-CM2',7,0.0003703232865505,256.3936029139207,129.71182923390143,b'ssp245',10.587284848227188,272.5467424706356,279.30768777065884,264.14737342014786,b'2029-02-20/2029-02-26',1866240000
1977,25,23,76.37364833482422,0.0029221928906531,b'ACCESS-CM2',7,0.0002798882821612,263.33561638085587,141.10857165139245,b'ssp245',9.26093330180631,272.7775851729186,288.5040585856792,258.44846604312323,b'2029-02-27/2029-03-05',1866844800
1977,25,23,76.13625372817332,0.0035468146588142,b'ACCESS-CM2',7,0.0002702859368436,270.4596240886007,160.18052925165193,b'ssp245',6.235856973535798,275.55841501962675,282.1834860557367,266.82593530071665,b'2029-03-06/2029-03-12',1867449600
1977,25,23,84.93444714455323,0.0041638786600094,b'ACCESS-CM2',7,0.0004708338276175,285.7994048886968,149.03170778040018,b'ssp245',7.346999252359226,276.6667334134672,285.14858053988803,265.8894776183289,b'2029-03-13/2029-03-19',1868054400
1977,25,23,83.01774197747481,0.0043456068540566,b'ACCESS-CM2',7,0.00031586900296,279.4175415708195,179.34173504717936,b'ssp245',7.8851902852836115,277.57746018621884,284.0326686530355,262.84776318762914,b'2029-03-20/2029-03-26',1868659200
1977,25,23,76.80990159087325,0.0039867878374579,b'ACCESS-CM2',7,0.0006932226372865,270.1548850345338,179.3541950258643,b'ssp245',7.931795426978492,276.9572200327986,287.3302282988673,260.6488465868737,b'2029-03-27/2029-04-02',1869264000
1977,25,23,86.85272659968315,0.0056582095527474,b'ACCESS-CM2',7,0.000471711913998,300.49575120060854,187.1891403056695,b'ssp245',6.434578262305939,280.3018491078758,291.279793695407,267.6204479447222,b'2029-04-03/2029-04-09',1869868800
1977,25,23,75.17701481912285,0.0045266941794599,b'ACCESS-CM2',7,0.0001167986691458,269.89496065790564,225.71303508036007,b'ssp245',7.067532232548017,278.991772210785,290.39628660524045,266.10799075580405,b'2029-04-10/2029-04-16',1870473600
1977,25,23,78.1558283926323,0.0053136270888086,b'ACCESS-CM2',7,0.0001342656387897,286.01382137458785,226.9225427322272,b'ssp245',6.03148012849689,281.0530676697776,288.7837292379584,271.4349885510441,b'2029-04-17/2029-04-23',1871078400
1977,25,23,87.3122318285194,0.0081849760771913,b'ACCESS-CM2',7,0.0015955405633208,316.2914204139857,213.2181744973602,b'ssp245',6.636420328192052,286.6900364281778,294.68660500986937,274.8856054528967,b'2029-04-24/2029-04-30',1871683200
1977,25,23,87.78167127794872,0.0092259653739324,b'ACCESS-CM2',7,7.102472850491723e-05,316.0899702108495,266.7202743630643,b'ssp245',6.607447524198614,288.42436290579474,295.8554701551777,277.8469738020103,b'2029-05-01/2029-05-07',1872288000
1977,25,23,81.24550949202197,0.0081458755274506,b'ACCESS-CM2',7,3.00767232395793e-05,292.41105703069826,310.0501272710143,b'ssp245',3.9909283264348026,288.1680590416774,295.514807438766,281.12380505846687,b'2029-05-08/2029-05-14',1872892800
1977,25,23,87.58681540023538,0.0105821379694598,b'ACCESS-CM2',7,0.0003994319753459,327.80995029212045,279.5047965150274,b'ssp245',5.098878802004984,291.49414955534206,298.3625816516358,283.9868121907168,b'2029-05-15/2029-05-21',1873497600
1977,25,23,82.19874716231303,0.0096751012425315,b'ACCESS-CM2',7,0.000194636416915,322.4008762554568,281.36196602422285,b'ssp245',3.663410727502041,290.57312592834376,297.23895389777573,282.9207918241426,b'2029-05-22/2029-05-28',1874102400
1977,25,23,84.37752398617816,0.0118440595174452,b'ACCESS-CM2',7,0.0002411198210569,343.0481302200551,299.50134058846334,b'ssp245',6.088303150063443,293.31112393465907,300.3372056548964,284.98370959429417,b'2029-05-29/2029-06-04',1874707200
1977,25,23,80.93839159557119,0.01238535563035,b'ACCESS-CM2',7,4.473903532089689e-05,341.1252103751818,324.32789837005146,b'ssp245',4.484779673415667,294.04389462830505,303.58561621872,284.96146282029406,b'2029-06-05/2029-06-11',1875312000
1977,25,23,80.32886033002673,0.0126804370039765,b'ACCESS-CM2',7,0.0003421357907923,341.8949754920531,312.81959594170667,b'ssp245',4.389311495951605,294.5548886720397,304.33490091118927,285.50808596920655,b'2029-06-12/2029-06-18',1875916800
1977,25,23,85.51605499725676,0.0148681076950375,b'ACCESS-CM2',7,2.7951679829315252e-05,366.2493429944776,306.3242600251659,b'ssp245',4.143243697828014,295.9587857919874,306.55008269651154,285.75860797472234,b'2029-06-19/2029-06-25',1876521600
1977,25,23,79.40150601571519,0.0140670108393545,b'ACCESS-CM2',7,4.9473824569849946e-05,360.727604992616,293.5897302214181,b'ssp245',4.89509314617312,296.29100285486817,306.5700372292835,285.7943799447844,b'2029-06-26/2029-07-02',1877126400
1977,25,23,90.10367701069302,0.017812988867232,b'ACCESS-CM2',7,0.0004338621395584,386.7857278536576,277.3960539891318,b'ssp245',4.663236668548609,298.96260640849994,305.55096453561976,290.7929737221674,b'2029-07-03/2029-07-09',1877731200
1977,25,23,82.84008520380162,0.0168556233844126,b'ACCESS-CM2',7,3.094554888755692e-05,369.9636847871937,317.6947877716306,b'ssp245',4.2876756175973,298.5964830552653,308.47176720485214,290.66749138590006,b'2029-07-10/2029-07-16',1878336000
1977,25,23,89.74125132477891,0.0200475745272537,b'ACCESS-CM2',7,0.0001407600862538,393.7205589836173,275.6226226142656,b'ssp245',6.904673861460011,301.9347123383953,307.3238888575026,294.7616091461361,b'2029-07-17/2029-07-23',1878940800
1977,25,23,80.31504694256178,0.0171836194365356,b'ACCESS-CM2',7,4.3091084596119e-05,371.94388741814765,302.504003953604,b'ssp245',3.297724809065941,299.90195373339566,306.48325006514256,291.53456776876794,b'2029-07-24/2029-07-30',1879545600
1977,25,23,86.86401590317372,0.0179070015999458,b'ACCESS-CM2',7,0.0001865100730176,378.2349028475551,262.44584486677144,b'ssp245',3.961550074979615,299.0195883372759,306.844047321198,289.021949596923,b'2029-07-31/2029-08-06',1880150400
1977,25,23,85.20569159060108,0.0176071753932125,b'ACCESS-CM2',7,0.0002794091255734,387.156891841956,244.2504158940076,b'ssp245',4.191834357521108,298.7926091840605,309.45781991501485,289.8661463353541,b'2029-08-07/2029-08-13',1880755200
1977,25,23,79.3208459090736,0.0158196891810217,b'ACCESS-CM2',7,5.125874807744988e-05,375.34080071207205,244.5565075629033,b'ssp245',4.031597786678353,299.03340244920525,309.7849668752768,290.97093833013577,b'2029-08-14/2029-08-20',1881360000
1977,25,23,81.52247549756056,0.0147090417064812,b'ACCESS-CM2',7,0.0003753445124638,359.22501202276254,240.333353941749,b'ssp245',4.262858698834132,296.9124138301773,304.0101955373284,287.80459486635965,b'2029-08-21/2029-08-27',1881964800
1977,25,23,89.5120504504413,0.0174550656053328,b'ACCESS-CM2',7,4.364142003628904e-05,383.3982328072952,220.39501850438933,b'ssp245',3.897594855193204,298.8594020689734,305.4746374785548,292.6293410984656,b'2029-08-28/2029-09-03',1882569600
1977,25,23,83.36687529961684,0.0147633586532212,b'ACCESS-CM2',7,0.0001210084714237,369.53613836115056,214.6652651262597,b'ssp245',4.440914543910742,297.33572633215374,305.1728587685397,286.6131036211214,b'2029-09-04/2029-09-10',1883174400
1977,25,23,84.45402814067623,0.0128026786751178,b'ACCESS-CM2',7,0.0002314484712709,373.2067657743504,177.76415689294345,b'ssp245',5.067821818311693,294.125932821839,301.74365039811926,284.07110058853164,b'2029-09-11/2029-09-17',1883779200
1977,25,23,76.78352526714436,0.0098994458323574,b'ACCESS-CM2',7,0.0002106917653962,330.429177785929,199.17115950202395,b'ssp245',4.277532110690347,291.3334315018984,299.77372455259143,280.5064755274244,b'2029-09-18/2029-09-24',1884384000
1977,25,23,76.45128233329423,0.0097445407299568,b'ACCESS-CM2',7,1.820169307434577e-05,333.8433882104826,179.4188883384618,b'ssp245',4.120024554100945,292.15011006813864,299.43245778990183,284.8227396743216,b'2029-09-25/2029-10-01',1884988800
1977,25,23,88.39265024716305,0.0122606114695326,b'ACCESS-CM2',7,6.910777362642204e-05,361.6380794613292,164.11990212839234,b'ssp245',3.9632379318252737,292.997418441425,300.4433244617377,284.10685875902766,b'2029-10-02/2029-10-08',1885593600
1977,25,23,69.64866184074413,0.0075104129054581,b'ACCESS-CM2',7,2.2784178882089263e-05,312.4702196512079,166.0693047726651,b'ssp245',6.032278606915357,288.806590239341,298.8886524186928,273.50427325360187,b'2029-10-09/2029-10-15',1886198400
1977,25,23,67.05745362905732,0.006466595073202,b'ACCESS-CM2',7,1.975398472475257e-05,303.51700812211266,156.92463677648064,b'ssp245',6.409072241547498,286.70942707804886,295.6345220968883,278.08620077266033,b'2029-10-16/2029-10-22',1886803200
1977,25,23,79.65408598252745,0.007554313569424,b'ACCESS-CM2',7,0.0008076521024256,319.7718794512736,130.83591937037616,b'ssp245',6.602189087107725,286.4239777069426,294.8060153569353,276.39584422646334,b'2029-10-23/2029-10-29',1887408000
1977,25,23,77.90766830045429,0.0074847664046786,b'ACCESS-CM2',7,0.000353115759276,319.03047690517803,126.19109131775572,b'ssp245',7.357232227396213,286.65845408047966,295.650140503362,277.7599383177414,b'2029-10-30/2029-11-05',1888012800
1977,25,23,82.9009842932938,0.007355790300966,b'ACCESS-CM2',7,0.0001185229388066,314.11913480869646,120.90947184093808,b'ssp245',4.482796582348895,286.2494342023515,292.6353878304978,277.5286334509551,b'2029-11-06/2029-11-12',1888617600
1977,25,23,76.77020402002101,0.0044123217892161,b'ACCESS-CM2',7,0.0003027773985042,288.6365693585027,93.2029478388706,b'ssp245',6.400015818527847,277.7712514860913,292.635374607415,268.9619393917295,b'2029-11-13/2029-11-19',1889222400
1977,25,23,79.15599599096097,0.0047276799091014,b'ACCESS-CM2',7,0.0001159375747787,299.2477751764203,79.78795274801088,b'ssp245',8.980893730051623,280.5066333705769,287.36422844788825,273.25820472474084,b'2029-11-20/2029-11-26',1889827200
1977,25,23,79.93386568534955,0.0038883923675059,b'ACCESS-CM2',7,0.0003258014743672,283.5730326924844,76.22860973716526,b'ssp245',8.000504918958187,276.51760737637403,285.3805721422576,269.62035246469617,b'2029-11-27/2029-12-03',1890432000
1977,25,23,76.57552261983066,0.0040514045801791,b'ACCESS-CM2',7,0.0002278494130908,286.35031303962944,80.34278391328021,b'ssp245',5.587621658522717,277.7044094714292,285.77191273802987,270.5174522354864,b'2029-12-04/2029-12-10',1891036800
1977,25,23,81.67167744770845,0.0044117977890283,b'ACCESS-CM2',7,0.0005120337737427,299.1484993175263,68.83842662438754,b'ssp245',7.289488992113592,277.9436310581382,286.8154477746597,268.1233366298563,b'2029-12-11/2029-12-17',1891641600
1977,25,23,73.07897510358065,0.0035540815802904,b'ACCESS-CM2',7,0.0005134293893886,288.4782809603172,71.85437228929375,b'ssp245',8.343197478635213,277.2422769990131,283.0663709764356,273.0707922060628,b'2029-12-18/2029-12-24',1892246400
1977,25,23,72.37635982086856,0.0029741317051988,b'ACCESS-CM2',7,0.0001109566096183,267.953212275435,77.19658300779705,b'ssp245',7.0070588592333705,274.0000890615035,282.7285419991053,267.36012500461186,b'2029-12-25/2029-12-31',1892851200
2093,25,27,65.76946373407354,0.0023512010893618,b'ACCESS-CM2',6,1.0813089373180377e-05,253.06527245312543,82.35962148634768,b'ssp245',8.549400988204704,272.58750187995025,278.12437352976093,267.6617155127762,b'2024-12-31/2025-01-06',1735603200
2093,25,27,71.34500035449285,0.0022793238609514,b'ACCESS-CM2',7,0.0002932702108051,241.7751126922391,90.04666250359853,b'ssp245',6.76983490837025,269.1880123894141,282.4251877083962,252.71702994668027,b'2025-01-07/2025-01-13',1736208000
2093,25,27,78.29949323387719,0.003663619078645,b'ACCESS-CM2',7,0.000643306351939,280.23849658318744,78.20148838768819,b'ssp245',6.444929691666963,275.562341450704,286.3151813823215,266.32101765838115,b'2025-01-14/2025-01-20',1736812800
2093,25,27,70.975305278751,0.0037986566675914,b'ACCESS-CM2',7,0.0004473456860413,274.14354117738986,96.01856704898584,b'ssp245',6.284348890963933,276.0277867968288,286.7865961570108,262.70198534549274,b'2025-01-21/2025-01-27',1737417600
2093,25,27,69.11048801786428,0.002892754832742,b'ACCESS-CM2',7,0.0005169324136046,254.5138802640534,111.14501709610624,b'ssp245',7.573219711646943,272.1274176858784,286.3599741561637,260.4733903073474,b'2025-01-28/2025-02-03',1738022400
2093,25,27,64.73782796400593,0.0020578727152675,b'ACCESS-CM2',7,5.1837496073453175e-05,233.3909071707782,129.3248035608546,b'ssp245',8.010791525543443,270.7752108603269,281.3044560553619,264.5794898607453,b'2025-02-04/2025-02-10',1738627200
2093,25,27,71.3080051250503,0.0026594000032734,b'ACCESS-CM2',7,0.0004462860296606,240.6695679770743,133.59100466384226,b'ssp245',7.063874207374705,272.2148105058317,281.1065825235778,263.20048646031165,b'2025-02-11/2025-02-17',1739232000
2093,25,27,74.08176077682387,0.0028670322815038,b'ACCESS-CM2',7,4.426030598600255e-05,253.4550802313632,142.3298834682546,b'ssp245',7.588065800557667,273.6367911515691,279.67655364821627,264.025012729708,b'2025-02-18/2025-02-24',1739836800
2093,25,27,74.08443069036494,0.0030527941765918,b'ACCESS-CM2',7,0.0004154947246008,253.6985418715624,140.45445021198034,b'ssp245',6.219663455379037,273.47197728085536,283.2382364346836,260.5553177132791,b'2025-02-25/2025-03-03',1740441600
2093,25,27,76.66360233701302,0.0034484270196363,b'ACCESS-CM2',7,0.0003404346260868,258.9825577263956,160.57406085284563,b'ssp245',7.30796413745293,275.02586307901987,284.6045462592531,262.79275318799097,b'2025-03-04/2025-03-10',1741046400
2093,25,27,76.42389977567292,0.0035157670805909,b'ACCESS-CM2',7,0.0004420359560128,262.71238573491337,157.2067108756459,b'ssp245',7.337586021950232,275.2327419651336,285.7820411639978,262.4204126010283,b'2025-03-11/2025-03-17',1741651200
2093,25,27,81.430058139238,0.003911762987098,b'ACCESS-CM2',7,0.0001241828343182,274.69939473670775,156.77961878848055,b'ssp245',6.103828701092299,277.0806404577434,280.9566083370652,270.9449147261309,b'2025-03-18/2025-03-24',1742256000
2093,25,27,79.03061432390582,0.0046009852624062,b'ACCESS-CM2',7,0.0003623787385682,271.0266293002568,187.3963068985431,b'ssp245',5.169538180039639,279.63586206594226,288.97478681532715,271.332214018258,b'2025-03-25/2025-03-31',1742860800
2093,25,27,76.27321990117748,0.004582445483784,b'ACCESS-CM2',7,0.0002192803259676,265.3229557401661,211.68468789851093,b'ssp245',7.268063594359719,279.7116712899874,288.32799600000544,271.0993396232141,b'2025-04-01/2025-04-07',1743465600
2093,25,27,81.29421751388153,0.0054548713124644,b'ACCESS-CM2',7,7.783484973590635e-05,283.99514347067384,209.7251379047686,b'ssp245',4.9551637175333445,281.8053746296462,288.5661501215308,271.2797299042591,b'2025-04-08/2025-04-14',1744070400
2093,25,27,86.84812278295938,0.0074985258835466,b'ACCESS-CM2',7,0.0003320610981502,307.4617285435653,206.5681908761787,b'ssp245',4.926976088453864,285.9410625358407,295.4697047449608,275.9422794573874,b'2025-04-15/2025-04-21',1744675200
2093,25,27,86.13494922123091,0.0072024683502958,b'ACCESS-CM2',7,0.0001573211962063,303.5744060513347,217.6682081588348,b'ssp245',4.3116706914758725,284.7240255522935,296.09216772258617,275.4211640247324,b'2025-04-22/2025-04-28',1745280000
2093,25,27,91.21466218064693,0.0096685611132764,b'ACCESS-CM2',7,0.0001590282563444,339.72334334833374,196.6354766472363,b'ssp245',4.661818571869746,288.9383862357678,295.21953455466587,278.62802852398784,b'2025-04-29/2025-05-05',1745884800
2093,25,27,66.97043571020546,0.0049603115240936,b'ACCESS-CM2',7,6.4253963558372446e-06,276.28038371145584,269.13893069152107,b'ssp245',5.936871781590048,282.7266339718308,292.3500114988886,274.7179358719462,b'2025-05-06/2025-05-12',1746489600
2093,25,27,79.13458354200259,0.0082464520691584,b'ACCESS-CM2',7,5.004977504840735e-05,308.5290132879364,283.9056979160565,b'ssp245',3.197410117808345,287.8323202854268,299.1453456141014,275.9008635294371,b'2025-05-13/2025-05-19',1747094400
2093,25,27,84.43258188815219,0.0099303030988881,b'ACCESS-CM2',7,0.0003789800353887,320.81112874188386,274.9699363786777,b'ssp245',3.5160756893767653,290.13742976621467,297.4296398352523,278.5575516168584,b'2025-05-20/2025-05-26',1747699200
2093,25,27,79.32387004512074,0.0103127108367884,b'ACCESS-CM2',7,0.0002475607010289,313.9468989202895,327.61329284523447,b'ssp245',3.770172359638545,290.9194349546365,302.3081289723433,277.58683849355793,b'2025-05-27/2025-06-02',1748304000
2093,25,27,82.96999451321885,0.0106392430095626,b'ACCESS-CM2',7,0.0006103546715237,336.74095163924915,274.02505356954987,b'ssp245',4.145672917516569,291.0806259600874,301.3028494144672,281.7562110015701,b'2025-06-03/2025-06-09',1748908800
2093,25,27,78.92444092676033,0.0127774595313109,b'ACCESS-CM2',7,0.0001550974493294,345.9375901894392,326.8728129783576,b'ssp245',3.30534439249686,295.0042206581315,305.8167473218718,282.9930701155689,b'2025-06-10/2025-06-16',1749513600
2093,25,27,80.58982408940558,0.0127935838758439,b'ACCESS-CM2',7,0.0003243348501206,347.65024434536014,303.5336866323084,b'ssp245',4.003076931850687,294.45366965807983,303.0360578673979,284.2907039579107,b'2025-06-17/2025-06-23',1750118400
2093,25,27,82.20430387091994,0.0150157466061095,b'ACCESS-CM2',7,0.000177279391179,365.7217239825482,309.3333502308064,b'ssp245',3.4590285943828425,296.8998084883475,308.70769380179564,286.7782123207388,b'2025-06-24/2025-06-30',1750723200
2093,25,27,74.61075558048961,0.0139241358685735,b'ACCESS-CM2',7,3.911189562467632e-05,359.2554574895677,297.6638504365532,b'ssp245',3.7089023570611706,296.92503976678887,308.2094572457161,285.8124025966581,b'2025-07-01/2025-07-07',1751328000
2093,25,27,71.7116060487285,0.0118087810662669,b'ACCESS-CM2',7,0.0002563188706818,341.1491830056544,314.0652002564922,b'ssp245',4.518048900003592,294.00513044325686,303.5459921821046,282.30004586066985,b'2025-07-08/2025-07-14',1751932800
2093,25,27,84.81585742074294,0.0170148700033185,b'ACCESS-CM2',7,0.0004160263920712,382.5219416738028,270.54001761950565,b'ssp245',3.9803339389429935,298.91756537843145,309.3189247089196,288.0251229976422,b'2025-07-15/2025-07-21',1752537600
2093,25,27,73.31840183917424,0.0129708601581557,b'ACCESS-CM2',7,0.0001852600694375,350.27633923513264,311.6225533067663,b'ssp245',3.1481557442056167,295.23206852865485,305.0241635991724,284.17413780254554,b'2025-07-22/2025-07-28',1753142400
2093,25,27,78.79383896765225,0.0140738580769902,b'ACCESS-CM2',7,0.0005031364411818,357.2441226637072,283.2831694496835,b'ssp245',3.195465130267787,295.7747374621168,307.4209205753895,282.93350081470135,b'2025-07-29/2025-08-04',1753747200
2093,25,27,78.10782006074805,0.0143162053268058,b'ACCESS-CM2',7,0.0003256743350273,368.5395838279092,241.11680129125725,b'ssp245',3.739149591559581,296.7590142133393,307.38076281468506,285.6084442981699,b'2025-08-05/2025-08-11',1754352000
2093,25,27,78.88689046617371,0.0113959711544868,b'ACCESS-CM2',7,4.3305422944216846e-05,346.4562974696472,253.39599783279436,b'ssp245',3.828822168893672,293.3204475601546,300.6826790488228,283.79447100728913,b'2025-08-12/2025-08-18',1754956800
2093,25,27,83.11891113377597,0.012342062996349,b'ACCESS-CM2',7,0.0002419054424394,355.3927274299025,215.90557549287692,b'ssp245',3.7332402076416353,293.791672415308,301.625027954776,282.3311176447578,b'2025-08-19/2025-08-25',1755561600
2093,25,27,80.5681174858593,0.0114459198451179,b'ACCESS-CM2',7,0.000149535990604,349.47744731225646,223.13541418375135,b'ssp245',2.964752096290559,293.3998437991364,299.1999319677196,282.07915998427245,b'2025-08-26/2025-09-01',1756166400
2093,25,27,71.94680569414652,0.0108740739849995,b'ACCESS-CM2',7,9.699545536818632e-05,345.25613896129823,221.01861050552336,b'ssp245',5.339498001304121,293.05040837674045,303.7817352969344,281.8490103705812,b'2025-09-02/2025-09-08',1756771200
2093,25,27,86.08839547745148,0.0112704357245147,b'ACCESS-CM2',7,0.0010917959684674,360.1597840824744,159.2777125610737,b'ssp245',3.95833691546742,291.65710929503285,301.58891849412447,278.3049249807115,b'2025-09-09/2025-09-15',1757376000
2093,25,27,76.74824310097999,0.0103161401550513,b'ACCESS-CM2',7,0.0003508029227829,345.349202551838,193.03414760430024,b'ssp245',4.118579400357244,291.97366749222294,302.3097456115386,281.5404273944665,b'2025-09-16/2025-09-22',1757980800
2093,25,27,83.73175795087687,0.0096260651452473,b'ACCESS-CM2',7,0.0004477734575556,340.49678667726346,163.29769720605913,b'ssp245',3.270671109684641,290.1295299960576,297.24906821909525,279.4155425350969,b'2025-09-23/2025-09-29',1758585600
2093,25,27,81.92104653928256,0.0095968264811131,b'ACCESS-CM2',7,0.0001900283138644,334.9714122070698,172.9282211297689,b'ssp245',3.8346879097826383,289.90377003128543,298.2712459332377,279.208991456427,b'2025-09-30/2025-10-06',1759190400
2093,25,27,81.23894768152637,0.0079144480915323,b'ACCESS-CM2',7,0.00027674551207,331.4235889967728,127.53651051088498,b'ssp245',4.294930246662886,288.2849637387584,294.907569607055,277.6722997844548,b'2025-10-07/2025-10-13',1759795200
2093,25,27,75.115165761633,0.0060695549046462,b'ACCESS-CM2',7,0.0004390311704792,302.8597220862674,140.0020158305541,b'ssp245',4.827042190748213,283.97343242016007,293.85756024945505,273.855504224577,b'2025-10-14/2025-10-20',1760400000
2093,25,27,78.22046606459764,0.0056362852960825,b'ACCESS-CM2',7,0.0004454864314971,297.720950514892,125.81344501161162,b'ssp245',6.023045581386329,282.7531308457902,292.3727826197503,271.48823872771715,b'2025-10-21/2025-10-27',1761004800
2093,25,27,83.42797845661312,0.0074313097771244,b'ACCESS-CM2',7,8.183317778609677e-05,312.5850980161021,125.97073614516404,b'ssp245',4.692605300408795,285.77973802140497,295.5155781782793,274.75567889977555,b'2025-10-28/2025-11-03',1761609600
2093,25,27,84.44285416998257,0.0062409100180819,b'ACCESS-CM2',7,0.0003732965801501,309.35034142353453,98.85465108605004,b'ssp245',5.347943905760382,282.98030878682727,292.6956968360184,273.8746261849588,b'2025-11-04/2025-11-10',1762214400
2093,25,27,82.25085256225779,0.0062141538623002,b'ACCESS-CM2',7,0.0004047123215921,305.401526635222,99.88572147914344,b'ssp245',6.196034383190459,282.7414889268642,291.3420146288793,271.4619712365925,b'2025-11-11/2025-11-17',1762819200
2093,25,27,66.83325465894066,0.0031411795885373,b'ACCESS-CM2',7,5.98708584655521e-06,261.4438048075952,96.86491730832265,b'ssp245',7.186253444811634,275.58399179604646,285.400006457587,270.4259125767492,b'2025-11-18/2025-11-24',1763424000
2093,25,27,73.85255222305503,0.0038039185838874,b'ACCESS-CM2',7,0.0002098590992038,272.8867131161709,89.9658146034006,b'ssp245',5.910684260083825,276.87454768950863,287.42898379162534,270.2491648637129,b'2025-11-25/2025-12-01',1764028800
2093,25,27,75.06436412182019,0.0025196929437169,b'ACCESS-CM2',7,0.0001758081866498,251.75474948055088,80.34604571913769,b'ssp245',8.332743252970237,270.46493176924685,280.4348856720477,259.7045704709891,b'2025-12-02/2025-12-08',1764633600
2093,25,27,80.4143833055022,0.0019415650876376,b'ACCESS-CM2',7,7.32022577859887e-05,235.5227932141913,85.8728844559089,b'ssp245',5.887393922399327,267.1184627566078,274.1585771255072,259.52242613734467,b'2025-12-09/2025-12-15',1765238400
2093,25,27,77.36726152258964,0.003547076214608,b'ACCESS-CM2',7,0.0006604231815743,271.439131982287,73.53112256683133,b'ssp245',7.014905626715499,273.80457444285065,285.67741358635834,261.20352260526374,b'2025-12-16/2025-12-22',1765843200
2093,25,27,74.4163400982719,0.0027333255565868,b'ACCESS-CM2',7,0.0005700573233738,246.9133873846932,81.91682093228142,b'ssp245',6.706911291206739,271.5143428305706,283.8325635035394,262.1996732258665,b'2025-12-23/2025-12-29',1766448000
2093,25,27,73.35434134648179,0.0033435077344904,b'ACCESS-CM2',7,0.0001636349572226,272.2491259002084,75.22743479210087,b'ssp245',5.4497331863138365,276.36782404079906,281.2367149057968,271.02671355358143,b'2025-12-30/2026-01-05',1767052800
2093,25,27,71.83742673342495,0.0024532867943236,b'ACCESS-CM2',7,0.0003905406673474,256.49831206239674,79.18967642599706,b'ssp245',8.66862901715472,271.5037962132961,283.9684937197859,259.19102533667126,b'2026-01-06/2026-01-12',1767657600
2093,25,27,70.42024078339033,0.0031720147391794,b'ACCESS-CM2',7,0.0003160082169393,264.7434358772934,88.00089308596446,b'ssp245',5.67832825488713,274.9338212661322,281.7546318602167,264.8803475732962,b'2026-01-13/2026-01-19',1768262400
2093,25,27,69.80263065106303,0.0024430050702354,b'ACCESS-CM2',7,4.962576221969237e-05,243.8733928701496,105.00879738558534,b'ssp245',6.511823393664401,271.58363218239754,278.11795629006065,260.6043014273459,b'2026-01-20/2026-01-26',1768867200
2093,25,27,73.56291274542684,0.0024383499186456,b'ACCESS-CM2',7,0.0003122652983255,248.82680645515904,108.1831553166366,b'ssp245',7.547137675985354,271.39127351419137,277.2687234615094,263.91451581248924,b'2026-01-27/2026-02-02',1769472000
2093,25,27,76.75369855162658,0.0026531676605788,b'ACCESS-CM2',7,0.0001513768516062,258.4155836615679,112.31675309720902,b'ssp245',5.266913540248525,272.0511628353417,279.4939358200158,263.8365003891413,b'2026-02-03/2026-02-09',1770076800
2093,25,27,78.68560644961192,0.0030625807845982,b'ACCESS-CM2',7,0.0002974163032783,264.7947492772609,118.18538145382948,b'ssp245',6.007453124242781,272.8140573960736,282.8934913761708,261.27618947740416,b'2026-02-10/2026-02-16',1770681600
2093,25,27,72.3546954545621,0.0028024054544035,b'ACCESS-CM2',7,0.0004114096606829,248.51789521877467,134.03098561709194,b'ssp245',7.41925991915678,271.3082311953911,287.4740670219969,255.8522588740396,b'2026-02-17/2026-02-23',1771286400
2093,25,27,72.06409177983382,0.0017013175797265,b'ACCESS-CM2',7,0.000136716538755,216.4999997820173,168.41556107085242,b'ssp245',5.784691327015246,266.9602639479061,278.3273864746094,255.68399304974804,b'2026-02-24/2026-03-02',1771891200
2093,25,27,78.58144658667513,0.004364067403748,b'ACCESS-CM2',7,0.0007570818140893,277.9482843147645,148.33935963510996,b'ssp245',6.866263056403554,277.3648910679023,289.72937765384904,266.4625487101012,b'2026-03-03/2026-03-09',1772496000
2093,25,27,70.78740591577592,0.0027164077526656,b'ACCESS-CM2',7,9.717268222080177e-05,240.08405856739935,180.93207918692505,b'ssp245',7.672498529937762,271.4041038748027,285.38398176161627,251.786635256604,b'2026-03-10/2026-03-16',1773100800
2093,25,27,77.87809627957483,0.0033943719923938,b'ACCESS-CM2',7,0.0004557226115304,255.02264369732765,179.55199600858018,b'ssp245',5.374098221147352,274.7491515173909,284.0504890736955,266.3759217826042,b'2026-03-17/2026-03-23',1773705600
2093,25,27,80.39346331451104,0.0045712222448632,b'ACCESS-CM2',7,0.0001912235242654,261.2809511360825,207.6567382667981,b'ssp245',5.077857205918575,277.9217382489741,290.8843674296174,265.29727435876,b'2026-03-24/2026-03-30',1774310400
2093,25,27,79.55289436045273,0.0050809087112123,b'ACCESS-CM2',7,6.145520890992099e-05,274.98600146407296,215.3259109436854,b'ssp245',4.587184673176098,280.70636316072125,291.63677715491195,267.5688918983081,b'2026-03-31/2026-04-06',1774915200
2093,25,27,80.89432449641902,0.0060094799241087,b'ACCESS-CM2',7,0.0008676931728394,285.5149712831276,188.2834837337696,b'ssp245',6.392975503794303,282.20851009281586,293.3064467119249,268.6651678938892,b'2026-04-07/2026-04-13',1775520000
2093,25,27,76.72164523117921,0.0059533225312158,b'ACCESS-CM2',7,4.99137022699844e-05,285.28306796609087,232.28821596478323,b'ssp245',5.190383083874914,283.5564821792759,294.36414017650964,272.95494834942053,b'2026-04-14/2026-04-20',1776124800
2093,25,27,75.31483071981309,0.0050853990903932,b'ACCESS-CM2',7,4.077348794499358e-06,262.2023543251718,263.98524422107386,b'ssp245',4.007205646980816,281.38270722278577,291.69530526682826,271.99912664086787,b'2026-04-21/2026-04-27',1776729600
2093,25,27,84.8408645006645,0.0071509774750055,b'ACCESS-CM2',7,0.0003974472505434,300.4593037317,237.09865434581877,b'ssp245',4.071341053707542,285.36447059011124,291.6227222084341,277.26927051860326,b'2026-04-28/2026-05-04',1777334400
2093,25,27,74.90571313389852,0.0061241308655354,b'ACCESS-CM2',7,0.0002895732957732,290.43729956310005,264.2381157951084,b'ssp245',6.020768669541652,284.1651759146891,293.5729838334394,275.11762012460616,b'2026-05-05/2026-05-11',1777939200
2093,25,27,82.23528395895895,0.009448656138553,b'ACCESS-CM2',7,0.0001022983287423,305.930448095838,299.24492404398814,b'ssp245',4.187023609457943,289.2038640890144,298.06367101511245,279.3878364520837,b'2026-05-12/2026-05-18',1778544000
2093,25,27,79.30490479984901,0.0087149099776507,b'ACCESS-CM2',7,0.0001773116457756,306.1036012452328,291.0321258231798,b'ssp245',4.022845290209613,288.65282725008245,297.5822273043638,277.0334781878561,b'2026-05-19/2026-05-25',1779148800
2093,25,27,88.71172000309946,0.0096257373947508,b'ACCESS-CM2',7,0.0005608927190782,328.29674496187783,248.2287926786042,b'ssp245',4.271953729352522,288.46211771855883,298.12099710538246,280.95917948517354,b'2026-05-26/2026-06-01',1779753600
2093,25,27,88.00167402585097,0.0113914381096693,b'ACCESS-CM2',7,0.0005882585618499,336.2114140872609,274.3900741890273,b'ssp245',3.623449656618987,290.96477502162,298.97072848325274,281.18561495786213,b'2026-06-02/2026-06-08',1780358400
2093,25,27,80.65827615281776,0.0126277002773519,b'ACCESS-CM2',7,0.0003677132294213,345.4243924207921,306.4707003406021,b'ssp245',4.455529932789475,294.625535011442,303.3989937966699,284.6901818375561,b'2026-06-09/2026-06-15',1780963200
2093,25,27,75.77282938787856,0.0119751593411915,b'ACCESS-CM2',7,0.0002565622204967,340.7504005654929,316.16475131810887,b'ssp245',4.266155085351022,293.99966666470766,302.75394762576616,283.2469910848207,b'2026-06-16/2026-06-22',1781568000
2093,25,27,83.05231568021104,0.0120419996570069,b'ACCESS-CM2',7,0.0003968886873735,346.19513517769656,280.3112056163135,b'ssp245',3.385152031938768,293.3045184730825,300.7261500406002,283.59428941926905,b'2026-06-23/2026-06-29',1782172800
2093,25,27,80.95046151514212,0.0158563075153466,b'ACCESS-CM2',7,0.0002610132213016,370.3164479581597,311.8575864904776,b'ssp245',4.010906793625222,298.28003754167923,306.86066373540547,285.3831038838592,b'2026-06-30/2026-07-06',1782777600
2093,25,27,71.66049954535553,0.0114143063398055,b'ACCESS-CM2',7,5.9242597603527366e-05,342.1113369984615,308.1115911470216,b'ssp245',4.631721544604464,294.14025724511873,305.15847542272746,281.3343877634291,b'2026-07-07/2026-07-13',1783382400
2093,25,27,90.68546362547964,0.0158691488385005,b'ACCESS-CM2',7,0.0006896521743543,374.02398866143113,253.98521104434764,b'ssp245',4.88200865875762,296.91116550027056,303.38776519944,282.95304685139524,b'2026-07-14/2026-07-20',1783987200
2093,25,27,82.6896227634132,0.0152989908394968,b'ACCESS-CM2',7,0.0004368938668572,370.2857717030803,261.1651060337708,b'ssp245',4.668062594413006,297.11414652811607,304.7743009282739,284.1563969227491,b'2026-07-21/2026-07-27',1784592000
2093,25,27,82.25758202243435,0.0145827563435438,b'ACCESS-CM2',7,0.000266681341562,364.3562117675203,261.91190311398765,b'ssp245',3.898966826005723,296.4256703124615,303.21401910096904,284.4440183860821,b'2026-07-28/2026-08-03',1785196800
2093,25,27,78.57055183416665,0.014228064625729,b'ACCESS-CM2',7,0.0003059019205201,363.1626595946495,258.6681097486777,b'ssp245',3.271085636598818,296.33115156093925,305.7293995219699,285.47770448126187,b'2026-08-04/2026-08-10',1785801600
2093,25,27,73.30354530557273,0.0125561349510693,b'ACCESS-CM2',7,8.052668228339097e-07,351.1396184209208,264.70065223073624,b'ssp245',3.262106154006396,295.06218103229673,305.93803162969937,284.9155813649214,b'2026-08-11/2026-08-17',1786406400
2093,25,27,76.76232811973709,0.0142409559242256,b'ACCESS-CM2',7,0.0002047319122233,366.5149030075736,236.90030269728183,b'ssp245',4.179410452699699,297.1146550709183,306.63519438854235,288.09347967495574,b'2026-08-18/2026-08-24',1787011200
2093,25,27,85.04760608627933,0.0148591400570314,b'ACCESS-CM2',7,0.0001907430126456,368.2953107368692,228.8978267654624,b'ssp245',3.1832412600705453,296.2604751502612,305.02378448992147,284.5065749700557,b'2026-08-25/2026-08-31',1787616000
2093,25,27,75.07626016010144,0.0128046184966388,b'ACCESS-CM2',7,0.0001896834179017,359.42377307292696,228.3299509049968,b'ssp245',4.178631668327922,296.0253837772119,305.36249017030497,282.3794460402009,b'2026-09-01/2026-09-07',1788220800
2093,25,27,72.31854306577037,0.0098286427645675,b'ACCESS-CM2',7,9.512816620939986e-05,335.0630690697336,215.8277643807403,b'ssp245',3.501537081531022,291.78665861326965,300.7072433387377,281.3645874360649,b'2026-09-08/2026-09-14',1788825600
2093,25,27,77.12998252543487,0.0099617988435329,b'ACCESS-CM2',7,0.0002751863530988,335.3606738999028,193.74273358339764,b'ssp245',4.8053129677520365,291.3905492311401,301.5773301098228,280.0088425272736,b'2026-09-15/2026-09-21',1789430400
2093,25,27,80.03135397293103,0.0094321440431952,b'ACCESS-CM2',7,0.0005607025262938,335.023385738141,175.39597913505716,b'ssp245',5.238690340406047,290.2455450887462,297.6054085072891,280.0309750045861,b'2026-09-22/2026-09-28',1790035200
2093,25,27,73.54222569002725,0.0064933088861314,b'ACCESS-CM2',7,0.000100613712637,300.09428150204104,171.2860153047702,b'ssp245',5.485772952246873,285.6484690749749,295.48603385798845,277.0380955648686,b'2026-09-29/2026-10-05',1790640000
2093,25,27,74.98889952541433,0.0072378499354378,b'ACCESS-CM2',7,0.0002622083501479,316.6503839361828,153.16078091736563,b'ssp245',6.030940371229598,286.003121839853,297.2691094161397,274.0553897246472,b'2026-10-06/2026-10-12',1791244800
2093,25,27,77.56727958986302,0.0069767357771605,b'ACCESS-CM2',7,0.0003411179264337,305.26313470300016,144.9340622490188,b'ssp245',5.12272850187538,285.92513598989296,296.22045588203554,278.13781859677147,b'2026-10-13/2026-10-19',1791849600
2093,25,27,72.89640471135526,0.0047720362744701,b'ACCESS-CM2',7,5.737578382326189e-06,292.8417945072984,125.3244651487331,b'ssp245',5.213648539504011,281.34785631235513,287.09208839374355,274.1303139196575,b'2026-10-20/2026-10-26',1792454400
2093,25,27,73.71489241373474,0.0046747364635059,b'ACCESS-CM2',7,0.0001549327229308,281.74149352738306,120.47275867176133,b'ssp245',5.78608430950493,280.04508063143976,289.23623601586775,270.96818483468576,b'2026-10-27/2026-11-02',1793059200
2093,25,27,79.39870910614424,0.0046979266366404,b'ACCESS-CM2',7,0.0005671682584934,282.65012502452004,115.88989684384173,b'ssp245',6.0347422058222895,278.71894358068164,290.55181765055784,268.8023964391888,b'2026-11-03/2026-11-09',1793664000
2093,25,27,79.51107190500214,0.005335258674402,b'ACCESS-CM2',7,0.0004174746596282,295.97043897332225,101.140636110494,b'ssp245',4.945505087057625,281.06087802564804,290.947121855172,273.0607354264233,b'2026-11-10/2026-11-16',1794268800
2093,25,27,80.43436700509304,0.0043977890551588,b'ACCESS-CM2',7,0.0005258221210769,284.03868909202043,90.2244914162507,b'ssp245',7.51663939964141,277.55188039103734,288.03281693432217,266.6958567582441,b'2026-11-17/2026-11-23',1794873600
2093,25,27,78.00336223502939,0.0040332017341097,b'ACCESS-CM2',7,0.0005220555965961,279.12031479062483,86.5509348742117,b'ssp245',5.659387038463481,276.7064682259744,288.71631378679655,267.7426009373112,b'2026-11-24/2026-11-30',1795478400
2093,25,27,78.69934883388649,0.0045193199853995,b'ACCESS-CM2',7,0.0008778322799507,279.33116550821904,77.01980415139504,b'ssp245',6.209717539792562,277.5036314207828,288.36441974112995,266.8711424432408,b'2026-12-01/2026-12-07',1796083200
2093,25,27,65.49560069902356,0.0026160540151918,b'ACCESS-CM2',7,3.249353924011596e-05,253.65290279975537,80.81419516776431,b'ssp245',7.7564823230421265,273.8951770713222,285.87077500148376,267.81320406244606,b'2026-12-08/2026-12-14',1796688000
2093,25,27,68.38476980069348,0.0022490718945178,b'ACCESS-CM2',7,8.689593229561944e-06,237.10409850953783,87.51632385013042,b'ssp245',6.687051938157809,270.80619903540367,277.55982080954874,256.4250121648799,b'2026-12-15/2026-12-21',1797292800
2093,25,27,72.90127349438023,0.0020806199849502,b'ACCESS-CM2',7,7.88401699278038e-05,228.75547954195017,85.78883161055543,b'ssp245',5.8949181405784765,268.71320484284826,283.63129387112616,258.37737876934244,b'2026-12-22/2026-12-28',1797897600
2093,25,27,75.75716980570589,0.0038480130771994,b'ACCESS-CM2',7,0.0002235135323652,276.1405535353952,81.17171549898673,b'ssp245',6.074145030900072,276.8163740921321,284.6932052359396,270.9896239391348,b'2026-12-29/2027-01-04',1798502400
2093,25,27,66.58895243439227,0.0026855056435413,b'ACCESS-CM2',7,2.5173506222811557e-06,242.8684838515525,97.8803300467644,b'ssp245',6.905439366048589,274.03494687580934,279.09225492530106,269.0352553393959,b'2027-01-05/2027-01-11',1799107200
2093,25,27,74.62443588425442,0.0029054591422657,b'ACCESS-CM2',7,0.0002963076059995,267.2036457426076,81.06501172253158,b'ssp245',5.72713211992169,273.94395402699075,279.4101725710031,267.94577339973233,b'2027-01-12/2027-01-18',1799712000
2093,25,27,74.86579460740184,0.0019180322637688,b'ACCESS-CM2',7,0.0002814863255044,243.3588024208653,94.88796357303129,b'ssp245',8.314076035551508,267.28507004205693,278.16391926970937,253.1543991594683,b'2027-01-19/2027-01-25',1800316800
2093,25,27,77.48200821127587,0.0022487863095314,b'ACCESS-CM2',7,0.0002139345047883,245.51917734003104,96.72666554680563,b'ssp245',6.862384038058058,268.4497760029035,281.75264086644296,254.3186493088527,b'2027-01-26/2027-02-01',1800921600
2093,25,27,73.4985937147133,0.00234416309682,b'ACCESS-CM2',7,0.0002946901463118,235.75739164405107,125.33280665932816,b'ssp245',6.483663267080673,269.8684705317256,282.0743991746429,255.56256199620708,b'2027-02-02/2027-02-08',1801526400
2093,25,27,72.64724900050717,0.0027309720163529,b'ACCESS-CM2',7,0.0002363947421222,244.1632627094272,132.1993988028077,b'ssp245',7.7946201250698035,271.72744877912345,283.8939588683745,261.0155480147725,b'2027-02-09/2027-02-15',1802131200
2093,25,27,66.96506263714845,0.002069362881529,b'ACCESS-CM2',7,5.188565998194535e-05,222.7361313095033,154.40692209787227,b'ssp245',6.549913552396393,269.926545232398,277.2155673032308,257.51426691719183,b'2027-02-16/2027-02-22',1802736000
2093,25,27,76.45005260307957,0.0026878152446267,b'ACCESS-CM2',7,0.0008292040007965,245.7771140468149,145.31647433527078,b'ssp245',8.577498863509254,271.50346551065667,280.7951581923342,262.0664301919674,b'2027-02-23/2027-03-01',1803340800
2093,25,27,76.21360030441464,0.002805624385243,b'ACCESS-CM2',7,0.0001808457559398,244.45580474805345,172.17602596147472,b'ssp245',5.25682729101595,272.3034058725166,283.42334169840944,263.2277495832074,b'2027-03-02/2027-03-08',1803945600
2093,25,27,73.28075480954142,0.0031561726485558,b'ACCESS-CM2',7,0.0004900545449646,253.1892022859232,175.44668284824917,b'ssp245',8.229883603515264,274.7216714643736,285.3725063260747,266.261303913264,b'2027-03-09/2027-03-15',1804550400
2093,25,27,78.64642659723995,0.0040653254917102,b'ACCESS-CM2',7,0.0003605079548308,263.2750870907128,194.90899622555125,b'ssp245',5.788909906012484,277.10762353910644,286.8722018921573,268.70114972025,b'2027-03-16/2027-03-22',1805155200
2093,25,27,70.37706434344717,0.0032255088899801,b'ACCESS-CM2',7,0.000221098268085,238.5617258771913,227.57812244984328,b'ssp245',5.78721353249373,274.88748651638497,285.8855409063688,264.57683994019226,b'2027-03-23/2027-03-29',1805760000
2093,25,27,69.88127197199388,0.003097458154712,b'ACCESS-CM2',7,0.000100170083854,241.44359506367687,228.21899613257744,b'ssp245',6.139492760724502,274.057875093552,283.67735098317183,262.44808754262345,b'2027-03-30/2027-04-05',1806364800
2093,25,27,70.01854559123846,0.0037904957082966,b'ACCESS-CM2',7,0.0001932582299111,251.4698652320145,224.97285741130105,b'ssp245',5.466586697063958,278.05463849604365,286.0356961582248,266.4526415914462,b'2027-04-06/2027-04-12',1806969600
2093,25,27,87.22984261215439,0.0059801162448773,b'ACCESS-CM2',7,0.0006277632053391,293.26706129162915,198.8697945279405,b'ssp245',4.008867591624196,281.7868142914565,288.86468170334626,273.71884903881426,b'2027-04-13/2027-04-19',1807574400
2093,25,27,82.52226619163459,0.0068106047164107,b'ACCESS-CM2',7,0.0002391706032005,282.0918846064133,244.2397017565504,b'ssp245',3.527749051328898,284.08394552590624,293.6351126823636,272.8724409240386,b'2027-04-20/2027-04-26',1808179200
2093,25,27,83.59000018871761,0.0078030647596766,b'ACCESS-CM2',7,0.000219086576792,302.2443279745076,240.82308104047647,b'ssp245',4.080953202157295,286.3664061175243,301.85675313538604,274.8810293292472,b'2027-04-27/2027-05-03',1808784000
2093,25,27,79.97979307588669,0.0094710533842355,b'ACCESS-CM2',7,9.89082234895106e-05,313.9145446476263,287.802571373317,b'ssp245',5.588697500462219,289.9277080749656,302.219724876446,277.4214331358177,b'2027-05-04/2027-05-10',1809388800
2093,25,27,76.14507300053982,0.0080123552952575,b'ACCESS-CM2',7,0.0001284835174884,292.0946866632355,310.0559325569713,b'ssp245',5.547071777579346,287.6645767537082,301.3618475982497,274.0332971393733,b'2027-05-11/2027-05-17',1809993600
2093,25,27,80.70927264146573,0.0090890688431723,b'ACCESS-CM2',7,0.0003976352405053,304.8428824240332,303.7854159011179,b'ssp245',3.854408874451503,289.2028392379267,298.6956178949683,276.7244646778423,b'2027-05-18/2027-05-24',1810598400
2093,25,27,85.16309327544806,0.0112756858597455,b'ACCESS-CM2',7,2.844971069996621e-05,327.1377741186658,323.3814461013325,b'ssp245',3.014488479408017,291.71246809504026,301.98973012681824,277.3047379130158,b'2027-05-25/2027-05-31',1811203200
2093,25,27,75.6003798637601,0.0099510995777736,b'ACCESS-CM2',7,0.0001018557886927,312.48110200058505,338.09573898736943,b'ssp245',4.334489244086214,291.4952841935613,301.9096817100904,278.6459634180227,b'2027-06-01/2027-06-07',1811808000
2093,25,27,78.00374229148136,0.0119145522430323,b'ACCESS-CM2',7,0.0002435654644167,344.5497799314094,291.274281024406,b'ssp245',4.856755499399452,293.7198494854741,306.1626556396485,282.0349752015172,b'2027-06-08/2027-06-14',1812412800
2093,25,27,74.84941456018703,0.0118725732725257,b'ACCESS-CM2',7,0.0001119138795473,340.6442219433864,320.0844446773875,b'ssp245',4.087368177784271,294.3215122551079,305.7483841195292,284.42067277602735,b'2027-06-15/2027-06-21',1813017600
2093,25,27,79.23218804278896,0.0127741956549689,b'ACCESS-CM2',7,0.0003020334666451,355.3808560293871,279.8273171260024,b'ssp245',3.918387772459258,295.03220312153155,305.4863499088182,286.7387010605955,b'2027-06-22/2027-06-28',1813622400
2093,25,27,77.33848307127076,0.0133647075234584,b'ACCESS-CM2',7,0.0002196838547939,348.51556086973034,317.65164535269554,b'ssp245',3.876331600572711,295.33526409242506,304.8352775447276,283.25647109226634,b'2027-06-29/2027-07-05',1814227200
2093,25,27,73.44502287505647,0.0144328087164734,b'ACCESS-CM2',7,4.0352804932399776e-05,361.315086286465,319.94075201045086,b'ssp245',3.884789909503549,297.4867459219652,309.245634232832,285.61497263197083,b'2027-07-06/2027-07-12',1814832000
2093,25,27,80.78200316937213,0.014834013018513,b'ACCESS-CM2',7,0.0004277989486321,361.4083826945726,293.622172462084,b'ssp245',3.380670925530281,296.76268616445253,306.46573759468873,282.96009728869024,b'2027-07-13/2027-07-19',1815436800
2093,25,27,92.23224277752256,0.0163080498053535,b'ACCESS-CM2',7,0.000467796957973,378.7239918986549,252.2540823179997,b'ssp245',3.527366977144436,297.40845629083145,305.7160472553737,290.4145057973282,b'2027-07-20/2027-07-26',1816041600
2093,25,27,83.05865772250324,0.0151929802449468,b'ACCESS-CM2',7,4.0043690269877575e-05,364.4153791998161,285.2699494745003,b'ssp245',2.002056350779515,296.64320592722186,305.081964263073,285.8659950720013,b'2027-07-27/2027-08-02',1816646400
2093,25,27,83.73112236751565,0.0167255995999477,b'ACCESS-CM2',7,0.000443138033466,381.16249582099465,250.6426909485104,b'ssp245',3.734875466434055,298.8539381549598,308.75987781503585,288.80325561860644,b'2027-08-03/2027-08-09',1817251200
2093,25,27,82.1272392706506,0.0127378849401605,b'ACCESS-CM2',7,0.0002723949882598,360.1327547502405,234.46716452390072,b'ssp245',4.148091294545307,294.6073688871388,306.0841109470768,286.69835656940603,b'2027-08-10/2027-08-16',1817856000
2093,25,27,84.43701264066029,0.0148428109902285,b'ACCESS-CM2',7,0.0001266714471008,370.283070487946,230.21163725939527,b'ssp245',2.9314577602267557,296.9878498754825,307.2755744048904,289.6019417441352,b'2027-08-17/2027-08-23',1818460800
2093,25,27,82.92049483891633,0.0145068546343997,b'ACCESS-CM2',7,0.0003382005013162,374.4445011707959,209.92939404109,b'ssp245',3.071027304247409,296.89590704841885,305.9574064138844,287.368733931905,b'2027-08-24/2027-08-30',1819065600
2093,25,27,86.5573844066641,0.0141497172212379,b'ACCESS-CM2',7,7.699998457501201e-05,367.24906020793,212.4712804937325,b'ssp245',2.6398311134013213,295.93709179427367,303.90726117718947,287.3005228790789,b'2027-08-31/2027-09-06',1819670400
2093,25,27,79.14273653700302,0.012850132509375,b'ACCESS-CM2',7,0.0003285474172271,354.4432841818071,213.10743989048743,b'ssp245',3.8446946950060417,294.92882881676394,306.19008421502724,284.0990681347927,b'2027-09-07/2027-09-13',1820275200
2093,25,27,78.35178641821328,0.0111604210706728,b'ACCESS-CM2',7,0.0001048274352376,353.45082334354345,189.0304241020847,b'ssp245',4.489387526037944,293.38602208692254,303.1277750932051,282.4521781120512,b'2027-09-14/2027-09-20',1820880000
2093,25,27,76.95870374395044,0.0100954879215317,b'ACCESS-CM2',7,0.0002469212845654,339.5648595049707,180.79991819627097,b'ssp245',5.475111182881983,291.3151099201254,303.11955205590687,279.11244183113564,b'2027-09-21/2027-09-27',1821484800
2093,25,27,83.66235889172874,0.0104652494215277,b'ACCESS-CM2',7,1.564949369660566e-05,332.84027961423857,191.89993207129135,b'ssp245',2.8252936685094707,290.8362302856927,301.96704856914715,276.27661416069583,b'2027-09-28/2027-10-04',1822089600
2093,25,27,87.21626019255795,0.0099697519424161,b'ACCESS-CM2',7,0.000741209818958,340.31163253964826,137.71603116379447,b'ssp245',3.871807766995659,289.9802528507802,297.0383839981332,278.2319343018927,b'2027-10-05/2027-10-11',1822694400
2093,25,27,82.8418383182083,0.0083919823299446,b'ACCESS-CM2',7,0.0002558900117707,327.75846518837943,145.72701255840494,b'ssp245',3.43585575776676,289.0536939420753,295.61748889902026,280.81069900765607,b'2027-10-12/2027-10-18',1823299200
2093,25,27,85.4269364378823,0.0083719558151616,b'ACCESS-CM2',7,0.0001301714252002,341.15970023018974,118.85619427651612,b'ssp245',5.293889276268168,289.31598869389967,295.1492560455155,284.3286831176084,b'2027-10-19/2027-10-25',1823904000
2093,25,27,79.37305373964861,0.0071519023542539,b'ACCESS-CM2',7,0.0009108463228643,313.83080274285345,104.83388043699438,b'ssp245',6.156155926445478,286.257839749042,292.8260320842596,276.76841036127416,b'2027-10-26/2027-11-01',1824508800
2093,25,27,71.79403717534788,0.004058668662036,b'ACCESS-CM2',7,1.6847467638329776e-05,274.18780821670015,116.41837043491236,b'ssp245',5.987445985678151,277.8835915003222,288.5410419948852,270.5278233649322,b'2027-11-02/2027-11-08',1825113600
2093,25,27,79.04418938869365,0.0051249056879206,b'ACCESS-CM2',7,0.0002045107702886,289.0599687487475,108.44787171205012,b'ssp245',4.324738872926257,280.6107106679241,290.42998817401696,271.11677886794286,b'2027-11-09/2027-11-15',1825718400
2093,25,27,75.69231629857136,0.0052009536021946,b'ACCESS-CM2',7,0.0004021734627439,294.577855455358,85.01402205818736,b'ssp245',6.776161000101983,279.3844416280384,291.5197818819331,269.3118819094494,b'2027-11-16/2027-11-22',1826323200
2093,25,27,76.47674410247201,0.0057130343533501,b'ACCESS-CM2',7,0.0002293852102321,298.6445609004646,81.96310462831228,b'ssp245',6.2033099424961335,281.2214361851669,291.96625548304775,265.316460068845,b'2027-11-23/2027-11-29',1826928000
2093,25,27,74.16298317130193,0.0044425345896268,b'ACCESS-CM2',7,0.0001151853257816,277.38228383655144,84.58054135359453,b'ssp245',6.361135663925991,278.1817699284844,291.2170528685849,269.2425323654934,b'2027-11-30/2027-12-06',1827532800
2093,25,27,72.17377465390369,0.0031712246508739,b'ACCESS-CM2',7,4.979062295760959e-05,262.6883502927086,76.60125864355602,b'ssp245',7.071956811293712,274.8118757938906,281.0296943791005,268.0685113221901,b'2027-12-07/2027-12-13',1828137600
2093,25,27,72.63936940007258,0.0037267231593024,b'ACCESS-CM2',7,0.0005061465006147,264.09516858444874,74.9361927074622,b'ssp245',6.451487881062816,275.11596175557344,288.55813239503306,263.6713613267761,b'2027-12-14/2027-12-20',1828742400
2093,25,27,76.85067994103436,0.0026607198986182,b'ACCESS-CM2',7,0.0005473718329063,250.0103510602968,79.63129968229202,b'ssp245',7.520282857325855,270.3834204573658,284.261018683502,258.8900766446446,b'2027-12-21/2027-12-27',1829347200
2093,25,27,76.26599812978068,0.0025946499165814,b'ACCESS-CM2',7,0.0001705385798503,258.1217979726212,78.66528344700068,b'ssp245',7.189470256193474,271.16659239518333,279.2260044835549,257.34793414542685,b'2027-12-28/2028-01-03',1829952000
2093,25,27,76.9402212237785,0.0017577328652675,b'ACCESS-CM2',7,0.0002940915830226,228.4286738948927,91.64605194127928,b'ssp245',6.769194552779856,267.0798699214125,275.1750474624212,260.5241458787444,b'2028-01-04/2028-01-10',1830556800
2093,25,27,80.70716350648755,0.0013841304053524,b'ACCESS-CM2',7,3.264128683730865e-05,218.48424438741517,99.04493478234583,b'ssp245',6.770281840744411,264.01739892154205,277.07365282596146,255.23878832232228,b'2028-01-11/2028-01-17',1831161600
2093,25,27,85.29307408020453,0.0020971615853165,b'ACCESS-CM2',7,0.0009256378153971,250.85924438861943,81.19760316940584,b'ssp245',10.656278386375712,266.50736488396484,278.5936382651988,255.65324302378275,b'2028-01-18/2028-01-24',1831766400
2093,25,27,79.44449675815164,0.0019244961988504,b'ACCESS-CM2',7,0.0004893426944104,233.41420242923775,107.51125133065794,b'ssp245',7.475837227182305,266.6576527969613,280.61936800624784,255.15137936081013,b'2028-01-25/2028-01-31',1832371200
2093,25,27,78.16347465063515,0.0016569443669045,b'ACCESS-CM2',7,8.780359640816758e-05,216.9554197195485,137.56881743794648,b'ssp245',10.054895720673812,264.9911580676626,278.95290045132293,256.78933721721506,b'2028-02-01/2028-02-07',1832976000
2093,25,27,76.73794498699523,0.003677810100973,b'ACCESS-CM2',7,0.0004732604394815,277.5872055499311,114.49027758886612,b'ssp245',6.01164063654646,275.6937381976217,285.19151280861536,268.94625264373275,b'2028-02-08/2028-02-14',1833580800
2093,25,27,82.79882466618058,0.0043427531805088,b'ACCESS-CM2',7,0.0004769175119112,285.1617054072909,115.4404171628282,b'ssp245',6.420713659036602,276.4928201917785,287.0250110099329,261.83043995219697,b'2028-02-15/2028-02-21',1834185600
2093,25,27,74.69543308628386,0.0023340208848442,b'ACCESS-CM2',7,0.000574605905108,233.10481802828212,159.22051744829884,b'ssp245',6.440970882865135,270.0792871127471,280.07683803495127,260.62861823824886,b'2028-02-22/2028-02-28',1834790400
2093,25,27,76.35450590294747,0.0027202401071034,b'ACCESS-CM2',7,5.4397242531770005e-05,240.90922484604883,173.0214249813378,b'ssp245',7.234808671276872,270.93637308242666,280.32604710700105,253.7176020332463,b'2028-02-29/2028-03-06',1835395200
2093,25,27,79.72179145120502,0.0033052610604264,b'ACCESS-CM2',7,0.0003497519768045,253.6510183742316,166.57291783285405,b'ssp245',6.761615378591332,274.0383329155131,282.2005175511481,264.0736262537498,b'2028-03-07/2028-03-13',1836000000
2093,25,27,70.96634645860969,0.003058747122321,b'ACCESS-CM2',7,0.0003992319026796,241.11763275796812,192.0332658480168,b'ssp245',6.0997437891851,273.6776163584432,287.9793547740958,263.3931898422663,b'2028-03-14/2028-03-20',1836604800
2093,25,27,77.45101524720346,0.0044054285399949,b'ACCESS-CM2',7,0.0006525904873445,267.6550806938238,201.74205093925733,b'ssp245',7.382670856481852,276.78324351322027,292.9668554316568,264.2250522508147,b'2028-03-21/2028-03-27',1837209600
2093,25,27,79.55456701819126,0.0050641595797235,b'ACCESS-CM2',7,0.0001982317294498,272.1739126866317,208.80836072649277,b'ssp245',6.03651493389774,279.9655948099981,292.2541527342401,270.60994640371416,b'2028-03-28/2028-04-03',1837814400
2093,25,27,84.01439296177455,0.0055311916382239,b'ACCESS-CM2',7,0.0001157352710888,278.9473637184197,217.6035730279141,b'ssp245',4.512306860722043,281.5284048970139,288.62639880101324,271.8686558170213,b'2028-04-04/2028-04-10',1838419200
2093,25,27,90.90130663407346,0.0068064111357682,b'ACCESS-CM2',7,0.0002296176735821,310.41106356866925,196.49840297924783,b'ssp245',4.207094574332143,284.66939354996657,289.7348717789624,278.492966440106,b'2028-04-11/2028-04-17',1839024000
2093,25,27,80.29278213513021,0.0060978629674847,b'ACCESS-CM2',7,0.0001196121054602,287.5154180826309,234.26419555254597,b'ssp245',3.8468515153747895,283.60003020686247,290.2831266793098,274.911605025655,b'2028-04-18/2028-04-24',1839628800
2093,25,27,79.96224221739133,0.0068886569004664,b'ACCESS-CM2',7,3.8155720401636745e-05,281.20323993950825,274.9745424314287,b'ssp245',3.9940664642705817,284.53939817890745,298.8404156258093,274.01146430758484,b'2028-04-25/2028-05-01',1840233600
2093,25,27,86.04624521365388,0.0083578057752167,b'ACCESS-CM2',7,0.0004194957362571,317.28934532111333,210.97012815227075,b'ssp245',5.030907754627099,287.34476253085,299.6858797695097,279.2245475136773,b'2028-05-02/2028-05-08',1840838400
2093,25,27,95.93962927067854,0.0115565975761185,b'ACCESS-CM2',7,0.0003579381301826,351.53193021682466,226.21179101307183,b'ssp245',3.1380105773670617,291.44237611163953,298.0196701134107,284.8135098957884,b'2028-05-09/2028-05-15',1841443200
2093,25,27,78.73956497421204,0.0086413262949649,b'ACCESS-CM2',7,1.1968719530773225e-05,305.7636873168464,297.54067862133576,b'ssp245',3.87006289950486,289.01494455917106,297.8828922672167,276.6151757340405,b'2028-05-16/2028-05-22',1842048000
2093,25,27,82.19898406271871,0.0097934487043867,b'ACCESS-CM2',7,0.0006353340266972,320.4477044229726,280.0224305861187,b'ssp245',3.5757299030212875,289.9443982516487,299.3102814395125,277.57079734169974,b'2028-05-23/2028-05-29',1842652800
2093,25,27,96.28879825016976,0.0124077157626088,b'ACCESS-CM2',7,0.0006109818111953,360.5242760613855,198.95768962399453,b'ssp245',4.134614476634465,292.9026493906504,296.8335147920893,287.34232572271014,b'2028-05-30/2028-06-05',1843257600
2093,25,27,92.44416702499328,0.0125427846235958,b'ACCESS-CM2',7,0.000729615238258,353.6838092758793,238.5542063338981,b'ssp245',3.3384842703261524,292.9992193593881,300.44502005392684,285.1855195777851,b'2028-06-06/2028-06-12',1843862400
2093,25,27,78.59810037590334,0.0133170027747432,b'ACCESS-CM2',7,8.103960619933893e-05,351.2546712151266,313.7284502615022,b'ssp245',3.9027913892278554,296.0678062625635,304.82651716200684,284.5177120819935,b'2028-06-13/2028-06-19',1844467200
2093,25,27,86.13962846558775,0.0114441702810527,b'ACCESS-CM2',7,8.130675482683507e-06,334.9814476440719,313.4952185614992,b'ssp245',3.2560855439260616,291.6775980093579,301.209174005498,282.878702389206,b'2028-06-20/2028-06-26',1845072000
2093,25,27,85.30248723741394,0.0128143770389417,b'ACCESS-CM2',7,0.000328453410176,349.49601452954664,288.46486344672417,b'ssp245',3.881050097406052,293.79954058640385,302.0825147765776,286.2747972520017,b'2028-06-27/2028-07-03',1845676800
2093,25,27,80.98710341961626,0.0141588478316806,b'ACCESS-CM2',7,6.856483934504644e-06,356.15751022664034,326.38040327570434,b'ssp245',2.350594150606064,295.9328381424733,305.7845606176893,285.1250844375863,b'2028-07-04/2028-07-10',1846281600
2093,25,27,69.5168830314582,0.0120575316820731,b'ACCESS-CM2',7,5.138907939436374e-05,343.89737139117,321.2073329910483,b'ssp245',3.5851525133956392,295.1190567052731,305.83552927259586,281.4728031727491,b'2028-07-11/2028-07-17',1846886400
2093,25,27,79.88820017247852,0.011896458160479,b'ACCESS-CM2',7,0.0002437757724241,343.4854367708539,275.2902951440006,b'ssp245',2.774002701745037,292.76773042867006,300.0351141998122,284.11148656349815,b'2028-07-18/2028-07-24',1847491200
2093,25,27,78.4530076554561,0.0167368943255391,b'ACCESS-CM2',7,0.000120941618229,380.71185219395136,277.8072180334752,b'ssp245',4.4156534049674665,299.8846135284737,310.55269863065433,288.43306421100766,b'2028-07-25/2028-07-31',1848096000
2093,25,27,75.4898433044,0.0131374657465013,b'ACCESS-CM2',7,6.60101110915995e-05,355.3492032961104,271.44741937867656,b'ssp245',3.830641303273196,295.39746540072593,303.584232697039,284.53696749355254,b'2028-08-01/2028-08-07',1848700800
2093,25,27,84.69693201512167,0.0143666798796507,b'ACCESS-CM2',7,0.0003882322192127,366.1514389820897,232.446955032168,b'ssp245',2.6798858655279987,296.1022868480848,303.7078337948625,286.6559355677821,b'2028-08-08/2028-08-14',1849305600
2093,25,27,73.4606835465405,0.0130705634992048,b'ACCESS-CM2',7,0.0001122366321103,355.739082043775,257.3271847225873,b'ssp245',3.284942064975884,295.59309768496104,305.0031725130029,284.5644294696619,b'2028-08-15/2028-08-21',1849910400
2093,25,27,76.79050614282475,0.0131569919424115,b'ACCESS-CM2',7,0.0003136808367494,366.7822199363076,220.39028183260396,b'ssp245',4.541433787458792,295.75793946227793,309.1332059238497,283.73426640125933,b'2028-08-22/2028-08-28',1850515200
2093,25,27,84.31155249001759,0.013046705005683,b'ACCESS-CM2',7,0.0001304224633898,361.1195467809664,208.2719268630223,b'ssp245',3.184819368057206,294.5120771737765,304.1501757036915,284.5655791393301,b'2028-08-29/2028-09-04',1851120000
2093,25,27,78.0894326683472,0.0136427798993508,b'ACCESS-CM2',7,0.0001380792972669,362.60394918897913,218.46171783230488,b'ssp245',3.728365785311599,296.45780707331465,308.43317734523373,280.5309082199856,b'2028-09-05/2028-09-11',1851724800
2093,25,27,78.00750697917984,0.0122216350015255,b'ACCESS-CM2',7,0.0003302886562579,357.35188674746115,183.4639401526929,b'ssp245',4.476557499607812,294.3793412639856,305.45200810722224,280.82065556141555,b'2028-09-12/2028-09-18',1852329600
2093,25,27,76.21619529784337,0.0093312457559634,b'ACCESS-CM2',7,0.0002856432840696,331.4324548373565,183.7087883525508,b'ssp245',5.592677425867756,290.3534374739866,301.15362407199586,279.1906463285836,b'2028-09-19/2028-09-25',1852934400
2093,25,27,79.35378544121723,0.0082610105439261,b'ACCESS-CM2',7,0.000202358847694,317.5202925467548,181.80007633609668,b'ssp245',4.364645316879299,288.2536129777603,298.2110655726649,276.9157157771495,b'2028-09-26/2028-10-02',1853539200
2093,25,27,80.03947574221063,0.0078236552889972,b'ACCESS-CM2',7,0.0001738459004248,318.7682704621446,161.48208677657684,b'ssp245',4.196286534096372,287.0308758670172,295.90998299108685,274.15080773790896,b'2028-10-03/2028-10-09',1854144000
2093,25,27,83.54042153181574,0.0094939636887986,b'ACCESS-CM2',7,7.396236518494823e-05,338.49942983433124,146.44797618658222,b'ssp245',4.7806554958588885,290.32467230094545,297.3546523794943,275.98005546443375,b'2028-10-10/2028-10-16',1854748800
2093,25,27,81.82487749492643,0.0079305268690686,b'ACCESS-CM2',7,0.0003142548269324,315.31829348400817,145.6539597743877,b'ssp245',3.717501007786113,287.11659506155735,296.95042358735645,277.3142373100829,b'2028-10-17/2028-10-23',1855353600
2093,25,27,70.63584673128075,0.0050554501135695,b'ACCESS-CM2',7,1.288714874893328e-05,281.8809797038595,133.966135424559,b'ssp245',6.219177775544827,282.2520000141629,291.24805643492647,273.5870123088689,b'2028-10-24/2028-10-30',1855958400
2093,25,27,82.05780692638707,0.0078459610036429,b'ACCESS-CM2',7,0.0001449918149461,315.35647394531054,127.53669585820344,b'ssp245',4.701725451044898,285.997571631765,296.2569536409326,275.50369031705907,b'2028-10-31/2028-11-06',1856563200
2093,25,27,86.24734971333227,0.0083681898584828,b'ACCESS-CM2',7,0.0004418808495818,333.75646027020804,93.917522497561,b'ssp245',5.415638019385635,285.80970532207294,295.6337607536528,268.9586996341937,b'2028-11-07/2028-11-13',1857168000
2093,25,27,84.61211120376647,0.0065298309365372,b'ACCESS-CM2',7,0.0005612201572146,321.30901259954464,75.80961522536664,b'ssp245',5.543175569348385,282.4362374971867,291.9789645368882,269.0849754881464,b'2028-11-14/2028-11-20',1857772800
2093,25,27,72.30630746433465,0.0036106898187311,b'ACCESS-CM2',7,8.38940606310112e-06,260.8357644096923,100.4513373455478,b'ssp245',6.03795640084719,276.6378643562781,287.7674620739004,269.7226082480414,b'2028-11-21/2028-11-27',1858377600
2093,25,27,82.58421793081861,0.0048736867848445,b'ACCESS-CM2',7,0.0007461253610209,286.1421770151525,82.26305477079109,b'ssp245',4.592680734758219,278.8690753674827,288.3753046193834,270.2025014466344,b'2028-11-28/2028-12-04',1858982400
2093,25,27,82.6407678738107,0.003963330882361,b'ACCESS-CM2',7,0.0003002192658579,283.5272419773695,72.31185924918424,b'ssp245',7.226027894415249,277.2764879282385,283.4058490226282,273.3951470980987,b'2028-12-05/2028-12-11',1859587200
2093,25,27,79.67303224968553,0.0025652893234173,b'ACCESS-CM2',7,0.0002839370571712,253.56390676280128,77.7498522920315,b'ssp245',7.3195490322248515,270.76436032217697,278.45740845400985,258.2922446403715,b'2028-12-12/2028-12-18',1860192000
2093,25,27,79.73452334385173,0.0032578661705876,b'ACCESS-CM2',7,0.0006125261306605,269.63855228439127,72.03021556279184,b'ssp245',7.140071859562972,273.66331853347214,282.1698594572794,263.8965457979487,b'2028-12-19/2028-12-25',1860796800
2093,25,27,72.6945652655381,0.0025381802314422,b'ACCESS-CM2',7,0.0004967377364464,252.91789237295637,81.804715985883,b'ssp245',7.432551798824259,271.3335509796263,281.0152647914149,264.0136877070474,b'2028-12-26/2029-01-01',1861401600
2093,25,27,80.55685857157117,0.0023666397234091,b'ACCESS-CM2',7,0.0002258664241619,248.23470658540916,84.28184460682859,b'ssp245',6.774571206481229,270.00733018256403,278.71783599010485,262.3227865651168,b'2029-01-02/2029-01-08',1862006400
2093,25,27,77.0335980446205,0.0030373262630421,b'ACCESS-CM2',7,0.0004522607781273,266.36654711379344,80.38727952013265,b'ssp245',5.630538772238269,273.0116881914749,283.22905705067336,263.41989484755373,b'2029-01-09/2029-01-15',1862611200
2093,25,27,78.03354455636257,0.0022461536348225,b'ACCESS-CM2',7,0.0002826850434298,246.4056975041776,92.14891171865608,b'ssp245',7.558009737744139,267.64872837563433,282.8936640449651,246.7964889947881,b'2029-01-16/2029-01-22',1863216000
2093,25,27,78.24342278628812,0.0037644767684544,b'ACCESS-CM2',7,9.533574186510576e-05,275.130782914858,98.03241454849304,b'ssp245',6.433295288684336,275.71447925642894,285.5524530906045,253.2883174242894,b'2029-01-23/2029-01-29',1863820800
2093,25,27,66.83516684474208,0.0027286002011921,b'ACCESS-CM2',7,1.6633017914758782e-06,242.69780895591444,130.0421638783829,b'ssp245',6.761432156999374,272.81835953397086,285.00230599925004,253.5444136983123,b'2029-01-30/2029-02-05',1864425600
2093,25,27,73.82036119203634,0.0023255781249935,b'ACCESS-CM2',7,0.0002434575709705,235.67553166221612,135.80861044133283,b'ssp245',5.853688136742824,269.5475726771186,283.5470699752892,255.981789604735,b'2029-02-06/2029-02-12',1865030400
2093,25,27,74.46204201352813,0.0029098168721505,b'ACCESS-CM2',7,0.0002816929311925,252.83973183936743,127.297010043294,b'ssp245',7.632295760472364,271.8121559606731,283.0667314055216,259.6851079614123,b'2029-02-13/2029-02-19',1865635200
2093,25,27,74.7926455894416,0.0021911599857003,b'ACCESS-CM2',7,0.0002852585269613,231.21391124168343,146.64905358745813,b'ssp245',8.317743346930115,269.5035687573801,276.860178151842,258.49902379157135,b'2029-02-20/2029-02-26',1866240000
2093,25,27,74.02201217253939,0.0026015053298041,b'ACCESS-CM2',7,0.0003220567461633,244.6260467721989,148.26444346872765,b'ssp245',8.431477615677098,270.4326554753786,287.48383902028127,256.6044093095137,b'2029-02-27/2029-03-05',1866844800
2093,25,27,76.3228029523577,0.0031553099141216,b'ACCESS-CM2',7,0.000224257168712,259.35111029789783,151.55600907431878,b'ssp245',5.324175880739985,273.680592805039,279.81713287184914,261.3266446445528,b'2029-03-06/2029-03-12',1867449600
2093,25,27,83.81950614044021,0.0036087774570175,b'ACCESS-CM2',7,0.0004150835937017,265.17478212327967,158.59407771832377,b'ssp245',6.5651399098519,274.1669480201101,283.23957583601305,258.9619001862752,b'2029-03-13/2029-03-19',1868054400
2093,25,27,82.74550370635625,0.003844093661678,b'ACCESS-CM2',7,0.0002168790428974,264.1063807426519,186.3984224025904,b'ssp245',6.215931433114652,275.7001582939792,284.00641973506026,261.12586384978744,b'2029-03-20/2029-03-26',1868659200
2093,25,27,77.22633110263165,0.003632752895923,b'ACCESS-CM2',7,0.0004669917769909,253.37845865684696,188.49038895183224,b'ssp245',6.648810429580586,275.2022117994108,285.4359900880255,257.2944423106494,b'2029-03-27/2029-04-02',1869264000
2093,25,27,87.55753870409309,0.0051374077551057,b'ACCESS-CM2',7,0.0006051672233981,287.987699141047,178.10416334313302,b'ssp245',5.640622896007788,278.00159909459865,291.9534242577316,261.29704040190137,b'2029-04-03/2029-04-09',1869868800
2093,25,27,75.2782839292603,0.0041208762208943,b'ACCESS-CM2',7,0.0001695284206896,253.395818316212,238.88785288388465,b'ssp245',5.9088782099635,277.06585561847163,288.5432968561162,262.6151257088171,b'2029-04-10/2029-04-16',1870473600
2093,25,27,77.70851425074554,0.0048563098686364,b'ACCESS-CM2',7,0.0001167991187809,271.39009938469627,230.10973213394516,b'ssp245',5.065505885607442,279.7958361450292,288.8149768976876,269.99837928055405,b'2029-04-17/2029-04-23',1871078400
2093,25,27,87.03538323081001,0.0080289929423807,b'ACCESS-CM2',7,0.0013862731719971,307.8082511052807,218.7013454578764,b'ssp245',4.901808996565623,286.15538172552505,295.2904020362138,273.0322325985735,b'2029-04-24/2029-04-30',1871683200
2093,25,27,84.22878001874699,0.0093358170028684,b'ACCESS-CM2',7,0.0002823428863085,310.1217669600657,276.11956064996514,b'ssp245',5.521899707371923,288.2659968929396,299.41743772728006,272.5585427637258,b'2029-05-01/2029-05-07',1872288000
2093,25,27,78.54408961584366,0.0081363594581408,b'ACCESS-CM2',7,1.9062672649923627e-05,290.7677882241939,308.7277667833673,b'ssp245',3.59132858041524,287.8141592505981,297.863271639492,277.614712895346,b'2029-05-08/2029-05-14',1872892800
2093,25,27,84.57915403069525,0.0103932045891897,b'ACCESS-CM2',7,0.0003610521680444,321.33943418820445,282.202156536581,b'ssp245',4.246878018431901,291.19236645054986,300.0852934104962,280.16652427378284,b'2029-05-15/2029-05-21',1873497600
2093,25,27,79.91589461690155,0.009150058120098,b'ACCESS-CM2',7,0.0001467356235754,314.34240205760256,270.79868862450166,b'ssp245',3.3983662397445613,289.2632795229989,298.95424329220265,280.28618595692336,b'2029-05-22/2029-05-28',1874102400
2093,25,27,80.20943718287732,0.0114988015957276,b'ACCESS-CM2',7,0.0002661155259536,336.1153888874009,306.0472710263945,b'ssp245',5.338289301171487,293.3810364949769,302.49035459065306,282.6150797301234,b'2029-05-29/2029-06-04',1874707200
2093,25,27,76.39858064719233,0.0118161540265299,b'ACCESS-CM2',7,6.075122648384162e-05,336.5847828974193,326.08033175329194,b'ssp245',4.019786414294706,293.8375712020621,305.7520333137301,279.4148281371396,b'2029-06-05/2029-06-11',1875312000
2093,25,27,75.30128652577149,0.011743502973578,b'ACCESS-CM2',7,0.0003882091444434,336.8022483072981,318.0273146282338,b'ssp245',3.888836394667908,294.1107321024882,307.0853913027937,280.3413914127244,b'2029-06-12/2029-06-18',1875916800
2093,25,27,80.34248083426243,0.0146693563178451,b'ACCESS-CM2',7,5.333185814096128e-05,363.6160599947164,320.7453963089291,b'ssp245',3.509334089347671,297.221180685355,309.7704142870824,285.4539005511374,b'2029-06-19/2029-06-25',1876521600
2093,25,27,74.1177471666705,0.0130380812220145,b'ACCESS-CM2',7,5.0653205494776094e-05,357.3624112846537,285.8515203185409,b'ssp245',4.141353912266955,296.03247903704926,307.95988418832013,285.3033687528326,b'2029-06-26/2029-07-02',1877126400
2093,25,27,85.88152627259987,0.0172019216235676,b'ACCESS-CM2',7,0.000540845525561,382.7430060142029,287.5713108378879,b'ssp245',3.806200475662641,299.50202634069234,308.5202201885413,286.16976689291266,b'2029-07-03/2029-07-09',1877731200
2093,25,27,76.72187268288003,0.0161168671347606,b'ACCESS-CM2',7,3.0149830955625552e-05,372.783141745407,320.0630569638657,b'ssp245',3.882580932219761,299.1893338920756,313.01180050676044,288.4434850366076,b'2029-07-10/2029-07-16',1878336000
2093,25,27,83.50839536737624,0.0190611935002345,b'ACCESS-CM2',7,0.0003383021267096,396.2128899361265,260.4450735476042,b'ssp245',5.339046178300642,302.4701052285596,311.8971443134119,293.7883429258569,b'2029-07-17/2029-07-23',1878940800
2093,25,27,73.35807909464968,0.0151092380926236,b'ACCESS-CM2',7,0.0001535106441782,366.6582763960913,304.1846906220904,b'ssp245',2.642027939758436,298.3919825119585,308.52778532755303,286.6742044185407,b'2029-07-24/2029-07-30',1879545600
2093,25,27,82.14529038559478,0.0156566165823521,b'ACCESS-CM2',7,0.000207410653453,369.589947904784,260.96741533286945,b'ssp245',3.3922477159899054,297.709372374573,306.3922533572708,288.5738737496223,b'2029-07-31/2029-08-06',1880150400
2093,25,27,81.43668779103702,0.0168724810255465,b'ACCESS-CM2',7,0.0001842528591674,385.6821580773935,240.58572315315425,b'ssp245',3.635424673613734,299.30969476255734,311.64155018843337,288.81794163825106,b'2029-08-07/2029-08-13',1880755200
2093,25,27,76.41895445934315,0.0147531322890123,b'ACCESS-CM2',7,0.000114581640315,375.0292018586289,236.10641117713163,b'ssp245',3.256713779986893,298.5537237948664,311.80913649079554,291.2230484261697,b'2029-08-14/2029-08-20',1881360000
2093,25,27,78.52020779724843,0.0133096674171253,b'ACCESS-CM2',7,0.0003511201127081,355.4737920651214,243.6708797801077,b'ssp245',3.542796709731327,295.6844612537074,305.17385825478567,284.263070054871,b'2029-08-21/2029-08-27',1881964800
2093,25,27,82.57398022273063,0.0162959966646108,b'ACCESS-CM2',7,0.0001404895498364,378.0826956420032,224.91244829715288,b'ssp245',3.378546780380755,298.84489846293536,307.16482970516984,287.8793143425198,b'2029-08-28/2029-09-03',1882569600
2093,25,27,80.01618472899428,0.0140924370291935,b'ACCESS-CM2',7,0.0001155253338119,365.91019683572944,214.2298324849912,b'ssp245',3.737127905787685,296.9655835375225,305.90754155111574,285.8250636148189,b'2029-09-04/2029-09-10',1883174400
2093,25,27,80.7995987010736,0.0119516264509788,b'ACCESS-CM2',7,0.0001583484904333,361.0053488571058,180.59033530580783,b'ssp245',4.334872697588959,293.62012070171835,303.61662196375386,283.10650584184003,b'2029-09-11/2029-09-17',1883779200
2093,25,27,77.66150737903959,0.0089864637051071,b'ACCESS-CM2',7,0.0002594290803614,322.35949111131583,194.76630238726463,b'ssp245',3.4113699012039773,289.5794355842573,298.6402251522844,277.90407488912507,b'2029-09-18/2029-09-24',1884384000
2093,25,27,77.69885551615221,0.0090400810628737,b'ACCESS-CM2',7,5.974983288447897e-06,327.5569334492311,182.4275330956752,b'ssp245',3.224690157217404,290.1950594979567,301.4248177544188,278.82540898612854,b'2029-09-25/2029-10-01',1884988800
2093,25,27,84.38676067433587,0.0111048836154449,b'ACCESS-CM2',7,4.091933194121095e-05,350.4015614257427,163.97831778582758,b'ssp245',3.5136203368536205,292.0200100845301,302.12209809867056,281.0087884555206,b'2029-10-02/2029-10-08',1885593600
2093,25,27,70.26893263578226,0.0069423832552802,b'ACCESS-CM2',7,4.9562006445408745e-05,303.0531437874593,168.32639808745108,b'ssp245',5.260258718805231,286.872218805688,298.20338326975786,273.56527374436183,b'2029-10-09/2029-10-15',1886198400
2093,25,27,67.57743464276466,0.0059495663180676,b'ACCESS-CM2',7,2.9172696217054868e-05,290.29134257496486,162.7017695775442,b'ssp245',5.241014054579912,284.84358072017443,296.1483915887485,273.3911000120047,b'2029-10-16/2029-10-22',1886803200
2093,25,27,76.90634620594244,0.0066619378000595,b'ACCESS-CM2',7,0.0003958602039976,308.1289338121663,132.72619322767008,b'ssp245',5.604344378443526,284.66109386465166,294.39622285115786,273.564230700751,b'2029-10-23/2029-10-29',1887408000
2093,25,27,77.04212742288374,0.0070671650127896,b'ACCESS-CM2',7,0.0004443752832785,306.8214652455126,122.32889706100548,b'ssp245',6.0947776667791365,285.23139004364856,295.8832976114684,275.7962917096048,b'2029-10-30/2029-11-05',1888012800
2093,25,27,84.21692621160325,0.0068430813553874,b'ACCESS-CM2',7,8.931749788762634e-05,306.62225039993206,112.60829444108464,b'ssp245',3.705304597152343,284.21204163175736,292.2157630035232,274.823306679067,b'2029-11-06/2029-11-12',1888617600
2093,25,27,75.7451244068221,0.0037236494267794,b'ACCESS-CM2',7,0.0002613373289821,267.64122447169666,98.3162116868908,b'ssp245',5.465829412506243,274.4532343743256,291.65835513963225,264.924479801747,b'2029-11-13/2029-11-19',1889222400
2093,25,27,79.71132709590488,0.0040267783342459,b'ACCESS-CM2',7,5.344971097094726e-05,280.35244731346074,85.3826095671379,b'ssp245',7.011450420332971,277.3544188971395,284.3198014401599,267.1477210281962,b'2029-11-20/2029-11-26',1889827200
2093,25,27,77.1556011997816,0.0031336639835054,b'ACCESS-CM2',7,0.0001714497177461,266.869568462417,79.94843633541839,b'ssp245',6.328512895304853,273.7329351315276,281.2908053234796,267.06273348476344,b'2029-11-27/2029-12-03',1890432000
2093,25,27,78.16858856875594,0.0035417262536062,b'ACCESS-CM2',7,0.0001507759074168,269.28643544233967,82.84617043685613,b'ssp245',4.744161654591279,275.0171410154901,283.0791870117188,269.5069334757262,b'2029-12-04/2029-12-10',1891036800
2093,25,27,82.22853849511873,0.0037971814369948,b'ACCESS-CM2',7,0.0006011783997114,280.56068733654905,68.57415577949459,b'ssp245',5.983025163350937,275.3806274245457,284.1355972037131,267.658616494869,b'2029-12-11/2029-12-17',1891641600
2093,25,27,76.14468077469174,0.0032035964567047,b'ACCESS-CM2',7,0.0004341887832941,271.28980670257545,71.42519315585623,b'ssp245',7.000758759488058,274.83324976366345,280.4131623494691,270.51800376934244,b'2029-12-18/2029-12-24',1892246400
2093,25,27,74.85717345661503,0.002457318420635,b'ACCESS-CM2',7,9.370081782379886e-05,251.09474066995503,79.39195352929167,b'ssp245',5.885019391619887,270.9267654382816,279.6134948730469,264.75309984407374,b'2029-12-25/2029-12-31',1892851200
2132,25,21,67.70085693808163,0.0026008979226823,b'ACCESS-CM2',6,1.5492127897835782e-05,258.4161422884629,81.74404619946893,b'ssp245',9.27865229799164,273.56699779679485,279.1667093513838,268.0610840907544,b'2024-12-31/2025-01-06',1735603200
2132,25,21,73.30842204231953,0.0026753022417137,b'ACCESS-CM2',7,0.0003188284238422,251.0217322626479,92.45929666727532,b'ssp245',7.602346607431459,271.03996207044014,285.18678459882216,254.5952804332725,b'2025-01-07/2025-01-13',1736208000
2132,25,21,77.57559344911739,0.0039518245929486,b'ACCESS-CM2',7,0.0006424063937928,285.81403332071216,83.16670472221956,b'ssp245',7.237933018257268,276.7141356339085,287.3310707773778,267.95228227602894,b'2025-01-14/2025-01-20',1736812800
2132,25,21,70.12963112084026,0.0040243922880888,b'ACCESS-CM2',7,0.0005075826189253,283.30334854957067,95.3235603805053,b'ssp245',6.866885608725929,277.43684829346233,287.26716696878407,265.1390027812883,b'2025-01-21/2025-01-27',1737417600
2132,25,21,71.99825737196599,0.0032674508545604,b'ACCESS-CM2',7,0.0004748001500216,261.906956088235,111.28926949333336,b'ssp245',8.522190421977372,273.62093875907567,288.3384387446385,261.2135753091384,b'2025-01-28/2025-02-03',1738022400
2132,25,21,68.84082358580233,0.0023586576825315,b'ACCESS-CM2',7,8.486288053395367e-05,240.7877740417728,127.43166785384128,b'ssp245',9.019815753636388,271.9283981062043,281.8717090880949,265.4763816550926,b'2025-02-04/2025-02-10',1738627200
2132,25,21,70.8647370799991,0.0029112251022255,b'ACCESS-CM2',7,0.0004508610680774,245.03294755809227,135.79229461119027,b'ssp245',8.054349573609098,274.0048965278385,282.0174255371094,266.4196749419169,b'2025-02-11/2025-02-17',1739232000
2132,25,21,72.80227316943352,0.0031213300046677,b'ACCESS-CM2',7,5.723116998558032e-05,264.4331137368956,136.5242138223562,b'ssp245',8.49712949373475,275.3647708269506,280.5961011832576,265.83735081624883,b'2025-02-18/2025-02-24',1739836800
2132,25,21,73.83321236480704,0.0032850326755722,b'ACCESS-CM2',7,0.0004166487301847,263.56142174073403,140.16859005531197,b'ssp245',6.723295296681769,274.7186564526527,284.4192796761174,262.0563476163577,b'2025-02-25/2025-03-03',1740441600
2132,25,21,77.67690872634047,0.003721154220921,b'ACCESS-CM2',7,0.000365869820137,268.0487382961811,159.49957668851775,b'ssp245',7.950171378183469,276.103674529165,285.6556767482384,266.40253908909483,b'2025-03-04/2025-03-10',1741046400
2132,25,21,76.74511811594483,0.0038162491096915,b'ACCESS-CM2',7,0.0005469372033804,271.7876269010751,153.64277864771398,b'ssp245',7.943206478345071,276.5465851352477,286.96532385333694,263.7220601266766,b'2025-03-11/2025-03-17',1741651200
2132,25,21,80.48446104855246,0.0041549495267578,b'ACCESS-CM2',7,0.0001810599585169,286.942112941368,148.90281321540118,b'ssp245',6.9486631879619525,278.20767773255136,281.84803283292484,272.89039927630125,b'2025-03-18/2025-03-24',1742256000
2132,25,21,77.92593098844357,0.0047286096682764,b'ACCESS-CM2',7,0.0003380317220337,281.46457309052096,183.83178664633985,b'ssp245',5.840841418369292,280.4471054100894,289.5392269225942,273.4307182494851,b'2025-03-25/2025-03-31',1742860800
2132,25,21,77.6306835237486,0.0048956194591214,b'ACCESS-CM2',7,0.0002789914460834,273.24792268659854,209.6474383152648,b'ssp245',8.36714272746927,280.6128123449901,288.62797203978164,272.43301358358013,b'2025-04-01/2025-04-07',1743465600
2132,25,21,81.95883971094678,0.0056402164591383,b'ACCESS-CM2',7,7.851521887250546e-05,288.558876633607,208.0852300107869,b'ssp245',5.675687943148977,282.533829974861,288.4507040052892,274.3728746069283,b'2025-04-08/2025-04-14',1744070400
2132,25,21,87.52698081592663,0.0075777513999694,b'ACCESS-CM2',7,0.0002847713057967,309.82414244180745,210.84627789171768,b'ssp245',5.420189168124492,286.1097790705909,294.32047672313286,276.67129942119,b'2025-04-15/2025-04-21',1744675200
2132,25,21,86.60199207789127,0.0073627839246089,b'ACCESS-CM2',7,0.0002078636737622,309.9169364048245,214.24122278170165,b'ssp245',4.770956641597018,285.1570401896653,295.011524607673,276.142764089414,b'2025-04-22/2025-04-28',1745280000
2132,25,21,93.66293898914005,0.0097273345141002,b'ACCESS-CM2',7,0.0002606313765683,345.11028707001464,189.66837210348007,b'ssp245',4.95029744833309,288.8187704077399,294.5008479099648,280.4487706269574,b'2025-04-29/2025-05-05',1745884800
2132,25,21,68.7779228015737,0.0053888391870761,b'ACCESS-CM2',7,1.986763956400134e-05,289.2384985013428,258.5579377692917,b'ssp245',6.313822547631808,283.41787279012084,292.6974500602107,275.71538502146734,b'2025-05-06/2025-05-12',1746489600
2132,25,21,81.69753495236257,0.008650361175205,b'ACCESS-CM2',7,4.828421680196622e-05,311.2245313191466,287.2454002848156,b'ssp245',3.253473934969945,288.4258855872536,298.7005816690283,279.61545291809216,b'2025-05-13/2025-05-19',1747094400
2132,25,21,86.30689061411512,0.010262639978028,b'ACCESS-CM2',7,0.000284889823627,325.8132567371567,273.5507941389989,b'ssp245',3.898247748121754,290.3333073653724,296.8028583069513,281.1568202598422,b'2025-05-20/2025-05-26',1747699200
2132,25,21,80.53343788144598,0.0105483057910742,b'ACCESS-CM2',7,0.0002085398358529,318.4549530057792,329.086649035428,b'ssp245',4.086683628680066,291.48921060666027,301.1193737287667,280.8908620265055,b'2025-05-27/2025-06-02',1748304000
2132,25,21,85.06416944117328,0.0112421571715061,b'ACCESS-CM2',7,0.0006343705832807,344.9038808082369,266.57358435385333,b'ssp245',4.782076978698313,291.5103705056241,300.3114819495506,281.9280355615554,b'2025-06-03/2025-06-09',1748908800
2132,25,21,81.69033341418164,0.0131320759145048,b'ACCESS-CM2',7,0.0001309929900953,349.1979281309421,324.7419885848491,b'ssp245',3.7643257183632377,294.9859529762969,304.9412365749251,284.91152016633475,b'2025-06-10/2025-06-16',1749513600
2132,25,21,83.90411586862392,0.0137221129440696,b'ACCESS-CM2',7,0.0002617852484803,350.83623443138106,304.2678519378672,b'ssp245',4.055883837755395,295.1270907912861,302.00251002093546,287.3539493203423,b'2025-06-17/2025-06-23',1750118400
2132,25,21,85.54363846979221,0.0156477229902158,b'ACCESS-CM2',7,0.0001292085797793,368.1990221571485,308.4013719840692,b'ssp245',3.875399223414308,296.9354938942808,307.6687036983847,288.84305481090007,b'2025-06-24/2025-06-30',1750723200
2132,25,21,79.01610387807467,0.014952109480225,b'ACCESS-CM2',7,4.172463679296731e-05,362.2707963570086,302.6160952119563,b'ssp245',3.8685875963726937,297.4334038438509,307.1518825954861,289.1718632317836,b'2025-07-01/2025-07-07',1751328000
2132,25,21,73.21909184697778,0.0129974070200774,b'ACCESS-CM2',7,0.0002185654227665,347.56875780368574,313.63023108616824,b'ssp245',4.756298885959871,295.85786294091207,304.68901490853506,286.1038493902335,b'2025-07-08/2025-07-14',1751932800
2132,25,21,87.4840134692793,0.0175110297784825,b'ACCESS-CM2',7,0.0003362139466874,383.5860857852255,273.2471528182399,b'ssp245',4.804788746864967,298.8227701386002,307.46507957973773,289.557737529148,b'2025-07-15/2025-07-21',1752537600
2132,25,21,77.13248922785532,0.0145249803484742,b'ACCESS-CM2',7,0.000224363537516,360.091963529661,309.2187503324355,b'ssp245',3.2103336602032018,296.9199730320731,303.87149393584474,288.6097802388642,b'2025-07-22/2025-07-28',1753142400
2132,25,21,81.46098396498357,0.0154453954652735,b'ACCESS-CM2',7,0.0005141096659611,364.41015977381625,281.37281714782813,b'ssp245',3.556121319838487,297.1710808116107,306.32609215696914,286.8917400551258,b'2025-07-29/2025-08-04',1753747200
2132,25,21,81.190375901812,0.0155920607579591,b'ACCESS-CM2',7,0.0003461733979053,372.9864025620556,239.90235489608716,b'ssp245',4.301510981299445,297.6417234903401,306.9078073273038,289.0717330633425,b'2025-08-05/2025-08-11',1754352000
2132,25,21,80.21764207561553,0.0124979986418751,b'ACCESS-CM2',7,4.481711760684445e-05,353.2784196252286,254.50196385316823,b'ssp245',4.3063521562170255,294.7740986382075,300.9606093196828,287.14975274777885,b'2025-08-12/2025-08-18',1754956800
2132,25,21,83.77253094603998,0.0133217551121983,b'ACCESS-CM2',7,0.0001913877752257,358.1874299131002,224.18165389867428,b'ssp245',4.0510364749370025,295.0550867550254,301.812811758004,285.641619115094,b'2025-08-19/2025-08-25',1755561600
2132,25,21,80.76668053255102,0.0121098341161736,b'ACCESS-CM2',7,0.0001655728684352,352.1225251697359,228.5517280690217,b'ssp245',3.1303133392423037,294.2741200090605,299.76477389865454,286.2457742794926,b'2025-08-26/2025-09-01',1756166400
2132,25,21,74.10609892065415,0.0114848111195844,b'ACCESS-CM2',7,0.000104845144439,350.52196444984247,221.77325369166763,b'ssp245',5.798008620238103,293.7387617427613,303.7301622444768,282.3521083590772,b'2025-09-02/2025-09-08',1756771200
2132,25,21,85.58389183920637,0.011631004728691,b'ACCESS-CM2',7,0.0011058281216259,365.7167206902835,155.96899833881034,b'ssp245',4.551784299149381,292.08275216960703,300.5021609636693,281.90716599275345,b'2025-09-09/2025-09-15',1757376000
2132,25,21,77.68720088166832,0.0107264359778159,b'ACCESS-CM2',7,0.0004572279304581,350.7173096045059,194.48002081217143,b'ssp245',4.351757095641449,292.7354158080333,301.333228948589,284.355475531684,b'2025-09-16/2025-09-22',1757980800
2132,25,21,85.09113297282889,0.010279399390372,b'ACCESS-CM2',7,0.0005172162674145,352.0279356276473,156.18974433611606,b'ssp245',3.707136436893381,291.0607103857711,297.3075956456802,281.7092042478341,b'2025-09-23/2025-09-29',1758585600
2132,25,21,83.04072556791,0.0101940026224166,b'ACCESS-CM2',7,0.0001791039945903,342.8819889338114,174.20838584151923,b'ssp245',4.113080007578033,290.9894043785592,297.9794470427603,282.912390017042,b'2025-09-30/2025-10-06',1759190400
2132,25,21,81.4266108190238,0.0083570293177798,b'ACCESS-CM2',7,0.0002519710352786,340.2994813417446,127.98367521141758,b'ssp245',4.731830893333107,289.08981952969987,295.279892001017,279.2246513283591,b'2025-10-07/2025-10-13',1759795200
2132,25,21,75.31600954760431,0.0065133595762908,b'ACCESS-CM2',7,0.0004376846645033,312.0218321405168,136.9549650803111,b'ssp245',5.321465865422215,285.0772716760858,294.14194769433385,275.0955553241805,b'2025-10-14/2025-10-20',1760400000
2132,25,21,79.16575916645277,0.0062174048019532,b'ACCESS-CM2',7,0.00049173387014,306.0864477267415,126.81917431923672,b'ssp245',6.691630038523504,284.06421720977886,292.99833257006145,273.0179021831172,b'2025-10-21/2025-10-27',1761004800
2132,25,21,84.48364300079298,0.0078471207846601,b'ACCESS-CM2',7,9.62552073173958e-05,317.40576262107487,126.38306233477007,b'ssp245',5.289071307685418,286.9276557112645,294.90319837516165,276.89003865028,b'2025-10-28/2025-11-03',1761609600
2132,25,21,82.80279996689703,0.0064684835157086,b'ACCESS-CM2',7,0.0003935230984851,316.1635552889233,101.8044995433476,b'ssp245',6.087304243149506,283.8982507187445,292.884605324606,274.55059920832485,b'2025-11-04/2025-11-10',1762214400
2132,25,21,81.82245682764751,0.0064225670202715,b'ACCESS-CM2',7,0.0004544160640202,309.6298954925395,102.4164841287128,b'ssp245',6.807616428760513,283.5837060220138,291.9905549757881,272.9778151834193,b'2025-11-11/2025-11-17',1762819200
2132,25,21,69.23090768713763,0.003566372730119,b'ACCESS-CM2',7,2.253233069998561e-05,276.4696319703554,91.408809511082,b'ssp245',7.523235336331018,277.2238952465752,287.3682719710605,271.8851654119222,b'2025-11-18/2025-11-24',1763424000
2132,25,21,72.33847022865407,0.0040540751115436,b'ACCESS-CM2',7,0.0001868026676402,281.1177792066805,89.21855888164863,b'ssp245',6.511410575620935,278.4477598710925,288.80483117861945,273.087028353822,b'2025-11-25/2025-12-01',1764028800
2132,25,21,76.40603598277961,0.0028913562151495,b'ACCESS-CM2',7,0.0002067879159404,263.8536236855311,75.00540952210555,b'ssp245',9.038536968759535,272.34876875961976,283.8106445445474,262.4610211407697,b'2025-12-02/2025-12-08',1764633600
2132,25,21,78.95051771793787,0.0023519994982396,b'ACCESS-CM2',7,0.0001006757882462,250.4139174156533,81.49059908760326,b'ssp245',6.468228227432517,270.0069287439911,276.8881167077291,262.4720685040509,b'2025-12-09/2025-12-15',1765238400
2132,25,21,77.69856522219077,0.0038873805225195,b'ACCESS-CM2',7,0.000576432084244,276.99326662834727,75.18333944872165,b'ssp245',7.811507023794421,275.4272528374414,287.5605244023608,265.0548279207516,b'2025-12-16/2025-12-22',1765843200
2132,25,21,74.3216309130396,0.0029416711868136,b'ACCESS-CM2',7,0.0005393972872996,253.90548427283784,84.48282409582485,b'ssp245',7.672783624706631,273.0578976775715,284.5921852261412,265.3103932233158,b'2025-12-23/2025-12-29',1766448000
2132,25,21,72.07927541676393,0.0034762860566824,b'ACCESS-CM2',7,0.0002118345661782,279.70462454526626,77.18393095356632,b'ssp245',6.049818777496333,277.067937742317,282.16486559766054,272.34997498755365,b'2025-12-30/2026-01-05',1767052800
2132,25,21,71.81647795158645,0.0026107948091387,b'ACCESS-CM2',7,0.0003654377319353,266.8824119912179,75.42608422220884,b'ssp245',9.215097451558782,272.65104538994416,284.6887103976248,260.4104618247038,b'2026-01-06/2026-01-12',1767657600
2132,25,21,69.73517831967993,0.0032908752404959,b'ACCESS-CM2',7,0.0002999931853103,268.99456499790125,91.91740968254842,b'ssp245',6.263546789319501,275.69920413233655,282.9663256809343,267.33051487874883,b'2026-01-13/2026-01-19',1768262400
2132,25,21,68.43052110811502,0.0025345522657742,b'ACCESS-CM2',7,5.10894763128233e-05,247.049650199978,105.89604345156032,b'ssp245',7.137115065048982,272.47717006860256,278.78665806057666,261.6113462094907,b'2026-01-20/2026-01-26',1768867200
2132,25,21,74.30857427877835,0.0026748237807918,b'ACCESS-CM2',7,0.0003734803472922,256.54936847039704,109.01131629172122,b'ssp245',8.496765419437327,272.51366364959614,277.967893114277,265.0083930653425,b'2026-01-27/2026-02-02',1769472000
2132,25,21,76.6047660573561,0.0029168494080952,b'ACCESS-CM2',7,0.000212535125484,270.6696017776143,107.66601543266232,b'ssp245',5.778967419109945,273.3314868441409,280.7524856201704,266.2778231219788,b'2026-02-03/2026-02-09',1770076800
2132,25,21,78.67825102487014,0.0033092123640795,b'ACCESS-CM2',7,0.0002526268770838,273.76897832904325,117.75010084905544,b'ssp245',6.668070025582051,274.1671343749088,283.7106132424216,263.76794938895694,b'2026-02-10/2026-02-16',1770681600
2132,25,21,72.82394909257648,0.002952384142961,b'ACCESS-CM2',7,0.0004092381350609,255.7000004578112,135.33732017163285,b'ssp245',7.873423586001546,272.8024933307742,287.8060026812917,258.0695389226112,b'2026-02-17/2026-02-23',1771286400
2132,25,21,69.71059753247002,0.0018405958119091,b'ACCESS-CM2',7,0.0001586716283113,229.20478315973745,162.6358065731311,b'ssp245',6.297799051345934,269.22743282561504,279.11440275437434,259.52135352839053,b'2026-02-24/2026-03-02',1771891200
2132,25,21,78.76294680113664,0.0044718962175051,b'ACCESS-CM2',7,0.0008555954657985,284.99809272260336,147.64758583113962,b'ssp245',7.396056597009464,277.95185728099835,288.6001566303062,266.3580239156752,b'2026-03-03/2026-03-09',1772496000
2132,25,21,73.07658861731947,0.0030157327357913,b'ACCESS-CM2',7,0.0001190057012458,246.7118149349855,182.69267950167804,b'ssp245',8.220302786665323,272.81010264620176,285.6857454054756,254.22764663862503,b'2026-03-10/2026-03-16',1773100800
2132,25,21,76.64675792785512,0.0036433245554807,b'ACCESS-CM2',7,0.0005359016751509,263.2984448981144,175.11847276922109,b'ssp245',6.015134499743094,276.1063797657192,283.6979691914744,268.8459258567794,b'2026-03-17/2026-03-23',1773705600
2132,25,21,80.50119755849117,0.0046903747308551,b'ACCESS-CM2',7,0.0001620012246699,262.9231978985442,210.1244116034272,b'ssp245',5.514256123772226,278.5550899749006,289.19792477809267,266.9854558142701,b'2026-03-24/2026-03-30',1774310400
2132,25,21,80.27677561774492,0.0052708412634792,b'ACCESS-CM2',7,5.962118957122365e-05,277.8636190946919,217.58159012234995,b'ssp245',4.880519584224784,281.4649182155501,290.74012314208454,269.3101581914233,b'2026-03-31/2026-04-06',1774915200
2132,25,21,81.3834691633883,0.0059867445526599,b'ACCESS-CM2',7,0.000931002770814,290.2300202232857,187.8799159966857,b'ssp245',6.900154005356974,282.25964623316776,292.07064633172064,269.1468893479158,b'2026-04-07/2026-04-13',1775520000
2132,25,21,78.51354386359037,0.0061086244596219,b'ACCESS-CM2',7,4.122321430285862e-05,286.73482021660664,238.44389296720752,b'ssp245',5.5057166669734565,284.1007272985692,293.51002452576085,273.7965277378855,b'2026-04-14/2026-04-20',1776124800
2132,25,21,73.95248421159371,0.0051145136369107,b'ACCESS-CM2',7,4.960203615026188e-06,265.3897587158507,264.74421660075706,b'ssp245',4.541744290353946,281.88202723038,290.89393319855066,274.2810370418241,b'2026-04-21/2026-04-27',1776729600
2132,25,21,84.20477142951366,0.0070590641115636,b'ACCESS-CM2',7,0.0003960257763848,302.4118474728216,232.76069937930689,b'ssp245',4.697217773062917,285.3652416030974,290.8241368378949,277.66171171566504,b'2026-04-28/2026-05-04',1777334400
2132,25,21,76.5222547040192,0.0064546346372828,b'ACCESS-CM2',7,0.0003626623312579,298.7011666985045,262.04465764102406,b'ssp245',6.423552250810178,284.57140404718746,293.9116625816993,275.3736881430632,b'2026-05-05/2026-05-11',1777939200
2132,25,21,85.10950609831063,0.0097392890167558,b'ACCESS-CM2',7,8.473823915449742e-05,313.1270222335896,299.3998221270659,b'ssp245',4.434103932515728,289.4687914024659,296.71198334205644,281.5866540314585,b'2026-05-12/2026-05-18',1778544000
2132,25,21,81.23480760780332,0.0091224174221604,b'ACCESS-CM2',7,0.0002129417488231,311.2348649719219,291.2199501918552,b'ssp245',4.2845035169193615,289.2046118509796,297.2310817610464,280.2480268623834,b'2026-05-19/2026-05-25',1779148800
2132,25,21,88.21164907579514,0.0099941239898941,b'ACCESS-CM2',7,0.0005599781643785,332.5022413560693,250.5481573342906,b'ssp245',4.6855986110154175,289.17297187565345,297.45963608153767,281.12177610709,b'2026-05-26/2026-06-01',1779753600
2132,25,21,89.15835573188694,0.0119009144016368,b'ACCESS-CM2',7,0.000356385316213,340.3704907405128,279.87981890890035,b'ssp245',4.106298545792286,291.49546352829327,299.59397027175675,283.169702068653,b'2026-06-02/2026-06-08',1780358400
2132,25,21,83.79983068870452,0.0131630646073572,b'ACCESS-CM2',7,0.0002964910948727,350.4098155796064,301.5399683249765,b'ssp245',4.772650828659813,294.6906725743683,302.6862221179705,286.4892927182267,b'2026-06-09/2026-06-15',1780963200
2132,25,21,78.71803374873711,0.012780530980553,b'ACCESS-CM2',7,0.0001866864404948,345.44609130137513,315.49365755823817,b'ssp245',4.559408219106243,294.7758527483259,303.0705150197015,285.92314005001964,b'2026-06-16/2026-06-22',1781568000
2132,25,21,83.95702227899082,0.0127606901302214,b'ACCESS-CM2',7,0.0003427702600942,350.5865914955935,287.5071749504652,b'ssp245',3.670634551097254,294.15443233771373,301.3211211825768,285.5916538612515,b'2026-06-23/2026-06-29',1782172800
2132,25,21,83.90569922325213,0.0163391449288984,b'ACCESS-CM2',7,0.000196718900791,372.4482519421072,308.7741985160764,b'ssp245',4.61380402536508,298.07111814316653,305.9613619536356,286.2097961824704,b'2026-06-30/2026-07-06',1782777600
2132,25,21,73.14742162344132,0.0125238707325621,b'ACCESS-CM2',7,4.834784316950955e-05,347.8591763555466,314.24510276929783,b'ssp245',4.711386753397496,295.3716337392162,305.2965964855452,285.40795752165883,b'2026-07-07/2026-07-13',1783382400
2132,25,21,92.28581736208751,0.0167829024959372,b'ACCESS-CM2',7,0.0005588735353405,379.4641871044208,254.9456530611648,b'ssp245',5.17084616179634,297.5600878860659,303.5145531614881,285.6901793635748,b'2026-07-14/2026-07-20',1783987200
2132,25,21,84.43576927196932,0.0162004019298097,b'ACCESS-CM2',7,0.0003600634942156,375.4072937334657,266.8138074687883,b'ssp245',5.2277253341941945,297.9425034295945,304.72662838871446,286.9189264966512,b'2026-07-21/2026-07-27',1784592000
2132,25,21,83.67091720110896,0.0155936869802205,b'ACCESS-CM2',7,0.0001692983042616,368.4153748033502,270.8711700961852,b'ssp245',4.142672201980878,297.4296824279842,303.5034351224214,288.1096817714716,b'2026-07-28/2026-08-03',1785196800
2132,25,21,81.65747271198519,0.0154445555050666,b'ACCESS-CM2',7,0.0002696556371706,368.485600547185,260.2772855168001,b'ssp245',3.623204190301405,297.14290792950214,305.5988601318891,288.4251423754723,b'2026-08-04/2026-08-10',1785801600
2132,25,21,75.77562668506802,0.0135416798110977,b'ACCESS-CM2',7,1.0989793979350895e-06,356.48771793331053,266.53070005196633,b'ssp245',3.706006847843737,296.070322064644,305.5906286301956,287.97321394378065,b'2026-08-11/2026-08-17',1786406400
2132,25,21,79.41044699808093,0.0151263240117833,b'ACCESS-CM2',7,0.0001860845062744,370.4160078460095,238.3331189029431,b'ssp245',4.530980197210161,297.5270619016921,306.0287243545964,289.70569658798854,b'2026-08-18/2026-08-24',1787011200
2132,25,21,87.23138706742735,0.0154299586964959,b'ACCESS-CM2',7,0.0001394398365851,375.7273169196064,223.02764121327783,b'ssp245',3.518984098320173,296.82491417655393,303.75329869089563,287.7751470827589,b'2026-08-25/2026-08-31',1787616000
2132,25,21,79.08754389715685,0.0136897608436645,b'ACCESS-CM2',7,0.0002226927243314,365.2085455031623,224.12598858241756,b'ssp245',4.3971776776769405,296.3793795051658,304.2522559737329,284.89496807023585,b'2026-09-01/2026-09-07',1788220800
2132,25,21,73.74133873757566,0.0106538849503933,b'ACCESS-CM2',7,7.656755526502668e-05,341.83456920501493,216.8462573851969,b'ssp245',3.759975762965336,293.5142969487057,300.8915465111826,284.8342219334023,b'2026-09-08/2026-09-14',1788825600
2132,25,21,77.62071185523091,0.0106594264858024,b'ACCESS-CM2',7,0.0002818530296827,342.4391502952635,193.44210823740576,b'ssp245',5.1517328424243,292.8180223518987,301.2968186189407,283.79550762633613,b'2026-09-15/2026-09-21',1789430400
2132,25,21,80.64209678927725,0.0101258275745487,b'ACCESS-CM2',7,0.000601103096351,343.0995791518648,177.59383274794294,b'ssp245',5.713666109292262,291.5084679678078,298.05677891816447,283.7406759158199,b'2026-09-22/2026-09-28',1790035200
2132,25,21,73.6388021540946,0.0070844662256615,b'ACCESS-CM2',7,0.0001257250217177,307.2558561836193,168.98772605660915,b'ssp245',6.069805950455083,286.9812678774309,296.13696355549604,279.11387517924925,b'2026-09-29/2026-10-05',1790640000
2132,25,21,75.02895670088512,0.007590077174094,b'ACCESS-CM2',7,0.0002112428408284,320.3784208371934,158.33201697901927,b'ssp245',6.616320300911062,286.9861691638461,297.30819369712947,276.29485040136933,b'2026-10-06/2026-10-12',1791244800
2132,25,21,77.25762507049532,0.0073115612279334,b'ACCESS-CM2',7,0.0002890808636327,310.5098271160678,146.60623926898234,b'ssp245',5.606124869025166,286.8873566082249,296.0704779199006,279.8811595642489,b'2026-10-13/2026-10-19',1791849600
2132,25,21,72.0628645345128,0.0050978765742075,b'ACCESS-CM2',7,2.0044023379327327e-05,303.08146835122943,125.30701929751936,b'ssp245',5.762979275854511,282.65703972425564,288.0632669951661,275.8364303023727,b'2026-10-20/2026-10-26',1792454400
2132,25,21,72.76317280859284,0.0050187245923086,b'ACCESS-CM2',7,0.0001907495043013,291.6461532597522,117.46802975713668,b'ssp245',6.341200296284439,281.5693741770797,289.8363510497515,273.98259673606856,b'2026-10-27/2026-11-02',1793059200
2132,25,21,78.88227105519128,0.0052321584549738,b'ACCESS-CM2',7,0.0006030480904854,293.0717206350042,114.0285869898768,b'ssp245',6.887373294779863,280.8068614951406,291.803287547658,271.74972062121293,b'2026-11-03/2026-11-09',1793664000
2132,25,21,79.12708958502022,0.005651413958428,b'ACCESS-CM2',7,0.0003810592885473,303.3964137657016,101.61523507311452,b'ssp245',5.528246781776303,282.082384894876,292.0003114920556,272.93215490270546,b'2026-11-10/2026-11-16',1794268800
2132,25,21,81.34645877461772,0.0047962030408474,b'ACCESS-CM2',7,0.0005288549537803,292.30020820719784,89.91130332222544,b'ssp245',8.43605123996883,278.90770855597015,289.1479528090533,269.4481827480341,b'2026-11-17/2026-11-23',1794873600
2132,25,21,78.1023245300046,0.0044106030086686,b'ACCESS-CM2',7,0.0005060319560836,289.23773341055715,87.82646004670586,b'ssp245',6.15741858978046,278.3821988430789,289.72243551283367,269.70099149550225,b'2026-11-24/2026-11-30',1795478400
2132,25,21,78.32053345087492,0.0047984029626698,b'ACCESS-CM2',7,0.0008864909868953,286.3007052409994,78.25780308732651,b'ssp245',7.0796027812785605,278.8994148983378,289.041162362026,269.2763887293198,b'2026-12-01/2026-12-07',1796083200
2132,25,21,67.17017338263295,0.0029389408499003,b'ACCESS-CM2',7,6.819614001873266e-05,262.902813262892,77.30863706159548,b'ssp245',8.236990249680092,275.12617512147006,287.20741554542826,268.9317450097444,b'2026-12-08/2026-12-14',1796688000
2132,25,21,67.53275685528524,0.0024721904208424,b'ACCESS-CM2',7,9.113614212144548e-06,249.0669994051494,84.23544150292226,b'ssp245',7.247999540638263,272.6828423033168,279.20555949159177,258.252168144276,b'2026-12-15/2026-12-21',1797292800
2132,25,21,73.70838023760665,0.0023273793265827,b'ACCESS-CM2',7,6.847655623684292e-05,242.7525885184532,82.89883854780248,b'ssp245',6.503386843289833,270.6691559246311,284.7200159808389,260.6995545763336,b'2026-12-22/2026-12-28',1797897600
2132,25,21,75.0063228458769,0.0040511549622923,b'ACCESS-CM2',7,0.0002647954472745,282.56932213667807,82.39041161915613,b'ssp245',6.802030006525044,277.9577970009076,285.6798089054415,271.54008493859783,b'2026-12-29/2027-01-04',1798502400
2132,25,21,65.15100884103641,0.0028541497957196,b'ACCESS-CM2',7,2.361164049540943e-06,245.94180187198037,100.01675345939972,b'ssp245',7.735804804307146,275.12029154516625,280.506685809632,270.1383273388565,b'2027-01-05/2027-01-11',1799107200
2132,25,21,73.8678705552045,0.0030814840568769,b'ACCESS-CM2',7,0.0002840774990994,277.4991723780984,79.004789345887,b'ssp245',6.334736696255753,275.0028646441216,280.38732730641084,270.6455733022918,b'2027-01-12/2027-01-18',1799712000
2132,25,21,74.89714974819817,0.0021310790639469,b'ACCESS-CM2',7,0.0003412443704597,252.7172380216464,91.18742039832156,b'ssp245',8.880582719957795,268.67781332368014,280.9219503963695,253.7066381782748,b'2027-01-19/2027-01-25',1800316800
2132,25,21,78.01479043732023,0.0025993560924832,b'ACCESS-CM2',7,0.0002263862881986,253.7910786547692,97.27931781487416,b'ssp245',7.522353455169231,270.3748886436085,283.15769456518507,256.1496691070091,b'2027-01-26/2027-02-01',1800921600
2132,25,21,72.87582074523603,0.0026228066127708,b'ACCESS-CM2',7,0.0003015566764403,245.43758060135949,121.47854498024118,b'ssp245',7.325118046403488,271.8621099942799,283.52628048832383,259.0569217324517,b'2027-02-02/2027-02-08',1801526400
2132,25,21,72.60108901450391,0.0029410044345618,b'ACCESS-CM2',7,0.000223097536957,251.26786366334187,133.16358444945226,b'ssp245',8.479630480553181,273.31308134419135,284.6054331129153,262.41560074550654,b'2027-02-09/2027-02-15',1802131200
2132,25,21,66.77810294124296,0.0023445014336337,b'ACCESS-CM2',7,5.3300748381093256e-05,231.1263802389174,151.8575708963327,b'ssp245',7.568314016848534,272.02013518080844,278.4090184562866,261.58916066155194,b'2027-02-16/2027-02-22',1802736000
2132,25,21,76.48026020253073,0.0029886020042396,b'ACCESS-CM2',7,0.0009211336794997,255.57633018553017,142.95908705957427,b'ssp245',9.245375983187463,273.00279317049086,282.5742182181032,265.1447492611954,b'2027-02-23/2027-03-01',1803340800
2132,25,21,73.8044400813236,0.0030081411494638,b'ACCESS-CM2',7,0.0001769753196399,254.31455082779095,168.69783061336514,b'ssp245',5.806113271597498,273.91886702869084,284.8736331582329,265.01212724673206,b'2027-03-02/2027-03-08',1803945600
2132,25,21,73.25836542333134,0.0034030617570977,b'ACCESS-CM2',7,0.0005194891457477,261.6129543471848,171.3949405255809,b'ssp245',8.981177697477035,275.88703950275857,286.4279221345656,267.14580594064887,b'2027-03-09/2027-03-15',1804550400
2132,25,21,78.31737831393545,0.0043640433178174,b'ACCESS-CM2',7,0.0004978775166398,270.43565104603584,190.79658871842736,b'ssp245',6.632561021232545,278.6116854171682,288.4716237053632,269.5910496265021,b'2027-03-16/2027-03-22',1805155200
2132,25,21,70.03753552999298,0.00347153244894,b'ACCESS-CM2',7,0.000243794343361,245.6836484641329,221.69090007184784,b'ssp245',6.303447776593193,276.53481899894285,285.5811907865903,268.0029741673688,b'2027-03-23/2027-03-29',1805760000
2132,25,21,71.60890349486962,0.0035171518550122,b'ACCESS-CM2',7,0.0001269781287179,250.65378128179984,219.76363875017785,b'ssp245',6.708579698678975,275.7467636740026,284.9936089941619,266.71593580058976,b'2027-03-30/2027-04-05',1806364800
2132,25,21,68.643963576031,0.0039660610499018,b'ACCESS-CM2',7,0.0002399946387109,257.2860117869848,224.722756555286,b'ssp245',5.950592318094671,279.3357451433264,285.8139494852303,269.8495943489158,b'2027-04-06/2027-04-12',1806969600
2132,25,21,86.87807272736839,0.0061450837731623,b'ACCESS-CM2',7,0.0005961036878804,298.7258534815836,198.75011312067411,b'ssp245',4.332135207327289,282.36586232664723,288.7685789552909,274.7246279249004,b'2027-04-13/2027-04-19',1807574400
2132,25,21,83.34380202140535,0.0069091164911617,b'ACCESS-CM2',7,0.0002899141948664,290.2087948297809,236.55572122240824,b'ssp245',4.079556715996733,284.5330559510588,292.33672005314713,274.6395347445619,b'2027-04-20/2027-04-26',1808179200
2132,25,21,84.50436475452811,0.0078167853006785,b'ACCESS-CM2',7,0.0001741175409104,306.5550581655731,239.8632952312869,b'ssp245',4.309510360875681,286.5619840316226,299.03507972334984,276.4858268122788,b'2027-04-27/2027-05-03',1808784000
2132,25,21,83.54138973365495,0.0094196761809312,b'ACCESS-CM2',7,9.818911999804896e-05,318.231618017487,283.99033062932205,b'ssp245',5.949202509784194,289.6008546498569,300.19320332978026,279.5149099312577,b'2027-05-04/2027-05-10',1809388800
2132,25,21,78.0158259085766,0.0082711614210388,b'ACCESS-CM2',7,0.0001222208545482,298.75570903817254,302.44840008960944,b'ssp245',5.997170146662536,288.0263911323536,299.9673812965942,275.06592395258883,b'2027-05-11/2027-05-17',1809993600
2132,25,21,81.67707659914011,0.009211426614872,b'ACCESS-CM2',7,0.0003722683270859,310.0102283467098,302.08480677291533,b'ssp245',4.340667159617448,289.51170274560565,297.646109720201,280.3829353681577,b'2027-05-18/2027-05-24',1810598400
2132,25,21,87.22917953666926,0.0113811131124435,b'ACCESS-CM2',7,4.2877124224180194e-05,329.6340589621265,311.7943151042427,b'ssp245',3.180680236302912,291.7948280522061,300.47813505284927,280.271048818019,b'2027-05-25/2027-05-31',1811203200
2132,25,21,76.80271759888038,0.0102769194693741,b'ACCESS-CM2',7,6.856953704628838e-05,319.05122752090205,335.9732229385353,b'ssp245',4.621215091254753,292.1836682250483,300.9344139348448,281.0623222799862,b'2027-06-01/2027-06-07',1811808000
2132,25,21,78.93037182439572,0.0122176634177908,b'ACCESS-CM2',7,0.0001818483839893,346.7706240319479,295.36330766912346,b'ssp245',5.273341627533548,294.2143937558204,304.31002973834933,285.0232700189993,b'2027-06-08/2027-06-14',1812412800
2132,25,21,78.69262502025008,0.0127194662214048,b'ACCESS-CM2',7,0.0001446303513626,344.4376308086169,318.6785255429754,b'ssp245',4.544300342325923,294.9178380743573,303.8878098697704,286.45183421947337,b'2027-06-15/2027-06-21',1813017600
2132,25,21,81.30242540470508,0.0134885782092447,b'ACCESS-CM2',7,0.0003672363681657,360.6076141841828,283.2732141175969,b'ssp245',4.369529824296968,295.66627345246906,303.5792556131068,289.1040193977439,b'2027-06-22/2027-06-28',1813622400
2132,25,21,79.7562114503055,0.0143534228700762,b'ACCESS-CM2',7,0.0002058037486221,354.3101630259852,314.0075821791933,b'ssp245',4.067298412100385,296.2645902422927,303.6316385373051,286.8860610596235,b'2027-06-29/2027-07-05',1814227200
2132,25,21,76.62172266927197,0.0155519319972422,b'ACCESS-CM2',7,5.667473986807466e-05,366.3469827071996,320.33361773664546,b'ssp245',4.080392616914879,298.2532648869552,308.38188400767206,288.893997691036,b'2027-07-06/2027-07-12',1814832000
2132,25,21,83.65313434333696,0.015719277487121,b'ACCESS-CM2',7,0.000250266350554,363.4223145272107,294.12176892173426,b'ssp245',3.6481962976446782,297.40990937390586,305.9221423446224,286.79240706699346,b'2027-07-13/2027-07-19',1815436800
2132,25,21,92.79277775631192,0.0169688660403324,b'ACCESS-CM2',7,0.0003045957818216,380.5423813364864,258.1265025086912,b'ssp245',3.6578593662955328,297.6036998512513,305.50042412120007,290.6846296854788,b'2027-07-20/2027-07-26',1816041600
2132,25,21,88.29109131343782,0.0163028094557528,b'ACCESS-CM2',7,8.949834035915421e-05,371.3769502565566,271.52950813300583,b'ssp245',2.251612375578776,297.18111469305603,304.24040411656205,287.84002625708484,b'2027-07-27/2027-08-02',1816646400
2132,25,21,85.62821563901169,0.0173277714392045,b'ACCESS-CM2',7,0.0004006471489468,384.3908827134912,249.13543614738649,b'ssp245',4.20972722214106,298.82248003639387,307.6973543187892,290.6236516416463,b'2027-08-03/2027-08-09',1817251200
2132,25,21,82.52384928546886,0.0135775648574572,b'ACCESS-CM2',7,0.0003071463794747,368.6278643591768,230.76064397180855,b'ssp245',4.902934339905023,295.64860478153935,305.6930508083768,289.05436789651844,b'2027-08-10/2027-08-16',1817856000
2132,25,21,85.11043410385801,0.0153970316842596,b'ACCESS-CM2',7,6.707138688189072e-05,370.94178590082953,238.2877567551272,b'ssp245',3.1663193072702813,297.1269799287988,306.4705220141442,290.329358535135,b'2027-08-17/2027-08-23',1818460800
2132,25,21,85.68674349554817,0.0154789423867433,b'ACCESS-CM2',7,0.0002836069833592,380.5044765003441,207.56727476621612,b'ssp245',3.586338094822017,297.28811027177795,305.6054906242553,289.3251155944691,b'2027-08-24/2027-08-30',1819065600
2132,25,21,88.82654207991247,0.014886069827482,b'ACCESS-CM2',7,9.021786445720191e-05,374.2096671690052,206.4659181862578,b'ssp245',2.976370724160984,296.3575867440076,303.2939985021786,288.836734148412,b'2027-08-31/2027-09-06',1819670400
2132,25,21,82.90892659248757,0.013849740203005,b'ACCESS-CM2',7,0.0004256639812973,366.1283839938428,206.06329104924845,b'ssp245',4.214939374401308,295.89868823234593,305.0315683402267,286.5905291654965,b'2027-09-07/2027-09-13',1820275200
2132,25,21,78.50390246260994,0.0113279339371882,b'ACCESS-CM2',7,6.988888191859519e-05,355.0273395233202,194.190128339476,b'ssp245',4.947693093261576,293.6969386984394,302.41299086094944,284.72176518990847,b'2027-09-14/2027-09-20',1820880000
2132,25,21,78.78012750306827,0.010757996996217,b'ACCESS-CM2',7,0.0001925698955888,347.7470231921437,181.2318713570769,b'ssp245',5.91792033819109,292.21809171123965,302.3113857427194,280.87088271995,b'2027-09-21/2027-09-27',1821484800
2132,25,21,85.32059177193284,0.0111790704571343,b'ACCESS-CM2',7,5.04396803179527e-06,337.43032943293423,191.1885267507611,b'ssp245',3.118503077060606,291.7353365459139,301.13743760850696,278.48992208509924,b'2027-09-28/2027-10-04',1822089600
2132,25,21,87.61381854886324,0.0106007017888281,b'ACCESS-CM2',7,0.0007581840113594,347.4293962770112,136.34346667235417,b'ssp245',4.361886516820966,290.8978773556949,297.58005405667046,281.3513566559436,b'2027-10-05/2027-10-11',1822694400
2132,25,21,83.00704039957454,0.008879148590599,b'ACCESS-CM2',7,0.000324977026716,336.90419949039733,143.740774473445,b'ssp245',3.795208680677963,289.9425621851931,295.9057875822312,282.12554599205134,b'2027-10-12/2027-10-18',1823299200
2132,25,21,85.13007086888304,0.0085349906506372,b'ACCESS-CM2',7,8.412329230476413e-05,346.73656552193364,120.851760935494,b'ssp245',6.040555385870983,289.67463905864,294.8639001783982,284.7719538404012,b'2027-10-19/2027-10-25',1823904000
2132,25,21,79.6705394356636,0.0076050054397314,b'ACCESS-CM2',7,0.0009030959727185,324.0532221433496,102.8500083355825,b'ssp245',6.590181037491443,287.3419129519755,293.829047442002,278.6946890504792,b'2027-10-26/2027-11-01',1824508800
2132,25,21,70.57220424909738,0.0043615604213989,b'ACCESS-CM2',7,2.1112295473996785e-05,283.75262451646785,114.59928321066654,b'ssp245',6.543334226017609,279.71066257584846,289.3362650154463,272.775572533701,b'2027-11-02/2027-11-08',1825113600
2132,25,21,77.39956932887087,0.0055830462578767,b'ACCESS-CM2',7,0.000224484059393,295.9851563183867,110.31690699283185,b'ssp245',4.992219126116922,282.4149432925839,290.99506625838274,273.1146025481048,b'2027-11-09/2027-11-15',1825718400
2132,25,21,76.60895794780313,0.0056225608167905,b'ACCESS-CM2',7,0.0004855147910997,303.3629896660813,84.1806316417287,b'ssp245',7.111439370827033,280.77736597568713,292.09080109772856,270.5478731708069,b'2027-11-16/2027-11-22',1826323200
2132,25,21,75.4901475309769,0.0059715017027499,b'ACCESS-CM2',7,0.0001803070627375,305.37093391026656,85.58185442281297,b'ssp245',6.71379882125071,282.4580083633931,292.44848187348936,268.75638867878973,b'2027-11-23/2027-11-29',1826928000
2132,25,21,75.33744738163549,0.0047816633468727,b'ACCESS-CM2',7,0.0001263250760401,285.20163156204865,84.67493922295617,b'ssp245',6.803765873281228,279.4214935445207,291.66072577848416,270.550203011706,b'2027-11-30/2027-12-06',1827532800
2132,25,21,72.69972987669189,0.0034951256784336,b'ACCESS-CM2',7,7.956190922654455e-05,271.43827343016744,74.6605866744145,b'ssp245',7.840149105801005,276.3345435125005,283.4310403794765,270.2288796418633,b'2027-12-07/2027-12-13',1828137600
2132,25,21,72.23881395175529,0.003992396016097,b'ACCESS-CM2',7,0.0004998983283529,272.69952503231656,76.87524386874027,b'ssp245',6.994684751257138,276.69138791855715,289.04893224379595,266.33364003831787,b'2027-12-14/2027-12-20',1828742400
2132,25,21,76.79819049235633,0.0029687667295606,b'ACCESS-CM2',7,0.0006189633101695,260.5934130386367,76.80692001922161,b'ssp245',8.42239219586574,272.3573872162255,285.5989686388336,261.9872574151731,b'2027-12-21/2027-12-27',1829347200
2132,25,21,76.7136706551992,0.0028803817751891,b'ACCESS-CM2',7,0.0002216514060958,270.53064542806595,76.18099419706304,b'ssp245',8.113474955263444,272.62620655087125,280.7850277969261,257.97446376825474,b'2027-12-28/2028-01-03',1829952000
2132,25,21,76.74399491377497,0.002084212072915,b'ACCESS-CM2',7,0.0003302816750781,239.00198116830825,90.54914573149412,b'ssp245',7.421716147036037,269.15624556436074,278.58462870146974,261.7584134103945,b'2028-01-04/2028-01-10',1830556800
2132,25,21,77.89857566019029,0.0015951356379685,b'ACCESS-CM2',7,3.788225564123535e-05,234.93151689251005,92.82302184213258,b'ssp245',7.39995327360935,266.5079594459854,278.43379527239495,260.278310139974,b'2028-01-11/2028-01-17',1831161600
2132,25,21,87.4283885914256,0.0024671341897861,b'ACCESS-CM2',7,0.0010959714624319,261.765253370364,75.57454447029464,b'ssp245',11.84886761955335,268.2708717628762,280.8798291574117,257.5367398397076,b'2028-01-18/2028-01-24',1831766400
2132,25,21,78.81631550223442,0.0022060375683411,b'ACCESS-CM2',7,0.0004866662491959,244.6615812442328,104.77043399876092,b'ssp245',8.329561085408624,268.52709211532925,282.34859059319257,258.6486995256545,b'2028-01-25/2028-01-31',1832371200
2132,25,21,81.55090443634595,0.0020714965179736,b'ACCESS-CM2',7,9.037151750928332e-05,230.87284694829535,133.42701286650728,b'ssp245',10.91121652465426,267.3297583315553,281.1497735582405,255.9205290351818,b'2028-02-01/2028-02-07',1832976000
2132,25,21,78.54433731568257,0.0039854650735684,b'ACCESS-CM2',7,0.0005087309752762,288.0609307620075,107.23319914598464,b'ssp245',6.777503713951503,276.94858668565087,286.26994400190625,269.5761793880421,b'2028-02-08/2028-02-14',1833580800
2132,25,21,82.64053015140519,0.0045359655158533,b'ACCESS-CM2',7,0.0004409452178175,290.86750937354105,119.55569832472648,b'ssp245',6.8488073771963816,277.5662051550221,286.47417169043183,263.1743836247064,b'2028-02-15/2028-02-21',1834185600
2132,25,21,75.60285110782323,0.0027420244202782,b'ACCESS-CM2',7,0.0007661228583592,244.7059581197388,152.78072471630526,b'ssp245',7.103926540051818,272.1763680461334,282.160612085546,264.785500453708,b'2028-02-22/2028-02-28',1834790400
2132,25,21,75.97678101341042,0.0029868757484626,b'ACCESS-CM2',7,6.607172572741611e-05,249.00621882324975,167.02620508720523,b'ssp245',8.088577115123902,272.6699054431885,281.1028410469005,255.58445011712368,b'2028-02-29/2028-03-06',1835395200
2132,25,21,79.37779145844807,0.0036195171304183,b'ACCESS-CM2',7,0.0003741821045197,261.6368934211054,164.16306593913063,b'ssp245',7.59948829457354,275.5855655521757,283.80189524133226,266.8595957371664,b'2028-03-07/2028-03-13',1836000000
2132,25,21,71.18377557559211,0.0033709739287488,b'ACCESS-CM2',7,0.0003085085767985,248.57765770967677,189.45914385142893,b'ssp245',7.014924023109102,275.57038914062804,288.4598587468299,267.1665574283642,b'2028-03-14/2028-03-20',1836604800
2132,25,21,77.36780978599666,0.0046717951255694,b'ACCESS-CM2',7,0.0006017446414481,273.92651777982786,201.21605094674592,b'ssp245',8.012013849201434,278.21195453414657,294.0987789511421,264.6509984500528,b'2028-03-21/2028-03-27',1837209600
2132,25,21,79.38150918546808,0.005226913209059,b'ACCESS-CM2',7,0.0001751626966776,279.042702089245,204.67149487426263,b'ssp245',6.71600166073552,280.8239010651461,291.3996562749992,271.6441253462648,b'2028-03-28/2028-04-03',1837814400
2132,25,21,84.208984890275,0.0056784620087963,b'ACCESS-CM2',7,0.0001254287703506,286.3294167683349,213.2323093740806,b'ssp245',5.33109386160928,282.1995578342014,288.5720097161586,273.7322708163126,b'2028-04-04/2028-04-10',1838419200
2132,25,21,90.74079616723532,0.0068359427705378,b'ACCESS-CM2',7,0.000221667565702,314.1556112204539,195.5238897309955,b'ssp245',5.183963199586391,284.78365992935807,289.6528094256366,279.8189187974452,b'2028-04-11/2028-04-17',1839024000
2132,25,21,80.64168155597743,0.0063696895935304,b'ACCESS-CM2',7,0.000112863795026,290.14986806490174,237.05117947447533,b'ssp245',4.291681678577854,284.64678214221885,290.43636413441243,277.3639647373707,b'2028-04-18/2028-04-24',1839628800
2132,25,21,81.6288783182951,0.0071482746231427,b'ACCESS-CM2',7,6.594021471847586e-05,288.90363730398843,267.31900629446653,b'ssp245',4.5292592438217865,285.364500984313,296.9113957689739,275.93117368610854,b'2028-04-25/2028-05-01',1840233600
2132,25,21,87.14363251064857,0.0085843883230447,b'ACCESS-CM2',7,0.000352267719726,325.10150441877056,208.74225026619533,b'ssp245',5.712267222450486,287.8587736526903,297.43294949001734,281.0160616207746,b'2028-05-02/2028-05-08',1840838400
2132,25,21,97.46671667493766,0.0114415381495065,b'ACCESS-CM2',7,0.0003879824454406,356.74408824266465,217.2912480686448,b'ssp245',3.3132288130948075,291.07536057093193,297.2507102151842,285.5941874186198,b'2028-05-09/2028-05-15',1841443200
2132,25,21,81.12074155834209,0.0091575477915762,b'ACCESS-CM2',7,1.9695125933239423e-05,316.12012455806973,289.2320236885173,b'ssp245',3.9689047859348014,289.78422893544354,297.352021061517,278.9716809507549,b'2028-05-16/2028-05-22',1842048000
2132,25,21,82.79290397731901,0.0102628889339148,b'ACCESS-CM2',7,0.0005556917165487,324.10463763277664,284.91968949784234,b'ssp245',4.026586480204502,290.8724983849334,299.58927860966435,280.7933618882124,b'2028-05-23/2028-05-29',1842652800
2132,25,21,96.484344430182,0.0128194161888166,b'ACCESS-CM2',7,0.0007289066974058,365.5967317943888,194.66426445931023,b'ssp245',4.839452391430629,293.28498063857705,297.1972030606405,288.8629966187321,b'2028-05-30/2028-06-05',1843257600
2132,25,21,93.0131917835358,0.0131180950226258,b'ACCESS-CM2',7,0.0006160716793175,358.7215036296637,239.84721768685228,b'ssp245',3.8411472769047736,293.5207011189893,299.8225544449551,287.29397696035875,b'2028-06-06/2028-06-12',1843862400
2132,25,21,81.7310291103882,0.0139905210964698,b'ACCESS-CM2',7,9.975205617195456e-05,353.748533703032,312.84297671705406,b'ssp245',4.131430868378244,296.11603768162,303.8195306117239,287.07642066972187,b'2028-06-13/2028-06-19',1844467200
2132,25,21,85.54089136773688,0.0119583510358664,b'ACCESS-CM2',7,1.8187350321750725e-05,340.06173056380754,311.7827642341659,b'ssp245',3.675060667429169,292.7821580522943,300.7605455851502,285.20103863485497,b'2028-06-20/2028-06-26',1845072000
2132,25,21,86.63374120128738,0.0138144757154571,b'ACCESS-CM2',7,0.0002458085241057,356.40781788925426,287.28129002998224,b'ssp245',4.124641493774448,294.89704933487064,302.1894896929041,288.7697593007472,b'2028-06-27/2028-07-03',1845676800
2132,25,21,85.0746741605035,0.0150634628934208,b'ACCESS-CM2',7,2.058442140394801e-05,361.33872169473256,317.9065798994837,b'ssp245',2.623194443634133,296.4318558627336,304.2058870735252,286.49404401924613,b'2028-07-04/2028-07-10',1846281600
2132,25,21,72.41960384702519,0.0133276010280572,b'ACCESS-CM2',7,3.727225063206662e-05,350.5805082965261,321.6048257912649,b'ssp245',3.7918100633095855,296.53939573333673,305.9462746347997,286.12897074248536,b'2028-07-11/2028-07-17',1846886400
2132,25,21,79.67522038146042,0.013204298694344,b'ACCESS-CM2',7,0.0001878315731204,348.52000605336536,284.37799750908937,b'ssp245',2.9354383522500287,295.04148349471086,301.36856025911885,287.67349668681493,b'2028-07-18/2028-07-24',1847491200
2132,25,21,82.37788761778855,0.0177165500285179,b'ACCESS-CM2',7,0.0001407363162337,384.5299807327988,279.941913660538,b'ssp245',4.783818270237766,299.966586272367,308.91254945310374,290.3200278687321,b'2028-07-25/2028-07-31',1848096000
2132,25,21,78.02059056519201,0.0144587890533431,b'ACCESS-CM2',7,5.692185079886482e-05,360.6059465357866,273.1864327918396,b'ssp245',4.076890436244315,296.8191742123824,303.4845352339069,288.3882067977474,b'2028-08-01/2028-08-07',1848700800
2132,25,21,87.07105602047135,0.0155275471953728,b'ACCESS-CM2',7,0.0003276154792593,372.3698799805296,231.73117857101064,b'ssp245',3.208568325897559,297.01455580197575,303.09459624778736,288.57625824174073,b'2028-08-08/2028-08-14',1849305600
2132,25,21,76.04971288543902,0.0140802078633118,b'ACCESS-CM2',7,0.0001337682188816,360.31988551985467,257.15864851732255,b'ssp245',3.583909449568427,296.6717226875559,305.09434685468153,287.86025296213325,b'2028-08-15/2028-08-21',1849910400
2132,25,21,78.59024001073139,0.013899861693781,b'ACCESS-CM2',7,0.0002706153019222,369.91225336705867,222.80548127996855,b'ssp245',5.059126770388772,296.18942206602696,307.9745036605137,286.1720844343597,b'2028-08-22/2028-08-28',1850515200
2132,25,21,85.86926391345112,0.0140199387536482,b'ACCESS-CM2',7,0.0001207936927442,367.44171862538417,206.8827235497606,b'ssp245',3.5194771106540697,295.4126825887691,302.5838994044884,287.6711146535437,b'2028-08-29/2028-09-04',1851120000
2132,25,21,81.57295144891724,0.0140069906440105,b'ACCESS-CM2',7,8.925344928280135e-05,367.54152522011407,213.95336835702707,b'ssp245',3.97479549398164,296.25235802193055,305.7125841194768,281.8104485405816,b'2028-09-05/2028-09-11',1851724800
2132,25,21,80.00079894696594,0.012596311724498,b'ACCESS-CM2',7,0.000398768897041,362.2492811414931,184.78305519120627,b'ssp245',4.969951118370695,294.69166166493727,303.86537107247415,282.18838620653344,b'2028-09-12/2028-09-18',1852329600
2132,25,21,77.91769183361008,0.009969206219768,b'ACCESS-CM2',7,0.0003600313168346,345.4838891122855,173.45999596195358,b'ssp245',6.475052773748423,291.2208571946031,301.00839884972004,281.05960156143624,b'2028-09-19/2028-09-25',1852934400
2132,25,21,79.72120186609529,0.008873220540234,b'ACCESS-CM2',7,0.0002383783661897,322.3819786663038,179.69686209817857,b'ssp245',5.388755876773843,289.636952841575,298.1158338226784,282.263519021161,b'2028-09-26/2028-10-02',1853539200
2132,25,21,80.73606990098286,0.0084672418947354,b'ACCESS-CM2',7,0.0002383170783173,325.60663698530635,161.95499680178062,b'ssp245',4.677579497830949,288.12420881302825,295.9210197764544,276.9664746120345,b'2028-10-03/2028-10-09',1854144000
2132,25,21,85.3563371902309,0.0097570015907976,b'ACCESS-CM2',7,3.489010194592733e-05,341.2659521545164,151.32718897563365,b'ssp245',4.836287965813122,290.59252851802614,296.8029031857426,276.93888100351904,b'2028-10-10/2028-10-16',1854748800
2132,25,21,82.60777756910328,0.0084182372129177,b'ACCESS-CM2',7,0.0003889861001846,321.758103552022,143.41361722165536,b'ssp245',4.02847349246714,288.30310568644774,296.5029108716512,280.15317344249985,b'2028-10-17/2028-10-23',1855353600
2132,25,21,70.0377339405543,0.0054105823777541,b'ACCESS-CM2',7,9.875035823605427e-06,290.5995461457695,133.21275445942263,b'ssp245',6.931020074494709,283.56302436474806,292.046726201874,274.95168016886663,b'2028-10-24/2028-10-30',1855958400
2132,25,21,82.78994489539794,0.0081444383880608,b'ACCESS-CM2',7,0.0001181789192809,326.3755316308381,123.85658732656746,b'ssp245',5.208899372061056,287.3898488296143,296.2830345802058,278.02437363834423,b'2028-10-31/2028-11-06',1856563200
2132,25,21,88.55977336409826,0.0085717909427349,b'ACCESS-CM2',7,0.0003920602542857,340.89635632084867,98.42900327889674,b'ssp245',6.051416881129707,286.60040176823765,295.00251321231616,271.2334904556441,b'2028-11-07/2028-11-13',1857168000
2132,25,21,85.95762615399758,0.0070177374761713,b'ACCESS-CM2',7,0.0005190500795156,329.5810004150315,79.89952488699474,b'ssp245',6.323786502829824,283.4111159057807,292.6052119103392,269.5195170882481,b'2028-11-14/2028-11-20',1857772800
2132,25,21,70.96058060556716,0.0038926849089396,b'ACCESS-CM2',7,9.480977670394031e-06,268.7295778513771,99.06648338928127,b'ssp245',6.645305693205221,278.1873514868187,288.42323512657015,271.07876174694053,b'2028-11-21/2028-11-27',1858377600
2132,25,21,81.92371952544852,0.0052200142094019,b'ACCESS-CM2',7,0.000799338841354,294.19878045754973,83.22708610727007,b'ssp245',5.10958340692624,280.2937480072867,289.9445765543088,272.9595924660012,b'2028-11-28/2028-12-04',1858982400
2132,25,21,82.01136004735554,0.0043153740339406,b'ACCESS-CM2',7,0.0002837691674411,294.7224936415538,71.16151707231015,b'ssp245',8.137626426820253,278.9059821329791,285.7872628272229,273.3890027812883,b'2028-12-05/2028-12-11',1859587200
2132,25,21,78.54412759400364,0.0029358342026875,b'ACCESS-CM2',7,0.0003672688211573,267.0801109221358,74.40939461654345,b'ssp245',8.245415227939286,272.9086516279689,280.8881143806807,261.5379421923935,b'2028-12-12/2028-12-18',1860192000
2132,25,21,79.32654672213665,0.0035780583551936,b'ACCESS-CM2',7,0.0006302523737553,280.55197294575385,72.68140226993982,b'ssp245',8.023464896988356,275.2208657619406,284.09497256476374,267.2116434600099,b'2028-12-19/2028-12-25',1860796800
2132,25,21,73.32470797631662,0.0028886239914602,b'ACCESS-CM2',7,0.0006195921801419,261.2321588900317,80.76948902000716,b'ssp245',8.131855899731837,273.00404119031515,283.2929677526935,266.76955691402,b'2028-12-26/2029-01-01',1861401600
2132,25,21,81.28438430629413,0.0028398118215261,b'ACCESS-CM2',7,0.0003087409043677,260.874249113708,79.67983434388023,b'ssp245',7.811977063834092,272.264375906884,280.52136901988445,264.8076416547522,b'2029-01-02/2029-01-08',1862006400
2132,25,21,75.36698211897878,0.0033350385236502,b'ACCESS-CM2',7,0.0004357194265542,280.0901911118452,76.5818878159581,b'ssp245',6.457669202167596,274.5457276891334,285.2558225411475,263.7140133261421,b'2029-01-09/2029-01-15',1862611200
2132,25,21,80.44021884266401,0.002636492448513,b'ACCESS-CM2',7,0.0003107908533901,259.98799019797804,87.79559137514732,b'ssp245',8.136386603757002,269.6775415814112,284.7913932717184,248.3682784203091,b'2029-01-16/2029-01-22',1863216000
2132,25,21,77.22060146860122,0.0040006845051939,b'ACCESS-CM2',7,9.256604425139298e-05,280.4269034144962,102.2956037310622,b'ssp245',7.359067249773004,277.0232007964319,286.2790747416046,255.02812231392124,b'2029-01-23/2029-01-29',1863820800
2132,25,21,67.28345534618198,0.0029406007373495,b'ACCESS-CM2',7,4.5972329488256e-06,248.2210859102213,131.22160360488868,b'ssp245',7.273558955084227,274.2071267919603,285.75802665494365,255.90789409296707,b'2029-01-30/2029-02-05',1864425600
2132,25,21,73.20017801635629,0.0025219149996838,b'ACCESS-CM2',7,0.000241114061482,247.81714767137868,133.3774528230346,b'ssp245',6.45940513971473,271.35857308011094,284.56730901182084,259.9214559318193,b'2029-02-06/2029-02-12',1865030400
2132,25,21,76.01166597349118,0.0031508469946596,b'ACCESS-CM2',7,0.000349680912671,260.7597425112352,124.9947638204452,b'ssp245',8.370064762422981,273.1655882934228,283.96166779428785,262.79501761642155,b'2029-02-13/2029-02-19',1865635200
2132,25,21,75.32872501281872,0.0025162492998881,b'ACCESS-CM2',7,0.0003339483846105,246.7794027604532,136.73740549856282,b'ssp245',9.628846264983723,271.469135492196,278.250532229222,262.1703636152812,b'2029-02-20/2029-02-26',1866240000
2132,25,21,75.64180917796264,0.0028218920379943,b'ACCESS-CM2',7,0.0003017193683663,256.9938167093552,143.97512021437265,b'ssp245',8.86934346214767,272.01223878358854,288.1487364924811,257.91753798009,b'2029-02-27/2029-03-05',1866844800
2132,25,21,76.0724209329253,0.0034112860699387,b'ACCESS-CM2',7,0.0002548984751742,266.43893301542624,156.80539511031466,b'ssp245',5.8296697404649525,274.96033949604146,281.1149668309164,264.9777536163662,b'2029-03-06/2029-03-12',1867449600
2132,25,21,84.51133378257717,0.0039853464034923,b'ACCESS-CM2',7,0.0004596995677116,278.3823546888374,152.8278589756215,b'ssp245',7.035186597130732,275.8366046410426,284.5783972646676,263.7946088537412,b'2029-03-13/2029-03-19',1868054400
2132,25,21,82.9308682253826,0.0041966289614459,b'ACCESS-CM2',7,0.0002758970855139,273.84712646180435,182.3053545508101,b'ssp245',7.155670770929492,277.0451180879253,283.90769569546563,262.441765346818,b'2029-03-20/2029-03-26',1868659200
2132,25,21,76.96831337922539,0.0038931927631541,b'ACCESS-CM2',7,0.0005844100987985,263.64390291367744,184.12790204311435,b'ssp245',7.363126805961744,276.5007071852721,286.67302063919107,259.57313141999424,b'2029-03-27/2029-04-02',1869264000
2132,25,21,87.11679425255888,0.0055332364453019,b'ACCESS-CM2',7,0.0005390160034583,296.5285832309812,182.9322262504856,b'ssp245',6.063125228866995,279.6312309998869,291.6810885826227,265.28385961860874,b'2029-04-03/2029-04-09',1869868800
2132,25,21,75.1895543587308,0.0044303318149233,b'ACCESS-CM2',7,0.0001360127105428,263.7151018909084,231.9550373304161,b'ssp245',6.576960664058155,278.49510243686234,289.8398095091444,265.1190649626821,b'2029-04-10/2029-04-16',1870473600
2132,25,21,77.86180703156914,0.0052058880106211,b'ACCESS-CM2',7,0.0001308101362184,280.83193198476226,228.2541980143837,b'ssp245',5.611172780046721,280.8202136526812,288.58008357694206,271.33608197646464,b'2029-04-17/2029-04-23',1871078400
2132,25,21,87.22966370046825,0.0082662893219195,b'ACCESS-CM2',7,0.0014871595429783,314.13065623791834,215.6586938567745,b'ssp245',5.837985292387795,286.7563992502383,294.6163986970656,274.50550194035947,b'2029-04-24/2029-04-30',1871683200
2132,25,21,86.39288100460182,0.009436339488061,b'ACCESS-CM2',7,0.0001470487713801,315.3555116246803,270.93193121161227,b'ssp245',6.11358137706563,288.6662804621089,297.44941747993687,276.91815571172043,b'2029-05-01/2029-05-07',1872288000
2132,25,21,80.22943405403069,0.0082733397683087,b'ACCESS-CM2',7,2.5816564622886157e-05,293.21020691126927,309.5552568100265,b'ssp245',3.8104010188538746,288.28884763269457,296.59328492274733,280.1606490523727,b'2029-05-08/2029-05-14',1872892800
2132,25,21,86.30187959549325,0.0107012996632678,b'ACCESS-CM2',7,0.0003548975577872,326.2788001023977,282.19225554669566,b'ssp245',4.722137479517937,291.67531963007644,298.8622576811215,283.5594705153655,b'2029-05-15/2029-05-21',1873497600
2132,25,21,81.15943835318144,0.0096321108481718,b'ACCESS-CM2',7,0.000165847858035,320.6264563808922,277.0476630003401,b'ssp245',3.5259462868428995,290.4115060900662,297.4681060059657,282.51859876844617,b'2029-05-22/2029-05-28',1874102400
2132,25,21,82.75210610706414,0.01191314396069,b'ACCESS-CM2',7,0.0002415478943937,341.3358994408853,303.2884922449069,b'ssp245',5.761126159100455,293.6142423400024,301.3981291993251,284.28415202886714,b'2029-05-29/2029-06-04',1874707200
2132,25,21,79.03925474507024,0.0123495432683589,b'ACCESS-CM2',7,4.737490266184621e-05,340.6487635147375,325.01297859502967,b'ssp245',4.266374796897943,294.23114371752393,304.75305341998995,283.3042591236256,b'2029-06-05/2029-06-11',1875312000
2132,25,21,78.09666488937155,0.0124913320586506,b'ACCESS-CM2',7,0.0003413324366495,341.1293604518631,314.7047425266222,b'ssp245',4.196218774283819,294.69952928274176,305.8071591578797,283.9394938151042,b'2029-06-12/2029-06-18',1875916800
2132,25,21,83.39675798840587,0.0150646124420054,b'ACCESS-CM2',7,3.760750574994267e-05,366.4935228743733,312.3256177050356,b'ssp245',3.8555757782001416,296.78632849352846,308.17036973209423,286.0827354148582,b'2029-06-19/2029-06-25',1876521600
2132,25,21,77.36745702919839,0.0139132150307696,b'ACCESS-CM2',7,5.3100454909234295e-05,360.907475604174,290.58170301269377,b'ssp245',4.590891176616148,296.51830897967915,307.3206299758944,286.48811044464446,b'2029-06-26/2029-07-02',1877126400
2132,25,21,88.5222319060681,0.0178621816331473,b'ACCESS-CM2',7,0.0004681364275503,386.8825335771244,281.5208226384087,b'ssp245',4.299326832851738,299.42865892559286,306.9470882374217,289.3762338675705,b'2029-07-03/2029-07-09',1877731200
2132,25,21,80.47369838777526,0.0168187140147707,b'ACCESS-CM2',7,3.375139915458585e-05,372.3049005436593,318.8946830970344,b'ssp245',4.115671389948124,299.12820595089164,310.4249281540416,290.58676260489005,b'2029-07-10/2029-07-16',1878336000
2132,25,21,87.59130754895274,0.0199508562393038,b'ACCESS-CM2',7,0.000199512241046,396.7069010397671,269.5000338514312,b'ssp245',6.249226704439269,302.33338620007464,309.33098301440805,294.3959610550492,b'2029-07-17/2029-07-23',1878940800
2132,25,21,77.61544906421499,0.0166201656927762,b'ACCESS-CM2',7,8.25919653283373e-05,371.6242866694204,303.29351230102503,b'ssp245',3.024458752515492,299.6177540840555,307.46751606594245,290.07561956667433,b'2029-07-24/2029-07-30',1879545600
2132,25,21,84.73604070364854,0.0172580036253821,b'ACCESS-CM2',7,0.0001897095492836,376.0242168902609,262.3527004361858,b'ssp245',3.739076881367137,298.852799065047,306.57981363932294,289.2819373436224,b'2029-07-31/2029-08-06',1880150400
2132,25,21,83.73143741478255,0.0175828301668667,b'ACCESS-CM2',7,0.0002404165040023,387.7638575164767,243.64956149289145,b'ssp245',3.932153927437657,299.2430611784644,310.5213819848686,289.8103599797667,b'2029-08-07/2029-08-13',1880755200
2132,25,21,78.35355035501071,0.01567582172477,b'ACCESS-CM2',7,7.134494300250959e-05,376.5908056663421,241.6917299091946,b'ssp245',3.661470295668316,299.0973318214547,310.7714655591512,291.28598900090634,b'2029-08-14/2029-08-20',1881360000
2132,25,21,80.52178548319556,0.0143824753003966,b'ACCESS-CM2',7,0.0003675032759551,358.9923805690354,241.1398669995885,b'ssp245',3.9381588418054094,296.6823756303737,304.7510280900012,286.7286106350635,b'2029-08-21/2029-08-27',1881964800
2132,25,21,87.01148890885021,0.0172275126164728,b'ACCESS-CM2',7,6.898539957396649e-05,382.6532165736304,222.2115565566233,b'ssp245',3.658115725705752,299.0544148079153,306.2039199862345,291.0136047230307,b'2029-08-28/2029-09-03',1882569600
2132,25,21,82.00674110077787,0.0146656754095347,b'ACCESS-CM2',7,0.0001119672050475,369.1051401992546,214.4858973883336,b'ssp245',4.117773187891405,297.39436431989253,305.6832266082431,286.45691689219086,b'2029-09-04/2029-09-10',1883174400
2132,25,21,82.91968312457905,0.0125785543158107,b'ACCESS-CM2',7,0.0001878891710989,369.0062562744825,179.54959168183333,b'ssp245',4.722634571940959,294.1050817380989,302.5607688089342,283.7152807032101,b'2029-09-11/2029-09-17',1883779200
2132,25,21,77.11908068925541,0.0096363898194512,b'ACCESS-CM2',7,0.0002144621233723,328.12137237843274,197.60777466504177,b'ssp245',3.920737007864161,290.8241005929282,299.4923660843461,279.6734040037999,b'2029-09-18/2029-09-24',1884384000
2132,25,21,76.99911530842265,0.0095542662329461,b'ACCESS-CM2',7,5.432874046661565e-06,332.74497383181784,180.56482094824963,b'ssp245',3.677059398015043,291.5966600453115,300.34436992570465,283.03959300055743,b'2029-09-25/2029-10-01',1884988800
2132,25,21,86.66578609728938,0.0118952947041182,b'ACCESS-CM2',7,5.334856830850401e-05,358.646174431144,163.8336830459723,b'ssp245',3.751323555326892,292.7712884660158,301.14831975134894,283.54170629297727,b'2029-10-02/2029-10-08',1885593600
2132,25,21,69.89735772102895,0.0073406848270379,b'ACCESS-CM2',7,3.198439545765165e-05,309.54662134222184,167.4244881281777,b'ssp245',5.6512779557293085,288.23517498226505,298.73283023875786,273.6785362758928,b'2029-10-09/2029-10-15',1886198400
2132,25,21,67.39829813354379,0.0063159398562391,b'ACCESS-CM2',7,2.296783646644656e-05,299.2558662801601,159.17272897928703,b'ssp245',5.873173623748408,286.14375685576965,295.9915709651374,276.6376691830704,b'2029-10-16/2029-10-22',1886803200
2132,25,21,78.71487151073809,0.0072619690291103,b'ACCESS-CM2',7,0.0006147266259457,316.2968661667141,130.96826590031358,b'ssp245',6.129149172041152,285.8707875294215,294.7662670659084,275.2916451248468,b'2029-10-23/2029-10-29',1887408000
2132,25,21,77.72634227335955,0.0073918772954406,b'ACCESS-CM2',7,0.0003967257146235,314.9256445715222,124.22315348801196,b'ssp245',6.791974660432343,286.21709666532627,295.8386828187764,277.0333168179381,b'2029-10-30/2029-11-05',1888012800
2132,25,21,83.47816149334355,0.0072175288825665,b'ACCESS-CM2',7,0.0001076667025277,312.3540311374658,117.44204196401596,b'ssp245',4.1067194546118655,285.609112518434,292.5967442464725,276.5904983154829,b'2029-11-06/2029-11-12',1888617600
2132,25,21,76.25744745258672,0.0041534664320077,b'ACCESS-CM2',7,0.000286257006505,280.95741559291906,95.07217508975567,b'ssp245',5.95825626573346,276.605839045145,292.37959166549655,267.6332725907203,b'2029-11-13/2029-11-19',1889222400
2132,25,21,79.33441147624686,0.0044815809565366,b'ACCESS-CM2',7,8.68318104070079e-05,292.11518884083586,82.06210592859377,b'ssp245',8.06196210334652,279.4717592440622,286.3527833360992,272.0519513564432,b'2029-11-20/2029-11-26',1889827200
2132,25,21,79.00978028540518,0.0036134575034928,b'ACCESS-CM2',7,0.0002490658008888,277.1471794311257,77.68192042289328,b'ssp245',7.27005110839205,275.5588388214444,283.9581165853929,269.28949599588105,b'2029-11-27/2029-12-03',1890432000
2132,25,21,77.17745636632203,0.0039029832669367,b'ACCESS-CM2',7,0.0002143102245803,280.9740424870035,80.4502782563424,b'ssp245',5.201955126261659,276.87134822461974,284.97363713416144,270.4403818167892,b'2029-12-04/2029-12-10',1891036800
2132,25,21,81.63001317232894,0.0042121861721459,b'ACCESS-CM2',7,0.0005822739543687,292.9693131267264,68.45169863565815,b'ssp245',6.707358527176113,277.14651174868817,286.00234047883475,267.9431741419441,b'2029-12-11/2029-12-17',1891641600
2132,25,21,74.37558924428332,0.0034443028124093,b'ACCESS-CM2',7,0.0004869911877326,282.3497113282162,71.51505119497072,b'ssp245',7.766870547409485,276.4342706361516,282.075274432147,272.1365690875417,b'2029-12-18/2029-12-24',1892246400
2132,25,21,73.02970987623293,0.0027936154755757,b'ACCESS-CM2',7,0.0001043105615931,261.88072975840186,77.8919587288176,b'ssp245',6.51552693049113,272.9854350892918,281.626680594384,266.85669304342827,b'2029-12-25/2029-12-31',1892851200
2396,25,11,66.21136308561422,0.0023439345791724,b'ACCESS-CM2',6,1.913317609169253e-05,251.7630251022697,82.63388336649554,b'ssp245',7.943040946241109,272.63200888259627,278.62268150265777,267.9697436990133,b'2024-12-31/2025-01-06',1735603200
2396,25,11,71.43772359503926,0.0020770349327291,b'ACCESS-CM2',7,0.0002510603168971,236.71715898932115,88.8172910227713,b'ssp245',6.132432959758903,268.4153766570227,280.00988029379715,253.42510871477023,b'2025-01-07/2025-01-13',1736208000
2396,25,11,79.76047384675849,0.0036294531438929,b'ACCESS-CM2',7,0.0006216888999794,279.4348665736482,75.06425307052986,b'ssp245',5.859927798522009,275.3996116272275,286.7552533987175,265.9034996260594,b'2025-01-14/2025-01-20',1736812800
2396,25,11,72.64502491831352,0.0039197428842309,b'ACCESS-CM2',7,0.0003490308436219,272.78397393735287,95.63093323259147,b'ssp245',5.793311228705747,275.8973534410369,287.6103301965492,261.61166363605605,b'2025-01-21/2025-01-27',1737417600
2396,25,11,68.47418636355226,0.0027543554189767,b'ACCESS-CM2',7,0.0004959930892655,251.4421925633449,109.75580435976028,b'ssp245',6.790429035619087,271.7269119286134,285.8964476955692,260.5642431480198,b'2025-01-28/2025-02-03',1738022400
2396,25,11,63.68201459294437,0.0019833253121577,b'ACCESS-CM2',7,3.0225919480650865e-05,230.982755151538,129.43925675175504,b'ssp245',7.163484614301123,270.62332428337913,282.0094862633709,263.5907741168351,b'2025-02-04/2025-02-10',1738627200
2396,25,11,73.3978185372093,0.002662424780836,b'ACCESS-CM2',7,0.0004621866035432,239.72845056614872,132.25911768444325,b'ssp245',6.246046389058743,271.71309640379485,281.29583601683845,260.4931502803679,b'2025-02-11/2025-02-17',1739232000
2396,25,11,74.02860992413412,0.0028254526236446,b'ACCESS-CM2',7,3.4625719925178345e-05,247.9373612046588,146.22762554199304,b'ssp245',6.851461269562918,273.1549755226001,279.9464665530261,262.3341905965315,b'2025-02-18/2025-02-24',1739836800
2396,25,11,74.99541388226972,0.0030437752802662,b'ACCESS-CM2',7,0.0003834641741413,251.68274762813988,139.17700511739,b'ssp245',5.799870272589374,273.3461754312693,282.8095996997975,260.41921636109714,b'2025-02-25/2025-03-03',1740441600
2396,25,11,76.4520213701229,0.0034078979884148,b'ACCESS-CM2',7,0.0003053852646777,256.8753399201924,159.65087686705698,b'ssp245',6.700636863586418,274.86857001035565,284.7578548308341,260.4389103350531,b'2025-03-04/2025-03-10',1741046400
2396,25,11,75.87659867262755,0.0034190939043238,b'ACCESS-CM2',7,0.0003666391941514,259.716051585114,157.28017904864663,b'ssp245',6.772186652449013,274.8841590601382,286.381269521041,262.9361217867944,b'2025-03-11/2025-03-17',1741651200
2396,25,11,80.25189946010711,0.0038239967182006,b'ACCESS-CM2',7,8.996153131230805e-05,268.0341431669335,166.57137299755937,b'ssp245',5.447164021939787,276.9106386819173,281.554042510804,268.94198907375903,b'2025-03-18/2025-03-24',1742256000
2396,25,11,79.83921407298192,0.0046900789245704,b'ACCESS-CM2',7,0.0003382669577781,269.3530777063482,190.2873445749486,b'ssp245',4.698907493914247,279.8070833564598,289.9457643570439,270.0556790113734,b'2025-03-25/2025-03-31',1742860800
2396,25,11,76.19117314653973,0.0045230615919273,b'ACCESS-CM2',7,0.0001740786256927,264.3770178687269,211.17713790844076,b'ssp245',6.379817795236682,279.68218894134225,289.0459617696782,269.76417011001206,b'2025-04-01/2025-04-07',1743465600
2396,25,11,80.51864452528086,0.0054875635128689,b'ACCESS-CM2',7,8.818823520792726e-05,284.54824061864963,211.88996537705495,b'ssp245',4.382169038571073,281.89228905962483,289.59573772617284,270.8090401014832,b'2025-04-08/2025-04-14',1744070400
2396,25,11,86.30870432348296,0.007642584925835,b'ACCESS-CM2',7,0.0003618536743586,309.6660632790916,202.3611890939666,b'ssp245',4.510462450643392,286.2734437087307,296.62513209699586,275.75778905579125,b'2025-04-15/2025-04-21',1744675200
2396,25,11,85.3222873217011,0.0073250667260392,b'ACCESS-CM2',7,0.0001333315438517,302.243492010572,222.76505227584565,b'ssp245',3.93000098604618,284.9787512234116,297.44095297099017,274.3299600289002,b'2025-04-22/2025-04-28',1745280000
2396,25,11,88.44869314214235,0.0098248929800098,b'ACCESS-CM2',7,0.0001248947972815,337.6607688725412,208.28465291570325,b'ssp245',4.4245727135879145,289.4327896412454,296.95284140893347,277.909843927928,b'2025-04-29/2025-05-05',1745884800
2396,25,11,66.6202450368282,0.0048048055760881,b'ACCESS-CM2',7,1.70874285241854e-06,270.59477602920754,276.3951109042854,b'ssp245',5.647942627345077,282.68565549132643,293.05426510317494,273.7591649719749,b'2025-05-06/2025-05-12',1746489600
2396,25,11,77.81562983963265,0.0082440565127696,b'ACCESS-CM2',7,7.515775380613366e-05,309.4063391254957,279.9924570875661,b'ssp245',3.160145650688832,288.1024981900925,299.67943530156765,274.0650622004392,b'2025-05-13/2025-05-19',1747094400
2396,25,11,82.7180297416639,0.0099111409329499,b'ACCESS-CM2',7,0.000419776432064,320.477286218193,277.2841650277076,b'ssp245',3.318216331645193,290.54402864595835,299.4489455502235,277.37517220372945,b'2025-05-20/2025-05-26',1747699200
2396,25,11,78.57230464833083,0.0104501126702053,b'ACCESS-CM2',7,0.0002230188608627,315.2728684792077,326.0227484975705,b'ssp245',3.595121262178911,291.1048753578562,303.8298969519466,275.2900355258153,b'2025-05-27/2025-06-02',1748304000
2396,25,11,81.01548573392552,0.0104869022838425,b'ACCESS-CM2',7,0.0004678709453445,335.3637615880333,282.207103798914,b'ssp245',3.644588571539672,291.47057798157414,302.8473673356762,280.7405978513875,b'2025-06-03/2025-06-09',1748908800
2396,25,11,76.98918126853869,0.0129737661495603,b'ACCESS-CM2',7,0.0001833128926296,349.78495399747254,325.9074733699624,b'ssp245',2.9533102184579856,295.8094527633102,307.0489471690771,282.8651001268248,b'2025-06-10/2025-06-16',1749513600
2396,25,11,79.30424491698719,0.0125329290184615,b'ACCESS-CM2',7,0.0003882752010821,348.9878716612863,298.65789411564003,b'ssp245',3.885435372270564,294.3961952054515,304.7674813583902,282.60511220113915,b'2025-06-17/2025-06-23',1750118400
2396,25,11,80.48250664344603,0.0150070479815247,b'ACCESS-CM2',7,0.0002229010482523,368.9100247155402,305.2046297629715,b'ssp245',3.219338214200071,297.5616556855472,309.8695851169892,284.1945646188023,b'2025-06-24/2025-06-30',1750723200
2396,25,11,71.35226772937948,0.0135281476238114,b'ACCESS-CM2',7,6.130754248386992e-05,361.68139003083695,293.614258539109,b'ssp245',3.560484881347348,297.17187683865933,309.3309318879742,284.0361989156889,b'2025-07-01/2025-07-07',1751328000
2396,25,11,71.1940411686348,0.0114236487163747,b'ACCESS-CM2',7,0.0002624697642492,341.290764843325,314.1985734430754,b'ssp245',4.295080380912608,293.3840347240557,303.31498592472417,280.07522105373084,b'2025-07-08/2025-07-14',1751932800
2396,25,11,81.34545711837016,0.0168899734701466,b'ACCESS-CM2',7,0.0003946242226669,385.6724515785677,274.81707641789075,b'ssp245',3.452637331114224,299.66889568953246,311.15703157085386,286.655030937605,b'2025-07-15/2025-07-21',1752537600
2396,25,11,70.42020727933358,0.0121161315557079,b'ACCESS-CM2',7,0.0001482535015314,347.1751700337988,310.3584174465291,b'ssp245',3.1584025885509868,294.47422295964446,306.02926774292723,281.7084769519,b'2025-07-22/2025-07-28',1753142400
2396,25,11,76.18916393917439,0.0132502834069414,b'ACCESS-CM2',7,0.0004422320903659,355.7385044517849,282.7206535905798,b'ssp245',2.9794362814968856,295.17134374724986,308.9749669082989,279.54874885951034,b'2025-07-29/2025-08-04',1753747200
2396,25,11,75.47360120891487,0.0138486913302196,b'ACCESS-CM2',7,0.0002993909366135,370.4423788018266,241.51131874783732,b'ssp245',3.332489212028483,296.8667681867056,308.4550974491534,283.84136448795226,b'2025-08-05/2025-08-11',1754352000
2396,25,11,76.03223470234387,0.0109498052393505,b'ACCESS-CM2',7,4.541660911085305e-05,347.4029882912506,251.28467283885337,b'ssp245',3.4494515113770343,293.1406652994542,301.3699225969212,281.90281482181524,b'2025-08-12/2025-08-18',1754956800
2396,25,11,81.60708122689644,0.0120665715998767,b'ACCESS-CM2',7,0.0003975672173231,358.5836478899233,209.3835238827681,b'ssp245',3.391271270507634,293.7694818301705,302.7058405175431,280.9454130949797,b'2025-08-19/2025-08-25',1755561600
2396,25,11,80.80956808319067,0.0113447617852615,b'ACCESS-CM2',7,0.0001292970341502,351.06766886205725,221.0947716617405,b'ssp245',2.857282357159725,293.3475622023143,300.30619420059554,279.8399521475625,b'2025-08-26/2025-09-01',1756166400
2396,25,11,71.00675206429358,0.0108051677088231,b'ACCESS-CM2',7,0.0001313721415158,345.9638065950804,219.4962121325765,b'ssp245',4.984485974753752,293.2623915638934,304.36397681014085,280.0582512384959,b'2025-09-02/2025-09-08',1756771200
2396,25,11,86.49419349036255,0.0115292935038786,b'ACCESS-CM2',7,0.0011740918064716,361.77521213961865,160.36570571636375,b'ssp245',3.523995789901289,292.1324259804711,302.785248495487,274.85931881411244,b'2025-09-09/2025-09-15',1757376000
2396,25,11,75.4966101196362,0.010311139678434,b'ACCESS-CM2',7,0.0003345337024349,345.64594003287044,191.19809099032335,b'ssp245',3.927001310790597,292.12844624660147,304.1759486409214,279.3660620685974,b'2025-09-16/2025-09-22',1757980800
2396,25,11,82.00840876081693,0.0093469715451166,b'ACCESS-CM2',7,0.0003711409939658,336.171129186643,169.30639599736466,b'ssp245',3.1105617003588164,289.8584057921374,297.7849140053297,278.6646646843732,b'2025-09-23/2025-09-29',1758585600
2396,25,11,81.06505956224949,0.0094087770836432,b'ACCESS-CM2',7,0.0001916817499483,332.3070800906258,171.81761658918046,b'ssp245',3.6593015392112704,289.7318069241848,299.7300394621089,277.4012668842056,b'2025-09-30/2025-10-06',1759190400
2396,25,11,81.91600378049195,0.0079002474371249,b'ACCESS-CM2',7,0.0003123961198962,329.5696730215733,130.0711959640938,b'ssp245',3.8826819526841976,288.1676681005501,295.44660473895334,277.22845101669844,b'2025-10-07/2025-10-13',1759795200
2396,25,11,76.01803588085887,0.0059313441407844,b'ACCESS-CM2',7,0.0003764183647331,299.98978018968216,141.62205101699425,b'ssp245',4.39822660975335,283.637442358811,294.2245643460765,273.30559620919905,b'2025-10-14/2025-10-20',1760400000
2396,25,11,78.13937544476805,0.0054155826904556,b'ACCESS-CM2',7,0.000393110701716,295.8995222100465,124.27056390072508,b'ssp245',5.47449333595729,282.2554604796791,292.53588039530365,270.9498464568399,b'2025-10-21/2025-10-27',1761004800
2396,25,11,82.71271657740262,0.0073947951734576,b'ACCESS-CM2',7,7.117259827248711e-05,312.2935658923838,127.72251190742875,b'ssp245',4.24538492118769,285.49810802995563,296.72073947628485,273.54310620671384,b'2025-10-28/2025-11-03',1761609600
2396,25,11,85.66768548707951,0.0063443134482717,b'ACCESS-CM2',7,0.0003602274516225,310.6358569969311,95.2687254054572,b'ssp245',4.652890970080678,283.10170300899256,293.0224915644601,273.6371000921142,b'2025-11-04/2025-11-10',1762214400
2396,25,11,82.48923429797424,0.0063383766299933,b'ACCESS-CM2',7,0.0004265576862958,307.7147850743698,97.06110702673512,b'ssp245',5.738299978941165,282.87001696754425,291.9794991514874,271.78150303702773,b'2025-11-11/2025-11-17',1762819200
2396,25,11,67.386638630289,0.0030217325416769,b'ACCESS-CM2',7,5.273757076280517e-06,255.98916209804096,98.8665793725382,b'ssp245',6.938782620661941,274.9858686633028,284.82003401342683,269.5329728394284,b'2025-11-18/2025-11-24',1763424000
2396,25,11,76.43253634248218,0.0038081316480371,b'ACCESS-CM2',7,0.0002253246044215,271.4350118329448,89.82861900687685,b'ssp245',5.353236917465452,276.3210479012324,286.0044526130922,268.74609054146134,b'2025-11-25/2025-12-01',1764028800
2396,25,11,75.31756240602523,0.0023642025374458,b'ACCESS-CM2',7,0.0001762815818708,245.8197655926021,83.32316494818168,b'ssp245',7.71397652188998,269.61506923943136,278.0954040381501,258.3277351260897,b'2025-12-02/2025-12-08',1764633600
2396,25,11,81.47501585023316,0.001782687650499,b'ACCESS-CM2',7,5.969418471891189e-05,227.12227775806815,88.27498555871117,b'ssp245',5.318255339207595,265.89962526351684,273.3296312995282,258.1949716656866,b'2025-12-09/2025-12-15',1765238400
2396,25,11,78.02181713913545,0.0034212853522801,b'ACCESS-CM2',7,0.0006563606822712,270.11867506916275,72.69501683133761,b'ssp245',6.339618365946515,273.31516873329895,284.63321130677366,257.4746694074879,b'2025-12-16/2025-12-22',1765843200
2396,25,11,75.49604552295514,0.0027029266957902,b'ACCESS-CM2',7,0.0005745627777443,245.72832354499857,79.56420363963188,b'ssp245',5.856807470809969,270.9757500782133,283.9995385902614,259.405031484515,b'2025-12-23/2025-12-29',1766448000
2396,25,11,75.21674141702361,0.0034432829981823,b'ACCESS-CM2',7,0.0001212548248028,271.6376030149263,72.85732027019,b'ssp245',4.901166579934554,276.47380191186403,281.74883920175057,270.5821956876074,b'2025-12-30/2026-01-05',1767052800
2396,25,11,73.22927878842579,0.0024737878808882,b'ACCESS-CM2',7,0.0004104303122373,252.09748559324467,81.56131026630497,b'ssp245',8.057108104625728,271.288556576996,284.16612591851714,258.75719584074216,b'2026-01-06/2026-01-12',1767657600
2396,25,11,72.13672880988862,0.0032511305418513,b'ACCESS-CM2',7,0.0003304922884123,266.00863459688503,85.21142531963191,b'ssp245',5.2590694624849865,274.9844445982043,281.5311309923835,263.33516413279614,b'2026-01-13/2026-01-19',1768262400
2396,25,11,72.08619568839906,0.0025325605503033,b'ACCESS-CM2',7,5.769186517002765e-05,245.92920747969535,102.54651733127588,b'ssp245',5.982244197572329,271.64966776623703,279.0726576500896,260.319086874685,b'2026-01-20/2026-01-26',1768867200
2396,25,11,74.12815641945876,0.0023937118159427,b'ACCESS-CM2',7,0.0002554366966003,246.394692622307,107.73910343022372,b'ssp245',6.793970714028042,271.20700365969253,278.0335153741506,263.845616239231,b'2026-01-27/2026-02-02',1769472000
2396,25,11,77.55943663206946,0.0025980302219415,b'ACCESS-CM2',7,0.0001294970043082,252.31743718316724,116.36154360103004,b'ssp245',4.767302096347839,271.81197198183185,279.77370420977775,261.96894531979217,b'2026-02-03/2026-02-09',1770076800
2396,25,11,78.28164065521027,0.0029377355241278,b'ACCESS-CM2',7,0.0002882270808854,258.92572930657144,121.0004792949978,b'ssp245',5.369380778349957,272.1969762523135,283.25013865991593,259.5991831498049,b'2026-02-10/2026-02-16',1770681600
2396,25,11,73.14554026574888,0.0028204881876089,b'ACCESS-CM2',7,0.0004151393594729,246.33291432735027,131.78852774963016,b'ssp245',6.974319994907408,270.6179482778565,288.38939594738235,254.2101964551773,b'2026-02-17/2026-02-23',1771286400
2396,25,11,74.07936157458347,0.0016496625683323,b'ACCESS-CM2',7,0.0001011359641485,210.17954802232344,171.77420830714416,b'ssp245',5.314240120278831,265.94630007883006,278.33126324251424,252.18997708301248,b'2026-02-24/2026-03-02',1771891200
2396,25,11,78.9849675431311,0.0045220941681647,b'ACCESS-CM2',7,0.0007007291900646,277.80635739593583,147.30800856931927,b'ssp245',6.37064845156275,277.6256340041179,291.46909320425675,266.3638629434784,b'2026-03-03/2026-03-09',1772496000
2396,25,11,69.59772500440029,0.0025865556482163,b'ACCESS-CM2',7,9.114715936942124e-05,237.41816633035347,178.97344355038723,b'ssp245',7.1286702010387,271.04448111241624,285.4769053396501,252.32339674426663,b'2026-03-10/2026-03-16',1773100800
2396,25,11,79.06464041172593,0.0033186458792018,b'ACCESS-CM2',7,0.0003984445708655,251.03398251081825,183.5636420392364,b'ssp245',4.86693663803826,274.23849979523686,285.0676716174419,261.5279061922463,b'2026-03-17/2026-03-23',1773705600
2396,25,11,80.17328802077188,0.004656162323687,b'ACCESS-CM2',7,0.0002206583811749,264.2347628425303,204.99044826499104,b'ssp245',4.746254414416638,278.2718728946569,293.2672159976572,265.866208640478,b'2026-03-24/2026-03-30',1774310400
2396,25,11,79.54677911625927,0.0051197297738781,b'ACCESS-CM2',7,6.780776097598577e-05,275.64949800797666,213.17012089815412,b'ssp245',4.404068256974893,280.85351056738466,293.27145969112854,268.0987120050683,b'2026-03-31/2026-04-06',1774915200
2396,25,11,80.07270482954138,0.0061429854516428,b'ACCESS-CM2',7,0.000705585898012,285.1655272057204,190.16411990992424,b'ssp245',5.990848358671583,282.45560547645886,294.745034677011,267.11210393506855,b'2026-04-07/2026-04-13',1775520000
2396,25,11,75.92979569963312,0.0060032910359302,b'ACCESS-CM2',7,6.296186355819675e-05,286.4038818119776,230.78061052027124,b'ssp245',4.933622597671446,283.50471924994866,295.3442559646734,272.93936572878164,b'2026-04-14/2026-04-20',1776124800
2396,25,11,76.66432614708175,0.0052483953807927,b'ACCESS-CM2',7,2.105882810747466e-06,263.2117790955288,264.3704787705372,b'ssp245',3.536456219855786,281.71165132693494,292.98060937879194,271.5566463857853,b'2026-04-21/2026-04-27',1776729600
2396,25,11,84.85633163204737,0.007528113114709,b'ACCESS-CM2',7,0.0003700280184265,304.5372157724345,238.12194473935915,b'ssp245',3.573553851937084,286.1451298976885,294.1012993269069,275.9067256658593,b'2026-04-28/2026-05-04',1777334400
2396,25,11,74.4155757570047,0.0060451114305042,b'ACCESS-CM2',7,0.0002462581873989,288.28044026328104,260.3059552608242,b'ssp245',5.697414104717546,284.33936473496806,294.94457202031765,274.00574116951816,b'2026-05-05/2026-05-11',1777939200
2396,25,11,80.48358268627109,0.0094619624943455,b'ACCESS-CM2',7,0.0001203379708009,305.2416664979059,297.45609547396447,b'ssp245',3.999217677266957,289.49840625737545,299.86775515612163,278.6833041429235,b'2026-05-12/2026-05-18',1778544000
2396,25,11,78.767577609342,0.0087182905182736,b'ACCESS-CM2',7,0.0001624645491406,307.5411436956965,287.585707750921,b'ssp245',3.8219695656265817,288.92350015088465,298.969544040402,275.83279564787983,b'2026-05-19/2026-05-25',1779148800
2396,25,11,89.18827682836286,0.00967807623652,b'ACCESS-CM2',7,0.0006044890730571,331.48872156463847,244.49427484452755,b'ssp245',3.88587472005028,288.71640112571373,299.517818327873,279.9570132019699,b'2026-05-26/2026-06-01',1779753600
2396,25,11,87.47563187142934,0.0113057388901331,b'ACCESS-CM2',7,0.0007858797856525,337.5428166100548,269.1851389113903,b'ssp245',3.21820500383688,291.2602380979466,299.97854238712944,280.5808349755218,b'2026-06-02/2026-06-08',1780358400
2396,25,11,79.18575789371354,0.0125695992477986,b'ACCESS-CM2',7,0.0003960597298505,346.04768928648934,305.51803681321024,b'ssp245',4.203748990089989,294.867180343292,304.2228737743381,283.93414117045154,b'2026-06-09/2026-06-15',1780963200
2396,25,11,74.22313504040821,0.0117466502919421,b'ACCESS-CM2',7,0.0003345005895931,342.07435134181924,315.1172031520434,b'ssp245',4.010207635730906,293.8786735371897,303.1484796485309,281.42860345145425,b'2026-06-16/2026-06-22',1781568000
2396,25,11,82.22162208615727,0.0117440566016488,b'ACCESS-CM2',7,0.0003828322391866,346.7916714065533,279.63455038205785,b'ssp245',3.233615925133401,292.94227399303554,300.63598570829373,282.326093521027,b'2026-06-23/2026-06-29',1782172800
2396,25,11,79.53636774159796,0.0158382744531055,b'ACCESS-CM2',7,0.000323868311396,373.5161627271228,310.45678267679966,b'ssp245',3.4794903035089817,298.89737371316767,308.2673161915696,285.63923417140364,b'2026-06-30/2026-07-06',1782777600
2396,25,11,70.52400418600749,0.0109148481219369,b'ACCESS-CM2',7,8.168544097892569e-05,342.743557676233,301.64552465993245,b'ssp245',4.547524552842541,293.7769867688199,305.6903934455972,278.60501572621484,b'2026-07-07/2026-07-13',1783382400
2396,25,11,87.93628638196387,0.0154012228921945,b'ACCESS-CM2',7,0.0007049689162129,373.50046118576586,258.50370097123715,b'ssp245',4.495873068884221,296.8795887468048,303.89668749737484,281.42264552327185,b'2026-07-14/2026-07-20',1783987200
2396,25,11,80.87298861931852,0.0149985347485179,b'ACCESS-CM2',7,0.0005303473246671,371.4339651643955,258.08761427137586,b'ssp245',4.146584894372693,296.93673487290687,305.6744863858787,282.7885946731841,b'2026-07-21/2026-07-27',1784592000
2396,25,11,80.92684040177008,0.0141907837756904,b'ACCESS-CM2',7,0.0003490255846857,365.73629693550384,256.6231606505108,b'ssp245',3.617124722748207,296.25551897821464,303.57617450016807,282.4062125913559,b'2026-07-28/2026-08-03',1785196800
2396,25,11,76.1206389135988,0.0136473104480115,b'ACCESS-CM2',7,0.0003121659496482,363.2199036259154,259.3357132043951,b'ssp245',3.0936968894231884,296.1793742455767,306.51162577529965,283.53763076253546,b'2026-08-04/2026-08-10',1785801600
2396,25,11,71.77515942270306,0.0121916564628748,b'ACCESS-CM2',7,5.6323486281276335e-06,352.16201253546893,263.1969289914763,b'ssp245',2.829731955770788,294.8549131363157,306.80229695638025,283.80660339865915,b'2026-08-11/2026-08-17',1786406400
2396,25,11,75.54047684247105,0.014057957864522,b'ACCESS-CM2',7,0.0002580916112074,368.8355499179031,234.63235698647213,b'ssp245',3.841448756773168,297.3604046961089,307.73467481606326,286.878000712879,b'2026-08-18/2026-08-24',1787011200
2396,25,11,82.6622607961493,0.0146600152406396,b'ACCESS-CM2',7,0.0002939101124686,368.71391405508285,231.2718032079053,b'ssp245',2.8661244482610755,296.65027751359423,307.2146928757608,283.043704453335,b'2026-08-25/2026-08-31',1787616000
2396,25,11,73.82008246249113,0.012620971112522,b'ACCESS-CM2',7,0.0002055572104277,360.2091187846439,226.87620334263892,b'ssp245',3.885660896856318,296.1410004459036,306.918361394921,280.73854026657705,b'2026-09-01/2026-09-07',1788220800
2396,25,11,71.28222896629968,0.0095130441315188,b'ACCESS-CM2',7,8.963041963519741e-05,333.8183888404275,216.22374700209983,b'ssp245',3.2883567907721094,291.2371003150452,301.5446148397248,278.60840058867933,b'2026-09-08/2026-09-14',1788825600
2396,25,11,76.16992971143904,0.00966193357425,b'ACCESS-CM2',7,0.0003057462192703,333.5806551619304,195.252102848124,b'ssp245',4.5083998599380415,290.92751734027644,302.6634229069828,277.98183992629697,b'2026-09-15/2026-09-21',1789430400
2396,25,11,79.90847907104595,0.0091956126825372,b'ACCESS-CM2',7,0.0005414312298578,333.4244212306671,173.98516794007108,b'ssp245',4.782773306435296,289.8640005981216,298.0913015568413,278.30464582545784,b'2026-09-22/2026-09-28',1790035200
2396,25,11,73.5808644188124,0.0062952063403728,b'ACCESS-CM2',7,9.09938348889577e-05,298.8365327568464,174.62174390879767,b'ssp245',4.9434726079549165,285.4002157856853,295.77238108863963,276.01302808900607,b'2026-09-29/2026-10-05',1790640000
2396,25,11,75.29929060577065,0.0072154416996755,b'ACCESS-CM2',7,0.0002554415572989,317.365136191633,151.6513979004031,b'ssp245',5.539236636104021,286.08277490696906,298.39968303283905,273.43548489186645,b'2026-10-06/2026-10-12',1791244800
2396,25,11,77.80950721861824,0.007031956118269,b'ACCESS-CM2',7,0.0003912821570035,306.3020385908865,144.9376696358567,b'ssp245',4.699055250278206,285.8826521876567,297.096846021062,277.18117447537475,b'2026-10-13/2026-10-19',1791849600
2396,25,11,74.39811404310085,0.0047552776463722,b'ACCESS-CM2',7,2.208835898537366e-06,291.20208508448707,124.44127472335312,b'ssp245',4.70515623245656,280.9276426555884,287.54050696223726,273.72601978297445,b'2026-10-20/2026-10-26',1792454400
2396,25,11,74.99177069077213,0.0046093048809426,b'ACCESS-CM2',7,0.0001292766640686,279.3029738538683,121.65134684765655,b'ssp245',5.241426252020689,279.5141034130351,289.5698172912233,268.7094816620347,b'2026-10-27/2026-11-02',1793059200
2396,25,11,80.24759601932233,0.0044110617857492,b'ACCESS-CM2',7,0.0004434795807872,278.3000279023066,115.06478967909156,b'ssp245',5.306559991055248,277.6178370415707,289.27315080977684,266.2137362572455,b'2026-11-03/2026-11-09',1793664000
2396,25,11,80.51213982773022,0.0053057949790544,b'ACCESS-CM2',7,0.0003822149831416,294.92896904776904,101.12191570234452,b'ssp245',4.453157067278543,281.0491432337086,290.7963167871911,273.2468275573803,b'2026-11-10/2026-11-16',1794268800
2396,25,11,80.1292239734593,0.0042677511418399,b'ACCESS-CM2',7,0.0005059950338055,281.07755841425933,89.75305083783175,b'ssp245',6.69310784417221,276.9867620225611,287.76921477141207,264.3346673562108,b'2026-11-17/2026-11-23',1794873600
2396,25,11,78.62190976186017,0.0039154364631109,b'ACCESS-CM2',7,0.0004891064944829,274.2496679839593,87.3797474776667,b'ssp245',5.230953780146747,275.9234351050551,287.6168895069701,266.82025915804445,b'2026-11-24/2026-11-30',1795478400
2396,25,11,79.81197230542026,0.0044948388443266,b'ACCESS-CM2',7,0.0008019523628672,277.412762528781,76.845985001113,b'ssp245',5.553097671607103,277.16661329345914,288.9018933149222,264.2496716352347,b'2026-12-01/2026-12-07',1796083200
2396,25,11,66.16875285096371,0.0025306600375487,b'ACCESS-CM2',7,1.6433036631103055e-05,249.6251391104656,82.44734832039669,b'ssp245',7.397028714362459,273.51480505169,285.0090745495212,267.3365195216244,b'2026-12-08/2026-12-14',1796688000
2396,25,11,71.19578075783309,0.002239763420482,b'ACCESS-CM2',7,2.156281852880493e-05,233.29539867634864,87.68744900715312,b'ssp245',6.180423805709177,270.0825667946916,277.6165452088934,256.0166315331681,b'2026-12-15/2026-12-21',1797292800
2396,25,11,73.05410786785146,0.0020707126047151,b'ACCESS-CM2',7,0.0001042520786178,226.4010464560357,86.29247855912256,b'ssp245',5.371436597544457,268.2431031783951,284.2106398351161,256.82634444333604,b'2026-12-22/2026-12-28',1797897600
2396,25,11,77.3523581433691,0.0039193113364678,b'ACCESS-CM2',7,0.0001799842639672,275.271570049754,79.65162249225095,b'ssp245',5.505347790582165,276.8203657221562,285.21689353222774,271.1688331959495,b'2026-12-29/2027-01-04',1798502400
2396,25,11,68.84108884596219,0.0027330314206764,b'ACCESS-CM2',7,3.857177440030857e-06,243.6770489717592,95.37103108583324,b'ssp245',6.367392692453606,273.9412032786765,279.09415438525565,267.7962738729862,b'2027-01-05/2027-01-11',1799107200
2396,25,11,76.40095545541999,0.0030088718270176,b'ACCESS-CM2',7,0.0003377498126088,265.0126210811867,82.2753305573536,b'ssp245',5.233754607593063,273.97632719848235,280.0917208545097,266.53448420698925,b'2027-01-12/2027-01-18',1799712000
2396,25,11,74.82309291362355,0.0018418749075604,b'ACCESS-CM2',7,0.0002573955918175,238.382643947546,97.39263000201808,b'ssp245',7.814344677955224,266.9758882276799,276.08669577248776,254.3883792234578,b'2027-01-19/2027-01-25',1800316800
2396,25,11,77.87483022611364,0.0020562882470503,b'ACCESS-CM2',7,0.0002115985277556,240.9240038289534,98.51684429092523,b'ssp245',6.411639278955194,267.6167283091535,281.5840793185764,253.37891221131903,b'2027-01-26/2027-02-01',1800921600
2396,25,11,75.0598379116576,0.0022520255487573,b'ACCESS-CM2',7,0.0002616278861791,232.50937835802745,127.69564930540972,b'ssp245',5.756375658001423,269.2010639149656,281.4011537102958,254.7191060748721,b'2027-02-02/2027-02-08',1801526400
2396,25,11,73.19920933663714,0.0026907559410646,b'ACCESS-CM2',7,0.000231224712171,241.99019171862412,132.4595686656498,b'ssp245',7.233592130031413,271.2259454553008,284.69197489055966,260.68143487745715,b'2027-02-09/2027-02-15',1802131200
2396,25,11,70.58547410120185,0.0019880305522213,b'ACCESS-CM2',7,5.4062030640266005e-05,218.40635822046775,156.7640769373823,b'ssp245',5.655796303401568,268.57048389638607,277.5213456421628,253.66658978935067,b'2027-02-16/2027-02-22',1802736000
2396,25,11,77.01146543365755,0.0025701440040137,b'ACCESS-CM2',7,0.0007343828458737,241.13283996790375,148.78752051980285,b'ssp245',7.90336400580744,270.9847579151316,280.1513671145787,260.29907197393965,b'2027-02-23/2027-03-01',1803340800
2396,25,11,77.88051314841441,0.0027449624368731,b'ACCESS-CM2',7,0.0001872264683505,240.81441331255616,176.2793419403842,b'ssp245',4.85150573770022,271.6270578660784,283.2606112937062,261.96248007789166,b'2027-03-02/2027-03-08',1803945600
2396,25,11,73.68420507623425,0.003115208659718,b'ACCESS-CM2',7,0.0004627706381064,250.8979354262006,178.4591328011659,b'ssp245',7.51510408946446,274.5027173145332,285.3846413305868,266.9133373702584,b'2027-03-09/2027-03-15',1804550400
2396,25,11,78.81957232502464,0.0039599909504198,b'ACCESS-CM2',7,0.0002656288605598,261.02248251440176,198.2953613249998,b'ssp245',5.212568651838379,276.6296367602943,285.84902378023025,267.5591250548369,b'2027-03-16/2027-03-22',1805155200
2396,25,11,71.58315025000141,0.0031759298673904,b'ACCESS-CM2',7,0.0002028664688145,236.61090521512128,229.90557371713456,b'ssp245',5.2982148753028,274.20966817918014,286.97318737253346,262.38703369724,b'2027-03-23/2027-03-29',1805760000
2396,25,11,69.33721068565055,0.0028629569389385,b'ACCESS-CM2',7,7.9129877920573e-05,237.21437594662308,232.41225346755527,b'ssp245',5.6389438980654,273.1445802948055,283.40586472013376,259.3617686063158,b'2027-03-30/2027-04-05',1806364800
2396,25,11,71.73061365901377,0.0038198189895595,b'ACCESS-CM2',7,0.0001606760596625,251.25915798194416,225.3813806557578,b'ssp245',5.015019100626737,277.6216442175216,286.929214641612,263.6569977718157,b'2027-04-06/2027-04-12',1806969600
2396,25,11,87.57474831644434,0.0061037940437167,b'ACCESS-CM2',7,0.0006415408168629,294.14922878501727,200.2853376704651,b'ssp245',3.749669267915992,282.0921884208923,289.7783848843409,273.9774112678628,b'2027-04-13/2027-04-19',1807574400
2396,25,11,81.39258942650456,0.0068812312960133,b'ACCESS-CM2',7,0.0001955978469465,278.8621308716883,248.8342883345576,b'ssp245',3.195634110854091,284.2769468027204,294.9063619342471,271.8229324541354,b'2027-04-20/2027-04-26',1808179200
2396,25,11,83.38939797485581,0.0080438856754586,b'ACCESS-CM2',7,0.0002183888478413,304.95905878601235,241.32401015071216,b'ssp245',3.8755991562252303,286.75683141116866,304.317702244402,273.4621921480058,b'2027-04-27/2027-05-03',1808784000
2396,25,11,77.4637373732023,0.0097915617806954,b'ACCESS-CM2',7,0.0001187123003884,314.6893241323695,288.6672160377639,b'ssp245',5.305108412436444,290.6447374819489,303.9591437810354,276.7645801102104,b'2027-05-04/2027-05-10',1809388800
2396,25,11,74.90274791453841,0.008099072037044,b'ACCESS-CM2',7,0.0001378159711061,293.6892242014948,307.6007802389978,b'ssp245',5.152261063799879,288.01723958249994,303.0242581931494,273.5357631377992,b'2027-05-11/2027-05-17',1809993600
2396,25,11,79.79861850741781,0.0093437163692547,b'ACCESS-CM2',7,0.0003881351173849,308.22279267539795,303.4618884931552,b'ssp245',3.3857146667567384,289.7903848398381,300.3467152731108,274.6881415254326,b'2027-05-18/2027-05-24',1810598400
2396,25,11,83.29978007134123,0.0116190095068887,b'ACCESS-CM2',7,3.777093888765596e-05,330.5491978049095,328.2954495546049,b'ssp245',2.883605945881448,292.64664446337065,304.2446063370972,276.8401092565758,b'2027-05-25/2027-05-31',1811203200
2396,25,11,74.75011714942465,0.0099633943824722,b'ACCESS-CM2',7,0.0001369838488535,312.8040003622732,335.62362393276504,b'ssp245',4.093220497809451,291.5238716736204,303.04345498945264,277.2433723258289,b'2027-06-01/2027-06-07',1811808000
2396,25,11,76.96168142456429,0.0119961822877714,b'ACCESS-CM2',7,0.0003157110832093,346.36410299009134,287.6606113286042,b'ssp245',4.486352295085297,294.06093349870224,307.76375646374703,280.21264396858896,b'2027-06-08/2027-06-14',1812412800
2396,25,11,72.80025386859134,0.0116155315800943,b'ACCESS-CM2',7,9.702770451519352e-05,341.99343229841713,317.88740784097683,b'ssp245',3.772123606543957,294.2251979647531,307.75567557677863,282.09283757181294,b'2027-06-15/2027-06-21',1813017600
2396,25,11,78.56186980602175,0.0125179632982856,b'ACCESS-CM2',7,0.0002193150591476,354.82977408470805,278.9542892073218,b'ssp245',3.526705328444406,294.8087224769885,307.22937573213017,284.97731461063506,b'2027-06-22/2027-06-28',1813622400
2396,25,11,75.53359872518821,0.0130039510231469,b'ACCESS-CM2',7,0.00021669118951,349.0524106615741,318.1760471524344,b'ssp245',3.712011894404146,295.22823374758485,305.64524354558694,281.3612554224304,b'2027-06-29/2027-07-05',1814227200
2396,25,11,72.76094464642091,0.0140768609634856,b'ACCESS-CM2',7,6.0433079869271e-05,361.6011580053624,317.73767761240885,b'ssp245',3.6943149597983775,297.2972573734302,310.54264330208804,283.8519501498096,b'2027-07-06/2027-07-12',1814832000
2396,25,11,78.44925396058682,0.0148360056465325,b'ACCESS-CM2',7,0.0005048656779011,367.222977728908,291.81565651451695,b'ssp245',3.0639612077344176,297.1218769251232,308.0241265701422,281.2262290307413,b'2027-07-13/2027-07-19',1815436800
2396,25,11,90.81309087245128,0.0163665089289237,b'ACCESS-CM2',7,0.0004769255220794,382.7759250602456,250.14353262228573,b'ssp245',3.324474658101752,298.18586390570664,306.37097820614684,291.49851816557924,b'2027-07-20/2027-07-26',1816041600
2396,25,11,77.6756277232472,0.0146485975590464,b'ACCESS-CM2',7,1.6777226756126563e-05,365.7014996459774,287.9873220063168,b'ssp245',1.868184492030146,297.068853406618,306.7301448698967,284.5888062981864,b'2027-07-27/2027-08-02',1816646400
2396,25,11,82.92766809601856,0.016807665404954,b'ACCESS-CM2',7,0.0004756923986906,384.78139747298,249.5309680105985,b'ssp245',3.3471678291740097,299.6445251662773,310.0234780807221,287.9011382509731,b'2027-08-03/2027-08-09',1817251200
2396,25,11,81.13935840201064,0.0124089310829814,b'ACCESS-CM2',7,0.0002487014570195,356.8515716932967,242.08585203098832,b'ssp245',3.4844207980665742,294.2648178702187,306.84256721596853,283.7221228304444,b'2027-08-10/2027-08-16',1817856000
2396,25,11,81.82055255312382,0.014601683150484,b'ACCESS-CM2',7,0.0001597226341393,372.0035206211531,232.30765528368812,b'ssp245',2.6883283383733567,297.47084339960253,308.6287272645866,289.12660798832786,b'2027-08-17/2027-08-23',1818460800
2396,25,11,81.550577376275,0.0143186329673377,b'ACCESS-CM2',7,0.0004589741788015,375.88177955889176,209.6910987745924,b'ssp245',2.7160734759294294,297.32217818190367,306.7357253937169,286.46701221169826,b'2027-08-24/2027-08-30',1819065600
2396,25,11,84.04764742573732,0.0140242011631729,b'ACCESS-CM2',7,8.494161268862082e-05,367.226639650771,219.80168710224535,b'ssp245',2.375780210618701,296.4469771950821,305.57292837054075,287.2524195663106,b'2027-08-31/2027-09-06',1819670400
2396,25,11,75.90705892677133,0.0123034448394359,b'ACCESS-CM2',7,0.0003031337890835,350.0719294055653,218.48690150023768,b'ssp245',3.544631662375285,294.70004767284274,307.408172169894,280.9822629064927,b'2027-09-07/2027-09-13',1820275200
2396,25,11,77.87788276783047,0.0115154161923717,b'ACCESS-CM2',7,0.0001174663163628,357.7609944171844,189.6352917315875,b'ssp245',4.108081696403374,293.9859477360718,304.3482305055024,281.05767224310694,b'2027-09-14/2027-09-20',1820880000
2396,25,11,76.2895192974642,0.0099514846305007,b'ACCESS-CM2',7,0.0002884351503926,338.0992509145585,180.2495618990449,b'ssp245',5.057579289770184,291.27220892137103,304.18901377396486,278.25540729919214,b'2027-09-21/2027-09-27',1821484800
2396,25,11,82.238691216342,0.0103042533753601,b'ACCESS-CM2',7,2.494468699766664e-05,332.06153417256206,194.1865337246167,b'ssp245',2.6988143178053043,291.0110124652145,302.9345090585797,275.0356266655233,b'2027-09-28/2027-10-04',1822089600
2396,25,11,86.96248794428051,0.0098968872316924,b'ACCESS-CM2',7,0.0006047162173524,340.937727483309,140.0285730995117,b'ssp245',3.533692717328375,290.13004318213865,297.42926193109696,276.56670409718726,b'2027-10-05/2027-10-11',1822694400
2396,25,11,82.92581808308648,0.0082943692147212,b'ACCESS-CM2',7,0.0001449282992609,322.4784222127716,151.9632514046003,b'ssp245',3.0725567051932603,288.64727325882194,296.4156822286626,279.1722830313223,b'2027-10-12/2027-10-18',1823299200
2396,25,11,85.95840883295696,0.0085858185525222,b'ACCESS-CM2',7,0.0001516087463167,341.40163233467774,118.66787907108346,b'ssp245',4.377354205275258,289.48700930401213,296.3404805355459,284.09120245674893,b'2027-10-19/2027-10-25',1823904000
2396,25,11,79.95850532741387,0.0070926140905453,b'ACCESS-CM2',7,0.0007991950650975,311.35930765975274,107.39174974581184,b'ssp245',5.533803571265475,285.8910574235084,293.02109916805506,275.2098486386462,b'2027-10-26/2027-11-01',1824508800
2396,25,11,72.4187902309602,0.0039935879196152,b'ACCESS-CM2',7,1.8872276841913907e-05,270.9117076774164,117.78504647995388,b'ssp245',5.452033099918199,277.2444705627827,288.9437486655396,269.32021839501897,b'2027-11-02/2027-11-08',1825113600
2396,25,11,80.46138267562665,0.0049727687705641,b'ACCESS-CM2',7,0.000178568016408,286.8010329015224,106.5318095944078,b'ssp245',3.7929320557977295,279.8123996185756,291.04827844398704,270.1279447822161,b'2027-11-09/2027-11-15',1825718400
2396,25,11,75.26821856377454,0.005048568356156,b'ACCESS-CM2',7,0.0003531699747242,291.1987264658897,87.05574735624225,b'ssp245',6.589858875194901,279.06428006184063,292.2355017439866,268.50436671176124,b'2027-11-16/2027-11-22',1826323200
2396,25,11,77.68135185196124,0.0057686489640867,b'ACCESS-CM2',7,0.0002761955247269,296.07379641567894,80.85683531337152,b'ssp245',5.80797176980427,280.8858161609843,292.87583669938215,263.1328181149427,b'2027-11-23/2027-11-29',1826928000
2396,25,11,73.71340441569511,0.004395464566239,b'ACCESS-CM2',7,9.230744235293904e-05,275.39012992143995,84.21920715556004,b'ssp245',6.081224056127678,277.89557134781626,291.98109674852526,268.3729093453648,b'2027-11-30/2027-12-06',1827532800
2396,25,11,73.18435018968819,0.0031163894053087,b'ACCESS-CM2',7,5.4907158661289966e-05,259.6043602936421,78.25355834101508,b'ssp245',6.442355122495418,274.28473417611224,280.0408708396921,266.91508711765886,b'2027-12-07/2027-12-13',1828137600
2396,25,11,74.27091297514916,0.0036958829929915,b'ACCESS-CM2',7,0.0004996616477451,260.9924276273473,74.03974649169213,b'ssp245',5.935436746084888,274.6562283736159,289.2052167119946,261.4885424177564,b'2027-12-14/2027-12-20',1828742400
2396,25,11,76.82910352616734,0.0024933017781614,b'ACCESS-CM2',7,0.0004900292847527,244.41282855383997,81.10466528842221,b'ssp245',6.6706300356787285,269.43441581302875,283.73951726660505,257.23692101190306,b'2027-12-21/2027-12-27',1829347200
2396,25,11,76.1498868089016,0.0025404729183529,b'ACCESS-CM2',7,0.0001491919301547,252.0325827519628,80.97729434631732,b'ssp245',6.469774141961101,270.7031479233421,279.19087567437646,255.9929326831084,b'2027-12-28/2028-01-03',1829952000
2396,25,11,77.90484964996094,0.0016327591074352,b'ACCESS-CM2',7,0.0002806838772143,222.96165567617163,92.5295487010127,b'ssp245',6.067749791227525,266.0646185730887,273.3981190160754,257.00576813218134,b'2028-01-04/2028-01-10',1830556800
2396,25,11,81.10272170960609,0.0013004032694922,b'ACCESS-CM2',7,2.8251667520632862e-05,210.0089665556304,103.49752843556988,b'ssp245',6.223420713639214,262.9723131967946,276.35854387909995,251.1430538455504,b'2028-01-11/2028-01-17',1831161600
2396,25,11,82.296348241027,0.0018802001843298,b'ACCESS-CM2',7,0.0008025106866351,244.09266659472456,86.09838893947025,b'ssp245',9.54064544155891,265.57590854043826,277.24332948454537,254.16393581741315,b'2028-01-18/2028-01-24',1831766400
2396,25,11,79.37297824430554,0.0017298167761536,b'ACCESS-CM2',7,0.000473614943751,226.42128606126627,110.12459702043328,b'ssp245',6.6601905043081615,265.7111581287036,278.8864734790944,253.5477982570052,b'2028-01-25/2028-01-31',1832371200
2396,25,11,74.61114153428215,0.0013896817900911,b'ACCESS-CM2',7,8.130897643889904e-05,210.25972814343453,140.37190891545183,b'ssp245',9.088012632401574,263.5888595515947,278.12958664250345,255.3691125867473,b'2028-02-01/2028-02-07',1832976000
2396,25,11,76.55506295501871,0.0036122000503303,b'ACCESS-CM2',7,0.0003379991399314,272.3579253681611,120.82865426434168,b'ssp245',5.416806127577842,275.31970922701555,285.02919179535826,268.5830934586064,b'2028-02-08/2028-02-14',1833580800
2396,25,11,83.23586242071576,0.0044377690971265,b'ACCESS-CM2',7,0.0004921774671565,283.3072872939909,114.72261226020548,b'ssp245',6.139054658043037,276.38038389665275,288.90222638311354,261.2525766388632,b'2028-02-15/2028-02-21',1834185600
2396,25,11,74.13328401390085,0.0021449857046323,b'ACCESS-CM2',7,0.0004282979184209,227.2816144451995,164.263581996852,b'ssp245',5.834659249450103,269.16078920196725,279.0577014116403,257.53595998893934,b'2028-02-22/2028-02-28',1834790400
2396,25,11,76.8599866485205,0.0026593131949384,b'ACCESS-CM2',7,5.404822936696405e-05,239.09638876783947,174.93091972730005,b'ssp245',6.5273412695352615,270.4037932750613,280.58006970258594,253.9650511747335,b'2028-02-29/2028-03-06',1835395200
2396,25,11,80.24325581316371,0.0031964508283302,b'ACCESS-CM2',7,0.0003246722932085,250.5051708647895,170.05337589652612,b'ssp245',6.045502592504462,273.4833678990872,281.3699252950106,261.8891258832232,b'2028-03-07/2028-03-13',1836000000
2396,25,11,72.10336705559573,0.0029375285855909,b'ACCESS-CM2',7,0.000455557101322,238.04883115644404,194.3311055397129,b'ssp245',5.305534872062216,272.64827639073064,288.0736351970276,259.86565013598374,b'2028-03-14/2028-03-20',1836604800
2396,25,11,77.39805241350551,0.0043440492974767,b'ACCESS-CM2',7,0.0006425555848735,266.22459898110566,200.08587442174425,b'ssp245',6.820919646482701,276.56537148585846,291.60269310881733,263.0243682679025,b'2028-03-21/2028-03-27',1837209600
2396,25,11,79.20789943381898,0.0050713440962787,b'ACCESS-CM2',7,0.0001974137885555,271.9965423932966,209.9694457124944,b'ssp245',5.512966940439201,280.13977543000254,293.5796292941915,270.7788516902582,b'2028-03-28/2028-04-03',1837814400
2396,25,11,84.17782585871954,0.0056679827641736,b'ACCESS-CM2',7,0.0001235476291254,279.44744391245206,217.93192597659583,b'ssp245',3.949044274111864,281.7014454758438,289.6524818994665,270.9989997745273,b'2028-04-04/2028-04-10',1838419200
2396,25,11,91.131307186212,0.0070555482175277,b'ACCESS-CM2',7,0.0002553420746275,312.481750555994,195.1964617818874,b'ssp245',3.4745318456240577,285.0164906022736,290.5318069731463,277.7042824074074,b'2028-04-11/2028-04-17',1839024000
2396,25,11,80.37457486732276,0.0060557764020203,b'ACCESS-CM2',7,0.0001203895909436,287.3426356422228,231.03672449099244,b'ssp245',3.415794826241601,283.37951877878515,291.32810793640795,274.1679830061207,b'2028-04-18/2028-04-24',1839628800
2396,25,11,78.469318869741,0.0069368444130404,b'ACCESS-CM2',7,2.1292081325565936e-05,276.63928142963647,282.8560178450379,b'ssp245',3.4734891848589378,284.735096999333,300.938144332904,272.802079432042,b'2028-04-25/2028-05-01',1840233600
2396,25,11,85.05651323794098,0.0085060698077028,b'ACCESS-CM2',7,0.0004406602185927,315.07008576673906,217.3729228488332,b'ssp245',4.416535834522251,287.65172258524547,301.7412985524824,277.1056112747466,b'2028-05-02/2028-05-08',1840838400
2396,25,11,93.791096932287,0.0120974487201762,b'ACCESS-CM2',7,0.0003347704319281,352.8286340950821,235.09610311153665,b'ssp245',2.9836000805321072,292.5140410600862,299.8234332049334,284.385254125014,b'2028-05-09/2028-05-15',1841443200
2396,25,11,76.76582585530265,0.0085577354355527,b'ACCESS-CM2',7,2.107935919634237e-05,302.63067149578825,304.12489580062294,b'ssp245',3.8276148110572175,289.17218510318,298.6106733278847,275.3216736131529,b'2028-05-16/2028-05-22',1842048000
2396,25,11,82.18705536607467,0.0096662565160534,b'ACCESS-CM2',7,0.0006002275018441,322.10893590418954,275.49527038740894,b'ssp245',3.361133191056129,289.8191846153153,299.5899671693572,275.2954931407277,b'2028-05-23/2028-05-29',1842652800
2396,25,11,95.29929583592308,0.0125755145805654,b'ACCESS-CM2',7,0.0004989842044611,361.81342398100975,211.7754484984956,b'ssp245',3.614699931575243,293.35777389752946,297.6521104746538,287.0184873811091,b'2028-05-30/2028-06-05',1843257600
2396,25,11,91.88564893804246,0.0125559787131638,b'ACCESS-CM2',7,0.0008293323785781,355.0508551870237,242.006744606134,b'ssp245',3.023907446438063,293.29509773521335,301.89438267278274,284.11135412145546,b'2028-06-06/2028-06-12',1843862400
2396,25,11,76.93574217005097,0.013314275232365,b'ACCESS-CM2',7,7.849698588954436e-05,354.5598665345832,314.5640818251952,b'ssp245',3.735726351684261,296.7239823452868,306.54776854156165,283.06741044968544,b'2028-06-13/2028-06-19',1844467200
2396,25,11,85.63529178627849,0.0116267550186995,b'ACCESS-CM2',7,2.0654656025395705e-05,340.63032659611054,309.70847199845787,b'ssp245',2.9542471534828616,292.253988510473,302.71421206894746,282.4575348811907,b'2028-06-20/2028-06-26',1845072000
2396,25,11,84.57138915289015,0.0124539732661229,b'ACCESS-CM2',7,0.0004125157949083,349.9846566742772,286.8930261380479,b'ssp245',3.663138799322285,293.60051222444906,302.5195842638096,284.7640591602029,b'2028-06-27/2028-07-03',1845676800
2396,25,11,77.35855724584083,0.0139059405910579,b'ACCESS-CM2',7,1.102132467112088e-06,358.3291161832274,329.87943929974017,b'ssp245',2.1755236034447027,296.43001982856066,307.5007645437225,283.1292015814012,b'2028-07-04/2028-07-10',1846281600
2396,25,11,67.31619095432004,0.0114927795085528,b'ACCESS-CM2',7,7.516399230407205e-05,343.47617622006976,319.2023276599078,b'ssp245',3.415356465137988,294.5356220454359,306.69887357686724,278.8793327304197,b'2028-07-11/2028-07-17',1846886400
2396,25,11,79.21913735551992,0.0112125753658885,b'ACCESS-CM2',7,0.000263797199749,343.99443359166656,269.2704095536073,b'ssp245',2.6198827095824435,291.80193999082604,300.51157301671475,281.7366037676412,b'2028-07-18/2028-07-24',1847491200
2396,25,11,76.41798446650066,0.0164853920915309,b'ACCESS-CM2',7,0.0001285532685224,383.22917721942537,274.7690067580992,b'ssp245',4.1137593476962335,300.4083525251867,312.6083254067844,288.35235978540123,b'2028-07-25/2028-07-31',1848096000
2396,25,11,74.18988370073393,0.0126889372393259,b'ACCESS-CM2',7,7.986042235595556e-05,356.49242740077034,271.5187888405066,b'ssp245',3.5715175352114463,295.0213393657194,304.8002744467313,281.8426897967303,b'2028-08-01/2028-08-07',1848700800
2396,25,11,82.48815894269318,0.013817901444596,b'ACCESS-CM2',7,0.0004107091431445,365.4756703804043,235.7256921031488,b'ssp245',2.340897639246601,295.9290489695508,304.6298137924577,284.5754877270479,b'2028-08-08/2028-08-14',1849305600
2396,25,11,72.17847146514252,0.012732941926417,b'ACCESS-CM2',7,0.0001161319832962,357.0129716010157,254.52570842919363,b'ssp245',3.0370327614134625,295.49743814854145,305.7687659406036,282.3998022956803,b'2028-08-15/2028-08-21',1849910400
2396,25,11,76.04256668780968,0.013032255459969,b'ACCESS-CM2',7,0.0003394385330687,368.8437828718955,218.50750928007307,b'ssp245',4.059712517971593,296.13138213762346,310.0173848470052,282.2890050015285,b'2028-08-22/2028-08-28',1850515200
2396,25,11,82.71773280599334,0.0127074603094027,b'ACCESS-CM2',7,0.0001401224048515,360.7570045472494,211.10459963708516,b'ssp245',2.97766514895902,294.65237236641485,306.5217810919066,283.0413732312201,b'2028-08-29/2028-09-04',1851120000
2396,25,11,75.83454787135022,0.013838412517605,b'ACCESS-CM2',7,0.0002724464695361,364.1175205108961,222.4845445394964,b'ssp245',3.49938586920393,297.24078485293893,311.6633344169443,279.8036030503869,b'2028-09-05/2028-09-11',1851724800
2396,25,11,77.611207839958,0.0124256772778859,b'ACCESS-CM2',7,0.0003499507522189,358.72954430021025,181.85334773144228,b'ssp245',4.099477850184299,294.7112611405047,307.51592868089386,280.64611765361315,b'2028-09-12/2028-09-18',1852329600
2396,25,11,75.66164059695133,0.0091199756998623,b'ACCESS-CM2',7,0.0002484042685345,323.4419118917361,190.63822986233615,b'ssp245',4.75947428429202,289.9787791887431,301.8730717047141,277.4083111579558,b'2028-09-19/2028-09-25',1852934400
2396,25,11,79.08035169328961,0.0080175607246325,b'ACCESS-CM2',7,0.0001383054707089,314.1816819870222,184.89205377894183,b'ssp245',3.4322159412188387,287.635571103634,298.9150036956532,273.4191189381954,b'2028-09-26/2028-10-02',1853539200
2396,25,11,79.99968069180386,0.0076309670307114,b'ACCESS-CM2',7,0.0001522978083609,317.9278033742076,161.81947786585422,b'ssp245',3.758172724775577,286.8439293343941,296.85749847886103,272.7033288515882,b'2028-10-03/2028-10-09',1854144000
2396,25,11,82.17571537208589,0.0098230830730081,b'ACCESS-CM2',7,0.0001432135497902,343.29825383824567,142.76505139688317,b'ssp245',4.770645340670293,290.98182770155626,298.67881018343513,276.1828464157123,b'2028-10-10/2028-10-16',1854748800
2396,25,11,81.27599694896098,0.0078130184846352,b'ACCESS-CM2',7,0.0002388329778513,311.7326387039812,150.12961085499057,b'ssp245',3.537687775054713,286.88878616877315,298.1187550169878,274.6065385059644,b'2028-10-17/2028-10-23',1855353600
2396,25,11,71.8464199111087,0.0049854559860986,b'ACCESS-CM2',7,2.2928448359607885e-05,280.3618616435202,135.5861149032809,b'ssp245',5.629874545410034,281.9258124290788,291.7647566162985,273.56006789122006,b'2028-10-24/2028-10-30',1855958400
2396,25,11,81.45810850644442,0.0079471221741115,b'ACCESS-CM2',7,0.0001709978504248,313.53886429981515,128.5411304279203,b'ssp245',4.38035257468148,285.83286674097144,297.2504396062598,274.4552963420909,b'2028-10-31/2028-11-06',1856563200
2396,25,11,84.5216360539783,0.0085916784743775,b'ACCESS-CM2',7,0.0005184597805129,333.1027369553735,90.3154570649032,b'ssp245',4.941711741475283,286.0902842417331,297.02365134181093,268.4610797695219,b'2028-11-07/2028-11-13',1857168000
2396,25,11,84.06520574738659,0.0064830040163531,b'ACCESS-CM2',7,0.0006607519804724,319.7872622103023,73.0194408002008,b'ssp245',5.034288869455092,282.63912267468453,292.4334855347409,268.671628015443,b'2028-11-14/2028-11-20',1857772800
2396,25,11,73.09309414747857,0.0035414013330177,b'ACCESS-CM2',7,9.805047257164789e-06,259.6270466361931,99.676630519197,b'ssp245',5.569094090234666,276.02401180758903,287.7328886809172,267.5227545187892,b'2028-11-21/2028-11-27',1858377600
2396,25,11,83.50328847869181,0.0047605749385605,b'ACCESS-CM2',7,0.0006214116373119,283.6259609833779,80.44521199812517,b'ssp245',4.1910323564622525,278.4225783731409,287.58019530958313,268.9043243298821,b'2028-11-28/2028-12-04',1858982400
2396,25,11,82.23675786344077,0.0038875996535425,b'ACCESS-CM2',7,0.0003070014647801,278.7037172227981,74.95780163003349,b'ssp245',6.432248369543437,276.6576716482772,282.65448862164675,272.3108251428091,b'2028-12-05/2028-12-11',1859587200
2396,25,11,80.13630355415663,0.0024398616262558,b'ACCESS-CM2',7,0.0002161752607379,246.03452709775507,81.10908518522788,b'ssp245',6.401149909271276,270.0382830594908,277.2708986708482,257.1917819407109,b'2028-12-12/2028-12-18',1860192000
2396,25,11,80.52996961857642,0.0031606101069406,b'ACCESS-CM2',7,0.0005668317537748,265.4451411062184,72.80702884450751,b'ssp245',6.424334086051755,273.0905195224161,280.7219188330136,260.66049774060536,b'2028-12-19/2028-12-25',1860796800
2396,25,11,74.17781654432133,0.0024160789232843,b'ACCESS-CM2',7,0.0003967236220338,249.48712518903287,82.44870265186556,b'ssp245',6.725668293356712,270.6258473511055,279.5091271258027,259.4731198838392,b'2028-12-26/2029-01-01',1861401600
2396,25,11,80.39783112655668,0.0021165963281393,b'ACCESS-CM2',7,0.0001653674160118,242.55003959055463,87.98933417806448,b'ssp245',5.930648515443791,268.75396566005224,278.57917317124964,261.35609707667123,b'2029-01-02/2029-01-08',1862006400
2396,25,11,79.34001675977053,0.0029786895849061,b'ACCESS-CM2',7,0.0004548525509408,261.1439477204666,83.6492125177001,b'ssp245',4.918592191023273,272.61757853023425,282.48721765588834,263.1614644222647,b'2029-01-09/2029-01-15',1862611200
2396,25,11,76.1290192285848,0.0020408862292807,b'ACCESS-CM2',7,0.000270100991931,237.8846469272992,96.30385253705715,b'ssp245',7.11703129904448,266.6518252350442,281.5232596448673,246.9225502515494,b'2029-01-16/2029-01-22',1863216000
2396,25,11,79.37034756943194,0.0038425105266726,b'ACCESS-CM2',7,0.0001107528121438,276.8712349491409,95.19337609872656,b'ssp245',5.676441722039091,275.61335942687833,286.29421114722174,252.888171124202,b'2029-01-23/2029-01-29',1863820800
2396,25,11,67.21356922051345,0.0027303244413362,b'ACCESS-CM2',7,1.8245429731863892e-06,241.3036515456781,129.3085827974761,b'ssp245',6.441089913063355,272.45365338798354,285.4507667240703,252.0224359254825,b'2029-01-30/2029-02-05',1864425600
2396,25,11,74.90932763967727,0.0022684516181872,b'ACCESS-CM2',7,0.0002408799307582,231.43714971716523,136.51342175873214,b'ssp245',5.274086832450831,268.7895809081781,283.91762025894656,252.7762763822093,b'2029-02-06/2029-02-12',1865030400
2396,25,11,74.02192847243266,0.0028886986188008,b'ACCESS-CM2',7,0.0002427020782894,251.11518058770343,128.82857175124835,b'ssp245',7.019094358432169,271.6748880678364,283.65632532773765,258.00981801897825,b'2029-02-13/2029-02-19',1865635200
2396,25,11,74.67509660787562,0.0020085391945066,b'ACCESS-CM2',7,0.0002268049988229,222.50245723278377,153.10682571249663,b'ssp245',7.038386089440844,268.51482730311403,277.0423463299568,256.4326826708576,b'2029-02-20/2029-02-26',1866240000
2396,25,11,73.00110644060386,0.0025867202721879,b'ACCESS-CM2',7,0.0003649413335053,240.01413163098687,150.82476903782256,b'ssp245',7.945287749758758,270.0371137138194,288.2168442738668,256.7439431175678,b'2029-02-27/2029-03-05',1866844800
2396,25,11,76.92915653893517,0.0031137427247042,b'ACCESS-CM2',7,0.0002075586750721,257.80956193435964,150.37103180332707,b'ssp245',4.951595502047027,273.3783051594469,279.9213433305565,259.3038538633139,b'2029-03-06/2029-03-12',1867449600
2396,25,11,83.10606714116162,0.0034486843547003,b'ACCESS-CM2',7,0.0003525403985259,258.5308493754017,164.78118153728502,b'ssp245',5.980925560445178,273.67173633487545,282.8209601872853,256.36283292964083,b'2029-03-13/2029-03-19',1868054400
2396,25,11,82.19162755843458,0.003706110873714,b'ACCESS-CM2',7,0.0001690265081702,259.4861121814921,190.67102490913587,b'ssp245',5.41986369500695,275.2332402815447,284.921955541613,260.8353783392137,b'2029-03-20/2029-03-26',1868659200
2396,25,11,77.03028811877815,0.0035195275521635,b'ACCESS-CM2',7,0.0003597143636631,250.22290662539905,192.24399799217355,b'ssp245',6.040499194446817,274.8736059264043,285.2215809520142,256.605973547932,b'2029-03-27/2029-04-02',1869264000
2396,25,11,87.0583981945157,0.004929950352622,b'ACCESS-CM2',7,0.0006015082807317,284.26092066767274,176.9282388434839,b'ssp245',5.378557233156086,277.47481991451616,292.566981963929,261.16620883007346,b'2029-04-03/2029-04-09',1869868800
2396,25,11,74.97474473131906,0.0039736894716966,b'ACCESS-CM2',7,0.0002158265229945,249.9142803889449,239.6827378098032,b'ssp245',5.369791701092699,276.83083814759976,288.40371525444294,262.03436144392407,b'2029-04-10/2029-04-16',1870473600
2396,25,11,77.77591776290349,0.0047041605279786,b'ACCESS-CM2',7,0.0001104321653117,269.1376934269627,231.99117365907253,b'ssp245',4.605261727758063,279.4819709867682,289.7123710604979,268.75775485568573,b'2029-04-17/2029-04-23',1871078400
2396,25,11,87.18280432317461,0.0080045930455328,b'ACCESS-CM2',7,0.0011535423989391,308.82684575146146,217.17208601741137,b'ssp245',4.165578636746294,286.1566453117583,296.542547228231,273.0759449073491,b'2029-04-24/2029-04-30',1871683200
2396,25,11,82.60565271229441,0.0095785500316092,b'ACCESS-CM2',7,0.0003846529368469,311.3307960876163,275.8181402047231,b'ssp245',5.004637758120231,288.813811401638,302.1476059415719,272.0445675137792,b'2029-05-01/2029-05-07',1872288000
2396,25,11,77.55083765074507,0.0083564026309054,b'ACCESS-CM2',7,2.69549073588647e-05,292.34320815803045,305.68298004405614,b'ssp245',3.523748795557682,288.26418787156547,299.4870880382178,276.02759084393904,b'2029-05-08/2029-05-14',1872892800
2396,25,11,84.01294645487519,0.0105160912421737,b'ACCESS-CM2',7,0.0003960038713695,323.07748030248933,277.4963586888311,b'ssp245',3.8511049988367874,291.3777183614752,301.90145287006703,278.0494429976852,b'2029-05-15/2029-05-21',1873497600
2396,25,11,79.70919016160784,0.0090525451277285,b'ACCESS-CM2',7,0.0001523842466892,314.17282674320325,267.30853381387243,b'ssp245',3.3558544313405068,288.9860524563156,300.2925379672216,278.6913503922584,b'2029-05-22/2029-05-28',1874102400
2396,25,11,78.40059009284407,0.0114455153032428,b'ACCESS-CM2',7,0.0002941258182724,337.2621714091785,302.4795697888207,b'ssp245',4.927368161458166,293.6258802646703,303.9977735293809,280.6734152079483,b'2029-05-29/2029-06-04',1874707200
2396,25,11,75.53389565109251,0.0118712387892558,b'ACCESS-CM2',7,9.48168736980133e-05,338.38247919221004,326.00467034838147,b'ssp245',3.853431867116709,294.25600186849454,307.09313622113484,278.2381658155289,b'2029-06-05/2029-06-11',1875312000
2396,25,11,74.58169164623412,0.0116220817970816,b'ACCESS-CM2',7,0.0003587763944252,338.19208200679014,319.20048279704486,b'ssp245',3.712955395726544,294.22762159382364,308.54942006392577,277.7902767131263,b'2029-06-12/2029-06-18',1875916800
2396,25,11,78.65031533762952,0.0147925930569479,b'ACCESS-CM2',7,7.91206460528751e-05,366.3828309595148,326.4723964312884,b'ssp245',3.270484290242622,298.1489624398461,312.2566970588201,285.55903948165184,b'2029-06-19/2029-06-25',1876521600
2396,25,11,71.49443377006337,0.0127168312491723,b'ACCESS-CM2',7,5.216582492340491e-05,359.30101492641364,285.68535986042696,b'ssp245',3.7666467105107295,296.2668204306742,309.3881194229764,282.7770569139342,b'2029-06-26/2029-07-02',1877126400
2396,25,11,83.26965770926527,0.0172784604346129,b'ACCESS-CM2',7,0.0005931779383134,384.8857693767401,289.65347360616494,b'ssp245',3.323340988073725,300.46955893198,310.4406395186376,284.04328479106,b'2029-07-03/2029-07-09',1877731200
2396,25,11,73.47277454793566,0.0161157706447223,b'ACCESS-CM2',7,3.99932897845353e-05,379.0333085484138,317.9519167924664,b'ssp245',3.6217742847244696,300.07488099550875,315.355473234662,286.84584798322925,b'2029-07-10/2029-07-16',1878336000
2396,25,11,79.9365733742897,0.019019064894523,b'ACCESS-CM2',7,0.0004886133107274,400.0321863151325,252.8411291161176,b'ssp245',4.410467962942792,303.4688497095064,314.58716294301166,295.12417584308724,b'2029-07-17/2029-07-23',1878940800
2396,25,11,69.75912713687113,0.0143852197555759,b'ACCESS-CM2',7,0.0002008177817259,366.9025721656603,303.02312709211304,b'ssp245',2.360727668296845,298.1738142647379,309.8914968839255,284.6044187921776,b'2029-07-24/2029-07-30',1879545600
2396,25,11,80.55683991509831,0.0150333827048003,b'ACCESS-CM2',7,0.0002160495763222,370.5535076067785,258.1519676087395,b'ssp245',3.079186964409407,297.582358651162,306.73593150586635,288.27571031212665,b'2029-07-31/2029-08-06',1880150400
2396,25,11,79.30605171491392,0.0168364667553816,b'ACCESS-CM2',7,0.000178393427546,389.7669692735335,240.1858398208319,b'ssp245',3.4263479542785142,300.36947166702004,313.0364930438882,288.8211425270801,b'2029-08-07/2029-08-13',1880755200
2396,25,11,75.6552926763615,0.0145817150251043,b'ACCESS-CM2',7,0.0001560189450403,376.9522131551836,235.3651916483072,b'ssp245',2.880257954205196,298.79969789941555,313.52806056670966,291.04558130262006,b'2029-08-14/2029-08-20',1881360000
2396,25,11,76.17261134400101,0.0128404836143829,b'ACCESS-CM2',7,0.0002918845141248,356.3533860958768,245.5672413216737,b'ssp245',3.153196800119296,295.6040421847415,306.5458192449317,283.2779372931951,b'2029-08-21/2029-08-27',1881964800
2396,25,11,78.15032229901256,0.0160078888385152,b'ACCESS-CM2',7,0.0002253982658423,380.51055279517055,226.7865888859596,b'ssp245',3.178872198024124,299.6092945104737,308.9538230030055,286.6917130300506,b'2029-08-28/2029-09-03',1882569600
2396,25,11,78.9093471279037,0.0140829870328217,b'ACCESS-CM2',7,0.0001487592783413,369.84166171009946,213.6166781575062,b'ssp245',3.418876754564116,297.3444242931547,306.70167587079743,286.74962955962513,b'2029-09-04/2029-09-10',1883174400
2396,25,11,79.39202162454023,0.0116888285079027,b'ACCESS-CM2',7,0.0001538790705977,360.3161275550802,180.6420388170468,b'ssp245',3.8482050343490863,293.794742634362,305.2043301344204,283.7215353761807,b'2029-09-11/2029-09-17',1883779200
2396,25,11,78.71339887237158,0.0088044674013984,b'ACCESS-CM2',7,0.0003035438835028,321.5069143123077,192.8266988865933,b'ssp245',3.002475951673797,289.212640718381,298.6674592851026,274.88060889021904,b'2029-09-18/2029-09-24',1884384000
2396,25,11,77.95670595704584,0.008938731467356,b'ACCESS-CM2',7,6.684225952693632e-06,324.6223199274337,186.3533386566428,b'ssp245',2.8229093635462723,289.75463865104035,302.6763300194963,277.3401956318954,b'2029-09-25/2029-10-01',1884988800
2396,25,11,83.43374914275763,0.0109430854136441,b'ACCESS-CM2',7,2.938702840362373e-05,347.22405446448573,167.56167789269765,b'ssp245',3.34185841008652,292.04891201057706,303.6548837458931,279.3702417371378,b'2029-10-02/2029-10-08',1885593600
2396,25,11,71.10404937791019,0.0068728633780196,b'ACCESS-CM2',7,5.5027573047774455e-05,302.1352269045219,167.51677203695206,b'ssp245',4.9237559239680015,286.5761968922261,298.9500082328186,274.5269756066472,b'2029-10-09/2029-10-15',1886198400
2396,25,11,68.54144648265301,0.0059030374765133,b'ACCESS-CM2',7,3.185346845068795e-05,288.1708996120543,163.91587900427712,b'ssp245',4.753262160641889,284.5814783448224,297.0126159376283,270.98470897970805,b'2029-10-16/2029-10-22',1886803200
2396,25,11,76.23871137453317,0.0064799417973671,b'ACCESS-CM2',7,0.0002719406071238,306.71278684492063,134.6463504966401,b'ssp245',5.170709381902721,284.5423543929728,295.00033737055,271.98500354543523,b'2029-10-23/2029-10-29',1887408000
2396,25,11,76.92892129471286,0.0071185223904777,b'ACCESS-CM2',7,0.000402317131301,308.0410748371229,122.02424624837448,b'ssp245',5.542436653812055,285.3316846132319,296.7608575125891,275.07021555108696,b'2029-10-30/2029-11-05',1888012800
2396,25,11,84.53551392783932,0.006848622397123,b'ACCESS-CM2',7,9.17448131598048e-05,307.3557785901423,109.0432941783795,b'ssp245',3.4058415763185663,283.8863411529171,292.9767304378313,274.40149727915923,b'2029-11-06/2029-11-12',1888617600
2396,25,11,74.86136286094707,0.0035336399796428,b'ACCESS-CM2',7,0.0002363575672878,260.977038311702,100.77354332513218,b'ssp245',5.064589280930776,273.692051582968,292.2248769598337,263.60422157643086,b'2029-11-13/2029-11-19',1889222400
2396,25,11,79.6147269870584,0.0037909902302482,b'ACCESS-CM2',7,2.954408147393091e-05,271.52461986473384,90.04405098723193,b'ssp245',5.992843896176022,275.8179045281815,282.8976478713388,263.70825122391165,b'2029-11-20/2029-11-26',1889827200
2396,25,11,75.04244963083887,0.0029105280263227,b'ACCESS-CM2',7,0.0001113517399665,260.8524968670912,84.04475563324073,b'ssp245',5.656842616784897,273.0641727580982,280.02202836814894,266.36823104074494,b'2029-11-27/2029-12-03',1890432000
2396,25,11,79.84329481461815,0.0034855654201529,b'ACCESS-CM2',7,0.0001166624446987,264.3945709270185,84.22050237452176,b'ssp245',4.3640635610949285,274.32351423616115,282.4065884643701,267.8935169142492,b'2029-12-04/2029-12-10',1891036800
2396,25,11,83.46033481168836,0.0036451987866,b'ACCESS-CM2',7,0.0005703217075745,274.58968683370733,69.55259896659427,b'ssp245',5.491294792191245,274.56996135252655,282.64304471215326,268.4367598849243,b'2029-12-11/2029-12-17',1891641600
2396,25,11,78.57627795991445,0.0032044190811786,b'ACCESS-CM2',7,0.0003981885127052,266.8206279420633,72.1077615686154,b'ssp245',6.287084534624408,274.2758897142334,279.83844034247363,268.9693366521291,b'2029-12-18/2029-12-24',1892246400
2396,25,11,78.02704371256844,0.0023333206116514,b'ACCESS-CM2',7,9.298703819916548e-05,245.73744637365124,80.78713860538637,b'ssp245',5.388018733019877,269.8906730759936,278.7044627418655,262.06339186437094,b'2029-12-25/2029-12-31',1892851200
2484,25,7,69.63060025415061,0.0028383299553145,b'ACCESS-CM2',6,1.9219736537905e-05,270.1852857058811,81.00257273474101,b'ssp245',11.045143441236307,274.51387697724545,280.1038711390545,268.902737961602,b'2024-12-31/2025-01-06',1735603200
2484,25,7,75.00573002361584,0.003075968392196,b'ACCESS-CM2',7,0.0003125814361315,266.7082019856471,96.20389286372728,b'ssp245',8.98949124605912,273.2274733306031,286.2190921429507,259.6079320219374,b'2025-01-07/2025-01-13',1736208000
2484,25,7,77.96613833128265,0.0042428877096642,b'ACCESS-CM2',7,0.0005707874816814,296.8751180365089,89.01900988931334,b'ssp245',8.779376824930948,278.0763936555439,287.31611350147995,269.8410718465589,b'2025-01-14/2025-01-20',1736812800
2484,25,7,71.18620607603633,0.0041178888063507,b'ACCESS-CM2',7,0.0005260795570578,296.414801202923,95.61532573671865,b'ssp245',8.106405123519618,278.55130710517534,287.3502260188467,268.7878210323373,b'2025-01-21/2025-01-27',1737417600
2484,25,7,75.06930700422915,0.0035801937056784,b'ACCESS-CM2',7,0.0003961032000809,275.0843083714526,111.0812072276367,b'ssp245',10.208845078155113,275.2540861643818,288.77830851446726,264.31156370811857,b'2025-01-28/2025-02-03',1738022400
2484,25,7,71.24726826663571,0.0027203390318886,b'ACCESS-CM2',7,0.0001653219050088,254.33496345441367,120.62318936995447,b'ssp245',11.092097193573291,273.5209847451661,282.3575694290633,267.114226036465,b'2025-02-04/2025-02-10',1738627200
2484,25,7,71.0019446304164,0.0032478936900561,b'ACCESS-CM2',7,0.0005443491206729,259.0231994494072,136.87938087643158,b'ssp245',9.2209993855416,275.81834123973823,283.08209102669946,269.4964104091998,b'2025-02-11/2025-02-17',1739232000
2484,25,7,71.60286775288421,0.003353235110351,b'ACCESS-CM2',7,7.440335120766099e-05,277.3826111918521,130.89696833592276,b'ssp245',10.12640509443887,276.6507944323353,281.53448879595885,268.30031986826475,b'2025-02-18/2025-02-24',1739836800
2484,25,7,72.88744808753215,0.0035215053842464,b'ACCESS-CM2',7,0.000347617898136,274.6618156826374,142.16740270285965,b'ssp245',7.951908835606302,276.2640358611656,285.46933203628384,265.364422984959,b'2025-02-25/2025-03-03',1740441600
2484,25,7,77.9090383976303,0.0039280066580411,b'ACCESS-CM2',7,0.0003409511630735,275.122087796061,161.4652310737981,b'ssp245',9.37827277253759,277.2652317097682,286.3443191371013,269.5581537620309,b'2025-03-04/2025-03-10',1741046400
2484,25,7,77.01478883409008,0.0040761959070026,b'ACCESS-CM2',7,0.0007652863492357,283.50095659573407,140.2040819215845,b'ssp245',9.305939713353084,277.83305489226893,287.99191520140346,266.9188279614006,b'2025-03-11/2025-03-17',1741651200
2484,25,7,79.77013052826602,0.0044023469915141,b'ACCESS-CM2',7,0.0002438911618336,297.21144587161444,139.18692834598502,b'ssp245',8.530606345680923,278.99935268126814,283.2048138490657,273.6996875251692,b'2025-03-18/2025-03-24',1742256000
2484,25,7,76.47385521103602,0.0047890620670639,b'ACCESS-CM2',7,0.000274966536269,292.2941972735353,183.0703734565027,b'ssp245',6.913299188347032,280.948235243515,289.6948635455259,274.1292370668392,b'2025-03-25/2025-03-31',1742860800
2484,25,7,78.82956775895626,0.0051044357101472,b'ACCESS-CM2',7,0.0004312097475977,281.6234362887353,201.0669014583807,b'ssp245',10.107642218360846,281.1994117433439,288.5080914054949,274.1124525561775,b'2025-04-01/2025-04-07',1743465600
2484,25,7,81.08369228941703,0.0056606742021228,b'ACCESS-CM2',7,7.40428752119663e-05,291.20643764040784,208.31789803820965,b'ssp245',6.928244257096162,282.6683063535171,288.0153707917204,277.06763985230754,b'2025-04-08/2025-04-14',1744070400
2484,25,7,89.20751866044283,0.0074992391273285,b'ACCESS-CM2',7,0.0002184774046833,313.28909546707445,211.4570312275276,b'ssp245',6.506598537905754,285.58038419967903,291.94353540164906,277.42809618133856,b'2025-04-15/2025-04-21',1744675200
2484,25,7,88.04826916791554,0.0075099131501168,b'ACCESS-CM2',7,0.0003742997137098,316.159928379424,213.00131852005305,b'ssp245',5.565765145952115,285.2728697112453,292.916628178862,276.84559536963394,b'2025-04-22/2025-04-28',1745280000
2484,25,7,95.85528006012908,0.0095020479567908,b'ACCESS-CM2',7,0.0005861152978851,348.85423734999193,181.2826477635065,b'ssp245',5.789853230667396,288.0497865971831,293.4338997123168,281.2588022762967,b'2025-04-29/2025-05-05',1745884800
2484,25,7,71.42306545802526,0.0058821612534926,b'ACCESS-CM2',7,3.878971881584947e-05,296.4177320028089,253.27213798601605,b'ssp245',6.807846402384572,284.14411984697887,292.28410292163335,276.54588884176667,b'2025-05-06/2025-05-12',1746489600
2484,25,7,85.88719377250841,0.0090095220553373,b'ACCESS-CM2',7,5.858657931939795e-05,310.19121256001046,286.15797443417983,b'ssp245',3.537984597402048,288.44343050028334,296.4444485693863,282.7390356948696,b'2025-05-13/2025-05-19',1747094400
2484,25,7,89.3709260943361,0.0105139857311684,b'ACCESS-CM2',7,0.0002463948373504,330.70482982697297,268.98973691375693,b'ssp245',4.876176087951099,290.14915333721177,296.1711301508638,283.7997714957011,b'2025-05-20/2025-05-26',1747699200
2484,25,7,83.26237807463477,0.0105628885777285,b'ACCESS-CM2',7,0.0001329738342781,320.3412208838035,330.51891069594825,b'ssp245',4.960747931070286,291.3522833710391,299.0727696369604,283.39568320992066,b'2025-05-27/2025-06-02',1748304000
2484,25,7,88.80613148932254,0.011650932301933,b'ACCESS-CM2',7,0.0007122303215249,353.65546132959923,246.73806085151145,b'ssp245',6.16001431984122,291.6025010391258,298.79854025300017,282.96558796990774,b'2025-06-03/2025-06-09',1748908800
2484,25,7,85.47272043691643,0.0127862984662949,b'ACCESS-CM2',7,0.000123545831778,347.05659021930944,320.14682939442343,b'ssp245',4.598214437227712,293.98639138492814,302.0110365090911,286.7203296779357,b'2025-06-10/2025-06-16',1749513600
2484,25,7,88.24203576606224,0.0140132712685833,b'ACCESS-CM2',7,0.0002776267246499,351.7382263722933,298.9783832173636,b'ssp245',4.2315324181485074,294.9038494037072,300.0772357429426,288.5919370356295,b'2025-06-17/2025-06-23',1750118400
2484,25,7,90.2163827640494,0.0156060525906081,b'ACCESS-CM2',7,0.0001042040105098,367.0846585033569,304.7634593306304,b'ssp245',4.6439340195353855,296.16435848455194,304.55073610286126,289.3545266377558,b'2025-06-24/2025-06-30',1750723200
2484,25,7,84.80058879037668,0.0153524090134056,b'ACCESS-CM2',7,4.100894121888908e-05,362.5193806396844,305.13690378809895,b'ssp245',4.248795515658754,296.9429329379142,304.1751493473643,289.95468532916203,b'2025-07-01/2025-07-07',1751328000
2484,25,7,78.06203576426444,0.0140247459973266,b'ACCESS-CM2',7,0.0002234408274725,352.1171617915248,312.1354313936079,b'ssp245',4.982832834541535,296.5592899912412,303.5686183024928,288.9009838300882,b'2025-07-08/2025-07-14',1751932800
2484,25,7,90.57111704718209,0.0170635998904682,b'ACCESS-CM2',7,0.0002396458186592,382.1645983104678,273.36404482991776,b'ssp245',5.896177657749587,297.8090866830458,303.80409460952603,290.580284354613,b'2025-07-15/2025-07-21',1752537600
2484,25,7,82.88777787063893,0.015582304441717,b'ACCESS-CM2',7,0.0002629094781753,367.5859229603292,302.6282702349072,b'ssp245',3.4990636054124686,297.54023317946604,302.6906939634343,292.1972981875705,b'2025-07-22/2025-07-28',1753142400
2484,25,7,85.43900023784833,0.0160162771876423,b'ACCESS-CM2',7,0.0004954594649652,371.4389707315302,270.41590122902693,b'ssp245',4.490116646960488,297.4822536013439,304.33331141521023,290.60575630738566,b'2025-07-29/2025-08-04',1753747200
2484,25,7,86.92125369312136,0.016455047851667,b'ACCESS-CM2',7,0.0006486322436428,378.54607107081017,233.6622540638268,b'ssp245',5.077887280349002,297.6416764631539,304.4957063026035,290.66299611514376,b'2025-08-05/2025-08-11',1754352000
2484,25,7,82.21740705801918,0.0132209200381859,b'ACCESS-CM2',7,6.969819426166637e-05,361.79155451419257,247.33764198988632,b'ssp245',5.48522124936549,295.3085217482913,300.41585768866787,289.5251334278854,b'2025-08-12/2025-08-18',1754956800
2484,25,7,84.80369525735263,0.0137642099294366,b'ACCESS-CM2',7,0.0002256586407752,360.2888097074843,229.05877010249952,b'ssp245',5.080003524915108,295.4573992812055,300.53032928152186,288.67661371919297,b'2025-08-19/2025-08-25',1755561600
2484,25,7,81.15673119681222,0.0124520050219104,b'ACCESS-CM2',7,0.0001448502261201,354.742409235599,237.111902363346,b'ssp245',3.538592187048585,294.61054322996966,299.64472599619444,288.44945235104905,b'2025-08-26/2025-09-01',1756166400
2484,25,7,77.74117897325834,0.0120075116244683,b'ACCESS-CM2',7,0.0001201912444912,357.22583201075514,224.5671442113323,b'ssp245',6.417914762763809,294.1103707989115,302.2913662625342,283.5844334867812,b'2025-09-02/2025-09-08',1756771200
2484,25,7,86.02376509485259,0.0121646872327274,b'ACCESS-CM2',7,0.0010269013782358,371.4007287678558,167.03238803262389,b'ssp245',5.46767488933979,292.81753674873727,299.8852661762041,284.32591105982203,b'2025-09-09/2025-09-15',1757376000
2484,25,7,79.19420318715879,0.0111162296931131,b'ACCESS-CM2',7,0.0004551272195451,354.9013395239222,195.7014056445924,b'ssp245',4.928036775258926,293.2370519399292,299.6050405600637,285.9189623016672,b'2025-09-16/2025-09-22',1757980800
2484,25,7,87.97139258518135,0.0111628385063189,b'ACCESS-CM2',7,0.000592899171038,367.6468943622572,150.81755042883717,b'ssp245',4.7796392832308,291.832914349608,297.5095759126329,284.5680062205521,b'2025-09-23/2025-09-29',1758585600
2484,25,7,83.36694738756049,0.0105752580461746,b'ACCESS-CM2',7,0.0001746791367369,348.2260572745277,177.3928013213078,b'ssp245',4.6610290089482245,291.79873299914715,297.63648467702967,285.4102644772874,b'2025-09-30/2025-10-06',1759190400
2484,25,7,81.76265042379433,0.0089747976543949,b'ACCESS-CM2',7,0.0003713774336384,352.68262242357935,129.95665843778224,b'ssp245',5.856044061054012,289.90642184677466,295.7960286877819,281.4114117179949,b'2025-10-07/2025-10-13',1759795200
2484,25,7,74.50697760378314,0.0069541194440524,b'ACCESS-CM2',7,0.0003976338435737,322.6517204543101,136.5348522371677,b'ssp245',6.248423955577463,286.62781433644807,294.5564757671553,277.61562433931016,b'2025-10-14/2025-10-20',1760400000
2484,25,7,79.42516465671635,0.0068951109821999,b'ACCESS-CM2',7,0.0006023939800881,317.9873956559509,130.23914683233832,b'ssp245',7.675744385010014,285.70940849742414,293.379599187792,275.7167235698897,b'2025-10-21/2025-10-27',1761004800
2484,25,7,86.63755136526387,0.008325472098963,b'ACCESS-CM2',7,0.0002817140897064,324.17583457710816,128.5668674912825,b'ssp245',6.548732255449703,287.91273118750865,293.7845960794036,279.56164236167047,b'2025-10-28/2025-11-03',1761609600
2484,25,7,81.22280922554026,0.006781282289494,b'ACCESS-CM2',7,0.0003594415760903,329.60948646331923,107.33639322991576,b'ssp245',7.770539506370085,285.14787584622235,293.0925571402324,276.7143829974932,b'2025-11-04/2025-11-10',1762214400
2484,25,7,81.09806307987894,0.0065990059296373,b'ACCESS-CM2',7,0.000492638682591,316.27778420989046,107.88477217009915,b'ssp245',8.0331536956318,284.506725395551,292.24707408787054,275.4321849075789,b'2025-11-11/2025-11-17',1762819200
2484,25,7,72.48919505820184,0.0039970563919747,b'ACCESS-CM2',7,6.712338854911725e-05,294.8761540948028,86.06784702576314,b'ssp245',8.4629669386087,278.61610911485906,288.8171253007712,273.5177541516491,b'2025-11-18/2025-11-24',1763424000
2484,25,7,70.96937573675906,0.0042380286200281,b'ACCESS-CM2',7,0.0001389162474763,294.04450206728507,91.08610784392997,b'ssp245',7.689062812366964,279.7939588633834,288.9394067194044,274.7479417938547,b'2025-11-25/2025-12-01',1764028800
2484,25,7,75.3931454362153,0.0032468720776267,b'ACCESS-CM2',7,0.000227679720289,280.0535858334077,68.70228602503467,b'ssp245',10.751186363826973,274.6162897034141,286.37759367952646,265.68137745021545,b'2025-12-02/2025-12-08',1764633600
2484,25,7,75.4684163066881,0.0027751226916144,b'ACCESS-CM2',7,0.0001471639692219,269.0336401016618,78.34194035874201,b'ssp245',7.586536028599353,273.0260905517219,279.8444289374597,266.35922964823624,b'2025-12-09/2025-12-15',1765238400
2484,25,7,78.47070937795738,0.0040877188875823,b'ACCESS-CM2',7,0.0004169253469015,284.8464523899714,78.02430337728914,b'ssp245',9.384430179188636,276.82423090759187,287.88749065595806,268.48103442634505,b'2025-12-16/2025-12-22',1765843200
2484,25,7,74.01853795114779,0.0031118623160349,b'ACCESS-CM2',7,0.0004344190370857,266.1362977849542,88.00684322418978,b'ssp245',9.42210752869214,274.4907221843287,284.87392040134705,268.06456497035083,b'2025-12-23/2025-12-29',1766448000
2484,25,7,72.55101958992555,0.0035902657122618,b'ACCESS-CM2',7,0.000290338061271,293.40846638967435,78.26437013033387,b'ssp245',7.249027575589771,277.53738675236883,282.6877339156632,273.6566171547802,b'2025-12-30/2026-01-05',1767052800
2484,25,7,71.75265394219242,0.0027598819576425,b'ACCESS-CM2',7,0.0003125321974793,282.3581139476029,71.37737861824317,b'ssp245',10.682115240546496,273.75617810166466,284.744383192554,264.01070002919624,b'2026-01-06/2026-01-12',1767657600
2484,25,7,70.08625927448975,0.0034059221134143,b'ACCESS-CM2',7,0.0002328336069415,278.8153101902823,98.6547440260605,b'ssp245',7.62297857843548,276.552109753436,284.120963342411,269.5105795319548,b'2026-01-13/2026-01-19',1768262400
2484,25,7,68.57332081577037,0.0026780670123491,b'ACCESS-CM2',7,4.416947724392877e-05,256.9952094481163,107.76220200865892,b'ssp245',8.484063084943656,273.60343906138536,279.6390818173124,263.8665043152485,b'2026-01-20/2026-01-26',1768867200
2484,25,7,75.6176429939551,0.0029445040720035,b'ACCESS-CM2',7,0.0003881948660073,267.69416576492245,110.99112421072286,b'ssp245',9.79915137582394,273.80346825758386,280.83159488009426,266.8566137884081,b'2026-01-27/2026-02-02',1769472000
2484,25,7,77.53634501416484,0.0032217381242593,b'ACCESS-CM2',7,0.0002260473881824,285.24175966962275,109.14958165074658,b'ssp245',6.74739194302566,274.6414003891868,281.7523124144249,268.43092582152065,b'2026-02-03/2026-02-09',1770076800
2484,25,7,79.43059240068708,0.0035367710481566,b'ACCESS-CM2',7,0.0002158312427433,284.8646146861373,118.41785412368438,b'ssp245',7.978568576923702,275.5895712716239,283.7176298161143,266.929250658173,b'2026-02-10/2026-02-16',1770681600
2484,25,7,73.31011727491781,0.0031164400660143,b'ACCESS-CM2',7,0.0003960070333655,265.0353897049782,133.69625407852376,b'ssp245',8.791814832518835,274.5820169350536,287.31953398714364,261.85233472057223,b'2026-02-17/2026-02-23',1771286400
2484,25,7,67.67269926394208,0.0020974786813776,b'ACCESS-CM2',7,0.0002176539493593,246.78407771878813,155.39743786391878,b'ssp245',7.137234946238276,271.9163037217243,280.53434108458845,262.6950614378625,b'2026-02-24/2026-03-02',1771891200
2484,25,7,78.94838807298439,0.0045208192066273,b'ACCESS-CM2',7,0.0008761523586563,292.9190868327123,150.18191965409338,b'ssp245',8.664940989947986,278.6422733087779,287.3679719905264,268.4891585517176,b'2026-03-03/2026-03-09',1772496000
2484,25,7,75.09543119158063,0.0034126922329962,b'ACCESS-CM2',7,0.0001225734924976,253.63084370047076,184.3382722070888,b'ssp245',9.57533817754754,275.04777565058623,285.8678673813024,260.0425437062057,b'2026-03-10/2026-03-16',1773100800
2484,25,7,76.98166612672877,0.0039788697700842,b'ACCESS-CM2',7,0.0006183817678289,276.1532136919924,170.0541915949736,b'ssp245',6.903226516383738,277.6156882059944,284.3086974153814,269.21361848496906,b'2026-03-17/2026-03-23',1773705600
2484,25,7,79.74367264479356,0.0047303469699363,b'ACCESS-CM2',7,0.0001408362627824,265.0359845505548,213.56831605936537,b'ssp245',6.321568922020376,279.4777745737068,287.47377627657863,270.4998431648176,b'2026-03-24/2026-03-30',1774310400
2484,25,7,80.06388579131226,0.005348144082314,b'ACCESS-CM2',7,8.138928580326294e-05,278.7102118086218,220.5003997061144,b'ssp245',5.538868256977627,282.0239117584453,289.3397015443783,271.8832347122664,b'2026-03-31/2026-04-06',1774915200
2484,25,7,82.47682441632773,0.0058700459399253,b'ACCESS-CM2',7,0.00087783243541,297.1654145995016,187.8816203256419,b'ssp245',7.785885846667507,282.3025260105049,290.76585734259226,270.51974329997586,b'2026-04-07/2026-04-13',1775520000
2484,25,7,80.75709078062617,0.0062698658232731,b'ACCESS-CM2',7,7.05321822132136e-05,288.61496318878943,241.4039671143657,b'ssp245',6.2515767721434585,284.20260894281,291.9703378579051,275.4461717114006,b'2026-04-14/2026-04-20',1776124800
2484,25,7,74.15454270667637,0.0052605196394695,b'ACCESS-CM2',7,8.11928027593936e-06,269.28774144617904,260.7925779654457,b'ssp245',5.816763924218067,282.27073880674567,289.54832584341784,276.51738967108975,b'2026-04-21/2026-04-27',1776729600
2484,25,7,84.71466831325256,0.00718596399198,b'ACCESS-CM2',7,0.0004921524133378,307.32232841300686,229.73352667649823,b'ssp245',5.890883668006256,285.42206394830407,290.7002307065984,278.0870306270639,b'2026-04-28/2026-05-04',1777334400
2484,25,7,78.8670097485909,0.0068786240046341,b'ACCESS-CM2',7,0.0005439868876134,307.30352987702366,256.62556567634505,b'ssp245',7.224029632836625,285.1562742702389,294.3984623545224,276.29688742726125,b'2026-05-05/2026-05-11',1777939200
2484,25,7,89.02706681084388,0.009940777327152,b'ACCESS-CM2',7,0.0001378036541627,319.75490274555733,296.16761270784315,b'ssp245',4.910859654156906,289.42890038019783,295.72809577234017,282.2218066343328,b'2026-05-12/2026-05-18',1778544000
2484,25,7,83.42818035187533,0.0094214687459938,b'ACCESS-CM2',7,0.0002262209628556,314.1379762405149,288.9635469551817,b'ssp245',4.839828026312266,289.5682643839818,295.687410492258,282.9022259269793,b'2026-05-19/2026-05-25',1779148800
2484,25,7,88.34066942689697,0.0104202651566193,b'ACCESS-CM2',7,0.0008301597007694,337.4660358232321,255.52744429171176,b'ssp245',5.51439432367485,289.9247799228674,296.01763412632897,281.61710821721977,b'2026-05-26/2026-06-01',1779753600
2484,25,7,91.07620142064496,0.0122159760286249,b'ACCESS-CM2',7,0.0002035570728393,342.56597311612614,288.97939316267826,b'ssp245',5.026595920631566,291.8746619245616,299.643304411898,285.1457209636256,b'2026-06-02/2026-06-08',1780358400
2484,25,7,87.77467309111876,0.0133105564659491,b'ACCESS-CM2',7,0.0003253555201514,351.4849678230567,297.73997982963374,b'ssp245',5.602722514360397,294.1922856191824,300.485163423204,287.4538629276236,b'2026-06-09/2026-06-15',1780963200
2484,25,7,84.27189540722586,0.0134783013386374,b'ACCESS-CM2',7,0.0001059430853868,349.59109697075064,310.9822656016287,b'ssp245',4.8716431735014885,294.92341959845163,302.28221444985303,287.6076093850677,b'2026-06-16/2026-06-22',1781568000
2484,25,7,85.04879874228027,0.0131639329310566,b'ACCESS-CM2',7,0.000265070739729,352.7280708953453,293.43234331583244,b'ssp245',4.1876592465809415,294.46123397894564,300.8501203084729,287.32811446042405,b'2026-06-23/2026-06-29',1782172800
2484,25,7,87.39482626823686,0.016089458496547,b'ACCESS-CM2',7,8.198121797643031e-05,369.90202037153966,304.71487661594847,b'ssp245',5.572581879520277,297.11766865748547,303.9240093427836,287.6541864454132,b'2026-06-30/2026-07-06',1782777600
2484,25,7,77.05467566825857,0.0135681437018473,b'ACCESS-CM2',7,3.200686336247396e-05,351.95619120759363,323.41738761261394,b'ssp245',5.084555056203975,296.0765659517673,303.87277111564714,288.3488171764256,b'2026-07-07/2026-07-13',1783382400
2484,25,7,93.165207330538,0.0169902043369089,b'ACCESS-CM2',7,0.0004289076049034,379.43887598770885,266.3008445661093,b'ssp245',5.480637056486947,297.5504582760436,302.9363297924553,288.6960921140062,b'2026-07-14/2026-07-20',1783987200
2484,25,7,86.30362731192004,0.016428981201287,b'ACCESS-CM2',7,0.0003717429884354,377.0362299384004,271.784556718919,b'ssp245',5.924587611597311,298.00450289337203,303.4567152200286,290.3529870731315,b'2026-07-21/2026-07-27',1784592000
2484,25,7,85.8675562503236,0.0162363024154164,b'ACCESS-CM2',7,5.924236633252619e-05,369.71593694448126,282.3815362337588,b'ssp245',4.30314716218322,297.8557787348841,303.2086883230308,291.9534477941769,b'2026-07-28/2026-08-03',1785196800
2484,25,7,85.27724837133215,0.0162126096493573,b'ACCESS-CM2',7,0.0003857276680537,372.9157493714907,258.26528418292355,b'ssp245',4.399910071461472,297.4643196027304,304.1075318326656,291.18985315696483,b'2026-08-04/2026-08-10',1785801600
2484,25,7,79.94639716618894,0.0141731578299832,b'ACCESS-CM2',7,9.239097283437268e-06,362.9082384741535,264.1318508816749,b'ssp245',5.136465332118331,296.44970226709205,303.6756426624416,289.6462776734657,b'2026-08-11/2026-08-17',1786406400
2484,25,7,84.81123543628362,0.0158686487879247,b'ACCESS-CM2',7,0.0002528656256163,375.6656537737165,236.4934690472655,b'ssp245',5.366786979435119,297.3388752101623,304.00651345793733,290.72560276936014,b'2026-08-18/2026-08-24',1787011200
2484,25,7,89.1357624857345,0.0156943210090656,b'ACCESS-CM2',7,8.820818669423309e-05,380.40767122473744,222.8964335648055,b'ssp245',4.22091799544305,297.0078498492009,302.7072898628785,290.583365528854,b'2026-08-25/2026-08-31',1787616000
2484,25,7,84.1780081286873,0.0145095748640322,b'ACCESS-CM2',7,0.0003384997971159,371.9811477324047,218.08459669290127,b'ssp245',4.9672341804967886,296.4999151665262,303.1748661945776,287.7066496229664,b'2026-09-01/2026-09-07',1788220800
2484,25,7,73.23858292008008,0.0110960470825235,b'ACCESS-CM2',7,4.39299019634452e-05,349.0166752721144,215.8045887897924,b'ssp245',4.317479035815715,294.84837372770016,300.4986199447789,288.0918070999618,b'2026-09-08/2026-09-14',1788825600
2484,25,7,76.17655274021784,0.0111879837330271,b'ACCESS-CM2',7,0.0004280179533432,350.9697926090111,192.5601742144713,b'ssp245',6.047288474875101,294.1200087130158,300.92911663252056,287.5279726638008,b'2026-09-15/2026-09-21',1789430400
2484,25,7,80.29550787767009,0.0108698254556769,b'ACCESS-CM2',7,0.0005082532333754,354.04509558698743,176.9386408585336,b'ssp245',6.721931311799781,292.8380856858087,298.3837890625,285.73035485965687,b'2026-09-22/2026-09-28',1790035200
2484,25,7,73.13864760476113,0.0077700775050844,b'ACCESS-CM2',7,0.0002016175575026,319.1791506333274,163.84572363110462,b'ssp245',7.349899319731611,288.6181291852679,297.0639025501369,280.8676326791036,b'2026-09-29/2026-10-05',1790640000
2484,25,7,76.16219945578935,0.0081460049255189,b'ACCESS-CM2',7,0.0001745076656148,328.06427314320086,163.37672434429007,b'ssp245',8.109048358119464,288.28970527929835,297.6071771051466,279.2977777854684,b'2026-10-06/2026-10-12',1791244800
2484,25,7,75.99474813379841,0.0076900958042421,b'ACCESS-CM2',7,0.0002808008117439,320.9200969353341,144.26750875256727,b'ssp245',6.928075826571863,288.0136727289529,296.043208328719,281.4888895565702,b'2026-10-13/2026-10-19',1791849600
2484,25,7,70.54468854362028,0.0054347868137807,b'ACCESS-CM2',7,5.112129170734032e-05,317.62480846736497,122.74514201393184,b'ssp245',6.813479914229819,284.06480980762154,290.27636152444427,277.67317010938507,b'2026-10-20/2026-10-26',1792454400
2484,25,7,72.88419191756552,0.0055297882222763,b'ACCESS-CM2',7,0.0003449493854699,311.2458464632329,109.72973200217965,b'ssp245',7.667173561186082,283.4402318401084,290.4551542616382,277.3796054800761,b'2026-10-27/2026-11-02',1793059200
2484,25,7,78.47291383195521,0.0057977997418081,b'ACCESS-CM2',7,0.0005981798326542,310.1214965011305,111.97085182515794,b'ssp245',8.245247416362847,283.1764829071,292.3365826164324,274.7132569932446,b'2026-11-03/2026-11-09',1793664000
2484,25,7,78.14731471492897,0.0059676656810859,b'ACCESS-CM2',7,0.0002476755934992,315.3872533694283,104.53376346975786,b'ssp245',6.684809329232341,283.4162096296038,292.3023639167707,274.3760632387141,b'2026-11-10/2026-11-16',1794268800
2484,25,7,80.94077467321472,0.0051280410110947,b'ACCESS-CM2',7,0.0004595937190266,304.934271889688,91.52196869548186,b'ssp245',10.319893970756365,280.4082515306431,289.9303813816346,272.2250902628162,b'2026-11-17/2026-11-23',1794873600
2484,25,7,77.72651120664797,0.0047114192390202,b'ACCESS-CM2',7,0.0004187545985952,303.66791000703296,89.59306079825176,b'ssp245',7.261192939067274,280.0255359992363,289.8824797954756,272.0569988132752,b'2026-11-24/2026-11-30',1795478400
2484,25,7,76.92970189360001,0.0048498608201428,b'ACCESS-CM2',7,0.000782229141853,293.52525018346506,82.61832620398813,b'ssp245',8.609539396457363,279.97627988655194,288.8943265934581,271.39804250186256,b'2026-12-01/2026-12-07',1796083200
2484,25,7,68.93864487829195,0.0032550770688571,b'ACCESS-CM2',7,0.0001096400112577,277.667450512983,77.10838719285114,b'ssp245',9.439903229782262,276.4171613825264,287.16253913800745,270.6870999680352,b'2026-12-08/2026-12-14',1796688000
2484,25,7,68.15327266530191,0.0027774935793981,b'ACCESS-CM2',7,2.107754946974684e-05,269.0076117199545,80.72122445759612,b'ssp245',8.388734320302074,274.57104941636373,280.55811286218386,261.7888708999477,b'2026-12-15/2026-12-21',1797292800
2484,25,7,73.23999827950975,0.0025721584577544,b'ACCESS-CM2',7,4.870602315607816e-05,260.7127881731306,81.02784478997975,b'ssp245',7.655915177798939,272.6130362329498,285.0437872188608,263.4073547677896,b'2026-12-22/2026-12-28',1797897600
2484,25,7,75.45664847687172,0.004209236778862,b'ACCESS-CM2',7,0.0004750750893776,292.4725936305365,81.83522926128316,b'ssp245',8.526754467055444,278.9519052631901,285.7834143884404,272.3706688635129,b'2026-12-29/2027-01-04',1798502400
2484,25,7,65.99745354912243,0.0030346012440069,b'ACCESS-CM2',7,1.1152411210734948e-05,253.68808090142548,104.18175499288256,b'ssp245',9.40461037015002,275.9431602691516,281.6640793318601,270.3665299563064,b'2027-01-05/2027-01-11',1799107200
2484,25,7,74.69465236073917,0.003333879595647,b'ACCESS-CM2',7,0.0003642502926967,291.30642799074064,79.25037308188708,b'ssp245',7.71845656923061,275.98565237862726,281.5426862264417,271.08127004092506,b'2027-01-12/2027-01-18',1799712000
2484,25,7,75.01146843788024,0.0023953051205836,b'ACCESS-CM2',7,0.0003568916951392,266.7791047580815,83.93590478236968,b'ssp245',10.325064694582975,270.36869342337656,283.50850103319306,256.935009277973,b'2027-01-19/2027-01-25',1800316800
2484,25,7,78.25804402234805,0.0029909395467385,b'ACCESS-CM2',7,0.0002315763970032,266.5067713292253,96.6529495340384,b'ssp245',9.269057743328132,272.7997007973942,283.9391485784472,259.7406734191265,b'2027-01-26/2027-02-01',1800921600
2484,25,7,73.4881784947526,0.0029833471222158,b'ACCESS-CM2',7,0.0002818606549875,260.12491612160505,116.03856401345163,b'ssp245',8.884338428766984,273.9824260998194,284.51706137116423,263.88348404402586,b'2027-02-02/2027-02-08',1801526400
2484,25,7,71.36748540594581,0.0031507576752175,b'ACCESS-CM2',7,0.0002117122995635,260.94330069945033,136.27881883275705,b'ssp245',9.881893202728303,275.0564500137352,285.0355326858992,264.73670581935613,b'2027-02-09/2027-02-15',1802131200
2484,25,7,67.27063295591914,0.0026583442661981,b'ACCESS-CM2',7,7.054641713353857e-05,244.04679426774717,148.0745638199864,b'ssp245',8.876199274596832,274.0191720504649,280.4565771043916,265.41591809459567,b'2027-02-16/2027-02-22',1802736000
2484,25,7,75.79791381959537,0.0033359574731809,b'ACCESS-CM2',7,0.0008617332368098,268.5989236396261,143.11420733939215,b'ssp245',10.47155321680218,274.97723433616767,285.11344327631684,267.8946412076656,b'2027-02-23/2027-03-01',1803340800
2484,25,7,72.12531333327821,0.0033080847153785,b'ACCESS-CM2',7,0.0001727728644665,269.92437208172856,159.69222466829777,b'ssp245',6.810343826291136,275.8407892106384,285.9205868121275,267.34619879968386,b'2027-03-02/2027-03-08',1803945600
2484,25,7,73.71515856926852,0.0037220831540726,b'ACCESS-CM2',7,0.0004659756213722,272.555188298401,170.73595203180554,b'ssp245',10.39673093351946,277.36372656393826,287.59846779734823,270.41860191109254,b'2027-03-09/2027-03-15',1804550400
2484,25,7,77.4085743332471,0.0045796015566634,b'ACCESS-CM2',7,0.0006503227758655,279.6895694311308,187.5647752112949,b'ssp245',8.423156814125747,279.8998899614337,289.4765698934339,271.39575384081024,b'2027-03-16/2027-03-22',1805155200
2484,25,7,70.16942081535689,0.0037479539954244,b'ACCESS-CM2',7,0.0002130610672822,257.34118686052415,213.77104625224365,b'ssp245',7.401027287228997,278.0877668018369,286.3610921643444,271.20715835413984,b'2027-03-23/2027-03-29',1805760000
2484,25,7,73.91385804290098,0.0039867417638591,b'ACCESS-CM2',7,0.0001801539475923,261.24853604391154,209.123258273275,b'ssp245',7.734553492648613,277.7514492029294,286.8146966363966,269.24698835549896,b'2027-03-30/2027-04-05',1806364800
2484,25,7,68.02529118162894,0.0042170836389289,b'ACCESS-CM2',7,0.0002663592150788,267.59475473170784,217.9203918187362,b'ssp245',7.037442894326043,280.57952802205824,287.0642601091837,272.82440421507533,b'2027-04-06/2027-04-12',1806969600
2484,25,7,86.3542255126324,0.0063760744065556,b'ACCESS-CM2',7,0.0005702841968829,304.2247813790817,198.986906571311,b'ssp245',5.127146680330493,283.11046484608715,290.14720169539305,276.2882622787633,b'2027-04-13/2027-04-19',1807574400
2484,25,7,83.88333712480907,0.0070653471948965,b'ACCESS-CM2',7,0.0004109583809347,298.1979160786377,236.0691755179629,b'ssp245',5.044330495271135,285.0650023065716,291.80108186387525,276.12506559706225,b'2027-04-20/2027-04-26',1808179200
2484,25,7,85.28867207500475,0.0078041605056099,b'ACCESS-CM2',7,9.218727410764796e-05,309.955321097058,241.2431623770668,b'ssp245',4.86376371316952,286.54429889392435,295.898390465176,278.3721807420868,b'2027-04-27/2027-05-03',1808784000
2484,25,7,87.24536490124352,0.0093167971775747,b'ACCESS-CM2',7,9.730565345413946e-05,322.3012356652779,274.23013836013723,b'ssp245',6.731130400005954,289.0880263136132,296.9716427203307,281.2392914762202,b'2027-05-04/2027-05-10',1809388800
2484,25,7,80.81095153347908,0.0085614290183055,b'ACCESS-CM2',7,0.0001763301646418,306.4539891103933,280.5120502971936,b'ssp245',6.663964401464223,288.26198898113176,297.31467146726004,277.0546264648437,b'2027-05-11/2027-05-17',1809993600
2484,25,7,84.13642325984186,0.0094614515385544,b'ACCESS-CM2',7,0.0002707547996863,321.0238208574118,286.75516385287705,b'ssp245',5.75496098535226,289.5431070903616,296.51676689226605,282.518903437349,b'2027-05-18/2027-05-24',1810598400
2484,25,7,89.54054082159793,0.0113626165145428,b'ACCESS-CM2',7,9.955217653173358e-05,330.06583753987513,298.67940670681986,b'ssp245',3.425219360788371,291.6362355699947,298.0608015552009,283.1704345388512,b'2027-05-25/2027-05-31',1811203200
2484,25,7,79.65980769678491,0.0106158003208277,b'ACCESS-CM2',7,4.221341331208673e-05,321.92151553079555,334.42628310460583,b'ssp245',5.0318610394299474,292.5246366071069,299.56590585610303,283.58008866457595,b'2027-06-01/2027-06-07',1811808000
2484,25,7,80.44157931028656,0.0122134833945035,b'ACCESS-CM2',7,0.0001468750506984,346.48047798617426,300.15350597982734,b'ssp245',5.908520665189831,294.31030806034414,302.5790122120651,286.4536782490839,b'2027-06-08/2027-06-14',1812412800
2484,25,7,83.17074164164436,0.0133798912164805,b'ACCESS-CM2',7,0.0003024834144825,346.43335810395865,309.9369922351416,b'ssp245',5.12534759866296,295.1497891275802,302.2868839539203,288.0034281937118,b'2027-06-15/2027-06-21',1813017600
2484,25,7,84.14783565425732,0.0139429621598703,b'ACCESS-CM2',7,0.0005695794860718,363.7878384934258,279.7856966673187,b'ssp245',5.278448786756603,295.7062771422171,301.9453784116765,289.5319484435406,b'2027-06-22/2027-06-28',1813622400
2484,25,7,84.24613590830381,0.0152560707362744,b'ACCESS-CM2',7,0.0002480299718862,359.0262650951897,308.43151441975795,b'ssp245',4.370811729438175,296.65881884747654,303.0092741976079,289.244786527968,b'2027-06-29/2027-07-05',1814227200
2484,25,7,81.67399966277851,0.0163377620813344,b'ACCESS-CM2',7,6.206121631268298e-05,368.2707544250938,317.08111601479806,b'ssp245',4.628726489765128,298.28532270338826,306.30020220255113,291.62534104180094,b'2027-07-06/2027-07-12',1814832000
2484,25,7,86.18390463939998,0.0161752270573039,b'ACCESS-CM2',7,8.886170700063981e-05,363.3681999509921,301.64395297785046,b'ssp245',4.356483634511923,297.5720164954926,303.9324392731657,290.004907037794,b'2027-07-13/2027-07-19',1815436800
2484,25,7,91.96264258540609,0.0172388472955053,b'ACCESS-CM2',7,0.0002222753685579,380.6853946466685,265.3625319962649,b'ssp245',4.305493004894397,297.7206012349417,304.09816686885875,291.6311496066064,b'2027-07-20/2027-07-26',1816041600
2484,25,7,92.94912987710453,0.0168602999665983,b'ACCESS-CM2',7,0.0001496668093235,380.1910415671887,246.8836252833326,b'ssp245',2.8909572287406418,297.2478608256412,303.1139534232543,289.7556633703488,b'2027-07-27/2027-08-02',1816646400
2484,25,7,88.86917990121295,0.0176567527930497,b'ACCESS-CM2',7,0.0003961048250139,387.677462053931,245.43647404306947,b'ssp245',5.098198776041461,298.4587258295388,305.35637169277544,291.8717835416499,b'2027-08-03/2027-08-09',1817251200
2484,25,7,86.35581020192299,0.0147230001296765,b'ACCESS-CM2',7,0.000598258691607,382.64824070881326,209.60955963359493,b'ssp245',6.424972573506464,296.1980408119348,304.05216256367794,290.7729967254954,b'2027-08-10/2027-08-16',1817856000
2484,25,7,86.25016806578603,0.0154257439802481,b'ACCESS-CM2',7,4.5144628196813416e-05,371.39944089459743,245.131383488561,b'ssp245',3.382558018715287,296.8677353781699,304.04032536142887,290.8691456588273,b'2027-08-17/2027-08-23',1818460800
2484,25,7,89.34940482520217,0.0161250474532196,b'ACCESS-CM2',7,0.0002214468264046,384.8682310977987,208.46571487179563,b'ssp245',4.381140678111514,297.23084635446634,303.7727434610583,290.97109072970363,b'2027-08-24/2027-08-30',1819065600
2484,25,7,89.91908199551882,0.0150407619399891,b'ACCESS-CM2',7,0.0001523973623205,381.7559640066965,195.05903518744176,b'ssp245',3.667082116073643,296.3541697978271,301.9660208790573,289.82822724961744,b'2027-08-31/2027-09-06',1819670400
2484,25,7,86.5123807320012,0.0144941925094496,b'ACCESS-CM2',7,0.0004875389470871,375.3623323735503,202.2482438347301,b'ssp245',5.134771826165414,296.2572835436275,302.75461255889576,288.20143457786327,b'2027-09-07/2027-09-13',1820275200
2484,25,7,78.87373245306675,0.0113983025201026,b'ACCESS-CM2',7,4.890814690633747e-05,356.7034197485676,202.5630015399916,b'ssp245',5.859537798807091,293.87317874329784,300.9389407757631,285.8381457771223,b'2027-09-14/2027-09-20',1820880000
2484,25,7,80.04121866352605,0.0112455529585996,b'ACCESS-CM2',7,0.0001293764264726,356.00299863295635,182.3958964958809,b'ssp245',6.848485642223892,293.0617017563383,300.70174872014945,283.12759100530565,b'2027-09-21/2027-09-27',1821484800
2484,25,7,85.24970962232273,0.0116102763997535,b'ACCESS-CM2',7,6.5676930789610535e-09,341.3150005761935,192.2134248961054,b'ssp245',3.9247029243758575,292.7663247019974,299.63040507208444,281.6641369062601,b'2027-09-28/2027-10-04',1822089600
2484,25,7,87.40944617135186,0.0113473751558887,b'ACCESS-CM2',7,0.0007063797465642,356.10501186275343,144.3287284188137,b'ssp245',5.011661067802531,292.11155046735496,298.31570057033264,283.9278007585978,b'2027-10-05/2027-10-11',1822694400
2484,25,7,84.22305016946021,0.0095737231816459,b'ACCESS-CM2',7,0.0003352967125149,350.89009694252525,143.63999722667575,b'ssp245',5.121650552890087,290.6097660879324,295.94612499119086,283.72546669871537,b'2027-10-12/2027-10-18',1823299200
2484,25,7,85.68162675950244,0.0089938907228431,b'ACCESS-CM2',7,6.777191164177379e-05,354.81876284524867,126.83504873171822,b'ssp245',8.430319835932512,289.9496699517184,295.09688308558515,284.95055979305937,b'2027-10-19/2027-10-25',1823904000
2484,25,7,79.48181770897754,0.0080230816230397,b'ACCESS-CM2',7,0.0009564191790144,338.00653961586147,104.26449754066076,b'ssp245',7.820878551353938,288.1613128167716,294.87072769636967,280.14851096241745,b'2027-10-26/2027-11-01',1824508800
2484,25,7,69.23592514633606,0.0047551093824325,b'ACCESS-CM2',7,3.458759935617124e-05,300.15826713775505,113.80097373209576,b'ssp245',7.812602460296587,281.93754254033536,290.2424473713354,275.0969332665512,b'2027-11-02/2027-11-08',1825113600
2484,25,7,74.74849830987002,0.0059386672551876,b'ACCESS-CM2',7,0.0001747511995089,308.4163952070413,113.43227960645538,b'ssp245',6.135342000159319,284.2021241223163,291.16571988764497,275.39634830435534,b'2027-11-09/2027-11-15',1825718400
2484,25,7,77.12287505350689,0.005924187284971,b'ACCESS-CM2',7,0.0004256542327248,316.246255933624,86.5439435484132,b'ssp245',8.376162227369374,282.3451147739596,292.16549761270744,272.6375063866684,b'2027-11-16/2027-11-22',1826323200
2484,25,7,73.65009617700142,0.0059682598014516,b'ACCESS-CM2',7,8.858244764758652e-05,313.2921446068473,94.3161263163908,b'ssp245',7.820386036857414,283.3412863235586,291.90482637071125,272.51805917012325,b'2027-11-23/2027-11-29',1826928000
2484,25,7,74.52271039847598,0.004994808616657,b'ACCESS-CM2',7,0.0001450439493607,300.6934720181225,83.93152996226158,b'ssp245',8.344345314337684,280.60577630786025,291.45313333727654,272.5691833496094,b'2027-11-30/2027-12-06',1827532800
2484,25,7,72.79585390835344,0.003778192034644,b'ACCESS-CM2',7,0.0001470517607659,286.5471976368698,75.24361915756923,b'ssp245',9.477731937512385,277.69768810693574,285.2573080161184,272.14146816607604,b'2027-12-07/2027-12-13',1828137600
2484,25,7,71.50700730111708,0.0041486297240987,b'ACCESS-CM2',7,0.000481817916164,285.16958944014493,79.54558991332469,b'ssp245',8.071173172460565,278.3577859510554,288.6608285805614,269.2940354494704,b'2027-12-14/2027-12-20',1828742400
2484,25,7,74.85390141786287,0.0032123500559772,b'ACCESS-CM2',7,0.0007267912174336,277.82211239664474,74.4013968117985,b'ssp245',10.079841525284284,274.55682622491,285.86677740038056,264.18546743491265,b'2027-12-21/2027-12-27',1829347200
2484,25,7,74.90420754141941,0.0030761346091866,b'ACCESS-CM2',7,0.0001679379428676,283.93154783628125,77.11480354455155,b'ssp245',10.24932546608578,274.20891960941816,282.23057383114536,260.5698358594757,b'2027-12-28/2028-01-03',1829952000
2484,25,7,74.59553781770641,0.0024718821828153,b'ACCESS-CM2',7,0.0003997299809445,255.65700873710625,89.61814410697028,b'ssp245',8.221558892849796,271.56545645218006,282.5383316511961,263.9449357494866,b'2028-01-04/2028-01-10',1830556800
2484,25,7,73.49206072732872,0.0018494657537589,b'ACCESS-CM2',7,7.266491888391231e-05,254.75051549537892,85.99057038578265,b'ssp245',8.72062418351995,269.2363473614116,279.9249706464945,263.3841415877195,b'2028-01-11/2028-01-17',1831161600
2484,25,7,88.45574930384865,0.0027473613803085,b'ACCESS-CM2',7,0.0011207218315002,271.34532619470707,73.1362858099509,b'ssp245',14.38833822382392,269.8271839439606,282.4038285717522,259.85443980423446,b'2028-01-18/2028-01-24',1831766400
2484,25,7,77.35061708430655,0.0024676881015604,b'ACCESS-CM2',7,0.0004199200806283,257.12311544966104,101.47448625971889,b'ssp245',10.04832970657124,270.7122631719081,283.53755282372543,262.97278005069063,b'2028-01-25/2028-01-31',1832371200
2484,25,7,82.40094264371757,0.0024730734342286,b'ACCESS-CM2',7,5.455102421296445e-05,245.37622693922805,132.4673020948542,b'ssp245',12.615662988752613,269.9869093522759,282.74084677155486,258.58223952460537,b'2028-02-01/2028-02-07',1832976000
2484,25,7,81.29115396536153,0.0042189075644107,b'ACCESS-CM2',7,0.0004391707210778,300.8936109360258,100.53081304861976,b'ssp245',8.138423121203731,277.8700977263641,286.74261191456594,270.3677281645156,b'2028-02-08/2028-02-14',1833580800
2484,25,7,82.80026673217233,0.0045511224133953,b'ACCESS-CM2',7,0.0004337178732046,296.0039944543404,124.76291208730709,b'ssp245',8.230967680730245,278.26309977153613,285.6593259831065,265.9527814412855,b'2028-02-15/2028-02-21',1834185600
2484,25,7,76.75014056794248,0.0032735583492429,b'ACCESS-CM2',7,0.0009442474671846,262.4834550343487,145.95521279673514,b'ssp245',8.146172887622345,274.7177540662538,285.2298453419479,268.6191252089038,b'2028-02-22/2028-02-28',1834790400
2484,25,7,75.4156518354683,0.0032406286778825,b'ACCESS-CM2',7,6.717908355527636e-05,259.4487776496449,158.66083495149908,b'ssp245',9.76288348971832,274.68708201255293,282.0656046129994,259.9570001031935,b'2028-02-29/2028-03-06',1835395200
2484,25,7,78.70519052654375,0.0039714452958375,b'ACCESS-CM2',7,0.0004025705287524,272.6835053771164,162.02885811177904,b'ssp245',9.26127044266208,277.38614466896115,285.58664632580945,269.99796900798367,b'2028-03-07/2028-03-13',1836000000
2484,25,7,72.04921848538699,0.003720941661894,b'ACCESS-CM2',7,0.0001908118294117,260.1429964944786,178.6946331580363,b'ssp245',8.396201160414055,277.44042555257045,288.8548557242168,270.0059553323333,b'2028-03-14/2028-03-20',1836604800
2484,25,7,77.28302628934297,0.0048207232218704,b'ACCESS-CM2',7,0.0004189247908239,279.36328290172463,200.84483176724373,b'ssp245',9.168528366685791,279.48218744247055,293.1912255041378,266.41332740390425,b'2028-03-21/2028-03-27',1837209600
2484,25,7,79.24995900464515,0.0053498693518971,b'ACCESS-CM2',7,0.000158370875193,288.9695285465651,198.54555937327413,b'ssp245',7.980454426626395,281.6841596960144,290.55191779382454,273.5075913262122,b'2028-03-28/2028-04-03',1837814400
2484,25,7,84.24092190816933,0.0057619653548907,b'ACCESS-CM2',7,0.0001247072211162,296.57579759645535,207.3239499908133,b'ssp245',6.741861729277779,282.5181276211858,288.10098691330745,275.5593288460957,b'2028-04-04/2028-04-10',1838419200
2484,25,7,90.10703487143428,0.0067020731550175,b'ACCESS-CM2',7,0.0001844713478815,317.382588629519,196.10628653345125,b'ssp245',6.651482568573706,284.2705708926486,289.2404918867288,279.9675063300379,b'2028-04-11/2028-04-17',1839024000
2484,25,7,80.08453165203203,0.0064717702874817,b'ACCESS-CM2',7,0.0001138379339037,295.2895822651432,229.87929601205815,b'ssp245',5.139504693920379,285.1095407117976,289.9121924331508,279.21830025899044,b'2028-04-18/2028-04-24',1839628800
2484,25,7,84.51026146822721,0.0074558533664342,b'ACCESS-CM2',7,0.0001144971947334,298.90968396912973,251.7102918329927,b'ssp245',6.126631845781835,285.8935492266963,294.4298888530928,277.4230909839119,b'2028-04-25/2028-05-01',1840233600
2484,25,7,90.09652657150696,0.0089346498809205,b'ACCESS-CM2',7,0.000543526349156,334.6919229364185,194.9093150165541,b'ssp245',7.314083480694508,287.9061301994043,296.01436811624114,281.8252796291076,b'2028-05-02/2028-05-08',1840838400
2484,25,7,98.67536812221884,0.0113637200556694,b'ACCESS-CM2',7,0.0007177004525323,358.325439655377,217.322957450406,b'ssp245',3.7874136768138817,290.5113938883584,296.1433006365275,285.6819119797539,b'2028-05-09/2028-05-15',1841443200
2484,25,7,83.29568060087,0.0096237525760177,b'ACCESS-CM2',7,5.000913236853172e-05,323.934283698957,282.31201511208894,b'ssp245',4.505244848654443,290.3146135782458,296.2981200857261,282.01248153214607,b'2028-05-16/2028-05-22',1842048000
2484,25,7,83.09731393288794,0.0104674680346405,b'ACCESS-CM2',7,0.0005946468139054,327.21615823063127,287.855133730814,b'ssp245',4.99679760027002,291.4405152176196,298.7239508874638,283.70002337583566,b'2028-05-23/2028-05-29',1842652800
2484,25,7,96.11244022442422,0.0130030781651993,b'ACCESS-CM2',7,0.0008215532110455,364.9845328014976,210.35061536516463,b'ssp245',5.465960536333178,293.18901996865367,297.28239016188786,288.97463092607325,b'2028-05-30/2028-06-05',1843257600
2484,25,7,92.99989595258712,0.013499921736402,b'ACCESS-CM2',7,0.0004108892557428,358.805813526721,259.3327034232543,b'ssp245',4.2370574950118485,293.8773703708565,299.1840854920063,288.795313097767,b'2028-06-06/2028-06-12',1843862400
2484,25,7,86.42912861033288,0.0144156395651081,b'ACCESS-CM2',7,7.194859079383579e-05,353.94629261314606,310.83674184493015,b'ssp245',4.450533734681154,295.6901718162121,302.09929130003627,288.39737913780607,b'2028-06-13/2028-06-19',1844467200
2484,25,7,84.3315190355978,0.0121681990022379,b'ACCESS-CM2',7,3.3816910671147686e-05,349.676064110645,296.1174615065023,b'ssp245',4.811859994292787,293.5218723617351,299.68000447381405,287.64888220718234,b'2028-06-20/2028-06-26',1845072000
2484,25,7,87.35543442896083,0.0143623645945461,b'ACCESS-CM2',7,0.0001258640270899,357.7360205221949,299.9897596333972,b'ssp245',4.705637253787978,295.44251371448274,301.1202271451655,289.69847515932065,b'2028-06-27/2028-07-03',1845676800
2484,25,7,89.07110759190151,0.0151894953937182,b'ACCESS-CM2',7,3.660015677831832e-05,364.8296690815855,304.7035924717675,b'ssp245',3.614220102159897,296.0672784954178,302.0611819237778,288.1898528423506,b'2028-07-04/2028-07-10',1846281600
2484,25,7,78.15294320804557,0.0144582326888807,b'ACCESS-CM2',7,4.23963067116825e-05,358.1256616336784,312.0904760571397,b'ssp245',4.236725748024212,297.0747037278008,304.0897779956307,289.3652546676164,b'2028-07-11/2028-07-17',1846886400
2484,25,7,80.03913431069284,0.0139305816753458,b'ACCESS-CM2',7,0.0001326072036212,353.869354809858,292.641509571553,b'ssp245',3.5971880659614643,296.5490661531204,302.3026865536405,290.7657234742469,b'2028-07-18/2028-07-24',1847491200
2484,25,7,88.12987702584584,0.0179337439660822,b'ACCESS-CM2',7,0.0001730892410519,386.56509684814097,277.6921236378104,b'ssp245',5.607595302921682,299.03391691721947,305.5476285010269,291.9038276279096,b'2028-07-25/2028-07-31',1848096000
2484,25,7,81.26657053367379,0.015155623656655,b'ACCESS-CM2',7,7.002293590467227e-05,364.6448827639596,273.15466735570175,b'ssp245',4.1288594880054905,297.46777478584664,302.4548394901237,291.39343010027386,b'2028-08-01/2028-08-07',1848700800
2484,25,7,89.73673853361554,0.016029289415427,b'ACCESS-CM2',7,0.0002726924161805,377.441825495904,229.45081965315856,b'ssp245',4.340486390952334,297.0470920388583,302.21269021574983,290.56599552115216,b'2028-08-08/2028-08-14',1849305600
2484,25,7,80.04197136116309,0.0144814695622524,b'ACCESS-CM2',7,0.0001394607378623,365.6382897086277,254.35021207469555,b'ssp245',4.036309288334602,296.9101994869811,303.6345317093368,289.7641839096227,b'2028-08-15/2028-08-21',1849910400
2484,25,7,80.93400545639915,0.0142642881608785,b'ACCESS-CM2',7,0.0001185598068986,371.5902239837423,225.48291084165956,b'ssp245',6.033550228742508,296.28267432593464,304.9747410410459,287.5090245512343,b'2028-08-22/2028-08-28',1850515200
2484,25,7,87.99746459713741,0.0146102196933352,b'ACCESS-CM2',7,0.0001182608990112,371.54215396662,210.80285868132063,b'ssp245',4.408782047270324,295.859970677057,301.30410955370087,290.5969364126933,b'2028-08-29/2028-09-04',1851120000
2484,25,7,85.60257315881474,0.013976649648684,b'ACCESS-CM2',7,4.470594665163908e-05,374.18774814072,206.4519703321499,b'ssp245',4.51789862953335,295.65856713363803,302.8366870683493,284.3421248603113,b'2028-09-05/2028-09-11',1851724800
2484,25,7,82.72970414196796,0.0127965290914117,b'ACCESS-CM2',7,0.0004648409784771,366.7914095444602,190.6553162025598,b'ssp245',6.067308851124087,294.72282405173485,301.5328114303117,284.6669270623591,b'2028-09-12/2028-09-18',1852329600
2484,25,7,81.09478286158881,0.0107691603365034,b'ACCESS-CM2',7,0.0005603897686103,362.0438727714528,162.85352067006357,b'ssp245',8.297173063252917,292.06325716403524,300.44740515640103,283.200131603123,b'2028-09-19/2028-09-25',1852934400
2484,25,7,80.81576227404408,0.0095624459793568,b'ACCESS-CM2',7,0.0003362009639943,337.5105356208004,169.1116119969049,b'ssp245',8.087394875173892,290.8163012587445,297.4468193447468,284.7376501338998,b'2028-09-26/2028-10-02',1853539200
2484,25,7,80.79769344638831,0.0089827584914056,b'ACCESS-CM2',7,0.0002543342374836,334.3978196426414,160.1425323935777,b'ssp245',5.726189121933152,289.27335704865266,296.41530396766274,279.62587289711865,b'2028-10-03/2028-10-09',1854144000
2484,25,7,86.83712508436156,0.0100135974059997,b'ACCESS-CM2',7,3.569335416683491e-06,345.49117062193653,159.4907656909791,b'ssp245',5.281083737627573,290.82282231236775,296.02055201579617,279.1346024975335,b'2028-10-10/2028-10-16',1854748800
2484,25,7,83.9900252970048,0.0089386504109871,b'ACCESS-CM2',7,0.0005151746760669,336.07995454903386,141.2684492748862,b'ssp245',4.334223038669188,289.1832720345004,295.47067339395744,282.34269226703447,b'2028-10-17/2028-10-23',1855353600
2484,25,7,68.98610863664541,0.0057999983410019,b'ACCESS-CM2',7,5.0184559406046775e-06,301.9216161399246,132.31978513917096,b'ssp245',8.428618002710357,285.1258843580648,292.88811878322326,277.33070987032863,b'2028-10-24/2028-10-30',1855958400
2484,25,7,84.39093914790428,0.0084429441677578,b'ACCESS-CM2',7,9.552191741177531e-05,341.551006738497,122.57503790988838,b'ssp245',6.134374748975786,288.4411231871031,295.49214691476726,280.9592340213737,b'2028-10-31/2028-11-06',1856563200
2484,25,7,90.59959120602954,0.0087180199809317,b'ACCESS-CM2',7,0.0002183085719022,348.6350312717533,106.45842139534818,b'ssp245',7.2620465741417375,287.2623895749077,293.8606767162835,275.0638478072648,b'2028-11-07/2028-11-13',1857168000
2484,25,7,87.86782311620699,0.0075575608015334,b'ACCESS-CM2',7,0.0004783603128628,341.2344047535151,87.35999962718218,b'ssp245',7.499825432655212,284.5325518061732,292.4705335479422,271.5648990906392,b'2028-11-14/2028-11-20',1857772800
2484,25,7,69.38710579570159,0.0041908015385928,b'ACCESS-CM2',7,1.7268255530270322e-05,285.90945725588455,96.56083384529305,b'ssp245',7.953862108081712,279.79163689817,288.6596168439413,272.95898940882734,b'2028-11-21/2028-11-27',1858377600
2484,25,7,80.03809578604832,0.0054716386654672,b'ACCESS-CM2',7,0.0007238675993964,306.308814979969,87.38647956173972,b'ssp245',6.510317249396413,281.7886678164768,290.6339992247906,275.6088758645598,b'2028-11-28/2028-12-04',1858982400
2484,25,7,79.63752966250165,0.0044085069532767,b'ACCESS-CM2',7,0.000182445204632,305.76636409619067,72.19862835115818,b'ssp245',9.706601525617105,279.6785328658586,286.74859697794176,274.2651038415653,b'2028-12-05/2028-12-11',1859587200
2484,25,7,76.32054684263969,0.0033408516561214,b'ACCESS-CM2',7,0.0004804228505566,284.7832105633788,73.18225734188209,b'ssp245',9.673014196275084,275.28130847329777,283.8421707939856,265.95563514945434,b'2028-12-12/2028-12-18',1860192000
2484,25,7,77.91723531124694,0.0037377191958152,b'ACCESS-CM2',7,0.0004835500153556,294.4476156557783,72.46410906964444,b'ssp245',10.055924265303911,276.5214161711343,284.9294056056701,270.2532199191064,b'2028-12-19/2028-12-25',1860796800
2484,25,7,74.99020094162235,0.0032287659956792,b'ACCESS-CM2',7,0.0006388872575005,274.85330632789845,78.86756958771876,b'ssp245',9.588439253889936,274.6099437550698,285.10765830757697,267.9083706570655,b'2028-12-26/2029-01-01',1861401600
2484,25,7,82.1529168141608,0.003393798915495,b'ACCESS-CM2',7,0.000503845113308,281.2142059932928,78.600916847038,b'ssp245',9.623989424754663,274.64507438648434,282.4458666929265,266.9605527268243,b'2029-01-02/2029-01-08',1862006400
2484,25,7,76.17333322561544,0.003707363643815,b'ACCESS-CM2',7,0.0005229377773351,299.8211720035424,73.28162971968504,b'ssp245',7.5528667643776,276.08408046716795,286.0842201783485,266.17148063109096,b'2029-01-09/2029-01-15',1862611200
2484,25,7,82.00398725754032,0.0030392387700822,b'ACCESS-CM2',7,0.0003736242599596,278.58833773673376,82.63447921651803,b'ssp245',9.526388809677428,272.20180285626554,286.05742165477005,252.85032811115693,b'2029-01-16/2029-01-22',1863216000
2484,25,7,77.06711912084926,0.0041703762881257,b'ACCESS-CM2',7,9.162759135961096e-05,289.1012498184227,108.54507660900896,b'ssp245',8.907053243078083,278.15499102630395,286.26196084563264,259.5521701144189,b'2029-01-23/2029-01-29',1863820800
2484,25,7,68.09024516682913,0.0031961338901109,b'ACCESS-CM2',7,5.291634903531405e-05,261.4650130012074,128.51105906580617,b'ssp245',8.281881530435868,275.8183516669519,285.92440040824346,260.9629282213979,b'2029-01-30/2029-02-05',1864425600
2484,25,7,72.91734453855804,0.0027777616223333,b'ACCESS-CM2',7,0.0002513396255075,265.0664069017009,128.7944399085066,b'ssp245',7.591090768356212,273.3543826118661,285.2339206970844,264.34921610724064,b'2029-02-06/2029-02-12',1865030400
2484,25,7,76.9471645832764,0.0034283255115466,b'ACCESS-CM2',7,0.0004384432109936,272.6366133991854,127.04659395962295,b'ssp245',9.591569377677256,275.0556618377281,284.6202804722737,266.257418288398,b'2029-02-13/2029-02-19',1865635200
2484,25,7,75.31051929007575,0.0028961454198382,b'ACCESS-CM2',7,0.0004550099467297,265.76397785978924,126.05254112322308,b'ssp245',11.735375434906388,273.7514518322053,280.81659643428844,266.0512670143364,b'2029-02-20/2029-02-26',1866240000
2484,25,7,76.7250212724149,0.003054414138394,b'ACCESS-CM2',7,0.0002646789691425,269.4993423664166,137.24239810612136,b'ssp245',10.11903858114588,273.8465202005693,288.0490140619967,261.0042523256283,b'2029-02-27/2029-03-05',1866844800
2484,25,7,75.70652542338982,0.0037407670041479,b'ACCESS-CM2',7,0.0002539617787188,277.6591838224296,161.2888978724978,b'ssp245',6.941093321576913,276.7059889106582,283.24777300333244,268.6075654963857,b'2029-03-06/2029-03-12',1867449600
2484,25,7,84.48676369713404,0.0043988636460302,b'ACCESS-CM2',7,0.000481227704665,292.51558602154694,153.46132563842417,b'ssp245',7.702299192130829,277.86257525571847,285.81565259166604,267.413830472022,b'2029-03-13/2029-03-19',1868054400
2484,25,7,83.06562144485947,0.0046244126798403,b'ACCESS-CM2',7,0.0003965125750087,289.6436261948149,172.7654510295795,b'ssp245',8.662745911172633,278.7873369084893,284.4572146700829,265.548878148659,b'2029-03-20/2029-03-26',1868659200
2484,25,7,76.86434376397787,0.0042403637147295,b'ACCESS-CM2',7,0.0007920122011851,279.6214551743071,172.40662491339123,b'ssp245',8.682531796779829,278.29234940946014,288.58061485683794,263.86073602106154,b'2029-03-27/2029-04-02',1869264000
2484,25,7,87.0549882487099,0.0060057014405907,b'ACCESS-CM2',7,0.0005069081718145,306.9211091616017,194.1702487591616,b'ssp245',7.003835192660696,281.7005021062972,291.0574304639679,271.2803882716857,b'2029-04-03/2029-04-09',1869868800
2484,25,7,77.04058821879009,0.0049328816784079,b'ACCESS-CM2',7,0.000152038907939,280.0743717536308,218.958128691773,b'ssp245',7.75859743628832,280.3866551080404,291.03510638364816,268.4670987473321,b'2029-04-10/2029-04-16',1870473600
2484,25,7,78.19545292468065,0.0056145275328842,b'ACCESS-CM2',7,0.0001362859922357,292.20902106126385,216.35852638435645,b'ssp245',6.70392308108761,282.2201209089366,289.6215054226905,273.46216795616544,b'2029-04-17/2029-04-23',1871078400
2484,25,7,86.76687197902945,0.0083084057201116,b'ACCESS-CM2',7,0.0015189082487324,317.7339166969895,213.3132270172524,b'ssp245',7.836663166447839,287.07546857741164,294.91540338575226,276.1564718030163,b'2029-04-24/2029-04-30',1871683200
2484,25,7,88.79019847639532,0.0093526061705212,b'ACCESS-CM2',7,3.326631254270107e-05,318.0698745345508,260.7038235334304,b'ssp245',7.35700320670812,288.60839183060165,295.5025290263068,279.2581963293331,b'2029-05-01/2029-05-07',1872288000
2484,25,7,80.88426145573253,0.0082547786122321,b'ACCESS-CM2',7,2.271461599493189e-05,290.2409489088101,312.1535576215023,b'ssp245',4.246489518345369,288.53647691055323,294.92933497478055,282.3122597920526,b'2029-05-08/2029-05-14',1872892800
2484,25,7,88.90349342334956,0.0108048874639325,b'ACCESS-CM2',7,0.0003620900100795,327.78265965142907,284.06115023763266,b'ssp245',5.562262921164771,291.58594714067823,297.66750422212266,285.0865626384303,b'2029-05-15/2029-05-21',1873497600
2484,25,7,82.75973093878363,0.0100176447751452,b'ACCESS-CM2',7,0.0002023952650704,324.5097127698132,286.1177464570845,b'ssp245',4.064252433088638,291.0963993887136,297.27084098894574,284.0996787474328,b'2029-05-22/2029-05-28',1874102400
2484,25,7,84.7935110493858,0.0120322250991521,b'ACCESS-CM2',7,0.0002289501720403,345.56441094422377,293.21373115056394,b'ssp245',6.630006401282523,293.6192037500935,299.8239832612657,286.5693216225536,b'2029-05-29/2029-06-04',1874707200
2484,25,7,82.97520627118703,0.0127197698606328,b'ACCESS-CM2',7,9.529834389358884e-05,342.5030471060168,320.6395620759001,b'ssp245',5.109522540018029,294.39520809752247,302.04726370585337,286.79980342904315,b'2029-06-05/2029-06-11',1875312000
2484,25,7,82.74224834414049,0.0131857105275678,b'ACCESS-CM2',7,0.0003669319048747,345.89790099288655,310.8678125822492,b'ssp245',4.630142766878075,294.9530699649862,302.3525601416519,287.00031807496384,b'2029-06-12/2029-06-18',1875916800
2484,25,7,87.75420714478079,0.0150891136328671,b'ACCESS-CM2',7,2.27671297457322e-05,366.74436656294586,299.1267090517924,b'ssp245',4.633112433908264,295.9006445860828,304.7504462802533,286.6042115516269,b'2029-06-19/2029-06-25',1876521600
2484,25,7,80.28377927912177,0.0142730012610115,b'ACCESS-CM2',7,5.01405720733976e-05,361.54757371320994,295.0285042157405,b'ssp245',5.305502642236859,296.5022789979016,305.383966504913,287.1920516810467,b'2029-06-26/2029-07-02',1877126400
2484,25,7,91.0609536936427,0.0178733857037205,b'ACCESS-CM2',7,0.0003311898310373,385.8757935469211,278.042003434958,b'ssp245',5.158519842487723,298.6811650182081,304.55991277006484,292.3219074367248,b'2029-07-03/2029-07-09',1877731200
2484,25,7,84.75595178730534,0.0170428796811234,b'ACCESS-CM2',7,3.575547458271377e-05,370.3236697257356,315.4739357410369,b'ssp245',4.581263894887314,298.4928241892662,306.5031431532398,291.6521773190843,b'2029-07-10/2029-07-16',1878336000
2484,25,7,91.07168661125982,0.0201343562802373,b'ACCESS-CM2',7,9.621166716455168e-05,391.0164378507499,284.0701707662996,b'ssp245',7.392114623130159,301.3539006004277,305.8841587341938,295.65855423445555,b'2029-07-17/2029-07-23',1878940800
2484,25,7,82.71713388299732,0.0176511740281804,b'ACCESS-CM2',7,3.449891057496959e-05,372.3099078710722,302.5726635670276,b'ssp245',3.713164730345905,299.9675660617924,305.4737448151579,293.3372392162835,b'2029-07-24/2029-07-30',1879545600
2484,25,7,89.05895433720855,0.0184123914329463,b'ACCESS-CM2',7,0.0002132556606573,383.58549481533765,259.1583891406502,b'ssp245',4.197340698059599,299.2476753605659,306.2135368425822,290.4113716046835,b'2029-07-31/2029-08-06',1880150400
2484,25,7,87.05582175725338,0.0178100185994118,b'ACCESS-CM2',7,0.000308646935083,390.2278508451796,243.21119620276835,b'ssp245',4.55177092903317,298.9132320308545,307.7217377338213,290.83123559066934,b'2029-08-07/2029-08-13',1880755200
2484,25,7,81.35778397348038,0.0159886816340952,b'ACCESS-CM2',7,4.446809382461043e-05,378.8184578941919,241.5356851839001,b'ssp245',4.643037245094513,298.8108818941861,307.84920179229425,291.42529690142766,b'2029-08-14/2029-08-20',1881360000
2484,25,7,82.58189603330813,0.0149698391390774,b'ACCESS-CM2',7,0.0003711538774706,364.3503431901665,237.7547822820245,b'ssp245',4.969013717107815,297.2037221152934,303.04665697235424,289.7074279785156,b'2029-08-21/2029-08-27',1881964800
2484,25,7,90.71975279907768,0.0174392242525019,b'ACCESS-CM2',7,5.769265221988157e-05,385.1913819572888,221.57330040236465,b'ssp245',4.170540227981309,298.6734751952766,304.4515354117168,293.1617414336844,b'2029-08-28/2029-09-03',1882569600
2484,25,7,84.75225560408805,0.0148955079910669,b'ACCESS-CM2',7,0.000106488926585,373.4813012641379,214.6756036390437,b'ssp245',4.9210268704986015,297.3332583577714,304.2412795233973,288.059345835263,b'2029-09-04/2029-09-10',1883174400
2484,25,7,85.22089753410778,0.0131315436846519,b'ACCESS-CM2',7,0.0002592376638564,377.6582199119152,178.07292511255997,b'ssp245',5.869429495970174,294.68148125043143,301.7241701735664,286.0470039918251,b'2029-09-11/2029-09-17',1883779200
2484,25,7,76.15947743052061,0.0101893484607524,b'ACCESS-CM2',7,0.0003053840930874,335.2789843057849,199.43382863197837,b'ssp245',4.5728560031250405,292.1457938417595,299.9628796135027,282.43500683971286,b'2029-09-18/2029-09-24',1884384000
2484,25,7,76.72768395357876,0.0101353498703809,b'ACCESS-CM2',7,0.0002536380441601,340.43064381482856,176.66654639602234,b'ssp245',5.036628873604563,292.6863421298268,299.02579144350034,285.9732728938467,b'2029-09-25/2029-10-01',1884988800
2484,25,7,89.92676488008347,0.0125996035397524,b'ACCESS-CM2',7,7.626089579714877e-05,366.6822341896473,165.62845526176983,b'ssp245',4.303710057036691,293.3182483836021,299.6689237614268,285.13266683362195,b'2029-10-02/2029-10-08',1885593600
2484,25,7,68.82684749496528,0.0077322967198233,b'ACCESS-CM2',7,4.067339653804147e-05,318.7041577885534,164.80920753422825,b'ssp245',6.80680918061505,289.7233431427047,299.1101267706488,275.9502645276256,b'2029-10-09/2029-10-15',1886198400
2484,25,7,66.34636072206568,0.0066472082340538,b'ACCESS-CM2',7,3.966344236802444e-05,305.72374506235474,159.532883263477,b'ssp245',7.082101300292936,287.44625191555104,295.3692312338918,279.3433740360221,b'2029-10-16/2029-10-22',1886803200
2484,25,7,79.43594040961962,0.007802891227813,b'ACCESS-CM2',7,0.0007378506132629,322.515148224641,134.37247614797332,b'ssp245',7.573747749005572,287.1922959340339,294.92497536570755,278.2273137987275,b'2029-10-23/2029-10-29',1887408000
2484,25,7,77.19163365427279,0.0076211046609911,b'ACCESS-CM2',7,0.0003367983592948,324.6709232021326,128.43589834401465,b'ssp245',8.090673680860268,287.31095944658824,295.4632988369342,279.551562122463,b'2029-10-30/2029-11-05',1888012800
2484,25,7,81.7286927977437,0.0074930880691949,b'ACCESS-CM2',7,0.0001427153113847,320.1115550742058,124.0351852001252,b'ssp245',5.142223293546023,286.96208233615613,292.6443733136678,279.4373197260591,b'2029-11-06/2029-11-12',1888617600
2484,25,7,78.11434168527686,0.0048391354254505,b'ACCESS-CM2',7,0.0003234641023233,301.220339318614,91.7405702621842,b'ssp245',7.017552659859187,279.62006545593533,292.6696703409412,271.1302218093086,b'2029-11-13/2029-11-19',1889222400
2484,25,7,79.70624979887164,0.0050427227288577,b'ACCESS-CM2',7,0.0002280511625426,311.0077606336007,77.50508040145851,b'ssp245',10.42393899841758,281.5160776624272,288.08723874436214,275.0589181172479,b'2029-11-20/2029-11-26',1889827200
2484,25,7,80.06842810696811,0.004148060217944,b'ACCESS-CM2',7,0.0005655447111762,294.52038625905374,76.42113249642509,b'ssp245',8.720285222877987,277.68201081356,286.2067108154297,270.4021425542143,b'2029-11-27/2029-12-03',1890432000
2484,25,7,75.00935116572654,0.0041037329254172,b'ACCESS-CM2',7,0.0002343292406723,294.23014975366607,82.16484799897725,b'ssp245',6.194902629143009,278.39984211760174,285.8644586936715,271.13540728067613,b'2029-12-04/2029-12-10',1891036800
2484,25,7,81.93350132084035,0.00455784261335,b'ACCESS-CM2',7,0.0004663136571226,308.12731209981075,71.09908551706306,b'ssp245',8.113693078241925,278.6311603259619,286.9623120494725,269.63260013541,b'2029-12-11/2029-12-17',1891641600
2484,25,7,71.84103599458452,0.0036057451731677,b'ACCESS-CM2',7,0.0004840773511382,297.00205164419185,74.68172086285914,b'ssp245',8.914734111794317,277.64366161138565,283.7418692677292,273.7224173005094,b'2029-12-18/2029-12-24',1892246400
2484,25,7,72.05923034937639,0.0030839884117387,b'ACCESS-CM2',7,0.0001256101238818,279.4734336167618,75.40075243976578,b'ssp245',7.757694697344953,274.78251832223253,283.2110155243235,267.94221999964765,b'2029-12-25/2029-12-31',1892851200
2645,25,13,66.1708297544231,0.002381748803886,b'ACCESS-CM2',6,1.500952028298995e-05,256.8247662340042,83.1220604414445,b'ssp245',8.526087449665363,272.67432099399184,278.5584108466344,267.84131182740066,b'2024-12-31/2025-01-06',1735603200
2645,25,13,71.39196943934503,0.0022409828715228,b'ACCESS-CM2',7,0.0002837273905319,243.15854259768855,89.50755835526824,b'ssp245',6.412334882073957,269.1463361640865,281.8223648980753,253.1120972083894,b'2025-01-07/2025-01-13',1736208000
2645,25,13,79.53199412292653,0.0037971033119087,b'ACCESS-CM2',7,0.0006534238030962,284.9051500073219,75.14281344021279,b'ssp245',6.224224349881752,275.9311743672208,287.51987644220816,266.20129709812187,b'2025-01-14/2025-01-20',1736812800
2645,25,13,70.74859426709538,0.0039314942361078,b'ACCESS-CM2',7,0.0004324937840097,275.227150862738,98.14310656342737,b'ssp245',6.409019677370588,276.40465000697543,287.45002934537973,263.79225435572744,b'2025-01-21/2025-01-27',1737417600
2645,25,13,68.10267964907153,0.0028996173532938,b'ACCESS-CM2',7,0.0005058436599774,257.8406309822537,110.46593594871383,b'ssp245',7.502701856420077,272.3692324260325,286.45969844590746,261.3436461593932,b'2025-01-28/2025-02-03',1738022400
2645,25,13,66.00406945119404,0.0021231462059994,b'ACCESS-CM2',7,5.215036406215897e-05,235.65375701990916,130.1321176823063,b'ssp245',7.787501062846115,271.00628089291257,281.6543303432844,264.43532698675494,b'2025-02-04/2025-02-10',1738627200
2645,25,13,71.24445490047631,0.002802591416597,b'ACCESS-CM2',7,0.0005424898252216,245.99467593565683,132.1738755001476,b'ssp245',6.72986497193321,273.02044640200927,281.7446500058206,264.6400770578953,b'2025-02-11/2025-02-17',1739232000
2645,25,13,73.32291750876318,0.0028803535528496,b'ACCESS-CM2',7,3.078567277821591e-05,252.16688700146344,146.87762116546773,b'ssp245',7.603218302641031,273.9155353585841,279.981481569808,263.72620449445105,b'2025-02-18/2025-02-24',1739836800
2645,25,13,73.5202503359532,0.00310767417489,b'ACCESS-CM2',7,0.0003668499973381,256.87039251553074,141.56468130380563,b'ssp245',6.156486074904168,273.928028510174,283.25202956041755,260.861652945209,b'2025-02-25/2025-03-03',1740441600
2645,25,13,75.52791260545165,0.0034608610240696,b'ACCESS-CM2',7,0.0002987917338012,258.95593639074235,165.00490011397463,b'ssp245',7.24875024666511,275.24391258333577,285.1772572498448,263.10111075900244,b'2025-03-04/2025-03-10',1741046400
2645,25,13,76.34120203124654,0.0034412106537623,b'ACCESS-CM2',7,0.0003795765265315,263.64953447845375,155.62011584928834,b'ssp245',7.397506800437717,275.0905469881778,286.07480864872207,262.3058767558723,b'2025-03-11/2025-03-17',1741651200
2645,25,13,80.1000307875302,0.0038449378192508,b'ACCESS-CM2',7,7.286605983678017e-05,271.9652800272181,164.7568671364545,b'ssp245',6.036984822698213,277.381936740785,281.60448147603216,271.5292447728037,b'2025-03-18/2025-03-24',1742256000
2645,25,13,79.77123238699777,0.0047631115603278,b'ACCESS-CM2',7,0.0003559752461223,272.8435779033794,190.9138184099008,b'ssp245',5.060447951409764,280.1038792201451,289.96950792729456,271.0262689653611,b'2025-03-25/2025-03-31',1742860800
2645,25,13,75.85508624521651,0.0045350997918439,b'ACCESS-CM2',7,0.0002028334169993,266.175010529575,210.44809292998085,b'ssp245',7.001991455354212,279.75346185978333,288.990980903676,271.1792756541675,b'2025-04-01/2025-04-07',1743465600
2645,25,13,80.99661980577538,0.0055577079780476,b'ACCESS-CM2',7,8.818484475531116e-05,288.4561777625539,206.15715496023532,b'ssp245',4.678729655591519,282.1897903370203,289.32577967359526,271.0904412073805,b'2025-04-08/2025-04-14',1744070400
2645,25,13,86.99826840461147,0.0077730190255586,b'ACCESS-CM2',7,0.0003320461331366,312.6098636392613,204.1222943554087,b'ssp245',4.76757446228612,286.566670652911,296.586708281056,276.9568625746973,b'2025-04-15/2025-04-21',1744675200
2645,25,13,85.29265208465374,0.0075074893442689,b'ACCESS-CM2',7,0.0001559565484753,307.5652441798907,217.58798607832549,b'ssp245',4.274447432168836,285.37112124757937,297.10081201010195,275.5732201986756,b'2025-04-22/2025-04-28',1745280000
2645,25,13,89.24820689739997,0.0096676989840017,b'ACCESS-CM2',7,0.0001291293423738,340.375057501238,201.21130073424655,b'ssp245',4.778767605017352,289.24576652765046,296.08375118836665,277.78849289243584,b'2025-04-29/2025-05-05',1745884800
2645,25,13,66.08414620117073,0.0049963006356778,b'ACCESS-CM2',7,8.197292532498667e-07,273.467990562706,276.5393132147523,b'ssp245',5.699171357574391,283.197948450758,293.3503749822149,274.76439455550235,b'2025-05-06/2025-05-12',1746489600
2645,25,13,77.88540314067166,0.0083964870730723,b'ACCESS-CM2',7,5.178713914066836e-05,314.2807374374982,278.41824791221654,b'ssp245',3.16561346899933,288.4193155770496,300.0499055774007,275.42411313088525,b'2025-05-13/2025-05-19',1747094400
2645,25,13,83.55425252490373,0.0100942101932236,b'ACCESS-CM2',7,0.0004530182856905,325.88451179497173,274.1312707935286,b'ssp245',3.591520547686372,290.6387074162854,298.5686276467431,278.30781654206334,b'2025-05-20/2025-05-26',1747699200
2645,25,13,78.35395339056356,0.010559195739921,b'ACCESS-CM2',7,0.0003429255151973,318.0276248177607,326.09143891564605,b'ssp245',3.636564950437735,291.31939153896826,303.4980172062552,276.73792126383995,b'2025-05-27/2025-06-02',1748304000
2645,25,13,81.7720397429525,0.0107100199982029,b'ACCESS-CM2',7,0.0006123593931334,340.91749611730944,274.5337554614049,b'ssp245',4.037253946838451,291.5649807066543,302.7878898974286,282.27028444808053,b'2025-06-03/2025-06-09',1748908800
2645,25,13,77.51610975743692,0.0128746805196255,b'ACCESS-CM2',7,0.0001568680761428,350.96112233778155,325.519862563495,b'ssp245',3.188613796256687,295.4183512100321,306.6985373793848,282.6234947760374,b'2025-06-10/2025-06-16',1749513600
2645,25,13,78.47222000021019,0.0126070120152483,b'ACCESS-CM2',7,0.0003656072437274,351.3333934830852,300.0463246673035,b'ssp245',3.978619000205705,294.6136145989626,303.7956703438664,283.37282585497724,b'2025-06-17/2025-06-23',1750118400
2645,25,13,79.96885925985895,0.0150295671489699,b'ACCESS-CM2',7,0.0001432100138045,369.43944966037424,314.72355332821184,b'ssp245',3.440485750737907,297.26205841035573,309.82134597475164,285.81383953978684,b'2025-06-24/2025-06-30',1750723200
2645,25,13,73.67831841489563,0.0139919440201223,b'ACCESS-CM2',7,8.291925995873803e-05,365.1342427494623,291.9963198659097,b'ssp245',3.6824473737880887,297.40282426471407,309.1190846828435,285.79018320247826,b'2025-07-01/2025-07-07',1751328000
2645,25,13,71.09497873239508,0.0118769962622544,b'ACCESS-CM2',7,0.000197112019082,346.0857568082205,313.5188082865532,b'ssp245',4.430407282893344,294.30526603474976,304.00599207593905,281.96645519938687,b'2025-07-08/2025-07-14',1751932800
2645,25,13,83.44469493912882,0.0171952737423052,b'ACCESS-CM2',7,0.0004002259979742,388.0370842853355,264.04923302425794,b'ssp245',3.829440166889324,299.5786899476426,310.3412612207678,288.40697268050235,b'2025-07-15/2025-07-21',1752537600
2645,25,13,70.67682791126147,0.0124441033384305,b'ACCESS-CM2',7,0.000145331118912,351.03233747094333,309.8597317842684,b'ssp245',3.200764873711253,294.8647194507783,305.8424625219888,282.97340310204106,b'2025-07-22/2025-07-28',1753142400
2645,25,13,76.22868786092738,0.0139314173122509,b'ACCESS-CM2',7,0.0004733319637806,361.0516925851466,282.9513593372356,b'ssp245',3.1737501180047905,295.945943887615,308.9617379498008,281.710464214805,b'2025-07-29/2025-08-04',1753747200
2645,25,13,75.98433282467816,0.0141106124288889,b'ACCESS-CM2',7,0.0003346301893362,372.67582240975344,241.5029090989617,b'ssp245',3.478376324783549,296.8604973077548,308.0393251128544,284.02520380083297,b'2025-08-05/2025-08-11',1754352000
2645,25,13,78.4607001457106,0.0114980448876192,b'ACCESS-CM2',7,4.421525400160775e-05,353.43466004630585,247.3646338456514,b'ssp245',3.945879748889378,293.9124397097383,301.48820052999537,283.6760920846699,b'2025-08-12/2025-08-18',1754956800
2645,25,13,83.13852210644855,0.0123207270751936,b'ACCESS-CM2',7,0.0003762205415811,361.3068010833654,208.8304577613621,b'ssp245',3.842980075491522,293.9737854927806,302.12994506027525,281.64601953771734,b'2025-08-19/2025-08-25',1755561600
2645,25,13,80.499052287727,0.011474945756026,b'ACCESS-CM2',7,0.0001323619540962,354.2498912973683,219.74845653523107,b'ssp245',2.996687154580425,293.63073318755727,299.90188125711404,281.23325664191844,b'2025-08-26/2025-09-01',1756166400
2645,25,13,71.3321540702596,0.01104829801606,b'ACCESS-CM2',7,0.0001304452273452,349.1800241172596,222.12746589249215,b'ssp245',5.222135721746207,293.4477916417983,304.55533592779904,281.10618225501867,b'2025-09-02/2025-09-08',1756771200
2645,25,13,84.6845741654525,0.0120953568882972,b'ACCESS-CM2',7,0.0009852742445694,368.4877976517691,164.88454899494673,b'ssp245',4.002709098615619,293.09217667304466,303.1182449846078,277.7664048756984,b'2025-09-09/2025-09-15',1757376000
2645,25,13,76.46338950872646,0.0107277550084327,b'ACCESS-CM2',7,0.0004322234850832,353.33600154938057,187.76321927362045,b'ssp245',4.087654060333995,292.8317835581337,303.50393959702245,282.2550460310172,b'2025-09-16/2025-09-22',1757980800
2645,25,13,82.88736407840263,0.0096315819170949,b'ACCESS-CM2',7,0.0004751117120538,343.153212233501,166.04592419843576,b'ssp245',3.430138493351138,290.40316523007886,298.1143141184421,279.394904130342,b'2025-09-23/2025-09-29',1758585600
2645,25,13,80.83984381063094,0.0095793463947037,b'ACCESS-CM2',7,0.0002055836262665,338.34345777614453,172.89866584914972,b'ssp245',3.912545525678059,290.1231254122905,299.0852291284018,278.8117747729977,b'2025-09-30/2025-10-06',1759190400
2645,25,13,80.57307917541677,0.0079992528150144,b'ACCESS-CM2',7,0.0002372512921983,334.6698255815028,128.05828687077778,b'ssp245',4.334642817326729,288.7647281700863,295.7311997167322,278.2859944122516,b'2025-10-07/2025-10-13',1759795200
2645,25,13,74.66402223383128,0.0060148437425948,b'ACCESS-CM2',7,0.000287721518468,301.2556819110968,145.3467435679801,b'ssp245',4.670484693792482,284.0581160300841,294.7006353719345,274.403541413364,b'2025-10-14/2025-10-20',1760400000
2645,25,13,77.76181543182402,0.0056223382091796,b'ACCESS-CM2',7,0.0004265881295652,301.0114476978948,125.6129078831668,b'ssp245',5.841413103372507,283.12449273837547,292.7372584462955,271.9492170119128,b'2025-10-21/2025-10-27',1761004800
2645,25,13,82.8344746195379,0.0075628593547292,b'ACCESS-CM2',7,9.331780283599868e-05,317.68744543214507,125.13828161667288,b'ssp245',4.732974369433429,286.29583998926427,296.28101277130327,274.5533640476252,b'2025-10-28/2025-11-03',1761609600
2645,25,13,84.70423628302713,0.0065203723716201,b'ACCESS-CM2',7,0.0003457946359345,314.61786501910626,98.50832419129284,b'ssp245',5.366254141698384,283.848967241271,293.2406204728891,274.0530577400662,b'2025-11-04/2025-11-10',1762214400
2645,25,13,82.47528848494689,0.0064558386275775,b'ACCESS-CM2',7,0.0004233691928713,311.78682021733823,99.89397548217195,b'ssp245',5.99344576102106,283.3656494949038,292.43371893270125,271.2666316758718,b'2025-11-11/2025-11-17',1762819200
2645,25,13,65.86320861773098,0.0031096190833569,b'ACCESS-CM2',7,2.858320194009414e-06,262.9059606431223,98.16409617038752,b'ssp245',7.1333029157842445,275.7982696100125,286.2339371637003,270.4493238436465,b'2025-11-18/2025-11-24',1763424000
2645,25,13,75.23030936133783,0.0038880995763315,b'ACCESS-CM2',7,0.0002061880739751,276.069263102406,91.11925566284413,b'ssp245',5.793354580779062,276.8608430600776,286.89359753337123,270.547618658811,b'2025-11-25/2025-12-01',1764028800
2645,25,13,74.66767796973856,0.0025182016916588,b'ACCESS-CM2',7,0.0001559668019869,253.7765709103789,83.10571823192296,b'ssp245',8.244366037879445,270.6020628092756,279.6339917719759,259.86158811051325,b'2025-12-02/2025-12-08',1764633600
2645,25,13,80.2326610944129,0.0019316133642577,b'ACCESS-CM2',7,7.211889031154527e-05,236.5396464799865,88.74072428678947,b'ssp245',5.816292778365208,267.2374000282251,273.731080475864,259.7372795862867,b'2025-12-09/2025-12-15',1765238400
2645,25,13,77.74878476881823,0.0035840237645128,b'ACCESS-CM2',7,0.0007295008933268,275.4864205381164,74.11756169762157,b'ssp245',6.997877874392434,273.8846561024069,285.88989209307744,260.56156660673633,b'2025-12-16/2025-12-22',1765843200
2645,25,13,76.5086301155776,0.002839070646768,b'ACCESS-CM2',7,0.0005261392497291,250.84271886964507,81.44771440013355,b'ssp245',6.485513234025708,271.8077069444034,284.537003675044,261.2102157895928,b'2025-12-23/2025-12-29',1766448000
2645,25,13,74.17451581711349,0.0034589852650482,b'ACCESS-CM2',7,0.0001722301129375,276.3442010711699,75.24471008243037,b'ssp245',5.406214557465451,276.7567993164062,281.9919362049229,271.01356827691694,b'2025-12-30/2026-01-05',1767052800
2645,25,13,72.20130803334679,0.002526892769805,b'ACCESS-CM2',7,0.0004129374641484,259.95757530883674,80.18915224463284,b'ssp245',8.791312325756392,271.8614940516996,284.78647157782746,260.69160883821394,b'2026-01-06/2026-01-12',1767657600
2645,25,13,71.54996215040771,0.003303194209134,b'ACCESS-CM2',7,0.0003313237966423,268.98620757046126,86.74582332802359,b'ssp245',5.6819315294556265,275.4098255745735,282.6078125,264.76470704741826,b'2026-01-13/2026-01-19',1768262400
2645,25,13,69.71746469820685,0.0025809119847605,b'ACCESS-CM2',7,4.765496815631927e-05,250.12034844260452,103.34496412322332,b'ssp245',6.459511873692754,272.31268986726326,278.7114185863773,260.5341972704755,b'2026-01-20/2026-01-26',1768867200
2645,25,13,73.26559802211447,0.0024154986721853,b'ACCESS-CM2',7,0.0002916520592262,249.38810097686277,109.85864526176634,b'ssp245',7.306365804979004,271.33892179577555,277.98926149077766,263.7224121497956,b'2026-01-27/2026-02-02',1769472000
2645,25,13,76.50470264907592,0.0026899262653908,b'ACCESS-CM2',7,0.0001150757373771,259.5216375922976,114.7494372422896,b'ssp245',5.231384486980672,272.42209338690725,280.1487034273463,264.1076417228244,b'2026-02-03/2026-02-09',1770076800
2645,25,13,78.469411436025,0.0030605596577652,b'ACCESS-CM2',7,0.0003156154038443,265.78448122542426,118.66454211246776,b'ssp245',5.978588122698983,272.92970911349005,283.2627257088162,260.84423492633744,b'2026-02-10/2026-02-16',1770681600
2645,25,13,72.61911719835582,0.0028572173209048,b'ACCESS-CM2',7,0.0004050487566706,250.7079731402582,133.2668372429421,b'ssp245',7.454071772493274,271.309260505669,288.2592704722423,256.47663703564774,b'2026-02-17/2026-02-23',1771286400
2645,25,13,73.07217861886507,0.001769376725294,b'ACCESS-CM2',7,0.0001168120938738,216.36788703102823,172.5698639782172,b'ssp245',5.72928878884329,267.156879100962,279.1595357124379,256.17800555702865,b'2026-02-24/2026-03-02',1771891200
2645,25,13,78.64487719792967,0.0045720103987586,b'ACCESS-CM2',7,0.0006917772805065,281.5741331419859,149.6671571224505,b'ssp245',6.919146904182975,278.0319157509276,290.7756805622025,267.9030097203539,b'2026-03-03/2026-03-09',1772496000
2645,25,13,69.71147381612006,0.0027272820732421,b'ACCESS-CM2',7,8.115384761499882e-05,241.5953069768092,179.13765119915317,b'ssp245',7.606497131751863,271.83239393279365,285.2210669106995,251.61741864539133,b'2026-03-10/2026-03-16',1773100800
2645,25,13,78.03018877792718,0.0034496262287605,b'ACCESS-CM2',7,0.000422705543361,257.21346124596715,182.50572349815403,b'ssp245',5.154428635933766,275.1118429568317,284.9207901506235,265.79152213595563,b'2026-03-17/2026-03-23',1773705600
2645,25,13,80.12631961024924,0.0047024233880837,b'ACCESS-CM2',7,0.0001384962365466,263.57286090832787,208.4506185280792,b'ssp245',5.097840505607193,278.25779482463446,291.8105216929455,265.5009008546538,b'2026-03-24/2026-03-30',1774310400
2645,25,13,79.28513315249528,0.0052347331732077,b'ACCESS-CM2',7,5.12154940206743e-05,278.0101372436408,216.95766420824523,b'ssp245',4.58821146973147,281.19056680006247,292.9479881438198,267.4283096414528,b'2026-03-31/2026-04-06',1774915200
2645,25,13,80.87293717989746,0.0061948551929862,b'ACCESS-CM2',7,0.0008815429559707,290.3410632636036,186.3855982294146,b'ssp245',6.318019645893021,282.6392843284354,294.1747905806989,268.5226815128958,b'2026-04-07/2026-04-13',1775520000
2645,25,13,76.29393827786622,0.006087681801431,b'ACCESS-CM2',7,5.655965436947181e-05,290.29366156542875,226.76166971111024,b'ssp245',5.1007792926218105,283.9555633458306,295.34095790433565,273.1134760774524,b'2026-04-14/2026-04-20',1776124800
2645,25,13,75.22571875537017,0.0052859671724926,b'ACCESS-CM2',7,3.705919233276751e-06,267.5969666162525,260.428495408909,b'ssp245',3.98985905123975,282.1558079137595,292.6720901590309,271.85124988682225,b'2026-04-21/2026-04-27',1776729600
2645,25,13,84.95234212018231,0.0075488144330073,b'ACCESS-CM2',7,0.0003522254325133,306.1380986671124,235.33104444086945,b'ssp245',4.024688590238313,286.33251002085245,293.6305584433852,276.74777306563016,b'2026-04-28/2026-05-04',1777334400
2645,25,13,74.07555837062809,0.0061521317293495,b'ACCESS-CM2',7,0.0002723289272184,291.7244135687908,260.86765379531266,b'ssp245',5.879906753830562,284.5319979029776,294.6378089753208,274.2155758080893,b'2026-05-05/2026-05-11',1777939200
2645,25,13,80.55917092199697,0.009487257765865,b'ACCESS-CM2',7,0.0001021321652249,307.37420363268313,296.2678092732786,b'ssp245',4.171469964457776,289.6530851568044,299.046066627755,279.10381554609893,b'2026-05-12/2026-05-18',1778544000
2645,25,13,77.80720181641087,0.008771739390572,b'ACCESS-CM2',7,0.0001663610343679,311.2661335031154,286.42563013457533,b'ssp245',3.948201253420921,289.25107149324447,298.40526988048424,277.60676956682016,b'2026-05-19/2026-05-25',1779148800
2645,25,13,89.49567766000102,0.0098219058457885,b'ACCESS-CM2',7,0.0006397855496559,333.09291679793745,241.0079176946981,b'ssp245',4.172394522113854,288.8427513274136,298.74773515107614,280.0720963838084,b'2026-05-26/2026-06-01',1779753600
2645,25,13,87.20237385037944,0.0115249778571394,b'ACCESS-CM2',7,0.0005997232080057,340.015828171426,271.74903360906364,b'ssp245',3.590699120073129,291.4932496964988,299.8563511728451,280.8527311413493,b'2026-06-02/2026-06-08',1780358400
2645,25,13,78.91585627242766,0.0125965835605884,b'ACCESS-CM2',7,0.0003934204951969,347.23083538824136,310.0747314135534,b'ssp245',4.489046925199178,294.96320253947823,304.2217718465439,284.4625290220147,b'2026-06-09/2026-06-15',1780963200
2645,25,13,74.39496437801769,0.0119957631519072,b'ACCESS-CM2',7,0.0003027483196321,345.72572319442185,316.6445670107117,b'ssp245',4.182360322202504,294.4355061656479,303.1620490674151,282.7414275112531,b'2026-06-16/2026-06-22',1781568000
2645,25,13,81.91933644131431,0.0120122797255004,b'ACCESS-CM2',7,0.0003977055842217,349.8695160287444,281.43766042660627,b'ssp245',3.386656847130948,293.5125667402399,301.1792396393833,284.2072072818579,b'2026-06-23/2026-06-29',1782172800
2645,25,13,80.1713134505778,0.0159306597984911,b'ACCESS-CM2',7,0.0002761609794122,374.8062646091717,312.8816620594844,b'ssp245',3.7588178776070658,298.7390560153755,307.7115266711507,285.3134574839611,b'2026-06-30/2026-07-06',1782777600
2645,25,13,68.75279401347902,0.0111053154250481,b'ACCESS-CM2',7,4.034869952737633e-05,343.50085345857417,310.3250785344033,b'ssp245',4.643419294235495,294.42940317549113,305.6825408329237,280.36415756932945,b'2026-07-07/2026-07-13',1783382400
2645,25,13,88.99419770759575,0.0157935811941535,b'ACCESS-CM2',7,0.0007310370931377,376.66575949677,257.00318858165616,b'ssp245',4.802057231995105,297.2499979558708,303.65714402356684,282.69895706682007,b'2026-07-14/2026-07-20',1783987200
2645,25,13,81.9453498132971,0.0153656085530188,b'ACCESS-CM2',7,0.0004812897706864,374.0914565621397,257.0563256674255,b'ssp245',4.473729490309023,297.3170801832186,305.11220812260706,283.9574162161113,b'2026-07-21/2026-07-27',1784592000
2645,25,13,81.05729242214754,0.0145260608942725,b'ACCESS-CM2',7,0.0002623989450444,368.3398616390174,259.15117890241584,b'ssp245',3.859200028416788,296.69412586569445,303.8542692677075,283.64815334294804,b'2026-07-28/2026-08-03',1785196800
2645,25,13,77.31159542231708,0.0141834225680047,b'ACCESS-CM2',7,0.0003232495214412,367.5085978093865,256.1154558829576,b'ssp245',3.223184786343642,296.6808420056764,306.3757023085032,285.0144496892462,b'2026-08-04/2026-08-10',1785801600
2645,25,13,71.36893708545753,0.0124354776002064,b'ACCESS-CM2',7,9.185677895661168e-06,355.113211530182,265.4696117390296,b'ssp245',3.1655366368641125,295.2250337223569,306.7245468038597,284.2321537245188,b'2026-08-11/2026-08-17',1786406400
2645,25,13,76.1559125136968,0.0144855564528883,b'ACCESS-CM2',7,0.0002439590286733,373.9065559899683,233.02597590999545,b'ssp245',4.152893905495289,297.80508388782744,307.16925440908267,289.26274907194227,b'2026-08-18/2026-08-24',1787011200
2645,25,13,83.93549044635235,0.0150932206031262,b'ACCESS-CM2',7,0.0002323484840215,372.67350402081365,230.05011124913156,b'ssp245',3.1132569259816782,296.7085392976326,306.02462728134054,284.0731304648696,b'2026-08-25/2026-08-31',1787616000
2645,25,13,73.44125061540413,0.0128511688160967,b'ACCESS-CM2',7,0.000148593687283,363.4568265368156,228.3111790219454,b'ssp245',4.181035116334624,296.4766497970191,306.48675165239547,281.97971660285594,b'2026-09-01/2026-09-07',1788220800
2645,25,13,70.72990015872605,0.0097113648785476,b'ACCESS-CM2',7,0.0001188441242655,337.6980856730335,218.10280387539171,b'ssp245',3.5882297066550493,291.79316684574934,301.3851460640004,280.50342484025765,b'2026-09-08/2026-09-14',1788825600
2645,25,13,76.99048509336126,0.0100115046658453,b'ACCESS-CM2',7,0.0003194902524075,339.749132451948,191.9418295521948,b'ssp245',4.885580014776484,291.5719720499405,302.3140582154129,279.8608876613592,b'2026-09-15/2026-09-21',1789430400
2645,25,13,79.3213288710494,0.0094248519545154,b'ACCESS-CM2',7,0.0005212571653874,337.52221013901925,175.867223864134,b'ssp245',5.124791424186475,290.4808825244741,298.40669236341057,280.0076237760632,b'2026-09-22/2026-09-28',1790035200
2645,25,13,72.83574325720319,0.0065042632944747,b'ACCESS-CM2',7,0.0001238857327264,305.5787734970916,171.6362561387393,b'ssp245',5.410805648661155,286.1179967268526,296.3073954803264,277.9326436630148,b'2026-09-29/2026-10-05',1790640000
2645,25,13,75.3975761247561,0.0074345774880751,b'ACCESS-CM2',7,0.0002712732585931,322.2671009998448,151.6292144169081,b'ssp245',6.090142169806228,286.7287478126663,298.1653994528663,273.8246139021109,b'2026-10-06/2026-10-12',1791244800
2645,25,13,77.48352919969224,0.0071791071514356,b'ACCESS-CM2',7,0.000416567512293,309.40267448317024,146.7280188814017,b'ssp245',5.229229320437703,286.4809740714341,297.08341242303914,277.4061181074736,b'2026-10-13/2026-10-19',1791849600
2645,25,13,72.68161544294547,0.0048100964415574,b'ACCESS-CM2',7,1.7851194349670944e-06,294.1896678625015,127.32086918595384,b'ssp245',5.205995646623811,281.55595997618184,287.7485092870447,273.61758063107925,b'2026-10-20/2026-10-26',1792454400
2645,25,13,73.62639455082513,0.0047174997573987,b'ACCESS-CM2',7,0.0001559870268932,285.3678057740066,120.12824956051224,b'ssp245',5.774867571178425,280.51596203878904,289.7077432998758,271.3342714423375,b'2026-10-27/2026-11-02',1793059200
2645,25,13,79.43834425854932,0.0046594582776941,b'ACCESS-CM2',7,0.0005351009328728,283.8242910682873,116.93721679138936,b'ssp245',5.861946030123231,278.67160892829423,290.8007669006752,268.671074469358,b'2026-11-03/2026-11-09',1793664000
2645,25,13,80.2631950862022,0.0055311558897674,b'ACCESS-CM2',7,0.0004087708869089,300.5308103794181,102.4228141344372,b'ssp245',4.873628999607227,281.61946859224406,291.83551514480286,273.2761732897221,b'2026-11-10/2026-11-16',1794268800
2645,25,13,80.02450021907983,0.0044795152228131,b'ACCESS-CM2',7,0.0004927101531408,286.6563298134276,91.85376040369356,b'ssp245',7.330321340506778,277.90537318407416,288.93409945254297,267.1835940329445,b'2026-11-17/2026-11-23',1794873600
2645,25,13,78.07356023436576,0.0040892996156081,b'ACCESS-CM2',7,0.000549372119904,281.7493485464278,86.77281825589817,b'ssp245',5.650746399790132,276.8121032599356,288.6889666626786,267.65847806614755,b'2026-11-24/2026-11-30',1795478400
2645,25,13,79.50426806952441,0.0045805659153927,b'ACCESS-CM2',7,0.0008789012839534,282.12695687257013,77.30152855027703,b'ssp245',6.072251779083497,277.7413617642059,289.033325356995,266.2097600469526,b'2026-12-01/2026-12-07',1796083200
2645,25,13,65.20791236422708,0.0025940923375987,b'ACCESS-CM2',7,2.178649395739605e-05,255.59053354543,83.53279133907667,b'ssp245',7.795019288635975,273.96886228274485,284.11382042082727,268.14523117368583,b'2026-12-08/2026-12-14',1796688000
2645,25,13,69.07468803427415,0.0023159579760808,b'ACCESS-CM2',7,1.370168910029665e-05,238.6271048236367,89.63195176859904,b'ssp245',6.681087342138659,270.9883987354578,277.76185145093905,256.5360101156677,b'2026-12-15/2026-12-21',1797292800
2645,25,13,73.27295498590821,0.002129539764947,b'ACCESS-CM2',7,0.0001069096486274,230.6292768869968,87.37709478199652,b'ssp245',5.85179349038549,269.0700848394446,284.39087738643417,258.2728392746275,b'2026-12-22/2026-12-28',1797897600
2645,25,13,76.5106748135223,0.0039772714261765,b'ACCESS-CM2',7,0.0002263422464773,280.8247361485419,80.63149603895116,b'ssp245',6.108489381173024,277.2542237713975,285.1346418570209,271.7388185614782,b'2026-12-29/2027-01-04',1798502400
2645,25,13,66.51371595514418,0.0027500019182319,b'ACCESS-CM2',7,1.913015108841443e-06,246.9677085912555,97.66468130669284,b'ssp245',6.81036116876124,274.3812014143988,279.35473325615686,269.28336496921565,b'2027-01-05/2027-01-11',1799107200
2645,25,13,75.13681985643976,0.003021413551083,b'ACCESS-CM2',7,0.0003571770359592,271.56828815673134,80.578392123364,b'ssp245',5.856884313238717,274.42284996877214,280.1709298443321,268.8608976452556,b'2027-01-12/2027-01-18',1799712000
2645,25,13,75.04588657693132,0.0018956576946169,b'ACCESS-CM2',7,0.0002588751373976,243.4487170664229,96.92900790933628,b'ssp245',8.301792076385123,267.09461349443995,277.8119071101511,252.69384411944452,b'2027-01-19/2027-01-25',1800316800
2645,25,13,77.48568643878514,0.0022635651174571,b'ACCESS-CM2',7,0.0002163643990934,247.93001691661243,96.8298985426225,b'ssp245',6.731175651207439,268.6098991112541,282.21227958628674,254.6478281791636,b'2027-01-26/2027-02-01',1800921600
2645,25,13,73.4239420014727,0.002362381732122,b'ACCESS-CM2',7,0.000296759752173,238.3538791075448,126.51606603530406,b'ssp245',6.289847739146583,270.21834866353214,282.01718289204774,257.3456948185599,b'2027-02-02/2027-02-08',1801526400
2645,25,13,73.18987003279499,0.0028296136626375,b'ACCESS-CM2',7,0.0002103743923288,247.58451196242868,132.28133923648775,b'ssp245',7.637758504363198,272.09141644754834,284.5713368801092,261.08542229860825,b'2027-02-09/2027-02-15',1802131200
2645,25,13,67.95580268650542,0.0020951839332849,b'ACCESS-CM2',7,6.662461105082949e-05,223.21982965821235,156.0785385536042,b'ssp245',6.229349388169475,269.8806251951739,278.1361465150947,257.5450400649317,b'2027-02-16/2027-02-22',1802736000
2645,25,13,76.01587225445735,0.0027026095365454,b'ACCESS-CM2',7,0.000750535654679,246.3595171449313,148.85090469605765,b'ssp245',8.34503280762354,271.71615452184466,280.84337368390413,262.8737695555024,b'2027-02-23/2027-03-01',1803340800
2645,25,13,77.62102764061068,0.0029413233308496,b'ACCESS-CM2',7,0.0001734441181722,247.6739853352788,171.4410298039807,b'ssp245',5.205271312890463,272.6877834410293,284.1179272380096,262.97591471893105,b'2027-03-02/2027-03-08',1803945600
2645,25,13,73.10126008942315,0.0032203580923342,b'ACCESS-CM2',7,0.0004620436543977,255.17725184502868,175.1061786445899,b'ssp245',8.139384363908865,275.136073163194,285.7577656929067,267.9380936174203,b'2027-03-09/2027-03-15',1804550400
2645,25,13,78.04943616753381,0.0041676002881483,b'ACCESS-CM2',7,0.0003353220726136,266.4034393599265,196.31595790722284,b'ssp245',5.884626418188595,277.69933845859265,289.3655918550808,268.4966262918434,b'2027-03-16/2027-03-22',1805155200
2645,25,13,71.56457033473136,0.0034366470901691,b'ACCESS-CM2',7,0.0001969875269381,242.7268999487697,225.72344103391825,b'ssp245',5.7267775476035245,276.0572398955346,287.5148349787226,266.9638096285182,b'2027-03-23/2027-03-29',1805760000
2645,25,13,68.47238701104892,0.0031115263859963,b'ACCESS-CM2',7,9.254099986619672e-05,243.54812568079893,228.26188430136517,b'ssp245',5.996431825199325,274.6934570601219,284.0305533908061,263.3047075890548,b'2027-03-30/2027-04-05',1806364800
2645,25,13,70.61135379643291,0.0039866206580252,b'ACCESS-CM2',7,0.0001844511330361,257.4745270641547,222.96663061194292,b'ssp245',5.38134193973036,278.67631859035004,286.8002151186103,266.9381592605288,b'2027-04-06/2027-04-12',1806969600
2645,25,13,87.81342367065774,0.0063639619021148,b'ACCESS-CM2',7,0.0006512872015459,299.677458382916,199.5594706655338,b'ssp245',3.841406253744322,282.94657010138883,289.4622971692622,274.6810528685715,b'2027-04-13/2027-04-19',1807574400
2645,25,13,81.62745322639805,0.0070284085506846,b'ACCESS-CM2',7,0.0002267780452192,285.53498133837104,247.5121228495068,b'ssp245',3.5579115156193555,284.7954149836285,294.5839014318605,272.9556768354201,b'2027-04-20/2027-04-26',1808179200
2645,25,13,82.36785335486637,0.0081380854103477,b'ACCESS-CM2',7,0.0002489374114,307.8137297053775,241.22047297568847,b'ssp245',4.2534000135979335,287.3012586696484,303.7620954298815,274.88565588944795,b'2027-04-27/2027-05-03',1808784000
2645,25,13,77.62718292063096,0.0096715412570503,b'ACCESS-CM2',7,8.892655944632871e-05,315.1227576740304,290.98157851580976,b'ssp245',5.574197839269575,290.7678109593964,303.47889634694485,277.5710900717223,b'2027-05-04/2027-05-10',1809388800
2645,25,13,75.07853733881984,0.008126159487671,b'ACCESS-CM2',7,0.0001242473051453,294.04950164246355,309.8426925356025,b'ssp245',5.345055373705212,288.1569877573986,302.557294024537,273.7234744040382,b'2027-05-11/2027-05-17',1809993600
2645,25,13,80.12001408168248,0.0094339505946413,b'ACCESS-CM2',7,0.0004034679332613,311.54781611360465,300.8706193821094,b'ssp245',3.7900875903799935,290.00551209246765,300.0947415585549,276.06437058606684,b'2027-05-18/2027-05-24',1810598400
2645,25,13,84.18427648481155,0.0115526444216098,b'ACCESS-CM2',7,2.611757544146133e-05,331.90520068036005,325.64167305505146,b'ssp245',2.83835374237573,292.2648548829973,302.8664329680386,276.5051555709333,b'2027-05-25/2027-05-31',1811203200
2645,25,13,74.62289690867615,0.010058277947414,b'ACCESS-CM2',7,0.0001001224401141,314.9684729974001,340.83766555136515,b'ssp245',4.19325340234004,291.8104938373548,302.7922615101795,278.33514400254813,b'2027-06-01/2027-06-07',1811808000
2645,25,13,77.59196095101204,0.0121473271829712,b'ACCESS-CM2',7,0.0002919782190263,348.8686660578934,292.07149643478465,b'ssp245',4.759113818920212,294.1970198790984,307.3704697362635,281.9526794029388,b'2027-06-08/2027-06-14',1812412800
2645,25,13,73.10668351995346,0.0118001206140954,b'ACCESS-CM2',7,8.675261132360155e-05,344.9597949646053,319.8722993011619,b'ssp245',3.950443928108649,294.5752393421184,307.28172736767897,284.5574381240946,b'2027-06-15/2027-06-21',1813017600
2645,25,13,78.12422560707171,0.0127611458950033,b'ACCESS-CM2',7,0.0002739594602079,358.1380534739571,279.0357471592379,b'ssp245',3.7317407415402646,295.3079343566605,307.01144061562246,285.85740999133384,b'2027-06-22/2027-06-28',1813622400
2645,25,13,75.33131470477231,0.0133165614903254,b'ACCESS-CM2',7,0.0002257489480929,352.7673083519191,319.68711593180416,b'ssp245',3.8966052588812,295.7447632009169,306.100361966771,282.5086294414192,b'2027-06-29/2027-07-05',1814227200
2645,25,13,70.2808882245052,0.0142652001519146,b'ACCESS-CM2',7,3.5915338589518576e-05,366.0085311673109,322.35687414077285,b'ssp245',3.930910251359389,297.9452317453491,310.5438523854641,284.9887023521575,b'2027-07-06/2027-07-12',1814832000
2645,25,13,78.90590372942704,0.0148789143219744,b'ACCESS-CM2',7,0.0005078470764031,367.369307186881,289.65441788571445,b'ssp245',3.3902527657114563,297.30753692944546,306.9868601413752,284.2272409603296,b'2027-07-13/2027-07-19',1815436800
2645,25,13,90.86924520617062,0.0162779833294993,b'ACCESS-CM2',7,0.0003714409340889,382.0089701527114,254.0417356088687,b'ssp245',3.3937919246778243,297.8378213440345,306.43395078545376,289.4851496210161,b'2027-07-20/2027-07-26',1816041600
2645,25,13,80.83890900841949,0.0151318416309559,b'ACCESS-CM2',7,1.2984835754913465e-05,368.67607088693495,284.52773487737073,b'ssp245',1.9962215778843453,296.91971743321125,306.3534753660493,284.6989420707652,b'2027-07-27/2027-08-02',1816646400
2645,25,13,83.79693966146449,0.0171161887608644,b'ACCESS-CM2',7,0.0004688675738005,388.58793505305033,244.7215192551193,b'ssp245',3.610604972577704,299.6199326788578,309.8575908736677,289.9700321020669,b'2027-08-03/2027-08-09',1817251200
2645,25,13,82.51949799969834,0.0130206719502566,b'ACCESS-CM2',7,0.0003042647731566,367.1043252329614,228.64742980206364,b'ssp245',4.038927469494891,295.30425909903096,307.1770399485203,286.9618638196528,b'2027-08-10/2027-08-16',1817856000
2645,25,13,83.65437605902059,0.0149576582049804,b'ACCESS-CM2',7,0.0001302697660912,376.49754058347065,225.65731349862065,b'ssp245',2.800744120422804,297.3595918393744,308.38660848251243,289.2799997898128,b'2027-08-17/2027-08-23',1818460800
2645,25,13,81.5374827620435,0.0146525739520336,b'ACCESS-CM2',7,0.0003998738753403,380.2560445303723,208.20854091157076,b'ssp245',3.000195110103604,297.44997868677746,306.74732015243427,287.75326441076413,b'2027-08-24/2027-08-30',1819065600
2645,25,13,85.58442986956607,0.0142862244739127,b'ACCESS-CM2',7,8.041800517986718e-05,372.05548647156047,213.19428824115272,b'ssp245',2.650602452215882,296.49244418834445,304.6479174885529,287.8174155532129,b'2027-08-31/2027-09-06',1819670400
2645,25,13,76.43850571155097,0.0126620410800564,b'ACCESS-CM2',7,0.0002687442562476,355.3576210621064,217.41199245831825,b'ssp245',3.843971096307688,295.1154501692123,307.3728466311827,283.00291764215126,b'2027-09-07/2027-09-13',1820275200
2645,25,13,77.73635328251343,0.0114994126401115,b'ACCESS-CM2',7,0.0001387708615025,359.6053166125107,188.95879350588248,b'ssp245',4.503354230644349,294.1585405218003,303.76681999560225,283.0997580420892,b'2027-09-14/2027-09-20',1820880000
2645,25,13,74.96641323122081,0.0100472082189207,b'ACCESS-CM2',7,0.0002318570129984,340.6388679670408,183.76175978271712,b'ssp245',5.478050177934153,291.6388227594497,304.062590825163,279.01932740874634,b'2027-09-21/2027-09-27',1821484800
2645,25,13,82.50864067835525,0.0104647635832928,b'ACCESS-CM2',7,1.1077648269711305e-05,336.712077662126,192.7249700598595,b'ssp245',2.866462910660281,291.0958302594404,302.97755858566586,275.9927404946839,b'2027-09-28/2027-10-04',1822089600
2645,25,13,86.99245318770973,0.0102220887776425,b'ACCESS-CM2',7,0.0006352470239043,345.64521521908443,142.1217571247718,b'ssp245',3.770945445613807,290.5530049449448,297.88529469066896,277.93794393981534,b'2027-10-05/2027-10-11',1822694400
2645,25,13,82.21078294304709,0.008546124549112,b'ACCESS-CM2',7,0.0002406280176006,332.2907594909957,147.43411288229836,b'ssp245',3.517183411786775,289.60441595418564,296.7771087444381,281.1893821867886,b'2027-10-12/2027-10-18',1823299200
2645,25,13,85.43331521430328,0.0086945634992579,b'ACCESS-CM2',7,0.0001512635367987,347.7833147090454,115.45899341189872,b'ssp245',5.389337099963128,290.26558589015013,296.1750964840516,285.7648457710317,b'2027-10-19/2027-10-25',1823904000
2645,25,13,78.41274891892128,0.0071110969783813,b'ACCESS-CM2',7,0.0007729971966612,315.24270316334184,110.04655090952777,b'ssp245',6.135994296628795,286.3540931954289,293.51671352765413,276.63935013322646,b'2027-10-26/2027-11-01',1824508800
2645,25,13,71.51534432273151,0.0040868106218849,b'ACCESS-CM2',7,1.5254058186007483e-05,276.14641580717,118.58416531940848,b'ssp245',5.964046842057184,277.96247317802266,289.1958497306369,270.18704215548684,b'2027-11-02/2027-11-08',1825113600
2645,25,13,79.26563732251877,0.0052383085687678,b'ACCESS-CM2',7,0.0001808963633275,294.7479949171631,108.73113412126236,b'ssp245',4.223144544242347,280.87703006278826,291.5042147806938,271.6461758443062,b'2027-11-09/2027-11-15',1825718400
2645,25,13,75.34444150464537,0.0052876596079121,b'ACCESS-CM2',7,0.0003183030683167,297.5189802214912,88.11133193608828,b'ssp245',6.806808613061678,279.61019631262195,292.12985083977907,269.2265953215542,b'2027-11-16/2027-11-22',1826323200
2645,25,13,76.71015345303654,0.0058378171784337,b'ACCESS-CM2',7,0.0002463569995651,300.7518343114357,83.00932176097339,b'ssp245',6.136923964337121,281.5260377708875,292.7285349460627,264.86188730404075,b'2027-11-23/2027-11-29',1826928000
2645,25,13,74.26905577198559,0.0045196519313025,b'ACCESS-CM2',7,0.0001164442048607,279.44040891995604,86.19612572705171,b'ssp245',6.34747408345384,278.3113532146645,292.02352743590905,269.09635911145745,b'2027-11-30/2027-12-06',1827532800
2645,25,13,72.02496904284749,0.0031508001560995,b'ACCESS-CM2',7,4.830635357897913e-05,263.6841386201366,79.27940371395172,b'ssp245',7.09029052602647,274.8594095885133,281.03911674448983,268.39412736703224,b'2027-12-07/2027-12-13',1828137600
2645,25,13,73.3083241530376,0.0037905291579275,b'ACCESS-CM2',7,0.0005286427599651,266.2381296119942,75.01573328038037,b'ssp245',6.381843312776867,275.38689729948595,289.1662330475864,263.68226152634776,b'2027-12-14/2027-12-20',1828742400
2645,25,13,76.94003888060715,0.0026447049204864,b'ACCESS-CM2',7,0.0005043538491453,250.45598424877213,82.62412631522966,b'ssp245',7.332097370667398,270.40467235381124,284.3184134578073,258.8532330039321,b'2027-12-21/2027-12-27',1829347200
2645,25,13,76.17897749569693,0.0025927772447898,b'ACCESS-CM2',7,0.0001345193461812,259.3080906834598,81.08878892016162,b'ssp245',7.19217181526047,271.1248567435013,279.6432613953849,256.06553468009497,b'2027-12-28/2028-01-03',1829952000
2645,25,13,77.86712308250289,0.0017322561445679,b'ACCESS-CM2',7,0.0002985723034689,229.3303399554264,92.80821869560536,b'ssp245',6.524330544990533,266.9053324862708,274.8822624156017,260.2951172279206,b'2028-01-04/2028-01-10',1830556800
2645,25,13,81.20033338216531,0.0013805862877415,b'ACCESS-CM2',7,3.998033010745345e-05,218.98929327005692,101.28460939925236,b'ssp245',6.63929003550404,264.019921384178,277.1450425305904,254.6661512564349,b'2028-01-11/2028-01-17',1831161600
2645,25,13,85.40945872268027,0.0019057534730996,b'ACCESS-CM2',7,0.0008694886542552,247.48047449261716,84.97886147548708,b'ssp245',10.562432918981662,265.4599589799865,277.6682273612117,255.01811109126007,b'2028-01-18/2028-01-24',1831766400
2645,25,13,80.36276004470061,0.0018534331027173,b'ACCESS-CM2',7,0.0004727251293244,231.9433904642414,109.24365586539766,b'ssp245',7.221667404319164,266.3141165654842,279.8402218850243,255.0662351090387,b'2028-01-25/2028-01-31',1832371200
2645,25,13,76.48579159811518,0.001587237014936,b'ACCESS-CM2',7,5.711132482842584e-05,216.50983814827765,138.8725846578405,b'ssp245',9.701823232212265,264.9247491437755,279.47426810359326,257.2038963873655,b'2028-02-01/2028-02-07',1832976000
2645,25,13,76.77082379646986,0.0036133744288235,b'ACCESS-CM2',7,0.0004340540512016,275.26844014697406,119.78006014503616,b'ssp245',5.856901322205109,275.40492813557864,284.76151422159563,268.730364262663,b'2028-02-08/2028-02-14',1833580800
2645,25,13,82.90598860986975,0.0045152147597251,b'ACCESS-CM2',7,0.0004807096685209,288.82048013302773,112.3380933821145,b'ssp245',6.728157178297737,276.8397761609268,288.135704272946,261.12436507269246,b'2028-02-15/2028-02-21',1834185600
2645,25,13,74.21972204693782,0.0023101390079068,b'ACCESS-CM2',7,0.0005202984569226,232.96289602404173,161.38368302763016,b'ssp245',6.316353312188313,270.09377395211243,280.1640247875491,259.6929839885787,b'2028-02-22/2028-02-28',1834790400
2645,25,13,76.27761473425628,0.0027548612256656,b'ACCESS-CM2',7,4.782168294196852e-05,242.22005292446744,173.866070807826,b'ssp245',7.130782241649862,271.22802165021506,280.82435622057375,253.47743427200825,b'2028-02-29/2028-03-06',1835395200
2645,25,13,80.46679158134063,0.0033927639630026,b'ACCESS-CM2',7,0.0003574152310099,256.5103695236971,164.5719827570775,b'ssp245',6.591252225823524,274.4133758978,282.734962918111,264.18812874295065,b'2028-03-07/2028-03-13',1836000000
2645,25,13,70.71151088544977,0.0031277634757205,b'ACCESS-CM2',7,0.0003763519077316,243.79339875913277,190.5290230872841,b'ssp245',5.989892690860672,273.8861601426225,289.004778325163,262.87377476976405,b'2028-03-14/2028-03-20',1836604800
2645,25,13,77.02511971653242,0.004399463831528,b'ACCESS-CM2',7,0.0005128069081977,268.6493528714356,203.62322587488728,b'ssp245',7.414431268895924,276.9308964753669,292.9973891908759,263.2692646355029,b'2028-03-21/2028-03-27',1837209600
2645,25,13,79.9772993587613,0.0051821809395523,b'ACCESS-CM2',7,0.0001843285566743,274.9765935314976,211.1484662332959,b'ssp245',5.993911255996183,280.42636698539684,292.84030899148905,271.4254002046901,b'2028-03-28/2028-04-03',1837814400
2645,25,13,84.15538417993002,0.0057029845695255,b'ACCESS-CM2',7,0.0001205326867878,281.32166609750567,218.5586153577157,b'ssp245',4.370554116500811,282.013611550092,289.1687663299358,271.6289876167348,b'2028-04-04/2028-04-10',1838419200
2645,25,13,91.03045793314982,0.0069948748313594,b'ACCESS-CM2',7,0.0002463030950243,314.44404439502097,192.44160790853945,b'ssp245',3.895510095769545,285.2772489924868,290.5006135447925,278.3923096511537,b'2028-04-11/2028-04-17',1839024000
2645,25,13,79.06661049834715,0.006114522648258,b'ACCESS-CM2',7,0.0001330037366793,292.6075196871581,232.38729461987512,b'ssp245',3.785959828023992,283.9717630406202,291.06576089416905,274.24173733540715,b'2028-04-18/2028-04-24',1839628800
2645,25,13,78.59303254242086,0.0069736160653358,b'ACCESS-CM2',7,2.6844011669169275e-05,285.124857338262,271.31523903780874,b'ssp245',4.012884120029893,285.0788619374372,300.11576340024834,274.0663448106374,b'2028-04-25/2028-05-01',1840233600
2645,25,13,86.41147797439272,0.0086630543611957,b'ACCESS-CM2',7,0.0006507552808916,325.8895176825257,199.43345005176147,b'ssp245',5.09153635851482,288.0953679859808,301.0202198154879,279.711571820998,b'2028-05-02/2028-05-08',1840838400
2645,25,13,95.19262649694927,0.0118538627705854,b'ACCESS-CM2',7,0.0003478711717512,355.4972208158409,229.5607953377456,b'ssp245',3.2873077401149464,292.1955293855694,299.03155541830506,284.5696266022739,b'2028-05-09/2028-05-15',1841443200
2645,25,13,77.37299253162395,0.0087198130795229,b'ACCESS-CM2',7,1.1083315257618056e-05,308.1716634268567,295.76110288968266,b'ssp245',3.713978451902052,289.39837595669866,298.49967259287047,276.3297829735358,b'2028-05-16/2028-05-22',1842048000
2645,25,13,82.194251467038,0.0097776831313614,b'ACCESS-CM2',7,0.0005299971843046,322.639486004298,281.4083250682762,b'ssp245',3.450336837452768,290.0552104448302,299.72579943928497,276.9646092699064,b'2028-05-23/2028-05-29',1842652800
2645,25,13,94.67065229316646,0.0124713255571819,b'ACCESS-CM2',7,0.0005820013095271,360.9585381196599,217.48490801534223,b'ssp245',3.8420776655455184,293.3059151670227,298.1779074157311,284.7777022405965,b'2028-05-30/2028-06-05',1843257600
2645,25,13,91.3866707172953,0.0126683346643451,b'ACCESS-CM2',7,0.0007484447915261,357.1979457483499,245.6733002286422,b'ssp245',3.146107311302914,293.61824259979045,301.3018681608288,285.01484783248395,b'2028-06-06/2028-06-12',1843862400
2645,25,13,77.91187317991663,0.013573491737042,b'ACCESS-CM2',7,6.861068826122057e-05,356.86318275069107,316.0220929711522,b'ssp245',3.8466776683179407,296.6373378670655,306.09374947453176,284.7205707070054,b'2028-06-13/2028-06-19',1844467200
2645,25,13,86.11038892993187,0.0117324334032685,b'ACCESS-CM2',7,9.100228780874529e-06,342.71815730647984,306.8827477345967,b'ssp245',3.130009573139779,292.3811236508747,302.05905830433824,283.0708408785182,b'2028-06-20/2028-06-26',1845072000
2645,25,13,83.34518023430455,0.0126064199367458,b'ACCESS-CM2',7,0.0003069667348517,351.7181723891504,289.0786520763964,b'ssp245',3.8964503145263,294.0879195430759,302.9691455158966,285.22567490331386,b'2028-06-27/2028-07-03',1845676800
2645,25,13,79.85140468196813,0.0141462625310092,b'ACCESS-CM2',7,5.240455673384779e-07,360.5418417707748,325.66621983003927,b'ssp245',2.37614509775149,296.23331372740137,306.87907128744564,285.05077167030987,b'2028-07-04/2028-07-10',1846281600
2645,25,13,68.37666247899281,0.0120491308256165,b'ACCESS-CM2',7,7.673245938074637e-05,349.04471721955935,317.6482236199934,b'ssp245',3.4261462840700103,295.35497899050966,306.57701610034667,280.6001341965025,b'2028-07-11/2028-07-17',1846886400
2645,25,13,80.04926727208306,0.0117084092494935,b'ACCESS-CM2',7,0.0002636331527969,348.03948315753047,269.33437386533507,b'ssp245',2.762339936232048,292.7041998077364,300.95422654309806,283.2320990758226,b'2028-07-18/2028-07-24',1847491200
2645,25,13,76.3299023573198,0.0167315661690445,b'ACCESS-CM2',7,0.0001024870358156,385.12202994961046,274.9009667460605,b'ssp245',4.345186419428353,300.37498853786326,311.61978311096595,288.9020353001474,b'2028-07-25/2028-07-31',1848096000
2645,25,13,74.7715785622935,0.012939397959865,b'ACCESS-CM2',7,0.0001023781115565,358.95119982298075,271.24144237161016,b'ssp245',3.787769274725143,295.4021696005887,304.1962450040097,283.7533476368481,b'2028-08-01/2028-08-07',1848700800
2645,25,13,82.5433667200065,0.0142283879951798,b'ACCESS-CM2',7,0.0003708653835198,370.19614813307487,233.4250834512846,b'ssp245',2.795915030530859,296.3528104004368,304.4704477070183,285.4505547731917,b'2028-08-08/2028-08-14',1849305600
2645,25,13,72.34754120565972,0.0132048166583423,b'ACCESS-CM2',7,0.0001260302117789,362.5622666747816,253.57092276494683,b'ssp245',3.1813546771696406,296.1010028185885,306.3943255089766,284.479317044896,b'2028-08-15/2028-08-21',1849910400
2645,25,13,74.83029968925771,0.013177786941588,b'ACCESS-CM2',7,0.0002160517398499,371.7773355792577,220.38247381840097,b'ssp245',4.469034738143661,296.3477347295467,310.2800780845794,282.90465281909667,b'2028-08-22/2028-08-28',1850515200
2645,25,13,83.11350406729734,0.0130741691971047,b'ACCESS-CM2',7,0.0001245318471796,365.5520162735779,208.5295780900073,b'ssp245',3.2036782243055564,294.9657741636855,305.4450139127819,283.91222562474127,b'2028-08-29/2028-09-04',1851120000
2645,25,13,75.06969335622796,0.0137834124505878,b'ACCESS-CM2',7,0.0001070626272267,366.73651206775327,220.99957260954685,b'ssp245',3.807033826274023,297.100516310072,310.4153235833377,280.66124295872567,b'2028-09-05/2028-09-11',1851724800
2645,25,13,75.68125389626034,0.0123704175972321,b'ACCESS-CM2',7,0.0003070200399092,362.7509644594075,184.7027864194525,b'ssp245',4.513318171767322,295.1025630146124,307.07901983197945,280.8608703613281,b'2028-09-12/2028-09-18',1852329600
2645,25,13,74.84751195483537,0.0093241787496195,b'ACCESS-CM2',7,0.0002652674642941,333.5116442432241,186.5668782114193,b'ssp245',5.58450976942887,290.8377579875791,301.66738119567464,279.3167268260425,b'2028-09-19/2028-09-25',1852934400
2645,25,13,78.207378473345,0.0082842641429888,b'ACCESS-CM2',7,0.0001764084063328,321.95000395544764,180.84281822067447,b'ssp245',4.242751403946637,288.73370511461906,299.07046015657335,277.43416691457986,b'2028-09-26/2028-10-02',1853539200
2645,25,13,79.57301124854256,0.0078150739477437,b'ACCESS-CM2',7,0.0001467580423929,321.68295979278764,163.75133893925172,b'ssp245',4.198141162081947,287.330269262626,297.0531965849416,274.0751997991903,b'2028-10-03/2028-10-09',1854144000
2645,25,13,82.6324277186687,0.0098169981299343,b'ACCESS-CM2',7,8.100776345044389e-05,345.1873155721991,144.7838830289236,b'ssp245',4.915375216410988,290.99473856165366,298.2386762404284,276.34695693262364,b'2028-10-10/2028-10-16',1854748800
2645,25,13,80.96743465629297,0.0080231531182181,b'ACCESS-CM2',7,0.0002866564163223,319.2583508970609,147.63117348951556,b'ssp245',3.780568919547233,287.4992120401749,297.85055315636635,276.6792457833196,b'2028-10-17/2028-10-23',1855353600
2645,25,13,71.0371795127385,0.0051280909702939,b'ACCESS-CM2',7,1.3795163264883034e-05,283.0915642196092,134.67992843440263,b'ssp245',6.112993661073885,282.5886973746452,292.048708641608,273.6434688744955,b'2028-10-24/2028-10-30',1855958400
2645,25,13,81.69278169485794,0.0081514822634583,b'ACCESS-CM2',7,0.0001388693850693,321.9331599846355,128.14685049499107,b'ssp245',4.680749023468176,286.7091258587652,296.94943649595143,275.4513596288416,b'2028-10-31/2028-11-06',1856563200
2645,25,13,85.45507459541254,0.008789442313479,b'ACCESS-CM2',7,0.0004360798046953,338.85987503210555,94.21858180180516,b'ssp245',5.394461379236168,286.6878781523474,296.9232909752044,268.70900494910234,b'2028-11-07/2028-11-13',1857168000
2645,25,13,84.23077531884951,0.006810110674681,b'ACCESS-CM2',7,0.0004801447981312,326.12796796006535,76.1783240456342,b'ssp245',5.548853356001393,283.23278890589893,293.25103614251344,269.75142919275146,b'2028-11-14/2028-11-20',1857772800
2645,25,13,72.86407916196247,0.0037282661139451,b'ACCESS-CM2',7,7.979262947008733e-06,266.472535031408,100.3825220979602,b'ssp245',5.899197844006368,276.9666199943088,288.62651920950174,269.79472425852384,b'2028-11-21/2028-11-27',1858377600
2645,25,13,83.49632685001775,0.0050700307684503,b'ACCESS-CM2',7,0.0007627581851864,290.120865896003,82.37186561736051,b'ssp245',4.562183052837115,279.480506081342,288.8202316183128,270.3020321069174,b'2028-11-28/2028-12-04',1858982400
2645,25,13,82.3093198431587,0.0038842210891967,b'ACCESS-CM2',7,0.0001989595466475,282.6563958722911,75.23919463432837,b'ssp245',7.204320164592963,277.091328319019,283.8042806259054,273.42611508401023,b'2028-12-05/2028-12-11',1859587200
2645,25,13,79.08825401082395,0.0026043614714036,b'ACCESS-CM2',7,0.0002480478715736,255.6408980558137,79.73016373734488,b'ssp245',7.149899420020934,271.1822691023293,278.3354433173376,259.9616309159639,b'2028-12-12/2028-12-18',1860192000
2645,25,13,79.34858415327551,0.0032307102107253,b'ACCESS-CM2',7,0.0004912213047754,269.961374467256,73.54119762106673,b'ssp245',7.172877986857434,273.70823460112456,281.54093559214607,263.47528714817884,b'2028-12-19/2028-12-25',1860796800
2645,25,13,73.07456580588811,0.0025264844988703,b'ACCESS-CM2',7,0.0004608912000448,255.72149439354263,82.37305680476163,b'ssp245',7.153985387148898,271.38979057376974,280.6764213511486,263.83693617258643,b'2028-12-26/2029-01-01',1861401600
2645,25,13,81.7965720184817,0.0023813479821406,b'ACCESS-CM2',7,0.0002412173116398,250.44668983307895,85.50641313767592,b'ssp245',6.59097759355998,270.0140452288408,279.1484440885632,262.88644615324915,b'2029-01-02/2029-01-08',1862006400
2645,25,13,77.65964310428615,0.0031437731247091,b'ACCESS-CM2',7,0.0004711991826572,269.700395951862,81.53471969849902,b'ssp245',5.4929174768778095,273.4020441407173,284.2391082965775,263.67930730352333,b'2029-01-09/2029-01-15',1862611200
2645,25,13,78.21041673210959,0.002206513434014,b'ACCESS-CM2',7,0.0002801781108407,245.9001012710095,93.77743769837868,b'ssp245',7.519126157345586,267.38228360178795,283.0458131095432,245.89418357192284,b'2029-01-16/2029-01-22',1863216000
2645,25,13,78.3377711257285,0.0039672416005972,b'ACCESS-CM2',7,9.236652345683992e-05,280.3502374741077,96.93524726860458,b'ssp245',6.277330631564672,276.426352942114,286.483192211429,253.2391928565424,b'2029-01-23/2029-01-29',1863820800
2645,25,13,65.79791041133306,0.0028530469025698,b'ACCESS-CM2',7,8.878887627229872e-07,248.0459864880752,128.82065505187467,b'ssp245',6.726681770958083,273.7588701347416,285.7902632757528,254.3861573276141,b'2029-01-30/2029-02-05',1864425600
2645,25,13,73.02148575074513,0.0023925525842493,b'ACCESS-CM2',7,0.0002465292693426,237.9163347689972,134.35134645027154,b'ssp245',5.813574741782167,270.13762872239386,283.7299259413157,256.5459294199154,b'2029-02-06/2029-02-12',1865030400
2645,25,13,73.77593311970259,0.0029659250868103,b'ACCESS-CM2',7,0.0002635375420751,255.74399733096783,127.98996432619266,b'ssp245',7.541675628709027,272.42151209778007,283.4133111612686,261.4510892956462,b'2029-02-13/2029-02-19',1865635200
2645,25,13,73.34341374869153,0.0021384112335355,b'ACCESS-CM2',7,0.000278858249021,228.7744542752557,152.09249569866716,b'ssp245',8.021978459317614,269.4447683458861,277.03655383381624,258.5088054328565,b'2029-02-20/2029-02-26',1866240000
2645,25,13,72.97134843824487,0.0025934067460713,b'ACCESS-CM2',7,0.0003367926731974,244.2499414680358,152.91366383562476,b'ssp245',8.561453985243105,270.4704242861485,288.1516187251009,256.6345897548246,b'2029-02-27/2029-03-05',1866844800
2645,25,13,76.25085406199648,0.0032367837985372,b'ACCESS-CM2',7,0.0002176077681264,262.1631254833153,151.08006466925988,b'ssp245',5.409544961860751,274.252891819141,280.6163942450719,260.89427255794703,b'2029-03-06/2029-03-12',1867449600
2645,25,13,83.44223487731298,0.0036119232992152,b'ACCESS-CM2',7,0.0003795404249925,265.345489100634,163.1379688013919,b'ssp245',6.5016804517838,274.3714919856278,284.1694944672237,258.5399839287562,b'2029-03-13/2029-03-19',1868054400
2645,25,13,82.69079214220578,0.0038777396132659,b'ACCESS-CM2',7,0.0001939437748678,265.7980696837859,185.78075558347533,b'ssp245',6.055641038573453,275.9570396632661,284.88737109860045,261.0021019537717,b'2029-03-20/2029-03-26',1868659200
2645,25,13,77.6834230486131,0.0037142159047209,b'ACCESS-CM2',7,0.0004326845113175,256.60107673349086,188.5538006077877,b'ssp245',6.503192420714062,275.6197673873396,286.23415733488974,256.7401120621637,b'2029-03-27/2029-04-02',1869264000
2645,25,13,86.84422869289834,0.0051212038811341,b'ACCESS-CM2',7,0.0005374490475314,289.220781578562,176.91873503570417,b'ssp245',5.691927840648785,278.2766201802437,292.4546469581048,260.04314441807225,b'2029-04-03/2029-04-09',1869868800
2645,25,13,76.27978744795554,0.0043275816911917,b'ACCESS-CM2',7,0.0001613028549375,258.00615953573555,236.94127865938384,b'ssp245',5.695365166416005,277.8393444339171,291.0894947986729,262.2532327614083,b'2029-04-10/2029-04-16',1870473600
2645,25,13,76.6950170583734,0.0048687950944987,b'ACCESS-CM2',7,0.0001036549199975,272.0540912841104,232.43518538750223,b'ssp245',5.106873304255187,280.2683919309329,289.72840539793305,270.2980692680308,b'2029-04-17/2029-04-23',1871078400
2645,25,13,85.51363981421983,0.008315328844755,b'ACCESS-CM2',7,0.0015132146422735,311.5265480582852,222.46361700399032,b'ssp245',4.871594841478,287.01070319891204,296.8906323161346,273.13412172431185,b'2029-04-24/2029-04-30',1871683200
2645,25,13,82.48438050731127,0.0094305816937374,b'ACCESS-CM2',7,0.0002249197709832,312.1610616144417,272.4230452610618,b'ssp245',5.459929842484256,288.68036300962336,300.7461969034561,272.1132168195105,b'2029-05-01/2029-05-07',1872288000
2645,25,13,78.28808833097892,0.0083421702101093,b'ACCESS-CM2',7,2.9198415486178927e-05,295.2825687173863,304.1330215093203,b'ssp245',3.5745293869426367,288.1666097967604,299.2680269961325,275.55322059479766,b'2029-05-08/2029-05-14',1872892800
2645,25,13,83.06997692068455,0.0104891795703793,b'ACCESS-CM2',7,0.0003329114769715,323.9586227200453,282.5192949105572,b'ssp245',4.299004198992828,291.59981377059376,300.8642551043175,279.29012022713164,b'2029-05-15/2029-05-21',1873497600
2645,25,13,78.35191852926869,0.0091665420129669,b'ACCESS-CM2',7,0.0001446470450825,316.5959865487061,266.15966143504335,b'ssp245',3.439404899981525,289.6626425924455,300.47736990214975,279.90224051570254,b'2029-05-22/2029-05-28',1874102400
2645,25,13,79.04952238835358,0.0116610044228439,b'ACCESS-CM2',7,0.0002997760372838,339.36445218955106,310.30539972310714,b'ssp245',5.152020012892522,293.8697090083964,303.6479328483935,281.4110617934473,b'2029-05-29/2029-06-04',1874707200
2645,25,13,74.75265086741524,0.0119502170134754,b'ACCESS-CM2',7,4.011859074626037e-05,341.7221167211614,325.3506407911865,b'ssp245',3.8763050739338856,294.3571101683993,306.8735061746559,278.7557912258123,b'2029-06-05/2029-06-11',1875312000
2645,25,13,73.34370828374107,0.0118767655473078,b'ACCESS-CM2',7,0.000411508460088,341.3605548609622,323.3732896817441,b'ssp245',3.9007012875438742,294.6653284915574,308.04778179648696,280.16536748014545,b'2029-06-12/2029-06-18',1875916800
2645,25,13,78.6176243604301,0.0147517127470379,b'ACCESS-CM2',7,4.7197860233361285e-05,367.5638011055389,323.5189412011442,b'ssp245',3.313785203989655,297.8162126120691,311.1177870188328,285.5474134028353,b'2029-06-19/2029-06-25',1876521600
2645,25,13,73.33521160750088,0.0131455361559394,b'ACCESS-CM2',7,7.681115545116799e-05,361.4063886196746,283.3408441318017,b'ssp245',3.915352694832613,296.3687235937777,308.51106506751864,284.80112167257346,b'2029-06-26/2029-07-02',1877126400
2645,25,13,84.6152407022727,0.0176231964661359,b'ACCESS-CM2',7,0.0005047224280915,387.9989524415449,289.5307862742847,b'ssp245',3.683232876616146,300.34728112920004,309.5738949807274,286.28125315280937,b'2029-07-03/2029-07-09',1877731200
2645,25,13,74.81356102069142,0.0164422299778097,b'ACCESS-CM2',7,1.893504358695816e-05,381.2074921549325,317.6699822865236,b'ssp245',3.8371718862311615,300.1893677450737,314.6715700263219,289.69288164353526,b'2029-07-10/2029-07-16',1878336000
2645,25,13,81.41328071009583,0.0190989909522664,b'ACCESS-CM2',7,0.0004009090686967,401.23186941733314,252.5938695411357,b'ssp245',5.021372695542104,302.9257231540013,313.4572658109349,293.61186911475573,b'2029-07-17/2029-07-23',1878940800
2645,25,13,70.56425971587875,0.0147116854897891,b'ACCESS-CM2',7,0.0001767602690086,369.4763540219223,302.72236303872614,b'ssp245',2.4714361114330528,298.3183804861193,309.25251371876294,285.7968644502147,b'2029-07-24/2029-07-30',1879545600
2645,25,13,80.19888325296941,0.0155634314909069,b'ACCESS-CM2',7,0.0002191808657837,374.8043027821868,258.30991537478474,b'ssp245',3.366156209744477,298.14028796121096,307.162306344746,289.1675621184292,b'2029-07-31/2029-08-06',1880150400
2645,25,13,78.60316716449488,0.0172197215482874,b'ACCESS-CM2',7,0.0001973331582565,393.0673788916986,239.74438153486156,b'ssp245',3.5999669074786644,300.19875216308134,312.61700960879296,289.7905549914632,b'2029-08-07/2029-08-13',1880755200
2645,25,13,74.47419136285556,0.0146053696519984,b'ACCESS-CM2',7,7.831820073925865e-05,378.4065538245772,238.043312435096,b'ssp245',3.239979768769292,298.87373588511485,313.19111865719424,290.84896539347056,b'2029-08-14/2029-08-20',1881360000
2645,25,13,77.20287437619413,0.0131288808699108,b'ACCESS-CM2',7,0.0003454711750395,358.8901388610436,244.3795712820177,b'ssp245',3.412650021518754,295.6263360462893,305.8190481425911,282.6802542781198,b'2029-08-21/2029-08-27',1881964800
2645,25,13,79.75094011175034,0.0163608292690429,b'ACCESS-CM2',7,0.0001084845084765,382.6395990377117,228.46665425945704,b'ssp245',3.3607534616537103,299.3862094615694,308.30534967081434,287.1158260926506,b'2029-08-28/2029-09-03',1882569600
2645,25,13,78.88899615819204,0.0143802472003431,b'ACCESS-CM2',7,0.000157358953759,373.1849743571502,210.611482514496,b'ssp245',3.730481152908917,297.56812483716254,306.7818043285648,286.6607159140884,b'2029-09-04/2029-09-10',1883174400
2645,25,13,81.01341463375903,0.0123570123874179,b'ACCESS-CM2',7,0.0002446939225044,366.83840853457417,175.60609145006595,b'ssp245',4.253503477449336,294.40473973500696,304.4034131586946,283.6925414634856,b'2029-09-11/2029-09-17',1883779200
2645,25,13,78.15268246985428,0.0090358891538471,b'ACCESS-CM2',7,0.0003167745322516,326.9376634494923,192.27187553846056,b'ssp245',3.276903114774482,289.79062583151017,299.17294416617085,277.5201299604201,b'2029-09-18/2029-09-24',1884384000
2645,25,13,77.45697151552199,0.0092120951640726,b'ACCESS-CM2',7,5.129571123261303e-06,333.02625378452615,181.5060436959749,b'ssp245',3.317271982146076,290.6467312353562,302.55646305715794,278.9401825961688,b'2029-09-25/2029-10-01',1884988800
2645,25,13,83.56496136105049,0.011249555421371,b'ACCESS-CM2',7,4.343202989398035e-05,355.66901504386675,164.01836718484378,b'ssp245',3.5838629462522724,292.53169060222586,303.0928582399886,282.2462911239523,b'2029-10-02/2029-10-08',1885593600
2645,25,13,70.08713130319356,0.0070344189581942,b'ACCESS-CM2',7,5.12764909178069e-05,306.2496322588528,169.6126578714448,b'ssp245',5.257324583392832,287.2136755013083,298.7826316985074,273.97928600184963,b'2029-10-09/2029-10-15',1886198400
2645,25,13,67.36949879584047,0.0059935924990935,b'ACCESS-CM2',7,2.825698519914156e-05,288.882929696739,168.0530377174168,b'ssp245',5.153578390574388,285.08793658326005,297.06823342430675,272.68168981691065,b'2029-10-16/2029-10-22',1886803200
2645,25,13,76.0544007646891,0.0067041388192974,b'ACCESS-CM2',7,0.000345431799503,310.5776321685416,135.55691763770503,b'ssp245',5.560446606431237,284.98154715517273,294.68193812086093,273.3537343410467,b'2029-10-23/2029-10-29',1887408000
2645,25,13,76.55090757314056,0.0071324806733544,b'ACCESS-CM2',7,0.0003738202785206,308.625111624466,124.11434428378334,b'ssp245',5.997546021669906,285.63194958299766,296.6391669469164,276.0164751267591,b'2029-10-30/2029-11-05',1888012800
2645,25,13,84.7497806603207,0.00699522553299,b'ACCESS-CM2',7,8.11212145013347e-05,311.2226777480026,111.91965730607566,b'ssp245',3.6357744237219487,284.65804755753123,292.87289303406976,275.3074273317855,b'2029-11-06/2029-11-12',1888617600
2645,25,13,75.70505979640821,0.0037843516755535,b'ACCESS-CM2',7,0.0002912317201605,269.4786978094557,99.9992577840612,b'ssp245',5.419717655930749,274.7011382219356,292.40864569051377,264.7719046687448,b'2029-11-13/2029-11-19',1889222400
2645,25,13,80.4542957345607,0.0040560997691702,b'ACCESS-CM2',7,4.744848954197815e-05,280.62940106495665,88.56066556297164,b'ssp245',6.93065046249072,277.1978472605897,284.52511657310635,265.4405847006286,b'2029-11-20/2029-11-26',1889827200
2645,25,13,76.90928827608771,0.0031112858944095,b'ACCESS-CM2',7,0.0001513555680524,267.3284189879274,83.55044744774882,b'ssp245',6.21146553828114,273.79758036892264,281.2162264994438,266.95852394356626,b'2029-11-27/2029-12-03',1890432000
2645,25,13,77.85713178333292,0.0035675882944676,b'ACCESS-CM2',7,0.0001096638019642,271.0658886175959,85.34709878089639,b'ssp245',4.790181814868605,275.3535135231271,283.58860902091527,269.1490297431188,b'2029-12-04/2029-12-10',1891036800
2645,25,13,82.19757966011791,0.0037100644864127,b'ACCESS-CM2',7,0.0005239120453694,279.4910343599635,70.81524732764758,b'ssp245',5.9663273678259,275.132510015078,283.40075622962803,267.41581683632546,b'2029-12-11/2029-12-17',1891641600
2645,25,13,77.34032889720733,0.0032283489350951,b'ACCESS-CM2',7,0.000455743971155,271.2631470621591,72.8175886921084,b'ssp245',6.971163197881,274.8425146299595,281.1586264502924,269.82188453926943,b'2029-12-18/2029-12-24',1892246400
2645,25,13,75.08114348730054,0.0024642573586288,b'ACCESS-CM2',7,9.602468769233851e-05,253.0973518364364,81.60341609713032,b'ssp245',5.885559311292028,270.994181270834,279.6827003731633,264.74303261460057,b'2029-12-25/2029-12-31',1892851200
2703,25,25,67.67267092262828,0.0025746131995389,b'ACCESS-CM2',6,1.712481625859033e-05,257.2621258991521,81.35926294714456,b'ssp245',8.949856125242343,273.4948123218567,279.2059605296065,268.05676864996195,b'2024-12-31/2025-01-06',1735603200
2703,25,25,73.41752045661315,0.0026131561672953,b'ACCESS-CM2',7,0.0003126823315078,248.8554310283595,92.2201460728662,b'ssp245',7.467093114653531,270.88145818942934,284.934962202863,255.04745036799736,b'2025-01-07/2025-01-13',1736208000
2703,25,25,77.46428917010904,0.0038554293569176,b'ACCESS-CM2',7,0.0006198433844617,283.8835538804324,83.86406711086579,b'ssp245',7.041902628094478,276.42662978753816,286.914295847823,267.59881107981613,b'2025-01-14/2025-01-20',1736812800
2703,25,25,70.66740785658568,0.0040391462219015,b'ACCESS-CM2',7,0.0004689998663159,282.7722740837922,94.75966089361636,b'ssp245',6.556489767928573,277.28841950419894,287.27522947730097,264.9016850169112,b'2025-01-21/2025-01-27',1737417600
2703,25,25,72.12926315015203,0.0032282809135487,b'ACCESS-CM2',7,0.0004690609067664,260.04575911465423,110.98390826447915,b'ssp245',8.209242680346925,273.422782977699,288.0940521984565,260.98301473477994,b'2025-01-28/2025-02-03',1738022400
2703,25,25,68.25730345722691,0.002290253841013,b'ACCESS-CM2',7,6.780961062395789e-05,238.9296018753318,127.44279939870805,b'ssp245',8.702928301349335,271.6747371660293,281.91301224871387,265.4740191203792,b'2025-02-04/2025-02-10',1738627200
2703,25,25,71.18514035055448,0.0028492006248524,b'ACCESS-CM2',7,0.0004208525186452,242.5313894025956,136.26964860178455,b'ssp245',7.879768100349746,273.61031392060926,281.9869057259909,265.4406020001668,b'2025-02-11/2025-02-17',1739232000
2703,25,25,72.6681098738614,0.0031053075819999,b'ACCESS-CM2',7,5.684843357196924e-05,264.07193083547133,136.89802474178092,b'ssp245',8.190559907241981,275.24174159246047,280.6157807140816,265.729260700505,b'2025-02-18/2025-02-24',1739836800
2703,25,25,74.20014044465918,0.0032497929946197,b'ACCESS-CM2',7,0.0004213166006729,262.2009683801738,139.17868353016289,b'ssp245',6.592136769344584,274.5430658852182,284.24071260777924,262.20648453875293,b'2025-02-25/2025-03-03',1740441600
2703,25,25,77.99946691267166,0.0037244086998322,b'ACCESS-CM2',7,0.0003755139974688,268.6058578757044,157.1231016630911,b'ssp245',7.7182462290189,276.0584616312167,285.6924698992474,265.7583532565978,b'2025-03-04/2025-03-10',1741046400
2703,25,25,76.73659456897697,0.0038388813638942,b'ACCESS-CM2',7,0.0005461972734148,270.9413396057767,155.48931306579806,b'ssp245',7.656863295658126,276.57411459680225,287.1366543653535,264.12237548828125,b'2025-03-11/2025-03-17',1741651200
2703,25,25,80.17345981398526,0.0041551227885775,b'ACCESS-CM2',7,0.0001872274800772,286.8022849584706,150.33939877287438,b'ssp245',6.706938238509442,278.1900743756976,281.87916639374527,272.54780950778866,b'2025-03-18/2025-03-24',1742256000
2703,25,25,77.98328056734199,0.0047307793251384,b'ACCESS-CM2',7,0.0003314642854014,281.04706044479536,183.06508224434145,b'ssp245',5.6920053094937,280.4506003349916,289.57067610577843,273.14807352205605,b'2025-03-25/2025-03-31',1742860800
2703,25,25,77.89943989477922,0.0049577142223098,b'ACCESS-CM2',7,0.000252398748429,274.1642109409027,210.3764233605787,b'ssp245',8.119326424515622,280.820245776027,288.70844473489905,272.5487961187595,b'2025-04-01/2025-04-07',1743465600
2703,25,25,81.67760036880547,0.0056661894976547,b'ACCESS-CM2',7,8.239023617334506e-05,287.99822290932264,210.1920564498636,b'ssp245',5.51944744130045,282.6726706368583,288.7357397312072,274.5357245468512,b'2025-04-08/2025-04-14',1744070400
2703,25,25,86.98517118181503,0.0076117790117534,b'ACCESS-CM2',7,0.0002972503502124,309.4542943974405,211.33794938728784,b'ssp245',5.261845048711692,286.2576888878587,294.8186991621809,276.7001476753049,b'2025-04-15/2025-04-21',1744675200
2703,25,25,86.29300834576013,0.0073632832303422,b'ACCESS-CM2',7,0.0001895115010211,308.5662552039383,217.89099514525947,b'ssp245',4.632864252615474,285.3217543226502,295.4166944550305,275.9575463271723,b'2025-04-22/2025-04-28',1745280000
2703,25,25,93.52501651883544,0.009921700649859,b'ACCESS-CM2',7,0.0002558627110617,345.68637361426806,193.73097181154048,b'ssp245',4.764940639406132,289.09058648617844,294.90016248749527,281.0923830357994,b'2025-04-29/2025-05-05',1745884800
2703,25,25,68.74677230755212,0.0053540888325171,b'ACCESS-CM2',7,2.181423395870683e-05,290.07991809379763,258.9868313992065,b'ssp245',6.327928879119794,283.4745098472888,292.8686106612043,275.87358800376336,b'2025-05-06/2025-05-12',1746489600
2703,25,25,81.51746282012621,0.0086974987455153,b'ACCESS-CM2',7,5.89870039141815e-05,311.0807520637114,288.30452140781523,b'ssp245',3.28314151684997,288.60549985240976,299.0691788836224,279.6929261742569,b'2025-05-13/2025-05-19',1747094400
2703,25,25,85.87167166998994,0.010296507913762,b'ACCESS-CM2',7,0.0002834632710882,325.4455056007732,275.50155727373186,b'ssp245',3.7735280944910623,290.4938801622557,297.0083331596561,281.22655096286684,b'2025-05-20/2025-05-26',1747699200
2703,25,25,80.40080953724294,0.010614502298863,b'ACCESS-CM2',7,0.0001668155220384,318.67341592502936,329.0452321016,b'ssp245',4.055958533743949,291.6987332865752,301.291885003811,280.7258479420732,b'2025-05-27/2025-06-02',1748304000
2703,25,25,84.61405915582638,0.011265070906123,b'ACCESS-CM2',7,0.0006098450305227,344.4219616614153,268.5943110396223,b'ssp245',4.5853880660459145,291.7253313230721,300.29123483053075,282.38610579327843,b'2025-06-03/2025-06-09',1748908800
2703,25,25,81.6560329078382,0.0133670893666506,b'ACCESS-CM2',7,0.0001262836964435,350.2446727686228,325.277696828809,b'ssp245',3.646555198194258,295.31673221388763,305.2799366276439,285.2700463271723,b'2025-06-10/2025-06-16',1749513600
2703,25,25,83.94361574392288,0.0138879955668352,b'ACCESS-CM2',7,0.0002474921635528,351.04001848705974,306.50975398153383,b'ssp245',4.004819709872535,295.3412951957889,302.6572351223086,287.4349677853468,b'2025-06-17/2025-06-23',1750118400
2703,25,25,85.80772944859098,0.0158062205351369,b'ACCESS-CM2',7,0.0001470665283593,370.0879738837585,304.4634100618263,b'ssp245',3.7779990758630047,297.2455120020212,307.84047978098806,288.85106826410066,b'2025-06-24/2025-06-30',1750723200
2703,25,25,78.15392486891265,0.0149659031810634,b'ACCESS-CM2',7,3.9034604622496166e-05,362.32102195394174,304.5873031882044,b'ssp245',3.834363085675324,297.64816284179693,307.68407979825656,289.2258330554497,b'2025-07-01/2025-07-07',1751328000
2703,25,25,72.87375116514413,0.012926393792111,b'ACCESS-CM2',7,0.0002467212073404,347.2484285573927,313.45157631266,b'ssp245',4.738111729821263,295.8597546620652,304.7795000774105,285.91191696539164,b'2025-07-08/2025-07-14',1751932800
2703,25,25,86.77223120499988,0.0175273343758456,b'ACCESS-CM2',7,0.0003561336686723,384.000747042666,276.4614858859923,b'ssp245',4.608820878670191,298.99343994353296,307.94016210044305,289.5051105778392,b'2025-07-15/2025-07-21',1752537600
2703,25,25,77.33757518808186,0.014628549106419,b'ACCESS-CM2',7,0.0002218838380698,360.3982537565332,309.1564240671617,b'ssp245',3.2075701486773616,297.030776445874,304.0226723275534,288.4329398550638,b'2025-07-22/2025-07-28',1753142400
2703,25,25,81.23799868327816,0.0153545982882587,b'ACCESS-CM2',7,0.000480568767514,364.0287064608797,281.7051266660259,b'ssp245',3.456940069223531,297.1723600912593,306.22344189155393,286.5496193490378,b'2025-07-29/2025-08-04',1753747200
2703,25,25,80.76272156346552,0.0156589385498483,b'ACCESS-CM2',7,0.000317850764692,373.82710850944926,240.32962562481288,b'ssp245',4.258160913655153,297.87631491418506,307.29291441382435,289.5896900456127,b'2025-08-05/2025-08-11',1754352000
2703,25,25,79.33238474084942,0.0124071130986594,b'ACCESS-CM2',7,4.039199646707152e-05,352.04450302921526,256.4175878119386,b'ssp245',4.051443371830918,294.7523558081651,301.0914909548876,286.8045855266292,b'2025-08-12/2025-08-18',1754956800
2703,25,25,83.2563646296591,0.0133730067712504,b'ACCESS-CM2',7,0.0001925818143498,358.6638925266598,224.9992691199539,b'ssp245',3.839077243821546,295.1669125972309,302.3123392244665,285.74418640136724,b'2025-08-19/2025-08-25',1755561600
2703,25,25,81.01994022010513,0.0121522101456824,b'ACCESS-CM2',7,0.000158677791534,352.0642541759106,228.4780707010409,b'ssp245',3.0573986635806256,294.2656394612914,299.97133469000096,285.93845907071744,b'2025-08-26/2025-09-01',1756166400
2703,25,25,74.02869019857268,0.0114274258321339,b'ACCESS-CM2',7,0.0001038030495917,350.4658003218914,219.70578821693985,b'ssp245',5.7107076661512,293.81092005075067,304.047834442883,282.3949499362853,b'2025-09-02/2025-09-08',1756771200
2703,25,25,85.69090395272818,0.0113658153464958,b'ACCESS-CM2',7,0.0011078111468386,364.4025793308165,153.6674397830764,b'ssp245',4.459638733481697,291.79883859880294,300.227671553449,281.11671857136054,b'2025-09-09/2025-09-15',1757376000
2703,25,25,77.3810459495837,0.0106036658269005,b'ACCESS-CM2',7,0.0003884366798116,348.9872750205862,196.4950636222388,b'ssp245',4.334813185269825,292.60376497594325,301.6671105361567,284.448920645365,b'2025-09-16/2025-09-22',1757980800
2703,25,25,84.499733914897,0.0101685823892155,b'ACCESS-CM2',7,0.0004541205117534,349.95875357916964,158.2032586473206,b'ssp245',3.5408704571607643,290.96246922722264,297.209609613186,281.5599071223562,b'2025-09-23/2025-09-29',1758585600
2703,25,25,83.16519760504002,0.0101707129615913,b'ACCESS-CM2',7,0.0001655287127618,341.87450544510153,173.53248045918008,b'ssp245',4.010058363555617,290.9617291493699,298.0312317638863,282.646115931069,b'2025-09-30/2025-10-06',1759190400
2703,25,25,81.84171337699226,0.0083140033087936,b'ACCESS-CM2',7,0.0002953204708642,338.88445114507914,129.32320923755395,b'ssp245',4.534790617871368,288.90193474002007,295.19231880001905,278.80666779308785,b'2025-10-07/2025-10-13',1759795200
2703,25,25,76.03492120084863,0.0064900646064079,b'ACCESS-CM2',7,0.0005292527368684,313.01856691579786,133.7120597653273,b'ssp245',5.220081521243585,284.93316650390625,293.9936333633051,274.89281668314123,b'2025-10-14/2025-10-20',1760400000
2703,25,25,79.23095005314526,0.0061525714474986,b'ACCESS-CM2',7,0.0004925256330033,305.56623771215567,125.4568788614838,b'ssp245',6.558446668997044,283.8552088720874,293.09143959603665,272.7113967523343,b'2025-10-21/2025-10-27',1761004800
2703,25,25,84.26068579112197,0.007791647813299,b'ACCESS-CM2',7,8.056909240256177e-05,316.923455215082,126.90906127238524,b'ssp245',5.017324729248207,286.70464678508483,295.09275222406154,276.56676911144723,b'2025-10-28/2025-11-03',1761609600
2703,25,25,82.80106101218833,0.0063797870938071,b'ACCESS-CM2',7,0.0003871074366122,314.854284359603,100.08798261635812,b'ssp245',5.766193313465718,283.68987037578944,292.7879951290968,275.00474473906735,b'2025-11-04/2025-11-10',1762214400
2703,25,25,81.77138614986833,0.006372816807944,b'ACCESS-CM2',7,0.0004786753450606,309.4150775018885,100.83896714054336,b'ssp245',6.679175408044344,283.46795819113066,291.906097784275,273.4399879269484,b'2025-11-11/2025-11-17',1762819200
2703,25,25,70.05721089565796,0.0035637031270365,b'ACCESS-CM2',7,2.013475376613038e-05,275.23579914478483,91.76857143495144,b'ssp245',7.401290737378058,277.0367246621162,287.0603868437977,271.3881478658537,b'2025-11-18/2025-11-24',1763424000
2703,25,25,72.59145380478704,0.0040298756065969,b'ACCESS-CM2',7,0.0001982388979529,280.82047822001925,88.10514929236436,b'ssp245',6.322441152579279,278.320579980724,288.54338780845086,272.65839590677405,b'2025-11-25/2025-12-01',1764028800
2703,25,25,77.26866627071794,0.0028452936027325,b'ACCESS-CM2',7,0.0002109928829084,261.63664857020365,75.29558708111169,b'ssp245',8.791306984133838,272.0249777870312,283.3517872880145,262.0463040979897,b'2025-12-02/2025-12-08',1764633600
2703,25,25,79.87246789167985,0.0023130160356459,b'ACCESS-CM2',7,9.573215550994249e-05,248.14175944045863,81.43104504043633,b'ssp245',6.261728185394501,269.5675337522288,276.8125714557927,261.9685423316026,b'2025-12-09/2025-12-15',1765238400
2703,25,25,77.75865792729714,0.0038444238397672,b'ACCESS-CM2',7,0.0005583223603306,276.1450417282689,74.4687485312751,b'ssp245',7.507432949667609,275.3357268011113,287.2578407845847,264.2390248368426,b'2025-12-16/2025-12-22',1765843200
2703,25,25,73.91386400282592,0.0028793600433301,b'ACCESS-CM2',7,0.0005555487446864,251.82317211403668,84.02149167210383,b'ssp245',7.437993140586163,272.7981412668262,284.4838130299638,264.909999568288,b'2025-12-23/2025-12-29',1766448000
2703,25,25,71.94720652377565,0.0034407292454558,b'ACCESS-CM2',7,0.0001841653562141,278.63552189205586,76.39320085106827,b'ssp245',5.828713782572996,276.91527852447194,282.06062614627007,272.0769482124143,b'2025-12-30/2026-01-05',1767052800
2703,25,25,72.20447118938594,0.0025795041123089,b'ACCESS-CM2',7,0.0003602448883034,264.2043191464521,76.55556677442812,b'ssp245',8.885036116277716,272.40295521805933,284.4981927639101,259.3867392191073,b'2026-01-06/2026-01-12',1767657600
2703,25,25,69.80263654861717,0.0032487164122921,b'ACCESS-CM2',7,0.0002941026886108,268.44813534939334,91.08622359564912,b'ssp245',6.047284912979977,275.4837649674366,282.49621619247813,266.93530943335554,b'2026-01-13/2026-01-19',1768262400
2703,25,25,68.84087638987897,0.0024913749268167,b'ACCESS-CM2',7,5.190747847142653e-05,245.68423257222997,105.44016784242638,b'ssp245',6.916263289567902,272.20604772268695,278.6769085395628,261.54981585246765,b'2026-01-20/2026-01-26',1768867200
2703,25,25,74.35172990805597,0.0026681496115167,b'ACCESS-CM2',7,0.0003520975829106,256.3363226647992,108.09149621172652,b'ssp245',8.323830064580832,272.491007469257,277.69998838843367,265.0382843017578,b'2026-01-27/2026-02-02',1769472000
2703,25,25,76.49719466897254,0.0028764726563667,b'ACCESS-CM2',7,0.0002098390673875,269.0620709196616,108.17033786308475,b'ssp245',5.622386586790717,273.1460888693142,280.79885715391583,265.6022227217512,b'2026-02-03/2026-02-09',1770076800
2703,25,25,78.58059298950623,0.0032768733665599,b'ACCESS-CM2',7,0.0002464563500325,272.12346564103507,118.72759164418078,b'ssp245',6.420165360596954,273.91400072051266,283.638301570241,263.34766146031825,b'2026-02-10/2026-02-16',1770681600
2703,25,25,72.96802970008984,0.0029461417653036,b'ACCESS-CM2',7,0.0004018102590263,255.20434703228784,135.0485150141168,b'ssp245',7.666608868575679,272.6989410613057,287.9172731725181,257.913580545565,b'2026-02-17/2026-02-23',1771286400
2703,25,25,70.22385346017234,0.0017945518979205,b'ACCESS-CM2',7,0.0001463692378549,227.1762150355748,162.87922971506154,b'ssp245',6.136448410745282,268.9245626735355,278.7849422547876,259.6981253275057,b'2026-02-24/2026-03-02',1771891200
2703,25,25,78.63654104757809,0.0044721788601001,b'ACCESS-CM2',7,0.0008323083960895,284.79518526190253,147.4086502022029,b'ssp245',7.1433890571993,277.90595928551016,288.7698152123428,266.637718758932,b'2026-03-03/2026-03-09',1772496000
2703,25,25,73.01676315546867,0.0029706697209692,b'ACCESS-CM2',7,0.00012534840061,246.20603993379285,182.64096465426456,b'ssp245',7.985980141453628,272.7420371451029,285.8791563452744,255.0968534888291,b'2026-03-10/2026-03-16',1773100800
2703,25,25,76.90987936544919,0.0036127338330309,b'ACCESS-CM2',7,0.0005132198115195,262.0378563113329,175.1721074041174,b'ssp245',5.9139760196832,275.9378936448579,283.8845292998524,269.154348233851,b'2026-03-17/2026-03-23',1773705600
2703,25,25,80.46980883767797,0.0046860294952786,b'ACCESS-CM2',7,0.0001895655784141,263.67439472052286,209.0710336505744,b'ssp245',5.360689680335415,278.6611405216444,289.8398035561167,267.4224622772962,b'2026-03-24/2026-03-30',1774310400
2703,25,25,80.44938190473498,0.0052744836874227,b'ACCESS-CM2',7,6.595840236777471e-05,277.5437719099198,217.2219862456106,b'ssp245',4.776325782832369,281.51098946494926,290.9611347477611,270.0787934093941,b'2026-03-31/2026-04-06',1774915200
2703,25,25,80.88880009269052,0.0060106031231594,b'ACCESS-CM2',7,0.0009013479545882,289.2383625415975,189.59746869183587,b'ssp245',6.760940192883855,282.31768107663464,292.22359708460374,269.0450100782441,b'2026-04-07/2026-04-13',1775520000
2703,25,25,78.52785870754761,0.0061290311604374,b'ACCESS-CM2',7,4.163236745617672e-05,285.624261038644,240.50130717845747,b'ssp245',5.409932139027825,284.1070068572041,293.6959150360852,274.0352537573838,b'2026-04-14/2026-04-20',1776124800
2703,25,25,74.13085082848315,0.0051131944175328,b'ACCESS-CM2',7,5.002581951330508e-06,264.9508945850545,267.0534121682835,b'ssp245',4.323024591917776,281.95183023592324,291.2396802204412,274.5981534632241,b'2026-04-21/2026-04-27',1776729600
2703,25,25,83.94397241147138,0.0070555276166036,b'ACCESS-CM2',7,0.0003838744062397,302.31520064616456,233.37240318803424,b'ssp245',4.461017922241929,285.3909305479469,290.9206252679593,277.61753547482374,b'2026-04-28/2026-05-04',1777334400
2703,25,25,76.51035498908173,0.0064635371946719,b'ACCESS-CM2',7,0.0003414598609712,298.3740569855694,262.63031487016315,b'ssp245',6.354063269984018,284.7402342155005,294.1053771972657,275.6918554538634,b'2026-05-05/2026-05-11',1777939200
2703,25,25,85.029035614758,0.0098221937960292,b'ACCESS-CM2',7,9.095253589849818e-05,313.7893244514067,300.456888896663,b'ssp245',4.336168672149605,289.58716740093166,297.2717910394436,281.653968997118,b'2026-05-12/2026-05-18',1778544000
2703,25,25,81.46408830702514,0.0091779452589589,b'ACCESS-CM2',7,0.0002161038498569,311.0037848176857,291.97355941612966,b'ssp245',4.23840723511234,289.2792361588428,297.6174104271866,279.7971009045113,b'2026-05-19/2026-05-25',1779148800
2703,25,25,87.83577780108835,0.0100070507872446,b'ACCESS-CM2',7,0.0005404231686196,332.63808337487416,252.3121841510414,b'ssp245',4.555224443977303,289.2954812930437,297.9909820556641,281.00993868199794,b'2026-05-26/2026-06-01',1779753600
2703,25,25,89.08248404260299,0.0119264532847634,b'ACCESS-CM2',7,0.0004026446533317,340.7382221820048,279.72021114867744,b'ssp245',3.938940792548948,291.62515466138467,299.49694935868433,283.12536062845373,b'2026-06-02/2026-06-08',1780358400
2703,25,25,84.03574109492818,0.0132813780919002,b'ACCESS-CM2',7,0.0002928042682559,351.57275172642306,300.50567379728847,b'ssp245',4.625676631927491,294.7918531039036,302.9723015761957,286.68307792849663,b'2026-06-09/2026-06-15',1780963200
2703,25,25,78.47634550087959,0.0128016591279763,b'ACCESS-CM2',7,0.0001989739637834,345.2294803313678,315.8686861044854,b'ssp245',4.516356070282568,294.7920128692734,303.35165405273443,285.6696974591511,b'2026-06-16/2026-06-22',1781568000
2703,25,25,83.90796586943837,0.0127999547216716,b'ACCESS-CM2',7,0.0003568639804137,350.82103593673446,288.3756376259834,b'ssp245',3.63339246731602,294.1948593618148,301.4886132217036,285.383182804759,b'2026-06-23/2026-06-29',1782172800
2703,25,25,83.9032828035255,0.0164581271446591,b'ACCESS-CM2',7,0.0002402832079613,373.7853331881533,307.5814401181318,b'ssp245',4.450422646691991,298.2673030946313,306.34484900497813,286.73802854956654,b'2026-06-30/2026-07-06',1782777600
2703,25,25,73.51217267903719,0.0125479381515251,b'ACCESS-CM2',7,6.332980579138165e-05,349.35479513028776,310.6962060164077,b'ssp245',4.684448508020062,295.38949148995545,305.55876941215706,285.2140569919494,b'2026-07-07/2026-07-13',1783382400
2703,25,25,92.1766255608004,0.016743470204001,b'ACCESS-CM2',7,0.0005237747899446,380.1700678702432,254.97353865460656,b'ssp245',5.057906536275087,297.51537240589954,303.52945169588423,285.5818306527487,b'2026-07-14/2026-07-20',1783987200
2703,25,25,84.18054268335217,0.0161679302770579,b'ACCESS-CM2',7,0.0003695487745911,375.7510181387128,268.0677662228043,b'ssp245',5.117317992220357,297.91939393153183,305.06362207924457,286.5570760587367,b'2026-07-21/2026-07-27',1784592000
2703,25,25,83.76320918013411,0.0155475521038321,b'ACCESS-CM2',7,0.0001992625274581,368.9068692303701,270.0137702862145,b'ssp245',4.091308305903179,297.3420880679885,303.355980477682,287.67968340617864,b'2026-07-28/2026-08-03',1785196800
2703,25,25,81.24827679358295,0.015335454454626,b'ACCESS-CM2',7,0.0002510193651495,368.1247372510957,261.7155954979023,b'ssp245',3.5876491123790943,297.1219925298924,305.777602405083,288.4970033226944,b'2026-08-04/2026-08-10',1785801600
2703,25,25,76.10488964705519,0.0135743802913078,b'ACCESS-CM2',7,1.2164702025750687e-06,356.7720319900779,266.3021985894712,b'ssp245',3.527614553838657,296.10711723088394,305.8468560939882,287.90529241794496,b'2026-08-11/2026-08-17',1786406400
2703,25,25,78.80045555194498,0.015005222435729,b'ACCESS-CM2',7,0.0001721800511335,370.1178419797679,239.1181224597041,b'ssp245',4.412631400370848,297.590314698967,306.373470399438,289.64678843428453,b'2026-08-18/2026-08-24',1787011200
2703,25,25,86.93725940823971,0.0152806928413773,b'ACCESS-CM2',7,0.0001563240395748,375.2858793145688,223.12036247120503,b'ssp245',3.406299581303414,296.80789046337384,304.11286554103947,287.4465946104469,b'2026-08-25/2026-08-31',1787616000
2703,25,25,79.42386612576476,0.013639321699998,b'ACCESS-CM2',7,0.0002592535315628,365.0626084065189,223.53633184133923,b'ssp245',4.2669693692636,296.3099637978584,304.2891961074457,284.70154180759346,b'2026-09-01/2026-09-07',1788220800
2703,25,25,74.33656237931203,0.0106681191560386,b'ACCESS-CM2',7,6.308105218318738e-05,341.4247653974474,216.7120506472704,b'ssp245',3.638950611656136,293.3934056085992,301.07747036073266,284.77088593273635,b'2026-09-08/2026-09-14',1788825600
2703,25,25,77.60702975867935,0.0105697508537914,b'ACCESS-CM2',7,0.0002630020930786,341.1002955420093,194.3274235609101,b'ssp245',4.967958618954915,292.6694050964994,301.4112507889911,283.5060644382384,b'2026-09-15/2026-09-21',1789430400
2703,25,25,80.87655801806302,0.0100459989471821,b'ACCESS-CM2',7,0.0006266986398835,342.2853971474678,177.90871178231592,b'ssp245',5.561429770358349,291.3719857245788,298.0415563815978,283.32232368283155,b'2026-09-22/2026-09-28',1790035200
2703,25,25,73.84466766729588,0.0070230619761222,b'ACCESS-CM2',7,0.0001122598853005,305.7225172727366,170.1083732631564,b'ssp245',5.893837801670779,286.8753052289477,295.9548496153297,278.758150426353,b'2026-09-29/2026-10-05',1790640000
2703,25,25,74.94830758231028,0.0074932797607488,b'ACCESS-CM2',7,0.0002000597373416,318.9948234956855,158.2990543485103,b'ssp245',6.331006055924951,286.88218768714614,297.43867604325465,276.2458879424305,b'2026-10-06/2026-10-12',1791244800
2703,25,25,77.55797760328765,0.0072665325275099,b'ACCESS-CM2',7,0.0002738924551251,309.1531097731109,146.31005069852293,b'ssp245',5.362190338377339,286.7168435020314,296.04544327898725,279.6787202416397,b'2026-10-13/2026-10-19',1791849600
2703,25,25,72.55165863037111,0.005083080669151,b'ACCESS-CM2',7,2.0019712927794225e-05,302.62535387630663,124.4038208752144,b'ssp245',5.560085745638672,282.5295507450968,287.88948877846326,275.95811760134814,b'2026-10-20/2026-10-26',1792454400
2703,25,25,73.28269321827109,0.0049848008676973,b'ACCESS-CM2',7,0.0001754558513283,289.87510936351606,118.3052819946502,b'ssp245',6.089072218340034,281.2900635722622,289.8415017476896,273.12233157274204,b'2026-10-27/2026-11-02',1793059200
2703,25,25,79.09409882548796,0.0051548833016123,b'ACCESS-CM2',7,0.0005751679451105,291.98762318149267,113.08997792898572,b'ssp245',6.638384660777315,280.5640101416185,291.42683633943886,271.14009689703227,b'2026-11-03/2026-11-09',1793664000
2703,25,25,79.32917644753275,0.0055762713325602,b'ACCESS-CM2',7,0.0003757816770987,301.9044006028658,101.13602140473157,b'ssp245',5.362444602238592,281.94085555126446,291.78939782119386,273.4363083257908,b'2026-11-10/2026-11-16',1794268800
2703,25,25,81.3967805789323,0.0047303015448944,b'ACCESS-CM2',7,0.0005417328872428,291.2724311642531,88.5309133496434,b'ssp245',8.17606232224441,278.69480061281854,288.8207974317598,268.9173509551258,b'2026-11-17/2026-11-23',1794873600
2703,25,25,78.09449086205885,0.0043401451601292,b'ACCESS-CM2',7,0.0004812545647886,287.334702787499,87.31413412592553,b'ssp245',6.0044763075765415,278.1612338820401,289.4137554633908,269.40551273997244,b'2026-11-24/2026-11-30',1795478400
2703,25,25,78.3451941752683,0.0047767573950539,b'ACCESS-CM2',7,0.000859663606845,285.60545107213466,77.58341693545883,b'ssp245',6.857226157852998,278.7925715961523,289.057520796613,268.7221270305355,b'2026-12-01/2026-12-07',1796083200
2703,25,25,67.6674018088949,0.0029176834732202,b'ACCESS-CM2',7,6.659036388993362e-05,261.1234602712173,76.47554430812079,b'ssp245',8.021254733049082,274.9494178054225,287.5968110619522,268.83813327696265,b'2026-12-08/2026-12-14',1796688000
2703,25,25,67.95258988569839,0.0024166230462371,b'ACCESS-CM2',7,9.967193345620972e-06,247.3340551130448,83.21662886882079,b'ssp245',7.021584487542874,272.36282173183326,279.22915240031915,258.03387153439405,b'2026-12-15/2026-12-21',1797292800
2703,25,25,73.76190731832791,0.0022956379616262,b'ACCESS-CM2',7,6.697704939042055e-05,241.8377381168592,82.54349182873239,b'ssp245',6.293161363967205,270.3949024585897,284.65310780595,260.2589829607708,b'2026-12-22/2026-12-28',1797897600
2703,25,25,75.2160680950311,0.0040048447284256,b'ACCESS-CM2',7,0.0002394755018253,281.2286800690229,82.47379081672909,b'ssp245',6.492300488807599,277.69344077293056,285.7458317454269,271.35531504561266,b'2026-12-29/2027-01-04',1798502400
2703,25,25,65.50417912047915,0.0028159950506136,b'ACCESS-CM2',7,2.5629012891341027e-06,244.49356900524185,99.20922096598024,b'ssp245',7.479173487487155,274.93970742042893,280.3872680664063,270.00327729015817,b'2027-01-05/2027-01-11',1799107200
2703,25,25,73.8374958370621,0.0030413340466447,b'ACCESS-CM2',7,0.000270448867059,275.7900361117586,80.06382760768984,b'ssp245',6.051700744894739,274.7949485645893,280.25211911085177,270.200201639315,b'2027-01-12/2027-01-18',1799712000
2703,25,25,74.8166183777387,0.0020945196091488,b'ACCESS-CM2',7,0.0003291490551639,250.8096089645545,92.1322344869687,b'ssp245',8.696881246899064,268.64214752941604,280.0654401081365,254.8310137492855,b'2027-01-19/2027-01-25',1800316800
2703,25,25,77.9635791977939,0.0025207142585738,b'ACCESS-CM2',7,0.0002271042571891,252.0736236040601,98.87142487768514,b'ssp245',7.340840665305534,270.0953641884834,282.981359714415,256.03426714641296,b'2027-01-26/2027-02-01',1800921600
2703,25,25,73.22264402170215,0.0025735036042057,b'ACCESS-CM2',7,0.0002807797972489,243.65693345551708,122.08326475960872,b'ssp245',7.0811932626916985,271.53667702492106,283.46792007074123,258.42489624023443,b'2027-02-02/2027-02-08',1801526400
2703,25,25,72.68771548387483,0.002888902842119,b'ACCESS-CM2',7,0.0002274071692319,249.9728692882153,132.90517985779235,b'ssp245',8.246446189149333,273.0447081456201,284.6176147460937,262.14995370260107,b'2027-02-09/2027-02-15',1802131200
2703,25,25,67.46844251812128,0.0023054515643577,b'ACCESS-CM2',7,4.807031528221936e-05,229.25679356378964,153.00209719295705,b'ssp245',7.361878356036411,271.6576693332154,278.1543039461462,260.6321820514959,b'2027-02-16/2027-02-22',1802736000
2703,25,25,76.9756288295839,0.0029439778466309,b'ACCESS-CM2',7,0.0009313671364055,254.6065610825808,141.56142792386046,b'ssp245',9.128840333493333,272.7425218641966,282.39001576493433,264.4509664395961,b'2027-02-23/2027-03-01',1803340800
2703,25,25,73.56356325714432,0.0029271087742682,b'ACCESS-CM2',7,0.0001802729187366,252.3400199172389,170.62954717230716,b'ssp245',5.690735105022737,273.5798189914185,284.73229385003816,264.44777363102617,b'2027-03-02/2027-03-08',1803945600
2703,25,25,73.37405832802378,0.0033707874863593,b'ACCESS-CM2',7,0.000515719862535,260.8081619581695,171.19665431644032,b'ssp245',8.711163833996975,275.7317067854081,286.26443928044023,267.122207269436,b'2027-03-09/2027-03-15',1804550400
2703,25,25,78.63675881096711,0.0043255844699439,b'ACCESS-CM2',7,0.0004361678236752,268.9907768063429,189.8719492124764,b'ssp245',6.301464261493616,278.4189074579432,287.29351360041926,270.4469649152058,b'2027-03-16/2027-03-22',1805155200
2703,25,25,69.81290892358443,0.0034044782447754,b'ACCESS-CM2',7,0.0002454732880655,244.4946569250021,221.54152143790748,b'ssp245',6.106357308630329,276.2340798726896,285.26565030725993,267.3376554163491,b'2027-03-23/2027-03-29',1805760000
2703,25,25,72.04086976931902,0.0034772126261267,b'ACCESS-CM2',7,0.0001245263123124,249.40210590960675,220.50247014275,b'ssp245',6.561529020814532,275.524319745107,284.45225599335464,266.60432322432354,b'2027-03-30/2027-04-05',1806364800
2703,25,25,69.54158478580702,0.0039681941635893,b'ACCESS-CM2',7,0.0002251144019997,255.69992004288204,226.79040381135843,b'ssp245',5.758367062445719,279.1257931911987,285.9178846405774,269.4086072968274,b'2027-04-06/2027-04-12',1806969600
2703,25,25,86.6714020439972,0.0060903488484759,b'ACCESS-CM2',7,0.0005818924794952,297.8250267214892,199.23081979518983,b'ssp245',4.296499490737916,282.2274735081902,288.6876812446408,274.82166643840515,b'2027-04-13/2027-04-19',1807574400
2703,25,25,83.3867810744442,0.006868118894017,b'ACCESS-CM2',7,0.000264070594731,288.72206804228995,236.96489625193104,b'ssp245',3.904688543974316,284.4276695650214,292.4148254394532,274.4893050775296,b'2027-04-20/2027-04-26',1808179200
2703,25,25,84.78183638675704,0.0077879158512263,b'ACCESS-CM2',7,0.0001813954286507,306.22542936212096,239.07559562975524,b'ssp245',4.150030210458444,286.457238546232,298.8832356522723,276.3602588932689,b'2027-04-27/2027-05-03',1808784000
2703,25,25,83.64060070290384,0.0094877158418193,b'ACCESS-CM2',7,0.0001067000996788,319.0226187888754,283.84014759661846,b'ssp245',5.796978663484395,289.6483848651528,300.36310484351185,279.61185622796785,b'2027-05-04/2027-05-10',1809388800
2703,25,25,78.0256040220892,0.0082918550658529,b'ACCESS-CM2',7,0.0001223160216583,299.363383861369,302.3858875713282,b'ssp245',5.890502206955223,288.0954050735314,300.3600728104754,275.2157570443503,b'2027-05-11/2027-05-17',1809993600
2703,25,25,81.50181360277982,0.0091860876613351,b'ACCESS-CM2',7,0.0003735671202093,310.0360194614956,303.179902478793,b'ssp245',4.110254832261115,289.4943188391497,297.5976052633146,280.10417361375767,b'2027-05-18/2027-05-24',1810598400
2703,25,25,86.79046630859376,0.0114431593142033,b'ACCESS-CM2',7,4.217520126671941e-05,330.0889982429531,313.56620211717564,b'ssp245',3.2299826946823447,291.9943999712476,301.1322940733375,280.5924146698743,b'2027-05-25/2027-05-31',1811203200
2703,25,25,76.82300344327601,0.0103167987587611,b'ACCESS-CM2',7,7.551311213647486e-05,319.9396988606204,334.2535823064399,b'ssp245',4.593485997113618,292.24629865373885,301.12303124404536,281.0260720601896,b'2027-06-01/2027-06-07',1811808000
2703,25,25,78.59923157376281,0.012229020997739,b'ACCESS-CM2',7,0.0001907625085346,346.83746220924303,295.9541432982124,b'ssp245',5.173954944162004,294.2851398215477,304.5427186547257,284.5549044725372,b'2027-06-08/2027-06-14',1812412800
2703,25,25,78.58421883931975,0.0127212803775139,b'ACCESS-CM2',7,0.0001497559086365,344.59670770625206,318.6257741575873,b'ssp245',4.477232198681982,294.93757453945045,303.94374940453514,286.0827714873523,b'2027-06-15/2027-06-21',1813017600
2703,25,25,81.44771625106759,0.0135033104782891,b'ACCESS-CM2',7,0.0003506074074097,361.1287732805525,283.1479968825284,b'ssp245',4.266017052354713,295.6589260300693,303.3417648687596,289.0299678895532,b'2027-06-22/2027-06-28',1813622400
2703,25,25,79.74177511394647,0.0142981181690267,b'ACCESS-CM2',7,0.0001928160865224,354.1592476874694,313.0328111548873,b'ssp245',4.027476612699156,296.218998287613,303.3181014642483,286.78694264481715,b'2027-06-29/2027-07-05',1814227200
2703,25,25,77.55760565036681,0.0156005581399548,b'ACCESS-CM2',7,7.458624369825786e-05,366.2572982203255,318.7874930245536,b'ssp245',3.971516395695119,298.1626126492065,308.4523862513101,289.00217754084895,b'2027-07-06/2027-07-12',1814832000
2703,25,25,83.42692806496439,0.0157434075019396,b'ACCESS-CM2',7,0.0002461490280535,364.6456237154971,294.8073756520342,b'ssp245',3.5109702415167248,297.46440411610894,306.4551681890721,286.4280149878525,b'2027-07-13/2027-07-19',1815436800
2703,25,25,92.71332256303847,0.0170271428697823,b'ACCESS-CM2',7,0.000326485928339,381.85992006308527,257.13491762805904,b'ssp245',3.653034043644364,297.7483170140496,305.7266477259194,290.96236214986664,b'2027-07-20/2027-07-26',1816041600
2703,25,25,87.56949168879812,0.0162756529893037,b'ACCESS-CM2',7,8.925399523098894e-05,371.28950718470986,274.6400330706341,b'ssp245',2.1904647225702267,297.3477529067196,304.71349762707223,287.8130467112472,b'2027-07-27/2027-08-02',1816646400
2703,25,25,85.21071595514279,0.0172189079023871,b'ACCESS-CM2',7,0.0003732767272181,383.7578691755022,252.1395360169095,b'ssp245',4.059454157792733,298.8289264851747,307.6783205357994,290.2032489311405,b'2027-08-03/2027-08-09',1817251200
2703,25,25,81.43596544166061,0.0133421171622071,b'ACCESS-CM2',7,0.0002541009620549,364.9090307680987,236.90598655993105,b'ssp245',4.609391793972109,295.46681059196027,305.7626543742855,288.39190971560595,b'2027-08-10/2027-08-16',1817856000
2703,25,25,84.03279451376886,0.0152938411317973,b'ACCESS-CM2',7,6.519824090701594e-05,369.9796997495645,241.8903523621244,b'ssp245',3.133445863939744,297.24430655768526,306.73311819681305,290.5862821253335,b'2027-08-17/2027-08-23',1818460800
2703,25,25,85.50319962717515,0.0153940230208847,b'ACCESS-CM2',7,0.000286160320293,380.1954808783448,208.1814076759259,b'ssp245',3.4902775237784573,297.3412282591498,305.8693255912968,289.0183343654726,b'2027-08-24/2027-08-30',1819065600
2703,25,25,88.71928970655914,0.0149177941363888,b'ACCESS-CM2',7,9.994687576824908e-05,374.1463620920216,207.8893071882401,b'ssp245',2.859692600545983,296.4287109906665,303.7554436660395,289.2769980081698,b'2027-08-31/2027-09-06',1819670400
2703,25,25,82.73606178735608,0.013728902456172,b'ACCESS-CM2',7,0.0004129013759831,365.6888669642007,205.862511053318,b'ssp245',4.055153735423338,295.89415950974524,305.1897776533918,286.2007033185261,b'2027-09-07/2027-09-13',1820275200
2703,25,25,78.57967552158478,0.011329096706279,b'ACCESS-CM2',7,6.439736979514902e-05,354.9587985580392,194.40104691242928,b'ssp245',4.759578515843648,293.6921846609083,302.81516582209895,284.27945169588423,b'2027-09-14/2027-09-20',1820880000
2703,25,25,79.20223359696128,0.0107527489648995,b'ACCESS-CM2',7,0.0002114437198696,348.043597922508,179.96682771157722,b'ssp245',5.736168976444817,292.2217111089089,302.4794266863568,280.8691402528344,b'2027-09-21/2027-09-27',1821484800
2703,25,25,85.31597851211602,0.0111505525812947,b'ACCESS-CM2',7,7.840451594458458e-06,336.7237726404277,191.75610651953295,b'ssp245',3.020583962106539,291.71644103153244,301.1425263939835,278.36076057248005,b'2027-09-28/2027-10-04',1822089600
2703,25,25,87.48207880478705,0.0104683083238709,b'ACCESS-CM2',7,0.0007645615991482,346.14503096205016,135.09073193646475,b'ssp245',4.292117041162498,290.7694742554987,297.5143912710795,281.1853038508718,b'2027-10-05/2027-10-11',1822694400
2703,25,25,82.95576180647477,0.0087748811132426,b'ACCESS-CM2',7,0.0002846432605866,334.36208292997674,145.1048597674752,b'ssp245',3.585233055756068,289.7076127321463,295.9590833710462,281.8364797452602,b'2027-10-12/2027-10-18',1823299200
2703,25,25,85.05819567902995,0.0084595223361437,b'ACCESS-CM2',7,7.96376106496064e-05,344.790893395188,121.92167860290316,b'ssp245',5.499080053189907,289.4130060282319,294.88587244545545,283.9881800209604,b'2027-10-19/2027-10-25',1823904000
2703,25,25,80.01287791288689,0.0075881762433316,b'ACCESS-CM2',7,0.0009329304191581,323.5187210455174,101.88632478614304,b'ssp245',6.402096910759132,287.26281653214835,293.63151736375767,278.4240521686834,b'2027-10-26/2027-11-01',1824508800
2703,25,25,70.94594919556941,0.0043333265427434,b'ACCESS-CM2',7,2.1455553877224068e-05,282.06090606795794,114.0701022663183,b'ssp245',6.297107780436607,279.5157933783448,289.26375821741624,272.4382532631479,b'2027-11-02/2027-11-08',1825113600
2703,25,25,77.6968881959284,0.0055064912021438,b'ACCESS-CM2',7,0.0002444558320091,293.8289907634881,109.39038622919276,b'ssp245',4.773894833355415,282.16185024141856,290.8434667819884,272.999518045565,b'2027-11-09/2027-11-15',1825718400
2703,25,25,76.78999902811617,0.0055700680679066,b'ACCESS-CM2',7,0.0004987157846008,302.29387760494643,83.51842100030454,b'ssp245',6.942030540742111,280.7326449616861,292.19943423387485,270.4548667349467,b'2027-11-16/2027-11-22',1826323200
2703,25,25,76.18570741793006,0.0059801700893295,b'ACCESS-CM2',7,0.0001895316148759,305.1638115008949,84.23481317181206,b'ssp245',6.549655351073901,282.26638368613214,292.4819838361043,268.2769604194455,b'2027-11-23/2027-11-29',1826928000
2703,25,25,75.56508188546744,0.0047453582450708,b'ACCESS-CM2',7,0.0001118510232927,283.8502139845792,84.03158542088102,b'ssp245',6.6409535748618,279.30380839171727,291.5222703887196,270.51031196408155,b'2027-11-30/2027-12-06',1827532800
2703,25,25,72.85951549250906,0.0034770368702242,b'ACCESS-CM2',7,7.69447015513362e-05,270.6112226692227,73.81230733120483,b'ssp245',7.524722211452312,276.19799560121544,283.1830734625096,269.74733752739144,b'2027-12-07/2027-12-13',1828137600
2703,25,25,72.500318480701,0.0039640986603986,b'ACCESS-CM2',7,0.000480242655273,271.16117465454533,76.45111205602772,b'ssp245',6.798303189593326,276.5174502063712,289.11003373308887,265.9936653695456,b'2027-12-14/2027-12-20',1828742400
2703,25,25,77.02605104612557,0.0029225063667217,b'ACCESS-CM2',7,0.0006008482443974,258.8129565940086,75.94404835318856,b'ssp245',8.137755421395918,272.068943728138,285.6523162097466,261.6578160727897,b'2027-12-21/2027-12-27',1829347200
2703,25,25,77.2937751863061,0.0028755676503477,b'ACCESS-CM2',7,0.0002798743759834,269.69256448247296,74.3461645372238,b'ssp245',7.710192066451816,272.4630986655631,280.5726757514768,258.83562823039733,b'2027-12-28/2028-01-03',1829952000
2703,25,25,76.7010517452652,0.002034481236174,b'ACCESS-CM2',7,0.000319094267545,237.19881864541088,90.5066250791118,b'ssp245',7.282920705316791,268.84118269544865,277.8586414616283,261.6897408089987,b'2028-01-04/2028-01-10',1830556800
2703,25,25,77.85835474791843,0.0015610971204929,b'ACCESS-CM2',7,3.1961636286373594e-05,232.40507834298276,93.70981401184297,b'ssp245',7.236061163480274,266.1611991643075,278.1679296726134,259.70711089343564,b'2028-01-11/2028-01-17',1831161600
2703,25,25,86.36867826242482,0.0024806558449009,b'ACCESS-CM2',7,0.0010540436821439,262.35612745650553,75.20831648397946,b'ssp245',11.373781018971568,268.5318695493692,280.66737254072984,257.74848230873664,b'2028-01-18/2028-01-24',1831766400
2703,25,25,78.57555980881749,0.0021666055125385,b'ACCESS-CM2',7,0.0004848316411649,243.73910578285785,104.65792166148331,b'ssp245',8.098369790286554,268.3532770136923,282.0600057462367,258.27490048292213,b'2028-01-25/2028-01-31',1832371200
2703,25,25,81.31527694010984,0.0020255224737873,b'ACCESS-CM2',7,0.0001098007837768,230.67158712991855,132.69439162942177,b'ssp245',10.665607154161677,266.98940285074593,280.8104002417588,256.6535882717226,b'2028-02-01/2028-02-07',1832976000
2703,25,25,78.42349486400857,0.0040019021027977,b'ACCESS-CM2',7,0.0004795880395457,288.5178167097245,106.57132420556472,b'ssp245',6.574662608136699,276.9765426688909,286.28120980611664,269.4583222924209,b'2028-02-08/2028-02-14',1833580800
2703,25,25,82.63319454791238,0.0045337032123942,b'ACCESS-CM2',7,0.0004460712166623,290.36440035191987,120.12007982473344,b'ssp245',6.520708649831368,277.47021117526066,286.46912737590515,263.31942153558504,b'2028-02-15/2028-02-21',1834185600
2703,25,25,75.38606014982749,0.0026806509280447,b'ACCESS-CM2',7,0.0006977346512475,242.90241190946892,153.412546084733,b'ssp245',6.944746687021821,271.9664848939052,281.6559667819884,264.7014576981708,b'2028-02-22/2028-02-28',1834790400
2703,25,25,75.9684785118502,0.0029651800035466,b'ACCESS-CM2',7,6.414884127710184e-05,248.6408767700196,167.98558655848487,b'ssp245',7.810407194110991,272.54211521480977,281.08692038931497,256.03099115883435,b'2028-02-29/2028-03-06',1835395200
2703,25,25,79.08264408709695,0.0035620653833089,b'ACCESS-CM2',7,0.0003584245368049,260.3384836442795,165.47789094506243,b'ssp245',7.3561921032463635,275.3771573375742,283.3744506835938,266.3751086723514,b'2028-03-07/2028-03-13',1836000000
2703,25,25,71.54639678051248,0.0033188507756711,b'ACCESS-CM2',7,0.0003538250533779,246.72281263929628,191.1993113926479,b'ssp245',6.74256373033291,275.33477953335967,288.1811579262338,266.614889377501,b'2028-03-14/2028-03-20',1836604800
2703,25,25,77.45529439972668,0.0046998455573703,b'ACCESS-CM2',7,0.0007395361002122,274.2549536834611,199.33606587054425,b'ssp245',7.7165564938289375,278.3532009855796,293.8534839909252,264.6227141589653,b'2028-03-21/2028-03-27',1837209600
2703,25,25,79.03141536114525,0.0052221120519316,b'ACCESS-CM2',7,0.0001843392314956,278.4139707611829,204.34973117948,b'ssp245',6.506910438736973,280.83901536257014,291.6049116181165,271.37653816037067,b'2028-03-28/2028-04-03',1837814400
2703,25,25,84.16209193638394,0.0057091781129664,b'ACCESS-CM2',7,0.0001296430594937,286.75777262511576,212.54574460019637,b'ssp245',5.118653564918333,282.242018270991,288.83009301162355,273.71959965403494,b'2028-04-04/2028-04-10',1838419200
2703,25,25,90.66642475460466,0.0069231088597729,b'ACCESS-CM2',7,0.0002297001920916,315.1046196276303,196.79263372122207,b'ssp245',5.003975172076077,284.8148717049522,289.8165927049591,279.56836421315273,b'2028-04-11/2028-04-17',1839024000
2703,25,25,81.06143023660375,0.0064272066774592,b'ACCESS-CM2',7,0.0001063192622736,288.94295679816804,238.50774981668192,b'ssp245',4.109103139684591,284.66092684543094,290.8536302520008,277.727131913348,b'2028-04-18/2028-04-24',1839628800
2703,25,25,81.29565270187963,0.0071758307769686,b'ACCESS-CM2',7,5.604080364467631e-05,286.1597983330385,273.9595247594322,b'ssp245',4.231171940677258,285.4778673125477,297.17891860589754,275.789784129073,b'2028-04-25/2028-05-01',1840233600
2703,25,25,86.59935622265115,0.0085936671971482,b'ACCESS-CM2',7,0.0002732669612191,321.4905395507813,219.03549305985615,b'ssp245',5.322385605203982,287.9287503338857,297.5446673137386,280.93306490270106,b'2028-05-02/2028-05-08',1840838400
2703,25,25,97.16679782402224,0.0115822398506156,b'ACCESS-CM2',7,0.0003782426122531,358.14990149308585,216.45206812948305,b'ssp245',3.1381002598107903,291.2089166940297,297.5249968738091,285.33988357171785,b'2028-05-09/2028-05-15',1841443200
2703,25,25,80.84611240081256,0.0091606457401326,b'ACCESS-CM2',7,2.1952974636265885e-05,315.7245372280427,291.8676505271566,b'ssp245',4.001095706785183,289.85332709654705,297.54375699671306,278.98836573158826,b'2028-05-16/2028-05-22',1842048000
2703,25,25,82.84092450557272,0.0103042193668981,b'ACCESS-CM2',7,0.0005967003238799,324.85129459394403,282.7771910557764,b'ssp245',3.988724648744803,290.9032278027684,299.7966271377192,280.48495892780585,b'2028-05-23/2028-05-29',1842652800
2703,25,25,96.458457494862,0.0128862303860147,b'ACCESS-CM2',7,0.0007361910958888,367.0408188025711,191.36805528381564,b'ssp245',4.760106356717153,293.29249142105164,297.0112952255621,289.4132947223943,b'2028-05-30/2028-06-05',1843257600
2703,25,25,93.0778115169512,0.013123657987599,b'ACCESS-CM2',7,0.000664088381732,359.400521255121,237.79830419560344,b'ssp245',3.901264370941535,293.43914725805416,300.0960570544732,287.2193640732184,b'2028-06-06/2028-06-12',1843862400
2703,25,25,81.5403830897102,0.0140087703139056,b'ACCESS-CM2',7,0.0001320564186718,354.2567896826343,311.7129816194861,b'ssp245',4.095255166603714,296.26539595866456,304.02232919088226,287.2807918641626,b'2028-06-13/2028-06-19',1844467200
2703,25,25,85.37054543046587,0.0119928957047492,b'ACCESS-CM2',7,1.841733351682349e-05,339.7674557356885,313.88463611137576,b'ssp245',3.516331717112339,292.818708306821,301.0918519555069,285.1059265136719,b'2028-06-20/2028-06-26',1845072000
2703,25,25,87.10530069065427,0.0138944851215084,b'ACCESS-CM2',7,0.0002987856738946,357.6908103065624,285.70425130598227,b'ssp245',4.05148652123242,294.9476233824621,302.22058998666165,288.5683456048733,b'2028-06-27/2028-07-03',1845676800
2703,25,25,84.68462421005198,0.0151973879483985,b'ACCESS-CM2',7,2.041124098429146e-05,362.2830187967015,318.0601944873557,b'ssp245',2.5123096324425545,296.72360229492193,304.8066741199028,286.83211870891296,b'2028-07-04/2028-07-10',1846281600
2703,25,25,72.06079906370583,0.0132531470242718,b'ACCESS-CM2',7,3.943727141629449e-05,349.8521863026902,322.38964359934744,b'ssp245',3.830804470939504,296.5249596040839,306.1823589045827,285.8131568722609,b'2028-07-11/2028-07-17',1846886400
2703,25,25,79.07161805687883,0.0131482026857755,b'ACCESS-CM2',7,0.000184218526158,348.0871736214136,286.2423372966488,b'ssp245',2.8964869762131564,295.01411395455074,301.313840540444,287.66796502834416,b'2028-07-18/2028-07-24',1847491200
2703,25,25,82.56199554283862,0.0177676389529288,b'ACCESS-CM2',7,0.0001527996098213,385.4123751543957,279.2691099319724,b'ssp245',4.657649665344053,300.0635356836618,309.3148617628144,290.2343489484089,b'2028-07-25/2028-07-31',1848096000
2703,25,25,77.94234439969479,0.0145153538113011,b'ACCESS-CM2',7,5.2002319164037526e-05,361.16734383081314,273.6889167280563,b'ssp245',4.027752533606952,296.8853235543813,303.83964166408634,287.8824831334556,b'2028-08-01/2028-08-07',1848700800
2703,25,25,86.91179468241305,0.015497925996339,b'ACCESS-CM2',7,0.00030919067764,371.8956072870448,234.0108123938797,b'ssp245',3.045626693486337,297.0445934122864,303.33942245855565,288.8602201880479,b'2028-08-08/2028-08-14',1849305600
2703,25,25,76.01050572943606,0.0140221847224499,b'ACCESS-CM2',7,0.0001284609530312,359.49156258081314,257.2969378694009,b'ssp245',3.5429408230432657,296.6833471637155,305.1591156750191,287.4405156577506,b'2028-08-15/2028-08-21',1849910400
2703,25,25,78.99024389180575,0.0139053275578294,b'ACCESS-CM2',7,0.0003615303208514,370.0026709792506,222.3682509365813,b'ssp245',4.902565129127238,296.19763316510034,308.005962092702,286.1737745331555,b'2028-08-22/2028-08-28',1850515200
2703,25,25,85.74515132040098,0.0139508378409653,b'ACCESS-CM2',7,0.0001241373202247,366.72944247681096,208.3607450478584,b'ssp245',3.372735674372949,295.36255680310194,302.84707418302213,287.4876943448695,b'2028-08-29/2028-09-04',1851120000
2703,25,25,82.10214689301282,0.0140471949220962,b'ACCESS-CM2',7,0.0001335749366622,367.85445364177855,213.305524819404,b'ssp245',3.8437536466827793,296.3576181657639,305.5104064941406,281.72370910644537,b'2028-09-05/2028-09-11',1851724800
2703,25,25,80.73235124328826,0.0126488823995305,b'ACCESS-CM2',7,0.0004284038220148,362.11842452524434,183.23092582250723,b'ssp245',4.774204581872097,294.6584302523411,303.738976827482,282.2231262951363,b'2028-09-12/2028-09-18',1852329600
2703,25,25,78.05101556811185,0.0098802905224704,b'ACCESS-CM2',7,0.0003362336229689,342.2866404463606,175.38024894368775,b'ssp245',6.098997636954544,290.99901439919296,301.06591908524683,280.58925275104804,b'2028-09-19/2028-09-25',1852934400
2703,25,25,79.93433878563009,0.008793250537552,b'ACCESS-CM2',7,0.0002211216158553,319.94405341065305,181.3580246503345,b'ssp245',4.973389080177201,289.4095597217308,298.1793142179164,281.3206738727849,b'2028-09-26/2028-10-02',1853539200
2703,25,25,80.8423237950129,0.0084306809926268,b'ACCESS-CM2',7,0.000255035010643,325.11600528943006,162.08519763481328,b'ssp245',4.493573925636372,288.0731705722078,295.9119072890864,276.6389282970894,b'2028-10-03/2028-10-09',1854144000
2703,25,25,85.40605125028499,0.0097829968934612,b'ACCESS-CM2',7,5.2979932869711446e-05,341.5889957972936,150.64875590095124,b'ssp245',4.755458370318396,290.5991869670589,297.022700612138,277.11470068954844,b'2028-10-10/2028-10-16',1854748800
2703,25,25,82.6223900691973,0.0083670857750229,b'ACCESS-CM2',7,0.0003508403253218,319.32398152102166,144.20488919779817,b'ssp245',3.957326343250607,288.1901812403875,296.65995937440454,279.5009862388053,b'2028-10-17/2028-10-23',1855353600
2703,25,25,70.41117305954991,0.0053597596532402,b'ACCESS-CM2',7,1.4131578427553707e-05,290.5613512311664,133.665935104317,b'ssp245',6.6808863691336615,283.4165918968281,291.9145835318217,274.9828573087367,b'2028-10-24/2028-10-30',1855958400
2703,25,25,82.63308000730721,0.0080790346575972,b'ACCESS-CM2',7,0.0001319290283024,324.7551682635052,123.04263174076948,b'ssp245',5.077877960553984,287.2016736605442,296.37123889457894,278.01213594762294,b'2028-10-31/2028-11-06',1856563200
2703,25,25,88.25653910886122,0.0085008860669562,b'ACCESS-CM2',7,0.0004337218675812,340.17272784402564,97.3868961932352,b'ssp245',5.824619511694029,286.43340702920847,295.0994649747523,271.50222629454083,b'2028-11-07/2028-11-13',1857168000
2703,25,25,85.81397195477105,0.0068997915928293,b'ACCESS-CM2',7,0.0005665020996119,328.3274268705255,78.28176976911699,b'ssp245',6.153410715508544,283.27356797062146,292.3584315602373,270.2512929032489,b'2028-11-14/2028-11-20',1857772800
2703,25,25,70.77214393216975,0.0038103654101256,b'ACCESS-CM2',7,8.960193616597958e-06,265.68251715470694,98.5742334904156,b'ssp245',6.452851440017647,277.9123325680192,288.1963474924972,270.7390828946742,b'2028-11-21/2028-11-27',1858377600
2703,25,25,81.70921013330334,0.0050838018697766,b'ACCESS-CM2',7,0.0007362651887087,292.10835789803434,82.17543596008514,b'ssp245',4.899017439902037,279.9741357145409,289.5302194734899,272.7618672440692,b'2028-11-28/2028-12-04',1858982400
2703,25,25,81.74156416251685,0.0043606181310177,b'ACCESS-CM2',7,0.0003942705874434,296.1721908622503,70.06498721584627,b'ssp245',7.844921532408286,278.95195746338743,285.8163895025486,273.56592317906825,b'2028-12-05/2028-12-11',1859587200
2703,25,25,78.97417372859731,0.0028791824442525,b'ACCESS-CM2',7,0.0003521340221777,264.9527107797018,74.10781581891955,b'ssp245',7.94977927706383,272.5812156756996,280.4352323950791,260.74126415717893,b'2028-12-12/2028-12-18',1860192000
2703,25,25,79.574680727118,0.0035637028743301,b'ACCESS-CM2',7,0.0006929343105278,280.1736884831552,71.747414525793,b'ssp245',7.638157717026901,275.08015069728947,283.9251697819408,266.44189378691885,b'2028-12-19/2028-12-25',1860796800
2703,25,25,73.5387543203108,0.0028339312332746,b'ACCESS-CM2',7,0.0005779996233941,259.2590783149108,80.813197896871,b'ssp245',7.967198366902847,272.7433978356551,283.0256254614854,266.26099228277445,b'2028-12-26/2029-01-01',1861401600
2703,25,25,80.62229173773258,0.0027288845853834,b'ACCESS-CM2',7,0.0002680970077917,258.35805538057866,80.38228986653719,b'ssp245',7.514522622271282,271.8253448698994,280.1496083329364,264.3501799048448,b'2029-01-02/2029-01-08',1862006400
2703,25,25,75.57983878265274,0.0032520054207582,b'ACCESS-CM2',7,0.0004209591801523,277.4788518500245,77.02987852993745,b'ssp245',6.225009747913907,274.26293945312506,284.87456344976664,263.7693157661252,b'2029-01-09/2029-01-15',1862611200
2703,25,25,79.79009052768401,0.0025727864517505,b'ACCESS-CM2',7,0.0002932459814689,257.99448830740795,88.82813392532829,b'ssp245',7.92061672725744,269.4726935728917,284.2152672744379,249.1431758229326,b'2029-01-16/2029-01-22',1863216000
2703,25,25,77.15100864583192,0.0039284387542557,b'ACCESS-CM2',7,9.791627994808648e-05,279.6630439891218,101.99659892490932,b'ssp245',7.08562398039921,276.73630366840433,286.1134234172542,255.1497333805736,b'2029-01-23/2029-01-29',1863820800
2703,25,25,67.83055233706166,0.0028895418222941,b'ACCESS-CM2',7,4.490415545367035e-06,245.9382044562895,130.9808457803228,b'ssp245',7.139715743397171,273.7671811838184,285.54574510527823,255.31264160900585,b'2029-01-30/2029-02-05',1864425600
2703,25,25,73.61984974665094,0.0024733111691881,b'ACCESS-CM2',7,0.0002363403451828,245.8041679302575,133.48995628755685,b'ssp245',6.244617006504578,270.99006009517234,284.6246743551115,259.02070729325465,b'2029-02-06/2029-02-12',1865030400
2703,25,25,76.35301119442188,0.0031291830421583,b'ACCESS-CM2',7,0.0003250356777497,260.00003660514386,124.57192578465268,b'ssp245',8.158037386704821,272.9601259663545,284.0648572968274,261.82356783238856,b'2029-02-13/2029-02-19',1865635200
2703,25,25,75.67921962139916,0.0024765821332792,b'ACCESS-CM2',7,0.0003013662037216,245.51876780546505,136.8386063060694,b'ssp245',9.2825342794744,271.2302129127424,277.98837912954934,261.7943401801877,b'2029-02-20/2029-02-26',1866240000
2703,25,25,75.59125995303695,0.0028279333319417,b'ACCESS-CM2',7,0.0002999910005648,256.8832795943948,142.6931597347459,b'ssp245',8.59710947727908,272.02304874646126,288.0946874851133,258.2691836473419,b'2029-02-27/2029-03-05',1866844800
2703,25,25,75.9681809787551,0.0033576980708588,b'ACCESS-CM2',7,0.00024529115588,265.30997762115163,155.957239436771,b'ssp245',5.6570037582610135,274.7307090626361,280.72713675150067,264.7497971697552,b'2029-03-06/2029-03-12',1867449600
2703,25,25,84.222310322087,0.0039405029876325,b'ACCESS-CM2',7,0.0004524899027695,276.970078710895,153.43913294297064,b'ssp245',6.869518312427642,275.71479318864675,284.26702657560026,263.4403507883956,b'2029-03-13/2029-03-19',1868054400
2703,25,25,82.6209554506096,0.0041562013688272,b'ACCESS-CM2',7,0.0002673525618296,272.40253754193776,183.54048866511224,b'ssp245',6.892647449978553,276.9512415762978,284.1304652516435,262.6770414026773,b'2029-03-20/2029-03-26',1868659200
2703,25,25,76.56362542873477,0.0038309055009372,b'ACCESS-CM2',7,0.0005224445856031,261.56050181638074,187.17247704429496,b'ssp245',7.160721210652528,276.43852382752954,286.49458834020106,259.87001968011623,b'2029-03-27/2029-04-02',1869264000
2703,25,25,87.08211910766178,0.0055101745346567,b'ACCESS-CM2',7,0.0005902022374492,296.2284565570048,182.5151032637221,b'ssp245',5.912846533678967,279.5822559316815,291.81829089653206,266.3838206965749,b'2029-04-03/2029-04-09',1869868800
2703,25,25,74.81113487004404,0.0043339540967749,b'ACCESS-CM2',7,0.0001572993410734,261.5979045110297,233.60385791100697,b'ssp245',6.463176207675337,278.30888483665547,288.8682846441502,265.3521080947504,b'2029-04-10/2029-04-16',1870473600
2703,25,25,78.09118163211836,0.0051712041784836,b'ACCESS-CM2',7,0.0001420392293346,280.7041993091331,227.2029403527024,b'ssp245',5.404333770898162,280.6847384250123,288.57820129394537,271.1135480927258,b'2029-04-17/2029-04-23',1871078400
2703,25,25,87.80712998287188,0.0082144415101769,b'ACCESS-CM2',7,0.001353613636413,314.53956221205027,213.8672419558004,b'ssp245',5.477115241908031,286.5663859935588,294.41420578375096,274.7733251059928,b'2029-04-24/2029-04-30',1871683200
2703,25,25,86.5650026540723,0.0095719784726988,b'ACCESS-CM2',7,0.0002053671798785,316.8987687273724,272.4650091244369,b'ssp245',5.866823448536705,288.88326319252576,297.9923639064882,277.5334658739044,b'2029-05-01/2029-05-07',1872288000
2703,25,25,79.9884825782909,0.0083154807814789,b'ACCESS-CM2',7,2.8503232230740743e-05,293.3220260035286,310.1707355618893,b'ssp245',3.777011723883892,288.40395597132243,297.05132982207505,280.19540107540973,b'2029-05-08/2029-05-14',1872892800
2703,25,25,86.59926205146606,0.01080810175949,b'ACCESS-CM2',7,0.0003534289585053,326.8334720093199,282.6553544898482,b'ssp245',4.511841234014425,291.69960394138246,299.2742506818074,283.40198758753337,b'2029-05-15/2029-05-21',1873497600
2703,25,25,81.59944486451897,0.0096671671739646,b'ACCESS-CM2',7,0.0001611361996492,321.2433548771131,277.9700833097983,b'ssp245',3.4615702338334997,290.3700167027916,297.58452364293544,282.4260793546351,b'2029-05-22/2029-05-28',1874102400
2703,25,25,82.52091562623346,0.0119164935507866,b'ACCESS-CM2',7,0.0002361103405163,341.4442643222078,301.64877609093435,b'ssp245',5.647841408277638,293.6195334723603,301.5904916902868,283.7775715153393,b'2029-05-29/2029-06-04',1874707200
2703,25,25,79.37340970986396,0.012382281382766,b'ACCESS-CM2',7,6.511253392277651e-05,340.57639187802846,324.58151845898783,b'ssp245',4.233181359460546,294.2833773516612,304.9462857130098,283.2752737650057,b'2029-06-05/2029-06-11',1875312000
2703,25,25,78.48056019640136,0.0124621722207952,b'ACCESS-CM2',7,0.0003019791361555,341.2223590491957,312.3803818068023,b'ssp245',4.140969286812307,294.6729594905202,306.1910913979136,283.3461955000715,b'2029-06-12/2029-06-18',1875916800
2703,25,25,83.5405531560918,0.0152008736437958,b'ACCESS-CM2',7,5.1441190344047074e-05,367.03207838743,312.69123276767004,b'ssp245',3.808264385532419,297.03326602098423,308.55379095310127,286.4804218571361,b'2029-06-19/2029-06-25',1876521600
2703,25,25,76.8527144854077,0.0138697085451035,b'ACCESS-CM2',7,5.133478423103828e-05,361.5244960984287,291.96076712791097,b'ssp245',4.547172651889018,296.6286807176544,307.61363852896346,286.6707719012005,b'2029-06-26/2029-07-02',1877126400
2703,25,25,88.2158986799393,0.0178086141202247,b'ACCESS-CM2',7,0.0004957967079373,387.33959376105867,280.4141528033214,b'ssp245',4.143071673057636,299.4778471624395,307.2359563315788,288.8621148830507,b'2029-07-03/2029-07-09',1877731200
2703,25,25,80.07481357694088,0.0167370538863284,b'ACCESS-CM2',7,4.755697986888802e-05,372.45518637201934,318.2060400135426,b'ssp245',4.013619787601645,299.1803409696041,310.43281852908257,290.5926312702459,b'2029-07-10/2029-07-16',1878336000
2703,25,25,87.64902659824918,0.0199721112509845,b'ACCESS-CM2',7,0.0002050720287183,397.9770434974379,269.2498195528569,b'ssp245',5.966719117314144,302.39840724825444,309.691917977682,294.6652005823647,b'2029-07-17/2029-07-23',1878940800
2703,25,25,77.52623304838919,0.0165943412811134,b'ACCESS-CM2',7,8.569302127764277e-05,372.47075023053,302.89888521520106,b'ssp245',2.996394832790521,299.6857960132772,307.6111025926544,290.0444629948314,b'2029-07-24/2029-07-30',1879545600
2703,25,25,84.56157451722682,0.0171262160063646,b'ACCESS-CM2',7,0.0001843656936848,375.64925653012375,262.7988832852567,b'ssp245',3.64863266097544,298.8347473144532,306.57969702743907,289.39545049899965,b'2029-07-31/2029-08-06',1880150400
2703,25,25,84.12142218613043,0.0174805760815193,b'ACCESS-CM2',7,0.0002364933519081,387.30042880918927,245.35585686554063,b'ssp245',3.8308633923115214,299.31699517545803,310.61082235196744,289.5192904588653,b'2029-08-07/2029-08-13',1880755200
2703,25,25,79.51960512486902,0.0158319783945428,b'ACCESS-CM2',7,9.397307532410258e-05,377.32885880420434,241.1759308339827,b'ssp245',3.4644328679772625,299.06321306926446,310.77558936142344,291.1642083889101,b'2029-08-14/2029-08-20',1881360000
2703,25,25,80.39294264790075,0.0143701311911517,b'ACCESS-CM2',7,0.0003602219318343,359.36475295223016,240.7156976573559,b'ssp245',3.822376936154914,296.7497148148274,305.25323114162546,286.9975768298638,b'2029-08-21/2029-08-27',1881964800
2703,25,25,86.92287314810405,0.017112235373165,b'ACCESS-CM2',7,9.028824981960608e-05,383.0194223649826,221.40637510080373,b'ssp245',3.5607670724184257,299.12672706098925,306.27548850454946,290.8992916200219,b'2029-08-28/2029-09-03',1882569600
2703,25,25,82.11724155705151,0.0145375244952218,b'ACCESS-CM2',7,0.000100514513279,368.6618311014741,215.8156873855857,b'ssp245',3.971925009833812,297.31142747194514,305.7723314238758,286.4773615395151,b'2029-09-04/2029-09-10',1883174400
2703,25,25,82.22074220238663,0.0123018940922054,b'ACCESS-CM2',7,0.0001481177310544,366.9693486017633,182.5201656594094,b'ssp245',4.534698385394824,293.913678690947,302.78162365424924,283.83472647318024,b'2029-09-11/2029-09-17',1883779200
2703,25,25,77.37400586596765,0.0095873360922851,b'ACCESS-CM2',7,0.0002023580096708,326.91287273978526,198.22122665564777,b'ssp245',3.8302728087229183,290.6915007800591,299.4101458293636,279.45314100312027,b'2029-09-18/2029-09-24',1884384000
2703,25,25,77.15020560553683,0.0094623829924439,b'ACCESS-CM2',7,7.881660615001282e-06,331.1879657386488,182.10587062237573,b'ssp245',3.441452998940538,291.3971056256976,300.35136376357667,282.6811538324124,b'2029-09-25/2029-10-01',1884988800
2703,25,25,86.45248830443062,0.0117923451347425,b'ACCESS-CM2',7,4.3016114982918914e-05,357.0464207984845,165.1114118356738,b'ssp245',3.647727068916016,292.6428200326315,301.2089683718798,283.06048472334703,b'2029-10-02/2029-10-08',1885593600
2703,25,25,70.1591265209876,0.00727486169089,b'ACCESS-CM2',7,3.280705621642096e-05,308.6815660323832,167.44690785424635,b'ssp245',5.481771548035254,288.13380410862305,298.8455739835414,274.19362361256674,b'2029-10-09/2029-10-15',1886198400
2703,25,25,68.05966562676512,0.0062880276098769,b'ACCESS-CM2',7,2.2407432638525988e-05,299.86971195234247,157.58024488176622,b'ssp245',5.679772616678831,286.05146826767344,296.00918839617475,276.19421014553166,b'2029-10-16/2029-10-22',1886803200
2703,25,25,78.97897209938397,0.0071972628077004,b'ACCESS-CM2',7,0.0005373110069433,315.986996215395,129.84247598415467,b'ssp245',5.960299772252605,285.7845982674523,294.86135417659114,275.4857103301258,b'2029-10-23/2029-10-29',1887408000
2703,25,25,78.11148052680785,0.0074136195864969,b'ACCESS-CM2',7,0.0004231266396211,315.3868546967723,123.10110408503836,b'ssp245',6.5963793187191255,286.1242789557587,295.793430979659,276.9575746117569,b'2029-10-30/2029-11-05',1888012800
2703,25,25,83.32322633058767,0.0071627378515664,b'ACCESS-CM2',7,0.0001106031013131,312.4850647291656,116.13633855626972,b'ssp245',3.9671974668104064,285.38489194863354,292.695415217702,276.54302569133483,b'2029-11-06/2029-11-12',1888617600
2703,25,25,75.83778682403033,0.0040535387986271,b'ACCESS-CM2',7,0.0002589156283779,278.8984180410565,95.0633981418942,b'ssp245',5.764895479022834,276.35700706987024,292.337988876715,267.3437619092988,b'2029-11-13/2029-11-19',1889222400
2703,25,25,78.84234123362899,0.0043815291212475,b'ACCESS-CM2',7,7.695540267856174e-05,289.3250468715974,82.46649382587927,b'ssp245',7.594301321780642,279.0592375432988,285.89212892113665,271.6975525646675,b'2029-11-20/2029-11-26',1889827200
2703,25,25,78.19978337836184,0.0035367027490532,b'ACCESS-CM2',7,0.0002124961464903,274.8669537268449,78.08858248747185,b'ssp245',7.055293714958617,275.37268199322534,283.67244292468564,269.0197802287777,b'2029-11-27/2029-12-03',1890432000
2703,25,25,77.79042689891642,0.0039002910026799,b'ACCESS-CM2',7,0.0002423047614362,280.2885489912399,78.64380452358765,b'ssp245',5.008395918985692,276.6500515821504,284.7703470369665,270.77828421243805,b'2029-12-04/2029-12-10',1891036800
2703,25,25,81.72514619727585,0.0041937534458032,b'ACCESS-CM2',7,0.0006250736705845,292.4234396372938,67.86751255341109,b'ssp245',6.521473737128521,277.04968102219215,285.8680914902106,268.3559674518865,b'2029-12-11/2029-12-17',1891641600
2703,25,25,74.98282006559474,0.0034345789724889,b'ACCESS-CM2',7,0.0004509710539233,281.30690034341313,71.15355185930738,b'ssp245',7.48656143211737,276.2496263457508,281.5708115740521,271.9098019483613,b'2029-12-18/2029-12-24',1892246400
2703,25,25,73.81162731157363,0.0027555788068898,b'ACCESS-CM2',7,0.0001009066464064,259.77568580547694,77.16003350846029,b'ssp245',6.31261925954852,272.69271026505,281.35197076564884,266.6481650747904,b'2029-12-25/2029-12-31',1892851200
2801,25,19,70.21945072844038,0.0028526828312197,b'ACCESS-CM2',6,3.107885013970992e-05,272.70894026670834,79.67636754435878,b'ssp245',11.40979414259661,274.5684079952992,280.2217689432124,268.93124849052845,b'2024-12-31/2025-01-06',1735603200
2801,25,19,75.54730666434527,0.0031146926307526,b'ACCESS-CM2',7,0.0003101563122614,269.9190359979914,96.96351092641804,b'ssp245',9.501755525439568,273.60225165348083,286.0741580429898,261.2394481371808,b'2025-01-07/2025-01-13',1736208000
2801,25,19,77.69685235441007,0.0041425788210712,b'ACCESS-CM2',7,0.0005616372639263,296.956787039058,90.74423167379588,b'ssp245',9.169675487893334,277.9754680862075,286.84771137852823,269.95508764123406,b'2025-01-14/2025-01-20',1736812800
2801,25,19,72.25303374494094,0.0040624276702699,b'ACCESS-CM2',7,0.0005245072293574,299.78859069636707,94.250610527355,b'ssp245',8.296600081038,278.4757320562266,286.925770421182,269.39979438371563,b'2025-01-21/2025-01-27',1737417600
2801,25,19,76.17055035662908,0.0035998224736421,b'ACCESS-CM2',7,0.0003680779502208,277.55850299419166,108.89801174228276,b'ssp245',10.640657670303792,275.4174285748038,288.53169234080985,264.8053579022808,b'2025-01-28/2025-02-03',1738022400
2801,25,19,72.14541563277238,0.0027612113481824,b'ACCESS-CM2',7,0.0001838707760025,257.7091499246577,117.00781062488,b'ssp245',11.619240489789789,273.6105662637409,282.34385500672045,267.1262627058132,b'2025-02-04/2025-02-10',1738627200
2801,25,19,71.64767563874088,0.0032524223412213,b'ACCESS-CM2',7,0.0004977877947734,260.426266859204,136.26698098131405,b'ssp245',9.771807286047167,275.85425418789305,282.9844816474505,269.59928713562664,b'2025-02-11/2025-02-17',1739232000
2801,25,19,71.30815608527071,0.0033786663887149,b'ACCESS-CM2',7,8.203972130386759e-05,281.18768151161674,129.06399407218314,b'ssp245',10.413510114549675,276.8001077537712,281.52031125304524,269.1142263104839,b'2025-02-18/2025-02-24',1739836800
2801,25,19,72.86855492540586,0.0035405831476573,b'ACCESS-CM2',7,0.0003306122987632,277.6889432329919,141.31861912599908,b'ssp245',8.219649910377468,276.4647013815134,285.49211038568967,266.4010698872228,b'2025-02-25/2025-03-03',1740441600
2801,25,19,78.6468771540441,0.0039627740900682,b'ACCESS-CM2',7,0.0003516229503224,278.82837769586007,157.16631468320224,b'ssp245',9.704249814175608,277.36817114107805,286.3806405016171,269.8921804120464,b'2025-03-04/2025-03-10',1741046400
2801,25,19,77.22652127079884,0.0041695914739819,b'ACCESS-CM2',7,0.0008056290349052,286.1655661821732,139.50196738763157,b'ssp245',9.499624213498493,278.21088124639977,288.0910204815608,268.2344074864542,b'2025-03-11/2025-03-17',1741651200
2801,25,19,79.69642860658709,0.0044609013005672,b'ACCESS-CM2',7,0.0002934443816317,299.5867915702855,137.8727087088261,b'ssp245',8.895434936253888,279.1103224981399,283.5082325268818,273.78264888640376,b'2025-03-18/2025-03-24',1742256000
2801,25,19,76.38693893596691,0.0047555119425097,b'ACCESS-CM2',7,0.0002428338404846,294.755611062233,180.41912875783427,b'ssp245',7.255620409999209,280.86265908518146,289.48621425833755,274.1212151640205,b'2025-03-25/2025-03-31',1742860800
2801,25,19,80.21885421565419,0.0052307774824234,b'ACCESS-CM2',7,0.0004781728278742,285.64308372767107,197.53736623128256,b'ssp245',10.60616645285611,281.3793286207818,288.3728355489752,274.76422578545026,b'2025-04-01/2025-04-07',1743465600
2801,25,19,81.56179638465612,0.0056765359853566,b'ACCESS-CM2',7,8.174913704010999e-05,291.459949803975,208.1600611814156,b'ssp245',7.4669768035686515,282.591317641204,287.6171323714718,277.1070546796245,b'2025-04-08/2025-04-14',1744070400
2801,25,19,89.4199919810493,0.0074268012334765,b'ACCESS-CM2',7,0.0002238658719942,312.16446208807366,210.64780354536444,b'ssp245',6.8058010781049365,285.2707152945289,291.2693110640331,277.8756290558846,b'2025-04-15/2025-04-21',1744675200
2801,25,19,88.32989616804227,0.0075032933752485,b'ACCESS-CM2',7,0.0003930345652987,315.5513004238522,212.936270929152,b'ssp245',5.768572446937386,285.19748149819094,291.92270488123745,277.1542499501218,b'2025-04-22/2025-04-28',1745280000
2801,25,19,96.92424671038324,0.0095712389902836,b'ACCESS-CM2',7,0.0007453154171294,349.59358348934336,180.3556572815973,b'ssp245',5.920984646142353,287.88135773502006,292.65745823357696,282.5313546785745,b'2025-04-29/2025-05-05',1745884800
2801,25,19,73.1997787897488,0.006053751970451,b'ACCESS-CM2',7,4.930237586841244e-05,298.96217071955107,247.7999761203467,b'ssp245',7.0694324545413485,284.2660799978699,291.4643013246598,277.31997319703464,b'2025-05-06/2025-05-12',1746489600
2801,25,19,87.5118604270361,0.0091186793272121,b'ACCESS-CM2',7,5.9131080071418646e-05,307.6515266664566,287.5548048825125,b'ssp245',3.639262784827506,288.3069478165353,295.1756060200353,283.7413356329805,b'2025-05-13/2025-05-19',1747094400
2801,25,19,90.43239307550058,0.0105691099862714,b'ACCESS-CM2',7,0.0001834829287903,329.79289529217374,270.13555952737227,b'ssp245',5.104113965173654,289.9692222020959,295.32983070291505,285.0084422121766,b'2025-05-20/2025-05-26',1747699200
2801,25,19,84.52330646426996,0.0105589938803522,b'ACCESS-CM2',7,9.173521043951265e-05,319.3637878136701,330.15982421312464,b'ssp245',5.207015824208063,291.17448821412074,297.5691334714172,284.86370455834174,b'2025-05-27/2025-06-02',1748304000
2801,25,19,90.06574039488528,0.0117800910477905,b'ACCESS-CM2',7,0.0005655447387827,353.7117106588572,245.32886869603408,b'ssp245',6.472624030530729,291.5885528236307,297.966810985278,284.2122500840054,b'2025-06-03/2025-06-09',1748908800
2801,25,19,86.99310533608526,0.0127722943607951,b'ACCESS-CM2',7,0.0001228048888307,345.32217857255364,318.3242892779513,b'ssp245',4.853749969954132,293.68352924587174,300.3109970913139,288.0796242990802,b'2025-06-10/2025-06-16',1749513600
2801,25,19,90.61796095184468,0.0141787640364144,b'ACCESS-CM2',7,0.0002482917023957,350.9822920698175,296.1850711570541,b'ssp245',4.255083251109321,294.6483720583118,299.4234717584426,289.40035223191785,b'2025-06-17/2025-06-23',1750118400
2801,25,19,92.31456785890548,0.0156499404222711,b'ACCESS-CM2',7,0.0001173530995414,366.4686036468834,298.3071654710902,b'ssp245',4.901261330017114,295.84030132616,302.6014276319935,290.01907611149613,b'2025-06-24/2025-06-30',1750723200
2801,25,19,87.11386178715439,0.0154717649989825,b'ACCESS-CM2',7,4.240540251422251e-05,360.3101018621442,307.2229203606531,b'ssp245',4.346401959520332,296.61094222530244,302.4644270045783,290.9809747511341,b'2025-07-01/2025-07-07',1751328000
2801,25,19,79.73133084814303,0.014173805333113,b'ACCESS-CM2',7,0.0003361732372585,351.325431249475,311.08352797079016,b'ssp245',5.05739638076583,296.5332687542003,302.1651532573085,290.52589170394407,b'2025-07-08/2025-07-14',1751932800
2801,25,19,91.25123776671708,0.0168551099164762,b'ACCESS-CM2',7,0.0002214506298165,379.8831846175655,276.8139909313571,b'ssp245',6.354249760119414,297.3931786790605,301.8178340132519,291.54023398122484,b'2025-07-15/2025-07-21',1752537600
2801,25,19,85.80159363402383,0.015964391694251,b'ACCESS-CM2',7,0.0002950309085108,369.0656810942151,298.8730726813391,b'ssp245',3.626574124425604,297.5373234668269,301.33828636907765,293.2436913931241,b'2025-07-22/2025-07-28',1753142400
2801,25,19,87.16847618091309,0.0161675818396099,b'ACCESS-CM2',7,0.0004909988538376,371.9895725045153,268.64438485000545,b'ssp245',4.779391957867531,297.3938066098731,302.59092006888443,292.35103320049984,b'2025-07-29/2025-08-04',1753747200
2801,25,19,88.67782968969391,0.0166660270720902,b'ACCESS-CM2',7,0.0006388377775806,377.92563184981344,233.58584929904265,b'ssp245',5.346829169356878,297.5340904786657,302.8667835522724,292.1455855831024,b'2025-08-05/2025-08-11',1754352000
2801,25,19,83.14874892227478,0.0134246441537081,b'ACCESS-CM2',7,7.042045180063509e-05,361.7523376652357,248.96328592373663,b'ssp245',5.6280948482167705,295.30942808464744,299.26373422274025,290.7302393759451,b'2025-08-12/2025-08-18',1754956800
2801,25,19,85.19564841602987,0.0139364583071566,b'ACCESS-CM2',7,0.000193921433286,358.85658777474265,234.264876616166,b'ssp245',5.099625162631503,295.5511689310616,299.519024264428,290.3363982169859,b'2025-08-19/2025-08-25',1755561600
2801,25,19,81.71592513170843,0.0125305401604799,b'ACCESS-CM2',7,0.0001493763191312,353.97404838597174,238.41680601152223,b'ssp245',3.5807945241210284,294.5755229897214,298.8728273453252,289.4638422484039,b'2025-08-26/2025-09-01',1756166400
2801,25,19,78.87771660355013,0.0120542234950019,b'ACCESS-CM2',7,0.0001225725101948,356.67724112468204,223.94973979897216,b'ssp245',6.63551573965773,294.09309075468326,301.17943449943294,284.52339320028983,b'2025-09-02/2025-09-08',1756771200
2801,25,19,86.3202869280509,0.0120193382808094,b'ACCESS-CM2',7,0.0011647782585865,370.54591892318615,165.84527516401678,b'ssp245',5.7058012207166025,292.65227272982975,299.37834347960774,285.17269372427336,b'2025-09-09/2025-09-15',1757376000
2801,25,19,79.70084827030493,0.0110797748848017,b'ACCESS-CM2',7,0.000472582019495,353.3900492444017,195.32070657990863,b'ssp245',5.105688045284899,293.12515685378867,298.7303545551916,286.81946719590053,b'2025-09-16/2025-09-22',1757980800
2801,25,19,88.8991202780728,0.011340814120438,b'ACCESS-CM2',7,0.0006305521534349,369.6514441611763,150.12550116098058,b'ssp245',5.000892056481264,291.8841524138795,297.1001229234921,285.5903543451781,b'2025-09-23/2025-09-29',1758585600
2801,25,19,84.32497551327661,0.01068699749447,b'ACCESS-CM2',7,0.0001566045432558,348.1766201318134,177.49663708946125,b'ssp245',4.8095398461946886,291.8684984901534,297.1774567634829,285.72483218613496,b'2025-09-30/2025-10-06',1759190400
2801,25,19,82.78468928652059,0.0091570102267779,b'ACCESS-CM2',7,0.000512324658667,354.3255618984616,130.65443420410156,b'ssp245',6.058781900713521,289.9433859079481,295.69233851278983,281.95381279401886,b'2025-10-07/2025-10-13',1759795200
2801,25,19,75.02391427270096,0.0070968130596279,b'ACCESS-CM2',7,0.0004023920663191,325.6279464698241,134.33783273066976,b'ssp245',6.481933443593907,286.93541224138346,294.3137846915953,278.2510438324303,b'2025-10-14/2025-10-20',1760400000
2801,25,19,80.18818325857231,0.0070849752029297,b'ACCESS-CM2',7,0.000633921958368,320.8369581746982,129.23168985158802,b'ssp245',7.989708077889252,285.98096818821404,293.3142539403772,276.33410644531256,b'2025-10-21/2025-10-27',1761004800
2801,25,19,87.25308089248962,0.0083308179588121,b'ACCESS-CM2',7,0.0003259040574119,323.76900710707986,129.7712151780839,b'ssp245',6.761921008061704,287.8377311460434,293.25518470682124,280.0846153997606,b'2025-10-28/2025-11-03',1761609600
2801,25,19,80.79566245364704,0.0067290085261993,b'ACCESS-CM2',7,0.000357908764003,330.66321157054057,107.52648630449848,b'ssp245',8.03303059198523,285.0796723490304,292.87993006552426,276.9059103688886,b'2025-11-04/2025-11-10',1762214400
2801,25,19,80.88062096521053,0.0065089609408135,b'ACCESS-CM2',7,0.0005580646348576,316.55354067660335,107.38511547551543,b'ssp245',8.436456982441213,284.43023409748224,291.9970407793599,275.8982258458292,b'2025-11-11/2025-11-17',1762819200
2801,25,19,74.43697225919334,0.0041703147836567,b'ACCESS-CM2',7,0.0001018334555185,300.0141270603819,83.74825995894987,b'ssp245',8.662020612239106,278.8794385965702,288.937248968309,273.64114051736817,b'2025-11-18/2025-11-24',1763424000
2801,25,19,70.29349183230539,0.0041927237624441,b'ACCESS-CM2',7,0.0001516817856841,295.9566778836346,89.94267352641819,b'ssp245',7.932050788457493,279.88350113782286,288.48707596973713,274.88964449974804,b'2025-11-25/2025-12-01',1764028800
2801,25,19,75.70827350528559,0.0033098136399587,b'ACCESS-CM2',7,0.0002613627884515,283.8907866353447,65.13244791221327,b'ssp245',11.164385455727762,274.9264464957008,286.712650422127,266.4266649471816,b'2025-12-02/2025-12-08',1764633600
2801,25,19,74.41228156961422,0.0028586876224554,b'ACCESS-CM2',7,0.0001829436021059,273.5071681384484,75.58719051378664,b'ssp245',7.812163569044592,273.5521397275676,280.2354280205183,266.81713998445906,b'2025-12-09/2025-12-15',1765238400
2801,25,19,78.61353202386204,0.0040408890667913,b'ACCESS-CM2',7,0.000328008860679,284.87024096885955,78.41693233015351,b'ssp245',9.734040749604068,276.95709008189027,287.4357214486727,268.8228018155662,b'2025-12-16/2025-12-22',1765843200
2801,25,19,73.60199418192452,0.0030418122662932,b'ACCESS-CM2',7,0.0004331524066292,267.66764569026174,87.99366583289456,b'ssp245',9.864669144977624,274.41136504611296,284.4035142467868,268.0163885957451,b'2025-12-23/2025-12-29',1766448000
2801,25,19,72.67852478496124,0.0034991234838504,b'ACCESS-CM2',7,0.000304874836159,295.2724247945619,77.5551606572352,b'ssp245',7.432351194402224,277.20271814583634,282.45074003486224,273.5279078329763,b'2025-12-30/2026-01-05',1767052800
2801,25,19,72.25012402746901,0.0027174595090704,b'ACCESS-CM2',7,0.000299168691991,284.14083168510285,68.75676514585996,b'ssp245',10.821491173335486,273.57494095247097,284.27423686365927,264.2646658292381,b'2026-01-06/2026-01-12',1767657600
2801,25,19,70.53735780496201,0.0033202363001453,b'ACCESS-CM2',7,0.000225173806022,280.17639879733554,99.50493702690724,b'ssp245',7.852918128996584,276.30775196175057,283.7653391848329,269.7351556593372,b'2026-01-13/2026-01-19',1768262400
2801,25,19,69.07745981875654,0.0026297999868532,b'ACCESS-CM2',7,5.1800606172950246e-05,257.6781141102406,107.10862031107492,b'ssp245',8.750984334725938,273.3624732607887,279.4919207173009,264.2276683520246,b'2026-01-20/2026-01-26',1768867200
2801,25,19,76.12849623157133,0.0029678003409713,b'ACCESS-CM2',7,0.0003847490986205,270.2867882841377,110.72415791641916,b'ssp245',10.2229331462614,273.9144371020996,281.08339896253364,267.125720936765,b'2026-01-27/2026-02-02',1769472000
2801,25,19,78.21484416018252,0.0032488639972897,b'ACCESS-CM2',7,0.000271276278357,288.3753840480166,109.69261230374994,b'ssp245',6.948675171753962,274.6511971609933,281.80663045247394,268.48035225816955,b'2026-02-03/2026-02-09',1770076800
2801,25,19,79.63175307477492,0.0035088212514001,b'ACCESS-CM2',7,0.0002163434180014,285.98237691899783,120.01687963107766,b'ssp245',8.217069745979368,275.56347942205804,283.3659418577789,267.4715277559014,b'2026-02-10/2026-02-16',1770681600
2801,25,19,73.65171192831342,0.0031186268490004,b'ACCESS-CM2',7,0.0003936390361967,266.83178582023,132.62340961110573,b'ssp245',8.90043702836044,274.8458514938706,286.8556075557586,262.5246326077369,b'2026-02-17/2026-02-23',1771286400
2801,25,19,67.31382439726143,0.00212322767075,b'ACCESS-CM2',7,0.0002252895991996,251.1797751852994,151.7125427902386,b'ssp245',7.361254410077167,272.3385465419787,280.16388201969926,263.6568531323505,b'2026-02-24/2026-03-02',1771891200
2801,25,19,79.02908940469067,0.0044489145216698,b'ACCESS-CM2',7,0.000878045967489,294.3489251437092,147.77773309523062,b'ssp245',8.977239360457741,278.46581445275,286.7427154869161,268.374017859018,b'2026-03-03/2026-03-09',1772496000
2801,25,19,76.03279941166235,0.0034756991599532,b'ACCESS-CM2',7,0.0001367612155348,255.71180842292665,183.89142867643528,b'ssp245',9.873183035813904,275.47454163628976,285.7220764160157,262.4524089854251,b'2026-03-10/2026-03-16',1773100800
2801,25,19,77.45336293514973,0.0040275829496539,b'ACCESS-CM2',7,0.0006687820989911,278.7020355787146,167.58441759803878,b'ssp245',7.208794344405426,277.7902056669127,284.28917406964047,269.4476594002016,b'2026-03-17/2026-03-23',1773705600
2801,25,19,79.75752893497686,0.0047084958880521,b'ACCESS-CM2',7,0.000144554438847,265.09171945598274,214.47949380479105,b'ssp245',6.473787227900165,279.61465674428166,287.0406172557544,270.9317853373866,b'2026-03-24/2026-03-30',1774310400
2801,25,19,80.30972673266716,0.0053354352955833,b'ACCESS-CM2',7,0.0001026852430517,277.8689297443162,219.82632223618563,b'ssp245',5.704212876508862,282.0527005290839,288.78368812479,273.1275779149866,b'2026-03-31/2026-04-06',1774915200
2801,25,19,82.49685574017361,0.0057629235957916,b'ACCESS-CM2',7,0.0007550535745504,295.76098192159304,193.47789021388,b'ssp245',8.00981041985906,282.1671840122768,290.04120299636674,271.0325386293473,b'2026-04-07/2026-04-13',1775520000
2801,25,19,81.70545727426556,0.0063034869206871,b'ACCESS-CM2',7,9.731531307996684e-05,287.71992347353984,241.38353699949295,b'ssp245',6.459976713412003,284.11621698476205,291.095692296182,276.32826118059063,b'2026-04-14/2026-04-20',1776124800
2801,25,19,74.52529602519562,0.0052492829417371,b'ACCESS-CM2',7,8.687758260064113e-06,268.41618668282274,263.07698677871633,b'ssp245',6.079104278127902,282.19574874666984,288.6865467358661,276.8868273663265,b'2026-04-21/2026-04-27',1776729600
2801,25,19,84.81504471364293,0.0071654610554708,b'ACCESS-CM2',7,0.0004968953694997,306.60543363837786,230.2241923014323,b'ssp245',6.206296809807351,285.24385349724884,290.0785282914357,278.4736013104839,b'2026-04-28/2026-05-04',1777334400
2801,25,19,80.36734130671864,0.0070634420443262,b'ACCESS-CM2',7,0.0005651579483505,309.0430942424065,254.12161641626315,b'ssp245',7.481001250754853,285.35638188656577,293.9994221348917,277.2879330214634,b'2026-05-05/2026-05-11',1777939200
2801,25,19,90.75660209831555,0.0100215806750245,b'ACCESS-CM2',7,0.0001779561808072,321.52031078426523,293.69253392373366,b'ssp245',5.051720202793175,289.24669491347447,294.8396445653772,282.7203201786165,b'2026-05-12/2026-05-18',1778544000
2801,25,19,85.19281290643228,0.0095637164317563,b'ACCESS-CM2',7,0.0002214746856104,312.83760462232084,290.8438681559996,b'ssp245',5.019145092107185,289.4656947732155,294.51012527301754,283.89875973937336,b'2026-05-19/2026-05-25',1779148800
2801,25,19,88.6184827860233,0.0105602827020412,b'ACCESS-CM2',7,0.0009486702149851,337.3047047979821,257.5881985665833,b'ssp245',5.7863455514570905,290.0892022245674,295.54485394877776,282.5472677907636,b'2026-05-26/2026-06-01',1779753600
2801,25,19,92.2500458701232,0.0123034793863533,b'ACCESS-CM2',7,0.000179333457517,341.6991113525016,290.76311475340674,b'ssp245',5.211126174062445,291.8060201946675,298.6366157121556,286.17110221616684,b'2026-06-02/2026-06-08',1780358400
2801,25,19,89.8895966138708,0.0133721120326497,b'ACCESS-CM2',7,0.0003154563452648,351.35073960358466,292.7225835187828,b'ssp245',5.765174002508231,293.79860067294305,298.8951790102067,287.89264441049227,b'2026-06-09/2026-06-15',1780963200
2801,25,19,86.2184311827207,0.0135676073362498,b'ACCESS-CM2',7,8.86446305770276e-05,348.12735200990363,309.7764387702063,b'ssp245',4.967720638954878,294.65389949019243,300.91573046612484,288.41977617817537,b'2026-06-16/2026-06-22',1781568000
2801,25,19,86.29405101067094,0.0132043704078653,b'ACCESS-CM2',7,0.0002172523487642,352.02211633732065,295.181133451916,b'ssp245',4.342382857327088,294.20475133846065,299.5613505045573,288.32512213594174,b'2026-06-23/2026-06-29',1782172800
2801,25,19,89.08110654628773,0.0159804488527952,b'ACCESS-CM2',7,6.5871874544512e-05,367.842544438469,302.5684329265823,b'ssp245',5.8585089897413605,296.6133688649824,302.2375891900832,288.9543283113869,b'2026-06-30/2026-07-06',1782777600
2801,25,19,79.99724997243574,0.0139702820403646,b'ACCESS-CM2',7,3.757435367164831e-05,353.19900339246715,321.60596945392007,b'ssp245',5.113497683529481,295.9836791898432,302.3341415569347,289.64207343645,b'2026-07-07/2026-07-13',1783382400
2801,25,19,93.7830250237578,0.0169193775875181,b'ACCESS-CM2',7,0.0003082196186072,377.1822838849187,271.31014048961634,b'ssp245',5.47470830296225,297.2230624947497,301.6565630512853,290.2441744240382,b'2026-07-14/2026-07-20',1783987200
2801,25,19,87.5174323930169,0.0164110617963925,b'ACCESS-CM2',7,0.0003769415704432,375.7383943666145,275.16928747502345,b'ssp245',6.123397920904439,297.68934774325555,302.014634655368,291.8071541734921,b'2026-07-21/2026-07-27',1784592000
2801,25,19,87.01743086948191,0.0162772128555906,b'ACCESS-CM2',7,4.363333114344353e-05,368.0233874811738,287.45948001609605,b'ssp245',4.311957491524575,297.6551865256877,301.87422524729084,293.3939405871976,b'2026-07-28/2026-08-03',1785196800
2801,25,19,86.52358838856313,0.0162225442776848,b'ACCESS-CM2',7,0.0004035700590534,371.9307321762343,258.8782215264902,b'ssp245',4.621977402501026,297.24653177803384,302.56223452988496,292.4070575673093,b'2026-08-04/2026-08-10',1785801600
2801,25,19,82.02005846342915,0.0143587490080207,b'ACCESS-CM2',7,1.3366495299134166e-05,363.1747031028737,262.59242187593753,b'ssp245',5.38559536230729,296.3465369908675,302.1638715190272,291.1016422394784,b'2026-08-11/2026-08-17',1786406400
2801,25,19,86.38489532470703,0.0158903725436686,b'ACCESS-CM2',7,0.0002182379391345,373.8948216592112,237.55980934342296,b'ssp245',5.503811579146143,297.04332858552954,302.6119351951025,291.53868677282844,b'2026-08-18/2026-08-24',1787011200
2801,25,19,89.88719054191344,0.0155552847614188,b'ACCESS-CM2',7,8.303099360605474e-05,380.08177538987496,221.2712949878793,b'ssp245',4.362386211272209,296.8108411750853,301.45259570049984,291.76251286332325,b'2026-08-25/2026-08-31',1787616000
2801,25,19,86.36446013794884,0.0145697938764722,b'ACCESS-CM2',7,0.0003618791757131,372.8705036966117,213.2361641457553,b'ssp245',5.021362270993938,296.1711840182772,301.98922631048384,288.9284434985089,b'2026-09-01/2026-09-07',1788220800
2801,25,19,74.48608083768924,0.0112409142508369,b'ACCESS-CM2',7,2.8279090886898595e-05,349.02983264366424,215.65083219232284,b'ssp245',4.37741903299194,294.9614536736602,299.7372886083459,289.4243410172001,b'2026-09-08/2026-09-14',1788825600
2801,25,19,76.67965200163437,0.0112584002899683,b'ACCESS-CM2',7,0.0004708957281706,351.0762798350344,193.5061209425216,b'ssp245',6.154562729294949,294.19272464687737,300.42577599966404,288.474598218036,b'2026-09-15/2026-09-21',1789430400
2801,25,19,81.40817790463589,0.0110717072822553,b'ACCESS-CM2',7,0.0005751079275793,355.139163156442,177.25364414338142,b'ssp245',6.920766071972943,292.978988483388,297.94452855920275,286.6087659610216,b'2026-09-22/2026-09-28',1790035200
2801,25,19,73.82216629051759,0.0079744800920962,b'ACCESS-CM2',7,0.0001949117125251,320.58917433215726,162.4526879681237,b'ssp245',7.619577196885913,288.94125525596144,296.7527370657972,281.48987177366854,b'2026-09-29/2026-10-05',1790640000
2801,25,19,76.40421877625168,0.0081554077474111,b'ACCESS-CM2',7,0.0001563660838972,327.2256249868741,165.80608772242675,b'ssp245',8.317078199987222,288.42222470988145,297.3472532867104,280.0876146542129,b'2026-10-06/2026-10-12',1791244800
2801,25,19,76.1511222616685,0.0077169658408747,b'ACCESS-CM2',7,0.000242520662625,321.1746142690632,143.16770076019242,b'ssp245',7.090429363895305,288.07193035354265,295.7635412728915,281.69877870621224,b'2026-10-13/2026-10-19',1791849600
2801,25,19,70.32745864094677,0.0054995429898095,b'ACCESS-CM2',7,6.152040900138602e-05,320.8722753568728,119.96980565740584,b'ssp245',6.987038007712768,284.2939851119221,290.6744650563886,278.31562329364084,b'2026-10-20/2026-10-26',1792454400
2801,25,19,73.20032185966154,0.0056598184325556,b'ACCESS-CM2',7,0.0003969241969239,314.84014892578125,107.8812504078386,b'ssp245',7.820776125619306,283.763427078083,290.7588402532763,277.9445498886929,b'2026-10-27/2026-11-02',1793059200
2801,25,19,78.75184875113258,0.005933535988793,b'ACCESS-CM2',7,0.0006076624824905,314.13804061584943,109.29119337465724,b'ssp245',8.529483160115607,283.6768968526486,292.0733350528184,275.23336070070985,b'2026-11-03/2026-11-09',1793664000
2801,25,19,78.21610751056816,0.0059547356155324,b'ACCESS-CM2',7,0.0002174801557623,317.52451799102647,104.29602411741853,b'ssp245',6.932152078997705,283.5000129383281,292.1090406192247,274.9923719180528,b'2026-11-10/2026-11-16',1794268800
2801,25,19,81.00440269974153,0.0051441363687733,b'ACCESS-CM2',7,0.0004669700889062,307.42175644553754,90.07857180593932,b'ssp245',10.749023121805967,280.5061457527032,289.7237046764743,272.5460648075227,b'2026-11-17/2026-11-23',1794873600
2801,25,19,77.39460285028555,0.0047154066295215,b'ACCESS-CM2',7,0.0003975084374678,306.0553929201469,89.62840260448544,b'ssp245',7.507649774009365,280.26265054400983,289.5419590447539,272.4369618405578,b'2026-11-24/2026-11-30',1795478400
2801,25,19,76.65429633590301,0.0047676657024661,b'ACCESS-CM2',7,0.0007401760372906,294.15703253445724,82.72552527736777,b'ssp245',9.020013029857347,279.95093903197306,288.6703218849757,271.54618097120715,b'2026-12-01/2026-12-07',1796083200
2801,25,19,70.21886029221496,0.0033447027139182,b'ACCESS-CM2',7,0.0001473944356013,281.03767106719835,75.32221545382029,b'ssp245',9.662728847995885,276.5430577244444,287.44250389837447,270.5622830954931,b'2026-12-08/2026-12-14',1796688000
2801,25,19,68.34345781528455,0.0027971044279342,b'ACCESS-CM2',7,2.893820499968077e-05,273.377189554194,77.90634219730688,b'ssp245',8.608999583395212,274.74731764082907,280.7512364541331,262.6320561234669,b'2026-12-15/2026-12-21',1797292800
2801,25,19,72.75997474775886,0.0025873992893595,b'ACCESS-CM2',7,5.050211155677374e-05,264.89329777262,79.58751326881796,b'ssp245',7.863617274435252,272.8585376182826,284.77216560609884,263.8187780892978,b'2026-12-22/2026-12-28',1797897600
2801,25,19,75.90808454709851,0.0041179544093536,b'ACCESS-CM2',7,0.00051164564829,293.6252121698289,80.76988235450195,b'ssp245',8.765446677185972,278.75014560306863,285.530512327789,272.16577246881303,b'2026-12-29/2027-01-04',1798502400
2801,25,19,66.72578848561933,0.0030135660254883,b'ACCESS-CM2',7,2.1402335758862885e-05,254.3968474451115,103.77902127923689,b'ssp245',9.858472709831554,275.82951404202373,281.6628162014869,270.0246808451991,b'2027-01-05/2027-01-11',1799107200
2801,25,19,75.23677532354259,0.0033040594015578,b'ACCESS-CM2',7,0.000363571418994,293.7042530721966,79.77791630617484,b'ssp245',7.894402715650756,275.8118769444995,281.2317586919313,270.8998432774698,b'2027-01-12/2027-01-18',1799712000
2801,25,19,74.70430179015831,0.002434979444341,b'ACCESS-CM2',7,0.0003776259114499,270.3650241037302,81.07630311582129,b'ssp245',10.570423090329736,270.7516011180966,283.6908579180318,258.56301584551414,b'2027-01-19/2027-01-25',1800316800
2801,25,19,78.36525023148359,0.0030225667138276,b'ACCESS-CM2',7,0.0002394047751344,269.00865958546353,96.74547151486446,b'ssp245',9.74759110657301,273.2011250438778,283.8522246986307,260.60851886708247,b'2027-01-26/2027-02-01',1800921600
2801,25,19,73.78855485813592,0.0030201556326995,b'ACCESS-CM2',7,0.0002559874706377,263.4720080210133,114.4543776211834,b'ssp245',9.267580124639696,274.23454558904274,284.6032196373068,264.7674570391255,b'2027-02-02/2027-02-08',1801526400
2801,25,19,71.2026726683164,0.003124976006355,b'ACCESS-CM2',7,0.0002080388284905,263.2310015887892,135.68658821117677,b'ssp245',10.200908775886266,275.1666821832848,284.9577807354671,265.0801020796581,b'2027-02-09/2027-02-15',1802131200
2801,25,19,68.4542346198438,0.0027119320829451,b'ACCESS-CM2',7,6.656825002525182e-05,248.7360344343288,146.29790870678224,b'ssp245',9.267495178773473,274.1700712751866,280.4492781444263,265.72541398899534,b'2027-02-16/2027-02-22',1802736000
2801,25,19,75.80481363111927,0.0033778805598993,b'ACCESS-CM2',7,0.0008458999244463,271.815905921104,144.02681647797334,b'ssp245',10.878964150922457,275.26363207557785,285.36811090284783,268.16362639396425,b'2027-02-23/2027-03-01',1803340800
2801,25,19,71.54863621232697,0.0032931802141266,b'ACCESS-CM2',7,0.0001754124141001,272.378911336263,158.6844260454544,b'ssp245',7.027801289536437,275.93416073941233,285.9664388677125,267.4648670483661,b'2027-03-02/2027-03-08',1803945600
2801,25,19,74.01067770681074,0.0037536958251119,b'ACCESS-CM2',7,0.0004361061651589,275.22109502508164,169.82523396341116,b'ssp245',10.697543207218388,277.4759397257675,287.629626202327,270.6604660198253,b'2027-03-09/2027-03-15',1804550400
2801,25,19,77.482729986516,0.0045892067715674,b'ACCESS-CM2',7,0.0007123225890953,281.59116971767446,185.09406201996927,b'ssp245',8.876653933488463,280.0479126914123,289.0057094122774,272.44935427429857,b'2027-03-16/2027-03-22',1805155200
2801,25,19,70.31233177243656,0.0037485394811403,b'ACCESS-CM2',7,0.0002378563889858,258.88703365296635,209.65872873285767,b'ssp245',7.608068712296025,278.1396985032042,286.06800661804857,271.6646206763483,b'2027-03-23/2027-03-29',1805760000
2801,25,19,75.42439619260632,0.0041337184963487,b'ACCESS-CM2',7,0.0002001545876257,263.7289497621598,205.3179144559002,b'ssp245',8.037083499808832,278.1485770558066,286.7667403682586,270.0253325431578,b'2027-03-30/2027-04-05',1806364800
2801,25,19,68.08269876342399,0.0042494647294288,b'ACCESS-CM2',7,0.0002674213601266,268.1050955308015,217.6317050306845,b'ssp245',7.300040982652186,280.72189677951894,286.8800114457325,273.586897983346,b'2027-04-06/2027-04-12',1806969600
2801,25,19,85.81600594703687,0.0063365554292549,b'ACCESS-CM2',7,0.0005472647178147,302.5486682241413,200.2352619317637,b'ssp245',5.350883539920579,283.0196731497066,289.93873218823506,276.7734791745422,b'2027-04-13/2027-04-19',1807574400
2801,25,19,84.14670621341642,0.0070359622952334,b'ACCESS-CM2',7,0.0004238276492114,299.33783174623176,231.45308712257585,b'ssp245',5.352280186434862,284.9550057453677,291.2687072753907,276.5230178012643,b'2027-04-20/2027-04-26',1808179200
2801,25,19,86.06053735876597,0.0077618236328759,b'ACCESS-CM2',7,5.991945649795441e-05,309.8676394976779,241.44972043835807,b'ssp245',4.903088100128643,286.30713950067803,294.1671309932586,279.072014265163,b'2027-04-27/2027-05-03',1808784000
2801,25,19,88.88765894689136,0.009303002800655,b'ACCESS-CM2',7,0.0001022416286366,322.25530504264776,271.5117223830451,b'ssp245',6.925031228732038,288.7337867279756,295.44759278656335,282.1655978951403,b'2027-05-04/2027-05-10',1809388800
2801,25,19,82.1252059409146,0.0086656889818127,b'ACCESS-CM2',7,0.0001855812545416,308.1958121726041,273.85806940081665,b'ssp245',6.908114310233825,288.22437465685306,295.9524857715894,278.3506646925403,b'2027-05-11/2027-05-17',1809993600
2801,25,19,85.2359877789991,0.0094957669099617,b'ACCESS-CM2',7,0.0002568116508698,321.9127000378025,282.955315773022,b'ssp245',5.928774774349231,289.3731922436786,295.33214741368454,283.3540915212324,b'2027-05-18/2027-05-24',1810598400
2801,25,19,90.58091837799496,0.0113702902209854,b'ACCESS-CM2',7,0.0001122019292799,328.968753656484,295.5097378732239,b'ssp245',3.6136300278149447,291.4855213546167,296.7513719784317,284.7748642788139,b'2027-05-25/2027-05-31',1811203200
2801,25,19,81.22781564270113,0.0106989415949024,b'ACCESS-CM2',7,4.0087740049657634e-05,322.7378069852721,329.0401702271446,b'ssp245',5.160647858489312,292.41943265619005,298.1049174647178,285.10133575111314,b'2027-06-01/2027-06-07',1811808000
2801,25,19,81.32832875522784,0.0121519348717161,b'ACCESS-CM2',7,0.0001386540556315,343.31537230882776,302.8764927361602,b'ssp245',6.030407456941504,294.1048723212036,301.4818282588836,287.55461694860975,b'2027-06-08/2027-06-14',1812412800
2801,25,19,85.43133166382025,0.013514350308606,b'ACCESS-CM2',7,0.0003436696038581,345.07123834050384,306.16123709261143,b'ssp245',5.295993596544281,294.8764346074399,301.4005914503528,288.6008783155872,b'2027-06-15/2027-06-21',1813017600
2801,25,19,86.18127958236202,0.0140544082368573,b'ACCESS-CM2',7,0.0006914916212912,363.44952162875927,278.9495259415353,b'ssp245',5.530107294542632,295.37595949890795,300.14992793913814,289.8780891664567,b'2027-06-22/2027-06-28',1813622400
2801,25,19,85.92088609686645,0.0153251113255612,b'ACCESS-CM2',7,0.0002828801428464,358.0169637419295,305.3030166743171,b'ssp245',4.450901127813782,296.47216046827,302.0325350197413,290.3923805811072,b'2027-06-29/2027-07-05',1814227200
2801,25,19,84.56395334692046,0.0165011016766435,b'ACCESS-CM2',7,7.65004601344123e-05,366.6779090424288,315.35632005448355,b'ssp245',4.743371297320647,297.9318945162491,304.462642874769,292.73269489247315,b'2027-07-06/2027-07-12',1814832000
2801,25,19,87.98698091287217,0.0162830318248445,b'ACCESS-CM2',7,1.821144123139049e-05,361.3148320867536,304.8502838791058,b'ssp245',4.393359172545638,297.321531515517,302.329081545594,291.3020222981771,b'2027-07-13/2027-07-19',1815436800
2801,25,19,92.62211445985668,0.0172821184228275,b'ACCESS-CM2',7,0.0001125758385386,378.74586034443706,270.98440706455216,b'ssp245',4.48114261868912,297.5106807773198,302.61927614929857,292.37486020980344,b'2027-07-20/2027-07-26',1816041600
2801,25,19,94.71658181045464,0.0169323624445042,b'ACCESS-CM2',7,0.0001671292086869,381.39915913993497,242.86450633621803,b'ssp245',3.04090075046053,297.119366998863,301.6374980967532,291.1965020292549,b'2027-07-27/2027-08-02',1816646400
2801,25,19,89.96012213922316,0.0175071600624309,b'ACCESS-CM2',7,0.0003518840477815,385.2890590310281,247.6609305339292,b'ssp245',5.317740287282684,298.066150624265,303.45905066049227,292.95913597845265,b'2027-08-03/2027-08-09',1817251200
2801,25,19,87.30738610239806,0.0148849190754984,b'ACCESS-CM2',7,0.0005859270558986,382.3558045371154,210.4216700259442,b'ssp245',6.704430238442488,296.10356217485423,302.3651063980595,291.68983410250763,b'2027-08-10/2027-08-16',1817856000
2801,25,19,86.74362150974538,0.0153402006224987,b'ACCESS-CM2',7,3.150438180634938e-05,369.25822455762176,248.8223129249022,b'ssp245',3.547532950678179,296.6090154926165,302.3639542774488,291.32281658213634,b'2027-08-17/2027-08-23',1818460800
2801,25,19,90.77233151906098,0.0161669804412762,b'ACCESS-CM2',7,0.0002618599568778,384.0743918704548,208.47511120399207,b'ssp245',4.581260271702312,296.9966227213542,302.3915785922799,291.7255301526798,b'2027-08-24/2027-08-30',1819065600
2801,25,19,90.7391101467994,0.0150602910647629,b'ACCESS-CM2',7,0.0001690059537944,381.1883367723034,195.54111514699443,b'ssp245',3.7802713697407104,296.1878211143013,300.9583956810736,290.75302025579634,b'2027-08-31/2027-09-06',1819670400
2801,25,19,88.4572003506662,0.0146174531704681,b'ACCESS-CM2',7,0.0005234341574168,377.1838954568093,199.12143760013143,b'ssp245',5.274029024185673,296.13088647048414,301.30894716324343,288.75995594968083,b'2027-09-07/2027-09-13',1820275200
2801,25,19,79.04482944330313,0.0112898291221686,b'ACCESS-CM2',7,2.195851107639142e-05,354.11336427093835,206.36150232364872,b'ssp245',6.045280398677938,293.6763000488281,300.0248324486517,286.2822511734501,b'2027-09-14/2027-09-20',1820880000
2801,25,19,81.37149541242515,0.0113691303252418,b'ACCESS-CM2',7,0.0001084611584084,357.4713217739685,182.68688053066649,b'ssp245',6.939012743544103,293.1301600958712,299.8562192199051,284.20459870369206,b'2027-09-21/2027-09-27',1821484800
2801,25,19,86.16958962717365,0.0116922081084764,b'ACCESS-CM2',7,2.9465802471819305e-08,340.50372033185124,191.75035521804648,b'ssp245',4.115795123778548,292.7799726682508,298.6944117392263,282.8300453103999,b'2027-09-28/2027-10-04',1822089600
2801,25,19,87.75002541959562,0.0114377828203313,b'ACCESS-CM2',7,0.0007226850394367,357.42639361731653,143.9035119146063,b'ssp245',5.238726659487654,292.20481626449094,298.32986154863914,284.845215500042,b'2027-10-05/2027-10-11',1822694400
2801,25,19,84.65039681289603,0.0096248675169231,b'ACCESS-CM2',7,0.0002803482683726,350.80282306817645,144.27330161239698,b'ssp245',5.361301329828079,290.4746070311,295.700925109207,283.9061190697455,b'2027-10-12/2027-10-18',1823299200
2801,25,19,85.71149804368731,0.0089318765035491,b'ACCESS-CM2',7,4.381310435001974e-05,353.27018899522074,129.60631441740398,b'ssp245',8.52417739378875,289.58697078488024,294.8067971506427,284.62616688718083,b'2027-10-19/2027-10-25',1823904000
2801,25,19,80.49892740205686,0.0081856907767382,b'ACCESS-CM2',7,0.0009113903310969,340.737292124196,103.98857046968196,b'ssp245',7.962279390812653,288.28953071746594,294.832028296686,280.4536405173681,b'2027-10-26/2027-11-01',1824508800
2801,25,19,68.75404062578755,0.0048502109663706,b'ACCESS-CM2',7,5.084241875893988e-05,304.3660652406755,110.99803808537496,b'ssp245',8.026242425364833,282.4798216460854,290.2957428962954,275.6129386655746,b'2027-11-02/2027-11-08',1825113600
2801,25,19,74.38092388498801,0.0059814844580907,b'ACCESS-CM2',7,0.0001941432102774,310.4304381105391,112.0017747424898,b'ssp245',6.3848358438494754,284.4815307242164,291.1294683641003,275.96504457535286,b'2027-11-09/2027-11-15',1825718400
2801,25,19,77.52944062052784,0.005946649720938,b'ACCESS-CM2',7,0.0004531730198761,318.7370251539849,85.75607517787388,b'ssp245',8.62265074344641,282.6379448909731,291.97847263787384,272.9701124621976,b'2027-11-16/2027-11-22',1826323200
2801,25,19,73.81844304051086,0.0058751852847434,b'ACCESS-CM2',7,8.374897983067954e-05,313.31994811730453,95.7599133961761,b'ssp245',8.006317466817878,283.22475863455264,291.45051656743533,273.00397384807627,b'2027-11-23/2027-11-29',1826928000
2801,25,19,74.85553222281226,0.0049924031629608,b'ACCESS-CM2',7,0.000169035327967,304.9409852855583,82.26774994459022,b'ssp245',8.669447494541995,280.70468524048044,291.0420863654024,272.6668842274656,b'2027-11-30/2027-12-06',1827532800
2801,25,19,73.07984168994629,0.0038276694299432,b'ACCESS-CM2',7,0.0001940424667933,290.9230191513508,73.84783281598773,b'ssp245',9.782378791480935,277.8849085560226,285.5106099446615,272.23584017189603,b'2027-12-07/2027-12-13',1828137600
2801,25,19,71.45849696099302,0.0040910352048636,b'ACCESS-CM2',7,0.0004497514811343,286.6575962189705,80.86263943157988,b'ssp245',8.259283872243996,278.5033500894057,288.16650948473205,269.96482898343,b'2027-12-14/2027-12-20',1828742400
2801,25,19,74.61231420373404,0.0032203999673804,b'ACCESS-CM2',7,0.000802578194368,282.2655885757939,71.39932021860338,b'ssp245',10.491089015878655,274.79025624827494,285.6949462890625,264.5291140976773,b'2027-12-21/2027-12-27',1829347200
2801,25,19,74.65004345239035,0.0030949816931061,b'ACCESS-CM2',7,0.0001946961814076,286.92618379138764,75.07837004302651,b'ssp245',10.71315201086932,274.4366771973406,282.35566760647686,261.2771964124454,b'2027-12-28/2028-01-03',1829952000
2801,25,19,73.60649286437146,0.0025370986073545,b'ACCESS-CM2',7,0.0004210593657936,260.86392722884267,88.07520957513157,b'ssp245',8.477374749249577,271.9433736727901,283.176266906082,264.5220133463542,b'2028-01-04/2028-01-10',1830556800
2801,25,19,71.49776686098537,0.0018975045456881,b'ACCESS-CM2',7,7.715677151697692e-05,259.6397567491195,82.38956814134544,b'ssp245',9.031933169211111,269.7600382205711,279.86661291635164,263.6906078707788,b'2028-01-11/2028-01-17',1831161600
2801,25,19,87.45297770932339,0.0028460176767832,b'ACCESS-CM2',7,0.0011398239710084,275.33471759380103,71.26383425453291,b'ssp245',14.876759285934147,270.4457380584858,282.62511025705646,260.73673404160365,b'2028-01-18/2028-01-24',1831766400
2801,25,19,76.21162804810135,0.0024902273919761,b'ACCESS-CM2',7,0.0004024460734903,260.6319718133836,100.66860931443362,b'ssp245',10.493572711212112,271.1085034910985,283.56426181588125,263.9178634151335,b'2028-01-25/2028-01-31',1832371200
2801,25,19,82.43028799546296,0.0025518547386622,b'ACCESS-CM2',7,6.452907647139568e-05,249.58562780049172,131.09094681278353,b'ssp245',12.98001232821088,270.3819547732305,282.7875589350219,259.6424485073295,b'2028-02-01/2028-02-07',1832976000
2801,25,19,82.5649171234459,0.0042756018679468,b'ACCESS-CM2',7,0.0004121475936596,305.8093937699513,97.35357425765874,b'ssp245',8.515095640437396,278.0088778963104,286.6844846663937,270.4255896127353,b'2028-02-08/2028-02-14',1833580800
2801,25,19,82.7810608648485,0.0044839901700486,b'ACCESS-CM2',7,0.0004012173681029,296.2301176572176,128.1288729314614,b'ssp245',8.357720249076412,278.25005011258224,285.1734140047463,266.78355358492945,b'2028-02-15/2028-02-21',1834185600
2801,25,19,77.04502780756094,0.0033980165329259,b'ACCESS-CM2',7,0.0009660082181199,267.5369315901843,142.55726782920357,b'ssp245',8.422143544286444,275.2832700199063,285.4945504793557,269.4838312620758,b'2028-02-22/2028-02-28',1834790400
2801,25,19,74.92016482609574,0.0032782103485797,b'ACCESS-CM2',7,7.818994852139078e-05,262.9049260715186,154.42793539958433,b'ssp245',10.164071115297476,275.0877681796635,282.1926528766591,261.6427159463205,b'2028-02-29/2028-03-06',1835395200
2801,25,19,78.49566326932424,0.0039970504546311,b'ACCESS-CM2',7,0.0004134655128188,274.4665209510909,163.09325498003747,b'ssp245',9.673932457849178,277.58945878786244,285.6981329148816,270.5412446709089,b'2028-03-07/2028-03-13',1836000000
2801,25,19,72.81093337825183,0.0037725951959637,b'ACCESS-CM2',7,0.0001518626893278,262.2032375540785,177.00752949751285,b'ssp245',8.764854887480377,277.6579853766892,288.54386951077373,270.8613445323001,b'2028-03-14/2028-03-20',1836604800
2801,25,19,77.36169238464075,0.004868933001101,b'ACCESS-CM2',7,0.0004126890125895,281.1572621194632,197.6961147700953,b'ssp245',9.41119357481164,279.8878598542807,292.70032033612654,266.7526550292969,b'2028-03-21/2028-03-27',1837209600
2801,25,19,78.94845284551336,0.0053420975659837,b'ACCESS-CM2',7,0.0001612657587763,290.8001727735576,194.87275152015985,b'ssp245',8.30987803727251,281.8236847626998,290.0784705377394,273.7740809943087,b'2028-03-28/2028-04-03',1837814400
2801,25,19,84.67538595126338,0.0057722568124269,b'ACCESS-CM2',7,0.0001231252903153,300.677253781742,201.87552456482217,b'ssp245',7.242689763346028,282.42338901877224,287.61961184265795,276.00684020339804,b'2028-04-04/2028-04-10',1838419200
2801,25,19,90.13016333045316,0.0066846051180417,b'ACCESS-CM2',7,0.0001753420698847,317.53898158857174,196.8819080593033,b'ssp245',7.206045965994558,283.9712115169121,288.7255331059938,279.5533886981267,b'2028-04-11/2028-04-17',1839024000
2801,25,19,81.02264500396777,0.0065738062085311,b'ACCESS-CM2',7,0.0001079178855881,293.5572441792525,230.0278992074243,b'ssp245',5.338468927758448,285.17016653128303,289.52438288863,280.4512929608745,b'2028-04-18/2028-04-24',1839628800
2801,25,19,85.48958765782886,0.0075681408911588,b'ACCESS-CM2',7,0.0001195019198955,299.4835082726545,250.75555351948773,b'ssp245',6.32277952471087,286.01895657259564,293.2266471616684,278.1305013677125,b'2028-04-25/2028-05-01',1840233600
2801,25,19,90.3527293637418,0.0089798946213978,b'ACCESS-CM2',7,0.0004544014995587,333.4688430997084,199.14287485102173,b'ssp245',7.526118886086249,287.8090398879279,295.0259891633064,282.202392249979,b'2028-05-02/2028-05-08',1840838400
2801,25,19,99.0200924851378,0.0114340099338699,b'ACCESS-CM2',7,0.0007680325913193,356.97826187438505,219.9718227825956,b'ssp245',3.8102625331937263,290.3435750981813,295.3231279926916,285.9688661636845,b'2028-05-09/2028-05-15',1841443200
2801,25,19,84.4361916525939,0.0097877018678698,b'ACCESS-CM2',7,4.808680837104847e-05,324.50881587671614,281.08921874906247,b'ssp245',4.708975412512339,290.36922542730235,295.4504125451529,283.2607779554142,b'2028-05-16/2028-05-22',1842048000
2801,25,19,83.59483838996947,0.0105597016869395,b'ACCESS-CM2',7,0.0005671376027837,326.7087728145852,287.8743145264422,b'ssp245',5.313988278355284,291.5388870825233,297.89203930926584,285.10894512873824,b'2028-05-23/2028-05-29',1842652800
2801,25,19,96.59209465577672,0.0132058896210198,b'ACCESS-CM2',7,0.0009398745919448,365.6359072918167,207.9930408671155,b'ssp245',5.878399427768455,293.1441659297446,296.5636409636467,289.70494030367945,b'2028-05-30/2028-06-05',1843257600
2801,25,19,93.84010058284356,0.0136764480227378,b'ACCESS-CM2',7,0.0005125269950249,358.71011643182663,259.9393958635228,b'ssp245',4.546986269328269,293.7667878087948,298.4269556845388,288.974840061639,b'2028-06-06/2028-06-12',1843862400
2801,25,19,87.8707713934317,0.0144291246358516,b'ACCESS-CM2',7,0.0001026922688075,351.84507599111345,309.7881647862964,b'ssp245',4.591224203461327,295.38909288631976,300.5756314185358,289.37924850627945,b'2028-06-13/2028-06-19',1844467200
2801,25,19,84.93535691362374,0.0123238843549528,b'ACCESS-CM2',7,4.099615162636662e-05,351.0616313037785,292.29541039064003,b'ssp245',5.163501643548548,293.627190983973,298.39316780336446,289.06890245663226,b'2028-06-20/2028-06-26',1845072000
2801,25,19,89.14312168713172,0.0146133214100828,b'ACCESS-CM2',7,0.0001214400376338,357.67017937585507,299.9976267309233,b'ssp245',4.726685270918863,295.3328987742716,299.7206663726479,290.32677271032844,b'2028-06-27/2028-07-03',1845676800
2801,25,19,90.54405951902795,0.015268421563078,b'ACCESS-CM2',7,3.993678085502667e-05,363.45637242658535,303.4956357050601,b'ssp245',3.819561857232301,295.9023243893859,300.60244783791165,289.6272894746514,b'2028-07-04/2028-07-10',1846281600
2801,25,19,80.06175937447497,0.0146876594563874,b'ACCESS-CM2',7,3.7706806324957176e-05,357.21582176571803,312.5102760795441,b'ssp245',4.3805645475372925,297.04591404787413,302.52256397534444,290.77085761613745,b'2028-07-11/2028-07-17',1846886400
2801,25,19,81.02356473861202,0.0142863282015383,b'ACCESS-CM2',7,0.000101315754283,353.437975061654,298.0724251742737,b'ssp245',3.787008835972729,296.78157472390734,301.3287691506007,292.35858252740684,b'2028-07-18/2028-07-24',1847491200
2801,25,19,90.45496640300604,0.0180659844953503,b'ACCESS-CM2',7,0.0001964321075732,385.8236697617398,277.9539272466563,b'ssp245',5.887907260390838,298.6751597414735,303.63846415858114,293.3907680716566,b'2028-07-25/2028-07-31',1848096000
2801,25,19,83.39280275265742,0.0155124744592082,b'ACCESS-CM2',7,8.510767222274644e-05,364.8262828352264,272.10940000941315,b'ssp245',4.121266876680694,297.4601306827387,301.316886983892,292.8258479948967,b'2028-08-01/2028-08-07',1848700800
2801,25,19,91.51243049867692,0.0161962340701765,b'ACCESS-CM2',7,0.0002450968268705,377.5103370678224,229.37712462816373,b'ssp245',4.595891408656599,296.9045785180252,300.8971705282888,292.09516857516377,b'2028-08-08/2028-08-14',1849305600
2801,25,19,81.50655406008487,0.0144470379989702,b'ACCESS-CM2',7,0.0001351784072146,364.2903685679634,254.1630551855319,b'ssp245',4.218884657971138,296.7335609166486,302.1160485052293,290.9898806336106,b'2028-08-15/2028-08-21',1849910400
2801,25,19,82.31985886159215,0.0142985482552816,b'ACCESS-CM2',7,9.886485681855596e-05,370.2737358784712,225.7821162585656,b'ssp245',6.279653153294975,296.1082290672853,303.4650327620968,288.5208832115256,b'2028-08-22/2028-08-28',1850515200
2801,25,19,89.00639822589271,0.0147160217952778,b'ACCESS-CM2',7,0.0001004766262163,370.2393430835824,212.8843279954292,b'ssp245',4.569050845279489,295.7913731635075,300.4508279779906,291.5141805013021,b'2028-08-29/2028-09-04',1851120000
2801,25,19,87.59043503393593,0.0139097499742691,b'ACCESS-CM2',7,5.257444332780216e-05,373.97112704275577,204.10887335852,b'ssp245',4.562401045668876,295.27746717977453,301.82325170373406,285.3160692440566,b'2028-09-05/2028-09-11',1851724800
2801,25,19,84.15724156346008,0.0127828376390577,b'ACCESS-CM2',7,0.0005173721714588,365.730939123854,191.08541661510088,b'ssp245',6.278421375974899,294.4958757672992,300.6193201208627,285.7382520450059,b'2028-09-12/2028-09-18',1852329600
2801,25,19,82.50139615576022,0.010919321877753,b'ACCESS-CM2',7,0.0006418634004449,364.057617796914,160.17271883916197,b'ssp245',8.543626495953163,292.00869427518364,299.7785149030788,283.8752694078671,b'2028-09-19/2028-09-25',1852934400
2801,25,19,81.6912362000543,0.0097182071030986,b'ACCESS-CM2',7,0.0003236520115916,338.8507937945529,167.50609324934297,b'ssp245',8.60314574952133,290.9424212524602,296.8298011697749,284.9602303453672,b'2028-09-26/2028-10-02',1853539200
2801,25,19,81.30723965552546,0.0091625307450577,b'ACCESS-CM2',7,0.0002724716174925,335.74546089699743,158.39685201571652,b'ssp245',5.972009896499587,289.5427415323331,296.4975969868322,280.55673742807045,b'2028-10-03/2028-10-09',1854144000
2801,25,19,87.37139318322623,0.010010291519682,b'ACCESS-CM2',7,4.514387199621497e-06,344.9131511447983,160.56323694560206,b'ssp245',5.378226696254655,290.6770986155614,295.6018417522472,279.9185836956065,b'2028-10-10/2028-10-16',1854748800
2801,25,19,84.49212133170273,0.0090086569282842,b'ACCESS-CM2',7,0.0005234989408708,336.1065439438124,141.81169622980872,b'ssp245',4.462149127837151,289.2422578170003,294.9935000840054,282.43121797295026,b'2028-10-17/2028-10-23',1855353600
2801,25,19,69.18405095699562,0.0058783676214916,b'ACCESS-CM2',7,7.505021898703523e-06,304.7767833703857,131.36386402557892,b'ssp245',8.773880724899596,285.3869026992728,292.78819783528644,278.23643050655244,b'2028-10-24/2028-10-30',1855958400
2801,25,19,84.55045542445967,0.0083448656408341,b'ACCESS-CM2',7,0.0001098826228787,342.37906282252067,120.45333341958884,b'ssp245',6.389908103898923,288.3923617830291,295.1521836147514,281.6874166509157,b'2028-10-31/2028-11-06',1856563200
2801,25,19,90.86187897666076,0.0085756878351388,b'ACCESS-CM2',7,0.0002074612334276,349.7830359580513,107.10582018264792,b'ssp245',7.572520892924062,287.12243511709755,293.4355701733661,276.2185800203713,b'2028-11-07/2028-11-13',1857168000
2801,25,19,88.06587770640759,0.0075193916192812,b'ACCESS-CM2',7,0.0005666771866369,343.3445325813352,87.28155465426349,b'ssp245',7.91452428346039,284.52900984100484,292.07802655619963,272.68074019237235,b'2028-11-14/2028-11-20',1857772800
2801,25,19,69.00158636910575,0.0041709834421496,b'ACCESS-CM2',7,2.4209701691225684e-05,287.93709548973635,94.41385875063192,b'ssp245',8.305218245393487,279.84897670950943,288.3697066768524,273.1996788106939,b'2028-11-21/2028-11-27',1858377600
2801,25,19,79.53617840135519,0.0053272505416698,b'ACCESS-CM2',7,0.0007072737060377,306.9196470527239,86.6851047685802,b'ssp245',6.751083158677624,281.68029274186046,290.24024717269407,276.01311894898777,b'2028-11-28/2028-12-04',1858982400
2801,25,19,78.93543808288106,0.0044102637675202,b'ACCESS-CM2',7,0.0001975288319185,308.3893493089808,73.10127212594732,b'ssp245',9.961645001090616,279.79589890628,286.94241497080816,274.42844842069894,b'2028-12-05/2028-12-11',1859587200
2801,25,19,75.65355750932123,0.0033856836521708,b'ACCESS-CM2',7,0.0005418853798847,288.6307279056485,72.12261749595724,b'ssp245',9.967979339593752,275.5946674493418,284.2967808220977,266.51667178574434,b'2028-12-12/2028-12-18',1860192000
2801,25,19,77.70974772463562,0.003712514968669,b'ACCESS-CM2',7,0.0005146551635109,298.7177461545039,72.72805483183737,b'ssp245',10.499904419419952,276.58654869536656,284.9089713147892,270.4284195438508,b'2028-12-19/2028-12-25',1860796800
2801,25,19,75.39305031537644,0.0032497892898725,b'ACCESS-CM2',7,0.0006424619421854,277.16074447514643,77.64691402652115,b'ssp245',10.053733198690342,274.7594964046449,285.36677469233035,267.6733683924522,b'2028-12-26/2029-01-01',1861401600
2801,25,19,81.80195418444282,0.00342551005658,b'ACCESS-CM2',7,0.0005495015976197,284.74285410516273,77.9844096252629,b'ssp245',10.064352879326464,274.8329171035697,282.4521543441281,267.28280902165244,b'2029-01-02/2029-01-08',1862006400
2801,25,19,76.26822538126815,0.0036777562576956,b'ACCESS-CM2',7,0.0005328895372452,303.521217076643,72.58157290621287,b'ssp245',7.81969152837305,276.12393741636964,285.8438005344843,266.5336139637937,b'2029-01-09/2029-01-15',1862611200
2801,25,19,82.07369968162338,0.0030867553068561,b'ACCESS-CM2',7,0.0004022764823549,283.5285347324729,80.41883559454057,b'ssp245',9.80717869031997,272.62334075318324,285.88257525044105,254.77617013582625,b'2029-01-16/2029-01-22',1863216000
2801,25,19,77.07464142548874,0.0040643236220037,b'ACCESS-CM2',7,9.8678020855024e-05,291.25358096355666,109.09629670595794,b'ssp245',9.28456833615281,278.0242111745152,285.8858557260165,260.72683157972114,b'2029-01-23/2029-01-29',1863820800
2801,25,19,68.93523737472323,0.0031861191917318,b'ACCESS-CM2',7,7.436508757853023e-05,263.09185188633325,127.32973783759662,b'ssp245',8.553299291525752,275.7612031388759,285.6039120253696,261.6415766234039,b'2029-01-30/2029-02-05',1864425600
2801,25,19,72.87618645874586,0.0027529189685722,b'ACCESS-CM2',7,0.0002403297667555,268.0764738630773,127.8115949147308,b'ssp245',7.823358373158539,273.4198423699117,285.1455885364164,264.69785464707246,b'2029-02-06/2029-02-12',1865030400
2801,25,19,77.77391763619747,0.0034561985095078,b'ACCESS-CM2',7,0.0004773805220051,275.69253017349365,126.93181532758724,b'ssp245',9.881697300941712,275.26857184484805,284.604970952516,266.94219609742527,b'2029-02-13/2029-02-19',1865635200
2801,25,19,75.61310096893077,0.0029643580271717,b'ACCESS-CM2',7,0.0004861325188923,271.93526356780586,120.61098398188108,b'ssp245',12.197148473947648,274.10445163802984,281.22627734112484,266.8271284205939,b'2029-02-20/2029-02-26',1866240000
2801,25,19,76.84801177275345,0.0031191844132995,b'ACCESS-CM2',7,0.0002656526322444,273.48072789158505,133.71501854634323,b'ssp245',10.185903132419616,274.3755474412863,287.7633223995086,262.10121138377855,b'2029-02-27/2029-03-05',1866844800
2801,25,19,75.76172698294879,0.0037877574504371,b'ACCESS-CM2',7,0.0002675141823702,280.1284698158182,161.9702593778502,b'ssp245',7.137468985515073,276.91067936160414,283.6812222388483,269.4532946514827,b'2029-03-06/2029-03-12',1867449600
2801,25,19,84.21645961122762,0.0044813909082917,b'ACCESS-CM2',7,0.0004571199669119,295.5575350572437,154.4761665566909,b'ssp245',7.745895209217218,278.3187933715258,285.89955385269656,268.31690437563003,b'2029-03-13/2029-03-19',1868054400
2801,25,19,82.9660108129733,0.0046975415274385,b'ACCESS-CM2',7,0.0004134285324321,292.6125625165011,172.2071464526855,b'ssp245',9.042624039217808,279.0824694186678,285.10371645035286,266.67890519993284,b'2029-03-20/2029-03-26',1868659200
2801,25,19,76.58781079762544,0.0042848277839898,b'ACCESS-CM2',7,0.0007875651740578,282.7635757047826,170.38868933705507,b'ssp245',8.96173047579928,278.6680679438484,288.4373165663853,265.41412287886425,b'2029-03-27/2029-04-02',1869264000
2801,25,19,86.97030592770439,0.006171926507689,b'ACCESS-CM2',7,0.0005747960945916,309.2064379620296,197.794434953212,b'ssp245',7.201547097866803,282.2860283683156,290.6538003901,272.859860984228,b'2029-04-03/2029-04-09',1869868800
2801,25,19,77.23969755744055,0.0050083008157046,b'ACCESS-CM2',7,0.0001630030223883,282.41406903948103,216.5821293656544,b'ssp245',8.16178592046102,280.7628796836748,290.5060224635627,269.9305078650034,b'2029-04-10/2029-04-16',1870473600
2801,25,19,78.98738511842883,0.0057524597256539,b'ACCESS-CM2',7,0.0001563599774491,295.5066615982173,211.69038269230484,b'ssp245',6.86358659644647,282.4991873698667,289.4195084110383,274.27575453891546,b'2029-04-17/2029-04-23',1871078400
2801,25,19,87.30220924764185,0.0083224422480058,b'ACCESS-CM2',7,0.0014941644859164,317.8958146290112,212.0805184031778,b'ssp245',8.274986420908283,286.96553280972483,294.22327218004455,277.2386225218414,b'2029-04-24/2029-04-30',1871683200
2801,25,19,89.9309544482722,0.0093992201242303,b'ACCESS-CM2',7,2.412370489653675e-05,318.08570465697306,258.6127408404138,b'ssp245',7.633377242930657,288.59957238825785,294.84102245043687,280.3438021752142,b'2029-05-01/2029-05-07',1872288000
2801,25,19,81.47827173048451,0.0082663292216906,b'ACCESS-CM2',7,2.822182267293547e-05,288.36292043003255,313.4263676000264,b'ssp245',4.416213806873094,288.47527607391874,293.6561029905914,283.31350248603417,b'2029-05-08/2029-05-14',1872892800
2801,25,19,90.51688020533314,0.0108890740097873,b'ACCESS-CM2',7,0.0003513187642406,327.351804718627,282.55785066337995,b'ssp245',5.715781660856373,291.33438415058566,296.30357574134746,285.7990834225891,b'2029-05-15/2029-05-21',1873497600
2801,25,19,84.63542706186321,0.0102063928674991,b'ACCESS-CM2',7,0.0002366453161676,324.10626951999933,287.2902645925589,b'ssp245',4.193261216496176,291.0518852269046,296.38126726047966,285.1810831049437,b'2029-05-22/2029-05-28',1874102400
2801,25,19,86.04661782729094,0.012060893676637,b'ACCESS-CM2',7,0.0002492763402106,345.47808584749424,286.771472749256,b'ssp245',6.849185492402763,293.3477478496124,298.6126206920993,287.5580802015079,b'2029-05-29/2029-06-04',1874707200
2801,25,19,84.98729750344647,0.0127647661284962,b'ACCESS-CM2',7,0.0001194443654024,341.0260289627286,317.98118706159704,b'ssp245',5.331874298793013,294.135963170393,300.33085615916923,288.0149864278814,b'2029-06-05/2029-06-11',1875312000
2801,25,19,85.19908350696946,0.0132091130428988,b'ACCESS-CM2',7,0.0003799644013015,344.9646179855511,304.9482916906682,b'ssp245',4.746727278338782,294.56475726946525,300.52983962848623,288.0006923880629,b'2029-06-12/2029-06-18',1875916800
2801,25,19,89.89873396819272,0.0149583771507242,b'ACCESS-CM2',7,2.8032705466662804e-05,365.2680334041379,294.8308533699282,b'ssp245',4.898863893500122,295.3657902543263,302.6915703230007,287.536125593288,b'2029-06-19/2029-06-25',1876521600
2801,25,19,82.22457802533737,0.0142683758129996,b'ACCESS-CM2',7,4.402569234532156e-05,360.09653169365345,295.2635029032484,b'ssp245',5.5355666753150725,296.11305379794305,303.5870814169607,288.1263618059056,b'2029-06-26/2029-07-02',1877126400
2801,25,19,92.27286214286468,0.0177111650563879,b'ACCESS-CM2',7,0.0003169389486742,383.88423576296384,274.3834710187077,b'ssp245',5.333277252961963,298.1537742790539,302.7351815828713,293.1879387312038,b'2029-07-03/2029-07-09',1877731200
2801,25,19,86.61841425038703,0.0168457526324485,b'ACCESS-CM2',7,5.649027165785318e-05,366.9646015782511,314.7102743169313,b'ssp245',4.635873437843381,297.9244906048988,304.0813306582872,292.49680024834095,b'2029-07-10/2029-07-16',1878336000
2801,25,19,92.59790431665752,0.0200931891203841,b'ACCESS-CM2',7,7.352117876612669e-05,387.3836244738413,289.4973966771373,b'ssp245',7.639765885202201,300.7300513014083,304.23404488512267,296.6773396153604,b'2029-07-17/2029-07-23',1878940800
2801,25,19,85.0046872726417,0.0178241671711068,b'ACCESS-CM2',7,2.1454658232662127e-05,371.5677891041277,302.5613951324135,b'ssp245',3.932243384523876,299.7448340443789,303.6270784767725,294.85000840053766,b'2029-07-24/2029-07-30',1879545600
2801,25,19,91.06688255392098,0.0186249701372031,b'ACCESS-CM2',7,0.0002132670600855,384.12550736059615,258.1931919971003,b'ssp245',4.27531445923672,299.00684264105405,304.45764652375254,291.5756054950017,b'2029-07-31/2029-08-06',1880150400
2801,25,19,88.48245645924464,0.0176768457551361,b'ACCESS-CM2',7,0.0003175309522594,387.8233241302443,244.6084794895624,b'ssp245',4.71208994033333,298.5153298092328,305.6774193548387,291.89788162067373,b'2029-08-07/2029-08-13',1880755200
2801,25,19,83.28759176134147,0.0160853655067502,b'ACCESS-CM2',7,4.7938255198389365e-05,377.3091192523822,242.37414778139552,b'ssp245',4.903080999210317,298.4534376762613,305.8673053044145,291.9496003837996,b'2029-08-14/2029-08-20',1881360000
2801,25,19,83.80853046469974,0.0151345806994608,b'ACCESS-CM2',7,0.0003738766224096,363.6696814846151,237.43884921916256,b'ssp245',5.143312831811275,297.1863799908195,301.8902446787845,291.3225566905032,b'2029-08-21/2029-08-27',1881964800
2801,25,19,92.2541988741967,0.0173764437288274,b'ACCESS-CM2',7,5.74604917864302e-05,384.36643037341895,219.4845880370719,b'ssp245',4.280329410198464,298.2775517476869,303.0204149471816,293.4451815697455,b'2029-08-28/2029-09-03',1882569600
2801,25,19,86.01043238251624,0.0147868014525867,b'ACCESS-CM2',7,8.149219096562825e-05,372.2600346578432,215.80630380656865,b'ssp245',5.056774115599063,297.00103361302627,302.9656168619792,288.79106386246224,b'2029-09-04/2029-09-10',1883174400
2801,25,19,85.78563738235498,0.0130224589804922,b'ACCESS-CM2',7,0.000261477010036,377.71762131838943,178.26980105633012,b'ssp245',5.989612423696094,294.45765107091853,300.92659111433136,286.7063355804772,b'2029-09-11/2029-09-17',1883779200
2801,25,19,76.68812930199408,0.0103085265193025,b'ACCESS-CM2',7,0.00032384076575,335.9296095887637,198.6573983234927,b'ssp245',4.782933895489038,292.2652243337324,299.42565852339555,283.41998816049227,b'2029-09-18/2029-09-24',1884384000
2801,25,19,76.901855164043,0.0101568511731567,b'ACCESS-CM2',7,0.0002529834071047,338.4128823463452,176.9809274395124,b'ssp245',5.26005515891103,292.6936548001573,298.1219482421875,286.7886454264323,b'2029-09-25/2029-10-01',1884988800
2801,25,19,91.04769343128586,0.0126426705730057,b'ACCESS-CM2',7,6.985770153424162e-05,366.3399025350123,166.3561731505504,b'ssp245',4.3680899016868135,293.1875685356364,298.9499262327789,285.1902360813592,b'2029-10-02/2029-10-08',1885593600
2801,25,19,69.41593912010369,0.0078303520517643,b'ACCESS-CM2',7,5.307074800648983e-05,319.87895936277425,162.24933060559627,b'ssp245',6.993626551327801,289.9720979330177,298.9522107852403,277.0441556540869,b'2029-10-09/2029-10-15',1886198400
2801,25,19,67.2405629253241,0.0067233130086882,b'ACCESS-CM2',7,4.277945697717232e-05,308.9621922365532,155.79663916850055,b'ssp245',7.350526973032915,287.6145143289171,294.8338695238995,279.96326307071155,b'2029-10-16/2029-10-22',1886803200
2801,25,19,80.2833635825349,0.0079482309570315,b'ACCESS-CM2',7,0.0007631338961934,324.8334272299677,132.8460136800318,b'ssp245',7.973070329967915,287.4624705043624,294.8482958065566,279.17260807816706,b'2029-10-23/2029-10-29',1887408000
2801,25,19,77.55575301350538,0.0076410102925495,b'ACCESS-CM2',7,0.0003265756795288,327.0408967423915,127.64558943881784,b'ssp245',8.405785835283693,287.42485526886225,295.1279024513819,280.16201290007564,b'2029-10-30/2029-11-05',1888012800
2801,25,19,81.91897847868515,0.0075109730132736,b'ACCESS-CM2',7,0.0001608109520752,320.86449407762103,124.70030104582943,b'ssp245',5.381074242145052,286.9854284424204,292.44935689946664,280.1297873220136,b'2029-11-06/2029-11-12',1888617600
2801,25,19,77.92716192430066,0.0049168577270378,b'ACCESS-CM2',7,0.0003362844987266,305.4240123555408,89.47512976768014,b'ssp245',7.242771840864613,280.16569624518473,292.49008703744545,271.71432626375594,b'2029-11-13/2029-11-19',1889222400
2801,25,19,79.51333452919111,0.0050979344325909,b'ACCESS-CM2',7,0.0003262288264888,314.8088550948511,75.51577340988887,b'ssp245',10.801329472097931,281.63987335814494,288.0516541183636,275.4210044286584,b'2029-11-20/2029-11-26',1889827200
2801,25,19,79.75594259516984,0.0042319873086077,b'ACCESS-CM2',7,0.0006797066503908,297.99778384254097,75.02942187518751,b'ssp245',9.176482114191248,278.0288247666601,286.3710081038937,270.5094194309686,b'2029-11-27/2029-12-03',1890432000
2801,25,19,74.93280411352578,0.0041357210719994,b'ACCESS-CM2',7,0.0002974267257477,297.8441065540695,81.41468670401157,b'ssp245',6.330515472570323,278.5888375137259,285.84875717983454,271.0392377299647,b'2029-12-04/2029-12-10',1891036800
2801,25,19,81.60771638603622,0.0045828481323547,b'ACCESS-CM2',7,0.0004611594215108,311.4938566380749,71.01350532918482,b'ssp245',8.558141155360115,278.84802438293553,286.9205492901545,270.2652758526545,b'2029-12-11/2029-12-17',1891641600
2801,25,19,71.52336787445022,0.0035780354581069,b'ACCESS-CM2',7,0.0004942106001699,300.37840024886594,74.25521212459161,b'ssp245',9.182739238035843,277.63928644558257,283.57346795194894,273.34701111496145,b'2029-12-18/2029-12-24',1892246400
2801,25,19,72.42466572938794,0.0031197071572573,b'ACCESS-CM2',7,0.0001453441178578,283.5575629496538,74.08608783188687,b'ssp245',8.049414043602308,274.99260166713174,283.24689902028734,268.047115531019,b'2029-12-25/2029-12-31',1892851200
2855,25,3,67.78603965508869,0.0022734922325845,b'ACCESS-CM2',6,2.867318036886752e-05,247.16998487206612,83.36990111780898,b'ssp245',7.945276050817459,271.5196044655386,277.59537035382965,267.26215553455984,b'2024-12-31/2025-01-06',1735603200
2855,25,3,72.58306067182811,0.0019473783726209,b'ACCESS-CM2',7,0.0002388813426342,230.63579474948943,89.3380427910045,b'ssp245',5.890661583452597,267.3390629505369,277.7764338189239,254.01066523192696,b'2025-01-07/2025-01-13',1736208000
2855,25,3,81.1431234967464,0.0035278129760102,b'ACCESS-CM2',7,0.0006189590286896,274.61212145600695,73.8744611992407,b'ssp245',5.7396600015672,274.5318406563233,286.3706024087218,265.41857816425653,b'2025-01-14/2025-01-20',1736812800
2855,25,3,72.61771528298415,0.0038426390229253,b'ACCESS-CM2',7,0.0003258558113437,266.4790098018255,97.63956727684966,b'ssp245',5.930607515883485,275.2203389068221,286.6241897265977,262.42093488215966,b'2025-01-21/2025-01-27',1737417600
2855,25,3,68.65433075831372,0.0026180913328959,b'ACCESS-CM2',7,0.0004639556531031,246.61550531548548,108.90679338144814,b'ssp245',6.804768381126158,270.8303564497233,284.6105260392407,260.5571422215076,b'2025-01-28/2025-02-03',1738022400
2855,25,3,66.62367433534928,0.0019569370775978,b'ACCESS-CM2',7,3.579635016138956e-05,226.0750596965416,129.8132668176548,b'ssp245',7.022988260753816,269.5674459388724,280.73233473311694,262.8288015419013,b'2025-02-04/2025-02-10',1738627200
2855,25,3,73.70387751930896,0.0026582522974103,b'ACCESS-CM2',7,0.0005757409297604,236.49569525517467,132.07992250661815,b'ssp245',6.038592182416148,271.4565176733048,280.50594648931514,261.72303977352925,b'2025-02-11/2025-02-17',1739232000
2855,25,3,72.29288383618771,0.0026740647266452,b'ACCESS-CM2',7,2.466921342035872e-05,239.9550440728333,150.06096007135056,b'ssp245',6.952067179193125,272.3747889250074,278.70034288304714,261.5857548631841,b'2025-02-18/2025-02-24',1739836800
2855,25,3,74.46677830462639,0.0029154460235715,b'ACCESS-CM2',7,0.000340414217881,248.5217646294708,140.00092764930858,b'ssp245',5.779396673189715,272.58604162366083,281.12184880505623,260.4926105557849,b'2025-02-25/2025-03-03',1740441600
2855,25,3,75.59406320047864,0.0032325784053152,b'ACCESS-CM2',7,0.0002794728967554,250.38779077789584,163.42137356299185,b'ssp245',6.662705220873392,273.79347309147494,283.88162327932685,260.2286943196173,b'2025-03-04/2025-03-10',1741046400
2855,25,3,75.62932085132486,0.003161504077338,b'ACCESS-CM2',7,0.0003445432928584,253.4449109490848,154.93303470707565,b'ssp245',6.839160152151748,273.5041791753686,285.43681182447807,262.2761269890734,b'2025-03-11/2025-03-17',1741651200
2855,25,3,77.68691651426386,0.0035174468561409,b'ACCESS-CM2',7,5.7924725463184015e-05,258.26355750398614,175.37531181174964,b'ssp245',5.487226754838473,275.96513926916725,280.7834335919856,268.4023190492321,b'2025-03-18/2025-03-24',1742256000
2855,25,3,80.26502758562218,0.0045699208378053,b'ACCESS-CM2',7,0.0003230823937659,265.0284101639059,193.56802483259716,b'ssp245',4.69900121961444,278.99416031630085,289.4773679490334,269.54154396229427,b'2025-03-25/2025-03-31',1742860800
2855,25,3,76.4805881496798,0.0042659292358831,b'ACCESS-CM2',7,0.0001697089925987,258.7324432105245,209.6011533630111,b'ssp245',6.262634303619329,278.46792731320164,288.0125217179296,269.0021685123874,b'2025-04-01/2025-04-07',1743465600
2855,25,3,80.23968126309549,0.005276637529342,b'ACCESS-CM2',7,0.000106423033531,280.30260922102974,209.18341269045737,b'ssp245',4.201990324107273,280.97947002690995,288.473146075048,270.75127633498823,b'2025-04-08/2025-04-14',1744070400
2855,25,3,86.58307857417432,0.0074421464464837,b'ACCESS-CM2',7,0.0003580234296835,304.71485629729693,201.48536356828612,b'ssp245',4.392288011094803,285.41302005434545,295.563518961809,275.89103278321187,b'2025-04-15/2025-04-21',1744675200
2855,25,3,84.46503218098107,0.00721307932657,b'ACCESS-CM2',7,0.0001468852135385,296.99687700103,224.41958500606992,b'ssp245',3.946142414305683,284.2604688958731,296.842162699988,273.15651583650026,b'2025-04-22/2025-04-28',1745280000
2855,25,3,86.9401070130442,0.0092324864200176,b'ACCESS-CM2',7,0.0001361591071358,327.48255086089733,215.21458623898167,b'ssp245',4.549533096247756,288.1554230441276,295.8768985407139,276.6645086576191,b'2025-04-29/2025-05-05',1745884800
2855,25,3,66.6824624891942,0.0046401597863943,b'ACCESS-CM2',7,2.2792290395053103e-06,262.1807577458331,282.1304195678254,b'ssp245',5.485316499277366,281.77131541182354,292.28762734679344,273.1433013667905,b'2025-05-06/2025-05-12',1746489600
2855,25,3,77.6173982353176,0.0080301244412055,b'ACCESS-CM2',7,8.834077896429886e-05,305.3302480609267,275.524867968646,b'ssp245',3.146884234370931,287.4036655049429,298.4224571221135,273.67995824357246,b'2025-05-13/2025-05-19',1747094400
2855,25,3,82.43667241400603,0.0095640379498746,b'ACCESS-CM2',7,0.0004623322442937,316.0480859047336,277.560649033469,b'ssp245',3.4772482039405688,289.5840342373121,298.4693814685135,276.8621007683261,b'2025-05-20/2025-05-26',1747699200
2855,25,3,78.25008680713086,0.0101979130048317,b'ACCESS-CM2',7,0.0002841634754905,310.50271399292825,325.2100170380162,b'ssp245',3.537301136503097,290.19664921639327,302.750404061556,274.07318823727377,b'2025-05-27/2025-06-02',1748304000
2855,25,3,80.47867460764057,0.0101489749232181,b'ACCESS-CM2',7,0.0004337209583885,330.8085046980608,282.45266321339534,b'ssp245',3.622154056772076,290.67004986057924,302.17105866167714,279.94846562469127,b'2025-06-03/2025-06-09',1748908800
2855,25,3,76.72293715723745,0.01260780630308,b'ACCESS-CM2',7,0.0001787880356532,345.32905958852297,323.69842830967593,b'ssp245',2.9061607284720656,294.8931977275356,305.8477510557372,282.5230009084148,b'2025-06-10/2025-06-16',1749513600
2855,25,3,78.76206774975594,0.0120387101842308,b'ACCESS-CM2',7,0.0004165672205534,342.06261973492417,295.0408549873055,b'ssp245',3.83299698554588,293.3043491680063,303.62525015041,281.528476842589,b'2025-06-17/2025-06-23',1750118400
2855,25,3,79.80819406778923,0.0145598131771959,b'ACCESS-CM2',7,0.000180749287003,362.1779095724423,308.4435197173248,b'ssp245',3.2919467165633494,296.646709639544,308.85340568452887,282.29520976575725,b'2025-06-24/2025-06-30',1750723200
2855,25,3,71.7798539522402,0.0132715478611578,b'ACCESS-CM2',7,0.0001194810083257,356.9896277372168,289.8136943010287,b'ssp245',3.5516575437343443,296.51193917442214,308.2095161582719,284.1579667585005,b'2025-07-01/2025-07-07',1751328000
2855,25,3,71.45712377597691,0.0113507949117729,b'ACCESS-CM2',7,0.0001945959784039,337.2722369922731,313.7122369939272,b'ssp245',4.241414159847884,292.9224356113364,302.4510922039965,279.87736683529346,b'2025-07-08/2025-07-14',1751932800
2855,25,3,80.46091348005886,0.0164517572804408,b'ACCESS-CM2',7,0.0003447401543601,379.1281644826336,271.7038142900495,b'ssp245',3.461329579445635,299.0779069818547,310.03765750598984,285.65193949546915,b'2025-07-15/2025-07-21',1752537600
2855,25,3,69.11530176453904,0.0114731090329611,b'ACCESS-CM2',7,0.0001190195217321,339.3894153870156,307.2080267693153,b'ssp245',3.237641841538537,293.21205085796726,304.6315745945545,280.8526681901747,b'2025-07-22/2025-07-28',1753142400
2855,25,3,74.32209974991181,0.0128119664757305,b'ACCESS-CM2',7,0.0003931931928304,349.84202592027367,281.7764657345844,b'ssp245',3.025172376712686,294.35403350227523,308.4521884659764,278.12983178446285,b'2025-07-29/2025-08-04',1753747200
2855,25,3,74.19332014205209,0.0134124631174643,b'ACCESS-CM2',7,0.000305875293021,364.4253483918855,241.98274987102985,b'ssp245',3.182125005480212,295.978455184521,307.28486317649225,282.61201007019423,b'2025-08-05/2025-08-11',1754352000
2855,25,3,75.50617841444164,0.0108421511580578,b'ACCESS-CM2',7,4.6452928831236935e-05,345.454968338121,245.7188932187696,b'ssp245',3.5972791773563104,292.8870921325092,300.51653308403195,281.7687084883747,b'2025-08-12/2025-08-18',1754956800
2855,25,3,81.73195240583429,0.0117792779792968,b'ACCESS-CM2',7,0.0005703055108378,354.2617979326591,204.62833389477169,b'ssp245',3.480430259783354,293.0242337965168,301.47491774864847,280.1437425070661,b'2025-08-19/2025-08-25',1755561600
2855,25,3,81.34498649751744,0.011019943094758,b'ACCESS-CM2',7,0.0001091913138888,344.9644468363862,219.94234341414517,b'ssp245',2.902001893232677,292.3678919090303,299.3472577571438,279.20208624449526,b'2025-08-26/2025-09-01',1756166400
2855,25,3,71.41323944792806,0.010590640547619,b'ACCESS-CM2',7,0.0001835013983563,340.112524351838,220.38009025050928,b'ssp245',4.922617290508887,292.4490206279451,303.21408654465364,279.50091803601543,b'2025-09-02/2025-09-08',1756771200
2855,25,3,85.14204905715845,0.0118442194510848,b'ACCESS-CM2',7,0.0010810527586785,359.98611434836096,164.71802670799664,b'ssp245',3.678726500719651,292.2546035032116,301.8660278320312,273.70579240724857,b'2025-09-09/2025-09-15',1757376000
2855,25,3,75.45163064637418,0.0102248844156513,b'ACCESS-CM2',7,0.0004529892039198,343.37251702541374,186.74574225830992,b'ssp245',3.9225763187421983,291.7322384505321,303.35004480873664,280.24463668037555,b'2025-09-16/2025-09-22',1757980800
2855,25,3,81.31759222948499,0.0089059788913999,b'ACCESS-CM2',7,0.0003966198870607,329.94355884000146,171.5983660258944,b'ssp245',3.363976475130682,288.7794079654431,296.59054413806666,277.8192915808756,b'2025-09-23/2025-09-29',1758585600
2855,25,3,80.47412797487507,0.0089556733165539,b'ACCESS-CM2',7,0.0002023042295465,325.97991103722296,172.27921971956025,b'ssp245',3.766841818031333,288.7248598916682,298.54052028638773,277.0457159660911,b'2025-09-30/2025-10-06',1759190400
2855,25,3,81.82942338530701,0.007626330001999,b'ACCESS-CM2',7,0.0002903690756899,323.6752491949881,132.48563926126712,b'ssp245',3.9267999135320255,287.2610838512618,294.41483147680594,277.1706200300732,b'2025-10-07/2025-10-13',1759795200
2855,25,3,76.31443645828291,0.005610632182211,b'ACCESS-CM2',7,0.0002432323425806,290.603854583177,145.54766167140892,b'ssp245',4.283823759452129,282.4040155768902,293.11686184132753,273.0426435048449,b'2025-10-14/2025-10-20',1760400000
2855,25,3,78.25380849302898,0.005197866195612,b'ACCESS-CM2',7,0.0004038406803468,291.2526847513464,123.89076111710196,b'ssp245',5.364252019226973,281.384554573637,291.14420454375033,270.6777480210715,b'2025-10-21/2025-10-27',1761004800
2855,25,3,82.41026748911244,0.007166521605282,b'ACCESS-CM2',7,8.709539614835761e-05,307.56469334311777,128.0275240878564,b'ssp245',4.327250295430556,284.765483108424,295.5196457942973,272.6405444468263,b'2025-10-28/2025-11-03',1761609600
2855,25,3,85.51969093365088,0.0062883118761719,b'ACCESS-CM2',7,0.0003555963574611,307.2074387181511,94.94525702566712,b'ssp245',4.693371718245823,282.76911406616097,291.6489355126909,273.1765039955697,b'2025-11-04/2025-11-10',1762214400
2855,25,3,82.59063611908687,0.006245656839057,b'ACCESS-CM2',7,0.0005075552823123,304.9434204534772,97.19053390075626,b'ssp245',5.606089994082497,282.2683314905426,291.5685512470359,271.2698741109929,b'2025-11-11/2025-11-17',1762819200
2855,25,3,68.03697885662713,0.0029211617621152,b'ACCESS-CM2',7,8.85711669006504e-06,252.599467241221,98.4008702470004,b'ssp245',6.892110577028388,274.10910372476235,284.3874658930916,268.5199122924253,b'2025-11-18/2025-11-24',1763424000
2855,25,3,78.01513051205195,0.0037118461299307,b'ACCESS-CM2',7,0.000227552614556,267.3583346396542,90.47559652354336,b'ssp245',5.265392946449305,275.196995570623,284.9611748313731,268.61120012760585,b'2025-11-25/2025-12-01',1764028800
2855,25,3,75.9573810285469,0.0022832508050216,b'ACCESS-CM2',7,0.0001768931434293,241.3838903899961,84.792111624101,b'ssp245',7.658267976853412,268.6658568894852,276.87169624473336,258.1112234499827,b'2025-12-02/2025-12-08',1764633600
2855,25,3,81.13982702086149,0.0017539319028945,b'ACCESS-CM2',7,6.766805748293705e-05,222.95232314069065,90.0987416581348,b'ssp245',5.263926122739001,265.3036994535333,271.6169434972141,258.09438405988874,b'2025-12-09/2025-12-15',1765238400
2855,25,3,78.81077494801573,0.0032762214963588,b'ACCESS-CM2',7,0.0006959323092058,265.3791865241621,73.92753232551522,b'ssp245',6.376793953292153,272.3690311846879,283.7341698954099,256.11320069682625,b'2025-12-16/2025-12-22',1765843200
2855,25,3,77.93966527218387,0.0026483848185573,b'ACCESS-CM2',7,0.0005211555032846,242.1320100952416,79.77574695090445,b'ssp245',5.73422496462502,270.14912621112524,283.0064904299962,257.74037257248784,b'2025-12-23/2025-12-29',1766448000
2855,25,3,75.96040991983624,0.0033442878401357,b'ACCESS-CM2',7,0.0001328845141647,267.8601640835933,73.14442394225578,b'ssp245',4.888832210556032,275.54097262313707,280.9868015747621,269.8203541825457,b'2025-12-30/2026-01-05',1767052800
2855,25,3,74.18360096193894,0.0023988014542616,b'ACCESS-CM2',7,0.000425483961222,248.17505067910727,82.10337454864387,b'ssp245',8.128754570985981,270.4172622261239,283.2244669044997,259.34353075311753,b'2026-01-06/2026-01-12',1767657600
2855,25,3,73.5713101193926,0.0031581175471529,b'ACCESS-CM2',7,0.0003411186562521,261.74228948124727,85.01927194067363,b'ssp245',5.321646837253449,274.1262515003196,280.6472918089166,262.67407289968486,b'2026-01-13/2026-01-19',1768262400
2855,25,3,72.07164394158612,0.0024986600107071,b'ACCESS-CM2',7,5.8760522111935256e-05,244.0642183515268,100.5816390662366,b'ssp245',5.96983934584118,271.10827476825386,277.8989281520826,259.4193136461597,b'2026-01-20/2026-01-26',1768867200
2855,25,3,74.30926185220974,0.0022371097610019,b'ACCESS-CM2',7,0.0002432559430489,239.73043952417115,109.93267561454344,b'ssp245',6.681407958219121,269.9207011503563,277.093120902319,262.912146839669,b'2026-01-27/2026-02-02',1769472000
2855,25,3,77.30972443335838,0.0024812544631522,b'ACCESS-CM2',7,0.0001141307501594,246.67091044131695,118.40451287577146,b'ssp245',4.755621807269703,270.98155808851845,279.0731120949515,261.39273898323694,b'2026-02-03/2026-02-09',1770076800
2855,25,3,77.75570123367024,0.002719341801137,b'ACCESS-CM2',7,0.0002907021504919,251.3431715877275,122.93034419700828,b'ssp245',5.363252942555026,270.9693353554251,281.9597156665943,258.37186465655344,b'2026-02-10/2026-02-16',1770681600
2855,25,3,73.82234326041518,0.0026857516069675,b'ACCESS-CM2',7,0.0004195672828698,241.21774691922505,131.30882873023182,b'ssp245',6.996704183773681,269.358364214019,287.587946918491,254.0957715345484,b'2026-02-17/2026-02-23',1771286400
2855,25,3,74.60529209293999,0.0016019414253692,b'ACCESS-CM2',7,8.125427363362782e-05,205.0634048979795,175.05562828832907,b'ssp245',5.28574579973377,265.1241249185883,277.4133089060382,252.4414948805453,b'2026-02-24/2026-03-02',1771891200
2855,25,3,79.0332827452983,0.0044368001237159,b'ACCESS-CM2',7,0.0006828463446056,273.70429083725327,148.55756604426873,b'ssp245',6.424371653025281,276.9162909763369,290.4921567618793,265.9824164165713,b'2026-03-03/2026-03-09',1772496000
2855,25,3,69.06161875274968,0.0024562289019116,b'ACCESS-CM2',7,8.81838635137217e-05,231.6841911427173,177.92437148281857,b'ssp245',7.055960625460076,270.30922654176896,283.43562026054013,252.38201945648603,b'2026-03-10/2026-03-16',1773100800
2855,25,3,78.90035369248832,0.0031795029854503,b'ACCESS-CM2',7,0.0003948745167948,245.69330127975493,186.385507098966,b'ssp245',4.738769825850321,273.3248108634796,284.0847734487476,259.98405287000867,b'2026-03-17/2026-03-23',1773705600
2855,25,3,79.76303223705796,0.0044950028434157,b'ACCESS-CM2',7,0.0001733187412757,258.0145625420764,206.72759298614287,b'ssp245',4.810700605509126,277.3099674309033,292.21348473911576,265.8278370265392,b'2026-03-24/2026-03-30',1774310400
2855,25,3,79.65146397319758,0.0049790547356205,b'ACCESS-CM2',7,6.160855948265493e-05,269.3864425972271,216.1651247846401,b'ssp245',4.441286611347786,280.0460128833407,292.6580705237797,267.854112936983,b'2026-03-31/2026-04-06',1774915200
2855,25,3,79.90974132081496,0.0058960712389282,b'ACCESS-CM2',7,0.0007205959035685,280.93518734335174,189.670021830997,b'ssp245',5.972957507766189,281.2597105917522,293.3250600923367,266.38062808097965,b'2026-04-07/2026-04-13',1775520000
2855,25,3,76.25008026764984,0.0057814519858769,b'ACCESS-CM2',7,7.068637677110488e-05,281.1532632293878,228.88860968297985,b'ssp245',4.869712128548764,282.422207267073,294.0921967738151,272.2977347852092,b'2026-04-14/2026-04-20',1776124800
2855,25,3,76.47593746857267,0.0051280648070127,b'ACCESS-CM2',7,1.6653009349288747e-06,260.4654819509693,262.59242817416833,b'ssp245',3.55915509057608,281.1519240023536,291.88496576738225,270.9176923274562,b'2026-04-21/2026-04-27',1776729600
2855,25,3,84.79898419726631,0.0074614467450732,b'ACCESS-CM2',7,0.0003100701440321,300.9861043845627,235.1133049760484,b'ssp245',3.5951985256766354,285.6529421489428,294.02026640108926,273.7219447796692,b'2026-04-28/2026-05-04',1777334400
2855,25,3,74.43179862898293,0.005769084181543,b'ACCESS-CM2',7,0.0002478010722619,281.8879555054735,255.21843625456452,b'ssp245',5.613578583228386,283.2664193273867,294.0556504439962,272.3795664166155,b'2026-05-05/2026-05-11',1777939200
2855,25,3,79.88875004355715,0.0089951373466298,b'ACCESS-CM2',7,0.0001184882819054,298.72041502945314,294.8153358840499,b'ssp245',4.007980545315685,288.4586075543895,298.6903526630074,278.04868433124426,b'2026-05-12/2026-05-18',1778544000
2855,25,3,78.37868886985291,0.0083911921553758,b'ACCESS-CM2',7,0.0001680451414451,304.33019866726755,282.4617009789948,b'ssp245',3.789229764171008,288.18124859089045,297.5441490662668,276.33621626580845,b'2026-05-19/2026-05-25',1779148800
2855,25,3,90.25163841469085,0.0094387164981937,b'ACCESS-CM2',7,0.0007009809510303,327.2484024723263,237.703638287233,b'ssp245',3.821213404491403,287.8432205127337,298.1612612509792,278.50149649160875,b'2026-05-26/2026-06-01',1779753600
2855,25,3,87.47426912802727,0.0109521694753473,b'ACCESS-CM2',7,0.0007459501947795,331.57302430719386,267.9883987794985,b'ssp245',3.241043624777627,290.49722389677044,299.0635314224642,279.7889589276955,b'2026-06-02/2026-06-08',1780358400
2855,25,3,78.97134853298546,0.0120488747035905,b'ACCESS-CM2',7,0.0003934213551559,338.15918930079306,306.7910241237654,b'ssp245',4.26695303686789,293.6567609380608,302.88575351787455,283.25702541113543,b'2026-06-09/2026-06-15',1780963200
2855,25,3,74.10756569878488,0.0114150550659922,b'ACCESS-CM2',7,0.0003789839544426,337.4225113125736,315.5772253202152,b'ssp245',3.970931595303132,293.0478898384507,301.6423227918395,280.6779167912732,b'2026-06-16/2026-06-22',1781568000
2855,25,3,81.68959828927018,0.0113325486267806,b'ACCESS-CM2',7,0.0003620241305956,340.40678283872563,285.0635543687372,b'ssp245',3.3103330434868603,291.8763180569166,299.32915587110784,282.4599369810633,b'2026-06-23/2026-06-29',1782172800
2855,25,3,80.28093490078766,0.015352387903317,b'ACCESS-CM2',7,0.0003486539631188,367.1243868837788,309.5410581660864,b'ssp245',3.2927611347074923,297.93891898271016,307.0817253574553,285.1290144812662,b'2026-06-30/2026-07-06',1782777600
2855,25,3,68.31543614230843,0.0104159081302696,b'ACCESS-CM2',7,6.851705597067914e-05,335.2696787614732,304.4517641538865,b'ssp245',4.5598981282313815,293.0579005531963,304.51781358176123,277.7057793125335,b'2026-07-07/2026-07-13',1783382400
2855,25,3,86.62772431806188,0.0148359808324709,b'ACCESS-CM2',7,0.0006837661054895,365.4915506321316,263.919733846706,b'ssp245',4.399961809355729,296.00571617985986,302.92252372596965,281.0044856428992,b'2026-07-14/2026-07-20',1783987200
2855,25,3,80.83354527228168,0.014660380128807,b'ACCESS-CM2',7,0.0005806565756468,364.98715460828106,256.35345573390833,b'ssp245',4.017267132531536,295.9786863407021,304.35318470087367,282.4221834012163,b'2026-07-21/2026-07-27',1784592000
2855,25,3,80.45023619213293,0.0137731814928855,b'ACCESS-CM2',7,0.0003310439576233,359.26921548029884,256.6973549486791,b'ssp245',3.58835736195154,295.4334078483665,302.4095560985313,281.6323632823527,b'2026-07-28/2026-08-03',1785196800
2855,25,3,75.86914482023165,0.0132731265048422,b'ACCESS-CM2',7,0.0003094452909394,357.1516100600052,258.4559096925749,b'ssp245',3.1365233860041712,295.36263209869816,305.3578888738919,283.1206316857479,b'2026-08-04/2026-08-10',1785801600
2855,25,3,70.94483107033814,0.0117919810355701,b'ACCESS-CM2',7,1.705653856386392e-05,346.6001396420417,264.9405567869707,b'ssp245',2.7495949424486925,293.9111958049716,305.67795271214425,283.2274326231421,b'2026-08-11/2026-08-17',1786406400
2855,25,3,75.99604264959733,0.0138754307512702,b'ACCESS-CM2',7,0.0003022660691176,365.777449767964,231.1541472821562,b'ssp245',3.831820683043024,296.8049131347404,306.28866455850016,288.2231465437009,b'2026-08-18/2026-08-24',1787011200
2855,25,3,82.11803824099466,0.0142247038451716,b'ACCESS-CM2',7,0.0003496490732842,363.4601375330246,230.7225672945482,b'ssp245',2.812349733021477,295.8798089819364,306.2017181589459,282.61571948595054,b'2026-08-25/2026-08-31',1787616000
2855,25,3,74.10703858973548,0.0122605003440574,b'ACCESS-CM2',7,0.000197502329419,354.2026319337638,224.54987153552824,b'ssp245',3.849595870890453,295.1370150843871,306.0293103005289,279.9352644702391,b'2026-09-01/2026-09-07',1788220800
2855,25,3,70.44071552150093,0.0090906693965964,b'ACCESS-CM2',7,9.813077881249484e-05,326.99419912391664,219.85544514013017,b'ssp245',3.3850448239863438,290.2131229232766,300.4022827148437,277.8545760212444,b'2026-09-08/2026-09-14',1788825600
2855,25,3,76.25777467596467,0.0092938551600531,b'ACCESS-CM2',7,0.0003607805092369,328.2410420964096,194.30572861058428,b'ssp245',4.587983772022091,289.9397860025033,301.38472162675725,277.91343919156145,b'2026-09-15/2026-09-21',1789430400
2855,25,3,79.74114754923328,0.0087977240772734,b'ACCESS-CM2',7,0.0005275577758012,326.68517240553086,175.81366975877586,b'ssp245',4.680390365770792,288.8688896081727,297.0447708309074,278.3520372178819,b'2026-09-22/2026-09-28',1790035200
2855,25,3,73.14690975829669,0.0060724001148865,b'ACCESS-CM2',7,0.0001240989514828,295.9486267034708,175.64220451800983,b'ssp245',4.899641926972569,284.7477769860299,294.738018280553,276.435406830468,b'2026-09-29/2026-10-05',1790640000
2855,25,3,76.03351678379366,0.0070459618851381,b'ACCESS-CM2',7,0.000239899760143,312.7206322008724,152.59122061794042,b'ssp245',5.611380707203826,285.62984378040335,297.52019475232186,272.89010493305204,b'2026-10-06/2026-10-12',1791244800
2855,25,3,77.91373165365432,0.0069095703186931,b'ACCESS-CM2',7,0.0004689212239725,301.246820481089,148.0807043625195,b'ssp245',4.811515662574448,285.17289215808586,295.98964243874207,275.6571809928914,b'2026-10-13/2026-10-19',1791849600
2855,25,3,74.47160518841676,0.0045997656648106,b'ACCESS-CM2',7,4.217707122049388e-06,285.6593088860634,126.36262935865366,b'ssp245',4.71751601478487,279.9253153735121,286.54472746672445,272.68423550131087,b'2026-10-20/2026-10-26',1792454400
2855,25,3,75.06591198062539,0.0044532137174362,b'ACCESS-CM2',7,0.0001442136001926,275.7250988810489,120.63980985300078,b'ssp245',5.2241413089318,278.8324668924644,288.3450274652689,268.3811447295177,b'2026-10-27/2026-11-02',1793059200
2855,25,3,80.41395284505269,0.0041839131780589,b'ACCESS-CM2',7,0.000416053602249,271.96028253188786,114.92064939767933,b'ssp245',5.206474915337202,276.5078444038457,287.5725499870762,265.2865963929821,b'2026-11-03/2026-11-09',1793664000
2855,25,3,81.55066778281684,0.0052361402287189,b'ACCESS-CM2',7,0.0003683967596195,290.8524261959015,102.86875388785042,b'ssp245',4.432444153516303,280.4177237902168,290.1029656745339,272.3141096850828,b'2026-11-10/2026-11-16',1794268800
2855,25,3,80.07420604221896,0.0041569043802386,b'ACCESS-CM2',7,0.0004983940718424,275.4030921277361,90.9474056449178,b'ssp245',6.575186363203722,276.12014270348766,287.28557883713194,264.0880111515145,b'2026-11-17/2026-11-23',1794873600
2855,25,3,78.90548403202479,0.0037879705007102,b'ACCESS-CM2',7,0.0005192272046155,268.82266852280014,88.57760606333274,b'ssp245',5.257825206581093,274.8849893418077,285.5826783494682,266.0380123038494,b'2026-11-24/2026-11-30',1795478400
2855,25,3,80.81724184936886,0.0043169918857624,b'ACCESS-CM2',7,0.0008088772122558,271.71724530302606,77.70989680391754,b'ssp245',5.529128900080715,276.3056207534528,288.0334824973005,262.4778065806374,b'2026-12-01/2026-12-07',1796083200
2855,25,3,67.08955939727716,0.0024170204631245,b'ACCESS-CM2',7,1.7373221958427032e-05,244.19823794008636,84.0240876250366,b'ssp245',7.453948742621236,272.35089314148524,281.530814152746,266.81426643571444,b'2026-12-08/2026-12-14',1796688000
2855,25,3,72.48693110315487,0.0022057631692766,b'ACCESS-CM2',7,3.119302777069698e-05,229.4711016592079,88.21066218312285,b'ssp245',6.192097457951461,269.2253566362393,276.5663026225599,255.64354248873903,b'2026-12-15/2026-12-21',1797292800
2855,25,3,73.93923632082347,0.0020454404540842,b'ACCESS-CM2',7,0.0001368951479608,224.91636782951517,86.80669112875624,b'ssp245',5.370546593852528,267.7134967389945,283.5782694829511,256.0666558214857,b'2026-12-22/2026-12-28',1797897600
2855,25,3,78.35052637820674,0.0038139067895448,b'ACCESS-CM2',7,0.0001830781431474,271.31470955890416,79.53024370068194,b'ssp245',5.596118906233784,276.0994580355378,284.209769534117,270.858779066408,b'2026-12-29/2027-01-04',1798502400
2855,25,3,68.80240132815145,0.0026370186118557,b'ACCESS-CM2',7,3.5296721516053848e-06,239.16988634795487,95.52448593082543,b'ssp245',6.387661943375363,273.0875103505353,277.86817715721503,267.100785197712,b'2027-01-05/2027-01-11',1799107200
2855,25,3,77.08220522461251,0.0029583508751221,b'ACCESS-CM2',7,0.0004039174716158,262.4610367323417,81.68926188850082,b'ssp245',5.399733563764185,273.2717655116411,279.2522440482176,267.2039131915773,b'2027-01-12/2027-01-18',1799712000
2855,25,3,74.97621761474136,0.0017095534965623,b'ACCESS-CM2',7,0.0002515961191667,230.98860819254523,99.16364243680052,b'ssp245',7.827579819136148,265.65367626033145,273.9885596022911,253.69295058556253,b'2027-01-19/2027-01-25',1800316800
2855,25,3,78.20089664821056,0.0019533104135667,b'ACCESS-CM2',7,0.000221685478755,235.57968400755087,100.42425115321709,b'ssp245',6.361216495107535,266.7022728156329,280.50555938196914,253.11915524972912,b'2027-01-26/2027-02-01',1800921600
2855,25,3,75.16210749152707,0.0021409695188594,b'ACCESS-CM2',7,0.000256318082575,228.7917068585809,128.34515391246535,b'ssp245',5.633716534639054,268.5421778646526,279.319952988043,256.7038055668032,b'2027-02-02/2027-02-08',1801526400
2855,25,3,73.86553606591326,0.0026058845239512,b'ACCESS-CM2',7,0.000202582328836,238.02095667570384,133.4822717618136,b'ssp245',7.1169222321629055,270.42432193950555,283.87199626533203,259.8697017128659,b'2027-02-09/2027-02-15',1802131200
2855,25,3,72.77542323674797,0.0019173892746567,b'ACCESS-CM2',7,7.164407976339564e-05,212.08080601984489,158.96440489686893,b'ssp245',5.4485209858606725,267.2802592637016,276.99407964497937,252.9262938322844,b'2027-02-16/2027-02-22',1802736000
2855,25,3,76.72590409280222,0.0024350715967366,b'ACCESS-CM2',7,0.0007004831694826,234.9439090891705,152.4878665413575,b'ssp245',7.705523785967598,269.94161136640486,278.7308696412566,259.4167738503557,b'2027-02-23/2027-03-01',1803340800
2855,25,3,78.41609925493945,0.0026885145658877,b'ACCESS-CM2',7,0.0001876314782728,237.50072475605157,176.17107305404892,b'ssp245',4.878672729108945,270.7536720416672,282.56583363878474,260.5222385754538,b'2027-03-02/2027-03-08',1803945600
2855,25,3,73.47540576406594,0.0030022715098779,b'ACCESS-CM2',7,0.0004576503410822,246.00460698857185,177.35960979710268,b'ssp245',7.450667876399767,273.6310564927984,284.18395621171373,266.5912309351976,b'2027-03-09/2027-03-15',1804550400
2855,25,3,78.01082718253888,0.0038267001690546,b'ACCESS-CM2',7,0.0002701000893695,256.1749866685954,199.0197212375784,b'ssp245',5.417169617505084,276.04826358327983,286.5897094395748,267.6705680095945,b'2027-03-16/2027-03-22',1805155200
2855,25,3,72.9006339508974,0.0032183169817847,b'ACCESS-CM2',7,0.000190981533115,234.12028339980165,226.14394901958423,b'ssp245',5.255902174073259,274.25428917491365,286.6803254469515,264.4917921774432,b'2027-03-23/2027-03-29',1805760000
2855,25,3,68.62929820977482,0.0027621123179094,b'ACCESS-CM2',7,8.027105985215666e-05,232.87602324466695,230.3417331972712,b'ssp245',5.546984246106651,272.5842949304446,281.92969648710965,260.2420515906412,b'2027-03-30/2027-04-05',1806364800
2855,25,3,72.53192700661602,0.0038256837396835,b'ACCESS-CM2',7,0.0001648988545671,250.0411914210578,224.68397920327672,b'ssp245',4.947822100732507,276.97850084077123,285.7577497832065,263.5890710239703,b'2027-04-06/2027-04-12',1806969600
2855,25,3,88.16167914075132,0.0061431733885598,b'ACCESS-CM2',7,0.0006641235715995,292.13915903778405,202.22911541316407,b'ssp245',3.628572481849883,281.92241775920303,288.36921028888423,274.14664903759626,b'2027-04-13/2027-04-19',1807574400
2855,25,3,80.67594945801504,0.006642573905258,b'ACCESS-CM2',7,0.0001898554662832,274.19923139575343,250.74066718585533,b'ssp245',3.328515501634,283.51791050234425,293.9093329094505,271.1398660027453,b'2027-04-20/2027-04-26',1808179200
2855,25,3,82.76838241716955,0.0078682436435671,b'ACCESS-CM2',7,0.0002336006932242,301.952562927569,241.7942194075319,b'ssp245',4.050222182000033,286.16787457044603,303.3145245532248,272.54245618149946,b'2027-04-27/2027-05-03',1808784000
2855,25,3,76.25614551913893,0.0093780934113197,b'ACCESS-CM2',7,0.0001171578447463,306.46181264442384,291.1950153031338,b'ssp245',5.3205540269124825,289.8276210484127,302.563276364982,276.5737350450083,b'2027-05-04/2027-05-10',1809388800
2855,25,3,74.62505560134176,0.0077971957370906,b'ACCESS-CM2',7,0.0001328096757068,288.54863948430653,303.4743273561885,b'ssp245',4.995835122146487,287.0731881112494,301.9308984165484,272.35309367192787,b'2027-05-11/2027-05-17',1809993600
2855,25,3,79.67469440046195,0.0091861624659238,b'ACCESS-CM2',7,0.000379526813311,307.36623469702363,300.285712117702,b'ssp245',3.337063342898195,289.20396724813656,299.4855270868179,273.89004243680125,b'2027-05-18/2027-05-24',1810598400
2855,25,3,82.99198043809459,0.0113104027110045,b'ACCESS-CM2',7,4.62056004983575e-05,325.61165081028594,327.5241363048861,b'ssp245',2.7500930012141613,291.8594154026111,303.02856963587533,276.1996485323333,b'2027-05-25/2027-05-31',1811203200
2855,25,3,74.44697492429403,0.009606834304163,b'ACCESS-CM2',7,0.0001296070130471,307.43732916614994,336.7879901275064,b'ssp245',3.997348026116135,290.49884054863554,302.0113429178928,276.4079612173685,b'2027-06-01/2027-06-07',1811808000
2855,25,3,77.00289635258899,0.0116813953981285,b'ACCESS-CM2',7,0.0003625145173451,339.73863523657786,290.29563037588264,b'ssp245',4.439912574770281,293.23958046627985,306.4409751995469,279.66471833846754,b'2027-06-08/2027-06-14',1812412800
2855,25,3,72.6316788786995,0.0111915545103835,b'ACCESS-CM2',7,8.753083685703961e-05,336.30788398493576,316.71117684776226,b'ssp245',3.7275230053209887,293.10119112994164,306.92066287046737,281.2917358343301,b'2027-06-15/2027-06-21',1813017600
2855,25,3,78.73784704401594,0.0120772273499786,b'ACCESS-CM2',7,0.0001997236688966,347.3235741001296,279.88803288637854,b'ssp245',3.3959591972672527,293.72254377328926,306.1792543543924,283.5440920835803,b'2027-06-22/2027-06-28',1813622400
2855,25,3,74.50026640902489,0.0126094394874854,b'ACCESS-CM2',7,0.0002142906313415,343.8093426062347,318.7289736840413,b'ssp245',3.76111680296163,294.499507300022,304.45088999402765,280.2409523513366,b'2027-06-29/2027-07-05',1814227200
2855,25,3,71.46644060964628,0.0136246366635712,b'ACCESS-CM2',7,8.026187085279539e-05,355.98154536793805,319.8058420049096,b'ssp245',3.743430434265264,296.5306335835168,309.6636894798106,283.2919580309694,b'2027-07-06/2027-07-12',1814832000
2855,25,3,77.58091856695202,0.0145812256308338,b'ACCESS-CM2',7,0.0005247793330873,363.41965916941655,287.7684667323662,b'ssp245',3.065602061302066,296.6230539678066,306.9108611316215,282.91446540370754,b'2027-07-13/2027-07-19',1815436800
2855,25,3,89.7253270658128,0.0158802146431702,b'ACCESS-CM2',7,0.0002949507592279,374.8872769078003,254.4848214667725,b'ssp245',3.182552976875339,297.4871904228191,305.2697450384538,290.10122159632243,b'2027-07-20/2027-07-26',1816041600
2855,25,3,76.55496776136279,0.0142123014428772,b'ACCESS-CM2',7,9.081786048020471e-06,360.7728437600189,282.51684921605306,b'ssp245',1.9165426838365671,296.2826904462281,305.70768923875755,283.5891947483521,b'2027-07-27/2027-08-02',1816646400
2855,25,3,84.04762863235975,0.0166512567845361,b'ACCESS-CM2',7,0.0004860439452109,381.1786885406143,243.40303726186443,b'ssp245',3.2727420612187026,299.13528858263084,308.9552878609841,289.1189656244706,b'2027-08-03/2027-08-09',1817251200
2855,25,3,81.52591635516603,0.0122843641956748,b'ACCESS-CM2',7,0.000278575547396,353.22272944650365,238.57469791417765,b'ssp245',3.433049754606306,293.8163748541898,305.97795569498254,283.122802265722,b'2027-08-10/2027-08-16',1817856000
2855,25,3,80.5609080154275,0.0140818833466149,b'ACCESS-CM2',7,0.0001384227644029,365.47307414272575,233.7479935745867,b'ssp245',2.572203906694063,296.51080716485467,307.7378864787996,287.8823218754851,b'2027-08-17/2027-08-23',1818460800
2855,25,3,81.32653370954586,0.0140366878158356,b'ACCESS-CM2',7,0.0005350463999357,371.5961886730974,207.1567483750108,b'ssp245',2.7395987490220657,296.6226955467477,305.53444841862154,286.43088871267537,b'2027-08-24/2027-08-30',1819065600
2855,25,3,83.72465318814447,0.0136552462397568,b'ACCESS-CM2',7,0.0001029530647463,362.2035950077228,220.61020701259835,b'ssp245',2.421660288270327,295.7630964873114,304.4509723942454,287.2577422020558,b'2027-08-31/2027-09-06',1819670400
2855,25,3,74.12958874655071,0.0116006726269743,b'ACCESS-CM2',7,0.0002756939571823,342.31451666488965,221.6046834215377,b'ssp245',3.5629837107759914,293.62459007831274,306.25096379859866,279.6832777676328,b'2027-09-07/2027-09-13',1820275200
2855,25,3,77.44082110330262,0.0113174888599941,b'ACCESS-CM2',7,0.0001372402090257,352.9439943091825,192.95375445212431,b'ssp245',4.147063096487409,293.4388022172342,302.88264786497143,281.2293515364759,b'2027-09-14/2027-09-20',1820880000
2855,25,3,75.21705966033323,0.0095025107526163,b'ACCESS-CM2',7,0.0002626121604202,330.14637877055327,183.58984254686152,b'ssp245',5.06354948277165,290.3407996996462,302.8805251978708,277.5351924465493,b'2027-09-21/2027-09-27',1821484800
2855,25,3,81.64365754205652,0.0098738068604646,b'ACCESS-CM2',7,1.8268345485162456e-05,325.3054471352528,196.10252543415064,b'ssp245',2.7947127451233924,290.0538459095528,301.6243756991199,274.2578679388885,b'2027-09-28/2027-10-04',1822089600
2855,25,3,87.02802495578592,0.0097057356027764,b'ACCESS-CM2',7,0.000480765547639,336.7984733192639,144.77595895040355,b'ssp245',3.5161645311527145,289.4834630919173,296.59899483312864,276.20173756669203,b'2027-10-05/2027-10-11',1822694400
2855,25,3,82.50196009276681,0.0080354000697846,b'ACCESS-CM2',7,0.0001292869801498,316.9046656143005,155.54871312583364,b'ssp245',3.1389161695863583,287.7658003077136,295.6718746967539,278.15920132823965,b'2027-10-12/2027-10-18',1823299200
2855,25,3,86.09625000657687,0.0084330434174812,b'ACCESS-CM2',7,0.0001624380929812,337.29991366703564,116.56153169406244,b'ssp245',4.372916582830952,288.93548572957246,295.4679017381401,283.2044093572242,b'2027-10-19/2027-10-25',1823904000
2855,25,3,79.44785252126943,0.0067272099802948,b'ACCESS-CM2',7,0.0006728170091877,304.7234447192247,112.82942573644831,b'ssp245',5.450582303944242,284.68666332450147,292.17425801760453,274.38378812519403,b'2027-10-26/2027-11-01',1824508800
2855,25,3,71.86141039722425,0.0038458264695393,b'ACCESS-CM2',7,2.074759311022967e-05,265.3964647270199,119.73803445991044,b'ssp245',5.426041928394823,276.2886831707178,288.00582312331505,268.28842413953106,b'2027-11-02/2027-11-08',1825113600
2855,25,3,80.40887317172572,0.0048684778505259,b'ACCESS-CM2',7,0.0001734778438906,283.42151225473145,107.17595324071397,b'ssp245',3.755413079634068,278.99164351205974,290.5527615844396,270.0801247973214,b'2027-11-09/2027-11-15',1825718400
2855,25,3,75.31119762966594,0.0048931640982409,b'ACCESS-CM2',7,0.000312210777503,285.5921939205455,90.6550054930459,b'ssp245',6.63339013031243,278.2064021050599,291.3546058220592,267.7611621281211,b'2027-11-16/2027-11-22',1826323200
2855,25,3,78.02850658629905,0.0055965637639265,b'ACCESS-CM2',7,0.0002981171642213,288.8219715866185,83.31157820048462,b'ssp245',5.780677665016823,279.97862649490054,292.1467874556268,262.2577518507932,b'2027-11-23/2027-11-29',1826928000
2855,25,3,74.37686143541107,0.0042617589979017,b'ACCESS-CM2',7,9.257683144907914e-05,269.153246672942,85.94274969737226,b'ssp245',6.109331291004032,276.8426744926512,291.17305189785696,267.46325956515176,b'2027-11-30/2027-12-06',1827532800
2855,25,3,73.61792937369943,0.0029680494606874,b'ACCESS-CM2',7,6.90444130992971e-05,253.13891449742565,80.60869050478223,b'ssp245',6.5104190069162415,273.2154850405344,278.7848623494576,266.35336146574355,b'2027-12-07/2027-12-13',1828137600
2855,25,3,75.36759427206364,0.0035591526927791,b'ACCESS-CM2',7,0.0005221973972781,255.3244710861444,74.95345511235242,b'ssp245',5.879887557518929,273.87347112013947,288.2033734963407,260.8607227632131,b'2027-12-14/2027-12-20',1828742400
2855,25,3,76.96268274295188,0.0023365000959695,b'ACCESS-CM2',7,0.0004582887677236,237.70659861439717,83.30966419717667,b'ssp245',6.534269192308314,268.3994838602852,282.19481448730903,256.97615689464595,b'2027-12-21/2027-12-27',1829347200
2855,25,3,76.47008863727974,0.0024302850782835,b'ACCESS-CM2',7,0.0001484639004528,246.8571016412809,82.601250781784,b'ssp245',6.541731794936715,269.51743085376063,278.18907784424925,254.45074675162843,b'2027-12-28/2028-01-03',1829952000
2855,25,3,79.1081387909601,0.0015548185573756,b'ACCESS-CM2',7,0.0002948062205688,217.60747271596975,93.79985044417586,b'ssp245',5.847408182591157,264.83055483957986,271.84244957073594,255.3928185164013,b'2028-01-04/2028-01-10',1830556800
2855,25,3,80.28654179885042,0.0012380191587271,b'ACCESS-CM2',7,3.5602652016854965e-05,206.48366020577757,104.72017560391012,b'ssp245',6.143445332783515,262.1184133858754,274.6224915488087,250.5063000328388,b'2028-01-11/2028-01-17',1831161600
2855,25,3,82.23128600298381,0.0016105691850283,b'ACCESS-CM2',7,0.0007768114930629,233.8591030966098,88.95254917171849,b'ssp245',9.489100632044186,263.42997904743186,275.5658795943428,252.50565957721545,b'2028-01-18/2028-01-24',1831766400
2855,25,3,79.91582724521629,0.0015472341272671,b'ACCESS-CM2',7,0.0004541443557797,218.53322722715225,111.72217256519188,b'ssp245',6.456438459478081,264.2155071735566,276.10749068428186,253.3789074492002,b'2028-01-25/2028-01-31',1832371200
2855,25,3,73.29292708468415,0.0012766103483269,b'ACCESS-CM2',7,5.496310800280008e-05,205.84568389644463,140.63490681458106,b'ssp245',8.723539015018856,262.43416323029834,277.28125898710965,253.9885518143816,b'2028-02-01/2028-02-07',1832976000
2855,25,3,77.32138747962186,0.0033279211037252,b'ACCESS-CM2',7,0.0002780797051743,262.3186306049476,124.93680788917162,b'ssp245',5.3503602468239775,273.77203699166824,283.0473277463284,267.1131118733062,b'2028-02-08/2028-02-14',1833580800
2855,25,3,83.24020343799715,0.0043199718443974,b'ACCESS-CM2',7,0.0005008226164152,277.6021153608404,113.81898823835444,b'ssp245',6.445465230129505,275.4577857103789,288.2296730048395,259.6252692824779,b'2028-02-15/2028-02-21',1834185600
2855,25,3,73.66386095116654,0.0020299381512328,b'ACCESS-CM2',7,0.0004173422479537,221.12322262576785,165.55036291520446,b'ssp245',5.763217225691967,268.11323613722965,277.6115131326484,256.2889935942308,b'2028-02-22/2028-02-28',1834790400
2855,25,3,76.53951309899203,0.0025528753362018,b'ACCESS-CM2',7,5.362127856374252e-05,234.02426862648983,174.25216227812157,b'ssp245',6.496991351183375,269.6126393884178,279.4801200721968,253.40159298173995,b'2028-02-29/2028-03-06',1835395200
2855,25,3,80.75587368959118,0.0031013731015258,b'ACCESS-CM2',7,0.0003470906201829,245.92318868347863,168.6375601701174,b'ssp245',5.950899619135583,272.6504789798671,280.2743961158483,261.1431134093852,b'2028-03-07/2028-03-13',1836000000
2855,25,3,72.2631405101682,0.0028528812963084,b'ACCESS-CM2',7,0.0004343521485004,233.3997644691994,193.3147525617516,b'ssp245',5.285822565378042,271.6670482289423,287.2656984682436,258.5515488759827,b'2028-03-14/2028-03-20',1836604800
2855,25,3,76.79171831202608,0.004095473939046,b'ACCESS-CM2',7,0.0005339768959574,259.36686940869447,201.41745561242084,b'ssp245',6.87022859229628,275.6569549367572,289.6220191741916,262.50339282689697,b'2028-03-21/2028-03-27',1837209600
2855,25,3,79.30279066159902,0.0048662294802667,b'ACCESS-CM2',7,0.0001808003993889,267.26179997464703,211.38098052572872,b'ssp245',5.552254458153104,279.3527459393071,292.0899342275893,270.1741264639616,b'2028-03-28/2028-04-03',1837814400
2855,25,3,84.4759798156998,0.0055305071133693,b'ACCESS-CM2',7,0.0001407806831288,274.87422965071033,217.3084385884563,b'ssp245',3.9423587663448423,280.8572098036276,288.28298498083046,270.02540644892935,b'2028-04-04/2028-04-10',1838419200
2855,25,3,91.31793345511537,0.0068335845907949,b'ACCESS-CM2',7,0.0002853300734361,307.30795950501295,190.92809434773332,b'ssp245',3.328519290563352,284.06694815460054,289.6738383802295,276.6051832300752,b'2028-04-11/2028-04-17',1839024000
2855,25,3,79.51638778684553,0.0057500107558187,b'ACCESS-CM2',7,0.0001319289944183,282.3740501231509,230.74251429486048,b'ssp245',3.3728309924378825,282.4797354774608,290.2633416125014,273.2809135347416,b'2028-04-18/2028-04-24',1839628800
2855,25,3,77.454842377792,0.0066572103635195,b'ACCESS-CM2',7,1.516586140221836e-05,271.57693736644563,280.40050271969943,b'ssp245',3.496748715835257,284.06039374362945,299.75546653354706,272.6570394596972,b'2028-04-25/2028-05-01',1840233600
2855,25,3,85.82307884520537,0.0083642394737068,b'ACCESS-CM2',7,0.000640643787036,314.1321672121314,209.64789760391207,b'ssp245',4.496574775559438,287.0625560453806,300.3798454581022,277.57579540883296,b'2028-05-02/2028-05-08',1840838400
2855,25,3,93.39679641713784,0.0117008871139143,b'ACCESS-CM2',7,0.0003312096476053,347.063615472813,236.9506662988804,b'ssp245',3.120510383273173,291.7122490627256,298.6912956479011,284.3137520201699,b'2028-05-09/2028-05-15',1841443200
2855,25,3,76.14325981863792,0.0082655823821385,b'ACCESS-CM2',7,2.8145650692898884e-05,297.8031361681182,301.370311922651,b'ssp245',3.69975170295059,288.2662729580089,297.8523919881736,274.5854123605729,b'2028-05-16/2028-05-22',1842048000
2855,25,3,82.90569613391867,0.0091948863886275,b'ACCESS-CM2',7,0.0004430134362584,314.8370630074999,277.99513352143407,b'ssp245',3.361109909449474,288.6085663767288,298.04877238286537,274.24785348673385,b'2028-05-23/2028-05-29',1842652800
2855,25,3,93.82147607275373,0.0120992275548153,b'ACCESS-CM2',7,0.00050799136336,352.06064502038186,232.9060514230761,b'ssp245',3.460379319400814,292.3679090601534,297.62505295778465,283.8277826352278,b'2028-05-30/2028-06-05',1843257600
2855,25,3,91.3900968064522,0.0121962389784818,b'ACCESS-CM2',7,0.0008419047730385,348.73181837207187,251.16304741146976,b'ssp245',2.9839966105774822,292.5687527481179,300.81945012341555,283.459077526668,b'2028-06-06/2028-06-12',1843862400
2855,25,3,77.688837430203,0.0131403118819536,b'ACCESS-CM2',7,9.058284795208592e-05,349.8593468375014,316.89108633173555,b'ssp245',3.7215567490780392,295.926619205433,305.59348209591303,283.23036137333617,b'2028-06-13/2028-06-19',1844467200
2855,25,3,85.63728639014629,0.0116067305528148,b'ACCESS-CM2',7,3.166137224115945e-05,340.5634748257272,301.59994371753606,b'ssp245',2.87854819395324,292.12455246398974,301.84980367300415,282.5359060671702,b'2028-06-20/2028-06-26',1845072000
2855,25,3,83.5807079443671,0.0119659463335479,b'ACCESS-CM2',7,0.0003957653725204,343.5657488716727,286.2877466386634,b'ssp245',3.7067432435255134,292.82903656939226,301.57045428130465,283.5314901708588,b'2028-06-27/2028-07-03',1845676800
2855,25,3,77.51602566776036,0.0135856289385302,b'ACCESS-CM2',7,4.752322980868003e-07,353.5144448215721,326.158462085298,b'ssp245',2.242710175676059,295.6865442827111,306.4061218371989,284.0070654396119,b'2028-07-04/2028-07-10',1846281600
2855,25,3,67.20833292966165,0.0113238923202111,b'ACCESS-CM2',7,0.0001057174945973,339.44000999105094,315.5718363290418,b'ssp245',3.3044311625524583,293.79631035194683,305.6214576176727,278.3917220338788,b'2028-07-11/2028-07-17',1846886400
2855,25,3,79.38258429456025,0.0108575476133989,b'ACCESS-CM2',7,0.0002645401672217,338.84778790209947,266.6757150399698,b'ssp245',2.623915983332497,291.0674626922312,299.8950116468531,280.72678185715364,b'2028-07-18/2028-07-24',1847491200
2855,25,3,76.00063920424112,0.0160741777264916,b'ACCESS-CM2',7,0.0001302250852652,376.9517039339501,271.9208991857694,b'ssp245',4.078097034168329,299.6271864393478,311.6135118548247,288.74693007499326,b'2028-07-25/2028-07-31',1848096000
2855,25,3,74.70110863047978,0.0123524914021752,b'ACCESS-CM2',7,0.0001194117372902,350.5013194038016,272.81128698238973,b'ssp245',3.5453722839094555,294.1106144098608,303.8112699789514,280.95986538743153,b'2028-08-01/2028-08-07',1848700800
2855,25,3,81.05857701436337,0.0133273786766501,b'ACCESS-CM2',7,0.0003576458823032,359.15963804978736,238.62100709252303,b'ssp245',2.556168225522594,295.0489752820298,303.5396960361001,283.12472751965475,b'2028-08-08/2028-08-14',1849305600
2855,25,3,72.23169059817414,0.0125480687606524,b'ACCESS-CM2',7,0.0001440595145181,353.6179405189757,249.999625048094,b'ssp245',2.9739471956258714,294.9748910826888,305.171555599223,282.1664581988023,b'2028-08-15/2028-08-21',1849910400
2855,25,3,75.05426154368645,0.012635787227248,b'ACCESS-CM2',7,0.0002496518340167,362.7903430174205,219.49041675189056,b'ssp245',4.024600903346994,295.46449116150444,308.7486995431681,281.1172920096104,b'2028-08-22/2028-08-28',1850515200
2855,25,3,82.02769582061431,0.0123182140399625,b'ACCESS-CM2',7,0.0001314948318754,354.90851039593565,212.50517837498813,b'ssp245',3.033834479996305,293.95562174274374,305.6532235770152,282.2960884624918,b'2028-08-29/2028-09-04',1851120000
2855,25,3,74.10443286696376,0.0133779110194188,b'ACCESS-CM2',7,0.0002671295780334,357.9787596159711,224.38338565666425,b'ssp245',3.5741288563192604,296.39895438089536,310.6472633313572,279.2260658105644,b'2028-09-05/2028-09-11',1851724800
2855,25,3,76.47267825453646,0.0120410960385663,b'ACCESS-CM2',7,0.0003798287001652,353.84987319904934,183.2971852108469,b'ssp245',4.177429053810799,294.0257420595853,306.9326734258553,280.19495819836123,b'2028-09-12/2028-09-18',1852329600
2855,25,3,75.14995603011275,0.0087120653861326,b'ACCESS-CM2',7,0.0002467301883782,316.8947164269936,191.6709969934455,b'ssp245',4.782325424276054,289.02816634228003,300.2862452616428,276.6403148895787,b'2028-09-19/2028-09-25',1852934400
2855,25,3,78.2337430785865,0.0076805222512097,b'ACCESS-CM2',7,0.0001078920649368,307.4796316924903,184.70687932078332,b'ssp245',3.366685666150624,286.86948284799473,297.74993684212143,274.209562417076,b'2028-09-26/2028-10-02',1853539200
2855,25,3,80.08206988137864,0.007322767136299,b'ACCESS-CM2',7,0.0001603537066146,311.78574596311,165.17039326702118,b'ssp245',3.780639855303846,285.9171455079069,296.1375497544037,272.3059783080944,b'2028-10-03/2028-10-09',1854144000
2855,25,3,81.92532514138195,0.0097090445374998,b'ACCESS-CM2',7,0.0001585440859643,340.0895830765588,142.48242491336768,b'ssp245',4.880702002492469,290.3065945473559,297.599078363627,275.9454774658423,b'2028-10-10/2028-10-16',1854748800
2855,25,3,80.72667395473218,0.0075302801337364,b'ACCESS-CM2',7,0.0002272028367363,305.0328740420103,153.1514673916074,b'ssp245',3.653572056951607,286.07707669421427,297.0840386009044,273.05703997245854,b'2028-10-17/2028-10-23',1855353600
2855,25,3,72.57791143553473,0.0048328303275991,b'ACCESS-CM2',7,2.7277081586203813e-05,274.45630461146004,136.97448720032358,b'ssp245',5.569565401244645,281.09212285660976,291.0130154024725,273.0327096334317,b'2028-10-24/2028-10-30',1855958400
2855,25,3,81.27918383117981,0.0078456436409119,b'ACCESS-CM2',7,0.0001712129383791,312.52817707010075,127.55053368505776,b'ssp245',4.434886010743245,285.49458210002774,296.12652080642715,274.14290257068825,b'2028-10-31/2028-11-06',1856563200
2855,25,3,84.26827263324425,0.0085500264850394,b'ACCESS-CM2',7,0.0005482457186605,328.3546680150639,91.80011389113685,b'ssp245',4.980862333907175,285.7666238530526,296.44702829362683,267.97548338520494,b'2028-11-07/2028-11-13',1857168000
2855,25,3,84.13189682398692,0.0064702288956502,b'ACCESS-CM2',7,0.0006238182522151,315.28912706777555,74.33385670645066,b'ssp245',5.177473597133338,282.31367389296446,292.11097285848746,267.843469304444,b'2028-11-14/2028-11-20',1857772800
2855,25,3,73.15475370678105,0.0034767129134704,b'ACCESS-CM2',7,1.0476506674085006e-05,257.62152437709005,98.68938363636826,b'ssp245',5.481464632958315,275.19336037925626,286.8411112357176,267.1657137849251,b'2028-11-21/2028-11-27',1858377600
2855,25,3,84.33535222530918,0.0046739955441726,b'ACCESS-CM2',7,0.0006378038426215,278.8278303649721,80.33520670118047,b'ssp245',4.197697079140134,277.8786339114321,286.33207960395845,268.6614176432292,b'2028-11-28/2028-12-04',1858982400
2855,25,3,81.26893813521772,0.0036426947102025,b'ACCESS-CM2',7,0.0002351013947348,270.95802257900647,78.20701238327231,b'ssp245',6.487436132717784,275.4271334280028,282.01477229972085,270.6070696685157,b'2028-12-05/2028-12-11',1859587200
2855,25,3,79.15984606573636,0.0023924516443964,b'ACCESS-CM2',7,0.000197716677678,241.82448593141612,82.66820667457357,b'ssp245',6.274346990852389,269.576957034117,275.6784323370984,258.859157379619,b'2028-12-12/2028-12-18',1860192000
2855,25,3,80.18880612989565,0.0029743708160879,b'ACCESS-CM2',7,0.0004563583825225,258.8210361159252,74.95249435015225,b'ssp245',6.516821647708777,272.029302884785,278.3759311031627,259.44661400440907,b'2028-12-19/2028-12-25',1860796800
2855,25,3,75.44768792562351,0.0022983210235422,b'ACCESS-CM2',7,0.0003758529397533,244.53323701569795,83.00218672782532,b'ssp245',6.477660410449433,269.5511429004322,277.5765524212045,258.6076706470189,b'2028-12-26/2029-01-01',1861401600
2855,25,3,81.86671682080386,0.0020465411033904,b'ACCESS-CM2',7,0.0001915444209805,238.49760476197403,88.56968896117328,b'ssp245',5.861282193071534,267.70137747581083,277.5988435133578,261.24986657174514,b'2029-01-02/2029-01-08',1862006400
2855,25,3,79.93148632199704,0.0029131170823418,b'ACCESS-CM2',7,0.0004624166514489,258.1337865046,84.32537868035531,b'ssp245',4.862607907965838,271.91440127307885,282.0921564420926,262.4342863915089,b'2029-01-09/2029-01-15',1862611200
2855,25,3,76.75931949888694,0.0019056395091257,b'ACCESS-CM2',7,0.0002712023259777,230.88626300665555,97.78227133411852,b'ssp245',7.116267457779399,265.3205518930523,279.8432984666557,245.8288947762728,b'2029-01-16/2029-01-22',1863216000
2855,25,3,79.20685609784768,0.003806163778527,b'ACCESS-CM2',7,0.0001127027809045,273.7746411662114,95.5964125937101,b'ssp245',5.615684555521133,275.20687242784345,285.647156175236,252.4185533394335,b'2029-01-23/2029-01-29',1863820800
2855,25,3,66.54623970005154,0.0026850280539682,b'ACCESS-CM2',7,2.361705553739398e-06,238.50382706930995,128.67878859802155,b'ssp245',6.474368148164481,272.1931802038532,284.5621146018589,252.1884628750767,b'2029-01-30/2029-02-05',1864425600
2855,25,3,74.06593493182115,0.002179717707005,b'ACCESS-CM2',7,0.0002469714347876,228.2461477494544,134.2755956390101,b'ssp245',5.257641741623031,268.2539539147629,282.60506336518847,253.3286687752741,b'2029-02-06/2029-02-12',1865030400
2855,25,3,73.9343024748712,0.0027723292529484,b'ACCESS-CM2',7,0.0002444090248354,246.95779984676383,129.08743471920235,b'ssp245',6.991430395417773,271.1463104141713,282.5540893334145,260.3458157119819,b'2029-02-13/2029-02-19',1865635200
2855,25,3,73.26911808023269,0.0018451050532594,b'ACCESS-CM2',7,0.00022681276808,215.3573386044268,156.41073489856805,b'ssp245',6.837970478794069,267.29054404591136,275.6866051485221,256.16046131551,b'2029-02-20/2029-02-26',1866240000
2855,25,3,72.17681250951877,0.0024414090968345,b'ACCESS-CM2',7,0.0003952490099969,234.4463137317617,154.5519259771942,b'ssp245',8.02593376002999,268.9774828044533,287.36200477717256,256.13248088667814,b'2029-02-27/2029-03-05',1866844800
2855,25,3,76.6779006463756,0.0030127316941085,b'ACCESS-CM2',7,0.0002161744208274,252.94757150179157,152.43736894553146,b'ssp245',5.094444791645153,272.69099293353247,279.16680301711057,258.541910752156,b'2029-03-06/2029-03-12',1867449600
2855,25,3,82.56032801702078,0.003267356832008,b'ACCESS-CM2',7,0.0003320283283883,252.28230047182876,169.4507278509333,b'ssp245',5.893962625411729,272.765291023722,282.1924255150551,256.0098952764633,b'2029-03-13/2029-03-19',1868054400
2855,25,3,81.82308503319668,0.0035421085592275,b'ACCESS-CM2',7,0.0001639102490295,253.7766789854657,190.2026955543879,b'ssp245',5.36147926976441,274.24040388165633,283.9795853667358,259.91692359876066,b'2029-03-20/2029-03-26',1868659200
2855,25,3,77.12985718722557,0.0033876177171607,b'ACCESS-CM2',7,0.0003426508604117,247.083442238042,192.96848283925968,b'ssp245',5.96321714692061,274.09280882670595,284.10554519556825,255.6215117195219,b'2029-03-27/2029-04-02',1869264000
2855,25,3,85.87561158522249,0.0046376333158709,b'ACCESS-CM2',7,0.0005286743513952,277.2931715329857,178.2293171741713,b'ssp245',5.490486080345915,276.6606057905846,291.027848378968,260.82199860308333,b'2029-04-03/2029-04-09',1869868800
2855,25,3,75.87593630757358,0.0039547023565984,b'ACCESS-CM2',7,0.000214727520337,248.371051336907,235.5790760819566,b'ssp245',5.252988102513291,276.498148927136,289.0084255807767,261.4571328649891,b'2029-04-10/2029-04-16',1870473600
2855,25,3,76.95453041540388,0.0044656356541586,b'ACCESS-CM2',7,0.0001078859486855,263.26189553653023,234.4949536492769,b'ssp245',4.698774843588845,278.60077715184644,288.62499046153386,267.9998902800714,b'2029-04-17/2029-04-23',1871078400
2855,25,3,86.05382479949371,0.0077937228719567,b'ACCESS-CM2',7,0.0012481273152614,304.4004197129897,219.3565242362185,b'ssp245',4.241703676183633,285.54842921075,295.70945264201174,272.7418781890455,b'2029-04-24/2029-04-30',1871683200
2855,25,3,81.6355326375987,0.0091393089584971,b'ACCESS-CM2',7,0.0003019659231418,304.9799998331752,270.2925641193653,b'ssp245',4.982983336662197,287.9164544574552,301.28181640845537,272.59374288750206,b'2029-05-01/2029-05-07',1872288000
2855,25,3,78.0472840631465,0.008117943663587,b'ACCESS-CM2',7,4.57862659010766e-05,287.6811824675021,301.12460820809343,b'ssp245',3.5715257101542623,287.2668282448176,298.39468494060344,273.3834786764005,b'2029-05-08/2029-05-14',1872892800
2855,25,3,83.52254385756805,0.0100977818039578,b'ACCESS-CM2',7,0.000371778320161,316.7275104274102,277.3163040757779,b'ssp245',3.94671966756047,290.338900079849,300.46993097789453,276.8840206046307,b'2029-05-15/2029-05-21',1873497600
2855,25,3,79.08972656706838,0.0086630574404228,b'ACCESS-CM2',7,0.0001611194600652,307.9829363732479,265.26316834874484,b'ssp245',3.421349205329565,288.1354314666484,299.32059002525654,277.299746078312,b'2029-05-22/2029-05-28',1874102400
2855,25,3,78.21772118909448,0.0110461961245794,b'ACCESS-CM2',7,0.0003252675142305,331.0311263504451,304.71710215908337,b'ssp245',4.772566773750225,292.5879155226808,302.92952468444764,279.83230648712737,b'2029-05-29/2029-06-04',1874707200
2855,25,3,75.34502255130481,0.0115568085760141,b'ACCESS-CM2',7,8.192841870555091e-05,333.7985249262253,324.95804011607913,b'ssp245',3.754773638297364,293.42988033690966,306.0377539382286,277.9452563443481,b'2029-06-05/2029-06-11',1875312000
2855,25,3,74.2019212496082,0.0113866045092255,b'ACCESS-CM2',7,0.0003358961468078,333.13489469753904,323.33937227330614,b'ssp245',3.7982516145687706,293.46011440756087,307.29255462618914,277.2863369797842,b'2029-06-12/2029-06-18',1875916800
2855,25,3,78.34573342203555,0.0143176924800486,b'ACCESS-CM2',7,7.775298072637332e-05,359.5142079864199,327.38548024200065,b'ssp245',3.1397544878623544,297.27149032964934,310.902465572202,284.9821311171892,b'2029-06-19/2029-06-25',1876521600
2855,25,3,71.8050944871911,0.0124537442242472,b'ACCESS-CM2',7,8.44060748967909e-05,352.9865348836593,286.153189365349,b'ssp245',3.6166770145929705,295.3676303494805,308.0489564532079,281.7186538434394,b'2029-06-26/2029-07-02',1877126400
2855,25,3,82.89771834021614,0.0171596027289586,b'ACCESS-CM2',7,0.0005513070613064,379.3062626189732,289.2240867560594,b'ssp245',3.239015666049962,300.0685908974393,309.373471612422,283.9325374062253,b'2029-07-03/2029-07-09',1877731200
2855,25,3,72.66724399936354,0.0159657740088606,b'ACCESS-CM2',7,3.93366403473375e-05,375.9398512397832,314.2255345983403,b'ssp245',3.5746451163541137,299.8580403866376,314.4756420104484,288.113153693691,b'2029-07-10/2029-07-16',1878336000
2855,25,3,79.20448471681733,0.0185404603264611,b'ACCESS-CM2',7,0.0005349030132787,392.64088671708015,246.83556588183123,b'ssp245',4.149946939439093,302.6578985950934,313.8431481393264,294.6618347443647,b'2029-07-17/2029-07-23',1878940800
2855,25,3,68.19361418092583,0.0137412205361553,b'ACCESS-CM2',7,0.0002051011842371,359.37942632876263,300.8885861292302,b'ssp245',2.2670254261359224,297.13616965413627,308.5224203300993,283.7451492213082,b'2029-07-24/2029-07-30',1879545600
2855,25,3,79.65732167640613,0.0147124922679656,b'ACCESS-CM2',7,0.0002235316397948,366.0057991550635,255.68847359108264,b'ssp245',3.0911040209019345,297.046834660401,305.5711096235514,287.8492777341104,b'2029-07-31/2029-08-06',1880150400
2855,25,3,77.29433138162214,0.0166345609776008,b'ACCESS-CM2',7,0.0002259057096634,385.5370921057291,241.74311443057607,b'ssp245',3.425942711344625,300.0690043359929,312.08849306459774,289.2639700485546,b'2029-08-07/2029-08-13',1880755200
2855,25,3,75.0731611582891,0.0140857790153416,b'ACCESS-CM2',7,0.000112126834998,368.3178218261151,240.3918451242007,b'ssp245',2.874385593567898,297.87912054255105,312.87328983020865,290.0348243334321,b'2029-08-14/2029-08-20',1881360000
2855,25,3,75.36964990899152,0.0122935237391344,b'ACCESS-CM2',7,0.0002741813515947,349.014067611074,245.92686795185324,b'ssp245',3.0427768124289813,294.4109882350305,305.4005384987932,281.8236743682337,b'2029-08-21/2029-08-27',1881964800
2855,25,3,76.32794820559317,0.0154531287302928,b'ACCESS-CM2',7,0.0001813022256974,374.4278211978839,230.05868751603657,b'ssp245',3.188543304979824,298.88602793584374,308.0233090615207,285.9818127639894,b'2029-08-28/2029-09-03',1882569600
2855,25,3,78.70766006215707,0.0137532774746227,b'ACCESS-CM2',7,0.0001986146005644,366.4917733801274,210.51883014123163,b'ssp245',3.4367764722856338,296.60505748536605,305.5405791712539,287.1388718519753,b'2029-09-04/2029-09-10',1883174400
2855,25,3,80.3432847019441,0.0114987150327636,b'ACCESS-CM2',7,0.0002492737892455,356.1271119432181,176.09015452007978,b'ssp245',3.7279083079592703,293.16652516104017,303.7677762549312,283.97867797189934,b'2029-09-11/2029-09-17',1883779200
2855,25,3,79.64149534663841,0.0085118219584148,b'ACCESS-CM2',7,0.0003509552399722,316.4568075489453,191.653556143396,b'ssp245',2.937085018294567,288.1918480715946,297.36746474957835,273.785506030516,b'2029-09-18/2029-09-24',1884384000
2855,25,3,77.69845115158508,0.0086942731011848,b'ACCESS-CM2',7,6.694237097103118e-06,319.2949737103804,186.52258338096263,b'ssp245',2.927691272788393,289.0286686082919,301.4409631799768,276.20384592609344,b'2029-09-25/2029-10-01',1884988800
2855,25,3,83.56973048126578,0.0106275153416307,b'ACCESS-CM2',7,3.25824929419352e-05,342.14652763284977,169.48458969031532,b'ssp245',3.4252286322702354,291.2129694453392,302.3455703583728,280.1802900498691,b'2029-10-02/2029-10-08',1885593600
2855,25,3,71.21754935935691,0.006630458887789,b'ACCESS-CM2',7,5.12056970273742e-05,296.5054276038453,168.6717446475263,b'ssp245',4.924254235767181,285.78702964492265,297.85875943811925,274.2587953479632,b'2029-10-09/2029-10-15',1886198400
2855,25,3,68.88312758099788,0.0056785600946042,b'ACCESS-CM2',7,2.9625131990836204e-05,279.41352128065665,168.18745816976949,b'ssp245',4.7268880604928425,283.67009040496777,295.9935626380596,269.7471178669917,b'2029-10-16/2029-10-22',1886803200
2855,25,3,76.25306516955753,0.0062652128971961,b'ACCESS-CM2',7,0.0002837003365674,300.7924183722326,137.34145305700986,b'ssp245',5.161838445129325,283.7187125274544,293.6166299408152,272.4185668063142,b'2029-10-23/2029-10-29',1887408000
2855,25,3,76.93681497410168,0.0068483946392794,b'ACCESS-CM2',7,0.0003257708187334,302.29301672194725,124.80648705352888,b'ssp245',5.5134886334459,284.5465895785318,295.671434521352,275.233230935418,b'2029-10-30/2029-11-05',1888012800
2855,25,3,84.83294805334003,0.0066674680528751,b'ACCESS-CM2',7,9.803674069451052e-05,303.139442033284,109.5342312038814,b'ssp245',3.370147256547212,283.19821913686314,292.0431604841968,274.2094466322267,b'2029-11-06/2029-11-12',1888617600
2855,25,3,74.68441962925044,0.0034438452282357,b'ACCESS-CM2',7,0.0002798005201226,256.3530266191101,101.9088019591206,b'ssp245',5.041926623436846,273.0458242485547,291.47225127870576,262.9969254435993,b'2029-11-13/2029-11-19',1889222400
2855,25,3,80.02226461818377,0.0036380372555755,b'ACCESS-CM2',7,3.148479998685205e-05,263.0547601786224,93.60967549318988,b'ssp245',5.931821297300847,274.42383066123955,281.5714828642834,262.16574747280265,b'2029-11-20/2029-11-26',1889827200
2855,25,3,74.7758199367112,0.0027865817777752,b'ACCESS-CM2',7,0.000104128879451,253.21110566764784,88.49528725831212,b'ssp245',5.684184564499873,272.104697319658,278.7442833711784,265.7494853087772,b'2029-11-27/2029-12-03',1890432000
2855,25,3,79.6662638466471,0.0033826272824283,b'ACCESS-CM2',7,0.0001057422478951,259.5701478196815,85.6729900396044,b'ssp245',4.435703400812359,273.66490457091487,281.5673929298903,267.85961169731326,b'2029-12-04/2029-12-10',1891036800
2855,25,3,83.47659709860022,0.0033886989222612,b'ACCESS-CM2',7,0.0004941506439466,266.29690137846666,72.28447058905722,b'ssp245',5.585691992706415,273.2326335092254,280.17117224110063,267.0993215945139,b'2029-12-11/2029-12-17',1891641600
2855,25,3,79.9206639603809,0.0030679545379215,b'ACCESS-CM2',7,0.0004293154219412,259.52286299054333,74.00850114614398,b'ssp245',6.295272491780969,273.18306872872074,279.0074915829928,267.9161311893066,b'2029-12-18/2029-12-24',1892246400
2855,25,3,78.54513095034092,0.0022423433042779,b'ACCESS-CM2',7,9.970557095210909e-05,240.6862812404064,82.85884014931567,b'ssp245',5.4525250305220565,268.9228987704247,277.2778281993228,260.8077943107515,b'2029-12-25/2029-12-31',1892851200

